# https://github.com/mikedh/trimesh
v 0.43287158 0.32914826 -0.28350613
v 0.43616843 0.32632482 -0.27927145
v 0.43395591 0.32717335 -0.28172061
v -0.43838423 0.38853079 -0.30948055
v -0.43874934 0.39710504 -0.31409609
v -0.43871289 0.39156708 -0.31223693
v -0.00546551 0.01807265 -0.26192302
v 0.05708019 0.01794135 -0.26180443
v 0.04716173 -0.01089297 -0.25038004
v -0.00137245 -0.00956633 -0.25078934
v -0.05371770 0.01646864 -0.26104605
v -0.03978944 -0.01484746 -0.24849114
v -0.07147709 -0.00813136 -0.25135255
v -0.10125416 -0.00525244 -0.25238869
v -0.11645534 0.01723896 -0.26097026
v 0.08837978 0.01870579 -0.26189145
v 0.08055361 -0.01176680 -0.24979892
v -0.10352257 0.03293689 -0.26666853
v 0.09150949 0.03037327 -0.26602617
v -0.00356011 0.03215317 -0.26671088
v -0.00432369 0.04753317 -0.27246818
v -0.09545735 0.06613249 -0.27892390
v -0.14896509 0.05128786 -0.27309573
v -0.15228570 0.01796280 -0.26057607
v -0.18239348 0.03204379 -0.26573920
v -0.20202044 0.06104556 -0.27679417
v -0.14290012 0.07042809 -0.28032559
v -0.20520303 0.08055776 -0.28432012
v -0.24341156 0.05952777 -0.27565587
v -0.25050220 0.09176069 -0.28829712
v -0.12187179 0.09131574 -0.28865582
v -0.04067180 0.07350671 -0.28162953
v -0.04458644 0.09284263 -0.28929612
v 0.02024135 0.07949951 -0.28398308
v -0.20341517 0.10288549 -0.29351681
v -0.17917506 0.01818128 -0.26061451
v -0.20337741 0.01850452 -0.26099154
v -0.20365292 0.04111836 -0.26947182
v 0.04467180 0.06029932 -0.27694094
v 0.09201989 0.04913740 -0.27294603
v 0.14344463 0.06182095 -0.27748832
v 0.14744908 0.04778064 -0.27267188
v 0.13291186 0.02922281 -0.26596528
v 0.09026171 0.07458969 -0.28204030
v 0.13706495 0.07999340 -0.28397354
v 0.19978948 0.08183380 -0.28394476
v 0.20080170 0.06325790 -0.27741134
v 0.18765806 0.04747738 -0.27212861
v -0.19737968 -0.01195413 -0.24872385
v -0.20264032 -0.00157202 -0.25296864
v -0.15019725 -0.01067345 -0.24948934
v 0.05603171 0.09142588 -0.28868061
v 0.13324806 0.01950703 -0.26261428
v 0.17949843 0.03072042 -0.26610658
v 0.20200947 0.04327253 -0.27075577
v 0.20241886 0.01989275 -0.26217341
v 0.16970009 0.01877007 -0.26199821
v 0.20952514 0.00601551 -0.25642303
v 0.16819662 -0.01231587 -0.24954648
v 0.11530520 -0.01305444 -0.24934050
v -0.14770611 -0.02283503 -0.24452411
v -0.08727537 -0.02349853 -0.24485189
v 0.18978408 0.09884799 -0.29082459
v 0.12890211 0.10213049 -0.29310620
v -0.25455454 0.03961609 -0.26805028
v -0.25178492 0.01723750 -0.25965005
v -0.28254601 0.06392890 -0.27641422
v -0.28398359 0.04552362 -0.26940742
v -0.28224987 0.02967213 -0.26332569
v -0.28235844 -0.00005259 -0.25184539
v -0.24376708 -0.00670143 -0.25017780
v -0.22319856 -0.02339481 -0.24347556
v -0.27556914 -0.02938874 -0.23957999
v -0.29179743 -0.02873347 -0.23926213
v -0.16897039 -0.03797997 -0.23749655
v -0.14191763 -0.03369283 -0.23963152
v 0.22371949 0.09650823 -0.28901294
v 0.23833767 0.07987987 -0.28198361
v 0.24644682 0.05394937 -0.27306369
v 0.25162682 0.03787177 -0.26735014
v 0.22193526 0.02503878 -0.26355141
v 0.26606199 0.07254513 -0.27939948
v 0.26389307 0.08469346 -0.28390580
v 0.25578657 0.09769008 -0.28922263
v 0.27189037 0.10169192 -0.29054219
v 0.27359858 0.03957528 -0.26705733
v 0.30060586 0.04755954 -0.26936439
v 0.29774073 0.09553525 -0.28692067
v 0.29858768 0.08111825 -0.28147176
v 0.31649324 0.05216427 -0.27103174
v 0.32580689 0.10516614 -0.29066291
v 0.32174021 0.07928304 -0.28140596
v 0.31964105 0.06778011 -0.27717039
v 0.31461567 0.03917595 -0.26579884
v 0.31416285 0.02333155 -0.25924799
v 0.25033677 0.00725914 -0.25575325
v 0.23985378 -0.01210271 -0.24830078
v 0.29348600 0.00842132 -0.25431603
v 0.31314480 -0.00187657 -0.24936616
v 0.22810464 -0.02292051 -0.24388853
v 0.08626051 -0.02555853 -0.24384737
v 0.04070993 -0.02945827 -0.24225892
v -0.07134415 -0.03470701 -0.23966129
v 0.16318411 -0.02970642 -0.24174374
v 0.30544281 0.11996883 -0.29674730
v 0.32747316 0.12311741 -0.29769549
v 0.31747401 0.15631247 -0.31087166
v 0.32937282 0.14602502 -0.30665803
v 0.32989481 0.16012870 -0.31233105
v 0.29048038 0.13496073 -0.30354270
v 0.29893243 0.15530972 -0.31144190
v 0.16241942 0.11884303 -0.29987714
v 0.21376996 0.11858054 -0.29893720
v 0.25336444 0.11880997 -0.29848048
v 0.26399547 0.14553310 -0.30964166
v 0.23011677 0.13458142 -0.30576000
v 0.16911539 0.15256216 -0.31442738
v 0.20294173 0.17591389 -0.32487637
v 0.24107748 0.17323959 -0.32347199
v 0.21336661 0.16204594 -0.31855899
v 0.23679316 0.14976391 -0.31257015
v 0.17151448 0.17513520 -0.32449895
v 0.14533417 0.17419906 -0.32446167
v 0.15044430 0.14132062 -0.30970150
v 0.07257886 0.11304450 -0.29785612
v 0.08688100 0.14449421 -0.31118199
v 0.02374391 0.13721560 -0.30824336
v 0.03427177 0.15678927 -0.31657863
v -0.04529630 0.14929606 -0.31312746
v -0.06230939 0.12385454 -0.30254978
v -0.08063842 0.15037024 -0.31367502
v -0.12137474 0.11290971 -0.29798710
v -0.14378756 0.15102372 -0.31367457
v -0.15541917 0.12470493 -0.30294555
v -0.18616891 0.15151644 -0.31384861
v -0.21633609 0.12226613 -0.30202129
v -0.22320177 0.15300053 -0.31434476
v 0.00653167 0.11060511 -0.29710540
v 0.02000544 0.10158059 -0.29315883
v 0.28335705 0.17029187 -0.32070374
v 0.23451675 0.18387444 -0.32801613
v 0.17664976 0.19429657 -0.33242357
v 0.14992517 0.20765029 -0.33826464
v 0.11290693 0.19748989 -0.33410659
v 0.08955675 0.17419676 -0.32441068
v 0.22991434 0.21061990 -0.33881307
v 0.22711799 0.22757854 -0.34618509
v 0.09073238 0.20151560 -0.33610833
v 0.02749728 0.24370392 -0.35509703
v 0.07571071 0.26320687 -0.36415610
v 0.08304654 0.23397286 -0.35074836
v 0.04352356 0.22441405 -0.34638193
v 0.00110972 0.22351789 -0.34548655
v -0.03171320 0.22474524 -0.34577683
v 0.00257596 0.26600346 -0.36543503
v -0.03602951 0.26138747 -0.36296126
v -0.08185822 0.23873007 -0.35226822
v -0.11122131 0.25511605 -0.35993275
v -0.16366987 0.24892521 -0.35694438
v -0.16163243 0.27184594 -0.36772346
v -0.20616545 0.25922170 -0.36114618
v -0.20634390 0.28225410 -0.37190717
v -0.22823952 0.26812559 -0.36508954
v -0.22916190 0.28293025 -0.37193659
v -0.22858788 0.31581876 -0.38754597
v -0.16550495 0.31624418 -0.38932565
v -0.16537949 0.29569772 -0.37939784
v -0.09819774 0.27389631 -0.36919516
v -0.00751700 0.28732556 -0.37596276
v 0.05926534 0.29297221 -0.37879920
v 0.11815841 0.28097272 -0.37270188
v 0.14003146 0.25765389 -0.36140433
v 0.11361858 0.30450901 -0.38435355
v 0.01842051 0.31579599 -0.39014506
v 0.12212315 0.31616515 -0.38989004
v 0.15313102 0.29442367 -0.37885007
v 0.16682673 0.31814361 -0.38993919
v 0.19930378 0.31515157 -0.38764957
v 0.19642407 0.28553236 -0.37335798
v 0.15100726 0.26588258 -0.36512163
v 0.21388987 0.26169708 -0.36137438
v 0.22707610 0.29224715 -0.37539428
v 0.24117447 0.26967680 -0.36398411
v 0.22543666 0.31049669 -0.38427776
v -0.02809967 0.31037360 -0.38738859
v -0.06909842 0.29984546 -0.38223082
v -0.10911152 0.31406951 -0.38895690
v -0.10118727 0.29490882 -0.37966621
v -0.16145676 0.20947935 -0.33886120
v -0.20038266 0.21215513 -0.33994725
v -0.22938973 0.23410635 -0.34997028
v -0.22994342 0.20643692 -0.33763576
v -0.06946604 0.21194090 -0.34002921
v -0.11777447 0.20543797 -0.33703467
v 0.04105411 0.20022804 -0.33557582
v 0.00536247 0.20445073 -0.33699790
v -0.02416412 0.19104022 -0.33112177
v -0.07313310 0.19324595 -0.33207396
v -0.15318468 0.18304263 -0.32769555
v -0.19329932 0.18227722 -0.32716644
v -0.23125333 0.18608636 -0.32896411
v -0.16574141 0.16758345 -0.32097051
v -0.06981639 0.17238852 -0.32335794
v 0.00134499 0.17169504 -0.32309005
v 0.05059501 0.17838122 -0.32606703
v 0.15446369 0.23007239 -0.34836358
v 0.11184818 0.21650194 -0.34244296
v 0.19313553 0.23269071 -0.34893835
v 0.25556430 0.21555926 -0.34028342
v 0.28076035 0.18578115 -0.32758912
v 0.28614053 0.18213336 -0.32581252
v 0.06625903 0.33333442 -0.39785573
v 0.11819753 0.33083898 -0.39657122
v 0.15270658 0.33197701 -0.39654207
v 0.19905438 0.33080414 -0.39478010
v -0.21746092 0.34935179 -0.40318033
v -0.23047987 0.33650184 -0.39688101
v -0.23240416 0.35789952 -0.40638009
v -0.15447509 0.32979846 -0.39571935
v -0.07119041 0.33154634 -0.39709732
v 0.02171846 0.33444655 -0.39873052
v 0.33040482 0.17607976 -0.31948435
v -0.24729455 0.11599695 -0.29875025
v -0.27074176 0.07924344 -0.28264055
v 0.24328244 0.25681072 -0.35816434
v 0.26715475 0.23106024 -0.34619483
v 0.27584216 0.21117803 -0.33759215
v -0.24480918 0.14284237 -0.30972323
v -0.28235421 0.12423831 -0.30082047
v -0.28260022 0.15042299 -0.31139737
v -0.28321180 0.09975430 -0.29051599
v -0.25917238 0.15341921 -0.31369099
v -0.27090693 0.18402439 -0.32698998
v -0.28309506 0.18212804 -0.32562357
v 0.28708512 -0.01453737 -0.24511984
v 0.09406343 -0.03374390 -0.23994417
v -0.24619125 -0.03924571 -0.23573309
v -0.29264790 -0.05490514 -0.22748350
v -0.25403738 -0.05666342 -0.22721803
v -0.26634625 0.21458295 -0.33966300
v -0.28378439 0.19569455 -0.33119851
v -0.31483525 -0.05040025 -0.22849883
v 0.23618209 -0.03445345 -0.23831923
v 0.28106120 -0.03201531 -0.23754932
v 0.31316730 -0.02298251 -0.23983704
v -0.24376370 0.23344420 -0.34877238
v -0.20205335 0.36474705 -0.41033465
v -0.16096933 0.34838140 -0.40427357
v -0.10004762 0.34699154 -0.40436327
v -0.03657660 0.38149038 -0.42053294
v 0.00649082 0.38334617 -0.42146835
v 0.02523952 0.37024942 -0.41559079
v 0.07930833 0.35338458 -0.40739504
v 0.01060168 0.34992033 -0.40623626
v 0.12919213 0.34935421 -0.40529394
v 0.15684238 0.35527906 -0.40748954
v 0.19928810 0.35437411 -0.40604499
v 0.07523695 0.38175848 -0.42017782
v 0.11421647 0.38271308 -0.42020643
v 0.14798315 0.38095129 -0.41902453
v 0.18618999 0.36959860 -0.41328815
v -0.01641692 0.41810524 -0.43575701
v -0.02946314 0.40074408 -0.42845613
v 0.02356414 0.41007262 -0.43254858
v -0.09618711 0.37983587 -0.41923144
v -0.16571172 0.37522823 -0.41600570
v -0.11337949 0.39427707 -0.42490864
v -0.05452292 0.41915232 -0.43537357
v -0.10006036 0.41679940 -0.43395478
v -0.13813648 0.41838521 -0.43374953
v -0.17604414 0.38721913 -0.42064798
v 0.18865182 0.38822263 -0.42104146
v 0.20663005 0.37141901 -0.41328463
v 0.06454625 0.41623491 -0.43427223
v 0.13748156 0.41702026 -0.43353489
v 0.17114171 0.41571534 -0.43213233
v 0.15382239 0.43540695 -0.43994901
v 0.07240435 0.42971471 -0.43922716
v 0.09188244 0.44444856 -0.44446912
v 0.03150208 0.44316524 -0.44526201
v 0.02594620 0.42383814 -0.43791074
v 0.14533433 0.44448471 -0.44372427
v 0.10361496 0.45975897 -0.45084038
v 0.03521330 0.45894945 -0.45184484
v 0.11027265 0.47132456 -0.45552608
v 0.14162970 0.46831086 -0.45415989
v -0.02384106 0.46311906 -0.45350066
v -0.00470880 0.43892068 -0.44360268
v -0.03709006 0.44150507 -0.44425333
v -0.07150841 0.44423449 -0.44432291
v -0.06700961 0.46598157 -0.45360926
v -0.11887149 0.44362503 -0.44340125
v -0.14629219 0.44478101 -0.44305870
v -0.16808732 0.41928068 -0.43298513
v -0.08501313 0.47231820 -0.45579079
v -0.12609313 0.47164136 -0.45475909
v 0.22541255 0.35315421 -0.40438956
v 0.02950813 0.47229862 -0.45711491
v 0.07881888 0.47322032 -0.45668066
v 0.16435538 0.46322837 -0.45108238
v 0.17054531 0.44545317 -0.44305021
v 0.15946366 0.47017533 -0.45443517
v 0.22954330 0.33003780 -0.39303076
v 0.28295034 0.15193102 -0.31164977
v 0.04620549 -0.04711389 -0.23345539
v -0.06175697 -0.04690887 -0.23361640
v -0.13540103 -0.04995448 -0.23152423
v -0.20896050 -0.05816409 -0.22687961
v -0.16700381 -0.05897999 -0.22668375
v -0.08104102 0.47423667 -0.45645788
v -0.03557491 0.47476155 -0.45781210
v -0.14467290 0.47027239 -0.45337862
v -0.17415830 0.44505778 -0.44162309
v -0.21467079 0.38796329 -0.41888297
v -0.19209866 0.40965495 -0.42789400
v 0.30852088 0.17737445 -0.32128873
v 0.29100809 0.16766782 -0.31835553
v 0.31991598 0.19396991 -0.32776129
v 0.29792282 0.19466165 -0.32954732
v 0.32973808 0.19898622 -0.32954618
v 0.29987055 0.21127950 -0.33595258
v 0.33093873 0.22200567 -0.33932650
v 0.30083552 0.24341491 -0.34913823
v 0.33002043 0.23437756 -0.34452677
v 0.26154441 0.26577479 -0.36062825
v 0.29040143 0.18486588 -0.32630575
v 0.33084658 0.26892784 -0.35826746
v 0.29215229 0.27135324 -0.36050320
v 0.30590975 0.28132075 -0.36409661
v 0.33102793 0.29663214 -0.37034020
v 0.29686773 0.31769785 -0.38043833
v 0.33131051 0.32510796 -0.38316363
v 0.33203787 0.34426549 -0.39166263
v 0.29701447 0.34682256 -0.39358610
v 0.29298928 0.35907301 -0.39900842
v 0.27873677 0.35614118 -0.39816046
v 0.31059381 0.36788970 -0.40252882
v 0.33335716 0.37474847 -0.40476337
v 0.29230061 0.28881580 -0.36803755
v 0.30633181 0.39735594 -0.41456679
v 0.33262333 0.39378813 -0.41262007
v 0.27949581 0.37775168 -0.40628201
v 0.33016384 0.41371262 -0.42129233
v 0.28338817 0.44630092 -0.43598694
v 0.33091098 0.45203346 -0.43755603
v 0.32938224 0.42748934 -0.42710540
v 0.27358466 0.40801510 -0.41972753
v 0.27771974 0.33953783 -0.39138207
v 0.27938512 0.31129658 -0.37877175
v 0.25812283 0.44146416 -0.43506351
v 0.27127624 0.39595869 -0.41462991
v 0.17403749 0.46886772 -0.45289361
v 0.28355566 0.46729055 -0.44396135
v 0.26097119 0.46728852 -0.44500357
v 0.30681637 0.46784300 -0.44359854
v 0.18723212 0.44594502 -0.44204357
v 0.28991026 -0.04536841 -0.23055808
v 0.23819675 -0.04465850 -0.23305200
v 0.16536176 -0.04830385 -0.23206010
v 0.13549015 -0.04744917 -0.23259860
v 0.10082541 -0.04967907 -0.23164167
v 0.26972818 0.37335157 -0.40516022
v 0.31445339 -0.04171185 -0.23078199
v 0.31525311 -0.05425856 -0.22448653
v -0.32105297 -0.01751484 -0.24220896
v -0.32487383 0.00601483 -0.25161040
v 0.24700974 0.30007592 -0.37755683
v 0.24542828 0.32590491 -0.38959089
v 0.24886166 0.41260079 -0.42366183
v 0.24095711 0.43749234 -0.43451247
v 0.22824760 0.45770386 -0.44343632
v 0.21531112 0.46843266 -0.44877329
v 0.25955257 0.29259098 -0.37266931
v 0.25321302 0.34405559 -0.39687219
v -0.28442520 0.22587720 -0.34312546
v -0.27805671 0.24704418 -0.35190251
v 0.22734113 0.36803928 -0.41027358
v 0.24010083 0.35642758 -0.40484998
v 0.22742870 0.42180288 -0.42950329
v -0.25367850 0.26875776 -0.36278823
v -0.32582593 -0.05738143 -0.22444004
v -0.29740539 -0.06067582 -0.22433564
v -0.32781628 -0.03892479 -0.23241538
v 0.20641665 0.39436093 -0.42198914
v 0.19231795 0.41938230 -0.43201882
v 0.22302619 0.40261036 -0.42306200
v -0.32799658 0.03137657 -0.26083449
v -0.30642903 0.07646070 -0.27934927
v -0.32904059 0.06576502 -0.27373585
v -0.32840586 0.05027732 -0.26806068
v -0.32868585 0.10116579 -0.28789562
v -0.30226475 0.10075581 -0.28941542
v -0.32899043 0.12729006 -0.29864818
v -0.30258015 0.15540074 -0.31176603
v -0.32831678 0.14470500 -0.30555156
v -0.32649279 0.16246907 -0.31290776
v -0.32567260 0.19877511 -0.32856283
v -0.31401661 0.19916095 -0.32977298
v -0.29835805 0.21282089 -0.33681744
v -0.32552895 0.23175126 -0.34306791
v -0.32340935 0.24404405 -0.34824401
v -0.31924644 0.27025038 -0.35867006
v -0.28181586 0.26896468 -0.36021787
v -0.31844532 0.28166923 -0.36334944
v -0.28143561 0.28403395 -0.36666900
v -0.29149652 0.31377971 -0.37936804
v -0.31868026 0.29825220 -0.37067977
v -0.31720659 0.32481197 -0.38292012
v -0.28087246 0.33885050 -0.39081118
v -0.31769171 0.34479046 -0.39164320
v -0.28956157 0.35344759 -0.39616200
v -0.27645889 0.35937834 -0.39921331
v -0.31829557 0.35975009 -0.39710268
v -0.27060619 0.30813262 -0.37861228
v 0.33212581 0.47020435 -0.44363514
v -0.22794679 0.38641018 -0.41725090
v -0.11642320 -0.05902997 -0.22652085
v -0.22603792 0.42478946 -0.43044958
v -0.22667673 0.41176409 -0.42607039
v 0.26762617 0.35650146 -0.39950678
v -0.26611435 0.33760950 -0.39183843
v -0.24714831 0.32268497 -0.38806462
v -0.24073131 0.34703782 -0.40005225
v -0.30193642 0.38984868 -0.40796348
v -0.27769175 0.38789567 -0.40888456
v -0.29511371 0.40967116 -0.41698620
v -0.26770046 0.41317171 -0.42028525
v -0.27839509 0.41328683 -0.41955817
v -0.29065982 0.43139303 -0.42709562
v -0.26804987 0.43190166 -0.42784953
v -0.25727883 0.45212606 -0.43618894
v -0.29844761 0.44344530 -0.43203488
v -0.31204015 0.43761960 -0.42913949
v -0.28407469 0.45637548 -0.43732896
v -0.31080824 0.45635560 -0.43761608
v -0.31935513 0.44816065 -0.43424863
v -0.27899233 0.47189364 -0.44374496
v -0.31400639 0.47152203 -0.44326794
v -0.33270487 0.46434402 -0.44105226
v -0.25954771 0.47305316 -0.44487989
v -0.33077255 0.45510530 -0.43778488
v -0.32921478 0.44618604 -0.43299282
v -0.25456896 0.42738000 -0.42731866
v -0.24273194 0.47509819 -0.44711530
v -0.22695486 0.46324798 -0.44365892
v -0.22629409 0.44513467 -0.43714458
v -0.21454160 0.47476429 -0.44926789
v -0.18351564 0.47055951 -0.44982713
v -0.16620129 0.47500685 -0.45307592
v -0.17471755 0.45674613 -0.44559988
v -0.31835720 0.40767998 -0.41386682
v -0.31593892 0.39255995 -0.40777469
v -0.32060924 0.42156711 -0.42010215
v -0.26660487 0.35577342 -0.39909139
v -0.25256845 0.35768980 -0.40226176
v -0.27031639 0.38570410 -0.40888628
v 0.25106591 0.39427692 -0.41623488
v 0.24301493 0.38017270 -0.41242442
v 0.24186806 0.36042318 -0.40585735
v 0.27745897 -0.05809783 -0.22402205
v 0.23529421 -0.05640946 -0.22661898
v 0.19900841 -0.05625729 -0.22710225
v -0.07189397 -0.05934966 -0.22657697
v -0.00559348 -0.05885345 -0.22677469
v 0.04049685 -0.05884463 -0.22670802
v 0.08140486 -0.05486573 -0.22868811
v 0.13550206 -0.05731036 -0.22673793
v 0.31989452 -0.05677852 -0.22315045
v -0.35047591 -0.05345122 -0.22320408
v -0.34264150 -0.02445659 -0.23628813
v -0.33067930 0.40479246 -0.41106933
v -0.35043788 0.42685193 -0.41897964
v -0.37296182 0.41629428 -0.41146734
v -0.37540826 0.40022767 -0.40460008
v -0.36063346 0.38872069 -0.40177512
v -0.33155200 0.37785184 -0.40134308
v -0.37618327 0.37820780 -0.39565951
v -0.36231649 0.43232322 -0.41996223
v -0.39178357 0.42104825 -0.41107792
v -0.39194176 0.40824789 -0.40563953
v 0.03493833 0.47510844 -0.45786121
v 0.35084683 0.41831449 -0.42063290
v 0.36520997 0.38552794 -0.40465283
v -0.18386409 0.47645417 -0.45160183
v 0.32417899 -0.05578526 -0.22269747
v 0.34831640 0.37769312 -0.40403444
v -0.35297018 0.36655399 -0.39475453
v -0.33870417 -0.05620376 -0.22350325
v -0.39316002 0.44378790 -0.42059007
v 0.36290818 0.42794818 -0.42284420
v 0.33953965 0.45334676 -0.43668151
v -0.39093506 0.38891301 -0.39761743
v 0.34541214 0.47210237 -0.44271383
v 0.36631051 0.46345004 -0.43685332
v 0.37415648 0.47395188 -0.43998107
v -0.33798602 0.47470731 -0.44385943
v -0.34207827 0.12679306 -0.29639536
v 0.34306490 -0.05109034 -0.22234172
v -0.33705804 0.31481633 -0.37546676
v -0.36131254 0.35425809 -0.38897008
v 0.34812737 0.16263460 -0.31071657
v 0.33748522 0.17595977 -0.31826645
v 0.36227393 0.17262821 -0.31339747
v 0.36508578 0.18260865 -0.31694686
v 0.34894121 0.20040926 -0.32733604
v 0.35036218 0.21966650 -0.33511904
v 0.35668191 0.35128257 -0.39109221
v 0.35831168 0.47845826 -0.44330189
v 0.37831527 0.48671916 -0.44434252
v 0.40227318 0.48713273 -0.44227001
v 0.38802031 0.47444019 -0.43873739
v 0.39389068 0.46315292 -0.43295410
v 0.40168643 0.47104934 -0.43516892
v 0.38135323 0.45675159 -0.43184033
v 0.39311472 0.44678274 -0.42595604
v 0.37509522 0.44271961 -0.42699406
v 0.39276442 0.43317685 -0.42041862
v 0.38240412 0.44683269 -0.42787468
v -0.11786244 0.47438213 -0.45514843
v -0.14477991 0.47523430 -0.45467243
v -0.34487787 0.09901151 -0.28459457
v -0.34682465 0.06557176 -0.27097386
v -0.33815050 0.00997935 -0.25119308
v -0.34110475 0.04025850 -0.26220557
v -0.35188201 0.01679884 -0.25154161
v -0.35568178 0.04376108 -0.26094270
v -0.36137328 0.07013315 -0.27023590
v -0.36308601 0.10577295 -0.28404537
v -0.36684835 0.13539648 -0.29550079
v -0.36807510 0.15961254 -0.30487117
v -0.35853404 -0.02739568 -0.23234566
v -0.35081622 0.17494640 -0.31403992
v -0.37041864 0.18209101 -0.31359529
v -0.37345409 0.21392986 -0.32691380
v -0.35619652 0.22536199 -0.33499518
v -0.36409876 0.44035554 -0.42346373
v -0.39571482 0.45034394 -0.42284670
v -0.36778370 0.46208182 -0.43236738
v -0.39661670 0.46781433 -0.43063691
v -0.37196890 0.46923718 -0.43504107
v -0.24612647 0.40727201 -0.42129263
v -0.37399170 0.36027363 -0.38912174
v 0.34835693 0.31047627 -0.37390652
v 0.38773993 0.41051036 -0.41126737
v 0.33401549 -0.03409583 -0.23085271
v -0.40285814 0.47611356 -0.43396512
v -0.39058504 0.36915466 -0.38949260
v -0.37569270 0.27549532 -0.35142016
v -0.37082124 0.25049222 -0.34263307
v -0.38036770 0.23138638 -0.33278793
v -0.37852162 0.30292305 -0.36262774
v -0.37790182 0.32931501 -0.37494445
v -0.39227569 0.34238118 -0.37746459
v -0.26006684 0.38064384 -0.40870303
v 0.37867188 0.35993868 -0.39091551
v 0.38707641 0.39865685 -0.40626651
v 0.38296971 0.38363889 -0.40035897
v -0.33629602 0.43854430 -0.42730972
v 0.35637861 0.25035635 -0.34651238
v 0.35205340 0.27866319 -0.35869589
v 0.37145287 0.21797645 -0.33052298
v 0.36747649 0.20949651 -0.32786798
v 0.36853555 0.24632362 -0.34263739
v 0.34967801 0.29556721 -0.36663914
v -0.25313962 -0.06145253 -0.22427043
v -0.18336663 -0.06169688 -0.22479503
v 0.36614552 0.33001640 -0.37928113
v -0.34538111 0.45049116 -0.43193886
v -0.35774359 0.46967459 -0.43780833
v 0.36504152 0.16413951 -0.30871031
v 0.36141348 0.14384450 -0.29999563
v -0.35233012 0.48025966 -0.44361329
v -0.38177189 0.47703710 -0.43799022
v 0.23995249 -0.06091763 -0.22363463
v 0.25603950 -0.06075968 -0.22346334
v 0.33169153 0.47405282 -0.44434226
v 0.37679863 0.34479851 -0.38423967
v 0.37719971 0.32518378 -0.37496328
v 0.36390594 0.13636942 -0.29653382
v 0.35380572 0.09976987 -0.28323331
v 0.40185231 0.45895335 -0.42958304
v -0.30688876 0.47552016 -0.44423530
v -0.27641284 0.47545090 -0.44462755
v 0.36155438 -0.04647721 -0.22083001
v 0.35358903 -0.02714554 -0.23012730
v 0.33998823 -0.00699303 -0.24123754
v 0.37121055 0.27729887 -0.35416257
v 0.37860864 0.29285297 -0.35933459
v 0.37405893 0.30077770 -0.36388269
v -0.34071875 0.46938580 -0.44107646
v -0.34400001 0.48253319 -0.44553018
v 0.38137585 0.10812636 -0.28065389
v 0.35496283 0.09183835 -0.27982175
v 0.34727898 0.05176186 -0.26483706
v 0.35126784 0.01204549 -0.24676783
v 0.36158359 0.06100377 -0.26582256
v 0.35952759 -0.01161944 -0.23506707
v 0.38050354 0.09373180 -0.27477941
v 0.37932932 0.07151186 -0.26602316
v -0.38937846 0.26490709 -0.34453210
v -0.39138901 0.28188214 -0.35092932
v -0.39342207 0.31568474 -0.36531809
v 0.41351724 0.48227522 -0.43779323
v 0.41219461 0.48829740 -0.44092345
v -0.36257845 -0.05004314 -0.22210349
v -0.25792524 0.47835156 -0.44617105
v -0.32403070 0.48087618 -0.44510093
v 0.18809617 -0.06125639 -0.22374521
v -0.39051005 0.20939657 -0.32130668
v -0.39159796 0.22947255 -0.32933903
v -0.39114574 0.24941388 -0.33765024
v 0.36757067 0.03601263 -0.25368086
v 0.38072810 0.03236132 -0.24932811
v 0.37976921 0.04831642 -0.25599816
v -0.38133603 0.10560652 -0.27993241
v -0.37583974 0.06726851 -0.26591539
v -0.37157342 0.02514772 -0.25011900
v -0.37321022 0.04756871 -0.25842997
v -0.19439341 0.48366064 -0.45241827
v -0.22481960 0.47938856 -0.44934136
v -0.25388572 0.47939590 -0.44667131
v -0.18980606 0.48575574 -0.45330557
v -0.17132922 0.48245281 -0.45311207
v 0.37807620 0.00637258 -0.23813932
v 0.38372159 -0.00218149 -0.23323700
v 0.37802055 -0.02355777 -0.22596365
v 0.37605265 -0.04568397 -0.21809366
v -0.39233455 0.18947290 -0.31192365
v -0.38437074 0.15310493 -0.29850778
v -0.39591321 0.11751188 -0.28119135
v -0.39677072 0.16034448 -0.29846263
v -0.39835027 0.18043552 -0.30618873
v -0.39194050 0.08977964 -0.27100599
v -0.38892224 0.06705271 -0.26256707
v -0.38799948 0.04119087 -0.25196359
v -0.38036296 0.48358679 -0.44201365
v -0.40802476 0.48360932 -0.43830201
v -0.39686754 0.48695135 -0.44155365
v -0.35560146 0.48536932 -0.44467333
v -0.41308397 0.48657596 -0.43867546
v 0.38745013 0.15045318 -0.29671288
v 0.29162082 -0.06001042 -0.22370040
v 0.38719144 0.16075614 -0.30124214
v 0.37727886 0.17578144 -0.31105477
v -0.36022076 -0.05230128 -0.22273894
v 0.40288201 0.44258219 -0.42164832
v -0.36990422 0.00645389 -0.24300614
v -0.37444174 -0.04768338 -0.22005616
v -0.37315527 -0.01605152 -0.23320773
v -0.38429934 -0.02810553 -0.22532076
v -0.38150525 -0.04616595 -0.21878217
v -0.42594883 0.47034892 -0.42447662
v -0.42654443 0.46617770 -0.42253250
v -0.11332478 -0.06137855 -0.22477712
v -0.13476418 -0.06379442 -0.22433206
v -0.20560697 -0.06381324 -0.22437011
v -0.41326612 0.44975629 -0.41810229
v -0.40152779 0.41347539 -0.40513110
v 0.35935178 0.48568115 -0.44453067
v 0.34622407 0.48295289 -0.44430709
v 0.38857877 -0.04459778 -0.21545878
v 0.39211887 -0.03540593 -0.21797810
v 0.39096612 0.28024018 -0.35050142
v 0.39101252 0.26234576 -0.34323561
v 0.42561427 0.48736224 -0.43705830
v 0.38719004 0.11468913 -0.28180209
v 0.39188835 0.14300872 -0.29209128
v 0.38378555 0.18086800 -0.31130093
v 0.38000542 0.21559851 -0.32747874
v 0.39270675 0.30165589 -0.35933563
v 0.38980600 0.31449851 -0.36602527
v -0.42687085 0.47745460 -0.42811897
v 0.41987920 0.47753918 -0.43322143
v -0.07468142 -0.06389522 -0.22452627
v 0.39394695 -0.02901792 -0.21943527
v 0.12894721 -0.06130875 -0.22374217
v -0.01621513 -0.06148524 -0.22479750
v 0.39145195 0.24079062 -0.33387154
v 0.38894764 0.22277600 -0.32740521
v -0.41509110 0.42693377 -0.40731564
v -0.42638576 0.45574796 -0.41715884
v 0.39250508 0.29416090 -0.35596386
v 0.17706524 0.47157848 -0.45303556
v 0.20528999 0.47075501 -0.44974402
v 0.23604256 0.47069144 -0.44666439
v -0.38735375 0.02169473 -0.24410519
v -0.38647184 -0.00231253 -0.23447441
v 0.40244198 0.15864868 -0.29592645
v 0.40626025 0.16503747 -0.29761922
v 0.40547955 0.17424972 -0.30215311
v 0.39116046 0.00778689 -0.23496726
v 0.38612196 0.01953707 -0.24183683
v -0.41567796 0.47854561 -0.43203580
v 0.40523809 0.19525352 -0.31079274
v 0.39212152 0.19436759 -0.31459758
v -0.29278305 0.47815859 -0.44398722
v 0.05778714 -0.06139919 -0.22448556
v 0.07859656 -0.06396542 -0.22363026
v 0.03968257 -0.06357919 -0.22433679
v 0.12406588 -0.06360855 -0.22344720
v -0.01465923 -0.06382111 -0.22437935
v 0.17956328 -0.06360480 -0.22365932
v 0.39239058 -0.04229272 -0.21519972
v -0.41365924 0.40397251 -0.39676484
v -0.41082609 0.38982987 -0.39104548
v -0.40199640 0.37949592 -0.38982427
v 0.38913250 0.33178034 -0.37412804
v 0.39274383 0.34537837 -0.37897682
v 0.40782571 0.20248495 -0.31277993
v 0.41781887 0.45348135 -0.42180020
v 0.42842081 0.46327987 -0.42251951
v 0.41250211 0.41908020 -0.40679571
v 0.39771852 0.40177765 -0.40396902
v 0.39901593 0.37311080 -0.38995090
v 0.40287223 0.13687302 -0.28542450
v 0.40071166 0.12477735 -0.28115559
v 0.39195409 -0.00601657 -0.22876385
v 0.39820027 0.04992443 -0.25027806
v 0.39884624 0.06159277 -0.25456828
v 0.39488307 -0.04453844 -0.21325807
v -0.21917664 0.48254061 -0.45012620
v 0.39996785 0.34174421 -0.37471059
v 0.42488509 0.42949757 -0.40694883
v -0.31956431 -0.05987018 -0.22473544
v 0.35484031 -0.04980363 -0.22124384
v 0.36644384 -0.04800054 -0.21982162
v 0.29406717 0.47028497 -0.44367662
v -0.42679092 0.48673928 -0.43384662
v 0.39949515 0.23062778 -0.32647130
v 0.41482556 0.38703856 -0.39046192
v 0.41335902 0.35379374 -0.37469214
v 0.41523904 0.37356445 -0.38335121
v -0.24168682 -0.06383103 -0.22418863
v 0.40192637 0.08907644 -0.26460356
v 0.40231404 0.10045166 -0.26924488
v -0.40242672 0.35197830 -0.37709978
v 0.34354550 -0.05292132 -0.22222069
v -0.41662249 0.41766208 -0.40215012
v 0.42153579 0.41395113 -0.40063000
v 0.41931713 0.39624134 -0.39282230
v -0.40307096 0.20051543 -0.31194618
v -0.39757964 0.21943244 -0.32230663
v 0.40397012 0.04401391 -0.24483004
v 0.40700239 0.32848614 -0.36506903
v -0.18329866 0.48629725 -0.45327654
v -0.41838199 0.17407167 -0.29503202
v 0.43377191 0.47506994 -0.42590562
v 0.43656456 0.48690224 -0.43215090
v -0.15757647 0.48107317 -0.45339680
v 0.39855370 0.01513148 -0.23442729
v 0.41630650 0.06675370 -0.24905440
v -0.41183326 0.36797491 -0.37979305
v 0.41393191 0.09468719 -0.26150677
v 0.42063618 0.10309128 -0.26185203
v 0.41506886 0.13664703 -0.27995437
v 0.42889336 0.15460564 -0.28155100
v 0.41950288 0.17457955 -0.29602477
v 0.23475496 -0.06343991 -0.22413434
v 0.43169522 0.45107973 -0.41410011
v -0.43456197 0.46951109 -0.42028072
v -0.44323564 0.48069012 -0.42241484
v 0.42068729 0.18927315 -0.30088973
v 0.42496976 0.17019945 -0.29105479
v -0.43825042 0.48660415 -0.42854881
v -0.41573024 0.19261537 -0.30262715
v 0.41192520 0.32298368 -0.36014602
v -0.15614852 0.48406199 -0.45276919
v -0.42826524 0.17451584 -0.29043654
v -0.41081196 0.15856844 -0.29134575
v -0.41450733 0.14672486 -0.28421819
v -0.40644863 0.33729637 -0.36834234
v -0.40847173 0.31704992 -0.35805935
v 0.41771394 0.05264667 -0.24186145
v 0.41360503 0.03260947 -0.23466724
v -0.42673740 0.15336242 -0.28092691
v -0.42858410 0.43093729 -0.40307546
v -0.42109820 0.39713311 -0.38943273
v 0.42752722 0.18255696 -0.29509225
v -0.27861857 -0.06338146 -0.22468486
v 0.42231819 0.37193254 -0.37892914
v 0.42206597 0.09014411 -0.25539652
v 0.41007611 0.25002024 -0.32806653
v 0.42244115 0.07731390 -0.25024843
v 0.42288139 0.33597896 -0.36025983
v -0.40048355 0.27216905 -0.34206611
v -0.42599592 0.18278310 -0.29415536
v 0.40407994 -0.00286478 -0.22360340
v 0.41098288 0.29797852 -0.34797949
v 0.40482733 0.28214023 -0.34406659
v 0.32854486 0.47810781 -0.44404456
v -0.40741020 0.29628026 -0.34893793
v 0.43926296 0.17569515 -0.28621614
v 0.43907896 0.16708221 -0.28178817
v 0.42563543 0.39210027 -0.38709998
v -0.41414824 0.20928709 -0.30932838
v -0.42587298 0.13622609 -0.27278554
v 0.40933174 0.01497386 -0.22846206
v 0.44229054 0.47640049 -0.42191699
v 0.30583680 0.47725406 -0.44294664
v -0.41182482 0.12076148 -0.27398318
v -0.39963612 0.06479543 -0.25561070
v -0.40780216 0.08610192 -0.26037538
v -0.42418313 0.11484677 -0.26357347
v -0.44202793 0.44695449 -0.40413800
v 0.40631062 0.26421434 -0.33561590
v -0.23191276 0.48158163 -0.44807941
v 0.41206104 0.21075772 -0.31328091
v 0.41221982 0.24073529 -0.32311136
v 0.11336002 0.47440979 -0.45516852
v 0.15306881 0.47392491 -0.45423517
v -0.41137922 0.24126196 -0.32343692
v 0.42567387 0.12115649 -0.26704019
v 0.42613101 0.14220373 -0.27652591
v 0.42541593 0.36093056 -0.37129784
v 0.43722630 0.46459833 -0.41811064
v 0.26213521 0.47052619 -0.44465101
v 0.28105453 0.47493091 -0.44290179
v 0.41475210 0.28395420 -0.33914128
v -0.39880309 0.04180783 -0.24598309
v -0.41205379 0.28210959 -0.33981854
v -0.40978304 0.26176867 -0.33251449
v -0.43959993 0.43070170 -0.39642271
v -0.43769285 0.42043039 -0.39178288
v -0.44522437 0.46378845 -0.41094941
v -0.44562748 0.47419965 -0.41632628
v -0.41720712 0.36142066 -0.37347031
v -0.41612998 0.33498430 -0.36151060
v -0.42558312 0.37952593 -0.37724856
v -0.42877051 0.39232939 -0.38208565
v -0.43325841 0.40569484 -0.38637245
v 0.42436454 0.28035474 -0.33126003
v -0.38994762 -0.01626597 -0.22679104
v -0.39661846 0.01289240 -0.23452729
v -0.41273156 0.06042657 -0.24581267
v 0.42652294 0.30109155 -0.34000558
v 0.43336222 0.33246219 -0.35154358
v 0.43262374 0.34456456 -0.35827857
v 0.42980802 0.19238178 -0.29665068
v 0.42277989 0.20699520 -0.30546707
v -0.42491803 0.31015915 -0.34451216
v -0.34940597 0.48752126 -0.44471902
v -0.39191294 -0.04188528 -0.21438505
v -0.39644229 -0.02753054 -0.21758567
v -0.42706683 0.19976518 -0.29827544
v 0.43886384 0.44021374 -0.40355256
v 0.43664795 0.41247547 -0.38993090
v 0.42083734 0.04505738 -0.23619001
v -0.42227814 0.25967726 -0.32372558
v -0.42421988 0.28246260 -0.33211955
v 0.42316970 0.23193927 -0.31346622
v 0.42215544 0.24890418 -0.31976342
v 0.42228967 0.26604879 -0.32670504
v 0.44477239 0.17250858 -0.28092307
v -0.41426221 0.04559324 -0.23764378
v -0.42053497 0.22749062 -0.31199825
v 0.42158592 0.06400473 -0.24416308
v -0.44878721 0.48647517 -0.42149398
v -0.41830122 0.07360704 -0.24794702
v -0.42329848 0.09493982 -0.25422773
v 0.43050575 0.37746838 -0.37618405
v -0.42787477 0.33426726 -0.35325000
v -0.42650399 0.21905762 -0.30453560
v -0.42886481 0.36094183 -0.36512417
v 0.19819668 0.47800019 -0.44932133
v 0.44808191 0.48631901 -0.42366597
v 0.43679467 0.35477442 -0.36008179
v -0.41112357 0.02550376 -0.23030424
v -0.40993303 0.01033358 -0.22384478
v 0.00774114 0.47958258 -0.45702159
v -0.19602881 0.48607662 -0.45169780
v 0.43345475 0.14738667 -0.27375308
v 0.42484882 0.10613930 -0.26016265
v 0.44920933 0.17734696 -0.27976778
v 0.43674561 0.37711489 -0.37077016
v 0.40789536 0.00145413 -0.22273456
v -0.14256693 0.48295000 -0.45269263
v -0.43985578 0.17402978 -0.28148454
v 0.43762374 0.18890208 -0.28978363
v -0.42524868 0.24571340 -0.31539467
v 0.15757589 0.48133236 -0.45239979
v 0.19394302 0.48190978 -0.44866660
v 0.42918074 0.21726216 -0.30375645
v 0.06921668 0.48064443 -0.45544136
v 0.03917343 0.47956789 -0.45676267
v -0.07746278 0.48098975 -0.45508954
v -0.43096760 0.37650859 -0.37116927
v 0.10830890 0.48237732 -0.45316163
v 0.30623430 0.48057023 -0.44176513
v -0.42994672 0.18337904 -0.29143366
v 0.44567844 0.46429402 -0.41097489
v 0.38806075 0.48952219 -0.44289669
v -0.39903679 -0.03805998 -0.21051657
v -0.40272817 -0.04046178 -0.20736843
v 0.43180302 0.31726417 -0.34452462
v 0.22360803 0.47988656 -0.44598565
v 0.43673459 0.32999608 -0.34734657
v 0.40461144 -0.02961438 -0.21020609
v 0.40439531 -0.04254452 -0.20561215
v 0.44358248 0.16037199 -0.27283424
v -0.43408772 0.14438131 -0.26945803
v -0.03048480 0.48488387 -0.45518625
v 0.43684807 0.14135438 -0.26706848
v -0.11077076 0.48295638 -0.45290172
v -0.40887651 -0.00448490 -0.21769930
v 0.41628265 0.03053870 -0.23088175
v -0.28875178 0.48158839 -0.44276133
v 0.43884352 0.35034323 -0.35523871
v 0.42575547 0.09153938 -0.25268677
v 0.44088244 0.42580315 -0.39350328
v 0.43919218 0.39990759 -0.38035747
v 0.02899004 0.48873258 -0.45399055
v 0.07315305 0.48800620 -0.45292592
v -0.02768235 0.48854384 -0.45397830
v 0.28358307 0.47933513 -0.44160187
v 0.26348957 0.47971097 -0.44197974
v 0.23392268 0.48011509 -0.44408950
v -0.44499609 0.16642378 -0.27200282
v 0.43509093 0.19971955 -0.29354098
v -0.44191527 0.40156475 -0.37460843
v 0.42660895 0.24629967 -0.31450361
v 0.42825750 0.23035157 -0.30831406
v 0.44668996 0.44602969 -0.39912084
v 0.45075446 0.47386038 -0.41140282
v 0.43303469 0.11179829 -0.25449538
v -0.42462394 0.05029364 -0.22958709
v -0.42773181 0.30497450 -0.33926454
v 0.44124374 0.37515745 -0.36520743
v -0.40706950 0.49097851 -0.43832001
v -0.35352999 0.48818877 -0.44380522
v -0.06824534 0.48544168 -0.45372993
v -0.43567166 0.11958129 -0.25438082
v 0.44834518 0.15337504 -0.26240063
v -0.44110858 0.13543040 -0.25756720
v -0.44416243 0.15245585 -0.26398978
v -0.42913547 0.22561936 -0.30400994
v -0.45691326 0.47544783 -0.40524885
v -0.42904925 0.27167863 -0.32174957
v 0.43635452 0.30840838 -0.33369675
v -0.39190665 -0.04337228 -0.21486479
v 0.41936728 0.01760642 -0.21841191
v 0.41206744 -0.00200657 -0.21624027
v 0.44381866 0.14037815 -0.25891522
v -0.41013467 -0.02280841 -0.20682028
v -0.40646973 -0.03707428 -0.20383187
v -0.45553130 0.48668250 -0.41430777
v -0.42649028 0.03080938 -0.21677667
v -0.43897262 0.18757084 -0.28400165
v -0.43564662 0.20200175 -0.28941464
v -0.43546936 0.21598893 -0.29304436
v -0.44022009 0.36744934 -0.35632670
v -0.44056031 0.37885779 -0.36217305
v -0.43399826 0.29601604 -0.32796070
v -0.44053289 0.33809593 -0.34127727
v -0.43271008 0.10114773 -0.24735641
v 0.44158849 0.19113006 -0.28641087
v 0.16423048 0.48474345 -0.45039797
v 0.43287483 0.21693759 -0.29992560
v 0.44825020 0.40736035 -0.37392962
v -0.28423730 -0.06873205 -0.22713517
v -0.32672545 -0.06435355 -0.22728637
v -0.32359657 -0.07263697 -0.22979185
v -0.34699062 -0.06854166 -0.22962967
v -0.28399748 -0.07268644 -0.22814803
v -0.24084486 -0.07015449 -0.22723053
v -0.16528523 -0.07165785 -0.22769745
v -0.23985519 -0.07730766 -0.22911042
v -0.16091637 -0.07695323 -0.22883005
v -0.06739022 -0.07718327 -0.22917548
v -0.11153805 -0.07022779 -0.22746626
v -0.07005532 -0.07032747 -0.22766210
v -0.04271312 -0.07028894 -0.22789545
v 0.03825103 -0.06973764 -0.22784409
v 0.04470765 -0.07674768 -0.22902672
v 0.08569068 -0.07480212 -0.22828013
v 0.08601153 -0.07164378 -0.22744417
v 0.12972279 -0.07118738 -0.22743492
v 0.11391843 -0.07529509 -0.22844030
v 0.16771299 -0.07485653 -0.22811069
v 0.18673854 -0.07215951 -0.22750582
v 0.19588988 -0.07693710 -0.22865094
v 0.23956949 -0.07350304 -0.22825345
v 0.25248480 -0.07664075 -0.22899608
v 0.27175021 -0.07286997 -0.22861312
v 0.27333081 -0.06627992 -0.22647613
v 0.30147466 -0.06547142 -0.22656249
v 0.30715117 -0.07211865 -0.22850417
v 0.32572311 -0.06769706 -0.22841367
v 0.23257232 -0.06811955 -0.22622754
v 0.18103185 -0.06749381 -0.22564267
v 0.13324507 -0.06725809 -0.22567345
v 0.08409883 -0.06723447 -0.22544764
v -0.35170448 -0.06050263 -0.22647510
v -0.35988846 -0.06722770 -0.22889236
v -0.36595264 -0.05900704 -0.22611256
v -0.37243232 -0.06371950 -0.22677118
v -0.37945393 -0.05548317 -0.22331943
v -0.38417143 -0.06061463 -0.22372770
v -0.39103246 -0.05068826 -0.21885723
v -0.39319786 -0.05887932 -0.22003704
v -0.36598784 -0.05415186 -0.22424537
v -0.38285187 -0.04877251 -0.22009698
v 0.40525505 0.49180970 -0.44019154
v -0.25959569 0.48040465 -0.44471684
v 0.33712989 -0.06101019 -0.22603481
v 0.35707268 -0.05533817 -0.22421132
v 0.34285879 -0.06655206 -0.22816201
v 0.35297808 -0.06172796 -0.22673161
v 0.36180243 -0.06259043 -0.22672164
v 0.37437782 -0.05654771 -0.22381169
v 0.43151402 0.26646870 -0.31681293
v 0.43548423 0.27961788 -0.31805605
v 0.11846419 0.48712978 -0.45089066
v 0.08781398 0.48807874 -0.45178732
v -0.42010432 0.01016602 -0.21194568
v -0.12562242 0.48472121 -0.45124221
v -0.44750437 0.17704175 -0.27418289
v -0.39346048 0.49125794 -0.43976325
v 0.37538734 0.49051195 -0.44251302
v 0.33377582 0.48432231 -0.44221035
v -0.39943331 -0.05644824 -0.21543264
v -0.39746347 -0.08204602 -0.21317293
v -0.39138740 -0.07432011 -0.21871893
v -0.39258686 -0.09362715 -0.21484080
v -0.40194225 -0.11342022 -0.20437358
v -0.39236686 -0.11004419 -0.21178143
v -0.39825159 -0.13168252 -0.20360509
v -0.40228605 -0.08818304 -0.20812260
v -0.40233174 -0.14079691 -0.19814554
v -0.39426899 -0.16017780 -0.19898228
v -0.40235525 -0.17078082 -0.19077267
v -0.40691179 -0.16056383 -0.18961577
v -0.40610084 -0.18302760 -0.18405612
v -0.40190560 -0.19955665 -0.18330906
v -0.40580812 -0.13122010 -0.19683252
v -0.40832102 -0.05216109 -0.20677726
v 0.38817668 -0.05049759 -0.21878943
v 0.38647258 -0.05599326 -0.22096953
v 0.39379022 -0.05096180 -0.21763067
v 0.39632407 -0.05550376 -0.21705090
v 0.39980575 -0.05102220 -0.21485220
v 0.40193179 -0.05590894 -0.21416049
v 0.39988098 -0.07040910 -0.21417627
v 0.40188473 -0.07208847 -0.21273278
v 0.39825332 -0.09523158 -0.21156077
v 0.40703019 -0.05046841 -0.20888479
v -0.32199919 0.48390019 -0.44343287
v -0.33308470 0.48681536 -0.44304153
v -0.07843283 0.48730081 -0.45201817
v -0.36160171 0.49059650 -0.44187146
v 0.35774723 0.48808116 -0.44280064
v -0.10481057 0.48622805 -0.45044515
v 0.38449442 -0.45966217 -0.08543763
v 0.38722882 -0.46518752 -0.08531110
v 0.38545686 -0.47370636 -0.07962966
v 0.38581413 -0.45390576 -0.08935954
v 0.39054471 -0.47428715 -0.08326789
v 0.38883373 -0.48201692 -0.07898892
v -0.04786168 -0.29993194 -0.08003661
v 0.00091214 -0.30061787 -0.08004714
v -0.01208588 -0.29993492 -0.07694536
v 0.02542231 -0.30038851 -0.08017460
v -0.05370462 -0.29875788 -0.07686587
v 0.04198226 -0.29929423 -0.07770225
v -0.08221678 -0.29968891 -0.08044540
v 0.07314298 -0.29994863 -0.08075275
v 0.07932029 -0.29910931 -0.07874327
v 0.09866136 -0.29810211 -0.07977779
v 0.09213652 -0.29903945 -0.08392592
v 0.11431322 -0.29704997 -0.08540808
v 0.11335246 -0.29724005 -0.08734535
v 0.02452604 -0.30013600 -0.08196718
v 0.00322136 -0.30014697 -0.08200324
v -0.04875997 -0.29924208 -0.08269307
v 0.05760484 -0.29912466 -0.08392341
v 0.14961629 -0.29619119 -0.08925068
v 0.08519930 -0.29877114 -0.08484675
v 0.14625420 -0.29557982 -0.09128086
v 0.17360549 -0.29512122 -0.09170496
v -0.09040978 -0.29887071 -0.08273694
v 0.18808007 -0.29404509 -0.09326091
v 0.20075919 -0.29348683 -0.09265263
v 0.03326369 -0.29867169 -0.08420684
v 0.21642673 -0.29298636 -0.09532133
v -0.05000721 -0.29823902 -0.08401615
v -0.08785284 -0.29814851 -0.08405286
v -0.11213485 -0.29711345 -0.08525788
v -0.11576750 -0.29738668 -0.08424345
v -0.12662736 -0.29613358 -0.08749242
v -0.14462365 -0.29641199 -0.08785178
v -0.10270087 -0.29399341 -0.08725762
v -0.14279900 -0.29527164 -0.08876471
v -0.17221524 -0.29433769 -0.09145050
v -0.17346099 -0.29461443 -0.08933195
v -0.18537304 -0.29441339 -0.09169938
v -0.20240343 -0.29215139 -0.09401496
v 0.21449882 -0.29210794 -0.09596720
v 0.24014893 -0.29099411 -0.09753586
v 0.24126904 -0.29128492 -0.09621260
v 0.26394889 -0.28982913 -0.09950022
v 0.11421132 -0.29435703 -0.08951207
v -0.22441351 -0.29208466 -0.09495041
v -0.20552543 -0.29343742 -0.09196276
v 0.07520782 -0.29517832 -0.08641107
v -0.22876692 -0.28652439 -0.09852683
v -0.24985209 -0.28636736 -0.09944221
v -0.25469342 -0.28924274 -0.09686580
v -0.27049071 -0.28760275 -0.09909648
v -0.28841296 -0.28566137 -0.10133903
v -0.27810529 -0.28337416 -0.10257573
v -0.29358351 -0.28391504 -0.10292538
v -0.30274284 -0.28297642 -0.10163737
v -0.30642143 -0.28262410 -0.10458671
v -0.31916970 -0.28339231 -0.10449371
v -0.32140082 -0.27919045 -0.10876352
v -0.33136815 -0.28348196 -0.10708934
v -0.32926953 -0.27654293 -0.11265438
v -0.29955474 -0.27876604 -0.10698516
v -0.34266242 -0.28414696 -0.11088558
v -0.34260193 -0.28561991 -0.10727018
v -0.33743846 -0.28396073 -0.10501162
v -0.33821523 -0.27274647 -0.11767677
v -0.32134676 -0.27346733 -0.11267171
v -0.31379223 -0.27158391 -0.11248077
v -0.08570538 -0.28524083 -0.09143031
v -0.10955494 -0.27955699 -0.09580725
v -0.08861952 -0.24542308 -0.11568727
v -0.05985794 -0.28796279 -0.08948480
v 0.05851224 -0.28126916 -0.09337741
v -0.00885351 -0.29032832 -0.08820409
v 0.05808161 -0.25496739 -0.10898419
v 0.01069779 -0.27139276 -0.09906777
v 0.00839903 -0.25215521 -0.11055540
v -0.02873504 -0.26322544 -0.10378917
v -0.04020432 -0.25404671 -0.10935095
v 0.05830579 -0.24050595 -0.11785138
v 0.00968264 -0.23720475 -0.11997614
v -0.04115412 -0.23986560 -0.11850702
v -0.11435255 -0.23843180 -0.12076224
v -0.09760147 -0.21788658 -0.13440442
v -0.14728913 -0.20713577 -0.14186993
v -0.07384937 -0.20175466 -0.14542295
v -0.03357799 -0.20104045 -0.14576045
v -0.00605409 -0.21941471 -0.13232899
v 0.00869612 -0.20309922 -0.14395665
v 0.09406681 -0.21403840 -0.13604279
v 0.06990618 -0.23120517 -0.12409877
v 0.13777305 -0.20793968 -0.14057098
v 0.09609716 -0.19928195 -0.14601196
v 0.04860740 -0.20029901 -0.14574464
v -0.14826240 -0.23167667 -0.12555404
v -0.18309513 -0.20544374 -0.14364903
v -0.17792250 -0.23150560 -0.12636963
v -0.14596562 -0.24823642 -0.11519589
v 0.09759127 -0.23861375 -0.11958425
v 0.07793700 -0.28020686 -0.09456648
v 0.08365766 -0.26215762 -0.10538679
v 0.10867859 -0.24685580 -0.11486350
v -0.14167249 -0.18123634 -0.15844789
v -0.04566642 -0.17153260 -0.16512226
v 0.02302761 -0.17830709 -0.16025823
v 0.09518444 -0.17588562 -0.16115937
v 0.13073534 -0.18233617 -0.15700266
v -0.00903490 -0.16605015 -0.16849282
v -0.07120125 -0.16836099 -0.16722926
v -0.18671836 -0.18094592 -0.15969694
v 0.17085923 -0.21104676 -0.13920267
v 0.17549063 -0.18180890 -0.15837859
v 0.17320587 -0.23427822 -0.12426053
v 0.21216674 -0.21958843 -0.13527760
v 0.19699015 -0.19223017 -0.15264936
v 0.23482446 -0.20393315 -0.14690426
v 0.23298280 -0.18435022 -0.16003038
v 0.25603187 -0.21137990 -0.14301306
v 0.14739734 -0.24962464 -0.11431255
v -0.23251188 -0.21342944 -0.14055167
v -0.23004046 -0.18333569 -0.16021162
v -0.20760532 -0.22879690 -0.12941362
v -0.17889251 -0.24778606 -0.11670262
v -0.21909258 -0.23504448 -0.12608649
v -0.25907287 -0.21467757 -0.14077361
v -0.24977435 -0.19364822 -0.15380627
v -0.27310377 -0.19620609 -0.15270378
v -0.27216047 -0.16739930 -0.17105988
v -0.28618735 -0.21971138 -0.13901909
v -0.27749762 -0.24409898 -0.12394880
v -0.28733867 -0.18215400 -0.16232228
v -0.30813804 -0.12750117 -0.19873062
v -0.22713155 -0.17000426 -0.16917577
v -0.25763792 -0.12283877 -0.20175721
v -0.22273286 -0.12465259 -0.20046563
v -0.27882448 -0.14637028 -0.18545692
v -0.28704500 -0.12053508 -0.20299605
v -0.22750588 -0.15377352 -0.18027470
v -0.31821117 -0.10960246 -0.21025263
v -0.29140696 -0.09252626 -0.22093350
v -0.33315641 -0.11957534 -0.20489952
v -0.31884161 -0.13335799 -0.19567281
v -0.30461717 -0.17095959 -0.17070119
v -0.31878003 -0.09190033 -0.22104235
v -0.29399598 -0.07946324 -0.22862473
v -0.25739706 -0.09180948 -0.22200301
v -0.34159991 -0.10183653 -0.21552235
v 0.13307688 -0.16858165 -0.16633023
v 0.03405254 -0.16316071 -0.17050914
v 0.09460395 -0.15924028 -0.17281210
v -0.04472905 -0.14960998 -0.18045558
v -0.08728022 -0.16208515 -0.17158020
v -0.08553607 -0.13974842 -0.18746766
v -0.12258057 -0.14351028 -0.18517794
v -0.14427298 -0.16696991 -0.16828896
v -0.17147814 -0.13564312 -0.19186388
v -0.19997418 -0.15361528 -0.17969772
v -0.14234708 -0.12281649 -0.20101702
v -0.12197336 -0.11652533 -0.20560119
v -0.18104859 -0.11822860 -0.20462126
v -0.08060561 -0.11470105 -0.20646881
v -0.04241632 -0.11720969 -0.20448405
v -0.00196176 -0.14590672 -0.18288000
v 0.01483736 -0.11451704 -0.20637603
v 0.03216314 -0.13452980 -0.19132301
v 0.08661140 -0.12117506 -0.20147485
v 0.09789091 -0.13834883 -0.18838009
v 0.05589404 -0.14696538 -0.18210754
v 0.12698627 -0.15177786 -0.17862436
v 0.15901028 -0.13837411 -0.18952428
v 0.12687473 -0.13857210 -0.18865700
v 0.12843229 -0.11573313 -0.20587997
v -0.01193762 -0.08746811 -0.22553353
v 0.04474536 -0.09041973 -0.22358441
v -0.01253937 -0.09744915 -0.21864295
v -0.09761775 -0.09176354 -0.22287901
v -0.10037416 -0.10179424 -0.21597044
v -0.14751211 -0.09497546 -0.22033693
v -0.21549883 -0.10352381 -0.21462193
v -0.21444993 -0.09166496 -0.22248814
v 0.15748827 -0.09444817 -0.22115484
v 0.20772457 -0.09388747 -0.22120546
v 0.18561529 -0.12072329 -0.20267227
v 0.24500012 -0.09499532 -0.22037396
v 0.08504964 -0.10138377 -0.21613944
v 0.08724407 -0.08388131 -0.22812733
v -0.20362046 -0.08295934 -0.22805785
v -0.15253796 -0.08112338 -0.22901428
v -0.09379319 -0.08329926 -0.22839640
v -0.26164484 -0.08007462 -0.22907749
v 0.03790557 -0.08322994 -0.22798358
v 0.16248608 -0.08388039 -0.22809476
v 0.24831218 -0.11319225 -0.20820996
v 0.27639726 -0.08835118 -0.22462112
v 0.28207892 -0.12761466 -0.19897641
v 0.33103904 -0.10179774 -0.21571451
v 0.34836897 -0.10045789 -0.21661164
v 0.31629670 -0.11705033 -0.20614550
v 0.29959667 -0.08888213 -0.22389129
v 0.28552094 -0.14321214 -0.18895164
v 0.23870564 -0.14412278 -0.18786609
v 0.21226047 -0.12459354 -0.20023245
v 0.25146967 -0.08363783 -0.22793195
v 0.19941323 -0.08423419 -0.22777374
v 0.26296225 -0.17720224 -0.16578084
v 0.22397198 -0.16603613 -0.17260402
v 0.18755759 -0.13893354 -0.18996832
v 0.27841163 -0.18676683 -0.15994264
v 0.27211004 -0.21531440 -0.14091823
v 0.17847671 -0.15315579 -0.17939606
v 0.17271441 -0.17071152 -0.16606486
v 0.25385594 -0.23795623 -0.12642564
v 0.30412918 -0.14499849 -0.18837094
v 0.30231014 -0.16916455 -0.17291124
v 0.32548168 -0.08740523 -0.22433689
v 0.30810875 -0.08385026 -0.22666635
v 0.23112808 -0.22945748 -0.13036866
v 0.21141291 -0.23626183 -0.12493935
v 0.19079515 -0.24857256 -0.11662985
v 0.28650990 -0.21573506 -0.14137064
v 0.28388569 -0.23359054 -0.13023491
v 0.31952542 -0.13330443 -0.19626868
v 0.34375387 -0.12031472 -0.20510720
v 0.33324313 -0.14480926 -0.19026756
v -0.04454513 -0.08332846 -0.22792603
v 0.28275064 -0.24688268 -0.12241158
v 0.22761402 -0.25478843 -0.11547519
v 0.10852307 -0.26822034 -0.10293830
v 0.10932566 -0.28408426 -0.09433033
v 0.30015621 -0.19250698 -0.15791591
v -0.23056041 -0.25285572 -0.11649807
v -0.26919901 -0.26521477 -0.11174741
v -0.13848184 -0.28061831 -0.09635615
v -0.13857777 -0.26292440 -0.10655633
v -0.18719083 -0.27646902 -0.10128190
v -0.18108390 -0.25854194 -0.11084078
v -0.30112547 -0.25569180 -0.11943837
v -0.30897024 -0.24624977 -0.12570624
v -0.30164763 -0.21710898 -0.14234148
v -0.29990923 -0.19526780 -0.15547734
v -0.34352937 -0.13355428 -0.19796629
v -0.32260224 -0.16772142 -0.17488627
v 0.31759468 -0.17307107 -0.17181410
v 0.34539226 -0.15945888 -0.18264948
v 0.34725547 -0.13919005 -0.19481292
v 0.31449890 -0.19604711 -0.15782392
v 0.35832462 -0.12755455 -0.20265520
v -0.35786957 -0.11137158 -0.21136136
v -0.33284977 -0.08840261 -0.22277746
v -0.31449175 -0.07591753 -0.22943553
v -0.35328716 -0.09690467 -0.21840289
v -0.36296770 -0.09758890 -0.21835171
v 0.27591291 -0.26061183 -0.11461899
v 0.24243276 -0.26600513 -0.11017141
v 0.36776072 -0.11444017 -0.21031295
v 0.30418015 -0.22006637 -0.14068453
v 0.30685723 -0.24941571 -0.12347452
v 0.18860230 -0.25984830 -0.11058738
v 0.15481827 -0.27776974 -0.10013703
v 0.19461858 -0.28938550 -0.09603275
v 0.29741555 -0.26446551 -0.11438582
v 0.28792033 -0.28757221 -0.10213672
v 0.15120928 -0.28877866 -0.09466694
v 0.35521874 -0.08700170 -0.22332911
v -0.20589164 -0.08025832 -0.22935158
v 0.36450455 -0.09634949 -0.21880671
v 0.36729980 -0.10273811 -0.21587217
v 0.34391955 -0.17928529 -0.17183457
v 0.37618873 -0.10871670 -0.21340711
v -0.31716710 -0.19998923 -0.15545183
v -0.31743211 -0.22579549 -0.13967837
v 0.36077070 -0.14057100 -0.19609949
v -0.32423773 -0.24496800 -0.12932038
v -0.34452221 -0.15127496 -0.18809643
v -0.36122745 -0.13257432 -0.20108601
v 0.36221835 -0.16078885 -0.18479894
v -0.08058804 -0.08060084 -0.22944848
v 0.31139526 -0.25392386 -0.12182604
v 0.31869370 -0.28123671 -0.10931595
v 0.30005178 -0.28727460 -0.10395546
v 0.31940633 -0.28638196 -0.10633544
v -0.36887079 -0.11503731 -0.21080394
v 0.32254359 -0.22501913 -0.14134102
v 0.32583535 -0.25255796 -0.12557915
v 0.32345632 -0.20286332 -0.15536182
v 0.33140719 -0.19495381 -0.16137370
v 0.33005497 -0.28430191 -0.10975182
v -0.33987224 -0.17755213 -0.17244057
v -0.37456313 -0.12458757 -0.20739582
v -0.38455474 -0.12245252 -0.20913203
v -0.33701003 -0.07236129 -0.22970977
v -0.36459643 -0.09231105 -0.22011818
v 0.33420190 -0.27103561 -0.11748620
v 0.34281132 -0.28366405 -0.11179523
v -0.33291367 -0.20278077 -0.15734644
v -0.37154010 -0.10380360 -0.21526144
v -0.32882947 -0.25572190 -0.12447742
v 0.34749487 -0.20159534 -0.16112919
v 0.34132168 -0.22051424 -0.14927791
v 0.36274058 -0.17813656 -0.17629674
v 0.37216952 -0.13455412 -0.20178415
v 0.36553827 -0.14819111 -0.19292951
v 0.37550715 -0.12447706 -0.20690943
v 0.38449478 -0.12137606 -0.20970811
v -0.38364342 -0.11357131 -0.21176895
v -0.35677338 -0.16165277 -0.18511918
v -0.36558577 -0.14761156 -0.19440915
v -0.34193116 -0.20783742 -0.15703681
v -0.35748023 -0.17666964 -0.17754199
v 0.34271920 -0.27513248 -0.11717063
v 0.34259936 -0.26533929 -0.12322246
v 0.34235659 -0.25219217 -0.13123590
v -0.35973409 -0.08094549 -0.22474135
v -0.03050814 -0.07991402 -0.22893457
v -0.38268599 -0.13651715 -0.20423010
v 0.36369756 -0.20965101 -0.16102876
v 0.34342909 -0.23001502 -0.14451572
v 0.38785529 -0.12088000 -0.21004303
v 0.07913646 -0.08105662 -0.22873108
v 0.34818795 -0.23648418 -0.14265841
v 0.37330109 -0.09229273 -0.21861567
v -0.38019004 -0.09540311 -0.21686351
v -0.33719954 -0.24310465 -0.13476878
v -0.34566388 -0.21962593 -0.15156163
v -0.36012554 -0.21187487 -0.16101442
v -0.39255333 -0.13263589 -0.20683427
v -0.36896831 -0.16326553 -0.18808362
v -0.36292368 -0.18895674 -0.17312936
v 0.27602622 -0.28879187 -0.10004440
v 0.34573877 -0.28517604 -0.11190283
v -0.37741685 -0.14805745 -0.19792761
v -0.39298347 -0.14582899 -0.20304057
v -0.37529293 -0.08514085 -0.22060035
v 0.37153423 -0.19229433 -0.17215616
v 0.37345803 -0.20692439 -0.16559292
v 0.37272346 -0.21919149 -0.15934679
v 0.38407061 -0.14200267 -0.20198217
v 0.37574115 -0.15361299 -0.19362487
v 0.37261119 -0.16827889 -0.18508764
v 0.39033496 -0.13675545 -0.20594965
v 0.23444727 -0.08025943 -0.22886299
v 0.17294240 -0.08098689 -0.22859815
v -0.36872378 -0.20213903 -0.16876417
v 0.33503723 -0.07434780 -0.22749051
v -0.35141093 -0.23641138 -0.14435409
v -0.35925895 -0.22235857 -0.15557441
v -0.35119778 -0.24871780 -0.13743649
v -0.34365898 -0.26305014 -0.12572382
v -0.34457138 -0.27766761 -0.11719257
v 0.38643792 -0.09120439 -0.21633098
v 0.38857460 -0.10802942 -0.21271850
v -0.38590473 -0.15635829 -0.19750293
v -0.37751511 -0.16865723 -0.18928339
v -0.37247279 -0.19029516 -0.17657980
v -0.28997412 -0.07747284 -0.22903301
v 0.29437840 -0.07601146 -0.22860259
v 0.35923541 -0.07734822 -0.22497281
v 0.37973851 -0.08096021 -0.21999840
v 0.34535041 -0.25686961 -0.12973054
v 0.34921604 -0.24654114 -0.13795583
v 0.37500751 -0.23219690 -0.15471101
v 0.36290479 -0.24404231 -0.14517871
v 0.39258149 -0.15094228 -0.20161265
v -0.38180497 -0.08014908 -0.22042863
v -0.37201682 -0.20897424 -0.16742468
v -0.39380807 -0.17061652 -0.19533384
v -0.39595765 -0.17944305 -0.19233240
v -0.39373669 -0.18285708 -0.19131768
v -0.39631313 -0.19654249 -0.18758091
v -0.39280084 -0.19341920 -0.18746847
v -0.39716592 -0.20645842 -0.18418929
v 0.38639420 -0.16437705 -0.19355617
v -0.36111566 -0.23512182 -0.15074719
v 0.33798251 -0.28493652 -0.10888852
v 0.39323324 -0.12659736 -0.20728949
v 0.38579065 -0.17850183 -0.18686792
v 0.37944046 -0.25189000 -0.14954840
v 0.36217377 -0.25707117 -0.13995770
v 0.37614560 -0.27520302 -0.14075471
v -0.34848496 -0.28482091 -0.11393984
v -0.38332725 -0.17931500 -0.18757263
v 0.39736485 -0.18045846 -0.19196768
v 0.39642134 -0.17223893 -0.19503045
v 0.39969128 -0.18218663 -0.19110239
v 0.39783883 -0.18974809 -0.18832627
v 0.40089941 -0.19479693 -0.18755339
v 0.40167457 -0.20413375 -0.18420975
v 0.40409207 -0.20636079 -0.18356982
v 0.40446779 -0.21843992 -0.17959681
v 0.40619424 -0.21880259 -0.17932455
v 0.40826404 -0.23002353 -0.17518850
v 0.40585652 -0.23041771 -0.17545670
v 0.40505835 -0.23718847 -0.17239478
v 0.40854949 -0.24289425 -0.17123884
v 0.40851441 -0.25682041 -0.16609414
v 0.41247603 -0.25425607 -0.16540779
v 0.41192257 -0.26624140 -0.16186960
v 0.40908295 -0.27838266 -0.15831456
v 0.41080967 -0.27759498 -0.15891898
v 0.41255167 -0.28697032 -0.15517113
v 0.40921816 -0.28954476 -0.15363592
v 0.41284648 -0.29653555 -0.15066075
v 0.40506849 -0.29749438 -0.14866327
v 0.40384993 -0.31135896 -0.14262766
v 0.41235247 -0.31280738 -0.14191587
v 0.41754287 -0.30862892 -0.14284712
v 0.41855839 -0.31472564 -0.13995896
v 0.40881765 -0.32779834 -0.13801886
v 0.40581623 -0.32974663 -0.13748665
v 0.41540062 -0.32672894 -0.13722977
v 0.40541032 -0.34711415 -0.13321117
v 0.41696149 -0.30131364 -0.14673300
v 0.40883082 -0.34816128 -0.13347135
v 0.40943152 -0.37038222 -0.12871239
v 0.41503134 -0.34817573 -0.13242954
v 0.40522152 -0.36839309 -0.12840581
v 0.40448046 -0.37858054 -0.12518482
v 0.41341785 -0.36996123 -0.12819228
v 0.41457462 -0.38660124 -0.12375475
v 0.40872183 -0.38609943 -0.12450885
v 0.41085654 -0.39699551 -0.12156998
v 0.40552995 -0.39108998 -0.12187988
v 0.40567669 -0.40335163 -0.11828604
v 0.40978476 -0.41026399 -0.11702256
v 0.41413823 -0.40945145 -0.11682133
v 0.41315684 -0.42377412 -0.11265669
v 0.40936890 -0.43183365 -0.11009376
v 0.41345564 -0.43881240 -0.10702167
v 0.40923655 -0.44255468 -0.10611978
v 0.40874252 -0.45174962 -0.10225422
v 0.41316408 -0.45646217 -0.10048500
v 0.40976769 -0.46823853 -0.09613281
v 0.40749282 -0.42255187 -0.11268647
v 0.41305286 -0.47008887 -0.09625498
v 0.41298249 -0.47839198 -0.09330982
v 0.40766665 -0.48245126 -0.09036092
v 0.41210732 -0.48914343 -0.08932419
v 0.40484673 -0.41184375 -0.11482096
v 0.40528980 -0.50021273 -0.08162565
v 0.41058284 -0.49880806 -0.08437391
v 0.41445482 -0.49897337 -0.08425470
v 0.41709071 -0.48788911 -0.08797603
v 0.40470424 -0.42994291 -0.10880215
v 0.40527228 -0.44195101 -0.10444113
v 0.40383568 -0.45932549 -0.09659915
v 0.39390895 -0.15998989 -0.19882765
v 0.37631863 -0.05995252 -0.22378753
v 0.41657922 -0.39405558 -0.12029634
v 0.38676375 -0.24498472 -0.15575023
v 0.35535109 -0.26304835 -0.13366342
v 0.38697341 -0.07697547 -0.21844190
v 0.38571069 -0.21929188 -0.16636100
v 0.39161149 -0.25383404 -0.15514277
v 0.39894375 -0.32502723 -0.13548356
v 0.39491892 -0.31041929 -0.13825192
v 0.40474090 -0.25564751 -0.16451968
v 0.39087114 -0.28496948 -0.14519246
v 0.39123479 -0.30161765 -0.13982376
v 0.39442629 -0.27337176 -0.15087020
v 0.39828894 -0.28102481 -0.15076630
v 0.40358943 -0.48750776 -0.08596615
v 0.41833553 -0.32602027 -0.13605316
v 0.37211168 -0.28993145 -0.13253613
v -0.38788235 -0.21846025 -0.17427038
v 0.39753532 -0.15026291 -0.19942200
v 0.39317167 -0.23974271 -0.16191055
v 0.41766915 -0.45931727 -0.09736895
v 0.41744670 -0.44530350 -0.10234480
v 0.41778162 -0.35564983 -0.12890458
v 0.39476442 -0.46089679 -0.09070250
v 0.38542044 -0.44486147 -0.09248909
v 0.39320183 -0.44798484 -0.09437939
v 0.39435089 -0.43802583 -0.09795287
v 0.39694837 -0.43673101 -0.10038268
v 0.38440549 -0.43114486 -0.09598067
v 0.39400581 -0.42077392 -0.10279208
v 0.38542488 -0.41324043 -0.10075572
v 0.39264998 -0.39868686 -0.10744194
v 0.38260835 -0.38780490 -0.10487108
v 0.38260749 -0.43912375 -0.09266537
v 0.39210656 -0.38314122 -0.11091426
v 0.38832977 -0.37863311 -0.11033183
v 0.39088240 -0.37035313 -0.11429566
v 0.41871268 -0.47149673 -0.09272832
v 0.38680941 -0.31503189 -0.13144052
v 0.39328960 -0.22572732 -0.16823876
v 0.39508089 -0.20811033 -0.17779973
v 0.39414442 -0.49332625 -0.07779782
v 0.39997494 -0.49428913 -0.08065792
v 0.39642709 -0.49912593 -0.07741269
v 0.38605997 -0.33491644 -0.12465183
v 0.41801354 -0.41286212 -0.11365763
v 0.41786027 -0.43262860 -0.10664044
v 0.39452922 -0.35233566 -0.12549004
v 0.39793220 -0.11815143 -0.20684624
v 0.40208152 -0.35048631 -0.13060628
v 0.39702797 -0.36008808 -0.12515596
v 0.37842023 -0.35720506 -0.11070696
v 0.37728590 -0.37693906 -0.10441706
v -0.39304355 -0.22714354 -0.17375082
v -0.39808086 -0.21941587 -0.17906830
v -0.40034106 -0.21191229 -0.18062967
v -0.39791799 -0.23125300 -0.17437899
v -0.39760292 -0.24054602 -0.16989495
v -0.39999041 -0.24358784 -0.16752669
v -0.40015548 -0.25394347 -0.16279936
v -0.39728755 -0.25350037 -0.16340964
v -0.39980838 -0.26516369 -0.15895776
v -0.39332354 -0.27167523 -0.15346172
v -0.40069953 -0.28248620 -0.15224820
v -0.37398759 -0.28053623 -0.14046368
v -0.38955110 -0.29122680 -0.14287792
v -0.38541800 -0.25408086 -0.15736178
v -0.37963980 -0.30210885 -0.13231525
v -0.37452444 -0.26501417 -0.14687553
v -0.40118054 -0.29122353 -0.14905670
v -0.39284512 -0.29696259 -0.14209630
v -0.38578209 -0.23343296 -0.16656987
v -0.36753443 -0.26883852 -0.14092520
v -0.38144180 -0.19698867 -0.17885111
v -0.40601385 -0.22148988 -0.17298487
v -0.39071792 -0.30893239 -0.13644487
v 0.41748446 -0.28260511 -0.15342911
v 0.35646585 -0.28437600 -0.12427171
v 0.36404637 -0.29903755 -0.12257999
v -0.35063308 -0.26503918 -0.12893322
v -0.35427156 -0.25649711 -0.13576262
v 0.38450551 -0.34222072 -0.12018266
v -0.38238415 -0.31465340 -0.12880164
v -0.40100244 -0.30499879 -0.14445864
v -0.40439895 -0.29795808 -0.14545685
v -0.40299425 -0.30541435 -0.14432785
v -0.40373844 -0.31604746 -0.14126295
v -0.40083969 -0.31710774 -0.14072047
v -0.40489221 -0.33319393 -0.13739304
v -0.40101680 -0.33254290 -0.13625638
v -0.40564016 -0.34876338 -0.13345365
v -0.40139645 -0.34467471 -0.13324448
v -0.40092647 -0.35844025 -0.12880622
v -0.40559649 -0.36462083 -0.12921773
v -0.40841222 -0.35099682 -0.13221602
v -0.40862626 -0.36973199 -0.12835285
v -0.40344375 -0.37342834 -0.12541726
v -0.40906557 -0.38272938 -0.12482733
v -0.40976351 -0.33998659 -0.13346703
v -0.40032443 -0.36571118 -0.12593363
v -0.40500078 -0.28418159 -0.14872053
v -0.39705426 -0.32652396 -0.13572136
v 0.39844269 -0.40515032 -0.11187553
v 0.39747635 -0.42538619 -0.10457703
v 0.39805254 -0.38542098 -0.11747379
v 0.39071316 -0.36058894 -0.11794499
v 0.39355311 -0.39581084 -0.10913643
v 0.37982225 -0.31917778 -0.12494076
v 0.37616348 -0.31912360 -0.12199593
v 0.37105474 -0.32851678 -0.11542237
v 0.37106514 -0.34831306 -0.10783384
v 0.37293732 -0.35615313 -0.10626198
v 0.36967698 -0.31620869 -0.11908223
v 0.36958948 -0.30686283 -0.12337866
v 0.00414029 0.29942271 -0.07788875
v -0.00783453 0.28030980 -0.06704010
v 0.03888309 0.29666421 -0.07645082
v 0.02224089 0.26712942 -0.05976872
v 0.04479856 0.26709440 -0.06012394
v 0.08521538 0.29622597 -0.07766048
v 0.07773677 0.31295684 -0.08685643
v 0.10161454 0.31345543 -0.08806524
v -0.04098110 0.29590413 -0.07612994
v -0.03049327 0.27300212 -0.06326861
v 0.00144126 0.26587495 -0.05924956
v -0.02428300 0.26638016 -0.05975251
v 0.03710767 0.31306952 -0.08624148
v 0.04091033 0.33642504 -0.10003901
v 0.06748229 0.33641899 -0.10063119
v -0.00109145 0.33649343 -0.09984045
v -0.00273161 0.31480223 -0.08723034
v -0.03306239 0.33384657 -0.09833809
v -0.04188533 0.31472081 -0.08742335
v -0.06738847 0.33224258 -0.09804764
v -0.09774853 0.31341738 -0.08824352
v -0.09898043 0.33159894 -0.09884556
v -0.07746153 0.29838967 -0.07856081
v -0.08037532 0.28015527 -0.06866537
v 0.05724445 0.26595324 -0.06002998
v -0.06453839 0.26584291 -0.06062032
v -0.12358548 0.29797858 -0.08091532
v -0.13804448 0.32959655 -0.10008682
v -0.12617230 0.27237540 -0.06735478
v -0.10057603 0.26613256 -0.06257669
v -0.04161868 0.34227660 -0.10420675
v -0.17260864 0.31556162 -0.09482273
v -0.14423941 0.29031259 -0.07843175
v -0.19815551 0.33137146 -0.10598480
v -0.16885231 0.33512661 -0.10599238
v -0.21107015 0.34271705 -0.11393183
v -0.17918339 0.34456682 -0.11276256
v -0.22055969 0.35349163 -0.12103773
v -0.22069199 0.35905662 -0.12449048
v -0.18186989 0.35803488 -0.12162106
v -0.14174944 0.35172597 -0.11534052
v -0.09916269 0.34353334 -0.10700393
v -0.22100568 0.33538869 -0.11068930
v -0.17186195 0.36544079 -0.12621376
v -0.13012576 0.36030415 -0.12085500
v -0.08828647 0.35695490 -0.11621411
v -0.12695841 0.37150961 -0.12903915
v -0.10021052 0.37113881 -0.12752025
v -0.22034492 0.30120468 -0.09203120
v -0.14618573 0.26981735 -0.06799642
v -0.18903549 0.29002354 -0.08311519
v 0.16715612 0.33895600 -0.10824114
v 0.11085741 0.33655766 -0.10279860
v 0.12787281 0.32400277 -0.09613387
v 0.13079402 0.31188971 -0.08891872
v 0.17485543 0.32739231 -0.10182228
v 0.20960876 0.35535502 -0.12133239
v 0.04393755 0.35045722 -0.10994598
v 0.09923521 0.35414261 -0.11446740
v 0.05483766 0.35910243 -0.11649144
v 0.13509119 0.35508355 -0.11720552
v 0.18038729 0.35999733 -0.12242877
v 0.00225693 0.35926583 -0.11648416
v -0.03597735 0.35903198 -0.11651210
v -0.05923113 0.37119335 -0.12631282
v 0.02306276 0.37134981 -0.12586620
v 0.12659036 0.37370294 -0.13035879
v 0.09536212 0.37252429 -0.12804827
v 0.21966065 0.35932648 -0.12471553
v 0.12662725 0.29211864 -0.07761586
v 0.10186196 0.27715814 -0.06824745
v 0.17644411 0.31326517 -0.09364986
v 0.16159141 0.30375731 -0.08721420
v 0.14505011 0.28757620 -0.07673171
v 0.08897916 0.26536366 -0.06154958
v 0.06993254 0.37271410 -0.12745455
v 0.21996935 0.34138513 -0.11430173
v 0.19375975 0.32082784 -0.10000102
v 0.18390699 0.37531337 -0.13444036
v 0.12672357 0.27219692 -0.06724255
v 0.14783871 0.27028638 -0.06819678
v 0.22282676 0.31347537 -0.09955426
v 0.21658416 0.29798901 -0.09046651
v 0.17544250 0.28496441 -0.07878117
v 0.17774677 0.27092704 -0.07204268
v 0.25862786 0.34562224 -0.12221176
v 0.21300252 0.37130710 -0.13375284
v -0.12575464 0.25178921 -0.05752983
v -0.10141775 0.25084272 -0.05554759
v -0.14737590 0.25293311 -0.06009167
v 0.24989894 0.33632627 -0.11581493
v 0.28380075 0.34316942 -0.12478110
v 0.28125837 0.33492240 -0.11981993
v 0.26544482 0.36020073 -0.13290410
v 0.12822665 0.25268036 -0.05828233
v 0.10053474 0.25309843 -0.05660229
v 0.14941557 0.25271073 -0.06015056
v -0.21865499 0.36244756 -0.12711968
v -0.17992117 0.37948757 -0.13832700
v -0.22163314 0.27586007 -0.07994590
v -0.16734423 0.25256205 -0.06229609
v -0.19610085 0.25436783 -0.06677473
v 0.25329804 0.30809110 -0.10141458
v 0.25143781 0.29425815 -0.09400238
v 0.27023828 0.31253865 -0.10657386
v 0.22714505 0.26866448 -0.07769530
v 0.05205132 0.24397543 -0.05041406
v 0.09737691 0.23357674 -0.04825928
v 0.00784440 0.23474491 -0.04594448
v 0.04822352 0.22555044 -0.04271570
v 0.03176681 0.20630935 -0.03412491
v -0.00005352 0.21152791 -0.03610130
v -0.01299735 0.22944236 -0.04417852
v -0.04612251 0.20761122 -0.03593027
v -0.04013506 0.23053539 -0.04568174
v -0.07353639 0.24711454 -0.05291067
v -0.02851553 0.24846612 -0.05249582
v -0.07626487 0.22581634 -0.04427419
v -0.08879048 0.20885861 -0.03735015
v -0.03793688 0.18782812 -0.02767354
v -0.07104949 0.18895438 -0.02871674
v 0.06411365 0.20079283 -0.03287514
v 0.09134176 0.18776378 -0.02867052
v 0.18099159 0.25356439 -0.06420051
v 0.12580153 0.19072586 -0.03214905
v 0.12551101 0.21253102 -0.04138965
v 0.13078323 0.23894486 -0.05292675
v -0.10148697 0.19647418 -0.03277489
v -0.12482753 0.20464350 -0.03783506
v -0.12331476 0.19072585 -0.03210117
v -0.07794326 0.17549530 -0.02367236
v 0.15205523 0.22867453 -0.05084103
v 0.04473433 0.18515682 -0.02609690
v 0.08217064 0.16542928 -0.01979591
v 0.09872474 0.17751341 -0.02507755
v 0.09350880 0.14516938 -0.01283225
v 0.11178305 0.14715096 -0.01470053
v 0.09253652 0.11525025 -0.00165933
v 0.12622002 0.15313934 -0.01804499
v 0.00087794 0.18513432 -0.02577361
v 0.00051049 0.06075801 0.02032588
v 0.00126616 0.02779276 0.03240462
v 0.02548746 0.02577501 0.03289287
v 0.03819497 0.05522234 0.02181443
v 0.05090563 0.02526777 0.03237935
v 0.05351778 0.05014996 0.02307977
v 0.05202363 0.08830480 0.00950779
v 0.07763533 0.07212533 0.01418697
v 0.05476493 0.11636207 -0.00052648
v 0.00000259 0.09136815 0.00912087
v 0.00133983 0.11686940 -0.00022236
v 0.03950761 0.14735043 -0.01216175
v 0.00049666 0.14368945 -0.01037761
v 0.00179376 0.16549735 -0.01839018
v 0.00218960 0.00952325 0.03971884
v 0.03274985 0.01013212 0.03884203
v 0.05174071 0.00926989 0.03867143
v -0.04514769 0.00928380 0.03922311
v -0.02169269 0.02926214 0.03160015
v -0.04878583 0.02869622 0.03132296
v -0.05401542 0.15176006 -0.01458984
v -0.08967312 0.15579815 -0.01709409
v -0.05971413 0.06854545 0.01646284
v -0.01435271 0.09321718 0.00827790
v -0.05569229 0.11658368 -0.00134499
v -0.07331672 0.09585012 0.00563087
v -0.09796976 0.12467282 -0.00617047
v -0.10407203 0.17744371 -0.02576888
v 0.08382361 0.01285061 0.03570255
v 0.08547954 0.02969632 0.02871977
v 0.08678164 0.04893929 0.02153997
v 0.12820199 0.12766610 -0.00904089
v 0.10449996 0.10120212 0.00225883
v 0.12632068 0.09773000 0.00149137
v 0.12792785 0.06249084 0.01300373
v 0.09409350 0.06357002 0.01602120
v 0.12982547 0.04691599 0.01831651
v -0.08118785 0.02167960 0.03263831
v -0.08283991 0.06105452 0.01824218
v 0.11331133 0.02618253 0.02749212
v 0.11655291 0.00897300 0.03425603
v 0.13387021 0.01483332 0.02970674
v -0.09932797 0.00945052 0.03624254
v -0.06021598 0.00550523 0.03982848
v -0.09899490 0.00320612 0.03917782
v -0.11922817 0.00160938 0.03828771
v -0.12102200 0.00773644 0.03531545
v -0.09771124 0.06577028 0.01548749
v -0.10048662 0.10043570 0.00199612
v -0.10319791 0.02629090 0.02967766
v 0.14979504 0.18331936 -0.03189491
v 0.15281765 0.13659875 -0.01503214
v 0.18068117 0.23119272 -0.05544995
v 0.18400463 0.20273286 -0.04439408
v -0.12449510 0.15176651 -0.01830079
v -0.14920481 0.22750628 -0.05000998
v 0.08449042 0.00941643 0.03654675
v -0.13101433 0.00621734 0.03485268
v -0.12185759 0.03962842 0.02283182
v -0.11417832 0.06037245 0.01581700
v -0.12165128 0.08675652 0.00481951
v -0.12829311 0.09697996 0.00027770
v -0.12389295 0.13132422 -0.01094957
v 0.14988355 0.00687840 0.03084641
v 0.14884193 0.03306337 0.02083610
v 0.22596431 0.25362703 -0.07075473
v -0.16534519 0.23137389 -0.05362484
v -0.19082041 0.20931818 -0.04838397
v -0.14714301 0.19360934 -0.03626467
v -0.23033313 0.22062936 -0.05892100
v -0.19965979 0.18504830 -0.04034860
v -0.22995085 0.22921379 -0.06231717
v -0.19966368 0.23481806 -0.05988257
v -0.22528856 0.25475886 -0.07106382
v -0.15617828 -0.00237777 0.03523700
v 0.19517323 0.25239795 -0.06564850
v -0.15832785 0.00972089 0.02948567
v 0.17539456 0.17529045 -0.03238469
v 0.17611845 0.13109539 -0.01648116
v 0.15034017 0.09794188 -0.00144892
v 0.17887135 0.10477457 -0.00794254
v 0.14518341 0.08065846 0.00475066
v 0.15354784 0.06917790 0.00736359
v 0.16543351 0.00544045 0.02917160
v 0.21592560 0.23306409 -0.06149630
v -0.17000996 0.16630186 -0.02939098
v -0.20044439 0.13955589 -0.02379210
v -0.20401342 0.15531421 -0.03005295
v -0.15961592 0.14196403 -0.01907450
v -0.17665829 0.12297901 -0.01473927
v -0.15853696 0.02666278 0.02292287
v -0.12531888 0.06275878 0.01338790
v -0.17533423 -0.00150928 0.03111373
v -0.19004470 0.00445112 0.02673386
v -0.18792653 0.03062211 0.01687604
v -0.16858263 0.04850112 0.01226060
v -0.18903974 -0.00987263 0.03290235
v 0.25179181 0.27385262 -0.08443240
v -0.16976248 0.06382693 0.00543049
v 0.17745088 0.02133508 0.02069411
v 0.19373317 -0.00073059 0.02666534
v 0.16838329 0.04306711 0.01415000
v 0.17433266 0.06674811 0.00494102
v 0.22028996 0.20807527 -0.05257934
v 0.25183821 0.24956144 -0.07386909
v 0.19007966 0.17004648 -0.03289252
v 0.22511759 0.18390252 -0.04443416
v 0.25156859 0.19912320 -0.05528473
v 0.25256911 0.26288843 -0.07968517
v 0.25431868 0.25116175 -0.07497621
v -0.15022752 0.07617664 0.00423648
v -0.19232067 0.07379474 -0.00195378
v -0.23811145 0.29906529 -0.09400263
v -0.16479141 0.08919691 -0.00242061
v -0.20643389 0.11537830 -0.01664721
v -0.20441161 0.09805425 -0.01085905
v -0.17042559 -0.00684736 0.03460704
v -0.14342923 -0.00234844 0.03668638
v -0.24206406 0.27016944 -0.08103104
v -0.19142511 0.06059492 0.00268984
v 0.25257352 0.21790956 -0.06210017
v -0.23043014 0.19841582 -0.05073097
v -0.25046337 0.21831395 -0.06181189
v -0.21645014 0.15988703 -0.03409899
v -0.21217549 -0.00116569 0.02490333
v -0.20584026 -0.01373858 0.03162849
v -0.21575806 -0.01729545 0.03196572
v -0.24949713 0.25206423 -0.07508522
v 0.20348988 0.11909400 -0.01718406
v 0.19222257 0.09018092 -0.00553533
v 0.18714243 0.06050824 0.00473680
v 0.20422910 0.05464194 0.00343160
v 0.22316678 0.08924877 -0.01128863
v 0.22297727 0.04918763 0.00129999
v 0.21338575 0.15611398 -0.03231033
v 0.19366053 0.03104829 0.01374455
v 0.20451573 0.01822286 0.01640831
v 0.26515442 0.28066641 -0.09038565
v 0.28710964 0.30767941 -0.10762644
v -0.22576183 -0.00902520 0.02599370
v -0.22118384 -0.01874818 0.03204344
v -0.24185999 -0.02344632 0.03183267
v -0.23323384 0.32433268 -0.10699602
v -0.25699550 0.31235561 -0.10489813
v -0.27545640 0.34305120 -0.12500608
v -0.30093265 0.32822064 -0.12206445
v -0.29482681 0.30852464 -0.11038233
v -0.26647869 0.29807788 -0.09932983
v -0.24484967 0.35461530 -0.12643978
v -0.20576935 0.01259806 0.01968481
v -0.29522631 0.29805434 -0.10524366
v -0.27150077 0.28435063 -0.09403233
v -0.22890405 0.09457272 -0.01400997
v -0.22346193 0.12801480 -0.02441762
v -0.29768503 0.27488834 -0.09568530
v -0.31473801 0.29646367 -0.10912699
v -0.25041136 0.17252864 -0.04559770
v -0.20423988 0.06122174 -0.00041220
v -0.20174159 0.04818043 0.00552073
v -0.29602247 0.34112275 -0.12819493
v -0.31400695 0.32905415 -0.12522383
v -0.31403768 0.31501922 -0.11813014
v -0.24466212 0.12774207 -0.02910484
v -0.25152850 0.12938441 -0.03108593
v 0.22488065 0.02966326 0.00755633
v 0.23069103 0.01261292 0.01271547
v 0.17708841 -0.00108564 0.02917663
v -0.22253326 0.05150039 -0.00080569
v -0.22235377 0.06257471 -0.00432952
v -0.23316842 0.09409680 -0.01475410
v -0.25319621 0.11439856 -0.02664320
v 0.21880344 0.12041544 -0.02085651
v 0.24089928 0.15449892 -0.03761101
v 0.23562603 0.09040396 -0.01445790
v 0.24749975 0.11557204 -0.02610498
v 0.25232777 0.17194457 -0.04589464
v 0.25285801 0.15188399 -0.03935992
v 0.23840125 -0.00475159 0.01809347
v 0.28683546 0.27309656 -0.09211745
v 0.22611442 -0.00952791 0.02272936
v 0.25488669 -0.01644921 0.01901144
v 0.29853034 0.33227426 -0.12249875
v -0.21576647 0.04184118 0.00458862
v -0.20251425 0.03200003 0.01236784
v -0.22717378 0.01283305 0.01370189
v 0.20312266 -0.00593268 0.02634189
v 0.29133689 0.25147304 -0.08451453
v 0.26462516 0.21062197 -0.06245144
v 0.28973052 0.22520718 -0.07451383
v -0.26291665 0.25214297 -0.07846499
v -0.29267603 0.25517580 -0.08648203
v -0.29301521 0.22055398 -0.07330435
v -0.25662878 0.21819003 -0.06346115
v -0.31424433 0.26751623 -0.09684291
v 0.24770127 0.02190045 0.00485940
v 0.24967448 0.04683050 -0.00425650
v 0.25134358 0.02872029 0.00166533
v 0.26135588 0.00046439 0.00981687
v 0.26689616 -0.02086364 0.01770383
v 0.30397487 0.29497230 -0.10628132
v 0.13810396 0.00461986 0.03262525
v -0.28425702 0.12409057 -0.03712180
v -0.29659802 0.09436610 -0.03082253
v -0.25647876 0.09495720 -0.02147433
v -0.25604555 0.14395604 -0.03718980
v -0.25575343 0.17709349 -0.04861655
v -0.29500708 0.14938486 -0.04824906
v -0.25718972 0.20126037 -0.05759344
v -0.30027384 0.12585673 -0.04185950
v -0.31876630 0.20103343 -0.07269510
v -0.29962876 0.18191589 -0.06138407
v -0.31087631 0.15881969 -0.05576881
v -0.32422408 0.21824399 -0.08030445
v -0.33090281 0.16427447 -0.06275591
v -0.31927773 0.23688380 -0.08639672
v -0.32667837 0.14564893 -0.05546819
v -0.11422049 0.00066572 0.03872576
v -0.24697702 0.01214723 0.00857795
v -0.24543484 0.03042692 0.00073292
v -0.24278691 -0.00366435 0.01835821
v -0.24429770 0.04599064 -0.00489568
v -0.23679617 0.06609000 -0.00892462
v -0.25228179 0.07735331 -0.01603583
v -0.28728473 0.35142416 -0.13293803
v -0.32767761 0.35403922 -0.14388394
v -0.32693371 0.36876464 -0.15341642
v -0.28250283 0.36791345 -0.14355126
v -0.34567013 0.23575822 -0.09361372
v -0.33529463 0.25987610 -0.10029506
v -0.34676343 0.21779555 -0.08671007
v -0.35060382 0.19602680 -0.07984199
v -0.33418164 0.35106251 -0.14378396
v 0.30132332 0.26655719 -0.09327991
v 0.32346168 0.32243946 -0.12437420
v 0.23033452 -0.01315295 0.02277536
v 0.26955721 0.01327426 0.00227244
v 0.20367564 -0.00956584 0.02653708
v 0.00506254 0.00588331 0.04015161
v 0.28814265 0.18857579 -0.06096154
v 0.27514097 0.14002855 -0.04150743
v 0.25379595 0.10720853 -0.02508328
v 0.30435231 0.08395119 -0.03190808
v 0.30388752 0.12552872 -0.04519838
v 0.30686283 0.16695045 -0.05883857
v 0.32413787 0.16367075 -0.06273676
v 0.33134964 0.14303909 -0.05864047
v 0.33036435 0.10282430 -0.04622740
v 0.34766555 0.16972655 -0.07184585
v 0.35405251 0.13284321 -0.06273141
v 0.26739025 0.16020654 -0.04583722
v 0.32820493 0.19590311 -0.07455543
v 0.33966660 0.19395050 -0.07720342
v 0.33103108 0.21016000 -0.08068233
v 0.31416383 0.25021690 -0.09072627
v 0.34691504 0.18075973 -0.07497977
v 0.33067435 0.31251752 -0.12202759
v 0.31089696 0.34308141 -0.13177164
v 0.24774709 0.08557893 -0.01603214
v 0.27962407 0.08241648 -0.02409464
v 0.25011042 0.06784204 -0.01110763
v 0.30011946 0.04831964 -0.01928574
v 0.28257817 0.03187465 -0.00851451
v 0.29392555 0.00952167 -0.00426359
v 0.27956018 0.04477623 -0.01200228
v 0.31268030 0.03953042 -0.02042340
v 0.32925856 0.07691552 -0.03780403
v 0.31575066 0.10145225 -0.04118639
v 0.33013734 0.34662339 -0.13935089
v 0.33114380 0.27406758 -0.10557428
v 0.33201429 0.23683362 -0.09119016
v 0.29213116 0.36293373 -0.14013115
v 0.30242702 0.35922155 -0.13979532
v 0.32801017 0.36203119 -0.14862025
v 0.28207994 -0.00364621 0.00509872
v 0.28403100 -0.02567723 0.01459572
v -0.29534459 0.08849429 -0.02917254
v -0.26903993 0.06588968 -0.01720157
v -0.26074386 0.05246683 -0.01157238
v 0.19349329 -0.00698672 0.02779851
v -0.32669717 0.12495741 -0.04893565
v -0.30705947 0.09485649 -0.03426905
v -0.07600510 0.00185258 0.03986058
v 0.03509235 0.00594865 0.03921802
v -0.23966485 -0.01637842 0.02751683
v -0.25328958 -0.02598449 0.03077290
v -0.27228135 0.01170997 0.00097602
v -0.28999001 0.02842556 -0.01181341
v -0.28308105 0.04478977 -0.01599319
v -0.29826853 0.04336953 -0.01982057
v -0.25813809 0.04645362 -0.00928857
v -0.29680762 0.06379623 -0.02406179
v -0.34410793 0.15711185 -0.06427963
v -0.35407165 0.15077694 -0.06547664
v -0.35287115 0.12740108 -0.05776278
v -0.32363933 0.09654465 -0.03978650
v -0.33145696 0.33096266 -0.13153037
v -0.32449666 0.29811108 -0.11309958
v -0.35010830 0.27040806 -0.10960840
v -0.36289462 0.23497377 -0.09920022
v -0.37024894 0.22060129 -0.09587439
v -0.34382489 0.31707212 -0.12864062
v -0.24835546 -0.00156569 0.01531911
v -0.32868960 0.03160673 -0.02506965
v -0.35481516 0.03026164 -0.03276452
v -0.32814384 0.01701713 -0.01939499
v -0.33428919 0.04367075 -0.03016480
v -0.34723404 0.04660855 -0.03496908
v -0.30419877 0.00950496 -0.00864269
v -0.32400081 -0.00235873 -0.01037619
v -0.27008080 -0.00288441 0.00878263
v -0.28574988 -0.00445640 0.00417412
v -0.35408190 0.34889320 -0.14893442
v -0.36587286 0.33067581 -0.14292371
v -0.34640983 0.30139893 -0.12232264
v -0.38009480 0.31721002 -0.14188206
v -0.37250361 0.27774951 -0.12151460
v -0.37428051 0.25569123 -0.11263769
v -0.25579223 -0.01589758 0.02253665
v -0.30577150 0.06048548 -0.02607100
v -0.32989070 0.06659970 -0.03453521
v -0.25143018 0.36782199 -0.13769756
v -0.30626154 -0.00694631 -0.00215589
v -0.31698021 -0.01692150 -0.00155457
v 0.07084853 0.00330818 0.03797774
v -0.30738655 0.38234493 -0.15947686
v -0.32855561 0.37810341 -0.16063134
v -0.38796887 0.20662096 -0.09708366
v -0.36146939 0.01493143 -0.03014963
v -0.34873974 0.36394700 -0.15659226
v 0.34987277 0.33924896 -0.14161751
v 0.16165783 -0.00465555 0.03088922
v 0.17644975 -0.00648336 0.02948804
v 0.14128312 -0.00271294 0.03294449
v -0.37988085 0.23518121 -0.10544218
v -0.39027169 0.23427926 -0.10896804
v -0.37709016 0.04835194 -0.04546730
v -0.34135747 0.09470829 -0.04507776
v -0.37733313 0.11183403 -0.06177221
v -0.37852877 0.09553211 -0.05770992
v -0.37777829 0.08341742 -0.05450300
v -0.37384477 0.13595158 -0.06765891
v -0.37704769 0.17866470 -0.08337501
v -0.35511562 -0.00340980 -0.02129966
v -0.37529871 0.01612498 -0.03574244
v -0.33784109 -0.01894146 -0.00863414
v -0.37739635 0.34535888 -0.15534453
v -0.37470496 0.03217347 -0.04028269
v 0.12499695 0.00167313 0.03392541
v -0.29796520 -0.02339896 0.01117028
v -0.28244635 0.39408794 -0.16445503
v -0.27585992 -0.01761254 0.01636772
v 0.35656342 0.32528532 -0.13684002
v -0.34743869 -0.01933162 -0.01219181
v -0.35453740 -0.03198195 -0.00915687
v 0.32235074 0.01230779 -0.01453334
v 0.32845834 0.04236582 -0.02670657
v 0.33029974 -0.00247593 -0.01198689
v 0.34962654 0.21689560 -0.08959915
v 0.34723175 0.26826274 -0.10881414
v 0.37706444 0.23722894 -0.10757443
v 0.37934199 0.27610239 -0.12334553
v 0.37541926 0.19976372 -0.09193678
v 0.34622505 0.30189174 -0.12252572
v 0.36517763 0.28425783 -0.12164363
v 0.37878010 0.30710390 -0.13632137
v 0.37710795 0.32232299 -0.14280738
v 0.36207622 0.33162180 -0.14201584
v 0.29607442 0.37457505 -0.14986366
v 0.29551631 -0.00420844 0.00061648
v 0.32994530 -0.01446775 -0.00714479
v 0.30053714 -0.01630064 0.00440678
v 0.32881141 -0.02628864 -0.00136601
v 0.30085635 -0.03156500 0.01193640
v 0.32697830 -0.03273645 0.00265419
v 0.29004470 -0.03003766 0.01399644
v 0.27595800 -0.02614763 0.01618010
v 0.01453098 0.00221240 0.04003688
v 0.35718927 0.12370314 -0.06110949
v 0.26337072 0.37496620 -0.14422949
v 0.24002278 0.37135014 -0.13789161
v 0.35178557 0.35480359 -0.15152881
v 0.34681824 0.36203641 -0.15467001
v 0.31806260 0.37483335 -0.15525000
v -0.20765091 0.38813779 -0.14820345
v -0.18834290 0.38980976 -0.14805007
v -0.34664410 0.37886414 -0.16669287
v -0.29606137 -0.01611190 0.00694970
v 0.17788561 0.38842323 -0.14550292
v -0.25226775 0.39471790 -0.16062035
v -0.23115683 0.38356400 -0.14775436
v -0.21127635 0.39627308 -0.15616621
v -0.33058801 0.39154148 -0.17201538
v -0.29078281 0.39450487 -0.16640340
v -0.37657547 0.36458892 -0.16711885
v 0.20669292 0.38713667 -0.14679877
v 0.32442331 -0.04378365 0.00846868
v 0.34339112 -0.05086433 0.00445540
v 0.30817330 -0.03674468 0.01110303
v 0.33755097 -0.05096176 0.00622142
v 0.35488018 0.09706020 -0.05306259
v 0.34704971 0.07083249 -0.04238113
v 0.34610897 0.01869687 -0.02565492
v 0.34102589 0.04589638 -0.03257769
v -0.38964647 0.18248905 -0.08955936
v -0.39275700 0.14201786 -0.07756799
v -0.37433189 -0.00401691 -0.02856564
v -0.36431429 -0.02237220 -0.01783216
v -0.40078619 0.32928261 -0.15646809
v -0.36366040 0.37436861 -0.16907504
v -0.38541535 0.28909799 -0.13179733
v -0.39802682 0.29969713 -0.14127676
v -0.39328507 0.26717770 -0.12605605
v -0.40873212 0.26480854 -0.13136983
v -0.39970100 0.24848795 -0.12017028
v -0.14803763 0.38714623 -0.14397931
v -0.18201883 0.39731428 -0.15474312
v -0.40267396 0.31498218 -0.15030114
v -0.33064345 -0.02625258 -0.00132978
v -0.32658556 -0.03402041 0.00575041
v 0.36116308 0.16710155 -0.07592101
v 0.38335311 0.18709062 -0.09047856
v 0.37529457 0.34910154 -0.15685591
v 0.37972689 0.34096348 -0.15384685
v -0.27226901 -0.03074821 0.02769227
v -0.26383325 -0.03010000 0.02959104
v -0.28144985 -0.03469875 0.02659347
v -0.30779520 -0.03778632 0.01765191
v 0.10893343 0.38815337 -0.14293934
v 0.36923021 0.15625626 -0.07589080
v 0.34752378 -0.01795452 -0.01267442
v 0.35197353 -0.00216191 -0.02073666
v 0.35878673 0.02204499 -0.03205276
v 0.33639011 0.37554750 -0.16138151
v 0.26213554 0.38567677 -0.15378371
v 0.35265020 -0.03475723 -0.00736948
v -0.39240840 0.09321345 -0.06254037
v -0.39190251 0.12381798 -0.07145832
v -0.39457381 0.07449535 -0.05886277
v 0.28638983 0.38632715 -0.15844430
v 0.05998245 0.38638160 -0.14036864
v -0.39528674 0.34378764 -0.16226250
v -0.39125991 0.35874754 -0.16987219
v -0.08822384 0.39773071 -0.15217462
v -0.13003477 0.39764008 -0.15347230
v -0.01162555 0.38666794 -0.14084852
v -0.37398273 -0.02259621 -0.02191616
v -0.37580600 -0.04235168 -0.01516275
v -0.41636935 0.27698016 -0.13987483
v -0.41544414 0.29273903 -0.14633495
v 0.14861022 0.39837736 -0.15388647
v 0.18505104 0.39785796 -0.15492465
v 0.21007818 0.39926207 -0.15871298
v 0.39100543 0.19038267 -0.09484508
v 0.38927799 0.22019704 -0.10601505
v 0.39007369 0.24185582 -0.11485711
v 0.39033398 0.26268715 -0.12295561
v -0.34003308 0.39066595 -0.17429848
v 0.23469740 0.39843020 -0.16136892
v 0.39242920 0.17371352 -0.09009591
v 0.37707415 0.36318076 -0.16691546
v 0.36028570 0.04750337 -0.04082913
v 0.35917708 0.07981107 -0.04977110
v 0.37551311 0.09511427 -0.06076409
v 0.30446047 0.39284563 -0.16816305
v 0.35987809 0.37494650 -0.16917998
v 0.37775818 0.12777390 -0.07074871
v 0.39267260 0.14302304 -0.08164999
v 0.10401978 0.39809269 -0.15248652
v 0.05327846 0.39795330 -0.15188470
v -0.41701421 0.25570852 -0.13144617
v -0.40495023 0.23623499 -0.11706235
v -0.40252584 0.21355206 -0.10694864
v -0.40553814 0.16692217 -0.09224346
v -0.40258923 0.12410873 -0.07695687
v -0.40595466 0.14274803 -0.08456536
v -0.37639946 0.37628767 -0.17565270
v -0.30566335 -0.04406416 0.02302533
v 0.25656247 0.40001732 -0.16647680
v 0.28306195 0.39717740 -0.16816586
v 0.01911220 0.40002915 -0.15434076
v -0.05113184 0.39890465 -0.15320055
v 0.23908041 -0.01772090 0.02149132
v -0.39346820 0.04626723 -0.05193122
v -0.39410782 0.02639517 -0.04721218
v 0.25328705 -0.02261669 0.01915937
v -0.39153758 -0.00352099 -0.03715144
v -0.34693417 -0.03912696 -0.00125005
v -0.36238211 -0.04432350 -0.00688173
v 0.36103150 -0.01907377 -0.01827474
v 0.37487423 0.00465236 -0.03358938
v 0.37929082 0.02570478 -0.04251181
v 0.38118768 0.07219892 -0.05692276
v 0.39422175 0.11751837 -0.07503495
v 0.37751094 0.04650398 -0.04808459
v 0.36262307 -0.04097908 -0.00920714
v 0.35971004 -0.06029260 0.00124714
v 0.35367435 -0.05946889 0.00307078
v 0.33759037 -0.05433399 0.00572625
v 0.30113283 -0.03818218 0.01182408
v 0.39485100 0.32822609 -0.15420918
v 0.39539251 0.31319225 -0.14705314
v 0.39229167 0.29341668 -0.13685982
v 0.32301763 0.38745615 -0.16807424
v -0.41460276 0.30864242 -0.15323000
v -0.41368458 0.32074809 -0.15857436
v -0.36147776 0.39100185 -0.18239121
v -0.40387499 0.34670228 -0.16822153
v -0.41361275 0.34217358 -0.17096482
v 0.37492412 0.37500086 -0.17530370
v -0.31983906 -0.04893108 0.01971289
v -0.34009796 -0.04310468 0.00517761
v -0.31324047 -0.04818274 0.02130767
v 0.39564762 0.35311922 -0.16917327
v 0.37600377 -0.02233500 -0.02420801
v 0.37399125 -0.04794580 -0.01230053
v 0.39385462 0.06378197 -0.06035025
v 0.39233559 0.03365986 -0.05116270
v 0.39489833 -0.00037609 -0.04171258
v 0.34423798 0.38699287 -0.17442687
v 0.35890925 0.38942105 -0.18206804
v 0.40300527 0.07642393 -0.06838185
v 0.38708708 -0.01547164 -0.03258957
v 0.38194188 -0.03243697 -0.02357622
v -0.40754616 0.04057816 -0.05725088
v -0.40693396 0.01488009 -0.05038094
v -0.40293172 0.07829469 -0.06386216
v -0.40903053 0.11456301 -0.07770506
v -0.41742057 0.22922426 -0.12096771
v -0.41707489 0.24336039 -0.12649305
v -0.41801977 0.21403594 -0.11578566
v -0.41945857 0.19135764 -0.10857472
v 0.40215075 0.24666631 -0.12299764
v 0.40294254 0.28008640 -0.13711664
v 0.34141386 0.39628515 -0.18255296
v 0.32222393 0.39860803 -0.17910853
v -0.33781692 -0.05596177 0.01487889
v -0.32943627 -0.05411733 0.01716944
v -0.39036003 -0.02366754 -0.03008039
v -0.38569546 -0.03990474 -0.02192739
v -0.37240660 -0.05401982 -0.00786869
v 0.37653092 0.38755929 -0.18761711
v 0.39183715 0.36670899 -0.17707162
v 0.39250195 0.37373525 -0.18314394
v -0.39092159 0.37792125 -0.18442845
v 0.40523085 0.04419344 -0.06088713
v 0.41116983 0.01147677 -0.05437161
v -0.37810001 0.38769037 -0.18679072
v 0.40434450 0.09889033 -0.07519019
v 0.40846002 0.33872834 -0.16800679
v 0.39597759 -0.02213229 -0.03521546
v -0.35292047 -0.05115855 0.00274652
v -0.35503966 0.40014502 -0.18936142
v -0.40465689 0.35873270 -0.17728336
v 0.41374874 0.02731896 -0.06045398
v 0.40310499 0.21756011 -0.11278403
v -0.18599120 -0.01036319 0.03307066
v -0.19965011 -0.01360099 0.03191410
v 0.40889329 0.31642631 -0.15652026
v 0.40922487 0.30336019 -0.15085080
v 0.39311311 -0.04595666 -0.02511952
v -0.40825340 -0.00967995 -0.04461839
v -0.40369254 -0.02590992 -0.03735418
v -0.41988400 0.17073970 -0.10179556
v -0.42221072 0.14257723 -0.09397627
v -0.41128975 0.07182957 -0.06683011
v 0.41772160 0.04772021 -0.06893789
v 0.41517764 0.07559595 -0.07511128
v 0.40672326 -0.00824494 -0.04592155
v 0.41091862 0.13787545 -0.09026832
v 0.40149158 0.16109526 -0.09132521
v -0.34933394 -0.06097850 0.01086556
v 0.36213532 0.40272105 -0.19731709
v 0.37551847 0.39931425 -0.19927603
v -0.40372458 0.37488407 -0.18941516
v -0.38661563 -0.05434734 -0.01734376
v 0.40230736 0.18517303 -0.09973320
v 0.40972170 0.16232429 -0.09675555
v 0.41104743 0.26418161 -0.13555145
v -0.22721727 -0.02063750 0.03190758
v 0.41276103 0.22491911 -0.12135714
v 0.41981357 0.24001546 -0.13190269
v -0.37832800 0.39962208 -0.19898209
v -0.36361167 0.40567407 -0.19895884
v 0.38327023 -0.05598810 -0.01507152
v 0.37424415 -0.06702454 -0.00516343
v 0.36330983 -0.06433245 -0.00009378
v 0.40777221 0.35754839 -0.17989323
v 0.40636104 0.37132549 -0.18947873
v -0.41766074 0.03344744 -0.06137658
v -0.42238098 0.12195492 -0.08792513
v 0.39337751 0.38958505 -0.19864319
v 0.42282134 0.01258918 -0.06169536
v 0.42520624 0.02214398 -0.06609781
v 0.42698488 0.04470125 -0.07389233
v 0.40852889 -0.03872329 -0.03787202
v 0.42010459 0.20501119 -0.11907330
v 0.41605207 0.16867223 -0.10321794
v 0.42240146 0.21664441 -0.12503234
v 0.40744102 0.38165122 -0.19945621
v -0.40314978 -0.03804133 -0.03354823
v -0.39262259 -0.06026337 -0.01913422
v -0.36359879 -0.06562575 0.00387959
v 0.42209667 -0.00588183 -0.05664899
v -0.39476928 0.39145726 -0.19957331
v -0.40379331 0.38457257 -0.19853584
v -0.41650108 0.00827230 -0.05446127
v -0.41771865 0.01748618 -0.05771957
v -0.42280173 0.09749264 -0.08150926
v -0.42330232 0.07640335 -0.07582311
v -0.41588393 0.35841078 -0.18439105
v 0.41435012 0.10161421 -0.08234121
v -0.37398437 -0.06949653 -0.00142276
v 0.41919684 -0.02011450 -0.05061524
v 0.41637999 -0.02905941 -0.04626580
v 0.42123714 0.25791350 -0.14007308
v 0.40208620 -0.05721702 -0.02775105
v 0.38472483 -0.06996870 -0.01172430
v 0.42160428 0.27289867 -0.14693609
v -0.42195171 0.05391398 -0.06947766
v 0.42796466 0.07229836 -0.08292540
v 0.42804387 0.09679101 -0.09032132
v 0.42829892 0.11485860 -0.09569242
v 0.42808110 0.14095142 -0.10325744
v 0.42673722 0.16056344 -0.10844180
v 0.42469499 0.18127416 -0.11419643
v -0.29213956 -0.03999990 0.02474925
v 0.41460013 -0.04884469 -0.03976067
v 0.41531360 0.32837138 -0.16774473
v -0.35520148 -0.06411446 0.00792529
v 0.42241839 0.29124391 -0.15557729
v 0.41435230 0.36035413 -0.18709056
v 0.41384023 0.37504452 -0.19834991
v -0.39051887 -0.07346787 -0.01210146
v -0.39836451 -0.07544220 -0.01722665
v -0.41707870 0.37552062 -0.19956911
v -0.41999042 0.37128401 -0.19849938
v 0.42168808 0.35361499 -0.18852895
v 0.42336175 0.33204004 -0.17707434
v 0.42227080 0.31539875 -0.16690162
v -0.40534085 -0.06688779 -0.02666545
v 0.42233440 0.36775988 -0.19955890
v 0.39653796 -0.07432781 -0.01956775
v 0.40902108 -0.06584174 -0.03099856
v -0.36613008 -0.06844324 0.00237854
v -0.41346282 -0.02111910 -0.04615540
v -0.40665171 -0.07843217 -0.02288345
v 0.42272761 0.38245475 -0.21340553
v -0.40795231 -0.08362867 -0.02343919
v -0.41468099 -0.08377139 -0.02712236
v -0.41354790 -0.08771336 -0.02544176
v -0.42017302 -0.08880800 -0.02768006
v -0.42375442 -0.08667099 -0.03152452
v -0.42444935 -0.09332053 -0.02337303
v -0.41773579 -0.09183894 -0.02635669
v -0.41152781 -0.08950951 -0.02530404
v -0.42090616 -0.09493214 -0.02324015
v -0.41795075 -0.07880411 -0.03357418
v -0.41053838 -0.07015351 -0.03079001
v 0.43061775 0.22441788 -0.13558091
v 0.40657750 -0.07748671 -0.02722310
v -0.38014072 -0.07257722 -0.00554825
v 0.42950448 0.25183079 -0.14548601
v -0.42797315 0.34700251 -0.18836077
v -0.43155995 0.35706344 -0.19971608
v -0.41187152 -0.04620018 -0.03944109
v -0.42520037 0.33090457 -0.17580472
v -0.44241309 0.32619816 -0.18938419
v -0.44319165 0.34074178 -0.20082004
v -0.44275177 0.31728619 -0.18491173
v -0.42926148 0.30901870 -0.16779782
v 0.43070790 0.18469799 -0.12149241
v -0.44032633 0.30135906 -0.17502396
v -0.43506715 0.28539211 -0.16279480
v 0.43051720 0.29729488 -0.16661127
v -0.42712435 0.26207712 -0.14418261
v -0.42305347 0.03193708 -0.06598657
v -0.42481458 0.10248571 -0.08491959
v 0.42797726 0.35890275 -0.19913521
v -0.42766973 0.23985866 -0.13605228
v -0.42711762 0.21252346 -0.12443016
v -0.42730972 0.37787637 -0.21307322
v -0.41977447 0.38807452 -0.21534829
v 0.43039650 0.34220749 -0.19101812
v 0.42877731 0.37598884 -0.21422385
v -0.42339468 -0.10000814 -0.01189810
v 0.42551774 0.38871133 -0.22318466
v -0.43044817 -0.10559952 -0.01365853
v 0.03468424 -0.08225653 0.42025164
v -0.04423873 -0.08192948 0.42112535
v 0.02501325 -0.08243327 0.43177938
v 0.11055596 -0.08200641 0.43142623
v 0.10515627 -0.08162387 0.42070872
v 0.16946110 -0.08155717 0.42088991
v 0.16903765 -0.08178090 0.43117523
v 0.21624076 -0.08180524 0.42089236
v 0.21491203 -0.08183838 0.43084905
v 0.22979322 -0.08158389 0.42745683
v 0.27488700 -0.08114856 0.43101770
v 0.24568085 -0.08152215 0.42100355
v 0.28240544 -0.08140772 0.42051232
v 0.29763472 -0.08176804 0.43127155
v -0.06440758 -0.08230607 0.43161127
v -0.07676218 -0.08199803 0.42117962
v -0.11363749 -0.08190875 0.42136151
v -0.15146534 -0.08186892 0.42428017
v -0.14737868 -0.08236708 0.43158603
v -0.17243969 -0.08208888 0.43134072
v -0.22784336 -0.08196791 0.43141648
v -0.21071634 -0.08190615 0.42152926
v -0.24670053 -0.08178713 0.42147449
v -0.28457844 -0.08207335 0.43114138
v -0.14633387 -0.08200854 0.42171350
v -0.27386180 -0.08210722 0.42101410
v -0.29237890 -0.08255575 0.42078120
v -0.30347469 -0.08281662 0.43124300
v 0.30849040 -0.08277852 0.42004237
v 0.31376666 -0.08305324 0.43124911
v -0.31352633 -0.08409970 0.42033592
v -0.31971586 -0.08424757 0.43103951
v 0.32996184 -0.08565331 0.42033443
v 0.32808429 -0.08517959 0.43180054
v -0.32821491 -0.08611648 0.42047334
v 0.22021562 -0.08263367 0.41564137
v -0.33046228 -0.08598576 0.43162453
v 0.27386287 -0.08325858 0.41251504
v 0.29585284 -0.08398160 0.41249648
v 0.15557258 -0.08355071 0.41280290
v 0.08348539 -0.08392895 0.41250488
v 0.07273151 -0.08205532 0.41996577
v 0.22098860 -0.08352631 0.41231468
v -0.14669152 -0.08344524 0.41627222
v 0.32562605 -0.08659261 0.41360450
v 0.04374120 -0.08532255 0.41002241
v -0.04721097 -0.08429949 0.41296393
v 0.31497678 -0.08589034 0.41091287
v -0.20777595 -0.08512604 0.41110861
v -0.23724757 -0.08503983 0.41120505
v -0.17508441 -0.08507844 0.41091692
v -0.11361755 -0.08516813 0.41076869
v -0.07913104 -0.08530537 0.41068527
v -0.30784327 -0.08543111 0.41489998
v -0.28556934 -0.08534189 0.41226017
v -0.33899045 -0.08808751 0.43132940
v -0.34311208 -0.09021621 0.42016318
v 0.02610565 -0.08529057 0.41049185
v 0.34201738 -0.08940298 0.43181118
v 0.34390143 -0.09013361 0.42024222
v -0.31272984 -0.08549978 0.43880111
v -0.28338537 -0.08498939 0.44220132
v -0.18222159 -0.08533047 0.44308430
v 0.08071159 -0.08555521 0.44291410
v 0.17134741 -0.08521571 0.44294149
v 0.20302552 -0.08528127 0.44285086
v 0.01067951 -0.08541560 0.44157699
v -0.07930322 -0.08568671 0.44296956
v -0.14483911 -0.08580023 0.44317883
v 0.29604355 -0.08499973 0.44289002
v 0.31059948 -0.08629053 0.44302920
v 0.27250385 -0.08474843 0.44319904
v -0.32939392 -0.08975725 0.44299310
v -0.35204592 -0.09308385 0.43252194
v 0.32820597 -0.08952866 0.44344535
v -0.01568897 -0.08663516 0.44397345
v -0.34282687 -0.09350879 0.44292450
v -0.31570891 -0.08824801 0.44386524
v 0.35138953 -0.09339228 0.41979352
v -0.28901154 -0.08655380 0.44439101
v -0.35450271 -0.09523225 0.42045948
v 0.34285602 -0.09273293 0.41046375
v 0.35233766 -0.09448532 0.43127996
v 0.34560263 -0.09372835 0.43865761
v -0.35522079 -0.09479406 0.43161979
v -0.33065343 -0.08951658 0.41402081
v 0.29573822 -0.08546522 0.40957910
v 0.17178008 -0.08536974 0.40913421
v 0.08543979 -0.08534081 0.40977913
v 0.32885680 -0.09025530 0.40772521
v -0.31953815 -0.08935829 0.41100487
v 0.34069720 -0.09329271 0.40820718
v 0.27025464 -0.08613763 0.40795922
v -0.34468570 -0.09504673 0.41182160
v -0.30334958 -0.08784982 0.41109231
v 0.34613040 -0.09635200 0.44278196
v 0.35980159 -0.09947333 0.42032185
v -0.35322466 -0.09926730 0.44316453
v 0.04388330 -0.08980855 0.44816813
v -0.03359950 -0.08967149 0.44780743
v -0.13526289 -0.08979427 0.44820279
v -0.17831203 -0.09020019 0.44863257
v 0.16700310 -0.08760670 0.44573835
v 0.35997871 -0.10050120 0.43150261
v -0.36469874 -0.10321191 0.41968095
v 0.35293442 -0.09804315 0.41162923
v -0.35852638 -0.10097898 0.43933985
v 0.07920734 -0.09185700 0.44988263
v -0.36393279 -0.10196492 0.43120053
v 0.29282790 -0.08896004 0.44720063
v -0.33039701 -0.09653620 0.45006174
v -0.24396418 -0.09183088 0.45008516
v 0.15508063 -0.09053464 0.44872487
v 0.20402771 -0.09242093 0.45011014
v 0.24039820 -0.09225824 0.45026344
v -0.07684862 -0.09098502 0.44924298
v -0.31376377 -0.09419279 0.45002073
v -0.34256986 -0.09895762 0.44862002
v -0.35493809 -0.10094436 0.41163126
v 0.31666154 -0.09188714 0.40363094
v 0.36864859 -0.10789645 0.41955492
v -0.36213741 -0.10666546 0.44306007
v 0.27955922 -0.08865869 0.40543953
v -0.36368376 -0.10502238 0.41536424
v 0.19538677 -0.08785386 0.40635467
v -0.04445349 -0.08730372 0.40851137
v 0.02816577 -0.08751916 0.40816844
v 0.36322910 -0.10788630 0.41013804
v 0.35559198 -0.10328892 0.40770140
v -0.34942332 -0.09827542 0.41121021
v -0.05920493 -0.28111875 0.40369424
v -0.02310373 -0.28438193 0.40337217
v -0.05311038 -0.28544781 0.40388665
v -0.07484928 -0.28374293 0.40401569
v -0.01945144 -0.28606001 0.40355852
v -0.12983759 -0.28228912 0.40392992
v -0.07982962 -0.27650133 0.40336359
v -0.14708363 -0.27466512 0.40342751
v -0.11842059 -0.26237801 0.40325502
v -0.16539890 -0.24796969 0.40339455
v -0.03936214 -0.25255701 0.40359312
v -0.11930997 -0.24679030 0.40341139
v -0.03338336 -0.27189302 0.40378699
v -0.00183215 -0.24760528 0.40424761
v 0.00349420 -0.27873835 0.40438995
v -0.04053878 -0.24718128 0.40346572
v 0.03575769 -0.27841544 0.40584078
v -0.17983910 -0.25785765 0.40415961
v -0.20041107 -0.25729215 0.40489018
v -0.16317257 -0.27645189 0.40408939
v 0.05084604 -0.27566358 0.40677986
v 0.03382398 -0.24625885 0.40564713
v 0.05894972 -0.25081110 0.40719381
v 0.08162207 -0.27700266 0.40766570
v 0.09247684 -0.25254086 0.40798834
v 0.12839527 -0.27560443 0.40799716
v 0.13409330 -0.25813910 0.40819755
v 0.16029947 -0.27098367 0.40879986
v 0.10929511 -0.24862774 0.40793425
v 0.05685275 -0.24396731 0.40695161
v 0.10026232 -0.24391441 0.40782809
v 0.13514350 -0.28118557 0.40773636
v 0.18856958 -0.25483510 0.40886486
v 0.17908415 -0.24838385 0.40861741
v 0.22041237 -0.26265353 0.40990818
v 0.21936546 -0.24753386 0.40933612
v 0.24258383 -0.26177648 0.41017002
v 0.17410675 -0.24687269 0.40822348
v 0.19500127 -0.24297337 0.40847656
v 0.21808024 -0.24272515 0.40879896
v 0.07844391 -0.28307179 0.40713704
v 0.05005717 -0.28318974 0.40599644
v 0.17103089 -0.28097966 0.40991986
v 0.26045066 -0.24079129 0.40881732
v 0.28855023 -0.24081418 0.40884170
v 0.29301748 -0.25178245 0.40958568
v 0.19003606 -0.27788568 0.41036749
v 0.30327776 -0.24213883 0.40861416
v 0.31489867 -0.24420038 0.40800568
v -0.19040109 -0.24639234 0.40369949
v 0.28676510 -0.26117685 0.41054779
v 0.30293375 -0.26410213 0.41039160
v 0.23612022 -0.27715853 0.41203490
v 0.24940579 -0.26768255 0.41097668
v -0.24671371 -0.24716125 0.40404391
v -0.21701172 -0.24428773 0.40395290
v -0.23076864 -0.26335669 0.40520304
v -0.25441143 -0.25896415 0.40533033
v -0.28697202 -0.24531646 0.40556613
v -0.25884849 -0.24415159 0.40467647
v -0.27020061 -0.25959772 0.40618980
v -0.29134211 -0.25903681 0.40682214
v -0.30660263 -0.25770852 0.40621772
v 0.01611781 -0.28070959 0.40441632
v 0.00470155 -0.24359940 0.40506965
v 0.32173574 -0.26494205 0.40836781
v -0.19955540 -0.27655819 0.40755162
v -0.20839962 -0.26849011 0.40669462
v -0.16206102 -0.27996957 0.40451750
v -0.18753596 -0.28055379 0.40683913
v -0.29511487 -0.24655747 0.40527922
v -0.24716577 -0.26641339 0.40619743
v 0.32086694 -0.24246746 0.40732381
v 0.20860505 -0.28028882 0.41166064
v -0.31127235 -0.24784903 0.40423214
v 0.27140689 -0.23549518 0.40979537
v 0.18052754 -0.23465432 0.40991935
v 0.08471016 -0.23492008 0.40924221
v 0.22570108 -0.23510309 0.41034794
v 0.32564303 -0.24312858 0.40626338
v -0.31957123 -0.25769457 0.40484723
v -0.21460840 -0.27565220 0.40833661
v -0.23515087 -0.27092490 0.40690565
v -0.17980307 -0.23612273 0.40594354
v 0.26485786 -0.27564603 0.41304100
v 0.28864065 -0.27499336 0.41356036
v 0.01002115 -0.28438923 0.40189597
v 0.05668520 -0.23171714 0.40962496
v 0.02527874 -0.23488639 0.40789303
v 0.12097985 -0.28454381 0.40693605
v 0.12808254 -0.28505135 0.40723401
v 0.12510480 -0.28719464 0.40710706
v 0.10786445 -0.28818399 0.40624723
v 0.09659603 -0.28535932 0.40555423
v 0.09675040 -0.28778782 0.40562910
v 0.14823385 -0.28514609 0.40951905
v 0.16861346 -0.28310508 0.41028914
v 0.25499481 -0.27893457 0.41374350
v 0.30296591 -0.23707226 0.40996471
v -0.03482417 -0.23771210 0.40584418
v -0.12509164 -0.23676513 0.40585023
v -0.29789168 -0.23919581 0.40705758
v -0.25512135 -0.23642285 0.40654683
v -0.22411129 -0.23643780 0.40601426
v 0.00759423 -0.28232881 0.40344444
v 0.31408489 -0.23401169 0.41110635
v 0.28397942 -0.23216915 0.41094497
v 0.22434141 -0.23151830 0.41136146
v 0.30416536 -0.27637950 0.41343603
v 0.33405849 -0.24492078 0.40420440
v 0.34725267 -0.24498810 0.40140486
v 0.34443635 -0.25003719 0.40111116
v 0.31969985 -0.27622589 0.41119245
v -0.32322019 -0.24927157 0.40237242
v 0.33186007 -0.26531708 0.40556210
v -0.29191136 -0.26943558 0.40975022
v -0.27353486 -0.27178746 0.40982282
v -0.31030029 -0.26865175 0.40952319
v 0.33791974 -0.26348734 0.40304860
v -0.29871961 -0.23375805 0.40886211
v -0.31391507 -0.24285017 0.40612796
v 0.08499325 -0.23124003 0.41047391
v 0.16605201 -0.23151021 0.41094628
v 0.02635469 -0.28673705 0.40200999
v 0.02608937 -0.28458446 0.40208334
v 0.06290790 -0.28722981 0.40374434
v 0.05402951 -0.28614205 0.40336782
v 0.09471717 -0.28692132 0.40393224
v -0.04148949 -0.23530780 0.40670788
v -0.25008065 -0.27557138 0.40973926
v 0.32895154 -0.27883458 0.40924314
v -0.32540727 -0.25445873 0.40235299
v -0.20648170 -0.27997136 0.40978369
v 0.03816156 -0.22960414 0.41029939
v -0.28720134 -0.22956015 0.41034925
v 0.32872212 -0.22725365 0.41264290
v -0.00247397 -0.22947609 0.41012630
v 0.34875947 -0.25689813 0.39900354
v 0.34962595 -0.26505157 0.39827713
v 0.35636622 -0.24757057 0.39741707
v -0.23137611 -0.27823889 0.40977490
v -0.32157445 -0.27151859 0.41006479
v 0.33502552 -0.27871558 0.40640062
v 0.34659570 -0.23568062 0.40613636
v 0.34591109 -0.22518744 0.41031787
v 0.35925549 -0.23105364 0.40532458
v 0.35589373 -0.22289270 0.40921745
v 0.35691902 -0.23561747 0.40369198
v 0.36202979 -0.24063174 0.40081710
v 0.36530915 -0.23875028 0.40110493
v 0.34810716 -0.28012627 0.40017781
v 0.36010569 -0.22304447 0.40809911
v 0.36983842 -0.23232575 0.40510419
v -0.32770464 -0.26519546 0.40565288
v 0.23249970 -0.28088441 0.41343722
v -0.32066509 -0.23821658 0.40891358
v -0.26966447 -0.22891909 0.41039339
v -0.13308711 -0.23344555 0.40744314
v 0.25906825 -0.22543395 0.41426554
v -0.16588280 -0.28491694 0.40703523
v 0.18104804 -0.28336135 0.41296622
v 0.33365792 -0.22172545 0.41421646
v -0.20892730 -0.22908734 0.40987381
v -0.32357362 -0.24497564 0.40449989
v 0.35904583 -0.24850918 0.39658213
v 0.35774079 -0.25924674 0.39408597
v 0.35596314 -0.28201815 0.39626199
v -0.32739550 -0.27749461 0.41121992
v 0.27997437 -0.22567770 0.41452655
v 0.30190212 -0.22753863 0.41445357
v 0.31646782 -0.22831067 0.41396317
v 0.20003177 -0.22603858 0.41433677
v 0.23300403 -0.22623135 0.41425636
v -0.33121118 -0.24806510 0.40090263
v -0.33263829 -0.25304681 0.39836085
v -0.33181143 -0.25627339 0.39913791
v -0.10850350 -0.22926983 0.41032016
v 0.32278579 -0.22150557 0.41733673
v -0.16555741 -0.22860995 0.41070017
v -0.33231863 -0.27927029 0.40897912
v 0.12791128 -0.28722292 0.40837148
v 0.32172015 -0.27965316 0.41276756
v -0.12779608 -0.28545484 0.40572912
v -0.33798805 -0.23802227 0.40935794
v -0.31033891 -0.22957058 0.41313249
v -0.32780832 -0.23092653 0.41466153
v 0.08973388 -0.22865258 0.41227868
v 0.05113350 -0.22788656 0.41241917
v 0.17075606 -0.22663270 0.41433400
v -0.29130635 -0.27452686 0.41278961
v -0.31195918 -0.27478111 0.41302070
v -0.06871690 -0.28613350 0.40547723
v -0.32146370 -0.27772346 0.41402584
v -0.34345523 -0.24245617 0.40535086
v 0.36804104 -0.23689716 0.40184659
v 0.37524298 -0.23340082 0.40445888
v -0.26912084 -0.27777678 0.41440079
v -0.18764362 -0.28395349 0.40979612
v 0.26784471 -0.27924842 0.41679513
v 0.28396335 -0.27858046 0.41699404
v 0.30388445 -0.27974889 0.41663575
v -0.34030560 -0.25088310 0.39662716
v -0.35396847 -0.24882124 0.39709905
v -0.35359412 -0.24324286 0.40310746
v -0.33857590 -0.25586107 0.39332947
v -0.34573758 -0.25634208 0.38862550
v -0.35992423 -0.24632771 0.40084073
v -0.35255203 -0.25445595 0.38886657
v -0.34830606 -0.25884435 0.38534677
v -0.35364139 -0.25824550 0.38296095
v -0.35921779 -0.25435340 0.38571793
v -0.35989383 -0.25084117 0.39400834
v -0.36004797 -0.25247350 0.39012921
v -0.36543947 -0.24470313 0.40093920
v -0.36619651 -0.24111627 0.40606841
v -0.37405545 -0.23718695 0.40816313
v -0.01330350 0.32955611 -0.11310717
v 0.01282034 0.35088980 -0.12687191
v 0.04386652 0.33092022 -0.11412291
v 0.04671970 0.34916407 -0.12598504
v -0.01291682 0.35415670 -0.12928808
v -0.04432029 0.34955496 -0.12630086
v -0.04410238 0.32756257 -0.11181277
v 0.06403889 0.33072075 -0.11464670
v 0.07299361 0.34632233 -0.12460341
v 0.09501527 0.33166313 -0.11626690
v 0.08964053 0.34676480 -0.12557372
v -0.04682172 0.35990396 -0.13359158
v 0.00267407 0.36230096 -0.13510841
v 0.04715286 0.36120012 -0.13455389
v 0.07933894 0.36425757 -0.13745525
v -0.08123603 0.34897032 -0.12667997
v -0.08798987 0.32887873 -0.11404528
v -0.12711804 0.33637109 -0.12105123
v -0.12131560 0.32636929 -0.11389144
v -0.11238603 0.34558481 -0.12597491
v -0.09537515 0.31468949 -0.10608669
v -0.14370771 0.31673247 -0.10874287
v -0.15971956 0.32938978 -0.11709093
v -0.15563445 0.33561906 -0.12132579
v -0.13300452 0.30466816 -0.10072317
v -0.08282890 0.29101616 -0.09135297
v -0.12742645 0.34503597 -0.12676929
v -0.17083596 0.34827718 -0.12996556
v -0.13017403 0.35965526 -0.13681720
v -0.16436672 0.36416185 -0.14067723
v -0.09686745 0.35575503 -0.13226885
v -0.20293218 0.34395078 -0.12856287
v -0.18362890 0.32927310 -0.11843026
v -0.20381372 0.33140454 -0.12067721
v -0.18811387 0.36097977 -0.13984987
v -0.22327282 0.34696457 -0.13173649
v -0.07700352 0.30129889 -0.09773063
v -0.01438591 0.29736882 -0.09546822
v -0.06658568 0.31367359 -0.10483509
v -0.01028932 0.28255853 -0.08572120
v -0.07224529 0.28241703 -0.08562597
v 0.06767361 0.28971496 -0.09025988
v 0.07852340 0.28200138 -0.08512918
v 0.10282633 0.29850101 -0.09596209
v 0.05610043 0.30245537 -0.09843182
v -0.00472902 0.30411232 -0.09934486
v -0.05562628 0.30569050 -0.10029094
v -0.00461768 0.31728774 -0.10628486
v -0.05129544 0.27436897 -0.08055837
v 0.02964199 0.27347800 -0.08007991
v -0.08274539 0.27675387 -0.08231387
v 0.08505586 0.31298855 -0.10473662
v 0.04888280 0.31102470 -0.10317567
v 0.02289839 0.32627410 -0.11144467
v 0.11643250 0.28133959 -0.08536459
v 0.09980394 0.27415735 -0.08068125
v 0.12734997 0.31184635 -0.10501908
v 0.12178721 0.29676422 -0.09522664
v 0.09855362 0.31791124 -0.10820555
v 0.07472638 0.26420039 -0.07475051
v -0.13129483 0.28773612 -0.09108358
v -0.10338778 0.27168155 -0.08030605
v -0.12635466 0.26869082 -0.07936431
v 0.11928158 0.32735956 -0.11476595
v 0.14436674 0.31826484 -0.11015187
v -0.08641979 0.26678389 -0.07681451
v -0.08646297 0.25743002 -0.07117517
v -0.04695511 0.26265389 -0.07374083
v -0.06927510 0.25358006 -0.06872994
v 0.00852275 0.27012375 -0.07826781
v -0.00362966 0.25638348 -0.06996256
v 0.02142273 0.25596678 -0.07001542
v 0.07708990 0.25396883 -0.06904099
v -0.14698048 0.30073267 -0.09921417
v -0.16867886 0.30895421 -0.10594916
v 0.14593509 0.30646423 -0.10254434
v -0.22071949 0.32996288 -0.12106971
v -0.03410479 0.25407866 -0.06904128
v 0.13242890 0.27557090 -0.08281909
v 0.14344509 0.28979257 -0.09236956
v 0.15788081 0.33523265 -0.12144464
v 0.16821821 0.34720275 -0.12922740
v 0.20218675 0.34617594 -0.13015555
v 0.17467731 0.32840657 -0.11810686
v 0.12698647 0.34355748 -0.12602513
v 0.14799085 0.35943305 -0.13722010
v 0.11902170 0.35840619 -0.13562003
v 0.16820115 0.36118308 -0.13905916
v 0.20851266 0.33130705 -0.12175099
v 0.21902707 0.34667882 -0.13161071
v -0.11998419 0.36703056 -0.14203557
v 0.11824746 0.25267303 -0.07007831
v 0.17956282 0.31637645 -0.11170875
v 0.16565911 0.29906040 -0.09987377
v 0.19107461 0.31528991 -0.11172361
v 0.18904829 0.29510561 -0.10008331
v 0.12030421 0.36846054 -0.14318584
v -0.05874914 0.36726108 -0.13956589
v 0.00463577 0.36775708 -0.13954608
v -0.13923949 0.26737863 -0.07963236
v -0.15019529 0.28493971 -0.09111720
v 0.22111702 0.31602737 -0.11432139
v -0.12439660 0.25339440 -0.07130920
v -0.09472447 0.25008479 -0.06770065
v -0.21531570 0.35632330 -0.13839264
v 0.03996711 0.36683020 -0.13883993
v 0.07536007 0.36757410 -0.14006515
v -0.19489428 0.31338933 -0.11064873
v 0.23390244 0.33648780 -0.12714173
v 0.24573514 0.31463882 -0.11622747
v 0.22742185 0.29912525 -0.10597325
v 0.21771516 0.36023256 -0.14165680
v 0.09929813 0.24948628 -0.06768591
v 0.23790044 0.34599921 -0.13353401
v 0.15608557 0.37850842 -0.15226090
v 0.16894558 0.37629473 -0.15090407
v 0.20219995 0.37531024 -0.15232038
v -0.22947831 0.33383030 -0.12451055
v 0.16392170 0.26858920 -0.08252902
v 0.14016788 0.26644802 -0.07876200
v -0.18743251 0.30067691 -0.10338543
v 0.19183566 0.27147439 -0.08790411
v 0.24222629 0.36222154 -0.14587858
v 0.11840271 0.37667748 -0.14983250
v -0.00392977 0.23742001 -0.06084557
v 0.01889239 0.24041191 -0.06259952
v 0.04208557 0.22966698 -0.05794630
v 0.07180806 0.24449579 -0.06468220
v -0.03517819 0.24262030 -0.06367133
v -0.00333498 0.22248697 -0.05359015
v 0.01035309 0.21617183 -0.05087318
v -0.08028259 0.24554043 -0.06515876
v -0.03045669 0.23365594 -0.06003039
v -0.22173361 0.30468646 -0.10842393
v -0.21984962 0.29646069 -0.10359339
v -0.18690547 0.27729082 -0.09144489
v -0.22334963 0.28604883 -0.09865567
v -0.19313098 0.26459542 -0.08525488
v -0.16310252 0.28251684 -0.09153478
v -0.16198589 0.26810005 -0.08332557
v 0.21630572 0.26960418 -0.08982554
v 0.26306903 0.33254379 -0.12903737
v 0.13342896 0.25186718 -0.07103353
v -0.16484483 0.37683558 -0.15108229
v -0.19354926 0.37453535 -0.15111454
v -0.21767981 0.36725277 -0.14748518
v -0.20814374 0.38454419 -0.16034101
v 0.24604341 0.37639159 -0.15729097
v -0.25382450 0.33131996 -0.12679142
v -0.03308184 0.22099003 -0.05434265
v -0.06245292 0.23053898 -0.05880408
v -0.19377807 0.25157958 -0.07873394
v -0.15465498 0.24969444 -0.07341745
v -0.22385491 0.27145052 -0.09172007
v -0.24856672 0.29758793 -0.10852408
v -0.25007594 0.31559163 -0.11785432
v -0.24054483 0.34709138 -0.13477208
v 0.05326963 0.22126108 -0.05460893
v 0.07271861 0.22384697 -0.05606399
v 0.19565289 0.25122124 -0.07846305
v 0.23278767 0.26908830 -0.09174112
v 0.22841533 0.25205344 -0.08300332
v 0.25145021 0.28096691 -0.10013137
v 0.25091887 0.29060370 -0.10492659
v 0.16667140 0.25147083 -0.07470286
v -0.08105554 0.22227320 -0.05545149
v -0.09164277 0.23354161 -0.06062763
v 0.26062000 0.34677568 -0.13805822
v 0.28435850 0.34673524 -0.14186461
v 0.25794405 0.36385468 -0.14981231
v 0.28730541 0.34385172 -0.14056012
v 0.24227402 0.37884825 -0.15922488
v -0.16578157 0.38369158 -0.15735804
v 0.19346669 0.38330546 -0.15850636
v -0.12259468 0.37774327 -0.15132090
v -0.22244191 0.38496304 -0.16240101
v -0.08202348 0.37770370 -0.14983879
v -0.10290115 0.39057496 -0.16159064
v -0.07029858 0.38777786 -0.15811516
v -0.04596477 0.37680069 -0.14816754
v 0.02003722 0.38793263 -0.15831016
v -0.03022180 0.39171314 -0.16133374
v -0.07655580 0.39182901 -0.16144168
v -0.07996392 0.39747876 -0.16529962
v -0.03796664 0.39891574 -0.16655354
v 0.01436332 0.39942029 -0.16714095
v 0.02273148 0.39237320 -0.16203910
v 0.04722596 0.39902738 -0.16646783
v -0.10220954 0.39778590 -0.16666920
v 0.05877901 0.39152810 -0.16076156
v -0.10302452 0.40223157 -0.17002684
v 0.09752790 0.40149909 -0.16918327
v 0.08658859 0.38887423 -0.15936269
v 0.12515193 0.39411968 -0.16595258
v 0.09559187 0.39265454 -0.16275875
v 0.17998938 0.39174265 -0.16570938
v 0.10953158 0.39980355 -0.16952248
v 0.10389466 0.40517631 -0.17194729
v 0.04539451 0.40343183 -0.17021385
v -0.03147618 0.40515631 -0.17163645
v -0.07584401 0.40311709 -0.17000107
v -0.10377336 0.40559843 -0.17243794
v -0.11152802 0.39925340 -0.16959605
v -0.12900022 0.39405268 -0.16641802
v -0.23521791 0.36975753 -0.15211089
v -0.24121554 0.36174959 -0.14646396
v -0.18280169 0.39276773 -0.16639316
v -0.13450064 0.25129411 -0.07132256
v -0.11546052 0.23436017 -0.06256409
v 0.28663141 0.33352408 -0.13422389
v 0.26666033 0.31284449 -0.11893187
v -0.25460407 0.28962675 -0.10557056
v -0.24877787 0.28053629 -0.09987714
v -0.26420629 0.29882354 -0.11173621
v -0.09872071 0.22169834 -0.05588961
v -0.26674142 0.34363538 -0.13781779
v 0.29846519 0.35737005 -0.15273170
v 0.30973071 0.36314720 -0.15925473
v 0.27826172 0.36721468 -0.15663666
v 0.30622095 0.37548229 -0.16846099
v -0.22995044 0.25162160 -0.08321375
v 0.09434776 0.23118334 -0.06002904
v 0.08972739 0.22011472 -0.05513522
v 0.26797044 0.37600642 -0.16210638
v -0.00738463 0.20949852 -0.04837614
v 0.00300652 0.20220877 -0.04531964
v 0.04750622 0.18451451 -0.03934511
v 0.03640096 0.20775619 -0.04847762
v 0.07434025 0.18113570 -0.03864585
v 0.00153015 0.19021599 -0.04021780
v -0.03474452 0.18600695 -0.04005438
v -0.03410508 0.20829359 -0.04933009
v -0.08060379 0.17971265 -0.03855588
v -0.07913665 0.20698793 -0.04969046
v 0.11851633 0.22385685 -0.05847729
v 0.09551610 0.19932055 -0.04714796
v 0.12514000 0.17247649 -0.03816829
v 0.11985037 0.18202150 -0.04168696
v 0.13842869 0.18389696 -0.04385334
v 0.12263960 0.19776794 -0.04783002
v 0.14317738 0.19810694 -0.04951981
v 0.14206305 0.21954864 -0.05891473
v 0.16729508 0.20075768 -0.05359808
v 0.17348948 0.22052750 -0.06313737
v -0.10231368 0.19739272 -0.04698661
v 0.16791171 0.23968647 -0.06974150
v 0.19031680 0.23345877 -0.07018226
v 0.22218788 0.23521316 -0.07527712
v 0.22521468 0.21930516 -0.06872182
v 0.24876034 0.26143748 -0.09080546
v 0.24773508 0.25031820 -0.08532343
v 0.18542328 0.20698646 -0.05881920
v 0.20033681 0.20453788 -0.05984582
v -0.12871373 0.20644766 -0.05224204
v -0.09520159 0.17267171 -0.03672606
v 0.03842908 0.16680144 -0.03233789
v 0.01057322 0.16808587 -0.03235784
v 0.07576302 0.16679774 -0.03328633
v -0.03942934 0.16616526 -0.03260479
v -0.07769211 0.15521617 -0.02942533
v -0.00524641 0.16625780 -0.03174096
v 0.03409234 0.14726099 -0.02519140
v -0.00301094 0.14646137 -0.02456434
v 0.16354620 0.18700798 -0.04747587
v -0.14734165 0.21884952 -0.06012080
v -0.15006268 0.20218611 -0.05319984
v -0.13797772 0.24181911 -0.06799815
v -0.16901879 0.21844557 -0.06207648
v -0.20011184 0.22262275 -0.06698466
v -0.19289269 0.24390607 -0.07556830
v -0.17165613 0.19371195 -0.05273414
v -0.22699635 0.24515347 -0.08044141
v -0.22023827 0.23526900 -0.07564090
v -0.21888326 0.21902770 -0.06799725
v -0.20252568 0.20380187 -0.06032211
v 0.13519453 0.17017902 -0.03823287
v -0.23619610 0.26095900 -0.08897220
v -0.12891765 0.18485339 -0.04456260
v -0.12426908 0.17259000 -0.03932175
v -0.08192922 0.14137696 -0.02442473
v -0.03389158 0.14417547 -0.02464538
v -0.03167496 0.15340272 -0.02802466
v -0.20315504 0.18857020 -0.05435669
v 0.24822389 0.22532499 -0.07538415
v 0.24805200 0.23716576 -0.08005165
v 0.16768993 0.17631437 -0.04424561
v 0.10393365 0.14995944 -0.02891673
v 0.07858318 0.15341288 -0.02881645
v 0.07854532 0.14131585 -0.02414734
v 0.07099812 0.12600435 -0.01857787
v -0.09828184 0.14625713 -0.02737115
v -0.09204123 0.12094277 -0.01800411
v -0.12208170 0.14947215 -0.03092140
v 0.19970992 0.18780005 -0.05317193
v 0.28318077 0.30395979 -0.11803038
v 0.30108625 0.31564510 -0.12833129
v 0.27057570 0.29005945 -0.10889275
v -0.03717110 0.12744159 -0.01900340
v -0.00292690 0.12885742 -0.01880460
v -0.08138198 0.12431289 -0.01855379
v 0.03343503 0.12872556 -0.01899939
v -0.05564387 0.11421438 -0.01429423
v -0.07510605 0.09707023 -0.00848163
v -0.00217018 0.10436498 -0.00993939
v 0.06036797 0.10574080 -0.01108549
v 0.03048198 0.09891631 -0.00816759
v 0.05766971 0.09141070 -0.00577511
v 0.05862147 0.06385542 0.00387893
v -0.00192188 0.08547589 -0.00316864
v -0.00450283 0.06934539 0.00307356
v 0.04701819 0.04678083 0.01108994
v 0.02492987 0.02512545 0.02043198
v 0.00126099 0.04005269 0.01501656
v -0.00231747 0.05604614 0.00839204
v -0.04011054 0.05897561 0.00629260
v -0.04301230 0.03678041 0.01530812
v -0.06256966 0.08118141 -0.00258352
v -0.06892403 0.05334509 0.00722286
v -0.06377628 0.02652384 0.01826015
v -0.08002006 0.07031218 0.00046505
v -0.07136526 0.02020002 0.02056522
v 0.05989364 0.03039539 0.01697957
v 0.04274194 0.01415120 0.02447447
v 0.02385090 0.01546327 0.02471442
v 0.07030968 0.01807193 0.02231671
v 0.08405654 0.03457364 0.01368414
v 0.08600080 0.01875008 0.02120006
v 0.08410601 0.00312647 0.02983565
v 0.05172307 0.00536470 0.02996755
v -0.00301577 0.01589077 0.02456568
v -0.00478979 0.02278207 0.02153122
v -0.05577496 0.01289385 0.02470682
v -0.08645397 0.01203263 0.02385780
v 0.02303609 0.01052789 0.02775145
v -0.01209965 0.01037028 0.02782863
v 0.11426003 0.02054990 0.01775903
v 0.11896253 0.01165613 0.02177020
v 0.12669933 0.04164582 0.00749504
v 0.10467288 0.04971819 0.00569568
v -0.10273096 0.00436125 0.02786821
v 0.07668789 0.05868065 0.00470905
v 0.12753871 0.06439499 -0.00141027
v 0.10755829 0.06519062 -0.00045878
v 0.15253137 0.04258301 0.00439867
v 0.09960603 -0.00154576 0.03209843
v 0.04797927 0.00038926 0.03308025
v 0.02227606 0.00438721 0.03239396
v 0.02472894 0.00122813 0.03368558
v -0.01163575 0.00086143 0.03416573
v -0.00736742 0.00685278 0.03074978
v -0.05053395 0.00692413 0.02898588
v 0.07987956 0.09027917 -0.00614768
v 0.08042389 0.10358259 -0.01113283
v 0.10779919 0.08589174 -0.00735465
v 0.12368545 0.07923165 -0.00614827
v 0.13936563 0.00916214 0.02030199
v 0.14687029 0.01797486 0.01506639
v 0.14508678 0.06222425 -0.00211963
v -0.09185383 0.09278300 -0.00793819
v -0.02627096 0.10256921 -0.00991636
v -0.08552318 0.05040821 0.00698583
v -0.09844500 0.02803643 0.01533027
v -0.11317702 0.01147800 0.02185717
v -0.11900946 0.02185293 0.01608797
v -0.12238316 0.04213616 0.00715848
v -0.11171715 0.05430236 0.00301516
v -0.13603465 0.05235357 0.00168359
v -0.11040352 0.06668779 -0.00130783
v 0.08370359 0.12380713 -0.01851024
v 0.15724200 -0.00081486 0.02249809
v 0.17190064 0.01542938 0.01240605
v 0.17640197 0.03698744 0.00298176
v 0.12403880 0.11121368 -0.01757789
v 0.10999973 0.11205748 -0.01687856
v 0.12220614 0.15128079 -0.03065185
v 0.12048086 0.13270250 -0.02439239
v -0.14545718 0.01346517 0.01654649
v -0.14709359 0.00412475 0.02090624
v -0.14639451 0.03501594 0.00723716
v -0.13440666 0.06744257 -0.00329212
v -0.06625869 0.00431367 0.02972334
v 0.14871413 0.07579703 -0.00717306
v 0.14008610 0.09273075 -0.01258879
v 0.16978005 0.09055608 -0.01514072
v -0.15231676 0.05167289 -0.00002502
v 0.10789627 0.00120458 0.02933837
v 0.12367135 -0.00065506 0.02837078
v 0.14330056 0.11713721 -0.02126377
v 0.17488414 0.06027065 -0.00498844
v -0.11942494 0.10084064 -0.01324403
v -0.12137809 0.13708374 -0.02651792
v -0.13134579 0.12604910 -0.02350075
v -0.15329260 0.10948795 -0.01983944
v -0.13141815 0.08083520 -0.00731728
v 0.16505271 0.13638991 -0.03039520
v 0.16282129 0.11834779 -0.02388210
v 0.16746677 0.15824677 -0.03782814
v -0.11327336 0.07815253 -0.00509303
v -0.05736612 0.00052671 0.03307194
v -0.14523613 0.14114934 -0.03091841
v -0.21607719 0.18877257 -0.05656611
v -0.20342477 0.16964594 -0.04790759
v -0.20438632 0.15644877 -0.04327821
v -0.18478192 0.14993261 -0.03834136
v -0.20623885 0.14259194 -0.03851840
v -0.19075689 0.13215537 -0.03284889
v -0.16677064 0.12344392 -0.02673930
v -0.18411790 0.10902898 -0.02364939
v -0.13712364 0.16419576 -0.03807842
v -0.16446498 0.15525317 -0.03807781
v -0.18206985 0.17534359 -0.04776102
v -0.16417509 0.16978627 -0.04397364
v 0.14267981 -0.00227591 0.02608575
v -0.16469002 0.02594461 0.00825222
v -0.18771508 0.03167175 0.00264600
v -0.18371139 0.05203136 -0.00497162
v -0.15663232 0.06770331 -0.00621342
v 0.18895130 0.10616808 -0.02304160
v 0.19335057 0.12892465 -0.03163765
v 0.19472781 0.14754754 -0.03817432
v 0.19457850 0.17005073 -0.04615010
v -0.22176400 0.19670719 -0.06052846
v -0.24268398 0.22390489 -0.07470950
v -0.14141986 0.07933554 -0.00788303
v -0.15708555 0.07962270 -0.01012868
v -0.19691038 0.10479344 -0.02407797
v 0.15941620 -0.00645285 0.02494657
v -0.25370288 0.27210104 -0.09708343
v 0.22145575 0.19115555 -0.05835589
v 0.18037228 0.00211579 0.01668595
v 0.17895310 -0.00808500 0.02138461
v 0.19591522 -0.01270894 0.02084956
v 0.18654814 0.02298770 0.00664110
v 0.19367845 0.03279374 0.00140250
v 0.20361298 0.00679016 0.01015643
v 0.19137903 0.07393481 -0.01261446
v 0.19914591 0.09991039 -0.02250502
v -0.20553093 0.12540063 -0.03277626
v -0.17525865 0.00657797 0.01412490
v -0.19422819 0.01474216 0.00760366
v -0.20584875 -0.00146956 0.01205468
v -0.16755444 0.00299780 0.01691914
v -0.18063526 -0.00086288 0.01665849
v -0.19526263 -0.00920402 0.01787576
v 0.21275392 0.13571641 -0.03732099
v -0.19036709 0.06795406 -0.01203690
v -0.20537041 0.09337193 -0.02196484
v -0.12234485 0.00510619 0.02472997
v -0.14528160 -0.00217690 0.02573334
v -0.22091919 0.16740046 -0.05006291
v -0.24794631 0.17540611 -0.05802247
v -0.20304306 0.03259791 -0.00063558
v -0.19822605 0.05241656 -0.00795984
v -0.26855564 0.28774986 -0.10755251
v -0.28913420 0.29811659 -0.11641143
v -0.27412692 0.32894075 -0.12986244
v -0.29575419 0.31658307 -0.12742272
v -0.25196299 0.25675398 -0.09038682
v 0.20284542 0.04678315 -0.00522239
v 0.20604356 0.02109170 0.00312147
v 0.24836297 0.20568937 -0.06802605
v 0.29610425 0.29103807 -0.11493447
v 0.29181671 0.26805094 -0.10359826
v 0.31030899 0.29572651 -0.12088463
v 0.27276590 0.25188446 -0.09223969
v 0.29431373 0.25568050 -0.09891107
v 0.20867962 -0.01389717 0.01863924
v 0.22631553 0.16768341 -0.05113520
v 0.24927354 0.18075797 -0.06010570
v 0.24858479 0.15781587 -0.05222138
v 0.24829692 0.13989146 -0.04636211
v -0.25213888 0.20570289 -0.06924930
v -0.25275826 0.22162254 -0.07583572
v -0.24954584 0.24425288 -0.08433876
v 0.22443786 0.14376099 -0.04264218
v 0.24659434 0.11787121 -0.03869753
v 0.22567043 0.10518720 -0.03007335
v 0.24643371 0.10055584 -0.03315260
v -0.29905781 0.27796480 -0.10969175
v -0.29671738 0.26602659 -0.10431600
v -0.29627222 0.33110118 -0.13560724
v -0.20751302 -0.01310742 0.01693111
v -0.21690314 -0.01336835 0.01517569
v -0.21192195 0.00833061 0.00637676
v 0.32403973 0.31385756 -0.13279435
v 0.32576016 0.30249387 -0.12778473
v 0.20750186 0.06775027 -0.01367379
v -0.21083042 0.02665131 -0.00027697
v -0.17301457 -0.00500644 0.02074053
v 0.22659875 0.08014300 -0.02157118
v 0.24412625 0.08226774 -0.02628081
v -0.28258187 0.24279837 -0.09183195
v -0.30047867 0.25312498 -0.09990306
v -0.22439136 0.10408903 -0.02928401
v -0.22493796 0.12567508 -0.03659446
v -0.22322233 0.09285609 -0.02522183
v -0.20446862 0.07127680 -0.01580535
v -0.31422049 0.31503153 -0.13101408
v -0.31551301 0.29614323 -0.12187410
v -0.31334725 0.27414817 -0.11151826
v -0.27931386 0.22074369 -0.08155140
v -0.29565200 0.21719541 -0.08429527
v -0.30927530 0.22425543 -0.09094358
v -0.31625554 0.32873979 -0.13894543
v -0.25666192 0.14925157 -0.05122674
v -0.25570908 0.13492750 -0.04649651
v -0.25222856 0.11365627 -0.03856273
v -0.20698784 0.05718790 -0.01183753
v 0.32490456 0.33223999 -0.14336474
v 0.30835658 0.33753270 -0.14247401
v -0.26960778 0.20728816 -0.07439785
v -0.29739368 0.34368753 -0.14413677
v 0.32374373 0.27594492 -0.11549826
v 0.21664536 0.00238755 0.00878063
v 0.22653264 0.01707042 -0.00029147
v 0.22749463 0.04057624 -0.00898774
v 0.22948016 -0.02030228 0.01686147
v 0.22620097 0.05895967 -0.01486962
v 0.28798336 0.24187391 -0.09217083
v 0.28045249 0.23339598 -0.08670770
v 0.25935403 0.22470604 -0.07819294
v -0.23902488 0.10892620 -0.03426745
v 0.31924024 0.34848034 -0.15181735
v 0.32595178 0.36239558 -0.16311593
v -0.21004006 0.04978390 -0.00991556
v -0.31382552 0.25366926 -0.10390996
v -0.29917344 0.12619472 -0.05341908
v -0.30054387 0.14540534 -0.05993881
v -0.28110826 0.15905665 -0.06053330
v -0.28350419 0.17961082 -0.06794164
v -0.30748373 0.16723868 -0.06866488
v -0.28239864 0.19584669 -0.07353332
v -0.30826077 0.19655921 -0.07960033
v -0.31740728 0.17758539 -0.07499976
v -0.26241899 0.16759697 -0.05910984
v -0.26879555 0.12042753 -0.04503941
v -0.31607237 0.23871438 -0.09841181
v -0.34362194 0.21952114 -0.09872091
v -0.32888794 0.20914862 -0.09070391
v -0.31485736 0.34480342 -0.14905943
v -0.29973248 0.35778210 -0.15407850
v -0.28195980 0.35983020 -0.15226395
v -0.25487936 0.35531422 -0.14410885
v -0.29875350 0.37272701 -0.16483419
v -0.22832693 0.00774280 0.00198098
v -0.32903659 0.19091702 -0.08301342
v -0.31104273 0.20911996 -0.08531833
v -0.26151595 0.36610582 -0.15367481
v -0.24849959 0.38076550 -0.16372226
v -0.22569309 0.06552329 -0.01924831
v -0.32588243 0.15171836 -0.06824727
v -0.33756202 0.17149080 -0.07844066
v -0.25877798 0.09619436 -0.03506366
v -0.24400704 0.08654340 -0.02891877
v -0.28400552 0.10449237 -0.04390356
v -0.28496161 0.09338641 -0.04050643
v -0.29859081 0.11075020 -0.04919311
v 0.24629648 0.06734220 -0.02197903
v 0.24536954 0.04370845 -0.01449568
v 0.27191427 0.21044247 -0.07632314
v 0.29271156 0.21631518 -0.08366329
v 0.24700610 0.02285551 -0.00783692
v 0.24545512 0.00439644 -0.00040533
v 0.24575731 -0.01074942 0.00686412
v 0.24531953 -0.02326495 0.01364981
v -0.32999253 0.30106884 -0.12875180
v -0.30097038 0.09593388 -0.04559054
v -0.23368917 0.05113953 -0.01723560
v -0.23784339 0.03430096 -0.01203284
v -0.26738510 0.02081656 -0.01542538
v -0.25307244 0.01593890 -0.00913124
v -0.25431138 0.03756519 -0.01772634
v -0.25297144 0.05899243 -0.02422024
v -0.27685341 0.06944937 -0.03298753
v -0.27740130 0.05072121 -0.02846512
v -0.29304552 0.08198775 -0.03962375
v -0.29139918 0.03705392 -0.02815654
v -0.29340199 0.02493040 -0.02436126
v -0.31616628 0.03637295 -0.03536353
v -0.26407936 -0.00766351 -0.00329508
v -0.30297977 -0.00728945 -0.01410524
v -0.27278441 -0.01285539 -0.00376478
v -0.29958770 -0.02598422 -0.00532459
v -0.28040990 -0.02783534 0.00140287
v -0.29231092 -0.03310840 0.00054167
v -0.26588300 -0.01752629 0.00073450
v -0.23425733 -0.00132433 0.00421863
v -0.22909832 -0.01120836 0.01104654
v -0.23316002 -0.02052466 0.01637639
v -0.31328535 0.12152784 -0.05596618
v -0.32771885 0.32916918 -0.14270887
v -0.34682178 0.31375539 -0.14086075
v -0.34538305 0.32955974 -0.14872712
v -0.35582784 0.20212185 -0.09605345
v -0.34470177 0.18725988 -0.08652638
v -0.34303251 0.23800203 -0.10664493
v -0.32489517 0.24849962 -0.10549204
v -0.34897512 0.25433299 -0.11515985
v -0.34318978 0.26673719 -0.11850190
v -0.33258286 0.28290299 -0.12179854
v -0.34554157 0.29270688 -0.13024957
v -0.35247549 0.27378163 -0.12443477
v -0.31868666 -0.04319235 -0.00295679
v -0.32612374 -0.02777501 -0.01293597
v -0.31774607 -0.01466789 -0.01579658
v -0.30977273 0.00372215 -0.02081131
v -0.32232243 0.02059896 -0.03192017
v -0.33963746 0.02405917 -0.03826872
v -0.32933581 0.00447455 -0.02776243
v -0.34921110 -0.00835504 -0.02933946
v -0.33529854 -0.02694056 -0.01634072
v -0.30170944 0.05240063 -0.03563271
v -0.33550400 0.04248028 -0.04292874
v -0.33642706 -0.04212058 -0.00982812
v -0.33912915 0.34587970 -0.15669999
v -0.31412151 0.36361375 -0.16193880
v -0.31278655 0.37778366 -0.17200078
v -0.33268121 0.36091766 -0.16492926
v -0.18776238 -0.01198633 0.02179675
v -0.19864750 -0.01588508 0.02168160
v -0.33274513 0.13478234 -0.06530961
v -0.27276355 0.37794632 -0.16479863
v -0.32576698 0.09918492 -0.05378234
v 0.27861041 0.08888715 -0.03758039
v 0.26387653 0.10553039 -0.03917827
v -0.32502091 0.05328603 -0.04239912
v 0.27180225 0.14144461 -0.05287823
v 0.29222199 0.10895599 -0.04826805
v 0.31738696 0.14698729 -0.06763921
v 0.29654917 0.12559204 -0.05479018
v 0.29394886 0.14945543 -0.06174875
v 0.29636320 0.17118822 -0.06922588
v 0.32515341 0.17765816 -0.07957164
v 0.31858408 0.18907295 -0.08135757
v 0.34272557 0.18425462 -0.08654203
v 0.34481049 0.17010209 -0.08273787
v 0.26388350 0.11914295 -0.04375227
v 0.28013963 0.18225411 -0.06860878
v 0.26035118 0.16752546 -0.05886487
v 0.30443731 0.20171124 -0.08195858
v 0.31395981 0.23645079 -0.09738944
v 0.32014880 0.25672489 -0.10724568
v 0.33844239 0.19776571 -0.09016799
v 0.32990819 0.20976706 -0.09235422
v 0.32453454 0.23038787 -0.09810426
v 0.11785917 -0.00365101 0.03277123
v 0.26549190 0.06601989 -0.02694609
v 0.26990366 0.03508141 -0.01857045
v 0.29253471 0.01392297 -0.01822470
v 0.28191131 0.05255522 -0.02750786
v 0.29979050 0.06564100 -0.03644363
v 0.30259642 0.03373390 -0.02774552
v 0.27897581 0.00250824 -0.00969455
v 0.27593020 -0.00744519 -0.00430991
v 0.25841299 -0.01701143 0.00581664
v 0.27408659 -0.02200344 0.00387864
v 0.35346270 0.19834273 -0.09518906
v 0.33606896 0.24554896 -0.10811209
v 0.34631738 0.32721758 -0.14710641
v 0.26638317 -0.02931866 0.01041050
v 0.28152356 -0.03449653 0.00925260
v -0.36904463 0.23611483 -0.11471359
v -0.36082095 0.22378592 -0.10700568
v -0.24147581 -0.01074948 0.00651575
v 0.33327341 0.15629725 -0.07569677
v -0.35339305 0.02218609 -0.04222520
v 0.33966592 0.26918244 -0.11791166
v 0.35380948 0.23851778 -0.11104541
v 0.34837103 0.28957617 -0.12938964
v 0.35962173 0.27696648 -0.12786700
v 0.34827358 0.30594525 -0.13680458
v 0.35733414 0.31508613 -0.14415407
v 0.25550279 -0.02729494 0.01330017
v 0.34607238 0.34586221 -0.15823159
v 0.32185081 -0.00928776 -0.01847674
v 0.32206619 -0.01939728 -0.01406273
v 0.32097709 0.00802008 -0.02515163
v 0.32102993 0.02029421 -0.02949275
v 0.32356188 0.08702243 -0.05053947
v 0.31283164 0.10654520 -0.05363025
v 0.32322708 0.04599629 -0.03773804
v 0.33059007 0.07424091 -0.04883277
v 0.28592172 -0.02476862 0.00141695
v -0.32677475 0.07284753 -0.04708472
v -0.33480033 0.09046905 -0.05421942
v -0.35372788 0.16816042 -0.08268584
v -0.36080983 0.03259782 -0.04799742
v -0.35589519 0.05705830 -0.05291328
v 0.13250583 -0.00454971 0.02977646
v 0.15075652 -0.00561317 0.02718631
v 0.30735219 -0.02378300 -0.00692482
v 0.34678772 0.14966057 -0.07778230
v 0.32871652 0.12113890 -0.06352057
v 0.35146895 0.11453634 -0.06856806
v 0.33788088 0.09933886 -0.05949576
v 0.37278315 0.32087633 -0.15246134
v -0.11015416 -0.00087394 0.03204846
v -0.33433020 -0.05269502 -0.00311874
v 0.35803512 0.25587520 -0.11904290
v 0.37776554 0.24064307 -0.11979216
v 0.37106487 0.21344219 -0.10758556
v 0.37580901 0.26368907 -0.12784822
v 0.37556010 0.31098014 -0.14834715
v 0.37593302 0.29204139 -0.14059338
v 0.37637663 0.27934998 -0.13480350
v -0.29656786 0.38544962 -0.17492367
v 0.37191918 0.18708798 -0.09737109
v 0.36227447 0.17175053 -0.08927330
v -0.37792492 0.25868246 -0.12736005
v -0.36911201 0.27362698 -0.13051218
v -0.36650962 0.29915571 -0.14159438
v -0.33134615 0.11814619 -0.06075295
v -0.37827811 0.31766868 -0.15449433
v -0.36741048 0.32978928 -0.15691559
v -0.38695964 0.30629557 -0.15235163
v -0.38906419 0.32987154 -0.16418472
v -0.39569110 0.32073054 -0.16182277
v -0.36460486 0.34534883 -0.16539690
v -0.32953390 0.37854695 -0.17741238
v -0.01738353 -0.00102811 0.03585354
v 0.01910548 -0.00157495 0.03600497
v 0.03233705 -0.00230591 0.03694325
v -0.37955368 0.24311584 -0.12187961
v -0.38831431 0.23529093 -0.12169719
v -0.38034064 0.22550723 -0.11475064
v -0.36973378 0.21052969 -0.10499964
v -0.39266762 0.28817210 -0.14663760
v 0.37298426 0.19565974 -0.10100767
v 0.33032545 -0.02918720 -0.01285408
v 0.37249717 0.34798533 -0.16887602
v 0.37532693 0.33716571 -0.16290556
v 0.35211709 0.08489966 -0.05975232
v 0.30156410 -0.02946290 -0.00185854
v -0.35367861 0.10268923 -0.06448278
v -0.35680959 0.12182985 -0.07054313
v -0.37492350 0.09972604 -0.07042181
v -0.35682255 0.08357811 -0.06021080
v -0.36774907 0.02541522 -0.04844500
v -0.37474713 0.05183194 -0.05805435
v -0.38102734 0.07354856 -0.06577947
v -0.36214104 0.00847635 -0.04050871
v -0.35853192 -0.02625759 -0.02589457
v -0.37753788 0.19135433 -0.10018235
v -0.38945827 0.21733284 -0.11546696
v -0.36486450 0.17710593 -0.09025838
v -0.37779182 0.12563182 -0.07863656
v -0.37560368 0.14957669 -0.08546677
v -0.38283277 0.27591509 -0.13729857
v -0.34663740 0.14811498 -0.07446321
v -0.35406730 0.13417931 -0.07325834
v -0.35957885 0.36284095 -0.17556259
v -0.21157457 -0.01975671 0.02172717
v -0.40705431 0.31969202 -0.16587943
v -0.40675423 0.29627454 -0.15621464
v 0.28689247 -0.03229263 0.00600911
v -0.35574362 -0.04812608 -0.01549633
v -0.35469964 0.37743965 -0.18480642
v 0.28921601 -0.03781089 0.00919793
v -0.37867764 0.34396166 -0.16970436
v -0.39743987 0.33417901 -0.16987033
v -0.40704939 0.33072391 -0.17188957
v 0.32288203 0.37643066 -0.17310837
v -0.39432326 0.34428507 -0.17565049
v -0.39857429 0.26896867 -0.14065525
v -0.40823781 0.27539450 -0.14718466
v -0.38321742 0.17162746 -0.09546170
v -0.28223783 0.39302889 -0.17978244
v -0.24917708 0.39268294 -0.17468941
v 0.32905346 -0.04255431 -0.00560797
v 0.34323481 -0.02477216 -0.01956186
v 0.33587557 -0.00407998 -0.02607382
v 0.32847229 0.01653691 -0.03105097
v 0.35269994 0.01984533 -0.04089965
v -0.31535485 0.38546640 -0.17922585
v -0.21106590 0.39201462 -0.16755190
v -0.25261685 -0.01882329 0.00725154
v 0.35204712 0.06077204 -0.05233492
v 0.35177201 -0.00745257 -0.03079707
v -0.39179116 0.24528290 -0.12816589
v 0.35010079 0.36154136 -0.17069450
v 0.36201647 0.36466303 -0.17690827
v 0.37494871 0.36484918 -0.18148141
v 0.34691784 0.37782964 -0.18170652
v -0.12290548 0.00042713 0.02961421
v -0.11988685 -0.00319424 0.03334199
v -0.14079767 -0.00378703 0.02877828
v -0.13311586 -0.00364076 0.03162704
v 0.37095195 0.15153150 -0.08699796
v 0.37048891 0.11279136 -0.07518058
v 0.37208921 0.09224354 -0.06930793
v 0.34334496 0.02236462 -0.03806158
v 0.02577561 0.40565762 -0.17232282
v -0.29867268 0.39190486 -0.18124284
v 0.29731375 -0.03911785 0.00525399
v 0.30038604 0.38490269 -0.17595135
v 0.35052824 0.03804748 -0.04552641
v 0.38842171 0.21461497 -0.11480034
v 0.38781163 0.23710485 -0.12251768
v 0.38744593 0.20077117 -0.10907184
v -0.37335363 0.00308680 -0.04329496
v -0.36470288 0.38050434 -0.19082093
v 0.27391964 0.38107425 -0.16799203
v 0.32130003 0.38536236 -0.18084584
v 0.37515494 0.07038793 -0.06430738
v -0.37434834 -0.03241956 -0.03049336
v 0.17061719 -0.00927029 0.02455453
v 0.38723737 0.24793454 -0.12683120
v -0.38892725 0.19412480 -0.10621928
v -0.39007172 0.17574514 -0.10000292
v -0.37647074 -0.04159105 -0.02839333
v -0.37120268 -0.05127263 -0.02192715
v -0.37981352 0.36337119 -0.18489811
v -0.39155489 0.37405765 -0.19697386
v -0.39879265 0.36449233 -0.19287716
v -0.40147942 0.35336891 -0.18600161
v -0.33567405 -0.05103237 -0.00491602
v -0.35460401 -0.05786660 -0.00993823
v -0.29898793 -0.03832956 0.00172727
v -0.38597679 0.09636272 -0.07397430
v 0.35455450 -0.03675062 -0.01907143
v 0.35460970 -0.05352854 -0.01114411
v 0.39193243 0.35198486 -0.17941111
v 0.37459064 0.37836033 -0.19209829
v -0.31791407 -0.04722532 0.00028014
v -0.37691027 0.02203137 -0.05130062
v 0.21084641 0.39611202 -0.17283624
v -0.40722457 0.25806066 -0.14049226
v -0.41330972 0.26773745 -0.14705004
v -0.22638647 0.39205223 -0.16995987
v 0.38882437 0.18568443 -0.10404198
v 0.38013768 0.13324021 -0.08540040
v 0.38908121 0.16179883 -0.09743132
v 0.39093781 0.14251800 -0.09260813
v 0.31297526 -0.04499557 0.00270542
v 0.32445884 -0.05174017 0.00242588
v 0.39288056 0.33009779 -0.16654024
v 0.37342680 0.03052257 -0.05253695
v 0.37474078 0.04463746 -0.05690418
v 0.39090854 0.04860999 -0.06462045
v 0.37249431 -0.00201907 -0.04165934
v 0.37121284 -0.01794702 -0.03512377
v 0.27038679 0.39588752 -0.18208075
v 0.29943919 0.39448899 -0.18511224
v -0.34829396 0.39045596 -0.19387554
v -0.33073580 0.39035505 -0.18834548
v -0.25763899 -0.02618123 0.01098820
v -0.39211473 0.12299138 -0.08418366
v -0.39256942 0.14077075 -0.09030035
v -0.40575808 0.23818006 -0.13186836
v -0.16649300 -0.00825544 0.02558902
v 0.24072298 0.39088991 -0.17120545
v 0.20218231 -0.01574218 0.02206395
v 0.21423730 -0.01730819 0.01970438
v 0.32169148 0.39766333 -0.19325279
v 0.39277297 0.29370204 -0.14923419
v 0.38801327 0.30999550 -0.15390129
v 0.40527803 0.32452780 -0.16962156
v 0.40231964 0.34339440 -0.17972489
v 0.37138185 -0.03228112 -0.02944478
v 0.34031510 -0.05754022 -0.00209932
v 0.39169589 0.02019788 -0.05761858
v 0.38979658 -0.00118468 -0.04996473
v 0.35134768 0.39474002 -0.19895244
v 0.36174572 0.38851100 -0.19646707
v 0.37358057 0.38536671 -0.19803089
v 0.38808873 0.27023146 -0.13642593
v 0.38739020 0.11433257 -0.08331024
v 0.39197937 0.10542357 -0.08291867
v 0.39179391 0.07283376 -0.07247487
v -0.40921584 0.34993640 -0.18706749
v -0.39598066 0.03196682 -0.06245977
v -0.39485329 0.06458416 -0.06956788
v -0.39606169 0.01826375 -0.05897461
v -0.38941026 0.00297988 -0.05090145
v -0.39414167 0.09679072 -0.07794431
v -0.41006461 0.34358427 -0.18235713
v 0.18294242 0.39725742 -0.17178592
v 0.13067004 0.39819545 -0.17055219
v 0.11944846 0.39827678 -0.16967531
v 0.35659331 -0.06307092 -0.00728990
v 0.38588384 -0.02602811 -0.03974529
v 0.39424244 0.36122373 -0.18739469
v -0.17620008 -0.01097208 0.02601505
v 0.23650543 0.39635158 -0.17642188
v -0.33644873 0.39527190 -0.19490118
v -0.37747201 0.38271573 -0.19816686
v -0.39396802 -0.00580453 -0.05039315
v -0.38185301 -0.01663233 -0.04022824
v 0.37228930 -0.05007542 -0.02241418
v -0.36292911 0.39424136 -0.20301774
v -0.37310794 -0.06667309 -0.01562455
v -0.40369737 0.20110577 -0.11661782
v -0.35471699 -0.06127426 -0.00758633
v 0.40648365 0.31517830 -0.16592550
v 0.11139708 0.40723455 -0.17794722
v 0.36620581 -0.06130638 -0.01358413
v 0.39391190 0.25601336 -0.13363849
v -0.41000324 0.20743254 -0.12280682
v -0.41211122 0.29841870 -0.15999797
v -0.41207430 0.28160664 -0.15227085
v 0.33341736 0.39761269 -0.19666247
v -0.39488673 0.37760240 -0.20168009
v 0.10143910 -0.00292670 0.03350425
v 0.39446229 0.37696937 -0.20063819
v 0.40129742 0.05922636 -0.07317809
v -0.40691504 0.03356972 -0.06843448
v -0.40648142 0.10948780 -0.08792829
v 0.38343623 -0.05793031 -0.02608843
v -0.37406614 0.39667445 -0.21024068
v 0.07176100 -0.00118384 0.03484496
v 0.40657136 0.28110853 -0.15145522
v 0.40655366 0.29598024 -0.15808585
v -0.40659723 0.17396298 -0.10857789
v -0.41108632 0.18569204 -0.11553061
v -0.40597326 0.13944894 -0.09727572
v -0.40689135 0.12461688 -0.09287792
v -0.41169903 0.15826765 -0.10634521
v 0.40260863 0.25644937 -0.13909404
v 0.37178403 -0.07239176 -0.01151532
v 0.37211007 -0.06496352 -0.01539846
v -0.41154948 0.36300635 -0.19870959
v -0.41164586 0.31098318 -0.16493051
v -0.41069102 0.06444581 -0.07797793
v -0.41223368 0.32106879 -0.16970186
v -0.26678139 -0.03243770 0.01242536
v -0.40641147 0.00266713 -0.06057851
v -0.39365336 -0.02351686 -0.04461818
v 0.41073194 0.01631101 -0.06664145
v 0.40166706 0.03187420 -0.06593449
v 0.39697328 0.23004748 -0.12508759
v 0.40101701 0.19693014 -0.11570064
v -0.41299292 0.33518046 -0.17846975
v -0.41093871 0.09266323 -0.08615073
v 0.39262006 0.18775521 -0.10702851
v -0.41374266 0.25319919 -0.14270918
v -0.41330320 0.23699242 -0.13607386
v -0.41142645 0.22340849 -0.12981594
v 0.40573719 0.34885216 -0.18547799
v 0.40791762 0.33432689 -0.17753148
v 0.40121076 -0.01147386 -0.05340505
v 0.39583910 -0.03811277 -0.04123812
v 0.37266439 0.39770451 -0.21099479
v -0.38973603 -0.05202600 -0.03280768
v -0.38445643 -0.06033172 -0.02615847
v -0.38236269 -0.06915931 -0.02041487
v 0.34645462 -0.06316576 -0.00124398
v -0.30286428 -0.04631808 0.00741072
v -0.23641366 -0.02448309 0.01907971
v -0.22049873 -0.02229237 0.02319887
v 0.40442291 0.06804655 -0.07792662
v 0.40548462 0.15056077 -0.10368352
v -0.14743705 -0.00618226 0.03020736
v 0.40516916 0.36571690 -0.19757642
v -0.39615840 0.38716754 -0.21217301
v -0.38379014 0.39386797 -0.21260087
v 0.40780357 0.03371013 -0.07006290
v 0.35320717 -0.06626244 -0.00249787
v 0.40863094 0.19765149 -0.12070062
v 0.40493968 0.12758230 -0.09669186
v 0.40407959 0.09875473 -0.08829913
v 0.40443590 0.16883063 -0.10842451
v 0.41419336 0.23827966 -0.13936119
v -0.31876794 -0.05322806 0.00614060
v 0.17469352 -0.01041889 0.02577930
v -0.28897369 -0.04083231 0.00999902
v 0.33234537 -0.05670418 0.00205313
v -0.41303006 0.10964627 -0.09215103
v -0.25060609 -0.03023453 0.01918930
v 0.41568297 0.05425375 -0.08118890
v -0.41461822 0.05799872 -0.07886052
v 0.39281020 0.38926199 -0.21277823
v 0.40941575 0.26186377 -0.14584936
v 0.40991914 0.22005239 -0.13000710
v -0.40139583 -0.01927101 -0.05148503
v -0.39569959 -0.05230649 -0.03695128
v -0.41594765 0.34964836 -0.19154623
v -0.10659862 -0.00226712 0.03465447
v -0.06108344 -0.00060896 0.03482049
v 0.41002139 -0.01651926 -0.05766031
v 0.41419294 0.19379173 -0.12339530
v -0.41629055 0.20289306 -0.12565057
v -0.41245002 0.13797316 -0.10117400
v -0.36005214 -0.06725163 -0.00607269
v -0.39050043 -0.07549762 -0.02470853
v 0.36306629 -0.06857552 -0.00774832
v -0.41380683 0.37576577 -0.21250574
v -0.37092686 -0.07182083 -0.00925579
v 0.41956413 0.29670608 -0.16769117
v -0.41652605 0.29051572 -0.15988356
v 0.41895023 0.11831556 -0.10348494
v 0.41785768 0.08794644 -0.09431317
v 0.41808185 0.14487633 -0.11080768
v 0.41993618 0.17161644 -0.12037000
v 0.39478365 -0.05205829 -0.03585793
v 0.41076905 -0.03040740 -0.05414680
v 0.38797444 -0.07418797 -0.02357062
v 0.37876830 -0.07539117 -0.01564357
v 0.34069332 -0.06134296 0.00175573
v -0.32733089 -0.05802981 0.00721162
v -0.33610728 -0.05947066 0.00291913
v -0.34861580 -0.06346816 -0.00106453
v 0.42121851 0.28297192 -0.16298015
v 0.41900423 0.26374170 -0.15376934
v -0.41557959 0.08257544 -0.08668447
v 0.04551175 -0.00079490 0.03491535
v 0.40644190 0.37944451 -0.21160202
v 0.41286093 0.31655943 -0.17146827
v -0.41216180 0.02206839 -0.06928708
v 0.41581619 0.00270235 -0.06669270
v 0.41935709 0.02473033 -0.07553604
v 0.29774660 -0.04049451 0.00664218
v 0.41962418 0.05019137 -0.08287501
v 0.40722817 -0.04414543 -0.04736811
v 0.41914663 0.33480230 -0.18677746
v 0.42147490 0.34994516 -0.19880897
v 0.41900527 0.35968924 -0.20424755
v 0.42166227 0.31829229 -0.17948048
v 0.41864979 0.20869359 -0.13282195
v -0.38399369 -0.07533680 -0.01731487
v 0.42194003 0.36681330 -0.21291435
v -0.39857960 -0.07110152 -0.03252361
v -0.41539869 0.15590394 -0.10846552
v 0.40399998 -0.06434475 -0.03946362
v 0.41996840 0.06983177 -0.09002302
v -0.41555408 0.36351126 -0.20245613
v -0.41573748 0.02750839 -0.07364019
v 0.23516352 -0.02271290 0.01771376
v 0.24801694 -0.02527473 0.01515565
v 0.38994440 -0.07984530 -0.02297477
v 0.41932452 0.23474209 -0.14227526
v 0.19359709 -0.01326658 0.02291417
v -0.41575691 0.17957744 -0.11723026
v -0.23477636 -0.02588577 0.02212876
v 0.41973859 0.37748113 -0.22130013
v 0.42304802 0.19288698 -0.13120836
v -0.18965918 -0.01498835 0.02556970
v 0.42279774 0.12348636 -0.10823578
v -0.41175604 -0.00242447 -0.06367082
v -0.40884233 -0.01906258 -0.05780974
v 0.41600376 -0.02264302 -0.06102993
v 0.21540444 -0.01848948 0.02119472
v 0.31535682 -0.04758720 0.00420265
v -0.42002839 0.26968578 -0.15391961
v -0.40138847 -0.04192588 -0.04515070
v 0.39834982 -0.08307809 -0.03007658
v 0.40380064 -0.07615350 -0.03635747
v 0.41985622 0.00839304 -0.07164133
v -0.39984027 -0.06139660 -0.03779646
v 0.42405352 0.09549814 -0.10191499
v 0.42348433 0.07131765 -0.09393937
v -0.41634268 0.32557741 -0.17626061
v -0.42173439 0.29269224 -0.16580565
v -0.30622715 -0.05034382 0.01110509
v -0.27710986 -0.03832765 0.01446121
v -0.26913813 -0.03510795 0.01463017
v -0.42165071 0.25243008 -0.14993758
v -0.42318216 0.22889329 -0.14297716
v -0.41970891 0.21414542 -0.13347772
v -0.41606626 0.13752113 -0.10434444
v -0.41545838 0.12086934 -0.09853510
v 0.42661628 0.33296192 -0.19342412
v -0.41945976 0.35654518 -0.20092854
v 0.42328647 0.16743387 -0.12235351
v 0.42362863 0.13453047 -0.11300091
v -0.33540821 -0.06136707 0.00674427
v -0.34659231 -0.06499401 0.00335141
v -0.41960213 0.19537303 -0.12634864
v -0.42787352 0.32106519 -0.18595041
v -0.38326070 -0.07743820 -0.01367321
v -0.39086723 -0.07779078 -0.01910878
v -0.42822719 0.34018055 -0.19828746
v 0.15115821 -0.00665373 0.02977381
v 0.42558855 0.37721843 -0.22743888
v 0.39711657 -0.08502811 -0.02760263
v -0.41581547 -0.00727762 -0.06710357
v -0.42041543 0.09008125 -0.09365997
v -0.42439720 0.36699703 -0.21565175
v -0.43091065 0.35663727 -0.21545856
v -0.39479506 -0.07593870 -0.02852003
v -0.39639375 -0.08043388 -0.02767273
v -0.41970429 0.16800134 -0.11736750
v -0.42002505 0.05070019 -0.08250498
v 0.42002460 -0.00885148 -0.06834935
v 0.42537946 0.24084787 -0.15106572
v 0.42550284 0.25908825 -0.15881521
v -0.26281822 -0.03444913 0.01964592
v 0.22580704 -0.02014418 0.01912496
v 0.42525494 0.29612771 -0.17363621
v -0.29626679 -0.04590477 0.01304455
v 0.42586058 0.21147116 -0.14172865
v -0.31476146 -0.05368616 0.01040017
v 0.43102497 0.33490756 -0.19985126
v 0.42448819 0.04396168 -0.08626553
v 0.43059736 0.35986239 -0.21774840
v 0.43163460 0.37184495 -0.23042242
v -0.28630638 -0.04214263 0.01496787
v -0.42613339 0.27204835 -0.16180021
v -0.40516368 -0.04850315 -0.04767677
v 0.42974398 0.31625882 -0.18791083
v 0.40040877 -0.08810896 -0.02988621
v -0.42758882 0.29518422 -0.17376406
v -0.43162125 0.30157241 -0.18130757
v -0.41973820 0.14948131 -0.11151470
v -0.35845953 -0.06901350 -0.00086929
v -0.37026817 -0.07306803 -0.00556652
v 0.01894203 -0.00208298 0.03823089
v -0.44070521 -0.09245748 -0.06671938
v -0.44213730 -0.07891013 -0.08835749
v -0.44067264 -0.10220091 -0.07728104
v -0.44197515 -0.08654522 -0.09484311
v -0.44015035 -0.10543710 -0.05919810
v -0.44262749 -0.06541821 -0.10654641
v -0.44180578 -0.08070363 -0.10865761
v -0.44297403 -0.05297741 -0.11843590
v -0.44266558 -0.05421302 -0.10411090
v -0.44382334 -0.03774682 -0.10531588
v -0.44208172 -0.06154541 -0.09954993
v -0.44519719 -0.02982702 -0.11681329
v -0.44514021 -0.02399692 -0.10502057
v -0.44479010 -0.03152303 -0.12612937
v -0.44218987 -0.05692424 -0.12561983
v -0.44028902 -0.09882799 -0.09858115
v -0.44840285 -0.00786801 -0.12119524
v -0.44729495 -0.00935136 -0.13144864
v -0.43977123 -0.08793052 -0.12011313
v -0.44024685 -0.07329108 -0.12841155
v -0.45103544 0.01283442 -0.13300098
v -0.45183378 0.01648078 -0.12513089
v -0.45315963 0.02689922 -0.11862467
v -0.45570809 0.04096897 -0.13837548
v -0.45265797 0.02369247 -0.14153509
v -0.45536998 0.04007421 -0.14449282
v -0.45647931 0.05391419 -0.15495101
v -0.45516425 0.04464345 -0.15569288
v -0.45594302 0.05399244 -0.16213684
v -0.45798114 0.07696005 -0.16561189
v -0.45634505 0.05051567 -0.13667151
v -0.45612723 0.07004704 -0.17719127
v -0.45785993 0.08707903 -0.17872444
v -0.45852864 0.08800051 -0.16651785
v -0.43659151 -0.11719623 -0.10038857
v -0.43716311 -0.11879989 -0.08130262
v -0.45871115 0.10730634 -0.17743509
v -0.45821688 0.11470887 -0.18884487
v -0.43725458 -0.10717598 -0.11186441
v -0.43133643 -0.13029443 -0.12308367
v -0.44774154 -0.00025356 -0.13971353
v -0.45668760 0.10516994 -0.19639859
v -0.45743850 0.12045442 -0.20340624
v -0.45816761 0.13689794 -0.20129025
v -0.45752698 0.14228684 -0.21230239
v -0.45499051 0.13952333 -0.23192726
v -0.45580274 0.15553078 -0.23991810
v -0.43401122 -0.11302047 -0.12598498
v -0.43767530 -0.09328723 -0.12760945
v -0.45709524 0.16504884 -0.23090370
v -0.45606598 0.17041150 -0.24856164
v -0.45517457 0.12509447 -0.21813664
v -0.44421661 -0.01604012 -0.14077057
v -0.44092429 -0.03658723 -0.14066635
v -0.42948008 -0.14397557 -0.10941280
v -0.42332113 -0.16420737 -0.12149899
v -0.45305228 0.03894148 -0.16001806
v -0.45262110 0.05350689 -0.17728755
v -0.42257747 -0.17104378 -0.11059870
v -0.41849589 -0.18454732 -0.12129297
v -0.41687983 -0.19743450 -0.10766973
v -0.41363403 -0.20603536 -0.12456020
v -0.41225868 -0.21203369 -0.12521046
v -0.41375685 -0.19587833 -0.13440284
v -0.41152686 -0.19875997 -0.14362000
v -0.41444191 -0.18266974 -0.14086442
v -0.41352189 -0.17291121 -0.15889682
v -0.41582096 -0.17238441 -0.14383838
v -0.41625929 -0.15530193 -0.15674967
v -0.40883991 -0.18511598 -0.17721462
v -0.40902516 -0.21455933 -0.14728935
v -0.41058883 -0.19685291 -0.15562156
v -0.41776475 -0.17003863 -0.13799496
v -0.42317927 -0.15708280 -0.12912381
v -0.41873413 -0.14798518 -0.15201813
v -0.44846392 0.01886842 -0.15521316
v -0.41271451 -0.14740568 -0.17635460
v -0.41021210 -0.21766593 -0.13800709
v -0.40963817 -0.19196749 -0.16940138
v -0.41661564 -0.13401458 -0.16811085
v -0.45259595 0.10062727 -0.20824556
v -0.45270813 0.07415795 -0.19162534
v -0.44491050 0.00050000 -0.15074463
v -0.42477313 -0.13606454 -0.14212453
v -0.41040751 -0.22202642 -0.12660190
v -0.44565332 0.01348564 -0.15951391
v -0.40746915 -0.21306849 -0.17331617
v -0.40883669 -0.21669924 -0.16332887
v -0.40773854 -0.23031910 -0.16460359
v -0.40941983 -0.24759509 -0.14972629
v -0.40803772 -0.24262609 -0.15726309
v -0.42146003 -0.12580363 -0.15752526
v -0.40880880 -0.17193721 -0.18192190
v -0.43281808 -0.13375050 -0.09643279
v -0.43101114 -0.10746958 -0.13860843
v -0.40923786 -0.23228511 -0.14023907
v -0.43689123 -0.06468534 -0.14267984
v -0.44037256 -0.01855640 -0.15122308
v -0.45175120 0.12052643 -0.22548550
v -0.40571669 -0.25393572 -0.15677863
v -0.44757229 0.03746160 -0.17729849
v -0.42393696 -0.16756491 -0.09201208
v -0.43062368 -0.14219812 -0.08841793
v -0.43390897 -0.13060151 -0.07826987
v -0.44055471 0.00159733 -0.16449392
v -0.40818694 -0.15416145 -0.18889107
v -0.41179216 -0.12968644 -0.18370162
v -0.44834208 0.08031783 -0.20807061
v -0.44706592 0.09547553 -0.22077924
v -0.41855416 -0.08973512 -0.17610215
v -0.44024706 0.01567809 -0.17702690
v -0.44638699 0.06347410 -0.20165206
v -0.44743180 0.05334910 -0.19140361
v -0.42742592 -0.09941000 -0.15134667
v -0.41943771 -0.18683898 -0.09267005
v -0.41565517 -0.20287368 -0.09778763
v -0.41017023 -0.21899728 -0.11491318
v -0.43767694 -0.11650950 -0.04874159
v -0.40865189 -0.23801075 -0.13007537
v -0.42116204 -0.07524883 -0.17360856
v -0.42775157 -0.07847755 -0.15809934
v -0.43162963 -0.05440051 -0.15830398
v -0.42714563 -0.05587621 -0.16741496
v -0.41996503 -0.06833644 -0.17952402
v -0.43809342 -0.03432136 -0.14872482
v -0.40935391 -0.09554899 -0.19677120
v -0.45699021 0.18058625 -0.23543583
v -0.45592135 0.18015541 -0.25359631
v -0.44830093 0.16790093 -0.26728052
v -0.45204088 0.17889673 -0.26442200
v -0.45116508 0.15396240 -0.24990699
v -0.41265261 -0.08832891 -0.19094101
v -0.44054902 0.03392986 -0.19197346
v -0.44046631 0.05415486 -0.20925315
v -0.41500816 -0.06132202 -0.19267686
v -0.42369747 -0.04892857 -0.17664197
v -0.44544664 0.11651971 -0.23761947
v -0.44064936 0.08631002 -0.22973119
v -0.44959456 0.13685203 -0.24147934
v -0.40547419 -0.23512977 -0.16681534
v -0.40654147 -0.19927548 -0.17861900
v -0.41534418 -0.20283508 -0.07092708
v -0.41119930 -0.21536365 -0.08458481
v -0.41243741 -0.21446732 -0.05598303
v -0.41421038 -0.20738679 -0.05072625
v -0.41185510 -0.21854316 -0.03565887
v -0.40994081 -0.22811626 -0.04500353
v -0.41000125 -0.22273964 -0.05670116
v -0.40936685 -0.23788983 -0.03599830
v -0.40743849 -0.23686291 -0.04750060
v -0.40693295 -0.23168688 -0.05502759
v -0.40329960 -0.23933269 -0.06092619
v -0.40399724 -0.23249125 -0.06669712
v -0.40075272 -0.24123912 -0.07382894
v -0.40088722 -0.23621790 -0.07900467
v -0.40688089 -0.24182992 -0.04965316
v -0.41015592 -0.21866584 -0.06967574
v -0.40031978 -0.24047628 -0.08661158
v -0.40106788 -0.23557363 -0.09042378
v -0.41825429 -0.18904284 -0.07048759
v -0.43677518 -0.11845698 -0.03165464
v -0.42383805 -0.16520931 -0.07287195
v -0.42976853 -0.14330016 -0.07374816
v -0.41700459 -0.18910821 -0.04639973
v -0.41389325 -0.20472322 -0.03172190
v -0.41121504 -0.22109596 -0.02989786
v -0.40995985 -0.23680343 -0.02945354
v -0.43413037 -0.12793030 -0.05037170
v -0.43265685 -0.13233423 -0.01659410
v -0.40994745 -0.23593454 -0.02554658
v -0.43498948 -0.12275527 -0.00605726
v -0.43104115 -0.13604796 0.01692824
v -0.42119929 -0.17144769 -0.06258661
v -0.45785657 0.16187635 -0.20691350
v -0.43416750 -0.12265862 0.00632212
v -0.43305492 -0.12376726 0.02372517
v -0.43107530 -0.13692565 0.04693412
v -0.43264768 -0.12643154 0.04758881
v -0.43179196 -0.13024947 0.07225705
v -0.42985514 -0.14107983 0.07429538
v -0.42978501 -0.13773477 0.09477074
v -0.43062833 -0.13111025 0.10364368
v -0.42903477 -0.14523974 0.04681234
v -0.42878312 -0.14420541 0.02184391
v -0.42798835 -0.13951480 0.12875190
v -0.42821082 -0.13435338 0.14192407
v -0.42656657 -0.15041910 0.00790383
v -0.43091968 -0.12680551 0.10416464
v -0.43034944 -0.12743297 0.11582530
v -0.42828298 -0.12994431 0.14762071
v -0.41961622 -0.17124295 -0.03911414
v -0.41510624 -0.18639015 -0.01725671
v -0.41744688 -0.17216608 -0.01078729
v -0.43897757 -0.10710137 -0.04515912
v -0.42802718 -0.14764616 0.06842344
v -0.42579868 -0.14292410 0.14859788
v -0.45413482 0.03625880 -0.12159819
v -0.45643282 0.05561251 -0.13360548
v -0.45674220 0.07374422 -0.13789734
v -0.45808998 0.08979326 -0.15727448
v -0.44769034 -0.00279873 -0.10648736
v -0.44977149 0.00878060 -0.11050784
v -0.42368612 -0.15965231 -0.05584536
v -0.42959946 -0.14037828 -0.05173065
v -0.45829582 0.12676308 -0.18431880
v -0.40909305 -0.22315753 -0.15481134
v -0.40959242 -0.24030936 -0.14424498
v -0.42565143 -0.14794858 0.12486678
v -0.41089335 -0.21785609 -0.02368486
v -0.42374769 -0.15776132 -0.03752265
v -0.42082512 -0.16536792 -0.02110009
v -0.42592975 -0.15177301 -0.01467810
v -0.42508820 -0.13603976 0.16555679
v -0.42596835 -0.13041517 0.16710226
v -0.41028845 -0.26270288 -0.14265203
v -0.43596420 -0.11833366 -0.01976756
v -0.40266004 -0.23939228 -0.10644259
v -0.40356475 -0.23362185 -0.10632583
v -0.41010603 -0.25856173 -0.13821657
v -0.41083691 -0.27808157 -0.14002062
v -0.45753169 0.14810553 -0.19236112
v -0.42516777 -0.15431276 0.02833191
v -0.40914702 -0.25470957 -0.13218328
v -0.40975001 -0.26233369 -0.13238877
v -0.43619481 -0.10743504 -0.02517090
v -0.41539383 -0.17802089 -0.00593040
v -0.41329196 -0.19027193 -0.01100925
v -0.41691872 -0.17094564 0.00149684
v -0.40111536 -0.24644229 -0.09475278
v -0.45689917 0.18132649 -0.21538447
v -0.45551574 0.20430100 -0.22795713
v -0.43760139 -0.10595388 -0.03406827
v -0.45543087 0.20101517 -0.24082677
v -0.45531112 0.21521538 -0.24619070
v -0.45533988 0.22265419 -0.25404316
v -0.45446369 0.20143008 -0.25272563
v -0.45595357 0.23561101 -0.24955864
v -0.45533684 0.25010443 -0.26000574
v -0.45671192 0.26493588 -0.24931267
v -0.45528859 0.27330571 -0.26619974
v -0.45634043 0.28315061 -0.25982699
v -0.45601442 0.29383269 -0.27311352
v -0.45682114 0.29984972 -0.26190221
v -0.45685792 0.28139129 -0.25002784
v -0.45711336 0.31360418 -0.27935341
v -0.45555431 0.30176494 -0.28319222
v -0.45383576 0.27610752 -0.27655125
v -0.45389187 0.25479034 -0.26995447
v -0.45568681 0.31931078 -0.29917824
v -0.45753896 0.34559712 -0.30761883
v -0.45873722 0.35050747 -0.30155671
v -0.45877561 0.33954719 -0.28542265
v -0.45765734 0.37644309 -0.32874963
v -0.45947838 0.39636770 -0.32432741
v -0.46004653 0.37402388 -0.30347577
v -0.45858034 0.38870919 -0.33065900
v -0.45899513 0.39882410 -0.33796838
v -0.46013051 0.41087636 -0.34208149
v -0.45716792 0.38205805 -0.33510911
v -0.45922196 0.35278076 -0.28206888
v -0.45790276 0.32650122 -0.26822013
v -0.45302668 0.28924251 -0.28719959
v -0.45609382 0.35512343 -0.32334924
v -0.45535308 0.33933428 -0.31633416
v -0.45467585 0.32619095 -0.30987394
v -0.46003586 0.38556999 -0.30383542
v -0.45973825 0.40879861 -0.31488547
v -0.45958650 0.36903867 -0.29087639
v -0.45979127 0.41874105 -0.32640091
v -0.46053278 0.42810619 -0.33470634
v -0.45316219 0.23896188 -0.26912239
v -0.45683554 0.31370270 -0.25376138
v -0.46144167 0.42668152 -0.35154575
v -0.45494738 0.22970636 -0.23550498
v -0.46093148 0.43765214 -0.34142396
v -0.45238677 0.30106086 -0.29886070
v -0.45798764 0.34538510 -0.26638174
v -0.46269140 0.43874803 -0.35765463
v -0.46275559 0.44390619 -0.35599557
v -0.46331987 0.45139500 -0.36881763
v -0.46317884 0.45426995 -0.36150432
v -0.46428081 0.46074682 -0.37754557
v -0.40086958 -0.24613552 -0.08111845
v -0.45266467 0.25157273 -0.27394441
v -0.45592874 0.32874307 -0.24937318
v -0.45540786 0.30440322 -0.23837611
v -0.45407358 0.32397309 -0.22663632
v -0.45465696 0.27745464 -0.23084161
v -0.45448336 0.31462431 -0.21692047
v -0.45251167 0.26531079 -0.20429511
v -0.45277840 0.24886513 -0.21744105
v -0.45082054 0.24734427 -0.18966500
v -0.45190138 0.22818629 -0.21239527
v -0.45375055 0.29414061 -0.21140634
v -0.45420176 0.30937719 -0.20877486
v -0.45061964 0.21916923 -0.18826021
v -0.45287675 0.30377322 -0.19715953
v -0.45176160 0.28495929 -0.19584669
v -0.45375848 0.31230381 -0.20095150
v -0.45461875 0.31647676 -0.22806525
v -0.45329651 0.23241957 -0.22479640
v -0.45203495 0.21411105 -0.20607093
v -0.45755398 0.11434060 -0.16467673
v -0.45838425 0.36818376 -0.27692547
v -0.41239125 -0.29109499 -0.12997802
v -0.41120270 -0.28955320 -0.13777226
v -0.45245820 0.19533584 -0.19339035
v -0.40882191 -0.26097175 -0.14862920
v -0.41370940 -0.30505905 -0.12944046
v -0.41460380 -0.31272325 -0.12298641
v -0.41465509 -0.32357383 -0.12725350
v -0.41589642 -0.31440091 -0.11611664
v -0.44955930 0.23570083 -0.18036368
v -0.44871843 0.21534024 -0.16808230
v -0.44976658 0.19975948 -0.16885841
v -0.43869171 -0.09268723 -0.05031467
v -0.44029132 -0.07964627 -0.07226756
v -0.43958038 -0.08679306 -0.06146610
v -0.45930037 0.38746849 -0.29836157
v -0.40935683 -0.27726489 -0.14541160
v -0.45327625 0.21478000 -0.21952181
v -0.45369780 0.19654271 -0.20685488
v -0.40299374 -0.24427325 -0.10879574
v -0.45261824 0.22111338 -0.26330516
v -0.44950867 0.28263640 -0.29563937
v -0.44920927 0.26364776 -0.28611439
v -0.44807923 0.24785474 -0.17177135
v -0.44937620 0.27872875 -0.18065543
v -0.45063034 0.28950334 -0.18846111
v -0.45615295 0.10263572 -0.14609064
v -0.41786090 -0.33151987 -0.11327416
v -0.41781691 -0.34728879 -0.11710748
v -0.41901273 -0.34315798 -0.10784180
v -0.41847628 -0.36803165 -0.11217539
v -0.41924539 -0.36668691 -0.10283744
v -0.41923764 -0.40019506 -0.09761749
v -0.41963425 -0.34987983 -0.09860049
v -0.42020917 -0.34476101 -0.09680413
v -0.42115089 -0.34517410 -0.06487921
v -0.42015603 -0.35288528 -0.06105716
v -0.41944772 -0.35841882 -0.07801558
v -0.41958034 -0.41734922 -0.08728615
v -0.41886976 -0.42421940 -0.09777083
v -0.42009482 -0.39630881 -0.06239443
v -0.41946089 -0.39873147 -0.07791663
v -0.41928002 -0.42723373 -0.05819333
v -0.41930851 -0.42962286 -0.06456964
v -0.41918731 -0.43471572 -0.05808882
v -0.41878274 -0.46521893 -0.05689633
v -0.41857204 -0.47760743 -0.06294380
v -0.42035457 -0.44878733 -0.04098119
v -0.41911191 -0.46252215 -0.04282952
v -0.41842538 -0.47400674 -0.04802383
v -0.41744113 -0.49099439 -0.05385988
v -0.42187628 -0.43286684 -0.03783814
v -0.42064676 -0.44349229 -0.03463384
v -0.42096174 -0.43806055 -0.03048412
v -0.41929224 -0.45710245 -0.03917685
v -0.42026454 -0.46159443 -0.08501119
v -0.41971421 -0.45744261 -0.07570899
v -0.41980180 -0.48323923 -0.08138958
v -0.41949949 -0.48332360 -0.08514173
v -0.41908213 -0.49912348 -0.07974145
v -0.41892740 -0.49925983 -0.07043215
v -0.42324793 -0.42635947 -0.03136986
v -0.42520699 -0.39134401 -0.03961501
v -0.42192534 -0.41535866 -0.04854928
v -0.42476499 -0.40844297 -0.03053121
v -0.42371330 -0.41916272 -0.02755199
v -0.42658839 -0.38244852 -0.03515704
v -0.42853540 -0.35701612 -0.04054666
v -0.42626715 -0.38396972 -0.03212258
v -0.42751083 -0.36332104 -0.03570596
v -0.41856411 -0.40063754 -0.10246028
v -0.41741645 -0.38529095 -0.11200554
v -0.42877701 -0.34680399 -0.03729404
v -0.42808107 -0.34137392 -0.04615160
v -0.42263383 -0.33541656 -0.08494361
v -0.42419776 -0.32495499 -0.09341160
v -0.42056018 -0.41035581 -0.05540152
v -0.42257857 -0.39315560 -0.05087800
v -0.42053065 -0.37539697 -0.06038097
v -0.41736892 -0.49910766 -0.05621954
v -0.42502806 -0.39933270 -0.02870778
v -0.42737481 -0.32890022 -0.03822001
v -0.42774305 -0.32986322 -0.04749097
v -0.42715555 -0.31981573 -0.05042261
v -0.42649874 -0.32755482 -0.06035673
v -0.42697677 -0.31441408 -0.06607103
v -0.42589700 -0.32490036 -0.07958262
v -0.42665729 -0.33446598 -0.05406648
v -0.42564654 -0.30769280 -0.08091639
v -0.42626363 -0.30774108 -0.05486530
v -0.42351326 -0.31265634 -0.09590861
v -0.42503873 -0.37405008 -0.04729401
v -0.42578861 -0.36370453 -0.04870312
v -0.42144021 -0.36790863 -0.05767613
v -0.45932490 0.40600964 -0.31064564
v -0.41638425 -0.48445171 -0.04392843
v -0.41597518 -0.50022185 -0.05159618
v -0.45621648 0.14596601 -0.17950585
v -0.45440900 0.33967787 -0.24354956
v -0.45303065 0.17466168 -0.17857884
v -0.45334026 0.16098660 -0.16822250
v -0.45372519 0.14434303 -0.15869485
v -0.41925752 -0.45443955 -0.09068528
v -0.41896448 -0.47044519 -0.08897751
v -0.46334016 0.46503305 -0.37226114
v -0.46478987 0.46807149 -0.38203487
v -0.42496771 -0.29955390 -0.06599781
v -0.40317485 -0.26017490 -0.10290089
v -0.40517518 -0.27049181 -0.11111109
v -0.42235571 -0.34388062 -0.05997196
v -0.44938004 0.18034278 -0.15466402
v -0.40454337 -0.27372965 -0.10207700
v -0.40338123 -0.25982735 -0.09072334
v -0.45614669 0.34674439 -0.25660384
v -0.45753711 0.36471397 -0.27075627
v -0.42549631 -0.31475937 -0.03981477
v -0.44091859 -0.06872512 -0.08665632
v -0.44747475 0.19961469 -0.15504535
v -0.44681054 0.22686031 -0.16057529
v -0.42851558 -0.12746680 0.14003882
v -0.43987104 -0.04564118 -0.09068529
v -0.40628487 -0.24000955 -0.12143593
v -0.45321053 0.31991512 -0.21104778
v -0.44610441 0.25459790 -0.16274145
v -0.44690940 0.27181700 -0.17114483
v -0.45328930 0.33278453 -0.22854757
v -0.42520323 -0.33388278 -0.05956256
v -0.45527276 0.06020226 -0.12859145
v -0.40611151 -0.27878091 -0.10967284
v -0.42040899 -0.32659832 -0.10660282
v -0.41932401 -0.31319466 -0.10776417
v -0.45326439 0.13988721 -0.15275240
v -0.45194104 0.33135810 -0.21789686
v -0.40666810 -0.23271969 -0.11984847
v -0.43404239 -0.11078965 -0.01257156
v -0.43465072 -0.10814235 -0.01771481
v -0.40573156 -0.27673474 -0.09597968
v -0.41284490 -0.30875447 -0.13291298
v -0.41002199 -0.29260093 -0.14135896
v -0.44074431 -0.02767546 -0.09064249
v -0.45767561 0.39182568 -0.29163590
v -0.45565194 0.38920629 -0.28008687
v -0.40673769 -0.22752807 -0.11256292
v -0.41688526 -0.36984736 -0.11707804
v -0.41430739 -0.26318973 -0.03354619
v -0.41351789 -0.25194040 -0.02056781
v -0.41580132 -0.26920533 -0.02090053
v -0.41506344 -0.25541115 -0.00548561
v -0.41651809 -0.27443114 -0.00979267
v -0.41597223 -0.26542470 0.00292936
v -0.41580087 -0.27570176 -0.00086635
v -0.41527417 -0.25104508 0.00339253
v -0.41593981 -0.25938058 0.00732809
v -0.41572964 -0.25062898 0.01554865
v -0.41627902 -0.25616863 0.03011104
v -0.41574660 -0.26065722 0.01861755
v -0.41464570 -0.26873893 0.00652541
v -0.41782284 -0.29370835 -0.00908285
v -0.41806889 -0.28643969 -0.01896963
v -0.41452521 -0.24231279 0.05313540
v -0.41561672 -0.25634107 0.05062233
v -0.41496882 -0.24756996 0.06431656
v -0.41457009 -0.25764814 0.06574523
v -0.41329426 -0.25349191 0.09675234
v -0.41367137 -0.24636206 0.10477101
v -0.41171440 -0.25340560 0.14967996
v -0.41170919 -0.24685612 0.16849789
v -0.41065896 -0.25550655 0.18279879
v -0.41064581 -0.24588318 0.20996393
v -0.41331011 -0.23459405 0.13060038
v -0.41483989 -0.23639031 0.07502534
v -0.40900934 -0.25621596 0.22680558
v -0.41161311 -0.23454542 0.17703564
v -0.41122457 -0.23239276 0.19201833
v -0.41079673 -0.23416306 0.20891805
v -0.40816921 -0.24577411 0.25355628
v -0.40680334 -0.25663057 0.26074445
v -0.40568841 -0.25138506 0.28339809
v -0.40339980 -0.25702614 0.31337231
v -0.40307832 -0.25574020 0.32113451
v -0.40890437 -0.23461156 0.24539958
v -0.40326330 -0.24850777 0.32145101
v -0.40075973 -0.25674608 0.35772619
v -0.39995450 -0.25928751 0.36474654
v -0.40532643 -0.23497432 0.28876334
v -0.39939970 -0.25822818 0.37892336
v -0.40046412 -0.23895518 0.35617179
v -0.40346864 -0.23543458 0.31596583
v -0.40700111 -0.23447433 0.26884165
v -0.39807603 -0.26175329 0.39157873
v -0.39735061 -0.25768325 0.39969438
v -0.39909080 -0.23747154 0.37186354
v -0.41184533 -0.25606593 0.11656126
v -0.41280136 -0.25714728 0.09215484
v -0.41154736 -0.23176622 0.16494256
v -0.39459226 -0.27232003 0.40395436
v -0.39345130 -0.27248967 0.41292652
v -0.39372227 -0.26534742 0.41613609
v -0.41975278 -0.29405248 -0.02831199
v -0.42031413 -0.31250930 -0.02138389
v -0.39743358 -0.23955871 0.38648456
v -0.39440197 -0.24555694 0.41385791
v -0.39404741 -0.25185800 0.41674766
v -0.40962669 -0.25638095 0.20703037
v -0.39508969 -0.27267203 0.39505854
v -0.41637215 -0.28814217 -0.00253420
v -0.38912705 -0.28914735 0.41663522
v -0.38994014 -0.28374019 0.42067471
v -0.38718131 -0.29728568 0.42360419
v -0.38835099 -0.28787392 0.43073916
v -0.38745776 -0.29904559 0.43172002
v -0.38697422 -0.30530292 0.43218145
v -0.39076394 -0.27083099 0.42646047
v -0.41840976 -0.28272000 -0.03238011
v -0.41655955 -0.27466109 -0.03867425
v -0.41416845 -0.27538753 0.00324567
v -0.46096087 0.44545707 -0.34792694
v -0.44495675 0.23310530 -0.15391286
v -0.44996318 0.15740532 -0.14569627
v -0.39884907 -0.23563005 0.36849219
v -0.42254087 -0.30023602 -0.03969616
v -0.42183226 -0.32047498 -0.02513798
v -0.42193475 -0.29341182 -0.04314492
v -0.43876207 -0.06125876 -0.08634290
v -0.42576560 -0.12774642 0.16526672
v -0.41136944 -0.29508367 -0.11926692
v -0.41127849 -0.28496650 -0.12817009
v -0.41136691 -0.29601276 -0.11427124
v -0.41652533 -0.47237861 -0.03994942
v -0.41368893 -0.23583251 0.05703529
v -0.41340807 -0.23756923 0.03891427
v -0.44490039 0.19614065 -0.14155443
v -0.44451046 0.21971849 -0.14850311
v -0.40680134 -0.23216511 0.26645264
v -0.40804884 -0.23178808 0.24713111
v -0.45053536 0.13470851 -0.13814132
v -0.44693196 0.16254131 -0.13488804
v -0.45327872 0.11034645 -0.13718677
v -0.42133260 -0.43184760 -0.02782825
v -0.42274669 -0.13032837 0.18154453
v -0.45083064 0.34454197 -0.22504018
v -0.45240977 0.35513264 -0.24424979
v -0.40830165 -0.27788350 -0.12145311
v -0.41799030 -0.30139130 -0.01116261
v -0.41361976 -0.24746951 -0.00613232
v -0.41390288 -0.24196079 0.01512043
v -0.44881690 0.01398724 -0.10624883
v -0.41565219 -0.27210650 -0.04640925
v -0.42468631 -0.30045941 -0.05185049
v -0.45312196 0.36814937 -0.25678620
v -0.43327451 -0.11525220 -0.00351330
v -0.41002023 -0.21728237 -0.02067650
v -0.38480163 -0.30912668 0.42495102
v -0.41407880 -0.23524356 0.09996034
v -0.41173190 -0.24058859 -0.01349485
v -0.41073212 -0.23716906 -0.02055261
v -0.45603651 0.37655419 -0.27219659
v -0.39800403 -0.26482031 0.36987945
v -0.45089355 0.04952691 -0.11272294
v -0.38622019 -0.31805506 0.43388894
v -0.38528779 -0.31922966 0.43847069
v -0.38610733 -0.33917367 0.43667552
v -0.38644606 -0.34578028 0.43929562
v -0.38621962 -0.36438057 0.43574747
v -0.38510072 -0.29406431 0.43800247
v -0.45234942 0.06725875 -0.12069488
v -0.44692841 0.14962777 -0.13053407
v -0.44834080 0.12587310 -0.12593080
v -0.44930029 0.03104660 -0.10686229
v -0.42139801 -0.13653234 0.18010397
v -0.41493881 -0.25920010 0.03309974
v -0.44894636 0.33130240 -0.20263672
v -0.41272506 -0.24107876 0.00753450
v -0.39733332 -0.26632234 0.35208288
v -0.45000365 0.33127087 -0.20637810
v -0.42323077 -0.29738030 -0.08264136
v -0.42221791 -0.30424115 -0.09415577
v -0.38335702 -0.31652868 0.44399092
v -0.38622230 -0.35337162 0.44292057
v -0.38777146 -0.38036969 0.44463855
v -0.38780543 -0.38514474 0.43899637
v -0.38904271 -0.39542440 0.44715777
v -0.38675615 -0.37129983 0.44710723
v -0.38813025 -0.39396098 0.43853945
v -0.39152569 -0.41522485 0.44719237
v -0.38281268 -0.33018482 0.44708210
v -0.43604884 -0.04373859 -0.07949238
v -0.43320554 -0.06239161 -0.06926648
v -0.44888818 0.29250139 -0.18375589
v -0.44265363 -0.00164290 -0.09200382
v -0.44920954 0.35679606 -0.22985533
v -0.44774613 0.34740672 -0.21347313
v -0.43718427 -0.09266726 -0.04369505
v -0.39065871 -0.25267363 0.42635876
v -0.39121392 -0.24719916 0.42491874
v -0.41346994 -0.18107390 -0.00199556
v -0.40505859 -0.22862241 -0.10286964
v -0.40478876 -0.22772747 -0.08137752
v -0.40702218 -0.28261006 -0.10711762
v -0.42238125 -0.14413446 0.16481423
v -0.44796231 0.37471890 -0.24420315
v -0.45184487 0.37967360 -0.26042929
v -0.40975899 -0.24716528 -0.04297070
v -0.41100580 -0.25895599 -0.05119260
v -0.42118385 -0.16248366 0.00485604
v -0.40323952 -0.23367646 0.31266582
v -0.40377575 -0.24708799 -0.06388613
v -0.39457768 -0.24132757 0.40641481
v -0.41211882 -0.20025994 -0.01511801
v -0.41324314 -0.26562360 -0.04962004
v -0.41252500 -0.26903155 -0.06427648
v -0.42213136 -0.12693110 0.18084601
v -0.39358020 -0.27632394 0.38775599
v -0.38995725 -0.28549722 0.40720427
v -0.38653758 -0.29759350 0.41954854
v -0.38372776 -0.30612028 0.42024854
v -0.41555819 -0.29231647 -0.00294488
v -0.43714657 -0.02306574 -0.08108180
v -0.44946802 0.07419516 -0.11450012
v -0.42110816 -0.28790927 -0.05257465
v -0.43752715 -0.08569751 -0.05352697
v -0.43766591 -0.07290402 -0.06911554
v -0.42517757 -0.15407991 0.07255273
v -0.38339764 -0.32126665 0.42602780
v -0.42491975 -0.32882088 -0.03149052
v -0.42719147 -0.33966330 -0.03496160
v -0.40420845 -0.25538224 -0.07351843
v -0.38782176 -0.40592557 0.43604249
v -0.45633039 0.40466702 -0.29963237
v -0.39124176 -0.24432033 0.42074609
v -0.46062395 0.43558839 -0.36243749
v -0.46080840 0.44841397 -0.37590891
v -0.41603604 -0.40801331 -0.10764414
v -0.39840421 -0.26625091 0.32008609
v -0.40374997 -0.25860152 0.29286784
v -0.38366279 -0.33952364 0.42916921
v -0.43320879 -0.04235096 -0.07258883
v -0.44113570 0.00927178 -0.08818956
v -0.38338786 -0.36428592 0.43030140
v -0.38559940 -0.39861313 0.45676139
v -0.38793698 -0.41644558 0.43604165
v -0.39257133 -0.43036222 0.45034501
v -0.39302784 -0.43578118 0.44893378
v -0.39572036 -0.45509148 0.45141777
v -0.39101848 -0.43365315 0.44249606
v -0.39141861 -0.45335394 0.44072467
v -0.39055857 -0.44149223 0.46056023
v -0.39525750 -0.46961823 0.46180636
v -0.39698929 -0.46883786 0.45246562
v -0.39742097 -0.48418534 0.46221420
v -0.39811909 -0.48134762 0.45230538
v -0.39814672 -0.49161077 0.46237600
v -0.39808586 -0.49077696 0.45212391
v -0.39757180 -0.49524006 0.45592904
v -0.39684629 -0.49721143 0.46280992
v -0.39526099 -0.46670553 0.44707179
v -0.38656491 -0.39388478 0.43445134
v -0.45775408 0.41681331 -0.31880850
v -0.41862080 -0.44116116 -0.09517586
v -0.38303134 -0.28576410 0.44225958
v -0.43514320 -0.09508593 -0.03741808
v -0.40601909 -0.26498011 -0.08406185
v -0.39961597 -0.23316403 0.34602126
v -0.41434768 -0.34137022 -0.12747486
v -0.42256466 -0.29252610 -0.06891837
v -0.41917157 -0.31446734 -0.01954215
v -0.44552463 0.04801120 -0.10002927
v -0.44052675 0.02893862 -0.08808444
v -0.44541016 0.11319075 -0.11532899
v -0.38707998 -0.26543614 0.43458587
v -0.38638991 -0.42093670 0.46236482
v -0.42063287 -0.14484598 0.16839677
v -0.41809112 -0.42381153 -0.09996365
v -0.44629812 0.36190265 -0.22479217
v -0.43455404 -0.01500779 -0.07569838
v -0.43079782 -0.04561255 -0.06735802
v -0.44488055 0.08354505 -0.10658305
v -0.44935951 0.20199044 -0.26620612
v -0.44845551 0.22329792 -0.27448255
v -0.45631775 0.41155583 -0.35412097
v -0.45654616 0.42843449 -0.36781341
v -0.45576605 0.39465600 -0.34397110
v -0.41728055 -0.27901757 -0.06355159
v -0.39525908 -0.48588890 0.44508201
v -0.40383109 -0.23163469 0.29047829
v -0.38586575 -0.29422861 0.41197827
v -0.46132424 0.45604399 -0.35763529
v -0.39479607 -0.49871567 0.45094737
v -0.44736606 0.26407737 -0.29103193
v -0.44363740 0.23950441 -0.28837779
v -0.42170689 -0.16042934 0.04149900
v -0.38674918 -0.25263551 0.43406749
v -0.42282835 -0.14801988 0.15047215
v -0.46111503 0.46265021 -0.38782144
v -0.46437839 0.47513691 -0.39068609
v -0.46432668 0.47049171 -0.38116726
v -0.46196634 0.46928221 -0.37311828
v -0.46351156 0.48169744 -0.39794463
v -0.39325580 -0.49398720 0.47117713
v -0.42775205 -0.05993523 -0.05928288
v -0.44880891 0.31108767 -0.19148043
v -0.38694465 -0.23968445 0.43055424
v -0.38059732 -0.23559733 0.44170725
v -0.42237011 -0.41711155 -0.02495294
v -0.43968177 0.06191429 -0.09170525
v -0.43953481 0.04894512 -0.08881363
v -0.41249353 -0.23252162 0.12558256
v -0.41216388 -0.23278321 0.10507651
v -0.42369929 -0.35560015 -0.05490189
v -0.41661316 -0.46192434 -0.03647584
v -0.41691118 -0.16880384 0.00987518
v -0.42723677 -0.06525927 -0.05669384
v -0.38341281 -0.22016746 0.43164977
v -0.38452825 -0.22937845 0.42663765
v -0.38706672 -0.23679869 0.42280436
v -0.38083181 -0.21867612 0.42064804
v -0.37981910 -0.19725482 0.42325586
v -0.38126945 -0.19703642 0.43144336
v -0.38037887 -0.17911115 0.43104714
v -0.37845486 -0.17693259 0.41964778
v -0.37958741 -0.16526663 0.42688689
v -0.37921435 -0.15843919 0.43150866
v -0.37803540 -0.13814466 0.42707682
v -0.37749237 -0.13792633 0.41965216
v -0.37639111 -0.12129745 0.41974220
v -0.37594086 -0.12103344 0.42983079
v -0.37878141 -0.20036992 0.43849960
v -0.37879539 -0.20084560 0.41990733
v -0.37469256 -0.13419840 0.43633825
v -0.37432364 -0.15874599 0.44245848
v -0.37849358 -0.21975067 0.44253045
v -0.38200834 -0.22814582 0.41898465
v -0.37528500 -0.12033136 0.43102571
v -0.38366255 -0.39103696 0.45839947
v -0.38277036 -0.36083221 0.45241228
v -0.39500287 -0.23601362 0.39141080
v -0.43163162 -0.01192940 -0.07083523
v -0.43706119 0.01928490 -0.08170279
v -0.39400253 -0.48504123 0.46865115
v -0.37598640 -0.20103547 0.44350836
v -0.38521275 -0.23339997 0.41963494
v -0.44079873 0.08823619 -0.10080504
v -0.42501631 -0.03649802 -0.05863606
v -0.41459462 -0.29962170 -0.10750987
v -0.41066101 -0.29049969 -0.10694227
v -0.43366879 -0.03392072 -0.15832992
v -0.43564367 -0.02669513 -0.15740959
v -0.38291204 -0.25909910 0.44126877
v -0.43206918 -0.02699269 -0.16548687
v -0.45540091 0.43676546 -0.37915742
v -0.43101317 -0.12334823 0.05032726
v -0.44513124 0.20226665 -0.27552769
v -0.41867644 -0.28670597 -0.08040156
v -0.38890243 -0.44761741 0.43778542
v -0.37119734 -0.13765404 0.44328034
v -0.39125067 -0.45319137 0.46342143
v -0.41522554 -0.04861169 -0.19465953
v -0.42215341 -0.04208189 -0.18041119
v -0.43316451 -0.09835726 -0.02937833
v -0.41687351 -0.45717537 -0.09506785
v -0.41728640 -0.43602714 -0.09902995
v -0.36875260 -0.11950314 0.44249424
v -0.38362062 -0.40163544 0.46088064
v -0.44541019 0.27907094 -0.17142326
v -0.44490504 0.29760635 -0.17854001
v -0.43153772 -0.11862805 0.01351439
v -0.42971390 -0.11386973 0.00751629
v -0.42923686 -0.02078911 -0.17449574
v -0.36994916 -0.10889724 0.43170562
v -0.44738463 0.29597038 -0.30702981
v -0.39240339 -0.24094075 0.41355404
v -0.41384417 -0.17481236 0.00431160
v -0.41383597 -0.35167927 -0.12666625
v -0.45695770 0.45619792 -0.39233935
v -0.42302793 -0.32975560 -0.02861004
v -0.43421817 0.00117508 -0.17891987
v -0.45087743 0.39049578 -0.26913759
v -0.37173283 -0.11199804 0.41943190
v -0.38399258 -0.41078031 0.46265799
v -0.40810519 -0.06445485 -0.20576759
v -0.40563205 -0.26992226 -0.15245828
v -0.39321139 -0.49795255 0.46873212
v -0.44548926 0.38081720 -0.24591698
v -0.44068554 0.12636419 -0.11189038
v -0.44024035 0.17074431 -0.12660035
v -0.41453588 -0.39769712 -0.11383731
v -0.41318598 -0.37857604 -0.12190917
v -0.45074588 0.40766135 -0.36368218
v -0.45011613 0.39070013 -0.35333529
v -0.40946919 -0.26985395 -0.08000951
v -0.42539626 -0.03367677 -0.17416832
v -0.42336529 -0.01923848 -0.18689111
v -0.44514021 0.21668574 -0.27916324
v -0.43350574 -0.07751136 -0.05410813
v -0.45024568 0.37703159 -0.34520108
v -0.38548777 -0.42939839 0.46479651
v -0.45288467 0.40552607 -0.29200828
v -0.41009688 -0.30437744 -0.13894001
v -0.41034403 -0.32200304 -0.13556875
v -0.44977805 0.42131484 -0.37694126
v -0.37943980 -0.30859041 0.44864753
v -0.39146101 -0.46717218 0.43999034
v -0.42987368 0.00616947 -0.07009444
v -0.44735178 0.32055879 -0.32100400
v -0.44900140 0.35361895 -0.33541256
v -0.42534706 0.00663316 -0.20082672
v -0.43431431 0.03889549 -0.20883836
v -0.41822416 -0.14077652 0.18158856
v -0.41911235 -0.04621969 -0.04863576
v -0.41944793 -0.06696965 -0.04398744
v -0.42361987 -0.00110641 -0.06096458
v -0.43060917 -0.11089811 -0.00236962
v -0.39370036 -0.49366373 0.44536406
v -0.44183224 0.22095387 -0.28556520
v -0.36702257 -0.10826831 0.43722296
v -0.42766133 -0.11680228 0.03283672
v -0.44040412 0.27202988 -0.30681646
v -0.44066608 0.29570037 -0.31922764
v -0.37948239 -0.26021621 0.44565383
v -0.44137755 0.11267011 -0.24302563
v -0.41764829 -0.12661353 0.18797632
v -0.46179995 0.47684211 -0.38418892
v -0.40606084 -0.09369672 -0.20264520
v -0.41392851 -0.29174304 -0.09898914
v -0.39059880 -0.47135413 0.46898174
v -0.44183561 0.20268142 -0.28118610
v -0.41877362 -0.29549101 -0.09277799
v -0.43950608 0.25184405 -0.29947421
v -0.44488856 0.39092904 -0.36284754
v -0.44601625 0.40896073 -0.37390733
v -0.43372160 0.05076379 -0.08180775
v -0.45578828 0.43489844 -0.33168006
v -0.41768119 -0.50045091 -0.08158962
v -0.41423663 -0.03546255 -0.19220068
v -0.42085618 -0.03450836 -0.18144323
v -0.40881699 -0.28167754 -0.09453649
v -0.44525680 0.36817381 -0.23014666
v -0.43521529 0.08013865 -0.09071420
v -0.43528113 0.10087346 -0.09705454
v -0.41767532 -0.13099074 0.18818443
v -0.43726066 0.19548003 -0.13066415
v -0.43485606 0.16700545 -0.11769957
v -0.41509092 -0.06421663 -0.03873754
v -0.42251936 -0.07319690 -0.04338400
v -0.37286448 -0.12162736 0.41395950
v -0.45045301 0.41686568 -0.30240688
v -0.46166262 0.48329666 -0.39526293
v -0.43424380 0.05362603 -0.21993805
v -0.44067231 0.31977698 -0.33182594
v -0.41029796 -0.19781396 -0.01142978
v -0.40938044 -0.19070335 -0.00549366
v -0.41249266 -0.17950712 0.00146430
v -0.41290474 -0.17257321 0.00869104
v -0.43244341 -0.08549497 -0.04350593
v -0.46137366 0.48647648 -0.40513954
v -0.41493279 -0.01016201 -0.20703152
v -0.41242880 -0.41500193 -0.11072812
v -0.41668543 -0.02982681 -0.04798990
v -0.43004692 0.13557482 -0.10074659
v -0.37381265 -0.13834795 0.41402262
v -0.44637960 0.40486309 -0.27708915
v -0.44938543 0.43304425 -0.32055968
v -0.41802019 -0.44431874 -0.03133653
v -0.41578123 -0.45896438 -0.03502336
v -0.38674614 -0.23436020 0.41415298
v -0.43502235 0.23399502 -0.29920575
v -0.37807810 -0.33189747 0.45292240
v -0.42072237 -0.12071996 0.16598701
v -0.41871867 -0.12135721 0.17951143
v -0.43535104 0.27219811 -0.31448472
v -0.44335315 0.39608988 -0.26075974
v -0.42485306 -0.11675651 0.06945443
v -0.42612761 -0.11288729 0.01896533
v -0.42782715 0.17383906 -0.11126041
v -0.38369268 -0.40060592 0.43040711
v -0.43774602 0.07705795 -0.22861327
v -0.44263482 0.35456964 -0.21169473
v -0.44399896 0.42284229 -0.29728073
v -0.44754884 0.42766502 -0.31104642
v -0.37958261 -0.32194042 0.42089310
v -0.38002264 -0.33956346 0.42479038
v -0.43128440 0.24696827 -0.30902186
v -0.42397600 -0.11772713 0.10475670
v -0.42334700 -0.12042468 0.13491213
v -0.42427486 -0.11727779 0.09107652
v -0.43936509 0.38916206 -0.24447049
v -0.43951026 0.37465158 -0.22755595
v -0.41285211 -0.42893308 -0.10534225
v -0.45446888 0.45276999 -0.34427810
v -0.44000798 0.25647998 -0.15625472
v -0.41316029 -0.49198848 -0.04406356
v -0.41353285 -0.50023252 -0.04766074
v -0.38261274 -0.23196891 0.41599482
v -0.41162053 -0.40108094 -0.11651677
v -0.41759190 -0.47764122 -0.08899468
v -0.42326206 -0.39553437 -0.02732088
v -0.45305645 0.44971034 -0.39317098
v -0.44630915 0.42941245 -0.38727754
v -0.38933325 -0.45884869 0.46666071
v -0.41222525 -0.23889144 0.02662892
v -0.37039229 -0.19846316 0.44906119
v -0.37539411 -0.25910175 0.44974765
v -0.37328431 -0.15179455 0.41327199
v -0.37304658 -0.18881024 0.41298160
v -0.36778188 -0.15570731 0.44870186
v -0.38852444 -0.23442654 0.40491623
v -0.43130475 0.40912861 -0.25614110
v -0.43128201 0.40063041 -0.24534528
v -0.43932098 0.42415509 -0.29043832
v -0.39891720 -0.23052989 0.32793555
v -0.38026655 -0.35619667 0.42627794
v -0.38037372 -0.38592052 0.42701942
v -0.43897387 0.43214175 -0.30217615
v -0.44277465 0.44144529 -0.31957138
v -0.37247306 -0.30766916 0.45525444
v -0.42445073 -0.11309230 0.03237659
v -0.42430019 -0.11475224 0.04609003
v -0.44723013 0.44644314 -0.33059734
v -0.38984388 -0.48097414 0.43858874
v -0.42574537 0.39295936 -0.22809254
v -0.42723036 -0.08552554 -0.03662684
v -0.37203881 -0.20715763 0.41223896
v -0.41159391 -0.23373938 0.07919008
v -0.37557110 -0.22344895 0.41382709
v -0.38358617 -0.43292561 0.43214643
v -0.45150095 0.45173866 -0.34017143
v -0.42373055 -0.10904699 0.00987839
v -0.36518046 -0.11106319 0.41125116
v -0.39598691 -0.23342404 0.37225863
v -0.36921865 -0.12083378 0.41012496
v -0.40407085 -0.22992288 0.27128175
v -0.40835717 -0.21232578 -0.01677703
v -0.40808132 -0.22342850 -0.02105507
v -0.40853801 -0.23547918 -0.02385168
v -0.38718227 -0.48938084 0.43743977
v -0.38870367 -0.49339437 0.44027278
v -0.37710205 -0.23063466 0.41275293
v -0.41358808 -0.44447011 -0.10044885
v -0.40847248 -0.23032151 0.20263653
v -0.38566995 -0.45212659 0.43490303
v -0.41595644 -0.49880692 -0.08317868
v -0.42328346 -0.10628998 0.00122012
v -0.40952051 -0.39186183 -0.12124127
v -0.38692132 -0.47357631 0.43607143
v -0.38725191 -0.49751830 0.44207475
v -0.41364771 -0.12327924 0.18820831
v -0.37986225 -0.40664357 0.42793414
v -0.41468734 -0.45750836 -0.09658546
v -0.41489390 -0.46646485 -0.09360627
v -0.40831661 -0.12524725 0.19257724
v -0.40791652 -0.12315618 0.19152553
v -0.37062076 -0.35760421 0.42068195
v -0.40599632 -0.13109308 0.19307248
v -0.38053459 -0.46137136 0.43295348
v -0.37265241 -0.39201102 0.42351240
v -0.41520035 -0.47865513 -0.08988811
v -0.37652764 -0.42734227 0.42859739
v -0.37686732 -0.45727834 0.43178824
v 0.44445279 -0.05182522 -0.09845836
v 0.44382572 -0.06778158 -0.09146132
v 0.44418558 -0.07179388 -0.09901537
v 0.44473684 -0.05638671 -0.10581215
v 0.44369814 -0.07832379 -0.07905027
v 0.44301635 -0.08745338 -0.08501228
v 0.44393161 -0.06916433 -0.11128835
v 0.44279099 -0.08373898 -0.10298286
v 0.44304398 -0.08306089 -0.06822181
v 0.44660521 -0.02475043 -0.11354658
v 0.44569591 -0.03317104 -0.12271982
v 0.44987759 0.00666138 -0.12159532
v 0.44818157 -0.00268098 -0.10829243
v 0.44992498 0.01553409 -0.11243375
v 0.44569749 -0.02508750 -0.10213117
v 0.44134551 -0.09772198 -0.07317159
v 0.44122753 -0.09150817 -0.05053178
v 0.44363606 -0.05609148 -0.12533329
v 0.45180795 0.02597600 -0.11989724
v 0.45127282 0.02308162 -0.13241312
v 0.45367321 0.04025537 -0.13495512
v 0.45347679 0.04090893 -0.14701346
v 0.45327529 0.04109050 -0.12064935
v 0.45549500 0.05711889 -0.13000420
v 0.45616648 0.05745662 -0.14809297
v 0.45670557 0.06500007 -0.13618366
v 0.45508248 0.05382378 -0.16066502
v 0.45732316 0.06897904 -0.16030389
v 0.45850393 0.08559796 -0.15824263
v 0.45774370 0.08009987 -0.16969001
v 0.45749986 0.07906124 -0.14203294
v 0.45850292 0.10432022 -0.17864589
v 0.45849931 0.10837728 -0.16934891
v 0.45876521 0.12351933 -0.17897323
v 0.45837677 0.09788496 -0.15515698
v 0.45862162 0.12098488 -0.19190222
v 0.45903718 0.13707159 -0.19491671
v 0.45858783 0.13168322 -0.20753105
v 0.45956188 0.15400980 -0.21382824
v 0.45693195 0.10622012 -0.19640361
v 0.45847976 0.14201942 -0.21802214
v 0.45871922 0.15576242 -0.23319252
v 0.45971471 0.16475035 -0.23152898
v 0.45704848 0.08444425 -0.18199255
v 0.45460448 0.06265695 -0.17546242
v 0.44097450 -0.08617876 -0.11842927
v 0.44080749 -0.07830900 -0.12616289
v 0.45865244 0.17732486 -0.25350237
v 0.44835404 0.00977530 -0.14083853
v 0.44628468 -0.01636167 -0.12879629
v 0.45063683 0.02526357 -0.14482501
v 0.43851459 -0.11211903 -0.08644996
v 0.45950779 0.17971498 -0.24055982
v 0.45949620 0.16454835 -0.22038399
v 0.43706796 -0.11479888 -0.10034209
v 0.45648664 0.14257042 -0.23292467
v 0.45694733 0.16530210 -0.25396666
v 0.45317540 0.04392963 -0.15965076
v 0.45627305 0.12498984 -0.21545027
v 0.44888449 0.02473765 -0.15593860
v 0.42815426 -0.15853839 -0.08783477
v 0.42651016 -0.15858400 -0.11468622
v 0.42658734 -0.16339186 -0.10357480
v 0.42127094 -0.19139943 -0.11228678
v 0.42222965 -0.17552949 -0.12618732
v 0.42568490 -0.15505661 -0.12576181
v 0.42070350 -0.18361959 -0.12612626
v 0.41877973 -0.19723086 -0.12828477
v 0.41948396 -0.20518845 -0.11415657
v 0.42965648 -0.13433363 -0.12567444
v 0.43269008 -0.12907742 -0.11291276
v 0.43675846 -0.10624103 -0.11744703
v 0.43780512 -0.09462275 -0.12670109
v 0.43437588 -0.11099698 -0.12596723
v 0.42008299 -0.20542631 -0.10145312
v 0.42202869 -0.19075944 -0.09797168
v 0.45597202 0.17722726 -0.26615974
v 0.41692889 -0.22690931 -0.12559892
v 0.41618350 -0.20569079 -0.14133677
v 0.44449195 -0.01437460 -0.13870353
v 0.44313118 -0.03210710 -0.13451402
v 0.41824895 -0.22744557 -0.09814834
v 0.41689309 -0.18626073 -0.14106779
v 0.44117534 -0.05697192 -0.13531113
v 0.44387275 0.00010721 -0.15173611
v 0.44569314 0.01130866 -0.15470640
v 0.41549855 -0.22361177 -0.14157566
v 0.41516021 -0.24189273 -0.13857394
v 0.41652012 -0.24382308 -0.11683438
v 0.41522613 -0.25287876 -0.12912069
v 0.41681758 -0.25227791 -0.09712832
v 0.41573676 -0.18351482 -0.15433702
v 0.41633880 -0.15868241 -0.15603976
v 0.41755489 -0.16690052 -0.14609775
v 0.41792953 -0.15603246 -0.14986309
v 0.41675407 -0.15195012 -0.15680078
v 0.41375330 -0.15839657 -0.17328593
v 0.42895222 -0.12521105 -0.13525449
v 0.42389438 -0.14314434 -0.14032738
v 0.42271021 -0.15853199 -0.13420303
v 0.45422849 0.15416129 -0.25361165
v 0.43793303 -0.06302604 -0.14370760
v 0.43577266 -0.08213827 -0.14017311
v 0.44121861 -0.01662174 -0.14868644
v 0.43884271 -0.03306499 -0.14749552
v 0.43240663 -0.10517013 -0.13668209
v 0.45319721 0.12778617 -0.23059991
v 0.45139247 0.10371359 -0.21444203
v 0.45540231 0.09409259 -0.19369179
v 0.45276669 0.07318952 -0.18884288
v 0.41369411 -0.14440027 -0.17450108
v 0.41672444 -0.13871698 -0.16402383
v 0.41610861 -0.13446862 -0.16915762
v 0.41692096 -0.10652588 -0.17655541
v 0.43944949 -0.04216475 -0.14404386
v 0.44844350 0.08116280 -0.20728813
v 0.45314559 0.14372930 -0.24627982
v 0.42513630 -0.12112236 -0.15000726
v 0.42119080 -0.12755048 -0.15826438
v 0.44729313 0.02954273 -0.16618989
v 0.44811204 0.04018143 -0.17464092
v 0.42056489 -0.20092793 -0.07679551
v 0.42329454 -0.18353881 -0.07164188
v 0.42601061 -0.16933306 -0.07520793
v 0.42984244 -0.15084729 -0.07200634
v 0.43683299 -0.12021717 -0.06815051
v 0.41736716 -0.24729419 -0.08027896
v 0.41548800 -0.18080983 -0.16214728
v 0.41583616 -0.20045359 -0.15088111
v 0.41469681 -0.17069903 -0.16955669
v 0.41814426 -0.22609757 -0.07111699
v 0.45350718 0.16819848 -0.26691571
v 0.41611329 -0.26905486 -0.10591779
v 0.41670451 -0.27615237 -0.10037395
v 0.41722134 -0.27044129 -0.08321477
v 0.42572337 -0.16764128 -0.04594794
v 0.42070457 -0.19441049 -0.05324002
v 0.42878935 -0.15370905 -0.04752012
v 0.43528125 -0.12489944 -0.05331364
v 0.42844316 -0.15508714 -0.01463326
v 0.43157154 -0.14048405 -0.00489684
v 0.42799050 -0.15681374 0.00008639
v 0.43493733 -0.12407967 -0.04734968
v 0.43648532 -0.11611786 -0.03852157
v 0.43960682 -0.09848322 -0.03189002
v 0.44020799 -0.09375154 -0.04162378
v 0.43916684 -0.10422228 -0.02035580
v 0.43748370 -0.11571505 -0.01213539
v 0.43797010 -0.11180675 -0.00378576
v 0.43679389 -0.11810220 0.00482215
v 0.41972020 -0.20642547 -0.06782318
v 0.42914572 -0.15007685 0.01283934
v 0.43367830 -0.13034470 0.00739642
v 0.43560272 -0.12044942 0.02104118
v 0.43473840 -0.12261932 0.03985978
v 0.43069139 -0.14156640 0.04400061
v 0.43114159 -0.13858093 0.06667523
v 0.43276227 -0.12619762 0.07698375
v 0.43070832 -0.13732956 0.09340228
v 0.43128803 -0.13178805 0.10605367
v 0.41818738 -0.21138138 -0.05030065
v 0.42959592 -0.13325769 0.14492866
v 0.42893216 -0.13781708 0.14492263
v 0.41731226 -0.22381179 -0.05113683
v 0.41726580 -0.23660786 -0.05642791
v 0.41715088 -0.24364662 -0.05074798
v 0.41607037 -0.21223290 -0.14839609
v 0.42456540 -0.17169772 -0.03376844
v 0.42119035 -0.18864128 -0.04516964
v 0.42487267 -0.16875738 -0.01540885
v 0.42812169 -0.13352969 0.16376251
v 0.43130443 -0.12536649 0.11053508
v 0.41966239 -0.19227055 -0.03459529
v 0.41743320 -0.20557170 -0.03753182
v 0.42858967 -0.14237550 0.11862868
v 0.42804787 -0.15089689 0.05018277
v 0.42911884 -0.14482166 0.07459086
v 0.42117473 -0.18212274 -0.02208655
v 0.41584596 -0.22386445 -0.14777097
v 0.42718929 -0.15522437 0.02601412
v 0.41561526 -0.26964402 -0.12790395
v 0.41769165 -0.27183595 -0.05929603
v 0.42914456 -0.12662919 0.15247177
v 0.45894042 0.14696853 -0.19504978
v 0.45866957 0.13707702 -0.18569830
v 0.41807026 -0.27274722 -0.05118939
v 0.42655176 -0.13953941 0.16536324
v 0.41548762 -0.21871655 -0.03839149
v 0.42456990 -0.16851516 -0.00058119
v 0.41742784 -0.25513211 -0.04743232
v 0.41760650 -0.25752094 -0.03833541
v 0.45859954 0.18161064 -0.25197789
v 0.42579350 -0.13535561 0.17808788
v 0.41628823 -0.24519052 -0.03463431
v 0.41562331 -0.18555897 -0.17037451
v 0.41709921 -0.20669687 -0.17035109
v 0.41793567 -0.22885993 -0.16309038
v 0.41781622 -0.22999164 -0.16689879
v 0.41793433 -0.24415027 -0.16358480
v 0.41856173 -0.25355202 -0.15754099
v 0.41813228 -0.26037940 -0.15897311
v 0.41811100 -0.30249679 -0.11410819
v 0.41772452 -0.30101264 -0.12200666
v 0.41852692 -0.31617069 -0.11604305
v 0.41972890 -0.29299134 -0.04484827
v 0.42496720 -0.16455318 0.00895893
v 0.41549626 -0.23193339 -0.03737318
v 0.41853505 -0.28917414 -0.08465347
v 0.41914055 -0.29188409 -0.06189501
v 0.41822842 -0.29541534 -0.10149625
v 0.41911387 -0.31236029 -0.11031964
v 0.41896626 -0.32741332 -0.11292496
v 0.42573690 -0.13023162 0.17981784
v 0.41772798 -0.23734704 -0.15632370
v 0.41794294 -0.25983927 -0.14654656
v 0.41551292 -0.22503601 -0.03931519
v 0.41962194 -0.28276783 -0.03705947
v 0.41895008 -0.26606774 -0.03031478
v 0.42100325 -0.29919553 -0.03203340
v 0.42088422 -0.29322231 -0.02553204
v 0.42203644 -0.28266966 -0.01941881
v 0.42161989 -0.27816331 -0.02300403
v 0.42228916 -0.27501938 -0.01526453
v 0.42207536 -0.27392048 -0.00832764
v 0.41768444 -0.31146806 -0.02295423
v 0.41752586 -0.19439593 -0.02461189
v 0.41946441 -0.27732965 -0.15150687
v 0.41882131 -0.26711810 -0.15567835
v 0.41993490 -0.28586674 -0.14725645
v 0.42659754 -0.12583277 0.17348951
v 0.41987297 -0.33073121 -0.11905091
v 0.41991016 -0.34873658 -0.11554462
v 0.42036286 -0.34656087 -0.12292380
v 0.42024460 -0.37602463 -0.11382331
v 0.42026043 -0.31828368 -0.12827431
v 0.42059672 -0.32603797 -0.13086666
v 0.41850960 -0.29578701 -0.13031635
v 0.42007658 -0.37038684 -0.12094431
v 0.41977030 -0.34603098 -0.12843366
v 0.42025355 -0.38468295 -0.11705542
v 0.42035022 -0.39603603 -0.11322734
v 0.41983825 -0.35876232 -0.12477550
v 0.41974917 -0.30857405 -0.13843237
v 0.41976824 -0.29767418 -0.14282724
v 0.41898558 -0.39428905 -0.10459691
v 0.44135410 -0.08849289 -0.05322604
v 0.41656151 -0.25126183 -0.02274833
v 0.41983125 -0.41276333 -0.10703771
v 0.41942132 -0.40968132 -0.11256032
v 0.41937956 -0.41810724 -0.10902575
v 0.41936722 -0.42971066 -0.10321026
v 0.41936961 -0.41562560 -0.10115524
v 0.41917521 -0.43374589 -0.09611279
v 0.41962802 -0.44203055 -0.09877359
v 0.41985694 -0.45653504 -0.09256911
v 0.41929743 -0.45491642 -0.09676755
v 0.42007110 -0.46617427 -0.09161776
v 0.41960555 -0.46527049 -0.08384386
v 0.42025653 -0.47657916 -0.08597421
v 0.41994512 -0.48728257 -0.07956859
v 0.41949692 -0.48479047 -0.08649690
v 0.42005470 -0.49237508 -0.08069376
v 0.41929597 -0.49546078 -0.06953360
v 0.41875204 -0.44763070 -0.08775333
v 0.45729178 0.16455929 -0.19576716
v 0.43853652 -0.10518302 -0.01407568
v 0.41836366 -0.25901183 -0.02083636
v 0.41415673 -0.17998844 -0.17335665
v 0.45757949 0.18306537 -0.22367057
v 0.41907215 -0.29795566 -0.14569287
v 0.41699621 -0.43104896 -0.08436085
v 0.41669059 -0.40850714 -0.09227605
v 0.41679284 -0.39544138 -0.09629724
v 0.41632524 -0.37069559 -0.09603124
v 0.41634881 -0.36720994 -0.08764049
v 0.41685572 -0.34779224 -0.07870963
v 0.41590729 -0.36434492 -0.07936634
v 0.41599926 -0.36001709 -0.06832120
v 0.41760841 -0.34368375 -0.06418014
v 0.41868824 -0.33362141 -0.08042339
v 0.41554627 -0.38447392 -0.07758792
v 0.41547027 -0.39229968 -0.06766419
v 0.42003471 -0.32766676 -0.06394240
v 0.41856629 -0.34882990 -0.10042641
v 0.41574797 -0.43449444 -0.06698933
v 0.41583452 -0.41763517 -0.07674437
v 0.42016309 -0.32561335 -0.08479834
v 0.42229757 -0.31404763 -0.06594405
v 0.42127305 -0.31873322 -0.08196795
v 0.42198890 -0.31803533 -0.05724350
v 0.42211202 -0.31162536 -0.05911748
v 0.42223150 -0.31051439 -0.05251525
v 0.41644463 -0.45319101 -0.07660165
v 0.41521829 -0.45612872 -0.06719247
v 0.42131114 -0.32809421 -0.09542922
v 0.42167911 -0.31839123 -0.09040149
v 0.42166391 -0.32117757 -0.09818050
v 0.42059544 -0.33676875 -0.10227600
v 0.41893828 -0.34389350 -0.10947762
v 0.41867915 -0.35860348 -0.10891646
v 0.41764382 -0.36717519 -0.10163278
v 0.41935647 -0.34920809 -0.11312771
v 0.42002228 -0.33395785 -0.06033052
v 0.41601729 -0.38634539 -0.06477258
v 0.42195618 -0.32853183 -0.09954098
v 0.41571707 -0.46963316 -0.06765563
v 0.42220020 -0.31527558 -0.08253285
v 0.42310947 -0.32851365 -0.05424042
v 0.41614586 -0.43536305 -0.06505644
v 0.42185843 -0.30649850 -0.03782922
v 0.45713243 0.14730187 -0.18280707
v 0.45714116 0.17638525 -0.21212922
v 0.45509693 0.18124944 -0.19747239
v 0.41692454 -0.44627976 -0.06424794
v 0.41854984 -0.31751406 -0.03203035
v 0.45650455 0.13437787 -0.17200543
v 0.41788399 -0.29827157 -0.01636115
v 0.44689974 -0.00541338 -0.10359442
v 0.42658472 -0.15465143 0.04189695
v 0.42548203 -0.12622331 0.17939579
v 0.45615211 0.10106012 -0.14515252
v 0.45333636 0.12756526 -0.14964044
v 0.45621580 0.19834051 -0.24210772
v 0.45594996 0.19706728 -0.25042492
v 0.45597920 0.21418025 -0.25122657
v 0.45546004 0.20184328 -0.23652716
v 0.45687321 0.18961990 -0.22884786
v 0.45495307 0.21535966 -0.23855042
v 0.45535040 0.22780864 -0.23975126
v 0.45619500 0.23072246 -0.25234708
v 0.45548743 0.23847248 -0.24101448
v 0.45687774 0.25926542 -0.25347379
v 0.45614794 0.26033300 -0.24023239
v 0.45763353 0.27985093 -0.25212413
v 0.45816588 0.29447761 -0.25413686
v 0.45763856 0.29095066 -0.23886347
v 0.45854941 0.30357927 -0.25260839
v 0.45874694 0.30646154 -0.26796186
v 0.45976153 0.32563505 -0.26532692
v 0.46021309 0.32563081 -0.28000557
v 0.46134841 0.33688095 -0.28037122
v 0.45664996 0.28222364 -0.26314041
v 0.45602140 0.27688578 -0.22502527
v 0.46183419 0.35213783 -0.30038109
v 0.46174753 0.34894088 -0.28274471
v 0.46254838 0.36852187 -0.30260679
v 0.46167576 0.36703658 -0.31259513
v 0.46193162 0.38706580 -0.31815398
v 0.45701277 0.29523534 -0.23005976
v 0.45410174 0.27221769 -0.20461357
v 0.45297298 0.25443289 -0.21871878
v 0.45330730 0.26195964 -0.20583358
v 0.45360368 0.26747674 -0.19973698
v 0.45101297 0.24541172 -0.19170348
v 0.45142925 0.24653414 -0.21495514
v 0.45014140 0.23439109 -0.18940230
v 0.45010796 0.23198766 -0.21412785
v 0.44976828 0.22343451 -0.19083703
v 0.45003778 0.21574099 -0.21454555
v 0.46009013 0.33816728 -0.30055445
v 0.46196160 0.36252415 -0.28990263
v 0.44911984 0.23420370 -0.17901979
v 0.45093653 0.25251395 -0.18732873
v 0.44817474 0.22271247 -0.17116141
v 0.45772874 0.31547984 -0.24418782
v 0.45987993 0.33604866 -0.26588300
v 0.46200868 0.38291705 -0.30342096
v 0.46137655 0.39967474 -0.31841922
v 0.46150270 0.39498129 -0.32517907
v 0.45042995 0.20919000 -0.19546704
v 0.44894928 0.20438090 -0.17576826
v 0.44777790 0.21224140 -0.16388561
v 0.44780055 0.19969644 -0.16130564
v 0.45296925 0.24701689 -0.22347523
v 0.45194495 0.23537576 -0.22301009
v 0.45990860 0.41978028 -0.33600378
v 0.46021992 0.38558444 -0.33010012
v 0.45997468 0.37370294 -0.32599890
v 0.45972085 0.41437945 -0.33877718
v 0.45904860 0.40214169 -0.33925566
v 0.45967472 0.43052736 -0.34906235
v 0.45949173 0.43225089 -0.34657431
v 0.45990458 0.43954182 -0.35625437
v 0.45711061 0.31385708 -0.29007226
v 0.45778927 0.42058343 -0.35398576
v 0.45656228 0.42875916 -0.36722428
v 0.45640761 0.29433879 -0.27284223
v 0.45071685 0.20727287 -0.21585375
v 0.45498413 0.23707400 -0.26117218
v 0.45423022 0.27054653 -0.27048528
v 0.45331162 0.28380281 -0.28035292
v 0.46038485 0.44758904 -0.36299998
v 0.45881516 0.46165428 -0.39056131
v 0.46094367 0.46444368 -0.37869385
v 0.46048364 0.47728005 -0.39523983
v 0.45953339 0.35108945 -0.31350914
v 0.44977120 0.18840978 -0.17381720
v 0.44921950 0.18060918 -0.16106376
v 0.45520255 0.31031224 -0.22188543
v 0.44893682 0.24698797 -0.17674364
v 0.44659033 0.22854003 -0.16323090
v 0.45362186 0.22370501 -0.26216379
v 0.45922485 0.34845892 -0.26575282
v 0.46022877 0.36302936 -0.27842557
v 0.45558134 0.32588199 -0.23354611
v 0.45646971 0.33824727 -0.24678457
v 0.45646995 0.32060146 -0.30188054
v 0.45668271 0.33396563 -0.31212220
v 0.45052215 0.17621905 -0.16947559
v 0.44836509 0.17469704 -0.15141733
v 0.46027049 0.40768105 -0.31646231
v 0.45921692 0.42404166 -0.33402321
v 0.45367342 0.29473972 -0.28735611
v 0.45258933 0.19498318 -0.19607541
v 0.44665691 0.21741948 -0.16004966
v 0.45257264 0.21523811 -0.22593915
v 0.45997408 0.39978218 -0.30506185
v 0.45960107 0.38577601 -0.29219934
v 0.44617066 0.18939604 -0.14844640
v 0.45038819 0.20379722 -0.18866111
v 0.45683140 0.44956130 -0.38806847
v 0.45448065 0.43117273 -0.38017720
v 0.45634541 0.41923514 -0.35949218
v 0.45774037 0.39812955 -0.34371740
v 0.45621142 0.40962851 -0.35349301
v 0.45383245 0.20245638 -0.22670282
v 0.45272735 0.23184013 -0.26862031
v 0.45332858 0.24908124 -0.27019086
v 0.45173508 0.16332261 -0.16490287
v 0.44835949 0.15631753 -0.14393865
v 0.44999367 0.26541930 -0.18594924
v 0.45125961 0.14753507 -0.15500729
v 0.44881478 0.13537844 -0.13444059
v 0.44958887 0.26779875 -0.28679961
v 0.44839519 0.28714931 -0.30039626
v 0.43316674 -0.12337343 0.06400041
v 0.46037760 0.47185940 -0.38536626
v 0.44317344 -0.06715817 -0.08852705
v 0.45248720 0.30582052 -0.30245975
v 0.41980353 -0.33170298 -0.13215239
v 0.44170105 -0.05034835 -0.09025704
v 0.42293748 -0.31269133 -0.04449936
v 0.42388833 -0.32699203 -0.04214524
v 0.42474765 -0.33159220 -0.04681715
v 0.42539600 -0.35684937 -0.04689913
v 0.42456043 -0.33568540 -0.05069099
v 0.42572194 -0.36737511 -0.05107039
v 0.42566234 -0.40104496 -0.04721510
v 0.42625576 -0.40968475 -0.05133814
v 0.42557901 -0.47279507 -0.04703398
v 0.42607716 -0.46591413 -0.05095688
v 0.42606124 -0.48987401 -0.05123582
v 0.42538163 -0.46437836 -0.05508877
v 0.42568454 -0.48787588 -0.05501864
v 0.42441976 -0.49889064 -0.05598595
v 0.42460960 -0.49897751 -0.05091031
v 0.42546996 -0.40868995 -0.05499222
v 0.42438337 -0.36518800 -0.05555519
v 0.42459494 -0.35758740 -0.04321893
v 0.42445967 -0.39698616 -0.04319387
v 0.42273784 -0.49835452 -0.04290903
v 0.45294029 0.10894226 -0.13585894
v 0.45303971 0.19549403 -0.21114014
v 0.45158228 0.20288838 -0.21680677
v 0.41907442 -0.39146078 -0.11890028
v 0.46065670 0.45674929 -0.37135878
v 0.41721889 -0.48813865 -0.06827999
v 0.41711926 -0.48455638 -0.06571469
v 0.44502264 0.20724368 -0.14969102
v 0.45055455 0.21562196 -0.26985660
v 0.41851124 -0.28644896 -0.00823516
v 0.41934732 -0.49937710 -0.07957411
v 0.41985682 -0.49933642 -0.06739374
v 0.41961843 -0.49533054 -0.06643893
v 0.45180225 0.27458131 -0.19556342
v 0.45187792 0.29536080 -0.20389977
v 0.45712996 0.35730380 -0.32582694
v 0.42628169 -0.14575818 0.14030543
v 0.45000410 0.03537880 -0.11134972
v 0.42095515 -0.17762011 -0.00852321
v 0.44668627 0.24384226 -0.16753823
v 0.45693073 0.37234282 -0.27059796
v 0.45249799 0.06667678 -0.12122784
v 0.45336419 0.07507709 -0.12636840
v 0.45259723 0.05492351 -0.12024881
v 0.44994336 0.22669064 -0.27464318
v 0.44971809 0.25179330 -0.28187418
v 0.45602089 0.37934875 -0.34098384
v 0.42434880 -0.46131548 -0.04326668
v 0.41803092 -0.25858864 -0.01440175
v 0.41980323 -0.27174300 0.00404346
v 0.42081955 -0.26895502 -0.00275814
v 0.41992345 -0.26787969 0.00669095
v 0.41913944 -0.26685175 0.01866684
v 0.41773817 -0.25816682 0.01256523
v 0.41701999 -0.25326747 0.02639259
v 0.41842598 -0.26351419 0.03364768
v 0.41694954 -0.24871273 0.04318007
v 0.41790208 -0.26273224 0.04599337
v 0.41730544 -0.24768123 0.05834575
v 0.41762981 -0.26032695 0.07054188
v 0.41747093 -0.24616842 0.07455389
v 0.41710868 -0.25738931 0.08616336
v 0.41722396 -0.25038567 0.09051246
v 0.41563171 -0.25487003 0.12550090
v 0.41591620 -0.24663122 0.12762807
v 0.41516760 -0.25294480 0.13870174
v 0.41672906 -0.23867759 0.10464361
v 0.41332957 -0.24689424 0.17414722
v 0.41272578 -0.25260302 0.17841487
v 0.41126359 -0.24631843 0.21264103
v 0.41125631 -0.25394860 0.20294139
v 0.40938300 -0.25304946 0.25247732
v 0.40889680 -0.24422428 0.26284644
v 0.40657014 -0.25267330 0.28973472
v 0.40712696 -0.25516412 0.27934766
v 0.40349913 -0.25597879 0.32470495
v 0.41366896 -0.23476478 0.16597505
v 0.41545597 -0.23466025 0.12879559
v 0.41475016 -0.23536418 0.14306375
v 0.41137162 -0.23331365 0.19856073
v 0.41072229 -0.23520268 0.21332137
v 0.40434501 -0.25319189 0.31872374
v 0.39924869 -0.25528622 0.36208579
v 0.39725742 -0.25726107 0.37893081
v 0.39941606 -0.25789356 0.35963070
v 0.39591882 -0.26166821 0.38656881
v 0.39490718 -0.26131719 0.39783791
v 0.40642160 -0.23927146 0.28715292
v 0.40484333 -0.24380699 0.30653739
v 0.40854594 -0.23518932 0.25748378
v 0.41705516 -0.24029419 0.07437249
v 0.39717951 -0.25009072 0.37786987
v 0.41642004 -0.25954485 0.09061407
v 0.39412141 -0.25335786 0.40216908
v 0.40209484 -0.24671055 0.33401927
v 0.39625758 -0.24481966 0.37943593
v 0.39872941 -0.24610795 0.35821915
v 0.39240590 -0.26471403 0.40970984
v 0.40340436 -0.23656532 0.31166315
v 0.40666986 -0.23523107 0.27827597
v 0.39444301 -0.24179684 0.38946527
v 0.39006436 -0.27590308 0.40695596
v 0.39125606 -0.27006379 0.41077706
v 0.39193031 -0.24809837 0.41018808
v 0.41613361 -0.24371575 0.04948075
v 0.39104870 -0.27511597 0.39387721
v 0.39933023 -0.23763481 0.34183624
v 0.41243568 -0.25465050 0.16714211
v 0.38866544 -0.27583489 0.41738325
v 0.39033464 -0.26466456 0.41625679
v 0.38681746 -0.27467686 0.42847666
v 0.38712695 -0.27971256 0.42490527
v 0.38584167 -0.28933951 0.43212935
v 0.38554192 -0.28814557 0.42197707
v 0.38546431 -0.29819626 0.43486461
v 0.38708389 -0.28475943 0.40778190
v 0.38736719 -0.26267803 0.42696989
v 0.40408632 -0.23484756 0.29988840
v 0.38753226 -0.25827157 0.42469099
v 0.38656917 -0.23494683 0.42409575
v 0.38803861 -0.24210940 0.41742229
v 0.39094555 -0.24557857 0.41125128
v 0.44740301 0.26265475 -0.17670953
v 0.44839105 0.28955638 -0.19064532
v 0.38255790 -0.29946384 0.41879615
v 0.38277149 -0.29648814 0.40933272
v 0.38327435 -0.30767247 0.42848802
v 0.44364187 0.17900935 -0.13737950
v 0.44449800 0.23038261 -0.15750575
v 0.41861144 -0.26198384 0.00240621
v 0.41613844 -0.23620884 0.08903084
v 0.40803486 -0.25546142 0.26177907
v 0.44117177 -0.02746362 -0.09051202
v 0.45288739 0.31484702 -0.21585804
v 0.40666196 -0.23317683 0.27277732
v 0.39189392 -0.27363732 0.38024876
v 0.43159702 -0.12354437 0.08277652
v 0.45705375 0.39242163 -0.28710485
v 0.39441848 -0.23771425 0.37954605
v 0.39809111 -0.23961902 0.35132164
v 0.39540404 -0.26722786 0.36039606
v 0.38654262 -0.28610003 0.39689320
v 0.45767456 0.41824746 -0.31672063
v 0.41448364 -0.23841386 -0.03179436
v 0.41506287 -0.24673986 -0.02284712
v 0.44891182 0.09121009 -0.11857228
v 0.44902015 0.11103738 -0.12520723
v 0.42714009 -0.14880927 0.08360159
v 0.45763189 0.40833372 -0.30437127
v 0.45240051 0.33477548 -0.22871532
v 0.45194471 0.35393628 -0.24222657
v 0.45323193 0.37850231 -0.26210803
v 0.44624320 0.01949800 -0.10184059
v 0.44144943 0.00088177 -0.09037755
v 0.41040590 -0.25514305 0.20904770
v 0.40028447 -0.26323605 0.32345161
v 0.42289934 -0.32877484 -0.03961677
v 0.38537839 -0.31134287 0.43614069
v 0.45309725 0.39319140 -0.27471831
v 0.45656580 0.44483009 -0.34887859
v 0.45719725 0.42540795 -0.32516852
v 0.45672336 0.43509555 -0.33832675
v 0.38375819 -0.32128024 0.43256769
v 0.43835983 -0.09729370 -0.02912998
v 0.44807488 0.07563984 -0.11332458
v 0.41474125 -0.21035151 -0.03297276
v 0.41426271 -0.20493847 -0.02631363
v 0.44852093 0.36612022 -0.24030475
v 0.43616751 -0.02361187 -0.07897747
v 0.43157163 -0.04711907 -0.06673041
v 0.41695440 -0.22218768 -0.17002195
v 0.44441840 0.12225470 -0.11751115
v 0.44448632 0.15094961 -0.12906651
v 0.45250136 0.42081043 -0.37665698
v 0.45303997 0.40693450 -0.36173710
v 0.43411970 -0.06179053 -0.07054749
v 0.44829974 0.34699008 -0.22497079
v 0.44900921 0.32190984 -0.20943700
v 0.43571019 -0.04873733 -0.15416749
v 0.44452870 0.25450429 -0.16621791
v 0.41418523 -0.30530280 -0.01122612
v 0.41478133 -0.29786104 -0.00772655
v 0.41589314 -0.28408381 0.00169219
v 0.41543552 -0.24727359 0.03374032
v 0.44206497 -0.07884243 -0.06974830
v 0.40790257 -0.23127605 0.24214379
v 0.43773890 -0.06268358 -0.07854861
v 0.43750477 -0.07252476 -0.06611063
v 0.43812409 -0.07908397 -0.05780202
v 0.45019829 0.19694540 -0.26678362
v 0.44796532 0.19904958 -0.27354655
v 0.44458762 0.05250265 -0.10199237
v 0.44360575 0.02997403 -0.09712203
v 0.43730333 0.00503130 -0.08228260
v 0.42236832 -0.14336419 0.17745069
v 0.41459078 -0.25193378 -0.01294363
v 0.42772028 -0.06388626 -0.05671275
v 0.41837433 -0.37928140 -0.12320104
v 0.41601464 -0.25196627 0.01891887
v 0.43057021 -0.01867513 -0.06773874
v 0.45774466 0.46888053 -0.39810938
v 0.45795006 0.48307627 -0.40726396
v 0.45847228 0.48298100 -0.39851457
v 0.40966424 -0.23185961 0.20881619
v 0.45241460 0.18340668 -0.27202806
v 0.44489014 0.28577480 -0.18100645
v 0.42628652 -0.10568722 -0.15314427
v 0.43673846 -0.02305314 -0.15753137
v 0.43205646 -0.07450376 -0.15427101
v 0.41228807 -0.23198026 0.17162926
v 0.45338747 0.17700128 -0.27366573
v 0.39177138 -0.23866583 0.39644822
v 0.43155643 -0.06443895 -0.16018051
v 0.45278096 0.32433403 -0.31575298
v 0.45341206 0.34482476 -0.32726315
v 0.45207772 0.38968417 -0.35465869
v 0.43963516 0.00214293 -0.16555765
v 0.43493438 -0.01757061 -0.16499305
v 0.44105667 0.02312773 -0.17842498
v 0.44472206 0.31616759 -0.19610757
v 0.41541806 -0.19992407 -0.17314251
v 0.42252570 -0.49827585 -0.06090187
v 0.41543296 -0.23451979 0.10793853
v 0.44602221 0.07076370 -0.20642747
v 0.44712204 0.05595402 -0.19153014
v 0.41651639 -0.19233455 -0.02008310
v 0.41784135 -0.18352078 -0.00983345
v 0.41908288 -0.17898093 -0.00290717
v 0.43021834 -0.04992682 -0.16772571
v 0.44447190 0.34239265 -0.21209371
v 0.44384220 0.32508585 -0.19963320
v 0.44554809 0.09069596 -0.22167738
v 0.44373477 0.10043979 -0.23365319
v 0.41872704 -0.09298982 -0.17743391
v 0.42019048 -0.08291633 -0.17842799
v 0.41565254 -0.25458160 0.00602791
v 0.41582659 -0.25611344 -0.00140631
v 0.44730774 0.11818819 -0.23932043
v 0.44981346 0.13687259 -0.24885944
v 0.41061023 -0.10931628 -0.19027565
v 0.40926701 -0.14998601 -0.18295258
v 0.45343992 0.40985230 -0.29316622
v 0.45295262 0.37310702 -0.34534690
v 0.45861152 0.47719970 -0.38690439
v 0.42063737 -0.17496487 0.00268990
v 0.42122692 -0.17090163 0.01086294
v 0.42158020 -0.16738136 0.02011731
v 0.44144955 0.08472217 -0.10258291
v 0.45807537 0.46816707 -0.37473965
v 0.42266604 -0.36463687 -0.03985451
v 0.43726602 0.02743952 -0.08499394
v 0.43690783 0.06431570 -0.09081487
v 0.44528231 0.21514733 -0.28207690
v 0.43232560 -0.03700655 -0.16035551
v 0.44168377 0.21679965 -0.14694740
v 0.44841596 0.40187469 -0.37020659
v 0.44636089 0.27371943 -0.29803386
v 0.44461498 0.25590700 -0.29394355
v 0.44614679 0.24083491 -0.28664133
v 0.41619170 -0.23888491 0.06996565
v 0.41543555 -0.24229558 0.05166972
v 0.43237433 -0.00618021 -0.17825752
v 0.44395387 0.36452121 -0.22778693
v 0.43055815 0.00201727 -0.07003222
v 0.42226979 -0.14795686 0.16190688
v 0.43846673 0.05132412 -0.21045908
v 0.43711531 0.06375934 -0.22271344
v 0.42281064 -0.13435324 0.18373613
v 0.42379576 -0.04053950 -0.05397387
v 0.45376247 0.42111829 -0.30811968
v 0.42470831 -0.06205443 -0.17648654
v 0.42579126 -0.05084065 -0.17718792
v 0.45696580 0.48148981 -0.40858990
v 0.43496770 -0.11461072 0.00637305
v 0.43459839 -0.11045988 0.00143798
v 0.43051872 -0.04091189 -0.16370313
v 0.41296175 -0.23256873 0.14284965
v 0.44159207 0.14821064 -0.12268217
v 0.42274779 -0.40941176 -0.04047198
v 0.44848853 0.38372898 -0.25510016
v 0.44697261 0.29846671 -0.31028250
v 0.42343396 -0.15273704 0.11216574
v 0.41653219 -0.47181821 -0.06609384
v 0.44578430 0.22679591 -0.28326806
v 0.42043146 -0.49103343 -0.06323253
v 0.42742208 -0.02769405 -0.17565933
v 0.44110656 0.24525364 -0.29678264
v 0.42171830 -0.16348459 0.03809847
v 0.42189416 -0.16154157 0.04682839
v 0.43968248 0.08273913 -0.22951815
v 0.38677645 -0.23675238 0.42169032
v 0.38577867 -0.22405705 0.42389810
v 0.38377100 -0.22771050 0.41656405
v 0.38380405 -0.21456164 0.41859064
v 0.38441843 -0.23513080 0.41360471
v 0.38466778 -0.19754763 0.42016283
v 0.38495690 -0.20378029 0.42364898
v 0.38444975 -0.18264948 0.41972277
v 0.38027397 -0.18658443 0.40777242
v 0.38061097 -0.17485811 0.40904662
v 0.37959278 -0.15960424 0.40940207
v 0.38226092 -0.15528119 0.41931024
v 0.37989828 -0.14501643 0.41496950
v 0.37978795 -0.13505362 0.41971609
v 0.37624383 -0.13314351 0.41082573
v 0.37640372 -0.14378825 0.40760049
v 0.37676814 -0.12112793 0.42010167
v 0.37502673 -0.12125722 0.41496524
v 0.44162571 0.11801859 -0.11157623
v 0.44393679 0.38671303 -0.24810873
v 0.44773191 0.40303409 -0.27310118
v 0.39991185 -0.23472327 0.32856783
v 0.42173302 -0.15902863 0.06493243
v 0.42308041 -0.15476848 0.08494242
v 0.42395514 -0.48483542 -0.05851061
v 0.41909027 -0.32859376 -0.03488949
v 0.38748962 -0.23810448 0.40955013
v 0.41031203 -0.16872908 -0.17952424
v 0.41885290 -0.34493980 -0.06156387
v 0.41810060 -0.36633074 -0.06291363
v 0.42382461 -0.38012341 -0.05678916
v 0.42426553 -0.41783467 -0.05702644
v 0.44700924 0.33097810 -0.33266670
v 0.44126698 0.27037916 -0.16768900
v 0.43083683 0.01952961 -0.19995981
v 0.42867923 0.00313722 -0.19217084
v 0.42556712 -0.01549988 -0.18654470
v 0.43094903 0.02600059 -0.07488190
v 0.43336076 0.05572096 -0.08451879
v 0.42395115 -0.45653766 -0.05765362
v 0.41128591 -0.08765828 -0.19465432
v 0.41542509 -0.06846177 -0.19272058
v 0.42117724 -0.05102589 -0.18589294
v 0.45364621 0.44127509 -0.33751175
v 0.45313564 0.44778401 -0.34373802
v 0.45345950 0.43324238 -0.32631591
v 0.45354888 0.45767522 -0.35546529
v 0.42301187 -0.15136690 0.13368602
v 0.44927365 0.32079178 -0.32087028
v 0.43706608 0.21518964 -0.13897051
v 0.43691421 0.23216699 -0.14562279
v 0.43686160 0.25316319 -0.15397549
v 0.41508809 -0.31516838 -0.02154865
v 0.41563463 -0.32160121 -0.02975591
v 0.44280028 0.20113823 -0.28376058
v 0.44720751 0.18661578 -0.28116670
v 0.43129942 0.03450968 -0.21207388
v 0.44231224 0.27702862 -0.30660036
v 0.42118761 -0.06596571 -0.04682624
v 0.43352976 0.05121802 -0.22096053
v 0.41610828 -0.32457384 -0.03234209
v 0.42469448 -0.03827129 -0.17472708
v 0.43930873 0.29881322 -0.17817134
v 0.42251083 -0.45984057 -0.04063067
v 0.40448377 -0.14582253 -0.19276725
v 0.42402387 -0.04112410 -0.17527457
v 0.44506362 0.31618318 -0.32571197
v 0.38053915 -0.19772971 0.41006672
v 0.38038018 -0.21453892 0.41176474
v 0.38025370 -0.22375652 0.41082871
v 0.38108164 -0.23215637 0.40933603
v 0.41986141 -0.12935270 0.18792088
v 0.43679100 0.18774253 -0.13019584
v 0.44754136 0.35759687 -0.34687912
v 0.40152490 -0.15659852 -0.19479650
v 0.40554091 -0.11221800 -0.19846161
v 0.41392344 -0.05047865 -0.19865696
v 0.44455943 0.38322115 -0.36507332
v 0.44873956 0.37662518 -0.35464424
v 0.42676193 -0.12433472 0.16265766
v 0.42540097 0.01773667 -0.20956521
v 0.41678593 -0.05016010 -0.19354160
v 0.43731046 0.34312931 -0.20021516
v 0.43732515 0.36491889 -0.21624584
v 0.43735048 0.38183397 -0.23140782
v 0.43968901 0.21978189 -0.29185894
v 0.40962389 -0.07378321 -0.20125768
v 0.41095683 -0.19426541 -0.17898457
v 0.42039591 -0.02136164 -0.19223362
v 0.41902408 -0.00260925 -0.20613684
v 0.37158477 -0.12091311 0.40836814
v 0.45231903 0.48645717 -0.41748571
v 0.41885632 -0.12609537 0.18854249
v 0.42169175 -0.50023246 -0.05964533
v 0.40966502 -0.05116980 -0.20541704
v 0.43047291 -0.06766217 -0.05856024
v 0.43801442 0.12430894 -0.10879965
v 0.43641773 0.15435070 -0.11789156
v 0.41506031 -0.08055359 -0.03672319
v 0.43765727 0.28099093 -0.16736455
v 0.39568225 -0.23577979 0.35125637
v 0.39524335 -0.23739144 0.36664519
v 0.43796000 -0.08696470 -0.04751110
v 0.43546048 0.32419062 -0.18653649
v 0.43841311 0.26761127 -0.30846223
v 0.42392117 -0.06964187 -0.04922481
v 0.40539911 -0.17828473 -0.18615891
v 0.44698396 0.41394922 -0.28435367
v 0.40264511 -0.08700518 -0.20831805
v 0.40095532 -0.12263548 -0.20283212
v 0.41339332 -0.04175184 -0.19171286
v 0.43630412 0.09876383 -0.09990028
v 0.43863007 0.29325917 -0.32123378
v 0.41964799 -0.07707074 -0.04184218
v 0.42568395 0.04857383 -0.23203766
v 0.41956162 -0.04355294 -0.18307465
v 0.37667114 -0.16120039 0.40491995
v 0.42930448 -0.12405021 0.12421177
v 0.44126397 0.31367207 -0.33023185
v 0.41792309 -0.38997629 -0.06208502
v 0.44043696 0.33006802 -0.34234664
v 0.40608653 -0.21619278 -0.02520465
v 0.40713882 -0.22112720 -0.03103744
v 0.40194297 -0.22141525 -0.02202356
v 0.40091121 -0.22808069 -0.02137048
v 0.40653449 -0.22547574 -0.03120897
v 0.40680766 -0.22925028 -0.03057364
v 0.40646374 -0.23448671 -0.02611995
v 0.40393510 -0.23543628 -0.02112772
v 0.43214437 0.07840005 -0.23798628
v 0.41064817 -0.02078868 -0.20788614
v 0.40511370 -0.04135606 -0.20443535
v 0.45412746 0.44132918 -0.38711834
v 0.41170901 -0.23916429 -0.02550077
v 0.44941875 0.44276920 -0.33144560
v 0.44980437 0.42721567 -0.30867231
v 0.43735671 0.23409952 -0.29899001
v 0.43592033 0.24940430 -0.30511332
v 0.43759096 0.39489394 -0.24578148
v 0.36821496 -0.11183426 0.41268414
v 0.37216815 -0.11303998 0.42002121
v 0.41112390 -0.08676063 -0.03299819
v 0.45470366 0.48739365 -0.40695047
v 0.43407208 0.08652672 -0.23995537
v 0.43795794 0.10323205 -0.24363016
v 0.44324952 0.12347355 -0.24939869
v 0.45280817 0.46544927 -0.40322423
v 0.40023720 -0.21436116 -0.01847086
v 0.42011610 -0.36429822 -0.03721799
v 0.42084065 -0.12054935 0.17970897
v 0.40985778 -0.31247988 -0.01194633
v 0.44496006 0.42521855 -0.29646435
v 0.40150565 -0.23351595 0.30551422
v 0.43756476 0.40235117 -0.25466394
v 0.45370683 0.46812427 -0.36759886
v 0.45342386 0.47261992 -0.37228647
v 0.42554727 0.06427019 -0.23973499
v 0.38996604 -0.23340411 0.38326627
v 0.40944198 -0.20928900 -0.17910983
v 0.42637900 -0.07594308 -0.04787361
v 0.43736035 0.41539377 -0.27044687
v 0.43733773 0.42383870 -0.28169185
v 0.37635913 -0.17383753 0.40418082
v 0.41013032 -0.24247551 -0.02007621
v 0.40925652 -0.24657193 -0.01250259
v 0.40891311 -0.24864595 -0.00834057
v 0.44615880 0.44632646 -0.33122620
v 0.41351879 -0.23225184 -0.17125596
v 0.40165016 -0.17620391 -0.19080514
v 0.40584549 -0.19089261 -0.18455622
v 0.38810509 -0.23392545 0.39274281
v 0.41091931 -0.23412086 -0.03133098
v 0.43217498 -0.07555050 -0.05403566
v 0.38275045 -0.23302805 0.40482360
v 0.39783749 -0.22294249 -0.01928479
v 0.40455547 -0.24027699 -0.01585224
v 0.38882813 -0.23362777 0.37246773
v 0.41772714 -0.08433278 -0.03724464
v 0.41740063 -0.50082386 -0.08054393
v 0.39787897 -0.23255448 -0.01964363
v 0.40129301 -0.23624541 -0.01945309
v 0.40852594 -0.13177373 0.19310710
v 0.39696878 -0.21118024 -0.01641889
v 0.40817484 -0.12380765 0.19271758
v 0.41527301 -0.12280736 0.18886255
v 0.42574760 -0.08126130 -0.04244287
v 0.13631059 -0.16364984 0.43836588
v 0.09595161 -0.16376914 0.43941107
v 0.12291200 -0.17017542 0.42760965
v 0.16529338 -0.16967705 0.42739248
v 0.18582423 -0.16306514 0.43904114
v 0.08589520 -0.17043988 0.42758858
v 0.05697976 -0.16520470 0.43763733
v 0.04542647 -0.17166291 0.42772377
v 0.19503349 -0.16849914 0.42758372
v 0.00253350 -0.17027779 0.43098184
v 0.00635363 -0.16414382 0.44025508
v -0.01392048 -0.16840276 0.43470520
v -0.01137009 -0.17198335 0.42766759
v -0.02930604 -0.17278776 0.42690337
v -0.03525068 -0.16622721 0.43833169
v -0.08060020 -0.17290890 0.42712304
v -0.11902025 -0.16641790 0.43762934
v -0.12760741 -0.17273027 0.42738146
v -0.15472688 -0.17295310 0.42733470
v -0.15928800 -0.16787672 0.43525192
v -0.21443371 -0.16630369 0.43647003
v -0.22445890 -0.17244333 0.42670384
v -0.24670373 -0.16569152 0.43849438
v -0.14093946 -0.16083097 0.44562918
v -0.20781109 -0.16050051 0.44501635
v -0.07187936 -0.16080163 0.44587013
v -0.01923629 -0.16054933 0.44552535
v -0.25482345 -0.16082625 0.44570887
v 0.04344478 -0.16012554 0.44529632
v 0.06669248 -0.16093752 0.44355670
v -0.25531656 -0.17364241 0.42720318
v 0.09483620 -0.16156264 0.44222942
v 0.16944182 -0.16123016 0.44163099
v 0.13667980 -0.16103138 0.44195172
v 0.22749846 -0.16103856 0.44287261
v 0.22460070 -0.16401286 0.43808267
v 0.23946145 -0.16380738 0.43971816
v -0.27437207 -0.16503449 0.44286397
v 0.25534481 -0.16415010 0.44132161
v 0.25972530 -0.16793789 0.43609941
v 0.25937942 -0.16181469 0.44450560
v 0.23631801 -0.16838866 0.43008167
v -0.27051708 -0.17560919 0.42700854
v 0.21160199 -0.16833277 0.42762312
v -0.27986172 -0.16061525 0.44941095
v 0.26198104 -0.17173629 0.42803302
v -0.27911457 -0.17208020 0.43420440
v 0.28136158 -0.16895504 0.44052845
v 0.28554270 -0.16717665 0.44418454
v 0.26950511 -0.17279777 0.43061715
v -0.28729227 -0.16589773 0.44563389
v 0.24416675 -0.16936985 0.42790315
v -0.29015037 -0.17326140 0.43677834
v 0.28079104 -0.17641358 0.43077666
v -0.29303935 -0.16465949 0.44922251
v -0.01266974 -0.15745774 0.44839901
v -0.06451117 -0.15793589 0.44821835
v -0.28229365 -0.17951506 0.42712045
v -0.30032057 -0.17629513 0.43842059
v 0.04585244 -0.15623099 0.44837412
v 0.17065987 -0.15246260 0.44866550
v 0.12809528 -0.15229329 0.44878277
v -0.13793924 -0.15915047 0.44683272
v -0.20609984 -0.15845743 0.44659945
v -0.23639828 -0.15800154 0.44732586
v -0.25692007 -0.15779260 0.44836500
v 0.08062407 -0.15340520 0.44869137
v 0.23903200 -0.15306714 0.44917759
v 0.26202601 -0.15632962 0.44891864
v 0.28183037 -0.15992725 0.44917360
v -0.29937848 -0.17004605 0.44732681
v 0.29692951 -0.17255570 0.44399735
v 0.29763791 -0.16557744 0.44933698
v -0.29874074 -0.16210499 0.45242169
v 0.27940169 -0.17580880 0.42848042
v 0.28825647 -0.18036257 0.43102795
v -0.30670044 -0.17485350 0.44790125
v -0.31440648 -0.17116883 0.45302182
v 0.29315624 -0.18440977 0.43079683
v -0.30825028 -0.18405633 0.43580064
v -0.30050549 -0.17766126 0.43656752
v 0.30413210 -0.17852657 0.44414583
v 0.31032684 -0.17392243 0.44948786
v -0.28201440 -0.17955233 0.42446706
v 0.28830835 -0.18024313 0.42855567
v 0.29929736 -0.19047777 0.43122867
v 0.30262259 -0.19480798 0.43091923
v -0.16123950 -0.17270665 0.42619088
v 0.30957955 -0.18663751 0.44392553
v 0.30547652 -0.19887409 0.43081659
v 0.31321698 -0.19238298 0.44436696
v 0.31617570 -0.20025118 0.44467032
v 0.30781001 -0.20447047 0.43035400
v 0.30936822 -0.20848629 0.43108845
v 0.29528785 -0.18725567 0.42876595
v 0.30089286 -0.19298100 0.42859206
v 0.04066481 -0.24813600 0.44399205
v 0.02792330 -0.25922075 0.44476843
v 0.07223936 -0.26056594 0.44424006
v 0.08652212 -0.24806273 0.44324008
v 0.00269924 -0.24786277 0.44393715
v 0.12357326 -0.26044989 0.44421768
v 0.12928317 -0.24697261 0.44340363
v 0.17789820 -0.26137918 0.44429886
v 0.16822436 -0.24664678 0.44370297
v 0.20760344 -0.25470376 0.44454953
v 0.22891691 -0.24412452 0.44403636
v 0.27321291 -0.24334908 0.44453612
v 0.25583032 -0.26019657 0.44488502
v 0.29614329 -0.25907436 0.44541284
v 0.30104110 -0.24141946 0.44469333
v -0.03663223 -0.25594196 0.44502020
v 0.19879779 -0.23963995 0.44321918
v 0.31602097 -0.24959831 0.44630751
v 0.31379768 -0.26359794 0.44632903
v 0.31606892 -0.24154326 0.44540572
v -0.03833362 -0.24794059 0.44394246
v 0.28669739 -0.26520744 0.44471213
v -0.05413813 -0.25727159 0.44547671
v -0.07541376 -0.25597739 0.44597369
v -0.03647548 -0.26041633 0.44482163
v 0.01220022 -0.26000053 0.44463637
v 0.23262440 -0.23891084 0.44318515
v 0.26870596 -0.23867717 0.44349113
v 0.15743214 -0.23960927 0.44226280
v -0.06841815 -0.24776056 0.44431916
v -0.12645821 -0.24689624 0.44519576
v 0.11330246 -0.23615605 0.44087252
v -0.14834327 -0.25619936 0.44777820
v -0.10732004 -0.25963482 0.44652817
v 0.08241225 -0.23750347 0.44063616
v 0.06772176 -0.24012978 0.44098261
v -0.19326487 -0.25560433 0.44821551
v -0.15831135 -0.24616267 0.44561112
v -0.19840039 -0.24528080 0.44575730
v -0.24156792 -0.24584635 0.44662440
v -0.24503087 -0.25585315 0.44912407
v -0.23915672 -0.26059100 0.44888467
v -0.19388863 -0.26160777 0.44800141
v -0.28287250 -0.24593720 0.44797841
v -0.28604510 -0.25651857 0.45028520
v -0.30088207 -0.24465846 0.44782466
v -0.31133023 -0.25631225 0.45097253
v -0.31551877 -0.24484096 0.44873914
v -0.32085419 -0.25771317 0.45244503
v -0.30968818 -0.26134247 0.45100898
v -0.29902256 -0.26611698 0.45001352
v -0.31952098 -0.26757187 0.45243856
v 0.17807244 -0.23582053 0.44136661
v 0.03711980 -0.23835649 0.44111356
v -0.01398527 -0.23970546 0.44118029
v 0.02681571 -0.23699661 0.44086725
v -0.25109580 -0.23949318 0.44484842
v -0.16711448 -0.23983508 0.44358286
v -0.08204397 -0.23713772 0.44116768
v -0.04313840 -0.23980668 0.44093794
v -0.12051391 -0.23659638 0.44155276
v -0.28555414 -0.23805793 0.44535020
v -0.30152121 -0.23925102 0.44594657
v -0.31693709 -0.23565762 0.44582933
v 0.07073290 -0.23550092 0.43919584
v 0.30832410 -0.23099503 0.44077489
v 0.29509333 -0.23230024 0.44054684
v -0.28469533 -0.26860726 0.44934005
v -0.21552284 -0.26908416 0.44755921
v -0.14591835 -0.26830316 0.44666937
v -0.31215194 -0.27124172 0.45055351
v -0.08035874 -0.26062515 0.44571298
v 0.31556478 -0.22836138 0.44173017
v 0.23249380 -0.26508704 0.44404700
v 0.12755872 -0.26403591 0.44385591
v 0.05550581 -0.26365498 0.44389227
v -0.08603823 -0.26830012 0.44498384
v -0.04844723 -0.26884079 0.44372171
v 0.19533382 -0.26551998 0.44386747
v 0.01882776 -0.26879221 0.44311234
v 0.31318760 -0.27259910 0.44499648
v 0.32431749 -0.24860716 0.44840780
v 0.32349578 -0.26725465 0.44734064
v 0.31928208 -0.23653737 0.44546700
v 0.17530915 -0.26432613 0.44378763
v -0.32006711 -0.27525178 0.45200321
v -0.32410723 -0.25772220 0.45341790
v -0.32061043 -0.24226312 0.44959670
v -0.33069426 -0.24925584 0.45333132
v -0.33672652 -0.26496550 0.45591128
v -0.32862100 -0.27139971 0.45522383
v -0.33554828 -0.27137294 0.45591655
v -0.33842072 -0.28993151 0.45562795
v -0.33389124 -0.28548959 0.45549899
v -0.32881057 -0.28298691 0.45461184
v -0.17675944 -0.23549655 0.44170335
v -0.19276455 -0.23535420 0.44156423
v -0.03377561 -0.23504160 0.43856600
v -0.06122447 -0.23582304 0.43945026
v 0.26456484 -0.23125948 0.43980777
v 0.23439588 -0.22959115 0.43840146
v 0.19461378 -0.22964983 0.43818918
v -0.24658610 -0.23562337 0.44277206
v -0.30151343 -0.23160808 0.44172034
v -0.31520516 -0.22776183 0.44223824
v 0.09556513 -0.22947116 0.43643889
v 0.06313045 -0.23055425 0.43609634
v 0.16713269 -0.22884655 0.43708688
v -0.33250597 -0.23120488 0.45327446
v -0.34057394 -0.26144978 0.45718136
v -0.29542592 -0.27333200 0.44840196
v -0.34174451 -0.29807928 0.45644271
v -0.33548641 -0.30082318 0.45326692
v 0.28412750 -0.27696741 0.44214040
v 0.07716278 -0.26934388 0.44248930
v 0.25319758 -0.27314627 0.44229889
v 0.11070216 -0.27274486 0.44186670
v -0.32244727 -0.23665945 0.44972000
v -0.32246569 -0.22839569 0.44944063
v 0.31613499 -0.27931538 0.44366175
v -0.33803174 -0.23378889 0.45607278
v -0.34616208 -0.27285543 0.45913646
v -0.34679386 -0.22699925 0.45835975
v -0.35072726 -0.27841040 0.45992103
v -0.34945717 -0.22904761 0.45848331
v -0.35417289 -0.27123761 0.46001509
v -0.35783184 -0.30415845 0.46138793
v -0.34513566 -0.17569429 0.45779333
v -0.35792348 -0.23330329 0.45768788
v -0.35211688 -0.19179505 0.45714346
v -0.35502198 -0.16916701 0.45617494
v -0.34289926 -0.13623239 0.45719641
v -0.34033689 -0.19780202 0.45707500
v -0.33321971 -0.18515103 0.45650715
v -0.32890350 -0.15265298 0.45768470
v -0.34222171 -0.15257286 0.45777169
v -0.32937399 -0.14121379 0.45791990
v -0.31796908 -0.14757587 0.45712098
v -0.30356663 -0.13224761 0.45695934
v -0.32790992 -0.12139568 0.45735264
v -0.28904277 -0.12132334 0.45694512
v -0.28452376 -0.13364235 0.45606101
v -0.24948278 -0.12077636 0.45632350
v -0.33093929 -0.13336809 0.45783427
v -0.29373083 -0.14481878 0.45535231
v -0.30582502 -0.15302218 0.45549610
v -0.31357187 -0.16148922 0.45554328
v -0.24604192 -0.13126925 0.45505083
v -0.32365698 -0.17192221 0.45580348
v -0.20567715 -0.13009110 0.45509917
v -0.21905181 -0.12067107 0.45623356
v -0.22143061 -0.11247081 0.45600080
v -0.14339378 -0.12076040 0.45700043
v -0.29843464 -0.11355942 0.45652971
v -0.27492827 -0.14216302 0.45442876
v -0.12759481 -0.10619789 0.45625666
v -0.22293152 -0.10630568 0.45561007
v -0.08825573 -0.11986399 0.45718545
v -0.06858929 -0.13102646 0.45600146
v -0.05260107 -0.11877634 0.45717537
v -0.01636743 -0.11945029 0.45717371
v -0.00218801 -0.13208053 0.45585531
v 0.06033783 -0.13170682 0.45565528
v 0.03453704 -0.11908840 0.45692453
v 0.10643575 -0.12081685 0.45659721
v -0.12565577 -0.12983525 0.45593125
v 0.12727168 -0.13243863 0.45471618
v 0.12491861 -0.11220566 0.45620060
v 0.21375325 -0.10671999 0.45542565
v 0.21688101 -0.12039058 0.45596686
v 0.27965012 -0.11509978 0.45605987
v -0.02569605 -0.10664859 0.45643276
v 0.05293276 -0.10611908 0.45603195
v -0.08253406 -0.10579443 0.45617387
v 0.16465443 -0.12285224 0.45608005
v 0.18567108 -0.13043030 0.45484683
v 0.22799423 -0.13363642 0.45427352
v 0.27685750 -0.12228122 0.45621213
v 0.25149772 -0.13126151 0.45495829
v 0.28287834 -0.13139807 0.45577919
v 0.29775357 -0.12409490 0.45671004
v 0.30260792 -0.14354828 0.45572066
v 0.32218879 -0.15018009 0.45637870
v 0.32813671 -0.13836713 0.45701101
v 0.30991021 -0.12110993 0.45691153
v 0.27599093 -0.14009514 0.45451707
v 0.32965016 -0.16429447 0.45631319
v 0.34337112 -0.15563852 0.45578229
v -0.25262761 -0.13857754 0.45397037
v 0.31638905 -0.15671237 0.45528868
v 0.31668237 -0.16757759 0.45369560
v -0.23075762 -0.13829771 0.45345145
v 0.14649393 -0.13620995 0.45386627
v 0.07768579 -0.13616070 0.45465407
v 0.34216928 -0.17464194 0.45648286
v 0.32974815 -0.17618483 0.45565912
v 0.25453153 -0.14409915 0.45264181
v -0.00973303 -0.14022413 0.45431292
v 0.02780176 -0.14185710 0.45384368
v 0.28931376 -0.15364444 0.45298284
v 0.33232334 -0.12351733 0.45618904
v -0.18160695 -0.13788208 0.45364690
v -0.13267983 -0.13727447 0.45443258
v -0.06036460 -0.14289461 0.45351970
v 0.10187917 -0.10660755 0.45585516
v 0.34598902 -0.19684993 0.45692924
v 0.34284472 -0.19154221 0.45693228
v 0.34600541 -0.22336635 0.45807850
v 0.34913459 -0.23138787 0.45828557
v 0.35125092 -0.26651570 0.45990187
v 0.07344589 -0.14489567 0.45264500
v 0.33515081 -0.19518644 0.45580769
v 0.29949307 -0.10564478 0.45532116
v -0.28555122 -0.15294732 0.45289835
v -0.26630887 -0.14830166 0.45246655
v 0.30870688 -0.16413292 0.45314249
v 0.22610369 -0.14706874 0.45115888
v 0.18425341 -0.14616241 0.45122537
v 0.32969475 -0.11436941 0.45554194
v 0.31548655 -0.11014897 0.45567229
v -0.12077995 -0.14463842 0.45271856
v -0.34153774 -0.11773441 0.45586362
v 0.33898905 -0.21629769 0.45639157
v 0.09122192 -0.14565025 0.45183861
v -0.23271561 -0.27295017 0.44695634
v -0.16905758 -0.27269512 0.44560298
v -0.13600768 -0.27226663 0.44524902
v 0.00981157 -0.14814560 0.45225319
v -0.04183324 -0.14988427 0.45157206
v 0.04802907 -0.14798339 0.45197579
v -0.09527498 -0.27128044 0.44444805
v -0.24859908 -0.14926282 0.45100221
v -0.21528335 -0.14740574 0.45101926
v -0.34594694 -0.30632830 0.45859808
v -0.16282061 -0.14722665 0.45113879
v -0.29912919 -0.10511900 0.45548394
v -0.32914221 -0.10699442 0.45513982
v 0.12923637 -0.14674065 0.45097700
v -0.35090595 -0.31847098 0.46005616
v 0.25626493 -0.15035762 0.45097291
v 0.34539953 -0.13166606 0.45424792
v 0.13250282 -0.27565446 0.44047081
v 0.17102827 -0.27544445 0.44040751
v 0.22645459 -0.27655184 0.44067749
v 0.20682886 -0.27654156 0.44063962
v 0.25148273 -0.27857569 0.44053525
v -0.33234835 -0.19839309 0.45516977
v -0.05735400 -0.27291968 0.44257736
v 0.32475355 -0.27940369 0.44523609
v -0.33699396 -0.21367297 0.45592079
v 0.02746353 -0.27507955 0.44098213
v 0.07680652 -0.27546880 0.44052592
v -0.35999903 -0.33747888 0.46253681
v -0.35302931 -0.33913949 0.46089786
v -0.35081565 -0.13305071 0.45541069
v 0.33041826 -0.20573096 0.45401621
v -0.35819182 -0.35029885 0.46259090
v 0.33752924 -0.24836211 0.45586476
v -0.21299627 -0.15371527 0.44887680
v 0.34561992 -0.11979896 0.45296860
v -0.15984224 -0.15419166 0.44879884
v -0.10197928 -0.15377586 0.44950095
v -0.20813918 -0.10271298 0.45485964
v 0.11184166 -0.27866453 0.43984517
v 0.34445244 -0.25208271 0.45801839
v 0.34772015 -0.30678904 0.45968828
v -0.35502654 -0.35893616 0.46199420
v 0.35447490 -0.24657360 0.45785609
v 0.35448426 -0.27538973 0.46020448
v 0.35644957 -0.29426464 0.46150038
v 0.35306838 -0.30257982 0.46137166
v 0.35802558 -0.32592240 0.46372539
v 0.20155881 -0.10414016 0.45485601
v 0.31374589 -0.09987155 0.45341480
v 0.33333462 -0.22463681 0.45461145
v -0.36050209 -0.31468511 0.46122289
v -0.36456257 -0.31776085 0.46046677
v -0.36901239 -0.33572471 0.46039391
v -0.37026379 -0.36153170 0.46225446
v -0.36338416 -0.36922580 0.46403390
v -0.36068976 -0.37435603 0.46441072
v -0.36067095 -0.39537427 0.46506491
v -0.36523753 -0.40774748 0.46625644
v -0.36914062 -0.39045385 0.46511579
v -0.37169015 -0.41156545 0.46677408
v -0.36865339 -0.42009449 0.46720901
v -0.37288618 -0.45263728 0.46937758
v -0.36165854 -0.42433012 0.46624705
v -0.36546722 -0.44498456 0.46800140
v -0.38164529 -0.42663202 0.46598750
v -0.38541242 -0.44828224 0.46726286
v -0.38614702 -0.46343488 0.46945190
v -0.36048114 -0.41483694 0.46518919
v 0.32875249 -0.10219818 0.45282099
v -0.37072286 -0.45221934 0.46982521
v -0.36885279 -0.45992684 0.47009224
v 0.17072362 -0.09730276 0.45318538
v 0.35992262 -0.32201105 0.46287477
v -0.36754340 -0.30316782 0.45839283
v -0.36428159 -0.27015102 0.45759133
v -0.35680905 -0.15441960 0.45492205
v -0.37243211 -0.40363416 0.46572757
v -0.37223634 -0.38556400 0.46381190
v -0.34368545 -0.10512795 0.45266169
v 0.35722136 -0.19899353 0.45366380
v -0.36081031 -0.22785980 0.45666337
v -0.36254367 -0.21018700 0.45492819
v 0.07942721 -0.09715840 0.45327806
v -0.20009203 -0.09696130 0.45318711
v -0.27333698 -0.09728161 0.45305961
v -0.10787036 -0.09627991 0.45332599
v -0.03014953 -0.09679715 0.45356920
v 0.05559750 -0.09644964 0.45325163
v 0.34186876 -0.11065312 0.45212820
v -0.37340546 -0.47746974 0.47315699
v -0.37582535 -0.48569182 0.47442284
v -0.37484431 -0.49384031 0.47534403
v -0.38610297 -0.49468344 0.47433355
v -0.38971615 -0.48371911 0.47199222
v -0.32895508 -0.10240266 0.45385930
v 0.35949376 -0.34392628 0.46461183
v 0.36151829 -0.34396878 0.46488535
v 0.36226958 -0.35802522 0.46624920
v 0.36242014 -0.37668085 0.46754375
v 0.36559886 -0.37154660 0.46695688
v 0.36593336 -0.38628334 0.46888247
v 0.23766389 -0.09589642 0.45241562
v 0.20014396 -0.09592822 0.45233589
v 0.35272944 -0.15870680 0.45288643
v -0.35125893 -0.11560437 0.45295256
v -0.36871222 -0.48728311 0.47268298
v 0.34094656 -0.28105661 0.45710006
v 0.14172389 -0.09437747 0.45183077
v -0.30933717 -0.09771239 0.45270619
v 0.32239607 -0.17925811 0.45311460
v 0.32740885 -0.18918854 0.45393407
v -0.34809154 -0.32614836 0.45888627
v -0.32422057 -0.18750775 0.45308030
v -0.35627335 -0.12686928 0.45278105
v -0.30745333 -0.27639410 0.44836363
v -0.31495017 -0.27958733 0.44872114
v 0.29522806 -0.28052670 0.44122607
v 0.36077175 -0.21810435 0.45360756
v 0.35931569 -0.27090728 0.45787442
v -0.32934085 -0.29003486 0.45312297
v -0.32202142 -0.20803203 0.44967657
v 0.36765575 -0.40157431 0.46955270
v 0.37043625 -0.40925711 0.46918717
v 0.37325230 -0.43059078 0.46882629
v 0.36202106 -0.42393532 0.46579707
v 0.36313391 -0.44387308 0.46558788
v 0.36938995 -0.45176023 0.46754339
v 0.37748128 -0.44960451 0.46999410
v 0.37849092 -0.47199836 0.46984836
v 0.36784604 -0.48517522 0.46634287
v 0.38072434 -0.46845117 0.46967411
v 0.38232300 -0.48605603 0.47069544
v 0.37435135 -0.48998621 0.46848980
v 0.38450572 -0.49866301 0.46976191
v 0.38479394 -0.49476692 0.46991795
v 0.37375227 -0.49862736 0.46697739
v 0.29327554 -0.09400956 0.45122659
v 0.36496249 -0.46345666 0.46537268
v 0.34420973 -0.10287929 0.44892213
v -0.35411403 -0.36618203 0.46167430
v 0.35274196 -0.35503322 0.46209854
v 0.34956530 -0.32878652 0.46026695
v -0.01216433 -0.15465875 0.44975588
v -0.36525673 -0.46559769 0.46883208
v -0.37354895 -0.49821392 0.47373295
v 0.34973392 -0.11370967 0.44993836
v -0.37807122 -0.39698189 0.46236140
v 0.32658091 -0.26626614 0.44869328
v 0.33467609 -0.26876873 0.45416445
v 0.32716072 -0.27893436 0.44667736
v -0.35505208 -0.39683864 0.46148428
v -0.19791740 -0.09448687 0.45201653
v 0.35980880 -0.40814117 0.46575186
v 0.35792148 -0.38304794 0.46536633
v -0.29120144 -0.09378748 0.45107606
v -0.36311853 -0.15685615 0.45216516
v -0.38842762 -0.49789369 0.47280291
v 0.37022704 -0.49923298 0.46537983
v -0.33928797 -0.31054384 0.45352873
v 0.29871911 -0.15994711 0.45258483
v -0.31991023 -0.19972554 0.44915280
v -0.34931117 -0.33932602 0.45909688
v -0.34986299 -0.36010650 0.45881280
v -0.36956576 -0.25251061 0.45377380
v -0.17618187 -0.27610853 0.44417402
v -0.36705291 -0.49221408 0.47162223
v 0.32965869 -0.09824032 0.45065567
v 0.34131590 -0.29736969 0.45683128
v 0.34471962 -0.32602042 0.45758411
v 0.34682873 -0.34203961 0.45823151
v -0.21031341 -0.27772018 0.44415000
v -0.29466891 -0.27795902 0.44615218
v -0.36148295 -0.46139953 0.46583354
v 0.31783175 -0.18652962 0.44951668
v -0.35288927 -0.10568606 0.44904536
v -0.36059001 -0.11835839 0.44903103
v 0.32132024 -0.28683186 0.44133052
v 0.30609080 -0.28351834 0.44034269
v -0.31728843 -0.18767922 0.44966492
v 0.32261559 -0.20327139 0.44942537
v -0.07604498 -0.27741221 0.44088504
v 0.00042883 -0.27611306 0.44054684
v -0.37228793 -0.34620470 0.45970654
v 0.31328419 -0.09445495 0.45029485
v -0.38044682 -0.37243626 0.45706236
v 0.04410421 -0.09328763 0.45137912
v -0.36650181 -0.20431262 0.45233634
v 0.35225374 -0.37368199 0.46166974
v -0.36475429 -0.13559116 0.44897798
v 0.32768369 -0.28865349 0.44353414
v 0.32578069 -0.22345488 0.44975829
v 0.32369974 -0.23304179 0.44797590
v 0.13637453 -0.28245363 0.43647572
v -0.36521703 -0.48609686 0.47045740
v -0.11190435 -0.28044000 0.44005534
v -0.03704386 -0.09368525 0.45152476
v -0.37389416 -0.33881691 0.45765570
v 0.17918938 -0.28209874 0.43648776
v -0.03120280 -0.23116943 0.43591049
v 0.02366023 -0.23086636 0.43638507
v -0.15075827 -0.09270830 0.45085669
v 0.07832578 -0.28146240 0.43690377
v -0.24470371 -0.23138900 0.43977547
v 0.26553178 -0.22647373 0.43646052
v 0.29871058 -0.22619127 0.43630654
v 0.31132779 -0.22371221 0.43645796
v 0.33629411 -0.28833684 0.45348933
v 0.28034633 -0.28173962 0.43911031
v 0.25653830 -0.28308821 0.43631926
v 0.00768114 -0.28096133 0.43717092
v -0.34424126 -0.32107699 0.45546970
v -0.06497291 -0.23048891 0.43545628
v 0.19875641 -0.22594400 0.43521217
v -0.32047170 -0.28599638 0.44836977
v 0.23317862 -0.28155127 0.43733126
v 0.11375740 -0.28382882 0.43630037
v -0.19167796 -0.22955756 0.43710610
v -0.15157999 -0.22960156 0.43661031
v -0.07480371 -0.28148106 0.43760327
v 0.31900188 -0.22510943 0.44402868
v 0.35539296 -0.41307232 0.46197322
v 0.33121812 -0.28180656 0.44974747
v -0.30771205 -0.28322396 0.44349292
v 0.05478222 -0.22840372 0.43400225
v 0.35607752 -0.42968905 0.46059731
v -0.18251449 -0.28213903 0.44022512
v -0.26217762 -0.27947786 0.44415936
v -0.12207546 -0.22952403 0.43549782
v 0.34830117 -0.35572594 0.45848203
v 0.31843519 -0.21286343 0.44436905
v -0.22702909 -0.28230342 0.44067961
v 0.31422746 -0.22175372 0.43777508
v -0.35746223 -0.42888528 0.46252841
v -0.35827249 -0.46715686 0.46290839
v 0.33921006 -0.30783093 0.45391271
v -0.35433912 -0.42345887 0.45919287
v -0.26287317 -0.22847672 0.43731257
v -0.30235276 -0.22638483 0.43677616
v -0.31311765 -0.22415166 0.43791562
v -0.29656368 -0.28289267 0.44225097
v -0.27287066 -0.28250992 0.44154307
v 0.35989061 -0.46538740 0.46067035
v -0.00575227 -0.22857551 0.43372950
v -0.06568438 -0.22848991 0.43346256
v 0.35980907 -0.48866799 0.45853189
v -0.33488762 -0.31744131 0.44758284
v -0.31389770 -0.28578413 0.44326836
v -0.33892930 -0.33628017 0.44773972
v 0.30780417 -0.21983702 0.43140817
v 0.29694971 -0.22154142 0.43086386
v 0.30978045 -0.21637262 0.43123254
v -0.35064867 -0.38614205 0.45785269
v -0.35319749 -0.39899334 0.45945883
v 0.08468172 -0.22552820 0.43194577
v 0.12003806 -0.22511962 0.43215510
v -0.36829510 -0.49741060 0.46990931
v -0.10504344 -0.28395349 0.43651432
v -0.33179200 -0.30625397 0.44794562
v -0.32649487 -0.29468444 0.44791535
v -0.34303766 -0.35223982 0.44986784
v -0.34533244 -0.34396228 0.45324349
v -0.34233463 -0.36178008 0.44721046
v 0.36450657 -0.49934039 0.45970070
v 0.33244166 -0.29502603 0.44773602
v 0.35173392 -0.39474034 0.45941693
v -0.35535210 -0.44401380 0.45902359
v -0.35893595 -0.48502094 0.46271169
v 0.36035469 -0.49439365 0.45686486
v 0.34451547 -0.34812805 0.45353019
v -0.32231969 -0.29274127 0.44363391
v -0.35999399 -0.49129945 0.46234083
v -0.35151687 -0.40970093 0.45563516
v 0.34768736 -0.37211096 0.45564449
v 0.35521576 -0.45811662 0.45530999
v 0.33338362 -0.30452442 0.44662574
v 0.33643895 -0.32029530 0.44691375
v -0.34796107 -0.37482727 0.45453086
v 0.35607252 -0.46676317 0.45477679
v 0.35226071 -0.43141448 0.45423031
v 0.32852197 -0.29299977 0.44208339
v -0.36358652 -0.49802887 0.46231639
v 0.07413697 -0.22357337 0.42109358
v 0.05005449 -0.22392857 0.42350644
v 0.07667255 -0.22313891 0.42372623
v 0.12720865 -0.22267300 0.42429087
v 0.04399290 -0.22411636 0.42077914
v -0.02573063 -0.22444803 0.42076430
v -0.07760651 -0.22488798 0.42305091
v -0.08775068 -0.22502773 0.42071673
v -0.17145734 -0.22417903 0.42301041
v -0.17382039 -0.22432353 0.42065844
v -0.22907756 -0.22400251 0.42034161
v -0.25431341 -0.22327061 0.42377913
v -0.27712435 -0.22356318 0.42004204
v -0.08716041 -0.22652079 0.41518772
v -0.00657818 -0.22606105 0.41455367
v -0.16485700 -0.22588807 0.41526297
v -0.21386254 -0.22592771 0.41398033
v -0.25827485 -0.22556080 0.41456786
v 0.06010029 -0.22592521 0.41459244
v 0.16105673 -0.22337896 0.42077491
v 0.13041133 -0.22472765 0.41712394
v 0.18373595 -0.22256638 0.42452070
v 0.20214044 -0.22301230 0.42050877
v 0.23840095 -0.22194642 0.42565873
v 0.24063276 -0.22270054 0.42057219
v 0.28287023 -0.22166003 0.42645490
v 0.28294155 -0.22300135 0.42000765
v 0.29917032 -0.22114731 0.42738068
v 0.30707714 -0.22429556 0.41811931
v 0.16900861 -0.22482091 0.41711521
v 0.20269834 -0.22482346 0.41632634
v -0.29284641 -0.22570795 0.41565037
v -0.30260217 -0.22397424 0.42011219
v -0.29255053 -0.22307256 0.42415875
v -0.30432111 -0.22191906 0.42825201
v -0.31887674 -0.22481199 0.41924366
v -0.30990934 -0.22110413 0.42761475
v 0.30887192 -0.21964592 0.42850202
v 0.31696486 -0.22319746 0.41824463
v -0.09656800 -0.22794847 0.41222861
v -0.06256616 -0.22901523 0.41064155
v -0.20551203 -0.22743066 0.41166398
v 0.10980171 -0.22634852 0.41440487
v -0.30862010 -0.22078839 0.43154892
v -0.29951593 -0.22245859 0.43102327
v -0.27010244 -0.22336601 0.42799342
v 0.24474902 -0.22174157 0.42895484
v 0.21336284 -0.22224775 0.42879957
v 0.28800881 -0.22160096 0.42975160
v 0.16806093 -0.22296792 0.42751157
v -0.20677346 -0.22431676 0.42684275
v 0.10388122 -0.22324444 0.42698842
v 0.31413388 -0.22008198 0.42415419
v -0.16396768 -0.22584225 0.43004382
v -0.13329142 -0.22600381 0.43022513
v -0.09609716 -0.22651395 0.43011728
v -0.05901240 -0.22652929 0.43024433
v -0.00925086 -0.22611205 0.42999387
v 0.04420349 -0.22588716 0.43026203
v -0.27471977 -0.22394940 0.43100193
v -0.21301460 -0.22570227 0.43161106
v 0.16724625 -0.22485800 0.43205437
v 0.23524794 -0.22463951 0.43373081
v 0.28351948 -0.22386208 0.43310839
v 0.31114647 -0.21725079 0.42849761
v -0.05960589 0.48131132 -0.43025023
v -0.05312844 0.48128611 -0.42105716
v -0.06355039 0.48392755 -0.42354059
v -0.06476262 0.48450813 -0.43100899
v -0.06841715 0.48586091 -0.42789701
v -0.06856409 0.48583415 -0.43235442
v -0.06325343 0.48145020 -0.43557552
v -0.06861820 0.48351136 -0.43677109
v -0.05695599 0.47900608 -0.43041444
v -0.05128296 0.47994304 -0.42389446
v -0.05113608 0.47587928 -0.43067202
v -0.04735976 0.48106411 -0.41955572
v -0.05168528 0.47237197 -0.43519175
v -0.05836512 0.47508422 -0.43521288
v -0.10938660 0.48356664 -0.43678197
v -0.11338004 0.48571363 -0.43234697
v -0.16591252 0.48356459 -0.43667555
v -0.16666327 0.48574570 -0.43215272
v -0.04056552 0.48165131 -0.42379418
v -0.04270228 0.47685871 -0.43029836
v -0.04272370 0.47289914 -0.43487322
v -0.17122291 0.48173112 -0.43588459
v -0.03944476 0.47910517 -0.42953011
v -0.03557215 0.47520983 -0.43596268
v 0.18896423 0.48115674 -0.42900136
v 0.19492246 0.47331476 -0.42917866
v 0.19723995 0.47454989 -0.42493233
v 0.18942533 0.47584215 -0.43438527
v 0.19933999 0.47155929 -0.42712197
v 0.18839678 0.48009345 -0.43281469
v 0.18543009 0.48194739 -0.43638536
v 0.18675603 0.48339525 -0.43092409
v 0.18187088 0.48346949 -0.43674621
v 0.18185709 0.48556298 -0.43215469
v 0.18806297 0.48165053 -0.42249671
v 0.19268282 0.47767892 -0.42078298
v 0.18177117 0.48572049 -0.42789918
v 0.18958597 0.47873789 -0.41593125
v 0.37388459 0.47018015 -0.39824411
v 0.36231950 0.47061548 -0.40118235
v 0.36525643 0.46871293 -0.40516788
v 0.36118528 0.47241625 -0.39519700
v 0.37658587 0.47178316 -0.39217016
v 0.38543192 0.47011098 -0.39507565
v 0.39028803 0.47225776 -0.38774195
v 0.40208027 0.47020456 -0.39023179
v 0.40159440 0.47221419 -0.38328946
v 0.35207561 0.47215331 -0.40032145
v 0.40701595 0.47010610 -0.38628626
v 0.34567994 0.47250649 -0.40005940
v 0.33385488 0.47345823 -0.39639327
v 0.34086838 0.47134095 -0.40508804
v 0.32538283 0.47365445 -0.40412652
v 0.33261943 0.46975213 -0.41117477
v 0.33913267 0.46995005 -0.40876138
v 0.36953062 0.47260600 -0.38590276
v 0.38852736 0.47270808 -0.38325906
v 0.31811622 0.47460765 -0.39970219
v 0.33475521 0.47338882 -0.38865075
v 0.32081550 0.47411153 -0.40790525
v 0.30591241 0.47531348 -0.41076112
v 0.31446478 0.47378612 -0.41549367
v 0.31047148 0.47390151 -0.41888130
v 0.28298482 0.47492510 -0.41445032
v 0.27113152 0.47623828 -0.40560994
v 0.24479260 0.47527006 -0.41233760
v 0.24605784 0.47630054 -0.40580416
v 0.21760343 0.47671533 -0.41073585
v 0.21331407 0.47815177 -0.39967722
v 0.20153792 0.47773504 -0.41004568
v 0.18778773 0.47881541 -0.40256846
v 0.24429865 0.47700241 -0.39245865
v 0.30018345 0.47570509 -0.40348765
v 0.19225323 0.47822508 -0.41280460
v 0.26285374 0.47667226 -0.38837373
v 0.28957394 0.47558397 -0.38861895
v 0.34552959 0.47269812 -0.40536815
v 0.18253136 0.47945294 -0.41138285
v 0.20038861 0.47589594 -0.41906941
v 0.21918774 0.47430086 -0.41933733
v 0.24260740 0.47380522 -0.41775593
v 0.28750488 0.47375399 -0.41788676
v 0.40822813 0.46989742 -0.37907180
v 0.40661192 0.47052050 -0.37384132
v 0.34262401 0.47116163 -0.40858045
v 0.31468427 0.47507420 -0.42071620
v 0.31896317 0.47510687 -0.41907027
v 0.32299325 0.47105280 -0.41312787
v 0.31892008 0.47200847 -0.41718212
v 0.35046220 0.47286397 -0.40329883
v 0.36101973 0.47184002 -0.40349394
v 0.37105599 0.46597585 -0.40720275
v 0.36529163 0.46715128 -0.40788203
v 0.35448819 0.46991512 -0.40746367
v 0.36519527 0.46846649 -0.40874907
v 0.34780711 0.46841487 -0.41034314
v 0.41254038 0.46635884 -0.36571401
v 0.37867814 0.46438080 -0.40348560
v 0.40029371 0.46721578 -0.39409176
v 0.41635990 0.46308789 -0.37507316
v 0.41858342 0.46167150 -0.37029493
v 0.41647172 0.46274966 -0.36260471
v 0.41984302 0.46001306 -0.36496094
v 0.41074026 0.46688977 -0.38406101
v 0.42100960 0.45697170 -0.35543913
v 0.40724927 0.46505341 -0.39197326
v 0.42290002 0.45544043 -0.36046201
v 0.34249231 0.46434689 -0.41220704
v 0.31244147 0.47074279 -0.42222443
v 0.31487453 0.46769488 -0.42397362
v 0.32026017 0.47118405 -0.42026094
v 0.30680189 0.47199336 -0.42070714
v 0.27515614 0.47170472 -0.42056537
v 0.30673879 0.46859622 -0.42334166
v 0.28444499 0.46789125 -0.42322659
v 0.25192437 0.46931255 -0.42304620
v 0.23141688 0.47028497 -0.42343456
v 0.23307765 0.46790767 -0.42422086
v 0.30922320 0.46966815 -0.42323399
v 0.21567991 0.47195375 -0.42377064
v 0.21153748 0.46665165 -0.42698056
v 0.19947024 0.46720016 -0.42850661
v 0.19377761 0.46790659 -0.43032756
v -0.33618870 0.47233623 -0.41584626
v -0.34164676 0.46086729 -0.41730779
v -0.33867645 0.46511239 -0.41955552
v -0.33616102 0.46888828 -0.41936922
v -0.38521793 0.47695655 -0.39944482
v -0.39407989 0.47185341 -0.40292177
v -0.38611510 0.47354940 -0.40385425
v -0.37311339 0.46898261 -0.40850967
v -0.36668545 0.47955385 -0.40294576
v -0.39242160 0.46476990 -0.40812123
v -0.36023310 0.46262407 -0.41446203
v -0.35079712 0.47364503 -0.40992141
v -0.34062353 0.48110479 -0.40471530
v -0.39923823 0.47632444 -0.40049577
v -0.34211427 0.48042285 -0.40753809
v -0.33194870 0.47801697 -0.41183823
v -0.33418462 0.48295754 -0.40731204
v -0.32994789 0.48282045 -0.40923113
v -0.32547277 0.47875714 -0.41235644
v -0.32817391 0.47557363 -0.41630769
v -0.32814622 0.47212568 -0.41983062
v -0.32189730 0.47705230 -0.41509050
v -0.38276184 0.46039969 -0.40789309
v -0.37118265 0.46097860 -0.41100657
v -0.33040661 0.46429977 -0.42127925
v -0.39688635 0.46568641 -0.40441525
v -0.40151036 0.46738496 -0.40059289
v -0.32538968 0.46841329 -0.42292529
v -0.32211927 0.47002617 -0.42253208
v -0.32286027 0.47562751 -0.42072034
v -0.40327835 0.47148794 -0.40010583
v -0.31773016 0.47398219 -0.41974521
v -0.31826061 0.46704876 -0.42235705
v -0.31423965 0.46592227 -0.42333442
v -0.30925572 0.47223619 -0.42054784
v -0.30572909 0.46966854 -0.42364487
v -0.29912409 0.47377548 -0.41825894
v -0.28715068 0.46998423 -0.42368001
v -0.30125350 0.46238905 -0.42524096
v -0.26417702 0.46801218 -0.42427742
v -0.26366875 0.47023889 -0.42336622
v -0.26152566 0.47381231 -0.41841686
v -0.25523996 0.46750721 -0.42511085
v -0.24049743 0.47209308 -0.42513049
v -0.23811820 0.46897557 -0.42752209
v -0.22384861 0.47399309 -0.42609572
v -0.21884796 0.47182092 -0.42871454
v -0.21681120 0.46713051 -0.43075827
v -0.20769194 0.47453132 -0.42967978
v -0.21274103 0.47074226 -0.43132222
v -0.23955168 0.47412309 -0.42340744
v -0.20726357 0.46720040 -0.43442070
v -0.20593698 0.47165197 -0.43310535
v -0.19789280 0.47160852 -0.43509302
v -0.20355842 0.47013217 -0.43538979
v -0.19736911 0.46731511 -0.43777469
v -0.18371804 0.47217891 -0.43504211
v -0.18030228 0.46715444 -0.43828809
v -0.17640902 0.47554123 -0.43496221
v -0.17185444 0.47147802 -0.43787149
v -0.19832005 0.46266520 -0.43893984
v -0.17095499 0.46368831 -0.43913949
v -0.16489014 0.47949702 -0.43884254
v -0.12444938 0.47960594 -0.43888792
v -0.09448433 0.47943756 -0.43873048
v -0.06968938 0.47988617 -0.43879604
v -0.06505954 0.47383282 -0.43890455
v -0.06108925 0.47049570 -0.43833998
v -0.05503903 0.46709669 -0.43813980
v -0.04175254 0.46741667 -0.43799856
v -0.03310253 0.46942559 -0.43852910
v -0.02711119 0.47915843 -0.43849152
v -0.22553824 0.47616982 -0.41988799
v -0.21237917 0.47722432 -0.42028919
v -0.20360789 0.47644013 -0.42611188
v -0.26132461 0.47551236 -0.41341037
v -0.23962785 0.47706619 -0.41345063
v -0.18756722 0.47532928 -0.42916074
v -0.19047450 0.47820541 -0.42059049
v -0.18311600 0.47778404 -0.42446193
v -0.18023977 0.47701037 -0.42869002
v -0.17950346 0.47473171 -0.43353692
v -0.17497386 0.48177871 -0.42633411
v -0.17376697 0.48125315 -0.43180445
v -0.17016990 0.48422408 -0.42625979
v -0.03188974 0.48206472 -0.43472153
v -0.02478236 0.48343253 -0.43656501
v -0.02599476 0.48569927 -0.43216059
v 0.05359359 0.48346317 -0.43664461
v 0.05291215 0.48570502 -0.43233472
v 0.11353746 0.48362735 -0.43671635
v 0.13035646 0.48587796 -0.43253085
v 0.16125375 0.48365584 -0.43673867
v -0.03094991 0.48469478 -0.42607886
v 0.01562181 0.48096544 -0.43877971
v -0.02099805 0.48075452 -0.43873066
v 0.06952213 0.48026896 -0.43871117
v 0.15597026 0.47944170 -0.43881878
v 0.18180791 0.47941458 -0.43899634
v -0.17003486 0.46352163 -0.31234473
v -0.14574376 0.46600792 -0.31364426
v -0.14634469 0.46204180 -0.30278537
v -0.16604212 0.46694657 -0.32013026
v -0.14806768 0.47061750 -0.32667607
v -0.16010125 0.47121769 -0.33075294
v -0.13740487 0.46599302 -0.31078285
v -0.13815959 0.47037110 -0.32218689
v -0.18791492 0.47086760 -0.33221158
v -0.13367927 0.46197155 -0.30134878
v -0.11891814 0.46698615 -0.31057802
v -0.20610057 0.47046894 -0.33140400
v -0.19534463 0.46676868 -0.32063437
v -0.19679683 0.46289179 -0.31073320
v -0.23101489 0.46690306 -0.32336581
v -0.22960222 0.46282575 -0.31329161
v -0.25749564 0.46275899 -0.31435290
v -0.25768182 0.46695817 -0.32493141
v -0.18440562 0.45912233 -0.29790834
v -0.22671856 0.45731977 -0.29611740
v -0.19455720 0.45489323 -0.28452662
v -0.15116608 0.45876932 -0.29206759
v -0.12124877 0.45565218 -0.28140071
v -0.14304143 0.45541161 -0.28200689
v -0.11692467 0.46200535 -0.30004314
v -0.25415978 0.45748979 -0.29679281
v -0.26739717 0.45747173 -0.29870653
v -0.09782637 0.46175140 -0.29905286
v -0.06910561 0.45469505 -0.27660128
v -0.05464510 0.45869190 -0.28727439
v -0.06895415 0.46286130 -0.30071431
v -0.07748163 0.44785738 -0.25846860
v -0.03357242 0.44895667 -0.26063567
v -0.01319754 0.45531198 -0.27739385
v 0.01259991 0.44922686 -0.26090068
v 0.00850750 0.45883897 -0.28686216
v -0.11140042 0.44765157 -0.25922281
v 0.00870765 0.45495352 -0.27555153
v 0.01463464 0.44653344 -0.25323391
v -0.04055497 0.46268958 -0.29979447
v -0.00949034 0.46290553 -0.30018535
v 0.01189789 0.46207684 -0.29737607
v -0.07923198 0.46684787 -0.30951178
v -0.03649219 0.46830961 -0.31146613
v -0.06672079 0.44420016 -0.24726485
v -0.11567675 0.44411597 -0.24840055
v -0.03071809 0.44425005 -0.24636240
v 0.02492188 0.44408390 -0.24612693
v -0.05665206 0.44760782 -0.25777483
v -0.13600381 0.44814673 -0.26342332
v -0.17488863 0.45227054 -0.27708805
v -0.17678986 0.44798833 -0.26641822
v -0.17947744 0.44343957 -0.25214761
v -0.15174669 0.44354135 -0.24963537
v -0.16861251 0.43890476 -0.23719503
v -0.09405667 0.43995026 -0.23663917
v -0.05594164 0.43891552 -0.23388657
v 0.04371472 0.43977541 -0.23556337
v -0.02524234 0.43997318 -0.23569395
v -0.22453621 0.45164284 -0.27693537
v -0.20299143 0.44933152 -0.26978886
v -0.25378004 0.44702867 -0.26570645
v -0.22908959 0.44363752 -0.25487792
v -0.20581077 0.44198060 -0.24846226
v -0.22149368 0.43916717 -0.24131988
v -0.25351253 0.44360939 -0.25658432
v -0.21252172 0.43852571 -0.23713364
v -0.24671294 0.43912816 -0.24519412
v 0.04306432 0.44808546 -0.25920594
v 0.06925318 0.44408661 -0.24823597
v 0.07179603 0.44782540 -0.26024649
v 0.07522488 0.43968123 -0.23691259
v 0.03393879 0.45487508 -0.27683082
v 0.06505008 0.45570603 -0.27965263
v 0.02790509 0.45876041 -0.28771412
v 0.09554434 0.44816852 -0.26120970
v 0.09938596 0.44414458 -0.24841066
v 0.10801087 0.43988964 -0.23735948
v 0.04950186 0.45867869 -0.28752953
v 0.13528194 0.45839009 -0.28989628
v 0.14242245 0.45597979 -0.28345120
v 0.10647848 0.45430270 -0.27713570
v 0.08865900 0.45839071 -0.28766319
v 0.11719166 0.44790632 -0.26168728
v 0.02997960 0.46278778 -0.30008143
v 0.05493534 0.46264061 -0.30000547
v 0.10313489 0.46226308 -0.30062634
v 0.07384021 0.46248472 -0.30043080
v 0.13707864 0.44363973 -0.24872433
v 0.15515715 0.43893337 -0.23680671
v 0.15482482 0.44342047 -0.25001791
v 0.17901060 0.43867490 -0.23688340
v 0.18226893 0.44243917 -0.24892631
v 0.21268691 0.43864670 -0.23740229
v -0.25308859 0.45155638 -0.27671096
v -0.25136891 0.45449391 -0.28430754
v -0.27384466 0.45276263 -0.28120542
v -0.27631122 0.45433813 -0.28592941
v 0.21772277 0.44318053 -0.25285003
v 0.20425062 0.44736925 -0.26526746
v 0.16669555 0.44739291 -0.26476187
v 0.13929723 0.44784397 -0.26346222
v 0.16921534 0.45064878 -0.27290154
v 0.23245047 0.44696921 -0.26655066
v 0.16104791 0.45908317 -0.29538307
v 0.12851994 0.46114343 -0.29918185
v 0.12453640 0.46261293 -0.30351698
v 0.25362498 0.44380859 -0.25960785
v 0.22287598 0.43896416 -0.24117580
v 0.25780728 0.45105952 -0.27767584
v 0.18435176 0.45511034 -0.28413859
v 0.18951669 0.45823404 -0.29559314
v 0.19775812 0.45064223 -0.27339169
v 0.22758931 0.45230821 -0.27867034
v 0.20592615 0.45506915 -0.28471646
v 0.27505592 0.45316723 -0.28257927
v 0.25818998 0.45457277 -0.28595152
v 0.27610007 0.45452100 -0.28603891
v -0.25958553 0.46908805 -0.32938805
v -0.27432522 0.44017336 -0.25146094
v -0.27141359 0.44685605 -0.26758480
v 0.04888231 0.43650562 -0.22817729
v 0.00692673 0.43659735 -0.22844477
v -0.02258843 0.43518525 -0.22531822
v 0.26941413 0.44199064 -0.25770462
v -0.22994350 0.45509905 -0.28751922
v -0.14928041 0.43528116 -0.22811115
v -0.17696525 0.43744314 -0.23420693
v -0.08454870 0.43585461 -0.22755173
v 0.00920749 0.46827912 -0.31141606
v 0.02676900 0.46685880 -0.30905738
v -0.01029132 0.46697056 -0.30905855
v -0.04127799 0.47045329 -0.31657398
v 0.01396849 0.47039163 -0.31633765
v 0.04475786 0.46902248 -0.31325462
v -0.09877910 0.46889651 -0.31350189
v -0.13383353 0.46889260 -0.31413859
v -0.10317226 0.47036612 -0.31748763
v 0.11766983 0.46876460 -0.31386194
v -0.13496734 0.47032693 -0.31757855
v 0.05143455 0.46716511 -0.30976138
v 0.09941293 0.47039658 -0.31746608
v 0.11954118 0.47035798 -0.31770992
v 0.12585749 0.43475774 -0.22666647
v 0.13682152 0.42792439 -0.21254177
v 0.28197074 0.44635096 -0.27095821
v 0.07493631 0.43348455 -0.22338395
v 0.05055794 0.42878798 -0.21169847
v 0.09550790 0.43463528 -0.22637019
v 0.11845563 0.42509365 -0.20684971
v 0.26314083 0.43394271 -0.23724353
v 0.27833930 0.43888295 -0.25178206
v 0.09264572 0.46704584 -0.31043896
v 0.11659385 0.46651834 -0.31074017
v -0.05495954 0.42928356 -0.21379447
v -0.02969499 0.42896146 -0.21267185
v -0.10260024 0.42883724 -0.21382979
v -0.12982336 0.42877457 -0.21389455
v -0.07357729 0.42570776 -0.20666119
v -0.29090720 0.45763555 -0.30533659
v -0.29248920 0.45504317 -0.29666921
v -0.30262378 0.46361652 -0.32685798
v -0.32188109 0.45831671 -0.31342879
v -0.33361024 0.46340394 -0.33139315
v -0.35128877 0.46028724 -0.32540298
v -0.30797184 0.46872661 -0.34328175
v -0.28556123 0.46691856 -0.33344874
v -0.34202269 0.46648103 -0.34133643
v -0.26913479 0.46788940 -0.33073312
v -0.27234340 0.47010434 -0.34085315
v -0.26151887 0.47058043 -0.33886737
v -0.28391743 0.47097105 -0.34744355
v -0.30439791 0.47034338 -0.34794641
v -0.33849519 0.47004560 -0.34812945
v -0.32196453 0.45434499 -0.29929179
v -0.30104491 0.45043030 -0.28464106
v -0.34450474 0.45237020 -0.30256638
v -0.35931239 0.45507225 -0.31362957
v -0.32936633 0.44337374 -0.27306986
v -0.29461369 0.44612971 -0.27167773
v 0.15533169 0.46305016 -0.31236917
v 0.13581038 0.46535191 -0.31529421
v 0.12996329 0.47075775 -0.32866913
v 0.16493523 0.47087151 -0.33216587
v 0.19023587 0.46647710 -0.32144144
v 0.19832118 0.47037673 -0.33114493
v 0.22834106 0.46891934 -0.32824531
v 0.22828729 0.47041547 -0.33305025
v 0.26042590 0.47001031 -0.33196479
v 0.12064337 0.47218031 -0.33323902
v 0.21662597 0.45795706 -0.29758427
v 0.25912026 0.45720902 -0.29759514
v 0.25837791 0.46196777 -0.31404424
v 0.23525558 0.46231210 -0.31402770
v 0.19665159 0.46276861 -0.31251183
v 0.17570288 0.46291146 -0.31322569
v 0.25497594 0.46697932 -0.32581875
v 0.28565770 0.45911738 -0.30982831
v 0.30780652 0.45478240 -0.30054379
v 0.28221974 0.45611048 -0.29895464
v 0.27639842 0.46222830 -0.31818262
v 0.31960422 0.45783111 -0.31250179
v 0.31790772 0.46322012 -0.32943407
v 0.32323432 0.45424107 -0.29953137
v 0.30018270 0.45070374 -0.28756043
v 0.32605550 0.45196497 -0.29521191
v 0.31144229 0.46733698 -0.33978504
v 0.30963489 0.46885997 -0.34361669
v 0.28437451 0.46736020 -0.33538568
v 0.33366442 0.46647063 -0.34116277
v 0.29605004 0.47068495 -0.34874928
v 0.31600788 0.47033370 -0.34874731
v 0.33832580 0.47000951 -0.34794363
v 0.26466221 0.47186407 -0.34824744
v -0.13692722 0.47360605 -0.33782026
v 0.19848889 0.47136477 -0.33558732
v -0.02668465 0.47183290 -0.32294026
v 0.26905432 0.46645334 -0.32778230
v 0.26292983 0.47041282 -0.33925894
v 0.27715871 0.45477280 -0.29072419
v 0.35048881 0.45620394 -0.31707293
v 0.33362231 0.45422590 -0.30489108
v 0.34582779 0.46224543 -0.33362305
v 0.34596327 0.46635142 -0.34394035
v 0.36493266 0.46208188 -0.33887932
v 0.36734864 0.45546341 -0.32022694
v 0.38682285 0.45877281 -0.33452588
v 0.38684738 0.45491076 -0.32369700
v 0.38818410 0.46251649 -0.34577793
v 0.36324900 0.46759292 -0.35383195
v 0.34728318 0.46864995 -0.35193622
v -0.18103142 0.47468543 -0.35039568
v -0.20645978 0.47451401 -0.35039729
v -0.22771399 0.47442576 -0.35483444
v 0.35518175 0.47091547 -0.36400142
v 0.37605226 0.47032011 -0.36400416
v 0.37788162 0.46800196 -0.35764629
v 0.40126881 0.47022027 -0.36390194
v 0.34189469 0.47097138 -0.36149207
v 0.13977893 0.47494328 -0.34970310
v 0.18247694 0.47444698 -0.35256147
v 0.19878928 0.47465602 -0.35313568
v 0.28483710 0.45155013 -0.28463647
v -0.28054199 0.45350182 -0.28570125
v -0.22544403 0.47035888 -0.33273834
v -0.25170204 0.47404820 -0.35556304
v -0.26029041 0.47026664 -0.33298910
v -0.33335412 0.45532149 -0.30724424
v -0.07290895 0.47208142 -0.32651469
v -0.12964495 0.47045290 -0.31986025
v -0.04946456 0.47440821 -0.33698595
v 0.00089771 0.47482401 -0.33836958
v 0.02888770 0.47079438 -0.31883955
v 0.04658144 0.47462639 -0.33876705
v 0.07734010 0.47071144 -0.31899184
v -0.11797880 0.47457805 -0.34150437
v 0.40125644 0.46664959 -0.35760245
v 0.31423053 0.43841922 -0.26045251
v 0.30075225 0.44442803 -0.27087313
v 0.32151383 0.44309697 -0.27190247
v 0.34000674 0.44423205 -0.27966654
v 0.37497714 0.44930643 -0.30621779
v 0.08042786 0.47518003 -0.34373865
v 0.40347880 0.45530200 -0.33046085
v 0.39294577 0.45121855 -0.31749117
v 0.21479288 0.47437233 -0.35564193
v 0.24027511 0.47521368 -0.36396438
v 0.25982168 0.47476062 -0.36230093
v 0.29106101 0.47279051 -0.35969350
v 0.28206983 0.47504827 -0.36903608
v 0.08445523 0.47209519 -0.32602233
v 0.11910596 0.47054675 -0.32243407
v 0.40130207 0.46907145 -0.36129630
v 0.10986292 0.47507843 -0.34919861
v 0.35384825 0.44561741 -0.28816411
v 0.12408385 0.46897468 -0.31811580
v 0.40329614 0.46109024 -0.34758332
v -0.33006606 0.45094660 -0.29312742
v -0.35266295 0.44657946 -0.29018003
v 0.39949718 0.47201884 -0.37471160
v -0.37034452 0.46115199 -0.33448613
v -0.34863111 0.46832946 -0.35059780
v -0.37184599 0.46710426 -0.35275230
v -0.39478242 0.46269402 -0.34625787
v -0.36374414 0.47039083 -0.36245570
v -0.38811511 0.47051924 -0.36422560
v -0.38429779 0.46788779 -0.35699415
v -0.40189183 0.47000736 -0.36297983
v -0.35750616 0.47090483 -0.36343125
v -0.40052694 0.47261930 -0.37612176
v -0.34115598 0.47041690 -0.35546985
v -0.37225887 0.47164813 -0.37144408
v -0.39820063 0.47435817 -0.38756377
v -0.36404330 0.47374952 -0.38497394
v -0.36823288 0.47555777 -0.39458796
v -0.33539468 0.47491777 -0.38800883
v -0.33549923 0.47245920 -0.37267405
v -0.30299747 0.47542363 -0.38678616
v -0.30043045 0.47444421 -0.37328181
v -0.28517967 0.47258326 -0.35844445
v -0.28107625 0.47530156 -0.37129202
v -0.25641474 0.47609374 -0.36890876
v -0.22772014 0.47573987 -0.36390182
v -0.20697613 0.47602749 -0.36145160
v 0.30572578 0.47287065 -0.36559615
v -0.13258001 0.47521454 -0.34873298
v -0.15805605 0.47546795 -0.35306409
v -0.11448214 0.47547349 -0.34861383
v -0.06204899 0.47530651 -0.34545290
v 0.26118526 0.47594523 -0.37085599
v 0.29679534 0.47444454 -0.37279660
v 0.36742771 0.47183716 -0.37539217
v 0.19744281 0.47647613 -0.36918440
v -0.18234861 0.47528279 -0.35573950
v -0.31268328 0.47257093 -0.36585400
v -0.34339640 0.47138879 -0.36365119
v -0.40176302 0.46631780 -0.35595983
v -0.35115284 0.47576907 -0.39556408
v -0.35289493 0.47716776 -0.39993611
v -0.33338439 0.47859538 -0.40241909
v -0.33190647 0.47636482 -0.39614481
v -0.31674561 0.47547546 -0.39209625
v -0.36658123 0.47735751 -0.39927649
v 0.13517080 0.47573161 -0.35607028
v -0.38951495 0.47521794 -0.39575988
v 0.17943634 0.47582653 -0.36736444
v -0.39687625 0.45831230 -0.33529571
v -0.37958309 0.45553350 -0.32278904
v -0.39882126 0.45493001 -0.32672703
v -0.19487280 0.47779134 -0.37851954
v -0.29491952 0.44135576 -0.26015729
v 0.23727208 0.47601670 -0.37185207
v 0.01333113 0.47704926 -0.36091435
v 0.05145920 0.47775507 -0.36992481
v 0.07620321 0.47890836 -0.38104355
v 0.11786901 0.47675416 -0.36902124
v 0.33984590 0.47039878 -0.35539162
v -0.20828497 0.47904781 -0.39215127
v -0.19810021 0.47923824 -0.39065152
v 0.33098468 0.47213161 -0.37231520
v 0.33990464 0.47276708 -0.38080001
v 0.15651302 0.47613168 -0.36828282
v 0.14884484 0.47774091 -0.39164844
v 0.17377330 0.47776258 -0.39409599
v 0.13639432 0.47756559 -0.38648650
v 0.10314827 0.47835007 -0.38503817
v 0.13716340 0.48027945 -0.40203017
v 0.11816783 0.48055482 -0.40459034
v 0.13928741 0.48190206 -0.40949541
v 0.11684516 0.48525202 -0.42397192
v 0.14010629 0.48503238 -0.42320210
v 0.10727429 0.48492995 -0.42045236
v 0.17235070 0.47979119 -0.40871280
v 0.19872671 0.47835004 -0.39490050
v 0.15398426 0.48192132 -0.41400254
v 0.18064518 0.48224166 -0.41849303
v 0.08095987 0.48013961 -0.38980129
v 0.09577154 0.48009536 -0.39279285
v 0.09139123 0.48427743 -0.40637907
v 0.06161235 0.48364189 -0.40212691
v 0.05203275 0.48015073 -0.38891897
v 0.04347593 0.48358804 -0.39960405
v 0.04447010 0.48533320 -0.40736747
v 0.08810981 0.48604369 -0.41166964
v 0.01679275 0.48320925 -0.39957139
v 0.01049870 0.48528305 -0.40837574
v 0.00112818 0.48263708 -0.39981169
v 0.01781208 0.47969267 -0.38779849
v -0.02376941 0.48522565 -0.40891859
v -0.02009828 0.48229817 -0.39941809
v -0.00366603 0.48585054 -0.41197222
v 0.04836333 0.48595622 -0.41163424
v -0.02558448 0.48582819 -0.41178665
v 0.05833497 0.47861540 -0.38051030
v 0.04160814 0.47879386 -0.38049319
v 0.10575176 0.47912809 -0.39257744
v 0.08954805 0.48592913 -0.42763969
v 0.15024441 0.48590291 -0.42786369
v 0.09735033 0.48520133 -0.41628435
v -0.00112365 0.47989017 -0.39249155
v -0.00241503 0.47836980 -0.38627151
v -0.02523469 0.47844398 -0.38932690
v -0.02092767 0.47967148 -0.39301607
v -0.04441813 0.47824201 -0.39688039
v -0.02962350 0.48177630 -0.40116680
v -0.02701126 0.47719094 -0.38064194
v 0.01594162 0.47820592 -0.37685981
v 0.18123773 0.48084739 -0.41567498
v -0.00339768 0.47744274 -0.37822953
v -0.05194669 0.47703436 -0.39155224
v -0.05489352 0.47895306 -0.40732041
v -0.07381804 0.47759992 -0.39363798
v -0.07516741 0.47961730 -0.40638497
v -0.06497550 0.47999975 -0.40997446
v -0.05642742 0.48166889 -0.41901508
v -0.09805491 0.47910765 -0.40508655
v -0.08995806 0.47715276 -0.39250886
v -0.11948394 0.47725198 -0.39507109
v -0.08497132 0.48288891 -0.41530022
v -0.12009820 0.47949615 -0.40855709
v -0.12049608 0.47830382 -0.40349108
v -0.14045246 0.48022068 -0.40621996
v -0.06965387 0.48508030 -0.42329180
v -0.06190038 0.48210329 -0.41655323
v -0.10101306 0.48504886 -0.42392924
v -0.12182878 0.48255935 -0.41601434
v -0.10615508 0.48579779 -0.42792171
v -0.14008832 0.48509732 -0.42266032
v -0.14643840 0.48331299 -0.41489664
v -0.16587488 0.48587519 -0.42676681
v -0.16521941 0.48231071 -0.41470820
v -0.15517578 0.47936910 -0.40392968
v -0.13834837 0.47780138 -0.39223406
v -0.16176523 0.47761124 -0.39365271
v -0.17394623 0.47830495 -0.40516329
v -0.16415308 0.48008505 -0.40884906
v -0.17421766 0.47927278 -0.41051206
v -0.17625675 0.47753194 -0.39837760
v -0.18236583 0.47950634 -0.41840732
v -0.02595772 0.47647303 -0.36010888
v 0.30466348 0.47420004 -0.37821904
v -0.18643188 0.47911733 -0.41259408
v -0.22239524 0.47777659 -0.38914293
v -0.18300822 0.47756746 -0.38500223
v -0.17101708 0.47672218 -0.37788093
v -0.32162410 0.47643664 -0.40166563
v -0.30588740 0.47597155 -0.40298331
v -0.32751188 0.47841364 -0.40570360
v -0.22761472 0.47689956 -0.37926844
v -0.25645545 0.47675955 -0.38376883
v -0.17375067 0.48203191 -0.41840750
v -0.07464579 0.47687972 -0.36890584
v -0.11293080 0.47685704 -0.36873680
v -0.04937644 0.47652623 -0.36613631
v -0.01367485 0.47720551 -0.37296221
v -0.12715536 0.47691560 -0.37880090
v -0.05250951 0.47655195 -0.37945610
v -0.27642915 0.47655463 -0.38791451
v 0.12665543 0.46629253 -0.31341165
v -0.41077703 0.47032833 -0.37338874
v -0.40438560 0.47334966 -0.38662350
v -0.19143918 0.47943646 -0.40109736
v -0.20180696 0.48009184 -0.40867540
v -0.20799914 0.47986317 -0.40888506
v 0.37510857 0.44345501 -0.29071891
v -0.04223293 0.48190695 -0.41940296
v -0.03976632 0.48035297 -0.40402681
v -0.03334776 0.48312038 -0.40909934
v -0.03419079 0.48436227 -0.41949323
v -0.37430644 0.44372016 -0.29058298
v -0.38456362 0.44775078 -0.30520475
v -0.39376149 0.45161492 -0.31776479
v -0.28910443 0.47615853 -0.40745217
v -0.23709254 0.47785112 -0.40618277
v -0.22210145 0.47817013 -0.40833327
v -0.39272493 0.44837323 -0.30964589
v 0.34536079 0.43960595 -0.27069962
v -0.25647980 0.43337679 -0.23447195
v -0.30696008 0.43364134 -0.24622412
v -0.32698056 0.43873802 -0.26249391
v 0.16544490 0.43011746 -0.21943159
v 0.14229992 0.42409202 -0.20522422
v -0.35100758 0.44287628 -0.28126630
v 0.31275082 0.42955521 -0.24051172
v 0.33702457 0.42745960 -0.24283272
v 0.34367219 0.43221697 -0.25483575
v 0.29461440 0.42893445 -0.23415400
v -0.12338411 0.42386526 -0.20386574
v 0.27579969 0.45092940 -0.27946207
v 0.08787099 0.42622450 -0.20976803
v -0.16678594 0.43441930 -0.22745603
v -0.21415988 0.43560037 -0.23241320
v -0.15997684 0.42784214 -0.21310891
v -0.15511158 0.42366469 -0.20468104
v 0.21268643 0.43589145 -0.23286329
v 0.39244395 0.44405282 -0.30176768
v -0.17529243 0.42502239 -0.20949981
v -0.00202667 0.42827633 -0.21221875
v -0.02757769 0.42306432 -0.20134246
v -0.05085945 0.42246249 -0.20057099
v -0.20639937 0.42909613 -0.22038549
v -0.20778707 0.42309481 -0.20966487
v -0.28195804 0.43409839 -0.24071990
v -0.26747286 0.42790252 -0.22589336
v 0.06773086 0.42283389 -0.20144464
v -0.40993205 0.45815518 -0.34306318
v -0.40534252 0.45437971 -0.32976538
v -0.39220873 0.44212851 -0.29548156
v 0.37602517 0.43598917 -0.27521971
v -0.17703564 0.48138189 -0.42041942
v -0.33103338 0.42915842 -0.24364829
v -0.22937627 0.43180263 -0.22818473
v -0.02573024 0.48596087 -0.42176732
v 0.05980456 0.48600736 -0.41986772
v 0.00482702 0.48579219 -0.42042345
v 0.22901605 0.43054062 -0.22564760
v 0.26335430 0.42722943 -0.22415173
v 0.24511833 0.42774341 -0.22239438
v 0.17598175 0.42341912 -0.20778035
v -0.09346313 0.42358994 -0.20417796
v -0.39908102 0.47405133 -0.39587682
v -0.25216791 0.47706863 -0.40668544
v 0.02485506 0.42218122 -0.20011048
v 0.04589416 0.42189309 -0.19891077
v 0.35562193 0.42763743 -0.24926579
v -0.34549049 0.43530035 -0.26236647
v -0.37614834 0.42832622 -0.26070482
v -0.35884777 0.42637843 -0.24963374
v -0.07039318 0.42047405 -0.19700591
v -0.29071289 0.42745081 -0.23016053
v -0.31332785 0.42283201 -0.22704302
v 0.09144485 0.41893691 -0.19680521
v -0.37868503 0.43309221 -0.27168545
v -0.39186305 0.43235746 -0.27622035
v 0.41104570 0.45501626 -0.33550382
v 0.41278833 0.45947102 -0.34972286
v 0.30076310 0.42262521 -0.22392902
v 0.32949772 0.42146048 -0.23000868
v 0.34422132 0.42187041 -0.23547272
v -0.00083270 0.41741392 -0.19326170
v 0.20803632 0.42171296 -0.20754711
v 0.23137841 0.42047545 -0.20860617
v -0.30198655 0.42305431 -0.22476737
v 0.37469366 0.42846292 -0.25919726
v 0.05585529 0.41525197 -0.18801364
v 0.05157319 0.41318691 -0.18437280
v 0.10137022 0.40736482 -0.17477562
v 0.10669895 0.41601056 -0.19180709
v 0.00859058 0.40938506 -0.17839932
v 0.05728759 0.40767214 -0.17494823
v -0.01528621 0.40762627 -0.17498507
v -0.06994374 0.40868735 -0.17718484
v -0.03350561 0.41401079 -0.18630534
v -0.10158775 0.40738690 -0.17497841
v -0.09598801 0.40867859 -0.17808844
v -0.10787852 0.40818018 -0.17930564
v -0.07270418 0.41562763 -0.18948440
v -0.10433047 0.41250780 -0.18614684
v -0.11341943 0.41912696 -0.19649939
v -0.22883514 0.41878697 -0.20576984
v -0.25457200 0.41729560 -0.20644806
v 0.40323678 0.44941339 -0.31884557
v 0.39313033 0.43846229 -0.28961873
v -0.15772966 0.41937962 -0.19811609
v -0.12126829 0.40656647 -0.18032172
v 0.14371784 0.42122272 -0.20075168
v 0.18743239 0.41682094 -0.19798410
v -0.41069481 0.46289909 -0.35332033
v -0.41329625 0.46658450 -0.36344796
v 0.24710914 0.41790155 -0.20644933
v 0.26697153 0.41941947 -0.21198052
v -0.27066368 0.41673556 -0.20809291
v -0.26750460 0.47626483 -0.40762958
v -0.20689446 0.41253412 -0.19264252
v -0.29878041 0.41236386 -0.20722955
v 0.32215098 0.41328642 -0.21396357
v -0.34385243 0.42285228 -0.23724073
v 0.39331234 0.43116000 -0.27480686
v -0.34098431 0.41572466 -0.22372670
v 0.29917037 0.41948950 -0.21831185
v 0.27853215 0.41129023 -0.20204115
v 0.29762629 0.41188008 -0.20571050
v 0.19966361 0.41117978 -0.19045958
v -0.39253223 0.42558649 -0.26432112
v 0.40892813 0.44256511 -0.30979499
v 0.41095147 0.44923595 -0.32368776
v -0.39929080 0.47418636 -0.39198709
v 0.34918633 0.41262770 -0.22168542
v -0.32783666 0.41126871 -0.21243019
v 0.24293084 0.41105661 -0.19605350
v -0.30146143 0.47554404 -0.41063190
v -0.31872675 0.47638634 -0.41010967
v -0.36478788 0.41802534 -0.23780999
v -0.36098489 0.41212708 -0.22574139
v -0.38202396 0.41651773 -0.24239407
v -0.12271377 0.41572928 -0.19218692
v -0.13135426 0.40734097 -0.18234746
v -0.16353802 0.41210330 -0.18854052
v -0.26379710 0.41171202 -0.19958521
v -0.22572064 0.41232809 -0.19565283
v -0.28450006 0.41021883 -0.20110808
v -0.37906918 0.41008580 -0.23047717
v -0.18501429 0.40988830 -0.18680164
v 0.40612879 0.43330300 -0.28812483
v 0.37443113 0.41240135 -0.23254019
v 0.14365175 0.41355088 -0.18984868
v 0.12041007 0.41365036 -0.18907192
v 0.10571237 0.41158739 -0.18389842
v -0.41139942 0.44323286 -0.31242895
v 0.31872317 0.40757382 -0.20463532
v 0.37402776 0.42111221 -0.24658585
v -0.41227514 0.47061837 -0.38146642
v 0.39190131 0.42642960 -0.26531142
v 0.12678647 0.40733239 -0.18132269
v -0.34356874 0.47945949 -0.40323803
v -0.35716456 0.40702137 -0.21631411
v -0.41300425 0.44738403 -0.32125926
v -0.42295805 0.46256688 -0.36255881
v -0.19754502 0.47890973 -0.41646412
v -0.39471340 0.41320908 -0.24395318
v 0.18558359 0.40596333 -0.18260738
v 0.35166174 0.40748253 -0.21488886
v -0.42453390 0.45722589 -0.35274479
v 0.41751477 0.43359554 -0.29807615
v -0.40028340 0.42798921 -0.27404115
v -0.20610218 0.40463594 -0.18239307
v -0.42011058 0.46521384 -0.36978924
v -0.42477658 0.46256280 -0.36594367
v 0.15001561 0.40631175 -0.18116933
v 0.38838074 0.41384235 -0.24275516
v 0.39127976 0.41925719 -0.25388658
v -0.33881339 0.40496856 -0.20737641
v -0.22620912 0.40449446 -0.18598111
v -0.24517547 0.40299556 -0.18682611
v -0.40939775 0.43308213 -0.29148331
v 0.37605777 0.40825000 -0.22712928
v 0.29977238 0.40176150 -0.19333404
v -0.30922279 0.39737463 -0.19046022
v -0.17610562 0.39888865 -0.17299686
v -0.11139614 0.40433413 -0.17527194
v -0.42608857 0.44840661 -0.33746469
v 0.41872516 0.44123477 -0.31650463
v 0.40605307 0.42548710 -0.27416575
v 0.41849834 0.45623311 -0.34799057
v -0.40002471 0.41115201 -0.24490963
v -0.35964093 0.40201885 -0.21074618
v 0.39257357 0.40722537 -0.23523086
v 0.39103323 0.40049821 -0.22530068
v 0.42066365 0.44964221 -0.33391550
v 0.40425995 0.41431352 -0.25593224
v -0.41153675 0.47083330 -0.38711560
v -0.41032001 0.41288280 -0.25672761
v -0.41228098 0.42143160 -0.27376559
v -0.41415450 0.43005291 -0.29061604
v -0.39580610 0.39951393 -0.22584632
v -0.40661219 0.47115013 -0.39272335
v -0.43412641 0.45074224 -0.34988725
v 0.42472303 0.43359253 -0.30663475
v -0.42295805 0.42963162 -0.30009612
v -0.42233890 0.43742338 -0.31383717
v 0.42294908 0.44117472 -0.32194933
v -0.42282328 0.44244936 -0.32259244
v 0.42583764 0.45071894 -0.34481812
v -0.43112126 0.45435342 -0.35609883
v 0.42221439 0.42637080 -0.29084617
v 0.42133331 0.41662005 -0.27450398
v 0.41140312 0.40171286 -0.24328035
v -0.43297473 0.44654617 -0.34153038
v 0.40099382 0.39646566 -0.22722726
v -0.42772657 0.45833096 -0.35987982
v 0.41997144 0.41052470 -0.26484665
v 0.42092296 0.39745584 -0.24592088
v 0.42623791 0.44764695 -0.33780715
v -0.43881521 0.44626042 -0.34763992
v -0.41650301 0.41053927 -0.25987256
v -0.42922136 0.44197491 -0.33086279
v -0.41686687 0.46711043 -0.37709802
v -0.41013929 0.39625728 -0.23367749
v -0.41370088 0.39985937 -0.24184923
v -0.43887535 0.44886562 -0.35496676
v -0.42206311 0.41975501 -0.28299561
v -0.42614436 0.41102624 -0.27334768
v 0.42162597 0.38523093 -0.23208229
v -0.42779922 0.43461546 -0.31638911
v -0.43441805 0.45264232 -0.36062691
v 0.42640939 0.43844530 -0.32208219
v -0.42362264 0.40397990 -0.25947893
v 0.43091318 0.43685994 -0.32944283
v 0.42550457 0.39359283 -0.24591270
v 0.43077689 0.40083548 -0.26345202
v 0.42711371 0.41235849 -0.27591226
v -0.44025341 0.44196749 -0.34360620
v 0.43232590 0.41991788 -0.29468951
v -0.42846975 0.41632649 -0.28711629
v -0.42820573 0.42682552 -0.30366564
v 0.43135440 0.42939311 -0.31034335
v -0.43402413 0.44125709 -0.33627638
v -0.44473669 0.44141868 -0.34856656
v -0.44832426 0.43893099 -0.34769559
v -0.44739899 0.44008458 -0.35355449
v -0.42300549 0.39514172 -0.24682115
v -0.41084370 0.46973717 -0.39159837
v 0.42743674 0.45122239 -0.35412332
v -0.42486674 0.37772161 -0.22773196
v -0.42570794 0.38230118 -0.23503944
v -0.40409958 0.47038010 -0.39634883
v -0.42318222 0.46222198 -0.37442854
v -0.42019740 0.46346602 -0.37762916
v 0.43108299 0.38923234 -0.24851279
v 0.43114090 0.44611266 -0.34704396
v -0.42792892 0.39957908 -0.25975975
v -0.44081718 0.43779445 -0.34054431
v -0.43749601 0.43462992 -0.33601204
v 0.43082401 0.41065875 -0.27961355
v -0.43027017 0.45547780 -0.36577508
v -0.43198478 0.41631252 -0.29407072
v -0.42646489 0.39146873 -0.24731356
v -0.42833027 0.45875871 -0.36567405
v 0.43116641 0.44287813 -0.33979061
v -0.43224710 0.37913504 -0.24134354
v -0.43163303 0.40656236 -0.27710098
v -0.43120277 0.42833287 -0.31281486
v -0.43392152 0.43515632 -0.33082923
v -0.03211589 -0.29048026 0.41625378
v 0.02183939 -0.29117376 0.41622558
v -0.03264431 -0.29044476 0.41803673
v -0.08076514 -0.29001489 0.41739580
v 0.03312485 -0.29108688 0.41865680
v -0.08056020 -0.28853515 0.42539632
v -0.04198735 -0.28873652 0.42611784
v -0.01676777 -0.28858271 0.42641726
v 0.03848416 -0.28899279 0.42632821
v -0.13836594 -0.29068258 0.41953731
v -0.12032378 -0.28834298 0.42871925
v -0.16746067 -0.28798953 0.43053779
v -0.16362303 -0.29028258 0.41981781
v -0.19381210 -0.28687826 0.43126309
v 0.07997195 -0.28820899 0.42720240
v 0.08358302 -0.29036969 0.41673779
v 0.11448580 -0.29048935 0.41842768
v 0.11291545 -0.28834668 0.42943197
v 0.14257008 -0.28944474 0.42044133
v 0.16024674 -0.28886187 0.42180488
v 0.17333978 -0.28664163 0.43160075
v 0.18322241 -0.28743118 0.42481369
v -0.07762298 -0.28715765 0.42930505
v 0.20636229 -0.28673193 0.42909867
v 0.20394664 -0.28618452 0.43122947
v 0.25951549 -0.28641230 0.43163353
v 0.11293554 -0.28762147 0.43143395
v 0.07342159 -0.28615150 0.43226022
v -0.20719911 -0.28429726 0.43695873
v -0.23042005 -0.28605250 0.43109450
v -0.24758592 -0.28474870 0.43596983
v -0.26414561 -0.28563967 0.43194115
v -0.28514618 -0.28537726 0.43215415
v -0.29470983 -0.28559506 0.43198475
v 0.05126064 -0.28590274 0.43280283
v -0.10827731 -0.28638536 0.43274778
v -0.30670580 -0.28494933 0.43940800
v -0.04448548 -0.28577095 0.43274918
v 0.00435482 -0.28558061 0.43265569
v -0.30979848 -0.28688115 0.43531042
v -0.16949557 -0.28513342 0.43619257
v -0.07700153 -0.28488001 0.43370306
v -0.18301870 -0.28882262 0.42022541
v -0.20482033 -0.28671712 0.42880780
v 0.10710460 -0.28591380 0.43391678
v -0.21119569 -0.28627706 0.42508936
v -0.30906013 -0.28687087 0.43206570
v 0.28938293 -0.28556016 0.43496248
v 0.28454402 -0.28696325 0.43179265
v 0.30513212 -0.28883070 0.43174487
v 0.31395328 -0.28848568 0.43619257
v 0.31534180 -0.29132414 0.43164402
v 0.26491791 -0.28622225 0.42984235
v 0.18370512 -0.28706381 0.42178854
v 0.21627952 -0.28449589 0.41958091
v -0.23348147 -0.28456336 0.42018589
v -0.20699836 -0.28606761 0.42020980
v 0.21695147 -0.28539929 0.42300183
v -0.31650850 -0.28991714 0.43221423
v -0.31622234 -0.28958118 0.43609813
v 0.32378393 -0.29512051 0.43155035
v 0.32590327 -0.29182163 0.43891704
v 0.10853690 -0.28924286 0.41260901
v 0.08025117 -0.28884494 0.41183823
v 0.02787271 -0.29021877 0.41360858
v 0.03175012 -0.28797644 0.40555787
v 0.25239459 -0.28459346 0.42318246
v -0.24798994 -0.28347474 0.41978955
v -0.13498943 -0.28869694 0.41272491
v -0.08239824 -0.28764272 0.40902117
v -0.03850155 -0.28814662 0.40912816
v -0.26721624 -0.28141171 0.41972718
v 0.15494153 -0.28646773 0.41357452
v 0.18283719 -0.28542116 0.41685718
v -0.28145066 -0.28072512 0.42020202
v -0.29979739 -0.28264147 0.42581856
v -0.16441762 -0.28830037 0.41403797
v 0.21467027 -0.28344342 0.41647151
v 0.24562910 -0.28152078 0.41597554
v -0.12557176 -0.28699413 0.40821365
v 0.27730206 -0.28192002 0.42221197
v -0.29677770 -0.27888590 0.41759270
v -0.31182864 -0.28010958 0.41880587
v 0.30006072 -0.28179756 0.42025575
v 0.31013465 -0.28316480 0.41911250
v -0.31510219 -0.28216007 0.42120913
v 0.31755170 -0.28600636 0.41964254
v 0.32673559 -0.28991023 0.41884273
v -0.32140610 -0.28508916 0.42127517
v -0.32088488 -0.29383659 0.43424454
v 0.32718119 -0.29823312 0.43196434
v -0.40014300 -0.50009674 -0.07668551
v -0.39257613 -0.50008136 -0.05826715
v -0.41304061 -0.50018060 -0.07785170
v -0.39142090 -0.49999911 -0.06877927
v -0.39999363 -0.50011849 -0.04772398
v -0.40831357 -0.49961242 -0.08068030
v -0.39545068 -0.49979800 -0.05220368
v -0.38866174 -0.49898136 -0.06249580
v -0.40443540 -0.49902010 -0.04530489
v -0.40984151 -0.47366580 -0.08907685
v -0.41242945 -0.46108222 -0.09465162
v -0.41255146 -0.44751504 -0.09934059
v -0.38177922 -0.23669143 0.13539611
v -0.38830084 -0.22973388 0.17563479
v -0.38149828 -0.23508807 0.16679230
v -0.38446406 -0.22957347 0.22492093
v -0.37907320 -0.23398843 0.21484295
v -0.39353105 -0.22899951 0.13251582
v -0.38336793 -0.23821539 0.10874545
v -0.39311603 -0.23253402 0.10262565
v -0.38732463 -0.23796771 0.08083694
v -0.39359811 -0.23439096 0.06955502
v -0.39181513 -0.23681973 0.05157095
v -0.37872732 -0.23292908 0.27177328
v -0.38309395 -0.22974591 0.27792969
v -0.38326219 -0.22978564 0.30218852
v -0.37848759 -0.23312025 0.31457078
v -0.37900746 -0.23334697 0.36315149
v -0.39361811 -0.22695898 0.17844215
v -0.37797475 -0.23742329 0.17503488
v -0.37874845 -0.23917452 0.13661656
v -0.39775646 -0.23077682 0.09654186
v -0.38551509 -0.22974584 0.34798297
v -0.38484862 -0.23099373 0.37441680
v -0.39255565 -0.22601676 0.23060814
v -0.39273667 -0.22567488 0.26619968
v -0.38022986 -0.23344509 0.38895351
v -0.38973805 -0.22719102 0.30475134
v -0.39232057 -0.22630052 0.29008567
v -0.38931084 -0.22834088 0.34239778
v -0.38843161 -0.22987665 0.37488621
v -0.40182289 -0.22836868 0.11073861
v -0.39754376 -0.22759268 0.13332383
v -0.39733312 -0.22630642 0.17270197
v -0.38540527 -0.23293109 0.40273380
v -0.40455472 -0.23001388 0.07750763
v -0.39850786 -0.23386244 0.06200863
v -0.38086316 -0.23377129 0.40271115
v -0.37486517 -0.23723948 0.39883342
v -0.37499914 -0.23705699 0.37609529
v -0.37904069 -0.23344737 0.41125232
v -0.38223141 -0.23337229 0.41054830
v -0.37903902 -0.24104972 0.12020677
v -0.40129152 -0.22700530 0.13405044
v -0.40415925 -0.23416413 0.05465884
v -0.40274063 -0.23779757 0.03374697
v -0.40532082 -0.23116006 0.07089609
v -0.39238721 -0.24084124 0.03013092
v -0.39761969 -0.24077258 0.02203571
v -0.40668133 -0.24085487 0.01009843
v -0.39314148 -0.24463600 0.01710455
v -0.39885038 -0.24441215 0.00961226
v -0.39540908 -0.22579014 0.22825082
v -0.40427670 -0.24407981 0.00422339
v -0.39262924 -0.22796203 0.32775679
v -0.41023380 -0.24054286 0.00712740
v -0.40824205 -0.24179739 0.00133148
v -0.40926251 -0.23810706 0.02961940
v -0.40444130 -0.22809675 0.11390093
v -0.40975004 -0.24065721 -0.01219028
v -0.40059155 -0.22639529 0.18240745
v -0.38864544 -0.23159119 0.38991013
v -0.41132194 -0.23499139 0.05199358
v -0.40803501 -0.24198070 -0.01449916
v -0.39559135 -0.22648241 0.27756339
v -0.39990723 -0.22687882 0.23917475
v -0.40034035 -0.22759159 0.26784870
v -0.39284703 -0.23037323 0.36010015
v -0.39649460 -0.22821730 0.30851594
v -0.40425500 -0.22770360 0.19183877
v -0.40091816 -0.22932577 0.28918737
v -0.40961447 -0.23775133 -0.01923692
v -0.40456134 -0.22903936 0.24465291
v -0.40649229 -0.23654778 -0.02400795
v -0.41344112 -0.16376519 0.06907067
v -0.40782565 -0.16417865 0.08183595
v -0.41706499 -0.16015618 0.08588116
v -0.40430373 -0.16749437 0.06136278
v -0.41505346 -0.16419055 0.05829261
v -0.40271530 -0.16896002 0.05271241
v -0.41448715 -0.16726819 0.03617252
v -0.41521138 -0.16965981 0.01489483
v -0.40690792 -0.17244358 0.01505837
v -0.40061682 -0.17294575 0.02837090
v -0.41347948 -0.16010594 0.10314779
v -0.39682516 -0.17619646 0.01828936
v -0.40496621 -0.16444142 0.08474179
v -0.40494111 -0.16252500 0.10501035
v -0.40812507 -0.15949829 0.12553996
v -0.41860813 -0.15583724 0.11895856
v -0.41522661 -0.15618522 0.12967703
v -0.40788555 -0.15669289 0.14491652
v -0.41919070 -0.15155959 0.14573614
v -0.41707811 -0.14871171 0.16367798
v -0.40740886 -0.15231895 0.16331375
v -0.42125413 -0.15941334 0.07263974
v -0.41769794 -0.16433074 0.04451619
v -0.40755662 -0.14757153 0.17729542
v -0.41832870 -0.14448167 0.17460991
v -0.41421381 -0.14431491 0.17972293
v -0.39920631 -0.17176396 0.03772409
v -0.39577466 -0.17539223 0.02210481
v -0.39325741 -0.18077920 0.00607236
v -0.40518615 -0.15960588 0.12824103
v -0.40468061 -0.15717562 0.14412390
v -0.42162114 -0.15601371 0.09518649
v -0.40138772 -0.17670642 0.01066210
v -0.42163596 -0.15991025 0.05860193
v -0.42277628 -0.15152903 0.12801011
v -0.39604193 -0.18160716 0.00472354
v -0.41800326 -0.16522869 0.02916684
v -0.40076846 -0.18082395 0.00321215
v -0.40452030 -0.15247455 0.16323239
v -0.40438059 -0.14764023 0.17721111
v -0.39414355 -0.18465026 0.00099440
v -0.40576783 -0.14420810 0.18287478
v -0.40756741 -0.13898659 0.18836062
v -0.39701208 -0.17137681 0.03800737
v -0.41391483 -0.13502577 0.18882354
v -0.39975032 -0.16021629 0.10565051
v -0.39926603 -0.15688573 0.12900946
v -0.39828598 -0.16292849 0.07320797
v -0.39485949 -0.16435783 0.05602631
v -0.39882442 -0.15330145 0.14835601
v -0.40615025 -0.26718959 -0.03433507
v -0.40680411 -0.26564601 -0.02922451
v -0.40797940 -0.27073970 -0.02626283
v -0.40794876 -0.25531143 -0.02533595
v -0.40798983 -0.25426829 -0.00970993
v -0.40785435 -0.27501175 -0.00548536
v -0.40794343 -0.27561051 -0.01884657
v -0.40793604 -0.28111029 -0.02081463
v -0.40790224 -0.26156303 -0.00589106
v -0.40811092 -0.24433737 -0.00589852
v -0.40656921 -0.25015527 -0.01973259
v -0.40718338 -0.24813901 -0.01415341
v -0.40520188 -0.24555354 -0.02088161
v -0.40350080 -0.24570651 -0.02605210
v -0.40342465 -0.24105318 -0.02464905
v -0.40708381 -0.28007254 -0.01743857
v -0.40610418 -0.27941409 -0.01214825
v -0.40464693 -0.28983957 -0.01647131
v -0.40528765 -0.25329605 -0.02941805
v -0.40407851 -0.26268911 -0.03285156
v -0.40316951 -0.26418862 -0.03695285
v -0.40179539 -0.28468183 -0.02810842
v -0.40768489 -0.29103324 -0.02081364
v -0.40687466 -0.24525334 -0.00222810
v -0.40548894 -0.26530579 -0.00171095
v -0.40533715 -0.27572104 -0.00120375
v -0.40469816 -0.27886868 -0.00209781
v -0.40321562 -0.28406501 -0.01275764
v -0.40248314 -0.28199384 -0.00755472
v -0.40506524 -0.29494923 -0.01867301
v -0.39830211 -0.27839994 -0.03329054
v -0.40143371 -0.29393503 -0.02288773
v -0.39617026 -0.29118550 -0.02801901
v -0.39818880 -0.29794529 -0.02073473
v -0.39155099 -0.29582262 -0.02917656
v -0.39552608 -0.28379887 -0.03199274
v -0.39461514 -0.28037530 -0.03410455
v -0.38881814 -0.28555191 -0.03551199
v -0.38956589 -0.28062189 -0.03812613
v -0.39371198 -0.27726382 -0.03717836
v -0.39352444 -0.28778958 -0.03082611
v -0.38887700 -0.28838441 -0.03246659
v -0.38903451 -0.29185107 -0.03017040
v 0.37707168 -0.28457958 0.19625708
v 0.38454184 -0.28087437 0.20507698
v 0.37621546 -0.28460464 0.23446853
v 0.38358134 -0.28155228 0.25052971
v 0.37529442 -0.28520149 0.24006873
v 0.37692273 -0.28539255 0.17838608
v 0.38316140 -0.28211930 0.30378151
v 0.37634897 -0.28583130 0.30944023
v 0.38303044 -0.28266823 0.32281187
v 0.37594339 -0.28641218 0.32614747
v 0.38317522 -0.28245339 0.33341548
v 0.37569419 -0.28800982 0.35465133
v 0.38140261 -0.28510460 0.35715750
v 0.39014298 -0.27741915 0.24506480
v 0.39011228 -0.27720618 0.28876612
v 0.39060068 -0.27706584 0.32544863
v 0.39049467 -0.27743268 0.20624401
v 0.39207545 -0.27812502 0.16847180
v 0.37943721 -0.28535312 0.16334760
v 0.38765290 -0.28277293 0.13595034
v 0.37922308 -0.28814611 0.11491931
v 0.38565940 -0.28494200 0.11475370
v 0.39717928 -0.27657184 0.12514684
v 0.39588636 -0.27627745 0.14990537
v 0.38143367 -0.28979748 0.08802149
v 0.38804463 -0.28462210 0.10271335
v 0.39931479 -0.27706957 0.10073421
v 0.38704950 -0.28009599 0.35140270
v 0.39024368 -0.28670388 0.07738052
v 0.38413742 -0.29120210 0.06657100
v 0.38870549 -0.29006031 0.05865865
v 0.39773014 -0.28613514 0.04631072
v 0.38589215 -0.29331407 0.04776556
v 0.39343321 -0.28948465 0.04568335
v 0.40003636 -0.28028840 0.07332005
v 0.40629405 -0.27643985 0.07138295
v 0.40658131 -0.27930871 0.04374656
v 0.37712502 -0.28719434 0.14342949
v 0.38271096 -0.28642496 0.37154055
v 0.38827455 -0.29435453 0.03860704
v 0.39275509 -0.29421049 0.02962992
v 0.38841182 -0.29725546 0.02676780
v 0.40640706 -0.27063251 0.10667433
v 0.40609226 -0.26820147 0.13340406
v 0.39830607 -0.27090496 0.20421933
v 0.38650301 -0.28177598 0.36608824
v 0.39497948 -0.27285045 0.26108560
v 0.40150106 -0.26981950 0.16451590
v 0.41099992 -0.26898119 0.08232672
v 0.41203165 -0.26935616 0.07222241
v 0.40019777 -0.28837132 0.03079031
v 0.39311326 -0.27404749 0.30639187
v 0.39825478 -0.26932421 0.26920512
v 0.39054638 -0.27634272 0.35514417
v 0.37636006 -0.29315072 0.37937346
v 0.41058081 -0.27759960 0.03152105
v 0.41071317 -0.27381271 0.04969670
v 0.40276203 -0.26544249 0.22936620
v 0.40267283 -0.26717186 0.18517812
v 0.38631633 -0.28470278 0.38309610
v 0.38276729 -0.29001826 0.38457152
v 0.39759338 -0.26854184 0.31206882
v 0.40731868 -0.26194397 0.17062850
v 0.40978798 -0.26350895 0.13187733
v 0.40253657 -0.26342833 0.27713263
v 0.40633503 -0.26043624 0.22745410
v 0.39044541 -0.27673441 0.37502199
v 0.39803725 -0.26692432 0.32610726
v 0.40571597 -0.28701824 0.02115923
v 0.39932641 -0.29322666 0.02119827
v 0.41095313 -0.28165317 0.01933767
v 0.39361778 -0.29914808 0.01594491
v 0.40542009 -0.29559496 0.00387873
v 0.41570139 -0.26768452 0.03975465
v 0.41214684 -0.28879505 0.00278982
v 0.41475326 -0.27564800 0.01995374
v 0.38311565 -0.29270875 0.39629939
v 0.37784418 -0.29816034 0.39314622
v 0.37818843 -0.30252504 0.40279931
v 0.40509278 -0.29953504 0.00048095
v 0.37859666 -0.30618918 0.41064030
v 0.37161717 -0.31277972 0.40766254
v 0.37929189 -0.30911586 0.41784841
v 0.37463129 -0.31249589 0.41046968
v 0.40027615 -0.29991588 0.00440396
v 0.37284714 -0.30562350 0.39962733
v 0.39331320 -0.30420676 0.00526417
v 0.37286615 -0.30071267 0.39093527
v 0.39838785 -0.30377316 0.00187464
v 0.39120865 -0.30057037 0.01529900
v 0.40362442 -0.31188002 -0.00735005
v 0.39641231 -0.30717891 -0.00034817
v 0.40711504 -0.31687105 -0.01465556
v 0.40892416 -0.32153133 -0.02418342
v 0.37312132 -0.29645589 0.38315958
v 0.37335354 -0.29288322 0.37415451
v 0.37378797 -0.28921312 0.35786784
v 0.37376067 -0.28714043 0.34236768
v 0.37377676 -0.28609002 0.29398787
v 0.40584767 -0.32091352 -0.02188240
v 0.40529194 -0.32630020 -0.03222784
v 0.37348655 -0.28625166 0.32000846
v 0.39912888 -0.31303477 -0.00791552
v -0.38950837 -0.49959219 0.44812796
v -0.37426764 -0.49986297 0.44684204
v -0.36900192 -0.50020504 0.46488991
v -0.39273062 -0.49991614 0.46498397
v -0.38825846 -0.49928543 0.47079831
v -0.37295997 -0.49935511 0.47155562
v -0.36802307 -0.49910158 0.44888583
v -0.37598974 -0.49774539 0.44048163
v -0.36488166 -0.49782094 0.45105660
v -0.37653375 -0.49303278 0.43718132
v 0.36832127 -0.50027549 0.44421062
v 0.38699225 -0.49993384 0.43888336
v 0.37159750 -0.50014848 0.46394739
v 0.39512599 -0.50007278 0.45001429
v 0.38515544 -0.50021845 0.46838364
v 0.36434942 -0.50021142 0.45089552
v 0.37409896 -0.49998802 0.43789509
v 0.39377263 -0.49911067 0.46144521
v 0.39831781 -0.49858648 0.45123640
v 0.37571776 -0.49878928 0.43538764
v 0.36175421 -0.49862707 0.45305130
v 0.36796898 -0.49869743 0.44102141
v 0.38634461 -0.49880260 0.43697661
v 0.39244708 -0.49844772 0.44242558
v 0.39757502 -0.22904536 0.17099765
v 0.39373738 -0.22968797 0.17848575
v 0.39403206 -0.22837092 0.20425554
v 0.39426437 -0.23182882 0.15159853
v 0.39719087 -0.23065339 0.14992307
v 0.38256174 -0.23435253 0.20213644
v 0.38698444 -0.23047540 0.22672273
v 0.37923592 -0.23411982 0.23577428
v 0.38839334 -0.23338470 0.17103209
v 0.38590357 -0.23036940 0.24916731
v 0.39278477 -0.22736116 0.24236926
v 0.39574701 -0.23232144 0.12427809
v 0.37856466 -0.23409340 0.28727540
v 0.38580135 -0.23063497 0.28411764
v 0.38377655 -0.23131913 0.31447357
v 0.37811518 -0.23321001 0.33470768
v 0.38149849 -0.23187399 0.34073824
v 0.37965274 -0.23295219 0.36186421
v 0.39284205 -0.22791377 0.27537870
v 0.38954031 -0.22930840 0.30763143
v 0.38805908 -0.23010413 0.33929190
v 0.40117952 -0.23065664 0.12741828
v 0.40492219 -0.23169094 0.10511897
v 0.39760625 -0.23343252 0.10301069
v 0.40649936 -0.22973509 0.13325509
v 0.40611875 -0.23040527 0.12273458
v 0.40546870 -0.23434079 0.08747714
v 0.40689287 -0.22953758 0.14888977
v 0.40077233 -0.23668213 0.08175341
v 0.40588322 -0.23805769 0.06758229
v 0.39788797 -0.24149029 0.06327511
v 0.40402451 -0.24205802 0.05131162
v 0.39672041 -0.23735136 0.08589557
v 0.39571780 -0.24485514 0.05113381
v 0.39721781 -0.24540991 0.04128577
v 0.39498043 -0.24019812 0.07878625
v 0.38592821 -0.23664513 0.15843572
v 0.38742495 -0.23759270 0.13437562
v 0.39393148 -0.23628858 0.10057089
v 0.39348722 -0.24805772 0.04047925
v 0.39488855 -0.24939980 0.02676798
v 0.37416512 -0.23765536 0.23576024
v 0.37675041 -0.23790303 0.20680735
v 0.37382361 -0.23772857 0.29674053
v 0.38631848 -0.23995440 0.12475001
v 0.37466845 -0.23615798 0.33794734
v 0.39422959 -0.24479957 0.06172187
v 0.37928605 -0.24331397 0.15475754
v 0.38974515 -0.25505117 0.02266901
v 0.39402375 -0.25280988 0.01396340
v 0.39045912 -0.25707677 -0.00027214
v 0.39543077 -0.25325087 -0.00022652
v 0.39696130 -0.25083700 0.01658338
v 0.38718304 -0.24220978 0.10451046
v 0.38562256 -0.25698870 0.03537041
v 0.38703686 -0.25756559 0.01994845
v 0.38674539 -0.26021507 0.00687802
v 0.38664967 -0.26201588 -0.00096512
v 0.38758314 -0.25886053 -0.01180512
v 0.39134851 -0.25369218 -0.00839216
v 0.39588398 -0.25025621 -0.00684794
v 0.40519208 -0.24552806 0.03410415
v 0.40096051 -0.25019330 0.01632066
v 0.40429083 -0.25107074 0.00163162
v 0.40477005 -0.24991557 -0.00269645
v 0.39134315 -0.25000763 -0.01449639
v 0.38506946 -0.23247515 0.36360168
v 0.38708270 -0.23284641 0.38543385
v 0.40665767 -0.24993108 0.01678769
v 0.37944010 -0.23329914 0.38152340
v 0.37388575 -0.23628050 0.37971362
v 0.37043422 -0.23719621 0.39250374
v 0.37763709 -0.23302537 0.40126464
v 0.37749708 -0.23194233 0.40720651
v 0.39588553 -0.24667087 -0.01179770
v 0.39139247 -0.24145964 -0.02089667
v 0.38272655 -0.23276682 0.39356622
v 0.39571151 -0.24079038 -0.01761488
v 0.40485102 -0.24619454 -0.00916311
v 0.41003507 -0.24248806 0.04728973
v 0.41138539 -0.23873077 0.06516492
v 0.40169552 -0.22847307 0.18933980
v 0.40591779 -0.22871773 0.17408930
v 0.40976110 -0.24647793 0.03085266
v 0.39651030 -0.22808301 0.21590754
v 0.40918401 -0.23462729 0.08694307
v 0.40123406 -0.22875120 0.21210831
v 0.39571828 -0.22762661 0.25043434
v 0.39222565 -0.22936264 0.30546314
v 0.40932855 -0.23229557 0.10479908
v 0.39392439 -0.23082310 0.31733221
v 0.40061137 -0.22862016 0.24424827
v 0.38890845 -0.23066327 0.34307012
v 0.40719199 -0.23019426 0.21313104
v 0.39785334 -0.22881433 0.26993361
v 0.40900111 -0.25167090 0.00683648
v 0.40889707 -0.25164619 -0.00126667
v 0.40085921 -0.23075095 0.28474849
v 0.38871562 -0.23326349 0.36161771
v 0.40936893 -0.22988394 0.16880235
v 0.41414791 -0.25470173 0.00053269
v 0.39593330 -0.23391612 0.34015489
v 0.39523116 -0.23762403 -0.01968863
v -0.39769351 -0.11890259 0.11943059
v -0.40111434 -0.11668456 0.11712275
v -0.39813560 -0.11840259 0.16629575
v -0.40312421 -0.11556145 0.08542333
v -0.39772704 -0.11917260 0.08374416
v -0.40181491 -0.11613329 0.15480176
v -0.40186459 -0.11486100 0.04667136
v -0.40072283 -0.11631447 0.16915271
v -0.39510325 -0.12092932 0.05748123
v -0.39814398 -0.11827414 0.01712344
v -0.39444521 -0.12183128 0.12374493
v -0.39425737 -0.12250118 0.08086594
v -0.39500535 -0.12144772 0.16217411
v -0.40019146 -0.11774679 0.17979649
v -0.39618510 -0.12193819 0.18026863
v -0.39369798 -0.12348774 0.01893975
v -0.39041501 -0.12785269 0.07757331
v -0.39062372 -0.12740387 0.12394205
v -0.39143184 -0.12730965 0.02854834
v -0.39226857 -0.12626530 0.16503173
v -0.39252970 -0.12933244 0.18149124
v -0.38930896 -0.13146269 0.14917557
v -0.38986576 -0.13205473 0.16545410
v -0.40279892 -0.11586708 0.11294727
v -0.39873040 -0.12497463 0.18829717
v -0.40365013 -0.11601528 0.17779024
v -0.40333956 -0.11647575 0.14218564
v -0.40648484 -0.11741102 0.18348002
v -0.40447477 -0.12289590 0.19113068
v -0.40368053 -0.11537645 0.07107092
v -0.40727830 -0.11664510 0.18106292
v -0.40270135 -0.12631038 0.19172025
v -0.41043350 -0.11698958 0.16888547
v -0.41685987 -0.11775409 0.11104013
v -0.41826454 -0.11651751 0.07009517
v -0.42083466 -0.11933504 0.13947344
v -0.41307855 -0.11447015 0.04323399
v -0.41283178 -0.11292607 0.02829861
v -0.42189065 -0.11184232 0.02573439
v -0.40414277 -0.11329478 0.03536990
v -0.42029324 -0.11977696 0.15317143
v -0.41782308 -0.11906782 0.16807133
v -0.41522363 -0.11891451 0.17971335
v 0.34464031 -0.37736472 0.44750169
v 0.34684807 -0.38502637 0.43844530
v 0.34865788 -0.40284559 0.44594771
v 0.34360075 -0.36506087 0.43557701
v 0.34143257 -0.35433719 0.44007015
v 0.33743331 -0.33215609 0.43596709
v 0.33573669 -0.32466793 0.43900508
v 0.35105336 -0.40547433 0.43551707
v 0.35577190 -0.43501303 0.43736148
v 0.35240772 -0.43414253 0.45149013
v 0.35587674 -0.43761000 0.43872407
v 0.34951273 -0.41442698 0.45136866
v 0.34665281 -0.37900296 0.43492475
v 0.35545000 -0.44539601 0.44456977
v 0.35886127 -0.45418644 0.43886217
v 0.36159015 -0.48807767 0.44672784
v 0.35928664 -0.49183804 0.45496985
v 0.34650093 -0.38803715 0.45084503
v 0.34009647 -0.34299418 0.44670245
v 0.34334463 -0.34467334 0.42863995
v 0.34016454 -0.32148024 0.42512789
v 0.33182299 -0.30992115 0.43522096
v 0.33370227 -0.31202874 0.43200028
v 0.34070396 -0.31571698 0.42098078
v 0.32743046 -0.29808199 0.43172529
v 0.36361095 -0.48547271 0.44092447
v 0.36119226 -0.46891722 0.44039160
v 0.33621895 -0.30450147 0.42066881
v 0.34346831 -0.32745472 0.42293766
v 0.34847695 -0.33826604 0.42034334
v 0.34964567 -0.37186426 0.42836034
v 0.35499808 -0.42409301 0.43514508
v 0.34949023 -0.36052376 0.42499688
v 0.33081734 -0.29352155 0.41864344
v 0.35312217 -0.38880062 0.42896327
v 0.36532009 -0.47606492 0.43777537
v 0.36779913 -0.48842072 0.43759480
v 0.34816125 -0.32064068 0.41594958
v 0.34053099 -0.30580747 0.41648528
v 0.33678234 -0.28669810 0.40937874
v 0.35273418 -0.37227559 0.42534754
v 0.35220787 -0.30548719 0.40686119
v 0.35202512 -0.35515764 0.42144358
v 0.35707310 -0.40699828 0.42962345
v 0.36468342 -0.45112801 0.43368819
v 0.36320111 -0.43328252 0.43117216
v 0.34489655 -0.29132622 0.40575528
v 0.36129326 -0.41513929 0.42851722
v 0.35224685 -0.34017271 0.41825423
v 0.35885602 -0.38649383 0.42466810
v 0.37292823 -0.47452399 0.43245137
v 0.37389401 -0.48719636 0.43339372
v 0.35690171 -0.29204750 0.39821100
v 0.36184317 -0.29784745 0.39718232
v 0.36146361 -0.29059708 0.39389545
v 0.35968935 -0.27696130 0.39257303
v 0.37112993 -0.44495028 0.42941356
v 0.35739872 -0.32406810 0.41194984
v 0.35436323 -0.31781507 0.41124776
v 0.35397857 -0.30962059 0.40783840
v 0.36372209 -0.30548275 0.40050760
v 0.36783415 -0.29730165 0.39033177
v 0.36594829 -0.29302475 0.38785174
v 0.36072817 -0.37307313 0.42154500
v 0.36211115 -0.31410205 0.40603676
v 0.36643451 -0.40421259 0.42448115
v 0.36585575 -0.37916160 0.42067230
v 0.36279339 -0.35478294 0.41714102
v 0.36244890 -0.33790070 0.41383615
v 0.36481059 -0.32182476 0.40871820
v 0.36543670 -0.35602078 0.41718453
v 0.36611202 -0.31104815 0.40302369
v 0.36977935 -0.30330348 0.39527118
v 0.37258556 -0.44153991 0.42856681
v 0.37255928 -0.42519954 0.42649174
v 0.36898664 -0.40854210 0.42444131
v 0.36813939 -0.38429609 0.42173085
v 0.36467454 -0.33573949 0.41320392
v 0.37559700 -0.49507976 0.43477142
v 0.33229133 -0.30611137 0.44248825
v 0.40375945 -0.16833569 0.05295096
v 0.41387042 -0.16236295 0.07009735
v 0.40443388 -0.16432029 0.07985894
v 0.41450906 -0.16504221 0.04944982
v 0.41590270 -0.15978518 0.08645266
v 0.41490620 -0.16731140 0.03785268
v 0.40085879 -0.17243154 0.03544718
v 0.40505272 -0.17258500 0.02225010
v 0.40852571 -0.17245494 0.01776565
v 0.41782126 -0.16900414 0.02102743
v 0.40890318 -0.15995681 0.11773682
v 0.41916016 -0.15630181 0.10933777
v 0.41484129 -0.15640913 0.13052259
v 0.40500247 -0.16009405 0.12496407
v 0.40597528 -0.15692705 0.14626752
v 0.41465163 -0.15244631 0.15588593
v 0.40739071 -0.15221646 0.16755998
v 0.42072064 -0.15082498 0.14924145
v 0.42039669 -0.14784643 0.16726099
v 0.40032968 -0.17628759 0.01689329
v 0.41552371 -0.14662871 0.17760831
v 0.42011726 -0.15754606 0.08293352
v 0.40750936 -0.14914918 0.17790294
v 0.40073413 -0.17828314 0.01037198
v 0.41103941 -0.17949478 0.00184925
v 0.40249869 -0.18141267 0.00281778
v 0.40946621 -0.14074349 0.18833160
v 0.40495488 -0.15302020 0.16244602
v 0.42013958 -0.13970910 0.18302247
v 0.40512002 -0.18571590 -0.00039148
v 0.41403994 -0.18631254 -0.00804591
v 0.41387400 -0.19219434 -0.01503229
v 0.40936354 -0.19818613 -0.01572080
v 0.40481889 -0.19616370 -0.00991766
v 0.41535342 -0.13561730 0.18905719
v 0.39675710 -0.17932937 0.00224289
v 0.40086579 -0.20728905 -0.01511190
v 0.40147164 -0.18928704 -0.00361228
v 0.40059796 -0.19731551 -0.00938140
v -0.37131473 -0.29027143 0.32405394
v -0.37019891 -0.29116866 0.34739655
v -0.37278229 -0.29102838 0.32955101
v -0.37302694 -0.29376277 0.38129270
v -0.36403933 -0.29013494 0.37525046
v -0.36614141 -0.29312247 0.39214528
v -0.37302426 -0.29487669 0.39142078
v -0.36219457 -0.29134402 0.39246976
v -0.36539316 -0.28918752 0.35530597
v -0.37230870 -0.29107997 0.31272265
v -0.37349385 -0.29755315 0.40030882
v -0.36329791 -0.28607303 0.34530729
v -0.36712638 -0.28723398 0.32793626
v -0.36691689 -0.28623053 0.31368673
v -0.35988265 -0.28686696 0.37681076
v -0.36704490 -0.28629193 0.29579836
v -0.37250528 -0.29091778 0.27414477
v -0.36766860 -0.28625321 0.26619598
v -0.36759380 -0.28660223 0.24499412
v -0.35671645 -0.28495139 0.39019099
v -0.36352658 -0.28328112 0.32955623
v -0.37147555 -0.29109022 0.24066882
v -0.37274590 -0.29162073 0.24363317
v -0.37240165 -0.29095820 0.19729020
v -0.37053135 -0.28849742 0.19470407
v -0.36035720 -0.28434291 0.35750052
v -0.36338463 -0.29629260 0.40176570
v -0.35817844 -0.28839272 0.39396083
v -0.37288973 -0.29151508 0.17020001
v -0.35263416 -0.27916077 0.38908604
v -0.35474986 -0.29043052 0.40036732
v -0.34329984 -0.28446352 0.40357372
v -0.36389911 -0.30014458 0.40601188
v -0.37289098 -0.30219209 0.40680704
v -0.35073549 -0.29510644 0.40698099
v -0.37269047 -0.30635384 0.40999711
v 0.37422386 -0.36208281 -0.08987256
v 0.37366137 -0.37181249 -0.09746927
v 0.37700662 -0.37551045 -0.08657630
v 0.37402716 -0.37820375 -0.09959407
v 0.37076220 -0.35858127 -0.10019516
v 0.36776206 -0.33876580 -0.09938787
v 0.36772531 -0.34079069 -0.10123421
v 0.36585775 -0.33205420 -0.10562599
v 0.37778300 -0.39513555 -0.08638035
v 0.37588650 -0.39504856 -0.09625499
v 0.37472710 -0.35846880 -0.08763807
v 0.37061733 -0.33452186 -0.09045494
v 0.36292323 -0.31847912 -0.10063095
v 0.36635199 -0.31166071 -0.08946474
v 0.37790591 -0.41760164 -0.08620869
v 0.36120123 -0.31088912 -0.09984539
v 0.36049566 -0.29159746 -0.08939597
v 0.35757634 -0.30070806 -0.10123834
v 0.36080837 -0.31313840 -0.11144680
v 0.37756035 -0.41748247 -0.09247500
v 0.37888321 -0.43594474 -0.08845226
v 0.35586289 -0.30028954 -0.11169177
v 0.38051915 -0.42023578 -0.08075370
v 0.38037303 -0.43712592 -0.08059020
v 0.37901565 -0.44280136 -0.08513989
v 0.38150996 -0.45352995 -0.07988352
v 0.38141349 -0.45634028 -0.08322154
v 0.38233900 -0.46196172 -0.08056284
v 0.38508490 -0.46575081 -0.07388225
v 0.38572830 -0.47655946 -0.07740254
v 0.37115064 -0.35542056 -0.10347428
v 0.37686825 -0.40606624 -0.09590504
v 0.38540718 -0.47458097 -0.07480296
v 0.38724232 -0.48533183 -0.07372469
v 0.38804978 -0.48246455 -0.06943743
v 0.39059147 -0.49432713 -0.06857098
v 0.39144742 -0.49876913 -0.07222876
v 0.35464105 -0.29397154 -0.10153225
v 0.36608014 -0.33190623 -0.10813525
v 0.35121244 -0.29207477 -0.11265767
v 0.35155207 -0.28771776 -0.10033975
v 0.37671116 -0.38853157 -0.10050175
v 0.39426056 -0.49917507 -0.06647953
v 0.38026062 -0.39382017 -0.08233487
v 0.38986036 -0.48443085 -0.06716691
v 0.37239042 -0.33179766 -0.08745542
v 0.38476795 -0.44707525 -0.07512122
v 0.35525507 -0.28360665 -0.09120238
v 0.37938389 -0.43106139 -0.09145156
v 0.35685813 -0.29986036 -0.11438471
v 0.38128886 -0.44567728 -0.08831574
v 0.36974737 -0.31612363 -0.08663453
v 0.37182689 -0.30653805 -0.08185816
v 0.37972674 -0.36974040 -0.08299556
v 0.38801399 -0.46997267 -0.06993876
v 0.36901084 -0.29290992 -0.07921486
v 0.36417058 -0.28508908 -0.08218732
v 0.38539612 -0.43386191 -0.07483524
v 0.37680373 -0.33361563 -0.08362755
v 0.38891760 -0.45607719 -0.07070465
v 0.35780087 -0.27786598 -0.08592032
v 0.39603049 -0.49715048 -0.06392296
v 0.38344318 -0.39688733 -0.07921328
v 0.38230622 -0.41524646 -0.07940903
v 0.35230258 -0.27853405 -0.08985503
v 0.36798882 -0.28243935 -0.07835643
v 0.39999855 -0.49908951 -0.06116023
v 0.38324103 -0.31821439 -0.07558980
v 0.38283879 -0.30897331 -0.07257235
v 0.38001141 -0.29773742 -0.07184605
v 0.36214775 -0.27509186 -0.08160398
v 0.36355144 -0.27200863 -0.08022923
v 0.38726261 -0.32269925 -0.07386686
v 0.38234842 -0.33600262 -0.07965337
v 0.38440803 -0.36659575 -0.07939439
v 0.38399118 -0.34637666 -0.07934020
v 0.38884768 -0.44483200 -0.07233562
v 0.37608609 -0.29265165 -0.07429947
v 0.39191195 -0.33960274 -0.07370169
v 0.39134574 -0.33319789 -0.07231104
v 0.39044395 -0.40823320 -0.07459967
v 0.39190516 -0.38230497 -0.07422040
v 0.39554203 -0.38976488 -0.07077760
v 0.39250189 -0.35416362 -0.07492112
v 0.39539596 -0.36158985 -0.07202788
v 0.39487058 -0.35217461 -0.07172049
v 0.39553213 -0.41122717 -0.07091909
v 0.40016416 -0.41497687 -0.06549387
v 0.39985299 -0.43035400 -0.06545652
v 0.39422977 -0.43786591 -0.06991263
v 0.40003553 -0.44841635 -0.06536978
v 0.39262256 -0.47019941 -0.06673560
v 0.39950201 -0.45796245 -0.06502866
v 0.39593846 -0.48501009 -0.06343642
v 0.37050259 -0.27581316 -0.07661152
v 0.40285054 -0.49191475 -0.06095137
v 0.40062857 -0.48868591 -0.06216816
v 0.40257215 -0.48463029 -0.06079051
v 0.40154213 -0.47665539 -0.06270601
v 0.34614637 -0.28255334 -0.09878659
v 0.34402215 -0.28266037 -0.11115064
v 0.36787757 -0.33353478 -0.11052679
v 0.38039726 -0.42281622 -0.09508383
v 0.40170535 -0.12816550 0.19124831
v 0.40017480 -0.12319714 0.18918319
v 0.39807624 -0.12758414 0.18910906
v 0.39963776 -0.13507940 0.18868655
v 0.40649214 -0.14006725 0.18846287
v 0.39217114 -0.13041702 0.18127459
v 0.39420581 -0.13817278 0.18034488
v 0.39892355 -0.14485793 0.17866850
v 0.40640497 -0.14531441 0.18251805
v 0.39501584 -0.14596580 0.16688217
v 0.39436999 -0.12576839 0.18435968
v 0.39970994 -0.14917268 0.16693658
v 0.40077680 -0.15521331 0.14359663
v 0.39443895 -0.14881264 0.15245113
v 0.39436999 -0.15245819 0.13070711
v 0.39493933 -0.15716974 0.10435957
v 0.39987963 -0.15703171 0.12851050
v 0.39899671 -0.16165040 0.08572032
v 0.39530391 -0.16018246 0.07978052
v 0.40173274 -0.16604063 0.06137501
v 0.39483300 -0.16266143 0.05597405
v 0.40069443 -0.16923888 0.04552000
v 0.39085147 -0.16096658 0.04606728
v 0.39606315 -0.16862732 0.03719286
v 0.39663768 -0.17384073 0.01805573
v 0.39491346 -0.22423528 -0.02040532
v 0.39186642 -0.21628904 -0.02127839
v 0.39186203 -0.20669056 -0.01895686
v 0.39081079 -0.22930612 -0.02333497
v 0.39640346 -0.19706574 -0.01062554
v 0.39179763 -0.19785923 -0.01626252
v 0.39167380 -0.18676209 -0.01235609
v 0.39624920 -0.18976565 -0.00690930
v 0.38854241 -0.21263966 -0.02613882
v 0.38737267 -0.19827662 -0.02677758
v 0.38803506 -0.22481658 -0.02851771
v 0.38752392 -0.18471667 -0.02200527
v 0.38708222 -0.24031556 -0.02782391
v 0.39159593 -0.17859347 -0.00604678
v 0.39573634 -0.18220299 -0.00177902
v 0.38747546 -0.17225395 -0.01234259
v 0.38731727 -0.24702685 -0.02465714
v 0.38968098 -0.16924115 0.00236628
v 0.38749975 -0.16566314 0.00091553
v 0.38777184 -0.16370440 0.00386441
v 0.39074254 -0.16751887 0.01538376
v 0.39081529 -0.16382667 0.03507020
v 0.40004936 -0.18215115 0.00169876
v 0.39614466 -0.31332982 -0.01173799
v 0.39313498 -0.30662349 -0.00067006
v 0.40001935 -0.31674290 -0.01423695
v 0.39944744 -0.32001123 -0.02407409
v 0.39228296 -0.30797458 -0.00612180
v 0.39563027 -0.31822187 -0.02937825
v 0.38855174 -0.30253261 -0.00271504
v 0.38832429 -0.30096743 0.00176194
v 0.39927429 -0.32252249 -0.03000291
v 0.39493102 -0.32043400 -0.03414024
v 0.39025205 -0.30197158 0.00786384
v 0.38682607 -0.29769868 0.01956627
v 0.38387597 -0.29448792 0.02409960
v 0.39298818 -0.31074730 -0.01718397
v 0.39154932 -0.31051576 -0.02803227
v 0.38791803 -0.30100539 -0.00632663
v 0.38382906 -0.29417634 0.01062515
v 0.39164796 -0.31399125 -0.03524096
v 0.38049957 -0.28870633 0.03797987
v 0.38484395 -0.29431257 0.03631899
v 0.38156202 -0.29095459 0.04732630
v 0.37983549 -0.29032275 0.06024915
v 0.38945964 -0.30428106 -0.02387723
v 0.38409817 -0.29170775 -0.00013880
v 0.38719210 -0.30128366 -0.03796992
v 0.38579872 -0.29322293 -0.01400759
v 0.38601401 -0.29318342 -0.02932515
v 0.38452742 -0.29414037 -0.04515111
v 0.37923700 -0.28481570 0.03892935
v 0.38112441 -0.28527218 0.01332544
v 0.38313976 -0.28032643 -0.01410139
v 0.38191035 -0.28080726 0.00025149
v 0.38353336 -0.28021556 -0.02861715
v 0.38353962 -0.28189179 -0.03442834
v 0.38543862 -0.30441970 -0.05341946
v 0.39142287 -0.31958514 -0.04247068
v 0.39064103 -0.32322788 -0.05412062
v 0.38526148 -0.30676439 -0.05985814
v 0.39412752 -0.33102575 -0.04436334
v 0.38811284 -0.31938097 -0.06217410
v 0.38328949 -0.30450967 -0.06886155
v 0.38695484 -0.31804445 -0.06923321
v 0.39029092 -0.32943967 -0.06416523
v 0.39387962 -0.33988184 -0.05493919
v 0.39162236 -0.33281061 -0.05700356
v 0.39433178 -0.34418488 -0.06853744
v 0.39787686 -0.35898733 -0.06192672
v 0.39753225 -0.35915053 -0.06588180
v 0.39642179 -0.35451379 -0.05236847
v 0.38275468 -0.29457200 -0.06521962
v 0.39483088 -0.34218785 -0.05007306
v 0.39713281 -0.35986790 -0.04802547
v 0.39915043 -0.37106231 -0.06392754
v 0.38301751 -0.28302613 -0.04925205
v 0.37921903 -0.28035566 0.03247163
v 0.37836429 -0.27888229 0.04375906
v 0.39681897 -0.34776762 -0.04345931
v 0.39897692 -0.38599619 -0.04635454
v 0.39922798 -0.38951266 -0.05219208
v 0.39995024 -0.38921836 -0.06138517
v 0.39994630 -0.39809835 -0.04180389
v 0.40128121 -0.43716729 -0.04738183
v 0.40092558 -0.43733221 -0.05462686
v 0.40266618 -0.47303241 -0.05505138
v 0.40172288 -0.45851979 -0.06201425
v 0.40100938 -0.41572604 -0.06195527
v 0.37513044 -0.28142738 0.07596581
v 0.37571764 -0.28469583 0.07339785
v 0.37426609 -0.28473616 0.09036810
v 0.37206519 -0.28012249 0.10877243
v 0.38269240 -0.28543058 -0.06186505
v 0.37301838 -0.28417113 0.11040490
v 0.40206879 -0.46818036 -0.06163518
v 0.38396746 -0.25659135 -0.04346759
v 0.38311183 -0.25164676 -0.06437770
v 0.38370106 -0.23702496 -0.05159318
v 0.38208017 -0.28297618 -0.06746667
v 0.38414973 -0.23247890 -0.06346900
v 0.38473356 -0.20755012 -0.05106366
v 0.38421631 -0.27096769 -0.03083566
v 0.38714740 -0.20058461 -0.07047573
v 0.38543370 -0.19091441 -0.05091343
v 0.38556710 -0.19320787 -0.03751832
v 0.38558680 -0.17775372 -0.03690282
v 0.38609019 -0.16036333 -0.03043796
v 0.38597479 -0.15552743 -0.01540434
v 0.38575733 -0.16751760 -0.02470104
v 0.38616869 -0.18512666 -0.02948385
v 0.38622147 -0.14733168 -0.00788258
v 0.38617608 -0.14935964 0.00199152
v 0.38607502 -0.13931069 0.00085753
v 0.38557240 -0.13869828 0.01664845
v 0.38687432 -0.15150294 0.02318806
v 0.38541597 -0.13863795 0.04096270
v 0.38672411 -0.16477251 -0.00822377
v 0.38713899 -0.14147300 -0.01358223
v 0.38705739 -0.15170999 -0.03365494
v 0.38584185 -0.22579651 -0.07827337
v 0.38766086 -0.16958900 -0.05213006
v 0.38514403 -0.21792643 -0.04045660
v 0.38478279 -0.24268217 -0.03787770
v 0.38713410 -0.15056418 0.03972258
v 0.38806286 -0.21043204 -0.08329692
v 0.38949192 -0.19165297 -0.08203125
v 0.38788086 -0.21131107 -0.09490519
v 0.38943675 -0.19143422 -0.09453793
v 0.38294485 -0.24838887 -0.07017787
v 0.38178769 -0.26424241 -0.07426053
v 0.38384899 -0.23979411 -0.07705887
v 0.38707051 -0.22018628 -0.08784033
v 0.38876250 -0.15044805 0.06304859
v 0.38978881 -0.17430045 -0.06762095
v 0.39127901 -0.17662965 -0.08012301
v 0.38573554 -0.25502920 -0.02735309
v 0.38528714 -0.26544163 -0.02294486
v 0.38640237 -0.13820748 0.06390370
v 0.38707122 -0.13829353 0.07813928
v 0.38541535 -0.22958270 -0.08282687
v 0.40387803 -0.46818146 -0.04387611
v 0.40144563 -0.42914671 -0.04304283
v 0.38868293 -0.15758570 0.03915716
v 0.38836908 -0.15915197 0.02304126
v 0.39119884 -0.17974815 -0.09603027
v 0.38160691 -0.25517115 -0.07801728
v 0.38725945 -0.20687279 -0.10258776
v 0.38743624 -0.19653946 -0.10770643
v 0.39930427 -0.38881910 -0.06504554
v 0.40405691 -0.46090439 -0.04166993
v 0.39079830 -0.15232055 0.08253627
v 0.38804978 -0.13794287 0.10665897
v 0.38896281 -0.13443655 0.12793688
v 0.40553039 -0.49041000 -0.04848828
v 0.38930061 -0.18347576 -0.11185297
v 0.39161548 -0.14984474 0.11039797
v 0.39276394 -0.14805561 0.13879977
v 0.39178836 -0.14365740 0.14779642
v 0.38960972 -0.13395603 0.13923876
v 0.38995782 -0.13082533 0.16387978
v 0.38969854 -0.13151725 0.13151067
v 0.39286596 -0.14269873 0.16316597
v 0.39278004 -0.13492617 0.17907099
v 0.40334135 -0.49877408 -0.05527759
v 0.38602006 -0.22016698 -0.09693960
v 0.39503911 -0.16015689 -0.08944015
v 0.39525497 -0.15695131 -0.07945806
v 0.39400631 -0.16538362 -0.10405962
v 0.38153037 -0.29292995 -0.06931530
v 0.38774198 -0.25531322 -0.01758597
v 0.39299947 -0.16388871 -0.11726804
v 0.38200805 -0.24572416 -0.08190254
v 0.39289117 -0.15558007 -0.06303678
v 0.39049116 -0.12753411 0.08078804
v 0.38952565 -0.15401675 -0.04786830
v 0.39992702 -0.14196287 -0.09969810
v 0.39941415 -0.14186215 -0.10888508
v 0.39083838 -0.15694632 0.06208894
v 0.39913425 -0.13663527 -0.12159646
v 0.40388459 -0.12506589 -0.10976257
v 0.40329400 -0.13049467 -0.09689639
v 0.39906910 -0.14386114 -0.07862259
v 0.40342030 -0.12010394 -0.12152565
v 0.39579952 -0.33060431 -0.03879325
v 0.39141923 -0.12723093 0.16708130
v 0.39232987 -0.12721390 0.18052581
v 0.40667048 -0.49888137 -0.04544087
v 0.40800452 -0.48843524 -0.04119174
v 0.37994495 -0.27461281 -0.07338662
v 0.38259727 -0.23600638 -0.08773819
v 0.39615378 -0.14518219 -0.05987952
v 0.39936364 -0.36705196 -0.03942880
v 0.39916185 -0.34792575 -0.03756933
v 0.39047235 -0.12806298 0.04351378
v 0.40138090 -0.39818496 -0.03844926
v 0.40399307 -0.43443346 -0.03801816
v 0.39180794 -0.12639816 0.13099755
v 0.39235851 -0.15555711 0.08241726
v 0.40162474 -0.13490754 -0.06905155
v 0.39875749 -0.13939367 -0.05930215
v 0.38810149 -0.13423827 0.01446156
v 0.39106166 -0.12778905 0.01652328
v 0.39390710 -0.12383182 0.00046133
v 0.39128685 -0.13788927 -0.02541367
v 0.39437383 -0.12289343 0.17889401
v 0.39456961 -0.12749282 -0.01634445
v 0.40874577 -0.49556699 -0.04121346
v 0.39479294 -0.12012319 0.04438167
v 0.39492372 -0.12075595 0.01787285
v 0.39458042 -0.12153739 0.16502738
v 0.39365801 -0.12283216 0.11714415
v 0.40647218 -0.46797061 -0.04001340
v 0.39773306 -0.33008555 -0.03588416
v 0.41037077 -0.49896923 -0.04083057
v 0.40318841 -0.40105313 -0.03662727
v 0.39871177 -0.32479253 -0.03328111
v -0.34716624 -0.39181370 0.44348186
v -0.34598941 -0.38503522 0.44825318
v -0.35074216 -0.42377603 0.44747046
v -0.34354994 -0.36969316 0.44157600
v -0.34071884 -0.35512900 0.43619600
v -0.33822665 -0.33903411 0.44190690
v -0.33695269 -0.33386233 0.43572542
v -0.35100213 -0.42427644 0.44955364
v -0.33470434 -0.32239494 0.44010115
v -0.35445186 -0.45815042 0.45195976
v -0.34690002 -0.38378230 0.43676549
v -0.35041645 -0.40552199 0.43760127
v -0.35506907 -0.45785534 0.44786596
v -0.35642272 -0.47387829 0.45207542
v -0.35793856 -0.48336467 0.45944777
v -0.35948154 -0.49142557 0.45854774
v -0.35933515 -0.48591244 0.45013162
v -0.35483915 -0.43461028 0.43909156
v -0.35467622 -0.44304249 0.44304681
v -0.36174634 -0.49362925 0.45108765
v -0.35881522 -0.46778393 0.44260722
v -0.34064910 -0.33769166 0.42944357
v -0.33683079 -0.32428089 0.43103781
v -0.33148783 -0.31193990 0.43573251
v -0.33306751 -0.31058189 0.43081310
v -0.32949051 -0.30344957 0.44395754
v -0.35836157 -0.44961628 0.43815330
v -0.34343970 -0.34718782 0.42793614
v -0.36344242 -0.48408172 0.44160831
v -0.32702398 -0.30124944 0.43525252
v -0.32703671 -0.29936013 0.43221825
v -0.36365962 -0.49271646 0.44666147
v -0.34966519 -0.37847558 0.43003815
v -0.34128338 -0.32336324 0.42384690
v -0.33559337 -0.30665615 0.42378220
v -0.35406187 -0.41848302 0.43563944
v -0.33352208 -0.29757527 0.42059025
v -0.35526583 -0.39801067 0.42930058
v -0.35736319 -0.43033382 0.43474334
v -0.34831202 -0.35794523 0.42521080
v -0.36783299 -0.49201038 0.44117829
v -0.36362422 -0.46317500 0.43632090
v -0.33928254 -0.30688515 0.42000636
v -0.32749450 -0.28968158 0.42095011
v -0.35354567 -0.37541610 0.42539555
v -0.34894729 -0.33998820 0.42128128
v -0.36216608 -0.44296402 0.43329194
v -0.36934114 -0.48823440 0.43804830
v -0.36132079 -0.41664553 0.42870057
v -0.34876800 -0.32511228 0.41828141
v -0.34238809 -0.29602706 0.41211507
v -0.34589416 -0.30486473 0.41434801
v -0.35354066 -0.36095193 0.42210442
v -0.34760788 -0.27967319 0.39557752
v -0.34412125 -0.27667311 0.39699689
v -0.34024411 -0.26153839 0.39399326
v -0.35086951 -0.27014381 0.38689038
v -0.34430274 -0.25821155 0.38886940
v -0.35313940 -0.26172292 0.38126141
v -0.35667339 -0.38096660 0.42461887
v -0.36145771 -0.39430404 0.42479941
v -0.36550638 -0.45162910 0.43297645
v -0.35354856 -0.33574256 0.41810495
v -0.35113186 -0.31110996 0.41364229
v -0.35063106 -0.30061689 0.41013160
v -0.36499262 -0.42628250 0.42890501
v -0.36964816 -0.45962900 0.43276864
v -0.36158523 -0.37483305 0.42150950
v -0.36051542 -0.35193539 0.41831040
v -0.35697645 -0.47095892 0.45981005
v -0.36471036 -0.39995384 0.42482665
v -0.37669879 -0.48669520 0.43520200
v -0.37004581 -0.43878073 0.42949143
v -0.36069769 -0.33723679 0.41650039
v -0.36203289 -0.30753106 0.40973651
v -0.36179641 -0.32145622 0.41341123
v -0.36745137 -0.38379627 0.42189735
v -0.36927962 -0.40584841 0.42492461
v -0.37318894 -0.42881832 0.42776495
v -0.37452325 -0.45812434 0.43170348
v -0.34771639 -0.39342687 0.45030472
v -0.36693326 -0.36693501 0.42021516
v -0.36459938 -0.33886743 0.41709217
v -0.37254590 -0.31307471 0.41303927
v -0.37282580 -0.32340804 0.41607422
v -0.36966848 -0.33460671 0.41758490
v -0.40740699 -0.11184271 0.01082183
v -0.40259403 -0.11555235 0.00471914
v -0.40835643 -0.11134984 0.00483263
v -0.40632924 -0.11445682 -0.00854149
v -0.39747450 -0.12051765 0.00220482
v -0.41166469 -0.10891692 -0.00827740
v -0.40165153 -0.12059803 -0.01453772
v -0.41063884 -0.11210155 -0.01430913
v -0.39633331 -0.12465143 -0.00861673
v -0.41215515 -0.10890983 -0.00304421
v -0.41599649 -0.10517286 -0.00890178
v -0.39285243 -0.12737198 0.00221564
v -0.39891225 -0.12634987 -0.01958215
v -0.41122431 -0.11694674 -0.02514712
v -0.40279222 -0.13083090 -0.03688493
v -0.41056794 -0.12142643 -0.03484118
v -0.41777036 -0.11176976 -0.03087211
v -0.40952986 -0.12585448 -0.04756973
v -0.41888094 -0.11622982 -0.05418867
v -0.41992223 -0.11214890 -0.03649298
v -0.39668599 -0.13873410 -0.03760427
v -0.39903128 -0.14040555 -0.04849961
v -0.39013952 -0.13760151 -0.01766399
v -0.39944771 -0.14180154 -0.05976966
v -0.41390607 -0.11117129 -0.02192145
v -0.41363654 -0.12178275 -0.05674905
v -0.40771064 -0.12887315 -0.05885375
v -0.42110625 -0.11289197 -0.05563673
v -0.41616085 -0.10374129 -0.01892317
v -0.38621396 -0.14061958 -0.00261960
v -0.39036340 -0.14448090 -0.02858566
v -0.39398661 -0.15093017 -0.04935989
v -0.42101762 -0.10754947 -0.03295901
v -0.41893107 -0.10091383 -0.01619882
v -0.41667619 -0.10557293 -0.02301791
v -0.38549513 -0.14079678 0.01096197
v -0.41880143 -0.11549610 -0.06599934
v -0.38994128 -0.16084553 -0.04999317
v -0.38589892 -0.14845519 -0.01812231
v -0.42175129 -0.11010284 -0.07429332
v -0.42278883 -0.10670938 -0.04025489
v -0.42186564 -0.10860142 -0.04743431
v -0.41298085 -0.12119260 -0.06861150
v -0.40607843 -0.12956885 -0.07582419
v -0.41880694 -0.10222889 -0.02577620
v -0.41964927 -0.09824336 -0.01997141
v -0.38734075 -0.17025611 -0.05265843
v -0.38746938 -0.13632259 0.04328957
v -0.38202029 -0.16183412 -0.02063034
v -0.38269490 -0.15429446 -0.00931064
v -0.42270836 -0.10866456 -0.06122030
v -0.38336760 -0.14795974 0.00337258
v -0.38326561 -0.14744557 0.03701935
v -0.38483968 -0.14359024 0.05775322
v -0.38819525 -0.13413917 0.07397336
v -0.38758194 -0.13529332 0.13224049
v -0.40907803 -0.12476847 -0.07644041
v -0.41395721 -0.11766496 -0.07858882
v -0.41790342 -0.11390845 -0.07778817
v -0.38553607 -0.14253877 0.07862335
v -0.38611960 -0.14072368 0.10125717
v -0.37959895 -0.16425531 -0.00470179
v -0.38173696 -0.17354535 -0.03257669
v -0.38243267 -0.15093857 0.02666492
v -0.38052887 -0.15879005 0.00797817
v -0.37931401 -0.16989470 -0.01378361
v -0.42313007 -0.10001724 -0.03505994
v -0.42408895 -0.10126161 -0.07052920
v -0.38200870 -0.18717146 -0.04547451
v -0.38539094 -0.18533590 -0.05780278
v -0.42376897 -0.10105680 -0.07605036
v -0.41951802 -0.09870418 -0.02459801
v -0.41949651 -0.09875768 -0.02738941
v -0.37951156 -0.18678515 -0.03143775
v -0.37932780 -0.17725007 -0.02032529
v -0.42222634 -0.10511079 -0.04991547
v -0.40999061 -0.11814551 -0.08484033
v -0.42142251 -0.10213801 -0.00915824
v -0.41977295 -0.10924158 0.00687751
v -0.39140204 -0.23192179 -0.02494252
v -0.39310670 -0.24857569 -0.03053902
v -0.38466996 -0.25465688 -0.03448291
v -0.39987570 -0.24547230 -0.02804050
v -0.38842651 -0.26166564 -0.03595842
v -0.40076786 -0.23855869 -0.02571693
v -0.40532422 -0.23248832 -0.02333804
v -0.39244232 -0.21566279 -0.01904145
v -0.40465683 -0.22246860 -0.01993449
v -0.40489498 -0.21224046 -0.01584779
v -0.39160934 -0.20456925 -0.01491539
v -0.40175194 -0.25284109 -0.03132299
v -0.40138415 -0.25722414 -0.03251027
v -0.39985508 -0.26154417 -0.03467923
v -0.40535185 -0.20140433 -0.01064714
v -0.39164481 -0.19548361 -0.00968027
v -0.38152114 -0.24244335 -0.03192937
v -0.38226464 -0.26122451 -0.03824137
v -0.38497448 -0.27084306 -0.03962153
v -0.38273928 -0.27712083 -0.04206597
v -0.39219999 -0.26459330 -0.03751749
v -0.40346345 -0.19435741 -0.00629614
v -0.38806209 -0.22221807 -0.02322843
v -0.38549408 -0.20391877 -0.01825449
v -0.38182867 -0.23209010 -0.02983629
v -0.37683859 -0.25290427 -0.03846979
v -0.38723531 -0.19697028 -0.01367290
v -0.39888129 -0.19120437 -0.00450917
v -0.40596309 -0.18548463 -0.00033924
v -0.38182911 -0.22280335 -0.02739584
v -0.38159090 -0.21045399 -0.02348900
v -0.37823513 -0.26632187 -0.04325852
v -0.38591647 -0.19001834 -0.00970188
v -0.38599947 -0.18272296 -0.00209758
v -0.38077396 -0.19590655 -0.02016371
v -0.38698331 -0.27168015 -0.04071499
v -0.38616756 -0.27904993 -0.04168802
v -0.38439912 -0.28355527 -0.04240705
v -0.38724282 -0.28432605 -0.04123285
v -0.38575199 -0.28960639 -0.04154565
v -0.38594568 -0.17938432 0.00224606
v -0.38051036 -0.18928547 -0.01635624
v -0.39629561 -0.26551139 -0.04008038
v -0.39849576 -0.27014270 -0.03765865
v -0.39148965 -0.26741257 -0.04053657
v -0.39456579 -0.27160636 -0.03845786
v -0.38868594 -0.27101278 -0.04297010
v -0.38952184 -0.27577552 -0.04061216
v -0.38707349 -0.17286466 0.01698339
v -0.39128396 -0.17177361 0.02608868
v 0.40158567 -0.50002611 -0.06315303
v 0.40738586 -0.50023830 -0.05830204
v 0.40314415 -0.50005561 -0.05860941
v 0.41795811 -0.50041074 -0.06627487
v 0.42103744 -0.49996397 -0.04441689
v 0.40834349 -0.50030369 -0.04502381
v 0.39567640 -0.50047046 -0.07475137
v 0.39518815 -0.50054145 -0.06950650
v 0.42009208 -0.49861127 -0.04182009
v -0.40732124 -0.34254608 -0.03294725
v -0.40095910 -0.34924996 -0.03408055
v -0.40757617 -0.33741900 -0.02963384
v -0.39492089 -0.33312699 -0.02378669
v -0.39457747 -0.34266672 -0.02885127
v -0.39494920 -0.34810698 -0.03179212
v -0.40060458 -0.32361442 -0.02054245
v -0.42039597 -0.32374451 -0.02512819
v -0.40191615 -0.31363347 -0.01487787
v -0.39523405 -0.31614017 -0.01422888
v -0.41463727 -0.34054670 -0.03309245
v -0.42452469 -0.33773082 -0.03241505
v -0.41551837 -0.30716327 -0.01350460
v -0.40228340 -0.30648351 -0.00984899
v -0.41448355 -0.29991695 -0.00712808
v -0.40367541 -0.29419962 -0.00030327
v -0.41036680 -0.28399947 0.00352729
v -0.40042531 -0.28909266 0.00486579
v -0.39836565 -0.30135998 -0.00352738
v -0.39144701 -0.30994743 -0.00718528
v -0.39542899 -0.35621020 -0.03470779
v -0.40269345 -0.28367355 0.00825526
v -0.40978846 -0.27763695 0.00767274
v -0.42157266 -0.34179625 -0.03392294
v -0.40114802 -0.35702878 -0.03633084
v -0.39261660 -0.31603223 -0.01398972
v -0.39338201 -0.32555467 -0.02022944
v -0.39305621 -0.29653448 0.00468191
v -0.38791159 -0.30832040 -0.00256651
v -0.42550695 -0.34647322 -0.03526081
v -0.39579940 -0.36582294 -0.03627270
v -0.38529083 -0.30484784 0.00372151
v -0.39287618 -0.29355702 0.00852992
v -0.38303414 -0.30163592 0.01046032
v -0.40999645 -0.34346911 -0.03610412
v -0.41970557 -0.34299302 -0.03616139
v -0.40675235 -0.34583595 -0.03710287
v -0.40475407 -0.34911421 -0.03880954
v -0.40764999 -0.35070941 -0.04469896
v -0.40463805 -0.35531291 -0.03935755
v -0.38913074 -0.31146005 -0.00973779
v -0.41298777 -0.34406647 -0.04141511
v -0.41247264 -0.34599048 -0.04513567
v -0.41678730 -0.34548631 -0.04455735
v -0.41669506 -0.34974578 -0.04785012
v -0.41232860 -0.34987649 -0.04795159
v -0.40883803 -0.34693590 -0.04410389
v -0.41935614 -0.34413561 -0.04287979
v -0.41228229 -0.35368276 -0.04781501
v -0.40797850 -0.35415101 -0.04490668
v -0.42123294 -0.34980166 -0.04496256
v -0.41662899 -0.35359839 -0.04774536
v -0.42230299 -0.34572971 -0.03669992
v -0.42358977 -0.34987843 -0.04013387
v 0.40378281 -0.11541523 0.16486824
v 0.40952507 -0.11634442 0.18054090
v 0.41427290 -0.11756019 0.16714017
v 0.41315570 -0.11877514 0.14170657
v 0.40410021 -0.11611567 0.14550380
v 0.42053586 -0.11869958 0.16043013
v 0.40534157 -0.11587247 0.18032724
v 0.40726826 -0.11699599 0.11792281
v 0.40397432 -0.11585567 0.08348409
v 0.41281050 -0.11854725 0.08497562
v 0.41743740 -0.11888158 0.18051003
v 0.41214955 -0.11577719 0.04099220
v 0.41766441 -0.11816030 0.06346924
v 0.41763294 -0.11904154 0.08706164
v 0.41739306 -0.11874915 0.12059379
v 0.42107326 -0.11869054 0.13709658
v 0.41866148 -0.11581197 0.03436041
v 0.41639706 -0.11552054 0.02791660
v 0.40420905 -0.11255874 0.01449117
v 0.41121018 -0.11319257 0.01286540
v 0.40396175 -0.11320883 0.04436250
v 0.40448582 -0.11289836 0.00334004
v 0.42265075 -0.11808189 0.10041020
v 0.42466486 -0.11932553 0.12207425
v 0.42463309 -0.11828580 0.10340290
v 0.42529365 -0.11773471 0.07628846
v 0.42405561 -0.11728469 0.07226043
v 0.42893484 -0.11710817 0.04717903
v 0.42442530 -0.12136943 0.14980640
v 0.42544711 -0.11359298 0.03688253
v 0.42893040 -0.11476168 0.03440185
v 0.40865538 -0.12087600 0.18967254
v 0.42703941 -0.11279383 0.03296788
v 0.42913282 -0.11272286 0.01980664
v 0.42441413 -0.11130847 0.02300093
v 0.42637110 -0.10938040 0.01234896
v 0.42950806 -0.10933404 0.00677153
v 0.42476335 -0.10753775 0.00420614
v 0.42566553 -0.10539421 0.00033390
v 0.42920056 -0.10614692 0.00101863
v 0.42878723 -0.10238965 -0.00807887
v 0.43371320 -0.10396603 -0.00839477
v 0.42913103 -0.09808443 -0.01710971
v 0.43447694 -0.09776551 -0.02146104
v 0.42959422 -0.09368186 -0.02609170
v 0.42676222 -0.09690905 -0.01944536
v 0.42598367 -0.09328809 -0.02655106
v 0.42629722 -0.08986042 -0.03170754
v 0.42866719 -0.08675599 -0.03829814
v 0.42302495 -0.08480653 -0.03799353
v 0.42299974 -0.09165342 -0.03084436
v 0.43602711 -0.08909729 -0.04182392
v 0.43707716 -0.10250020 -0.01586991
v 0.42088234 -0.08757003 -0.03568847
v -0.27925929 -0.03698704 0.02493771
v -0.26555139 -0.03353756 0.02555330
v -0.25159222 -0.02991364 0.02609477
v -0.24618505 -0.02595016 0.02975969
v -0.23646989 -0.02608410 0.02427328
v -0.22033620 -0.02185949 0.02604223
v -0.20914865 -0.01885386 0.02682042
v -0.20567223 -0.01579752 0.03073326
v -0.20284939 -0.01811767 0.02573599
v -0.18747294 -0.01332727 0.02924731
v -0.26144648 -0.03369645 0.02274108
v -0.27426568 -0.03796232 0.01960704
v -0.24898575 -0.03030566 0.02240730
v -0.28497371 -0.04128205 0.01860416
v -0.29435843 -0.04408768 0.01953667
v -0.29954979 -0.04538823 0.02065917
v -0.30495414 -0.04937782 0.01501944
v -0.31297529 -0.05138165 0.01612727
v -0.31988677 -0.05255282 0.01723217
v -0.32560831 -0.05770985 0.01043943
v -0.33657256 -0.06062947 0.01048904
v -0.17348841 -0.00906189 0.03311938
v -0.17196473 -0.01016105 0.03020008
v -0.15609950 -0.00693766 0.03389733
v -0.14826800 -0.00647115 0.03281843
v -0.14028880 -0.00329660 0.03616429
v -0.13580549 -0.00424532 0.03425016
v -0.34668046 -0.06476096 0.00627087
v -0.36165959 -0.06981114 0.00106644
v -0.37494981 -0.07420292 -0.00621809
v -0.35426906 -0.06746981 0.00306317
v -0.38445574 -0.07689736 -0.01126796
v -0.39298236 -0.07722772 -0.01576758
v -0.10941873 -0.00270665 0.03648025
v -0.10731487 -0.00097824 0.03753636
v -0.06787468 -0.00022882 0.03798907
v -0.03979119 -0.00116313 0.03759748
v 0.19332105 -0.01300033 0.02559322
v 0.19219980 -0.01042790 0.02736096
v 0.17935970 -0.01001240 0.02773621
v 0.19715798 -0.01435385 0.02479488
v 0.22027318 -0.01510200 0.02371842
v 0.16404313 -0.00770686 0.02888859
v 0.13928953 -0.00467036 0.03249492
v 0.22516932 -0.01916946 0.02169897
v 0.23682317 -0.02128143 0.02039855
v 0.24841331 -0.02487230 0.01804380
v 0.25092009 -0.02630656 0.01710128
v 0.26602694 -0.02790768 0.01623135
v 0.28070745 -0.03318956 0.01348710
v 0.29504573 -0.03869703 0.01148748
v 0.12126270 -0.00171720 0.03398185
v 0.30374572 -0.04238842 0.00998659
v 0.31290197 -0.04509586 0.00909572
v 0.31473368 -0.04174295 0.01000200
v 0.32470384 -0.05223271 0.00625720
v 0.33210406 -0.05573604 0.00517621
v 0.34554344 -0.06055556 0.00349150
v 0.10107134 -0.00102851 0.03513706
v 0.07367995 -0.00031994 0.03673159
v 0.04626671 0.00082979 0.03865464
v 0.34868833 -0.06313374 0.00183679
v 0.04656915 -0.00066955 0.03779430
v 0.03421253 -0.00165543 0.03788964
v 0.01970037 -0.00058072 0.03950630
v -0.05514912 0.00130872 0.03906548
v 0.36356834 -0.06917731 -0.00329386
v 0.37266162 -0.07111657 -0.00635669
v 0.38164467 -0.07573991 -0.01182076
v 0.37231207 -0.07401861 -0.00935551
v 0.38024193 -0.07765080 -0.01381246
v 0.38621983 -0.07912239 -0.01576687
v 0.39292532 -0.07583344 -0.01738370
v 0.35198778 -0.06545258 -0.00041632
v 0.39084071 -0.08192226 -0.02063147
v 0.39743781 -0.08322152 -0.02322971
v 0.29916266 -0.04156665 0.00924400
v 0.30984026 -0.04563745 0.00722637
v 0.31707287 -0.04912921 0.00610887
v 0.40537289 -0.08667858 -0.02918495
v 0.39914459 -0.08585988 -0.02570092
v 0.40680909 -0.09064620 -0.03308849
v 0.40935475 -0.09030293 -0.03534221
v 0.41351557 -0.08869453 -0.03557273
v 0.41362435 -0.09061419 -0.03950243
v 0.41684154 -0.09015203 -0.03689654
v 0.42026919 -0.09053928 -0.03569860
v 0.32686231 0.48554623 -0.43995577
v 0.36265269 0.49090362 -0.43983182
v 0.37635556 0.49169466 -0.44142422
v 0.30888444 0.48316836 -0.44028440
v 0.30888978 0.48510188 -0.43679091
v 0.32549715 0.48657358 -0.43801638
v 0.28800708 0.48303252 -0.43855345
v 0.33386365 0.48758841 -0.43632907
v 0.30235067 0.48564604 -0.43074462
v 0.26719287 0.48314872 -0.43782312
v 0.27431428 0.48561198 -0.42689151
v 0.24604112 0.48623985 -0.42708004
v 0.24102898 0.48444048 -0.43585062
v 0.23155612 0.48291534 -0.44071779
v 0.37567520 0.49225968 -0.43759748
v 0.22902352 0.48730153 -0.42614052
v 0.39948910 0.49337965 -0.43707973
v 0.30545187 0.48636436 -0.42498481
v 0.20990673 0.48718333 -0.43598387
v 0.18496431 0.48697406 -0.44256175
v 0.18989186 0.48880339 -0.43500873
v 0.15117586 0.48986214 -0.44049814
v 0.15095749 0.48791704 -0.44609269
v 0.11417125 0.49121827 -0.44075537
v 0.08107178 0.49185631 -0.44247523
v 0.04281472 0.49040714 -0.45166636
v 0.19365734 0.48333028 -0.44752678
v 0.02495039 0.49067420 -0.45197967
v -0.03009495 0.48980448 -0.45234105
v 0.43229401 0.49106714 -0.43217704
v 0.42537108 0.49300992 -0.43188652
v 0.43563864 0.49269217 -0.42415145
v 0.44523275 0.49041441 -0.42229554
v 0.41618195 0.49264881 -0.43704224
v 0.44995564 0.48994029 -0.41172367
v 0.41924152 0.49384084 -0.42808986
v -0.44394186 0.49045274 -0.42234129
v -0.45313838 0.49026829 -0.41189393
v -0.41964242 0.49093804 -0.43426067
v -0.45742106 0.48864952 -0.40250996
v -0.41581342 0.49187306 -0.43314391
v -0.39923093 0.49218869 -0.43581685
v -0.43538862 0.49173337 -0.42268276
v -0.41784662 0.49235544 -0.42826852
v -0.44455701 0.49169818 -0.41193494
v -0.37489107 0.49167892 -0.43740183
v -0.35162452 0.49038231 -0.44069049
v -0.32195857 0.48620346 -0.44041297
v -0.29593644 0.48429203 -0.43874225
v -0.26591000 0.48312861 -0.43892768
v -0.24824765 0.48289630 -0.44184154
v -0.22533092 0.48322049 -0.44748467
v -0.07309467 0.49161300 -0.44034824
v -0.03460977 0.49277490 -0.44229472
v -0.11230531 0.48939323 -0.44207755
v -0.01013909 0.49181336 -0.44723332
v -0.00200095 0.49406451 -0.43957856
v 0.03800832 0.49356750 -0.44143021
v -0.10135271 0.49192753 -0.43386707
v -0.12814116 0.49130747 -0.43448937
v -0.03728702 0.49420631 -0.43485731
v -0.14554471 0.48947290 -0.44221041
v -0.18003705 0.49076894 -0.43733770
v -0.10987090 0.49365470 -0.42313847
v 0.03820460 0.49518365 -0.43257475
v -0.04487030 0.49589977 -0.42299530
v -0.17892529 0.48949206 -0.44449443
v -0.18077758 0.48839411 -0.44890985
v -0.19430831 0.48877645 -0.44377261
v 0.00227354 0.49674040 -0.42261046
v 0.09125856 0.49295589 -0.43411914
v 0.12836227 0.49181762 -0.43540424
v -0.15764016 0.49324429 -0.42114663
v -0.09800152 0.49431285 -0.41908345
v -0.17911199 0.49244586 -0.42375767
v 0.03925382 0.49644992 -0.42252722
v 0.06284408 0.49576861 -0.42193702
v 0.16975196 0.49145609 -0.42572853
v 0.14337562 0.49314907 -0.42160225
v 0.09285072 0.49459967 -0.42071402
v -0.20079088 0.49074033 -0.42668805
v -0.21570851 0.48914790 -0.42935517
v 0.19974056 0.48934254 -0.42665869
v 0.20987746 0.48958346 -0.41474715
v 0.22711782 0.48868498 -0.41137120
v 0.25844827 0.48680666 -0.41607720
v 0.28987554 0.48626474 -0.41599646
v 0.27171171 0.48678720 -0.40581867
v 0.30710658 0.48637319 -0.40782478
v 0.25872192 0.48758474 -0.39719313
v 0.28057361 0.48645633 -0.39760911
v 0.18920138 0.49105614 -0.40433735
v 0.21955577 0.48957583 -0.40040582
v 0.15905838 0.49255198 -0.40991488
v 0.12021571 0.49366760 -0.41043726
v -0.16446458 0.49290055 -0.41060451
v 0.32461584 0.48704135 -0.41321805
v -0.06519802 0.49493262 -0.40954578
v -0.14837705 0.49249154 -0.39777288
v -0.10634901 0.49333191 -0.39806724
v 0.08663471 0.49408549 -0.40703630
v -0.00001337 0.49591386 -0.40846992
v -0.20330994 0.49097747 -0.41127589
v -0.21286756 0.49014559 -0.41107219
v 0.04030091 0.49565908 -0.41098490
v -0.23765588 0.48787275 -0.41996202
v -0.25677684 0.48711041 -0.41072187
v -0.23758648 0.48696709 -0.43199632
v -0.26057526 0.48540643 -0.43059030
v -0.27697453 0.48615575 -0.41370240
v -0.28109282 0.48540512 -0.42800897
v -0.28940549 0.48506993 -0.43296656
v -0.28431839 0.48600355 -0.40964314
v -0.30362311 0.48592502 -0.41363713
v -0.25056925 0.48678344 -0.38940930
v -0.20307259 0.49022746 -0.39720413
v -0.30419603 0.48619404 -0.42815819
v -0.32042792 0.48632914 -0.41475806
v -0.30566737 0.48506865 -0.40047508
v -0.28657153 0.48445475 -0.38436690
v -0.25877225 0.48617670 -0.38643909
v -0.33577910 0.48560986 -0.40199333
v 0.12078436 0.49269566 -0.39855734
v 0.16164650 0.49129263 -0.39608422
v 0.20076725 0.48903728 -0.38807473
v 0.24859652 0.48650604 -0.38181585
v 0.28005636 0.48472810 -0.37678126
v 0.05749262 0.49425635 -0.39989978
v 0.08926289 0.49337259 -0.39987329
v -0.07512268 0.49374923 -0.39518869
v -0.00194728 0.49512118 -0.40013266
v -0.20369488 0.48953059 -0.38831663
v 0.33762437 0.48837143 -0.42328176
v 0.35514086 0.48880628 -0.41678903
v -0.31534433 0.48367637 -0.38891742
v -0.13338812 0.49144059 -0.38590533
v -0.07532369 0.49265426 -0.38582620
v -0.00461721 0.49360833 -0.38789165
v 0.31165951 0.48453012 -0.39095595
v -0.33269939 0.48324817 -0.38825408
v -0.34837559 0.48296469 -0.38685617
v -0.33524111 0.48055059 -0.37225077
v 0.33329037 0.48578668 -0.40214697
v 0.03794623 0.49267569 -0.38481656
v 0.28543770 0.48361945 -0.36888501
v 0.23305187 0.48525712 -0.36775765
v 0.19916123 0.48651901 -0.36897269
v 0.11601064 0.49119586 -0.38581330
v 0.13242947 0.48781329 -0.36595348
v 0.07095707 0.49180919 -0.38265631
v 0.08219305 0.48715183 -0.35492152
v 0.00102786 0.48783132 -0.35345498
v -0.01417508 0.49153692 -0.37454480
v -0.02910391 0.48786297 -0.35344055
v -0.09178733 0.48696616 -0.35154971
v -0.13532843 0.48639211 -0.35188228
v -0.20560282 0.48701730 -0.36881942
v -0.16376598 0.48580042 -0.35336879
v -0.25522766 0.48458821 -0.36939052
v -0.23633531 0.48537064 -0.36759621
v -0.29042664 0.48236746 -0.36769956
v -0.32090685 0.48726419 -0.42797735
v -0.33996087 0.48832822 -0.42411730
v -0.20679954 0.48454654 -0.35519519
v -0.37569392 0.48933244 -0.41655481
v -0.35603279 0.48621672 -0.40235636
v 0.37079754 0.48941049 -0.41458607
v 0.33320192 0.48084810 -0.37101755
v 0.34708643 0.48031276 -0.37062737
v 0.33541611 0.48349130 -0.38830805
v -0.35243580 0.48989630 -0.42870629
v -0.37706450 0.49154806 -0.43096194
v -0.40974423 0.49199751 -0.42390838
v -0.40158048 0.48795325 -0.40107641
v -0.42594680 0.49145475 -0.41525304
v -0.43229938 0.48974288 -0.40090048
v 0.35730857 0.48518184 -0.39618883
v 0.13737635 0.48597783 -0.35608089
v 0.20042470 0.48414597 -0.35575008
v 0.17650340 0.48469990 -0.35554755
v 0.38009501 0.47980836 -0.36884189
v 0.38554454 0.48420095 -0.38934597
v 0.39499545 0.48016176 -0.36864999
v -0.36069036 0.47941881 -0.36842340
v -0.33049399 0.47684765 -0.35263786
v 0.38444355 0.48787904 -0.40345350
v 0.37989151 0.49260712 -0.42835379
v -0.04366440 0.48536882 -0.34121093
v -0.09486346 0.48502064 -0.34224841
v 0.41043609 0.49377525 -0.42759216
v 0.39665011 0.49166200 -0.41734424
v 0.42151988 0.49164635 -0.40992710
v 0.44007641 0.49183431 -0.41284096
v 0.43051624 0.48990330 -0.40026277
v 0.41108021 0.48972607 -0.40227079
v -0.38682976 0.48003247 -0.37111750
v -0.37798166 0.48419082 -0.39127514
v 0.00943340 0.48541069 -0.34169543
v 0.07083438 0.48455977 -0.34149867
v 0.11563629 0.48350650 -0.34215331
v -0.44804803 0.48892897 -0.39844823
v -0.25526795 0.48131010 -0.35227931
v -0.29378769 0.47839776 -0.34952629
v 0.24336694 0.48164645 -0.35199982
v 0.33110750 0.47687805 -0.35188606
v 0.35259724 0.47600430 -0.35149935
v 0.37300980 0.47690320 -0.35730025
v -0.34843600 0.47577944 -0.35026738
v -0.37355861 0.47603634 -0.35488734
v 0.40638685 0.48245016 -0.37670231
v -0.39646232 0.48257679 -0.38117754
v 0.28588712 0.47710589 -0.33964273
v 0.24871570 0.47761703 -0.33550963
v 0.23106743 0.47494987 -0.32221949
v 0.18033926 0.47641987 -0.32193968
v 0.14690013 0.47727561 -0.32166415
v 0.11336822 0.47858804 -0.32181907
v 0.07251933 0.48030674 -0.32441920
v -0.00083579 0.48011586 -0.32093132
v 0.01653364 0.47638127 -0.30797464
v 0.07803490 0.47560450 -0.30790368
v 0.10944990 0.47457549 -0.30714491
v -0.06705415 0.48001030 -0.32161114
v -0.03935128 0.47599772 -0.30661750
v -0.12368578 0.47902483 -0.32158768
v -0.13208021 0.48408264 -0.34150752
v -0.15804352 0.48289493 -0.34039509
v -0.21088520 0.48113513 -0.34180552
v -0.26300797 0.47607255 -0.33283418
v -0.16634122 0.47763985 -0.32188922
v -0.22018528 0.47576073 -0.32337892
v -0.09035073 0.47535452 -0.30671632
v -0.41048810 0.48068476 -0.37308651
v 0.44213036 0.48903391 -0.40085125
v 0.41877836 0.48831606 -0.39572316
v 0.26874352 0.47373644 -0.32366660
v -0.32649100 0.47071716 -0.32862291
v -0.43217999 0.48589888 -0.38786298
v 0.41408634 0.48040479 -0.36869591
v 0.42547810 0.48329753 -0.37796968
v 0.33777180 0.46984529 -0.32622516
v 0.36204195 0.47102687 -0.33478671
v 0.38341188 0.47497034 -0.35107860
v 0.31333011 0.47023663 -0.32144201
v -0.12384217 0.47421122 -0.30573264
v -0.30793533 0.47457314 -0.33843186
v -0.25419632 0.47395888 -0.32364929
v -0.35465747 0.47108904 -0.33404839
v -0.39249918 0.47683978 -0.36031592
v 0.10290676 0.47032306 -0.29210213
v -0.36836219 0.46748707 -0.32515639
v 0.14776133 0.46904084 -0.29429862
v 0.19570905 0.46867901 -0.29857418
v 0.23966938 0.46837804 -0.30163291
v 0.26988935 0.46805784 -0.30523267
v -0.03393462 0.47150752 -0.29186797
v 0.02583726 0.47193345 -0.29375854
v -0.08034297 0.47139293 -0.29384282
v -0.12238207 0.47032636 -0.29358551
v 0.36410141 0.46782988 -0.32463163
v -0.32909057 0.46352887 -0.30562803
v -0.34596097 0.46102515 -0.30131388
v -0.33376580 0.45730326 -0.28734481
v -0.30772397 0.46020684 -0.29058194
v -0.26339796 0.46597213 -0.29934168
v -0.27826047 0.45764944 -0.27539471
v 0.39446399 0.47261292 -0.34490696
v 0.37864813 0.46661416 -0.32430980
v 0.44069904 0.48519489 -0.38734230
v -0.24232522 0.45965734 -0.27578261
v -0.22707941 0.46499389 -0.29107177
v -0.19686489 0.46507889 -0.28811926
v -0.21032979 0.45418924 -0.25616533
v -0.24253766 0.45309988 -0.25655788
v -0.18499485 0.46138066 -0.27553076
v -0.16545559 0.45732197 -0.26188084
v -0.26441169 0.45234823 -0.25785804
v 0.23493235 0.46046206 -0.27675560
v 0.18842705 0.46196240 -0.27740902
v 0.22248703 0.45624098 -0.26319239
v 0.17866123 0.45726749 -0.26280951
v 0.26597464 0.46037090 -0.28120205
v -0.40656739 0.47622046 -0.35947093
v -0.39069206 0.47138456 -0.34284976
v -0.42063028 0.47994599 -0.37071314
v -0.44332162 0.48380256 -0.38273352
v 0.34561861 0.45808631 -0.29152545
v 0.35325721 0.46087548 -0.30187067
v 0.14593232 0.46366131 -0.27837640
v 0.14307216 0.45410717 -0.25128445
v 0.09984428 0.46574304 -0.27953011
v 0.10452180 0.45936051 -0.26246729
v -0.10808031 0.46568152 -0.27956051
v -0.00678628 0.46653104 -0.27871105
v 0.03009441 0.46593648 -0.27782485
v 0.02561921 0.45754838 -0.25554684
v -0.02630413 0.46052414 -0.26291049
v -0.09992574 0.45944619 -0.26244858
v -0.08192822 0.45418519 -0.24832323
v -0.02648076 0.45443207 -0.24755642
v 0.04007861 0.45281282 -0.24414764
v 0.10580915 0.45435709 -0.24988849
v -0.13249134 0.45754987 -0.25941595
v -0.13844566 0.45143598 -0.24470137
v -0.31213671 0.45337176 -0.27136311
v 0.42634642 0.48005363 -0.36882377
v 0.20992211 0.45274758 -0.25243729
v 0.16688459 0.45294446 -0.25044000
v 0.25238135 0.45411330 -0.26198530
v 0.32603151 0.45370463 -0.27499226
v 0.34562600 0.45359766 -0.27919823
v 0.28407222 0.45600468 -0.27308723
v 0.36777964 0.45626542 -0.29284111
v 0.41014755 0.47309405 -0.34868541
v -0.43359265 0.47926432 -0.37024248
v -0.21987100 0.45013264 -0.24640407
v -0.16992493 0.45318919 -0.25145355
v -0.17103751 0.44149205 -0.22279567
v -0.21011205 0.44204059 -0.22630474
v -0.45498872 0.48439029 -0.38776076
v -0.37901834 0.46477982 -0.32078063
v -0.35474077 0.45655030 -0.29153174
v -0.32949278 0.45171773 -0.27111295
v 0.39338574 0.46435958 -0.32193565
v 0.40871468 0.46788174 -0.33558401
v 0.24753702 0.44618106 -0.24158318
v 0.21128449 0.43713048 -0.21516283
v 0.25824022 0.43683627 -0.22143708
v 0.30771282 0.44297940 -0.24571869
v 0.18917203 0.44177380 -0.22427100
v 0.14664036 0.43732342 -0.21187527
v 0.19299811 0.43676287 -0.21282542
v 0.15504006 0.44700706 -0.23517349
v -0.10865816 0.44500601 -0.22810686
v -0.16564110 0.43662634 -0.21149412
v -0.21119368 0.43628845 -0.21345061
v -0.08717753 0.43882141 -0.21372160
v -0.06065775 0.44431990 -0.22522675
v 0.09289376 0.43719682 -0.21026735
v 0.03944523 0.43840829 -0.21157411
v 0.02527986 0.44472247 -0.22545859
v -0.01162259 0.44649318 -0.22941531
v -0.05464371 0.43848366 -0.21224520
v -0.00566609 0.43771547 -0.21064733
v -0.30134535 0.44339371 -0.24336316
v -0.27666888 0.44494265 -0.24187754
v -0.25139660 0.44679955 -0.24235414
v -0.27352110 0.43721056 -0.22390333
v -0.35200027 0.45200843 -0.27883163
v -0.37711629 0.45618260 -0.29763648
v 0.39762861 0.46077776 -0.31484628
v 0.43500760 0.47894099 -0.36947027
v -0.42033353 0.47220379 -0.35288906
v 0.45182523 0.48682669 -0.39926553
v -0.39594179 0.46159700 -0.31865656
v -0.40915695 0.46794131 -0.33973375
v 0.42340282 0.47341922 -0.35264286
v -0.33263654 0.44653124 -0.25944814
v -0.32874817 0.44064322 -0.24453366
v -0.31606898 0.43595770 -0.23027577
v 0.34869784 0.44887426 -0.26893660
v 0.38767028 0.45396951 -0.29446810
v 0.37684989 0.45455778 -0.29121581
v 0.29990861 0.43683562 -0.23036534
v 0.34262389 0.43870258 -0.24460800
v 0.40819752 0.46237442 -0.32283056
v -0.39156899 0.45213959 -0.29365256
v -0.37828833 0.45111158 -0.28618819
v 0.37745634 0.44689712 -0.27484211
v 0.36183813 0.44262543 -0.25978732
v 0.44691280 0.48351347 -0.38646978
v 0.11443809 0.43057764 -0.19742438
v 0.04000462 0.43196559 -0.19897617
v -0.04330776 0.43149012 -0.19844474
v -0.09024853 0.43121272 -0.19897465
v -0.17272162 0.42998639 -0.19871426
v 0.16393186 0.42813942 -0.19442104
v -0.21352638 0.42997748 -0.20108669
v -0.26768905 0.42652985 -0.20218569
v -0.30619493 0.42979902 -0.21615936
v -0.36117786 0.44071659 -0.25723931
v -0.37961078 0.44420600 -0.27172309
v -0.38951430 0.44692922 -0.28171083
v 0.25172660 0.42822549 -0.20345141
v 0.20634039 0.42685631 -0.19476800
v 0.28988880 0.42782483 -0.21046975
v -0.21101505 0.42451748 -0.19072600
v -0.35353926 0.43584919 -0.24387057
v -0.33355343 0.43082932 -0.22587097
v 0.42144045 0.46623775 -0.33784628
v 0.05046571 0.42745310 -0.19094507
v -0.04450104 0.42619798 -0.18916963
v -0.18225415 0.42193919 -0.18500422
v 0.13964105 0.42085403 -0.18109289
v 0.18411830 0.42134506 -0.18358557
v 0.10770338 0.42152941 -0.18128020
v -0.43494001 0.46951222 -0.35303423
v 0.32837835 0.43017423 -0.22509617
v 0.29468444 0.42185861 -0.20061539
v -0.45085886 0.47742510 -0.37259942
v -0.44160965 0.47730079 -0.36911005
v 0.39544803 0.45087698 -0.29144815
v 0.36018780 0.43587989 -0.24543191
v 0.34328294 0.42784315 -0.22563618
v 0.33029822 0.42141235 -0.21047798
v 0.25566918 0.42191243 -0.19288486
v 0.21110241 0.42156020 -0.18603015
v -0.37863407 0.43098080 -0.24489382
v 0.40720883 0.45363891 -0.30445746
v -0.32325062 0.42209849 -0.20728886
v 0.07211436 0.42124286 -0.18065305
v -0.00522594 0.42167979 -0.18160409
v -0.30219880 0.42083642 -0.19968751
v -0.26894799 0.42181331 -0.19439974
v -0.23957682 0.42248100 -0.19132692
v -0.41306126 0.46047893 -0.32569623
v -0.40580985 0.45380917 -0.30722380
v -0.42192656 0.46480426 -0.33896998
v -0.07250626 0.42144179 -0.18189357
v -0.36460695 0.42866367 -0.23459184
v -0.34969240 0.42069429 -0.21358332
v 0.37249380 0.43312612 -0.24593227
v -0.21514863 0.42141485 -0.18623607
v -0.39126188 0.43406007 -0.25760359
v -0.31942198 0.48674476 -0.43697596
v -0.40531352 0.44694951 -0.29195571
v -0.41711447 0.45466557 -0.31670186
v 0.45469633 0.48326623 -0.39267933
v -0.37825030 0.42121968 -0.22751248
v -0.38994741 0.42692250 -0.24427184
v 0.40500456 0.44700575 -0.28950602
v -0.42974323 0.45806769 -0.33095804
v 0.39093384 0.43741542 -0.26424599
v -0.43787268 0.46531549 -0.34709001
v -0.44927832 0.47026569 -0.36092460
v 0.35033292 0.41903374 -0.21375591
v 0.43579486 0.47358191 -0.36018324
v -0.40973568 0.44232056 -0.28643140
v -0.34191042 0.41358733 -0.20038147
v 0.42263117 0.45429638 -0.31695676
v 0.44694060 0.47509360 -0.37018061
v 0.45161131 0.47914806 -0.38084629
v 0.37592852 0.42173401 -0.22963284
v -0.35183060 0.41783842 -0.21007738
v 0.17686793 0.41421983 -0.17372221
v 0.21157637 0.41584250 -0.17835708
v -0.03690859 0.41206416 -0.16908687
v 0.01338487 0.41152662 -0.16843247
v 0.08127841 0.41175118 -0.16826965
v 0.12039432 0.41094753 -0.16773699
v -0.13644053 0.41231138 -0.17147562
v -0.17598303 0.41196778 -0.17205141
v -0.08624481 0.41127765 -0.16877022
v -0.20700009 0.41522670 -0.17781551
v 0.33123574 0.41330922 -0.19913746
v 0.29790232 0.41811588 -0.19622844
v -0.42699158 0.45000353 -0.31512195
v 0.42006519 0.44505814 -0.29739934
v 0.40793470 0.43683881 -0.27380869
v 0.38619062 0.42907912 -0.24730647
v 0.23624660 0.40930536 -0.17372634
v -0.29900676 0.41486362 -0.19134353
v -0.33141702 0.40839189 -0.19114771
v -0.40679401 0.43308687 -0.26726690
v -0.24569592 0.41680402 -0.18510838
v 0.17920278 0.40626085 -0.16404130
v 0.20902467 0.40803310 -0.16850992
v 0.07817282 0.40290582 -0.15760359
v 0.28343230 0.40559900 -0.17755786
v -0.37687859 0.41182178 -0.21328184
v 0.37540910 0.41148797 -0.21462280
v 0.35375044 0.40731326 -0.19926219
v 0.31013313 0.40530869 -0.18330954
v -0.42604068 0.43818885 -0.29342946
v -0.40235597 0.42189968 -0.24465241
v 0.39477110 0.42399561 -0.24470446
v -0.29670992 0.40284047 -0.17660971
v -0.26952109 0.40233958 -0.17148930
v -0.31672522 0.40088090 -0.17886481
v -0.22628829 0.40352142 -0.16690935
v -0.42747077 0.44374406 -0.30481759
v 0.43246618 0.46040151 -0.33656335
v 0.44101065 0.47074574 -0.35934347
v -0.41498238 0.43444625 -0.27666944
v -0.39749941 0.41348276 -0.22869284
v 0.39104518 0.41359067 -0.22684161
v 0.42420307 0.43935615 -0.29129881
v 0.42253292 0.43151590 -0.27704546
v 0.40817136 0.41595659 -0.24192576
v 0.41282779 0.42175692 -0.25453934
v -0.40948862 0.41907749 -0.24595253
v 0.39379519 0.40406722 -0.21574961
v -0.22569464 0.48658508 -0.43848211
v 0.42262501 0.42000732 -0.26006901
v -0.43916255 0.45445943 -0.33350879
v 0.43803093 0.45194465 -0.32848844
v -0.39688811 0.40231484 -0.21350782
v -0.45615801 0.47795022 -0.37827539
v 0.43664801 0.44419083 -0.31372276
v 0.40873197 0.40255442 -0.22438140
v -0.41566777 0.41580033 -0.24696369
v -0.43343589 0.44811839 -0.31858933
v -0.45205885 0.45861778 -0.34874341
v 0.40805644 0.39606491 -0.21566007
v 0.42312726 0.40842450 -0.24470709
v 0.44306609 0.45677629 -0.34169343
v -0.40629825 0.39834791 -0.21576536
v -0.41302103 0.40447950 -0.22932443
v 0.44640425 0.46551889 -0.35699281
v -0.43023202 0.42147225 -0.27184010
v 0.43690521 0.43101278 -0.29233608
v 0.42337298 0.39576298 -0.22902587
v 0.43038711 0.40185094 -0.24477908
v -0.43640387 0.43814918 -0.30701721
v -0.43292087 0.43104094 -0.29069102
v -0.42607015 0.40547514 -0.24396646
v -0.45631209 0.46498987 -0.36145687
v 0.44085145 0.44105875 -0.31460479
v -0.14357804 0.48639390 -0.44886622
v -0.37972039 -0.25771451 -0.05796515
v -0.37776589 -0.25871363 -0.06391279
v -0.38282892 -0.25485662 -0.06230844
v -0.38900739 -0.25009826 -0.06015208
v -0.37975901 -0.25675705 -0.06880809
v -0.37381831 -0.26166934 -0.06496514
v -0.37185672 -0.26063836 -0.07602039
v -0.38483185 -0.25167745 -0.06784145
v -0.37604836 -0.26143700 -0.06068461
v -0.38088661 -0.25178343 -0.07484654
v -0.38572913 -0.24817708 -0.07456418
v -0.37626249 -0.25593719 -0.07533194
v -0.39360201 -0.24796344 -0.06543872
v -0.37155750 -0.26242587 -0.06618944
v -0.38238630 -0.24751571 -0.07921058
v -0.37717170 -0.25041616 -0.08116736
v -0.37046957 -0.25531623 -0.08003493
v -0.38744307 -0.24302201 -0.07635482
v -0.38425806 -0.24395390 -0.08190020
v -0.38839185 -0.23839241 -0.08386014
v -0.39172870 -0.23592943 -0.08223344
v -0.38918877 -0.23529390 -0.08744676
v -0.39234200 -0.23693505 -0.07260007
v -0.37674713 -0.24727570 -0.08363613
v -0.37672344 -0.24467532 -0.08574197
v -0.38141450 -0.23876639 -0.08745940
v -0.36810699 -0.26182842 -0.07535541
v -0.36476326 -0.26979071 -0.07483778
v -0.36191449 -0.26253426 -0.08113191
v -0.36954665 -0.25769955 -0.07803107
v -0.35625565 -0.25529060 -0.08862507
v -0.36187905 -0.25057897 -0.08614948
v -0.37324283 -0.26083991 -0.05974181
v -0.38555560 -0.27876717 -0.00842379
v -0.39321911 -0.28540817 -0.01282588
v -0.38714954 -0.27650020 -0.00483735
v -0.38762018 -0.28414014 -0.01396010
v -0.38750708 -0.28726044 -0.01786351
v -0.38319963 -0.27560207 -0.00437550
v -0.38294166 -0.28796962 -0.01860056
v -0.38458514 -0.28124443 -0.01084613
v -0.38255975 -0.28445858 -0.01331287
v -0.38689193 -0.27251512 -0.00270638
v -0.39152208 -0.26892614 -0.00004155
v -0.38726938 -0.26730970 0.00055828
v -0.38162947 -0.27299604 -0.00082749
v -0.38652378 -0.28905985 -0.02265355
v -0.38118163 -0.26853570 0.00377175
v -0.38011196 -0.28356823 -0.00887758
v -0.38717857 -0.26206025 0.00398218
v -0.39321569 -0.26263428 0.00168911
v -0.38078687 -0.28808364 -0.01617634
v -0.38114804 -0.26495034 0.00773310
v -0.39198470 -0.25059927 0.00865890
v -0.39289260 -0.25597498 0.00375810
v -0.39921016 -0.25025749 0.00292009
v -0.40368906 -0.24720779 0.00194625
v -0.40369910 -0.25266168 0.00013571
v -0.39874434 -0.25876796 0.00127775
v -0.40182540 -0.27131391 -0.00001213
v -0.39522842 -0.27472857 -0.00013434
v -0.40108791 -0.27606875 0.00036151
v -0.39390817 -0.27934167 -0.00165496
v -0.40116817 -0.28018692 -0.00146030
v -0.39189461 -0.27575445 -0.00163391
v -0.39188614 -0.28012323 -0.00517364
v -0.38902077 -0.29025075 -0.01862941
v -0.39617300 -0.28193849 -0.00563197
v -0.39819914 -0.28611630 -0.01204641
v -0.39447370 -0.29473650 -0.01573147
v -0.39923367 -0.29477909 -0.01546367
v -0.40112263 -0.28970101 -0.01425150
v -0.40303198 -0.20354274 -0.06157893
v -0.39228466 -0.20276861 -0.06123187
v -0.40094978 -0.20342198 -0.05259315
v -0.39643225 -0.20331103 -0.05352890
v -0.39569819 -0.20179416 -0.07225533
v -0.40078464 -0.20303713 -0.07052594
v -0.40284121 -0.20338239 -0.07298584
v -0.39709827 -0.20370205 -0.07814006
v -0.39612880 -0.20204240 -0.07664359
v -0.39647555 -0.20490223 -0.04916697
v -0.39204863 -0.20553440 -0.05113446
v -0.40072793 -0.20612170 -0.04783986
v -0.39152029 -0.20529668 -0.05721452
v -0.38839936 -0.20505664 -0.05853574
v -0.40568566 -0.20535220 -0.05239129
v -0.40538689 -0.20529802 -0.06101746
v -0.40505958 -0.20703185 -0.04888063
v -0.39172992 -0.20094153 -0.06636544
v -0.38878614 -0.20087193 -0.06155691
v -0.40524018 -0.20526026 -0.07157061
v -0.39435178 -0.19935967 -0.07496373
v -0.40455344 -0.20762011 -0.07732014
v -0.39975065 -0.20588793 -0.08001126
v -0.38741946 -0.20922206 -0.05484563
v -0.38908371 -0.20941457 -0.05389944
v -0.38497961 -0.20866671 -0.05344661
v 0.42277145 -0.09220565 -0.10447460
v 0.42106044 -0.09271733 -0.10293523
v 0.42467999 -0.09514003 -0.10071623
v 0.42054337 -0.08823301 -0.10586409
v 0.42830786 -0.08748342 -0.10880665
v 0.41871738 -0.08715052 -0.10654907
v 0.42066142 -0.09774575 -0.09971289
v 0.42685634 -0.09445552 -0.11388358
v 0.43835008 0.39693123 -0.33436581
v 0.43370661 0.39557293 -0.33192879
v 0.43848395 0.39433256 -0.32812983
v 0.44267532 0.39680532 -0.33143374
v 0.44519439 0.39439425 -0.32574123
v 0.43906996 0.39061940 -0.32102692
v 0.43866831 0.39841542 -0.33973491
v 0.43204474 0.39854953 -0.34415489
v 0.44597587 0.39216900 -0.31719586
v 0.44277823 0.39765221 -0.33718428
v 0.43075588 0.38953462 -0.32834837
v 0.44450888 0.39203095 -0.31442702
v 0.43819010 0.38666365 -0.31611720
v 0.44125956 0.38792932 -0.30899116
v 0.42837161 0.39113614 -0.33559847
v 0.42065230 0.38830084 -0.34651831
v 0.42290756 0.39805448 -0.35044429
v 0.42693794 0.40270075 -0.35367993
v 0.42065242 0.40007693 -0.35803258
v 0.42622688 0.40526366 -0.36100399
v 0.42367452 0.40545285 -0.36659259
v 0.41211173 0.39947557 -0.36997351
v 0.43078911 0.40377745 -0.35508740
v 0.43411797 0.40144935 -0.34977800
v 0.42941761 0.40696889 -0.36750054
v 0.42095357 0.40931275 -0.37424463
v 0.43754125 0.40621597 -0.36267835
v 0.42690492 0.40998867 -0.37659052
v 0.43597463 0.40327868 -0.35472906
v 0.43952009 0.40202111 -0.35009167
v 0.43856627 0.40502006 -0.35418037
v 0.43448967 0.40700042 -0.36778283
v 0.43651012 0.40781644 -0.37316960
v 0.43094420 0.40825799 -0.37242022
v 0.43277302 0.41146407 -0.37640435
v 0.43782952 0.40371403 -0.35833618
v 0.44065839 0.39808407 -0.34668469
v 0.44145274 0.39613006 -0.33795270
v -0.40098315 -0.21959513 -0.07184897
v -0.40154821 -0.21909840 -0.05243289
v -0.39915335 -0.21993448 -0.06902116
v -0.39781216 -0.21953855 -0.05061011
v -0.39794821 -0.21836692 -0.07840382
v -0.40572244 -0.21693406 -0.05037804
v -0.40536210 -0.21723193 -0.07213316
v -0.39627692 -0.22103716 -0.05746474
v -0.39332643 -0.22273925 -0.05813847
v -0.40451723 -0.21577875 -0.07641467
v -0.39226574 -0.21971001 -0.05248740
v -0.38908735 -0.22245829 -0.05473956
v -0.40087998 -0.21128167 -0.08082800
v -0.38719183 -0.32396689 -0.02567081
v -0.38590291 -0.31479758 -0.01917275
v -0.38255528 -0.31461424 -0.02509826
v -0.38210666 -0.30610448 -0.01117369
v -0.38192710 -0.30317512 -0.00341728
v -0.37874240 -0.29741880 0.00132676
v -0.38145283 -0.29948086 0.01360616
v -0.38056079 -0.29670337 0.02641936
v -0.37741905 -0.29775408 -0.01028273
v -0.37785792 -0.30023614 -0.01782510
v -0.37721819 -0.29020762 0.02660477
v -0.37834039 -0.30252078 -0.01799966
v -0.37574181 -0.29217893 -0.00301014
v -0.37406933 -0.28567764 0.00584119
v -0.38111803 -0.31167957 -0.02769485
v -0.38285375 -0.31582129 -0.03182919
v -0.37926978 -0.29504523 0.03363233
v -0.37773696 -0.29201239 0.03988431
v -0.37426469 -0.28317663 0.01721605
v -0.37448019 -0.27959692 0.03242805
v -0.37447160 -0.27975261 0.04253667
v -0.37268135 -0.27980998 0.01343566
v -0.37253511 -0.27522945 0.04481377
v -0.37289789 -0.27626562 0.02312559
v -0.37777734 -0.29528728 0.05682069
v -0.37500960 -0.28517789 0.05145726
v -0.37681949 -0.29525059 -0.01285222
v -0.38412923 -0.32170978 -0.03336997
v -0.37065485 -0.27678570 0.06312951
v -0.38489965 -0.32476392 -0.03841486
v -0.38603655 -0.32753175 -0.03338225
v -0.38664657 -0.33459893 -0.03966215
v -0.38621125 -0.33125713 -0.04582674
v -0.37324676 -0.28942478 0.06999133
v -0.37029874 -0.27936584 0.07202001
v -0.38693574 -0.33730754 -0.04356710
v -0.39136451 -0.34720427 -0.03822929
v -0.37221649 -0.29055083 0.07654251
v -0.37081814 -0.28778595 0.09261667
v -0.37315190 -0.29587495 0.09194504
v -0.36888751 -0.27728954 0.09570599
v -0.36905557 -0.28156683 0.12876584
v -0.36808830 -0.27586499 0.12572812
v -0.36752826 -0.27804875 0.16100463
v -0.37110034 -0.28878257 0.12712088
v -0.37330747 -0.29402360 0.11125501
v -0.37107509 -0.28810695 0.16574600
v -0.37305886 -0.29350764 0.12367454
v -0.36688215 -0.26950878 0.16745976
v -0.36749759 -0.28222907 0.19265842
v -0.36615026 -0.27558169 0.18380396
v -0.36562318 -0.27903476 0.21219325
v -0.36396602 -0.27006409 0.20975415
v -0.36363465 -0.27479836 0.24346726
v -0.36458111 -0.28009102 0.25319701
v -0.36200514 -0.27792534 0.29752105
v -0.36245272 -0.26871312 0.26288533
v -0.36180270 -0.26678318 0.27759340
v -0.36139363 -0.27207035 0.31211051
v -0.36110845 -0.26888469 0.30926889
v -0.36102489 -0.27645630 0.32414088
v -0.36154106 -0.27992740 0.32852599
v -0.35926118 -0.27748433 0.35015893
v -0.36074954 -0.26536995 0.33862206
v -0.35961795 -0.26601329 0.35586062
v -0.36803871 -0.28552508 0.21152094
v -0.35911289 -0.28083882 0.35421628
v -0.35556385 -0.27668726 0.37354544
v -0.35552716 -0.27960271 0.37716627
v -0.35342786 -0.27615556 0.38436767
v -0.37390518 -0.28258473 0.00576179
v -0.36130726 -0.26522791 0.30762824
v -0.36878243 -0.27275595 0.10346224
v -0.36813360 -0.26974767 0.13038749
v -0.35443622 -0.26672307 0.37965688
v -0.35505515 -0.26317066 0.37633190
v -0.37682155 -0.29682338 0.07042395
v -0.38604727 -0.32139996 -0.04240115
v -0.38134107 -0.29953924 -0.02909539
v -0.35782027 -0.26329741 0.36780983
v -0.38851747 -0.32897529 -0.05328183
v -0.38853782 -0.34357387 -0.05193783
v -0.38932064 -0.34852868 -0.05128558
v -0.38816956 -0.33857945 -0.05605849
v -0.37671050 -0.28672361 -0.00472980
v -0.38636133 -0.30132422 -0.04156990
v -0.38856122 -0.31558868 -0.04972296
v -0.37582085 -0.29746532 0.08161400
v -0.37463695 -0.29770142 0.08963425
v -0.38831511 -0.31063688 -0.04601549
v -0.38605762 -0.29937568 -0.04483305
v -0.38599569 -0.29316503 -0.03872042
v -0.38526812 -0.29323345 -0.03492855
v -0.38719121 -0.28879395 -0.03416096
v -0.37369609 -0.29389259 0.11816799
v -0.38689691 -0.29059303 -0.03055580
v -0.36655802 -0.24502605 0.39714339
v -0.36903301 -0.24379136 0.38053402
v -0.37002733 -0.24375555 0.35720524
v -0.35660097 -0.25867453 0.37888893
v -0.36460721 -0.25081035 0.36564064
v -0.37528557 -0.23713928 0.33787787
v -0.37345400 -0.23786406 0.29109809
v -0.37387216 -0.23819461 0.22864172
v -0.37073973 -0.24110152 0.28875780
v -0.37118578 -0.24190448 0.31427249
v -0.37421617 -0.23883590 0.20707747
v -0.37563530 -0.24114421 0.16564910
v -0.37138706 -0.24276926 0.33788639
v -0.36495629 -0.25374746 0.33649504
v -0.37117308 -0.24174216 0.25134912
v -0.37553796 -0.24415560 0.13984594
v -0.36608529 -0.25138241 0.30166492
v -0.36533153 -0.25360131 0.27951160
v -0.36146235 -0.25762439 0.35828561
v -0.36106318 -0.25520185 0.36969480
v -0.37435195 -0.25346434 0.10140386
v -0.37810627 -0.24902573 0.08678319
v -0.38305789 -0.24123570 0.08918123
v -0.38805872 -0.24114975 0.05099676
v -0.38352039 -0.24870889 0.04556135
v -0.37896109 -0.25551808 0.05139522
v -0.38199875 -0.25632811 0.02415303
v -0.37472516 -0.25862968 0.07639250
v -0.37122259 -0.24497949 0.21180058
v -0.37140062 -0.25028458 0.16600804
v -0.37161228 -0.25542822 0.12941326
v -0.36718032 -0.25589791 0.21210341
v -0.37660369 -0.26929727 0.01610852
v -0.36158875 -0.26148832 0.33767807
v -0.36394495 -0.25644943 0.31137246
v -0.36881435 -0.25800985 0.17028400
v -0.37570211 -0.26629698 0.03997729
v -0.37257966 -0.27299559 0.05035973
v -0.37137821 -0.26263046 0.09901221
v -0.37163064 -0.26728657 0.07834618
v -0.36841676 -0.26456118 0.14178897
v -0.37995693 -0.26463297 0.01049837
v -0.36440665 -0.26584330 0.21464188
v -0.36703178 -0.26545644 0.17132039
v -0.38560811 -0.25285736 0.01772917
v -0.37672716 -0.27871794 0.00187966
v -0.38152900 -0.29397199 -0.02546566
v -0.38549009 -0.29036373 -0.02977755
v 0.36231878 -0.06963499 -0.00520556
v 0.38575751 -0.07910652 -0.01898306
v -0.40785164 -0.20945495 -0.07212672
v -0.40788290 -0.21333654 -0.05217591
v -0.40770698 -0.21314725 -0.07214518
v -0.40794653 -0.20942177 -0.05237872
v -0.40575111 -0.21329461 -0.04884958
v -0.40477923 -0.18984224 -0.10485408
v -0.39983711 -0.18858582 -0.10773263
v -0.40005973 -0.18722476 -0.10104874
v -0.40487283 -0.18970194 -0.09961037
v -0.39637351 -0.18701281 -0.10172575
v -0.39503646 -0.18748552 -0.10790181
v -0.39506030 -0.18641788 -0.09583357
v -0.39566332 -0.19045959 -0.11375290
v -0.40256697 -0.19233519 -0.11136160
v -0.39659065 -0.18813685 -0.09609342
v -0.39309466 -0.18755756 -0.11369675
v -0.39348885 -0.18338910 -0.09069029
v -0.40362662 -0.19138695 -0.09485249
v -0.39269280 -0.19262551 -0.11742396
v -0.40747425 -0.19411676 -0.10474523
v -0.40746406 -0.19391330 -0.09858072
v -0.39689621 -0.19071566 -0.09236826
v -0.39544544 -0.20999172 -0.05030385
v -0.39298150 -0.21149585 -0.05188134
v -0.39833856 -0.21018749 -0.04920565
v -0.40343946 -0.21121001 -0.04703581
v -0.38778201 -0.21534148 -0.05289762
v -0.38424590 -0.22130010 -0.05067038
v 0.26586163 -0.03089252 0.01348616
v 0.27284804 -0.03149080 0.01412269
v 0.26447332 -0.02943564 0.01451581
v 0.27758291 -0.03354141 0.01144086
v 0.28846887 -0.03686436 0.01112191
v 0.42616254 -0.07606582 -0.09923347
v 0.43085805 -0.07594332 -0.09156493
v 0.42401421 -0.07586992 -0.09574006
v 0.42599237 -0.07532741 -0.08854952
v 0.42846704 -0.07512709 -0.08292293
v 0.43500140 -0.07790080 -0.08136323
v 0.43500006 -0.07667039 -0.09599457
v 0.42821047 -0.07469532 -0.07717854
v 0.42219478 -0.07554115 -0.09869851
v 0.43279836 -0.07413428 -0.10048812
v 0.42785403 -0.07385219 -0.10233445
v 0.43539810 -0.07576672 -0.10052747
v 0.42332649 -0.07746720 -0.10108384
v 0.43752387 -0.07976173 -0.10667230
v 0.42583787 -0.07078763 -0.07956430
v -0.39782035 -0.13013570 0.18782173
v -0.39457923 -0.13683379 0.18000039
v -0.39808691 -0.14259155 0.17936496
v -0.40384597 -0.13762204 0.18884215
v -0.39382577 -0.14306109 0.16638140
v -0.39815170 -0.14796107 0.16595379
v -0.39403284 -0.14829314 0.15120421
v -0.39371473 -0.15327357 0.12846553
v -0.39486355 -0.15600075 0.11689308
v -0.39035353 -0.15381777 0.08655287
v -0.39389545 -0.15875025 0.08512565
v -0.39418674 -0.16152433 0.06743586
v -0.39007640 -0.15636507 0.06516470
v -0.39075521 -0.16011003 0.05669311
v -0.39055997 -0.16545212 0.04176216
v -0.34933308 -0.28185359 -0.10183210
v -0.35483748 -0.29518431 -0.10297239
v -0.34815067 -0.28777835 -0.10621032
v -0.35411400 -0.28100714 -0.09435535
v -0.34897137 -0.27714863 -0.09953699
v -0.35999915 -0.29064104 -0.09047038
v -0.36537898 -0.30389571 -0.08983792
v -0.36087045 -0.30919015 -0.10074924
v -0.36022356 -0.28165227 -0.08540075
v -0.37493861 -0.30524847 -0.07725683
v -0.37534177 -0.31134999 -0.08062705
v -0.36717126 -0.28446662 -0.07540769
v -0.37011248 -0.31125280 -0.08720287
v -0.36310261 -0.27239937 -0.07682316
v -0.36859831 -0.31585515 -0.08973668
v -0.35510784 -0.27060500 -0.08946163
v -0.34841165 -0.26987326 -0.09776470
v -0.37784258 -0.31246239 -0.07595327
v -0.37442935 -0.32133460 -0.08463953
v -0.36725917 -0.32952660 -0.09586743
v -0.37998229 -0.32610708 -0.07714941
v -0.36646730 -0.27180788 -0.06881029
v -0.34960848 -0.26260272 -0.09489018
v -0.37300485 -0.28035638 -0.05783509
v -0.37598199 -0.29124579 -0.06002772
v -0.38281196 -0.28838214 -0.04638880
v -0.37167138 -0.26898703 -0.05288165
v -0.38164461 -0.29904178 -0.05350040
v -0.37811548 -0.30457827 -0.06676865
v -0.38587853 -0.31377083 -0.05359707
v -0.38267243 -0.31099823 -0.05938209
v -0.38058737 -0.31609517 -0.06888816
v -0.38570061 -0.32519045 -0.05811442
v -0.36232352 -0.31681883 -0.10176585
v -0.36668581 -0.34040973 -0.10162383
v -0.35715988 -0.30342901 -0.10750133
v -0.35010678 -0.29049575 -0.10723357
v -0.34756824 -0.28802904 -0.10989685
v -0.38675970 -0.34835464 -0.06171431
v -0.37078175 -0.34515676 -0.09152605
v -0.37294626 -0.34667307 -0.08795106
v -0.36731893 -0.34421185 -0.10048614
v -0.37129393 -0.36371928 -0.09426491
v -0.37421650 -0.36448535 -0.08648450
v -0.37761766 -0.37858364 -0.08023976
v -0.37458268 -0.37776437 -0.08650950
v -0.37806916 -0.33623919 -0.08093181
v -0.38238776 -0.34371573 -0.07422443
v -0.38237092 -0.35487482 -0.07474656
v -0.37780946 -0.39105877 -0.07947944
v -0.38356143 -0.38623071 -0.06800675
v -0.37938747 -0.41063878 -0.07519798
v -0.37596211 -0.39416251 -0.08513568
v -0.38787362 -0.37381130 -0.05761243
v -0.38724306 -0.40718791 -0.05917409
v -0.38936222 -0.39590985 -0.05580929
v -0.38901275 -0.35297024 -0.05460038
v -0.38878345 -0.43120721 -0.05683756
v -0.38126221 -0.42592803 -0.06953955
v -0.38599348 -0.46136928 -0.06095365
v -0.38086370 -0.44402972 -0.07070085
v -0.37765926 -0.41472664 -0.08059658
v -0.38123512 -0.46208826 -0.07188761
v -0.38293204 -0.47359994 -0.06857334
v -0.38634872 -0.47758561 -0.06128599
v -0.38670459 -0.49296176 -0.06448618
v -0.38990179 -0.48768166 -0.05708153
v -0.38847300 -0.46786615 -0.05744196
v -0.37946326 -0.44612342 -0.07635453
v -0.40011099 -0.47593307 -0.04129450
v -0.39467269 -0.46306303 -0.04908566
v -0.39051557 -0.46004590 -0.05536009
v -0.39871356 -0.45553279 -0.04165338
v -0.40087646 -0.46627140 -0.03914681
v -0.40128207 -0.44965902 -0.03642148
v -0.39931968 -0.43508962 -0.03985166
v -0.40265942 -0.43390477 -0.03296493
v -0.39867353 -0.41398871 -0.03866221
v -0.40322310 -0.41696647 -0.02926372
v -0.39969331 -0.38804385 -0.02994505
v -0.39482206 -0.42011181 -0.04936380
v -0.40371868 -0.40575632 -0.02619060
v -0.39504409 -0.40631711 -0.04818753
v -0.39619255 -0.38315529 -0.04043711
v -0.39689392 -0.37180877 -0.03422817
v -0.39101768 -0.35946301 -0.05268881
v -0.39373583 -0.37148517 -0.04850962
v -0.39233199 -0.36152059 -0.05016853
v -0.35697040 -0.26405764 -0.08611882
v -0.37152836 -0.37087354 -0.09667021
v -0.37461028 -0.38514027 -0.09044390
v -0.37141687 -0.26563251 -0.05518367
v -0.40763682 -0.42411417 -0.02585245
v -0.37354088 -0.26158991 -0.04608810
v -0.39267176 -0.35445610 -0.04083251
v -0.39055642 -0.33017036 -0.02564537
v -0.37663156 -0.40989605 -0.08663400
v -0.37808886 -0.42746276 -0.08334225
v -0.37080431 -0.36458147 -0.09928397
v -0.36320412 -0.32377318 -0.10547604
v -0.36005712 -0.31179801 -0.10805023
v -0.37844402 -0.43302649 -0.08103488
v -0.40476096 -0.43948552 -0.03220235
v -0.34848770 -0.26026702 -0.09676597
v -0.34990394 -0.24937636 -0.09743413
v -0.37525931 -0.39048612 -0.09459834
v -0.37504712 -0.25381500 -0.04551072
v -0.37832221 -0.24102288 -0.03442197
v -0.40179929 -0.48869506 -0.04314335
v -0.37954894 -0.22288097 -0.03256074
v -0.38036272 -0.21684992 -0.02806512
v -0.37983847 -0.20092531 -0.02534936
v -0.37968519 -0.18953595 -0.02210261
v -0.38120133 -0.18472031 -0.01048864
v -0.37969783 -0.20865935 -0.03333747
v -0.38165635 -0.17409395 -0.00157588
v -0.38194081 -0.17920449 -0.00462841
v -0.38015133 -0.16292652 0.00268112
v -0.38405141 -0.17075694 0.00976628
v -0.38155243 -0.15740980 0.01636265
v -0.38687256 -0.15906973 0.04206965
v -0.38645700 -0.16475682 0.03027086
v -0.38463157 -0.14641204 0.05249995
v -0.38702625 -0.15479466 0.04965793
v -0.38580278 -0.14736663 0.05867904
v -0.38628352 -0.17594486 0.00918373
v -0.38694653 -0.14229089 0.10293593
v -0.39091304 -0.14946891 0.12218913
v -0.38710439 -0.13789141 0.12264065
v -0.38852331 -0.13490328 0.14260618
v -0.37870735 -0.23560318 -0.03589490
v -0.37783340 -0.24412352 -0.04698047
v -0.39174259 -0.14155765 0.15568888
v -0.38114911 -0.22053088 -0.04569213
v -0.37422550 -0.25761813 -0.05208303
v -0.37944344 -0.23345152 -0.04283681
v -0.38114548 -0.19868663 -0.04163526
v -0.38287851 -0.19929478 -0.04850471
v -0.38095245 -0.23164269 -0.04885342
v -0.36069953 -0.31181344 -0.11042892
v -0.35425726 -0.29743624 -0.11035727
v -0.37762922 -0.41020584 -0.08960113
v -0.37716895 -0.24989273 -0.05151043
v -0.37585336 -0.25621191 -0.05476867
v -0.36753961 -0.33224258 -0.11029221
v -0.36703616 -0.33618098 -0.10630563
v -0.37138629 -0.35182256 -0.10620087
v -0.37383899 -0.37403110 -0.10032252
v -0.38692662 -0.19733147 -0.05870552
v -0.38097885 -0.45005441 -0.07784646
v -0.38772094 -0.48948479 -0.06819037
v -0.37966484 -0.24470018 -0.05214955
v -0.38442042 -0.47153863 -0.07253174
v -0.37544906 -0.36789069 -0.10466781
v -0.35816079 -0.29854894 -0.11562640
v -0.38125673 -0.43553790 -0.08391802
v -0.36473721 -0.31288433 -0.11563177
v -0.38452229 -0.46524271 -0.07479628
v -0.37784281 -0.39010721 -0.09807148
v -0.37413841 -0.34966865 -0.11009683
v -0.35953793 -0.28527766 -0.12624630
v -0.36738333 -0.30715108 -0.12102403
v -0.35202736 -0.27982700 -0.12208381
v -0.37012434 -0.32022950 -0.11791904
v -0.38167509 -0.42455739 -0.08801257
v -0.39351842 -0.49336216 -0.07254465
v -0.38996604 -0.47934553 -0.07413867
v -0.34531519 -0.28463230 -0.10443829
v -0.38240322 -0.33645305 -0.12190100
v -0.35752505 -0.25201708 -0.14085758
v -0.37293920 -0.29775396 -0.13011169
v -0.38292745 -0.40214205 -0.09696324
v -0.38168022 -0.41345486 -0.09158062
v -0.40343544 -0.49338818 -0.08003721
v -0.38876522 -0.36124340 -0.11636372
v -0.39296117 -0.36069179 -0.11974872
v -0.39029148 -0.34381297 -0.12571040
v -0.39673039 -0.35330161 -0.12760280
v -0.39482066 -0.37830886 -0.11289065
v -0.40597132 -0.39206240 -0.11849721
v -0.39757764 -0.39496014 -0.10805827
v -0.40923783 -0.40011907 -0.11680698
v -0.40066957 -0.40560400 -0.10507057
v -0.39472041 -0.39627171 -0.10541079
v -0.38297397 -0.38488948 -0.10374349
v -0.40968919 -0.41918445 -0.10753420
v -0.39818153 -0.41814995 -0.09785434
v -0.40785354 -0.43523395 -0.10072015
v -0.40258932 -0.43570489 -0.09574830
v -0.40297821 -0.45208344 -0.08996440
v -0.39769939 -0.43665567 -0.09155191
v -0.40051889 -0.46600795 -0.08413020
v -0.38670501 -0.45521200 -0.07979298
v -0.39816156 -0.45865563 -0.08481301
v -0.39432269 -0.41744202 -0.09571330
v 0.38043126 -0.29098541 0.06615566
v 0.37955734 -0.29001242 0.08521342
v 0.37714627 -0.28876001 0.11043262
v 0.37462181 -0.28382006 0.20230642
v 0.37215853 -0.28249815 0.19837858
v 0.37189725 -0.28302386 0.16342060
v 0.37157962 -0.28352973 0.25536311
v 0.37221286 -0.28359318 0.13023070
v 0.37350869 -0.28438866 0.23768452
v 0.36842275 -0.28238145 0.32085323
v 0.36820352 -0.28381181 0.35048962
v 0.36803743 -0.28830010 0.37480298
v 0.36915052 -0.28109655 0.25703004
v 0.37009594 -0.28003925 0.20115453
v 0.37579259 -0.28743976 0.09125990
v 0.37189865 -0.28254539 0.11362467
v 0.36727098 -0.28020129 0.30520368
v 0.36653250 -0.28054562 0.33205438
v 0.36807629 -0.27894813 0.23231721
v 0.36384445 -0.27976739 0.36614189
v 0.36457849 -0.27684823 0.32744488
v 0.36651883 -0.27657688 0.26056674
v 0.37665111 -0.28742152 0.07637361
v 0.36773232 -0.27582094 0.20203152
v 0.36867195 -0.27619991 0.17030247
v 0.36952072 -0.27690241 0.14314468
v 0.36403871 -0.28381729 0.37979123
v 0.37060830 -0.28018478 0.13966018
v 0.36380386 -0.28909227 0.38819796
v 0.36206844 -0.27208129 0.35867068
v 0.36329946 -0.27154106 0.32456678
v 0.36500859 -0.27273607 0.28507423
v 0.36188069 -0.27556124 0.38046840
v 0.36738071 -0.27172226 0.17543861
v 0.37045401 -0.27675658 0.12912461
v 0.36494753 -0.26971662 0.25264642
v 0.36596057 -0.26900738 0.21357532
v 0.36876342 -0.27292767 0.15293832
v 0.36331454 -0.26441172 0.29232442
v 0.36685610 -0.26722434 0.19011316
v 0.36089027 -0.26505935 0.35835978
v 0.36243531 -0.26370490 0.31646034
v 0.36007872 -0.26161250 0.38243100
v 0.36414862 -0.26428920 0.25853822
v 0.36555278 -0.26546037 0.21942267
v 0.35881406 -0.26042849 0.39121869
v 0.37060663 -0.23991928 0.36393890
v 0.37163845 -0.23970470 0.33410564
v 0.36501655 -0.24806985 0.35989642
v 0.36582312 -0.24880593 0.33362415
v 0.36416009 -0.24746582 0.38000739
v 0.37076041 -0.23897283 0.37933624
v 0.36823636 -0.24453835 0.29356202
v 0.37018144 -0.24184902 0.27999419
v 0.36987731 -0.24234068 0.24589422
v 0.37035310 -0.24331345 0.21918818
v 0.37432534 -0.24383090 0.18464166
v 0.37122822 -0.24706797 0.18820998
v 0.37393191 -0.24792592 0.16224141
v 0.36541435 -0.24292688 0.39043763
v 0.36173138 -0.24858962 0.39164329
v 0.36658964 -0.24770600 0.30996069
v 0.37517339 -0.24881276 0.14587238
v 0.37875456 -0.24956980 0.12010132
v 0.38223487 -0.24910295 0.10259555
v 0.38683560 -0.25099656 0.07690357
v 0.38996682 -0.24856737 0.07211825
v 0.38236281 -0.25463259 0.08648591
v 0.36760229 -0.24727814 0.25322762
v 0.38252950 -0.25708574 0.07134645
v 0.37788263 -0.26152986 0.09637375
v 0.37535277 -0.25236684 0.13620175
v 0.36924359 -0.24651510 0.21668506
v 0.37861440 -0.26636025 0.07374861
v 0.38363844 -0.25894940 0.05213872
v 0.38234985 -0.26502353 0.04070214
v 0.38354626 -0.26667976 0.02243693
v 0.37416115 -0.26833686 0.10935501
v 0.37141395 -0.26107329 0.14761066
v 0.37016967 -0.26044697 0.16511260
v 0.36849627 -0.26108971 0.18341975
v 0.38579267 -0.25521913 0.05329747
v 0.36219910 -0.26257482 0.32893717
v 0.36517388 -0.25435996 0.29609513
v 0.36137646 -0.26070538 0.36132696
v 0.37578112 -0.27668616 0.07664230
v 0.38514236 -0.26733568 -0.00944219
v 0.36662978 -0.25904959 0.21744864
v 0.36049151 -0.24825183 0.39540821
v 0.39523977 -0.44424954 0.44725716
v 0.39347297 -0.42935365 0.44488940
v 0.39400858 -0.43082073 0.44675794
v 0.39197356 -0.41558036 0.44599161
v 0.39657539 -0.46463937 0.44846070
v 0.39623564 -0.46078259 0.45009151
v 0.39926526 -0.48863527 0.45131695
v 0.39691895 -0.49392378 0.45567945
v 0.39244375 -0.49087629 0.46278989
v 0.39391288 -0.47594857 0.45585063
v 0.38452667 -0.45650911 0.46233842
v 0.38985968 -0.44345969 0.45346478
v 0.38398826 -0.48328632 0.46934319
v 0.37824276 -0.43434396 0.46571147
v 0.38342008 -0.43804747 0.45898426
v 0.38056743 -0.41253027 0.45691714
v 0.37602165 -0.43014133 0.46693119
v 0.38680080 -0.39003196 0.44758132
v 0.39182940 -0.39959368 0.44305485
v 0.38917789 -0.37799868 0.44278747
v 0.38541174 -0.35578269 0.44368827
v 0.37854007 -0.35740602 0.45128193
v 0.38007510 -0.32798663 0.44558781
v 0.38663632 -0.33826509 0.43912724
v 0.38505983 -0.31777856 0.43838924
v 0.37562323 -0.31185079 0.44890326
v 0.38418049 -0.29184482 0.43553367
v 0.37131909 -0.27501255 0.45084235
v 0.37902004 -0.26118582 0.43801877
v 0.38566470 -0.27560633 0.43114465
v 0.37091780 -0.30697691 0.45497873
v 0.36893851 -0.27072093 0.45292401
v 0.37740827 -0.23230299 0.43701452
v 0.37546548 -0.33703923 0.45104742
v 0.37529063 -0.35829747 0.45520476
v 0.37925792 -0.39026743 0.45480153
v 0.36903641 -0.23587593 0.44969678
v 0.37080798 -0.22375964 0.44649783
v 0.38101298 -0.21084547 0.43004039
v 0.37196714 -0.19828162 0.44083038
v 0.36847240 -0.20988342 0.44699740
v 0.37386504 -0.19172624 0.43701258
v 0.38149405 -0.18682577 0.42635387
v 0.36803615 -0.18149523 0.44439501
v 0.37129399 -0.16052611 0.43831006
v 0.37833366 -0.16276832 0.42926738
v 0.37695500 -0.14182746 0.42998898
v 0.36721361 -0.14054379 0.44237801
v 0.37369850 -0.12730479 0.43208063
v 0.37595451 -0.13128667 0.42957917
v 0.36456877 -0.12216799 0.44239545
v 0.37775481 -0.41864520 0.46277964
v 0.37432590 -0.38342467 0.46159717
v 0.37379479 -0.39674532 0.46457979
v 0.37039128 -0.37421492 0.46442163
v 0.37112340 -0.35906550 0.46186593
v 0.37149543 -0.34402749 0.45878273
v 0.37230727 -0.11642459 0.43050992
v 0.38795087 -0.35755861 0.43980485
v 0.36387095 -0.10858067 0.43726283
v 0.36138713 -0.11348730 0.44258329
v 0.36952367 -0.32345784 0.45788026
v 0.36915085 -0.34440836 0.46071017
v 0.35915777 -0.15447052 0.44942892
v 0.36165649 -0.19268002 0.45035899
v 0.35589349 -0.12590377 0.44878411
v 0.36844397 -0.11061826 0.43203101
v 0.35648790 -0.10426965 0.44253507
v 0.36694431 -0.29995322 0.45706889
v -0.40822303 -0.19760537 -0.10156355
v -0.40414628 -0.20090930 -0.09500559
v -0.40508616 -0.20195441 -0.10227044
v -0.40160292 -0.20493950 -0.10146692
v -0.40152034 -0.20291814 -0.09371373
v -0.39869678 -0.20773216 -0.09312921
v -0.39812797 -0.20954661 -0.09830671
v -0.39846960 -0.20518447 -0.08822272
v -0.39663333 -0.20893769 -0.10685089
v -0.40372813 -0.20051757 -0.10879771
v -0.40385994 -0.19886227 -0.11002950
v -0.39636761 -0.21533754 -0.09513880
v -0.39406502 -0.21902902 -0.09914482
v -0.39835903 -0.21006970 -0.08532993
v -0.39394313 -0.22410214 -0.09253023
v -0.39800289 -0.21455275 -0.08313181
v -0.39642262 -0.22256227 -0.07506208
v -0.39400592 -0.22756326 -0.08289746
v -0.39221185 -0.22956708 -0.08666708
v -0.39461622 -0.22433101 -0.06612970
v -0.39147383 -0.23204966 -0.06675539
v -0.39190248 -0.23429531 -0.08122200
v -0.39110878 -0.22805709 -0.06078177
v -0.39059299 -0.23519014 -0.06273612
v -0.39800024 -0.20465401 -0.08478399
v -0.40509689 -0.19778420 -0.09499128
v -0.39733204 -0.19555339 -0.08992865
v -0.38765582 -0.23284107 -0.05739349
v -0.38967448 -0.22656073 -0.05719044
v -0.38929868 -0.23879588 -0.06005394
v -0.39140734 -0.24556404 -0.06146438
v -0.38859871 -0.23173992 -0.08693753
v -0.38512883 -0.23854329 -0.05609437
v -0.38218156 -0.24362065 -0.05521538
v -0.38037467 -0.25234991 -0.05620012
v 0.38891849 -0.37487310 0.43993255
v 0.38384673 -0.34350702 0.43381754
v 0.38023043 -0.34087422 0.42817056
v 0.38891748 -0.40490732 0.43830955
v 0.37964663 -0.36034834 0.42760286
v 0.38018411 -0.37896743 0.42855468
v 0.38347501 -0.40423438 0.43172598
v 0.38394323 -0.42898074 0.43277654
v 0.38392729 -0.44765052 0.43290007
v 0.38597187 -0.46573123 0.43532297
v 0.38834888 -0.48884654 0.43671712
v 0.39739436 -0.48339957 0.44874519
v 0.38030246 -0.32719073 0.42677316
v 0.37530476 -0.35517392 0.42352039
v 0.37090805 -0.33767331 0.41800964
v 0.37987989 -0.38987416 0.42824811
v 0.37423202 -0.32295781 0.41844693
v 0.37024429 -0.32409501 0.41388273
v 0.37981918 -0.31520835 0.42295328
v 0.37958226 -0.41009101 0.42836937
v 0.37939936 -0.43451843 0.43015990
v 0.37311605 -0.37939402 0.42393842
v 0.37073275 -0.34615737 0.41914591
v 0.38335744 -0.45614100 0.43321970
v 0.38340220 -0.47115591 0.43427825
v 0.37150678 -0.40062675 0.42454615
v 0.38424003 -0.48893729 0.43514758
v 0.41318539 -0.09006072 -0.04872742
v 0.40556678 -0.09305537 -0.04735600
v 0.40530357 -0.09904198 -0.05152768
v 0.40874994 -0.09024584 -0.04533185
v 0.40684015 -0.08959698 -0.04377319
v 0.41132131 -0.09459843 -0.05416603
v 0.40992022 -0.09973808 -0.05443555
v 0.41361767 -0.08941853 -0.05097646
v 0.41567209 -0.09000324 -0.04369624
v 0.41834429 -0.08919410 -0.05056363
v 0.40503600 -0.09916463 -0.05385476
v 0.40694290 -0.08891746 -0.03913789
v 0.40522155 -0.08983988 -0.03530141
v -0.40077290 -0.19841014 -0.09155730
v -0.37935308 -0.29540229 0.06643523
v -0.38027287 -0.29526472 0.04148994
v -0.41323996 -0.08816824 -0.05947557
v -0.40990284 -0.09003107 -0.05822382
v -0.41280690 -0.09196213 -0.05560539
v -0.40936464 -0.09458165 -0.05354873
v -0.41250691 -0.09571465 -0.05159929
v -0.41775611 -0.09510778 -0.05095045
v -0.41050145 -0.09910238 -0.04955678
v -0.41895217 -0.09078531 -0.05840283
v -0.41661951 -0.08378467 -0.06400023
v -0.40482384 -0.09803390 -0.04829970
v -0.40559846 -0.09861811 -0.04665245
v -0.41941175 -0.08752853 -0.06311896
v -0.42017138 -0.09424396 -0.05576211
v -0.42048472 -0.09687776 -0.05038555
v -0.41871160 -0.08013789 -0.06901545
v -0.40647116 -0.09149402 -0.05261545
v -0.41277954 -0.08389745 -0.06052009
v -0.40995553 -0.08672618 -0.05829549
v -0.41522598 -0.07806639 -0.06401832
v -0.40244380 -0.09354786 -0.04603901
v -0.29030463 -0.18494229 0.42684200
v -0.29896539 -0.19341443 0.42734352
v -0.29400572 -0.19018392 0.42412099
v -0.30160585 -0.19837166 0.42654455
v -0.30592820 -0.20469053 0.42825213
v -0.29652888 -0.18128297 0.43273169
v -0.30452502 -0.19251214 0.43137512
v -0.30847985 -0.20271935 0.43156078
v -0.31136617 -0.18986605 0.43609110
v -0.31227526 -0.19517982 0.43640286
v -0.30837634 -0.21006605 0.43051291
v -0.31179652 -0.22045460 0.43439201
v -0.30963007 -0.21706443 0.43152863
v -0.31737250 -0.20462555 0.44548833
v -0.31752485 -0.22430649 0.44439393
v -0.31631353 -0.19015184 0.44762412
v -0.31315401 -0.18282047 0.44692373
v -0.31110916 -0.17873979 0.44831818
v -0.44219324 0.43568709 -0.35325018
v -0.44381309 0.43570876 -0.34686714
v -0.44435233 0.43821254 -0.35788313
v -0.44007581 0.43229419 -0.34814504
v -0.44092178 0.43250823 -0.33965567
v -0.43898311 0.43263724 -0.35583618
v -0.44611916 0.43940097 -0.35857177
v -0.43711242 0.42868721 -0.35152924
v -0.43550175 0.42851248 -0.35786581
v -0.43885565 0.42971155 -0.34328467
v -0.43764365 0.43353742 -0.36272916
v -0.43372813 0.42272499 -0.34950307
v -0.43174917 0.42331281 -0.35933900
v -0.42999747 0.41840398 -0.35324064
v -0.43407446 0.42108381 -0.34373936
v -0.43582669 0.43020147 -0.36401704
v -0.43085983 0.42454958 -0.36861932
v -0.43501440 0.43047923 -0.37089306
v -0.42487001 0.41783306 -0.36557803
v -0.42483202 0.41638499 -0.36308494
v -0.43853271 0.42793921 -0.33866912
v -0.43706298 0.42442447 -0.33458105
v -0.43188280 0.42561421 -0.37626290
v -0.43733370 0.43562204 -0.37239927
v -0.43467548 0.43248197 -0.37613258
v -0.44321203 0.43604386 -0.36333722
v -0.41953900 0.41451973 -0.36730790
v -0.42129144 0.41968259 -0.37067464
v -0.41657609 0.41917625 -0.37347472
v -0.42111939 0.42513323 -0.37623340
v -0.41648334 0.42480856 -0.37807077
v -0.42722413 0.45611256 -0.36996573
v -0.42381105 0.45103663 -0.37598133
v -0.42202190 0.45941097 -0.37729505
v -0.41688246 0.45185205 -0.38594350
v -0.42153907 0.44600952 -0.38012555
v -0.41901141 0.45983243 -0.38311419
v -0.41471797 0.46195686 -0.39092726
v -0.41647786 0.46465036 -0.38677946
v -0.41252682 0.45714456 -0.39287522
v -0.41725209 0.44435787 -0.38476095
v -0.42282599 0.43754458 -0.37970251
v -0.41009820 0.44590464 -0.39304349
v -0.41375774 0.43947285 -0.38734919
v -0.40822193 0.46076077 -0.39651373
v -0.42735836 0.44373852 -0.37564868
v -0.40577409 0.46783730 -0.39636621
v -0.43349248 0.45178136 -0.36504751
v -0.40615523 0.43555731 -0.39199433
v -0.41142523 0.43062153 -0.38573506
v -0.41659057 0.43387002 -0.38309303
v -0.42160219 0.42986780 -0.37847409
v -0.40178794 0.46343556 -0.39956713
v -0.39708033 0.46228826 -0.40232980
v -0.43164262 0.43685409 -0.37607509
v -0.43518034 0.44155756 -0.37141410
v -0.43841788 0.44165790 -0.36761236
v -0.44303682 0.44320005 -0.35865033
v -0.43852946 0.44766644 -0.36295745
v -0.42721102 0.43189800 -0.37804297
v 0.43311226 0.42408824 -0.36771709
v 0.43240348 0.41973817 -0.37416303
v 0.43599039 0.42039052 -0.37027881
v 0.43635806 0.41749144 -0.37427080
v 0.42842275 0.42456487 -0.37198004
v 0.43162099 0.42836788 -0.36591163
v 0.43010461 0.41771337 -0.37650600
v 0.43177980 0.41518018 -0.37678823
v 0.42425844 0.41931260 -0.37550795
v 0.42518938 0.42604411 -0.37329420
v 0.42826468 0.43376184 -0.36888793
v 0.42082876 0.42335036 -0.37556604
v 0.43701702 0.41139296 -0.37436023
v 0.42441326 0.41537040 -0.37659523
v 0.41842568 0.41721150 -0.37613335
v 0.43592837 -0.10635159 -0.06417941
v 0.42954910 -0.11012574 -0.06511738
v 0.43169340 -0.10452833 -0.06079807
v 0.43331006 -0.11033601 -0.06990188
v 0.43647155 -0.10773762 -0.06926793
v 0.42759866 -0.10998133 -0.05790562
v 0.42711106 -0.10790020 -0.05346134
v 0.42792058 -0.10420958 -0.05344982
v 0.43650925 -0.09983359 -0.06350885
v 0.43322197 -0.10368887 -0.07885564
v 0.42750928 -0.10893373 -0.07576203
v 0.43307778 -0.10791388 -0.07640194
v 0.43630996 -0.10643478 -0.07581591
v 0.42902115 -0.10575640 -0.07921846
v 0.42050064 -0.11079264 -0.07953423
v 0.43194953 -0.09859725 -0.08450325
v 0.43617094 -0.10009526 -0.07797901
v 0.43533123 -0.09598444 -0.08344278
v 0.42302853 -0.10665902 -0.08407328
v 0.42747316 -0.09966892 -0.08767531
v 0.42502233 -0.09856111 -0.09352723
v 0.43478069 -0.09461267 -0.09027329
v 0.41548380 -0.10903974 -0.09379064
v 0.42885366 -0.09555249 -0.09929087
v 0.43301231 -0.09454618 -0.10196986
v 0.43688899 -0.09188616 -0.10903297
v 0.43307358 -0.09454846 -0.11935916
v 0.43600518 -0.09164893 -0.12258677
v 0.40970153 -0.11667951 -0.02781808
v 0.40438616 -0.11997693 -0.03072895
v 0.40292743 -0.11570489 -0.01240116
v 0.41453820 -0.11731531 -0.04255554
v 0.41192809 -0.12145296 -0.05129160
v 0.41583669 -0.11920569 -0.05199658
v 0.42007744 -0.11550514 -0.04381605
v 0.42311266 -0.11420386 -0.04893530
v 0.41061065 -0.12290147 -0.05771596
v 0.42006108 -0.11281162 -0.02498731
v 0.41362172 -0.11126274 -0.00061131
v 0.40169922 -0.11435266 0.00395541
v 0.41953516 -0.10945557 -0.00993850
v 0.42075723 -0.10747661 -0.00133106
v 0.41305864 -0.11169172 0.00213495
v 0.42449063 -0.11343338 -0.05878973
v 0.40059799 -0.11492376 0.04637141
v 0.40191925 -0.11670180 0.08359829
v 0.40171567 -0.11688928 0.14393312
v 0.41786885 -0.11151125 0.00686375
v 0.42149162 -0.11382018 0.02881857
v 0.40107250 -0.11666045 0.17157143
v 0.40047315 -0.11783879 0.17984422
v 0.39630672 -0.12003929 0.13187468
v 0.39646950 -0.12004299 0.08341660
v 0.41495544 -0.11840554 -0.06403108
v 0.42387459 -0.11284256 -0.06538784
v 0.42781612 -0.11004470 -0.07228262
v 0.41676658 -0.11221576 -0.08226098
v 0.42573693 -0.10226911 -0.00898795
v 0.39496207 -0.12026647 0.06304311
v 0.41045982 -0.11904334 -0.07970808
v 0.42267016 -0.10495365 -0.01137790
v 0.41447264 -0.11534193 -0.07778143
v 0.39829877 -0.11815695 0.00114879
v 0.39866117 -0.12059110 -0.01330598
v 0.40613529 -0.12687521 -0.05122294
v 0.40593371 -0.12811396 -0.05951053
v 0.39969456 -0.12431674 -0.02738729
v 0.42299265 -0.10909012 -0.02464115
v 0.40129805 -0.13053840 -0.04646677
v 0.40210313 -0.13364504 -0.05867386
v 0.42429647 -0.10116550 -0.01633620
v 0.42407900 -0.09674290 -0.02586437
v 0.42439473 -0.11199480 -0.04705978
v -0.38953510 -0.29361564 -0.02249431
v -0.39180177 -0.29583263 -0.02097492
v -0.38382959 -0.29858604 0.01679756
v -0.38379472 -0.29639468 0.02276137
v -0.38276565 -0.29423597 0.03457559
v -0.39391416 -0.28622460 0.03093980
v -0.39889646 -0.28625000 0.01068849
v -0.39079061 -0.28584588 0.05050928
v -0.40500596 -0.27577323 0.02950294
v -0.40366983 -0.27374858 0.04873649
v -0.40968913 -0.27468383 0.01235855
v -0.38542527 -0.28843740 0.07480135
v -0.39971393 -0.27506796 0.07359924
v -0.38444537 -0.29090387 0.05733475
v -0.38908455 -0.28222823 0.09768692
v -0.38032496 -0.28998512 0.09919801
v -0.39777616 -0.27431545 0.09720128
v -0.38648033 -0.28154725 0.13071544
v -0.37594488 -0.29106411 0.12844425
v -0.39428467 -0.27525702 0.12764072
v -0.37577260 -0.29552054 0.09259036
v -0.40295181 -0.26724964 0.12021437
v -0.40492305 -0.26821062 0.08557393
v -0.40575889 -0.26881772 0.07295040
v -0.38196272 -0.28376067 0.16901895
v -0.37426722 -0.29104179 0.16567791
v -0.39034280 -0.27710837 0.16590397
v -0.39844030 -0.27014798 0.16482720
v -0.37417951 -0.29037669 0.20060019
v -0.37835851 -0.28691396 0.22803357
v -0.40434483 -0.26392877 0.15734126
v -0.39124310 -0.27688310 0.20014107
v -0.39761466 -0.27126053 0.19810016
v -0.39268017 -0.27562356 0.24214797
v -0.38698015 -0.28041494 0.23557672
v -0.39286381 -0.27543762 0.27036047
v -0.38227943 -0.28465122 0.26053262
v -0.38578528 -0.28150702 0.30019051
v -0.38179424 -0.28490043 0.30525088
v -0.39049175 -0.27705309 0.31465650
v -0.40094313 -0.26769280 0.21482100
v -0.38551962 -0.28239745 0.34066701
v -0.39069745 -0.27730668 0.35767877
v -0.39931044 -0.26847073 0.24520384
v -0.38341552 -0.28519326 0.35427859
v -0.37743819 -0.28937405 0.35195476
v -0.39405215 -0.27314702 0.30672812
v -0.39403260 -0.27235922 0.34458056
v -0.39978123 -0.26684225 0.27110171
v -0.38529870 -0.28584811 0.37897211
v -0.38997334 -0.28064156 0.37960818
v -0.38135007 -0.28937116 0.38214481
v -0.40977719 -0.26547718 0.05400953
v -0.41281888 -0.25939265 0.07495866
v -0.40973744 -0.26961303 0.02891162
v -0.39415506 -0.27276099 0.36707842
v -0.38901496 -0.28593507 0.40037265
v -0.38513228 -0.29039124 0.39910322
v -0.38034451 -0.29734582 0.40600294
v -0.37662855 -0.29334268 0.39036557
v -0.38162965 -0.29349709 0.39987075
v -0.38202268 -0.30195162 0.41448525
v -0.37901360 -0.30217007 0.41105145
v -0.37847009 -0.31077126 0.41610256
v -0.37229401 -0.33965987 0.41955593
v 0.42071441 -0.09166788 -0.04106178
v 0.42412838 -0.09348011 -0.05195981
v 0.42375454 -0.09521449 -0.04083279
v 0.42359936 -0.09601282 -0.03135685
v 0.42486000 -0.09109658 -0.05601005
v 0.42751178 -0.10014224 -0.05298888
v 0.42719498 -0.09608886 -0.05507932
v 0.43079114 -0.09567337 -0.06068870
v 0.43182144 -0.09975524 -0.06046044
v 0.42515281 -0.10203957 -0.04067763
v 0.42532244 -0.08073360 -0.06242800
v 0.43081409 -0.09099531 -0.06430240
v 0.42894265 -0.07946859 -0.07002918
v 0.42146599 -0.07606629 -0.05968653
v 0.42438963 -0.07202045 -0.06894290
v 0.43560290 -0.09145794 -0.07027982
v 0.43597367 -0.08126332 -0.07775116
v 0.43036002 -0.07730134 -0.07519850
v 0.41732562 -0.08458282 -0.05222610
v 0.43742812 -0.08033738 -0.08438794
v 0.41577268 -0.08019459 -0.05204719
v 0.43587393 -0.09444530 -0.06533274
v 0.42404029 -0.10284052 -0.03246066
v 0.42479563 -0.10916589 -0.04261853
v 0.42354238 -0.10315500 -0.01872073
v 0.41359141 -0.08551087 -0.05007314
v 0.41018814 -0.08822079 -0.04987852
v 0.43736100 -0.09235369 -0.08181859
v 0.43698725 -0.09579241 -0.07685793
v 0.43772694 -0.09559958 -0.07159154
v 0.43745351 -0.08866296 -0.07864869
v 0.43909761 -0.08775213 -0.08452701
v 0.43675530 -0.09240543 -0.09248672
v 0.43823528 -0.08780745 -0.11933282
v 0.43908700 -0.08393833 -0.08337719
v 0.43861404 -0.08354943 -0.11487827
v 0.43867594 -0.10074688 -0.07226961
v 0.43859312 -0.10085665 -0.06868170
v 0.44481754 0.39457163 -0.33167866
v -0.43784347 0.36165246 -0.29864490
v -0.43801716 0.35743582 -0.29558742
v -0.44023412 0.35996330 -0.29970530
v -0.44011325 0.35569829 -0.29605812
v -0.43820727 0.36344591 -0.30438370
v -0.43720028 0.35100216 -0.29434893
v -0.42175049 -0.06758492 -0.08988724
v -0.42097330 -0.06932881 -0.07782438
v -0.42046991 -0.07769441 -0.07896668
v -0.41836002 -0.08591945 -0.08917790
v -0.42317292 -0.06028863 -0.07976603
v -0.41989174 -0.07445581 -0.09465352
v -0.42218804 -0.06507728 -0.10366160
v -0.42471310 -0.05906850 -0.09344728
v -0.42801997 -0.04929085 -0.10349234
v -0.42847860 -0.04819280 -0.11030597
v -0.43172500 -0.02948419 -0.10870184
v -0.42732167 -0.04542006 -0.09406252
v -0.43215033 -0.02639016 -0.12199846
v -0.42892656 -0.04281231 -0.12344677
v -0.43169445 -0.02752506 -0.12537298
v -0.42726299 -0.04873908 -0.12244157
v -0.41653639 -0.08215127 -0.10361956
v -0.41832280 -0.07039962 -0.12276946
v -0.41286683 -0.08489091 -0.12239600
v -0.40725458 -0.10511781 -0.12004504
v -0.41217893 -0.10100983 -0.10168984
v -0.40459806 -0.12231805 -0.10266872
v -0.40270725 -0.11800811 -0.12389100
v -0.39971301 -0.13234873 -0.11980804
v -0.39985389 -0.13746120 -0.10304190
v -0.40305030 -0.13050435 -0.09243255
v -0.40220970 -0.13495973 -0.08276729
v -0.39781886 -0.14687476 -0.09186247
v -0.39731276 -0.14626232 -0.11540689
v -0.39848688 -0.14525028 -0.07897764
v -0.39546484 -0.15469120 -0.07830153
v -0.40257564 -0.13634083 -0.07334458
v -0.39850599 -0.13035244 -0.13126813
v -0.40631303 -0.12471107 -0.08646295
v -0.40959319 -0.11242688 -0.09668466
v -0.39952686 -0.11984009 -0.13722314
v -0.39553306 -0.13326612 -0.14875583
v -0.40517154 -0.10019381 -0.13287614
v -0.42112339 -0.05669236 -0.13602675
v -0.41094938 -0.08401255 -0.13092861
v -0.42304933 -0.04586090 -0.14287016
v -0.39463887 -0.15133941 -0.13774388
v -0.39351234 -0.16659431 -0.12077045
v -0.39222571 -0.16640198 -0.13049899
v -0.38942301 -0.17493895 -0.13068382
v -0.39236546 -0.15893571 -0.14300844
v -0.39352155 -0.15360869 -0.14743881
v -0.39531162 -0.16034605 -0.10740180
v -0.39475557 -0.16212253 -0.09211748
v -0.39097258 -0.16446397 -0.13867576
v -0.41657254 -0.09338599 -0.09252635
v -0.39328730 -0.17737180 -0.10399728
v -0.39290771 -0.16518050 -0.07835069
v -0.39201438 -0.16171840 -0.06517810
v -0.39786315 -0.14614002 -0.06840300
v -0.39247876 -0.18035737 -0.11247720
v -0.39318138 -0.17845748 -0.09600540
v -0.39202428 -0.17862116 -0.08473872
v -0.39086047 -0.18017600 -0.12250829
v -0.39025635 -0.16970435 -0.06785463
v -0.39031726 -0.17961422 -0.07637268
v -0.39851642 -0.11456972 -0.14549233
v -0.39339072 -0.13758144 -0.15736529
v -0.43353820 -0.00629212 -0.12196083
v -0.43244117 -0.01234972 -0.10607681
v -0.42212877 -0.05976035 -0.07417446
v -0.41869283 -0.07313719 -0.07085595
v -0.43386063 0.01902870 -0.11318943
v -0.43487498 0.02807087 -0.12058494
v -0.43406793 0.01124998 -0.12316400
v -0.43483749 0.02590690 -0.12516880
v -0.43523613 0.04476871 -0.12800294
v -0.43463305 0.04214858 -0.13670619
v -0.43483540 0.05811908 -0.13708779
v -0.43283036 0.05093558 -0.15470801
v -0.43429273 0.07008453 -0.15396869
v -0.43292323 0.06667786 -0.16440213
v -0.43398377 0.09172785 -0.17479600
v -0.43320921 0.08245164 -0.17447902
v -0.43550116 0.10644473 -0.16011292
v -0.43555906 0.12316719 -0.17356604
v -0.43469739 0.08080006 -0.14588106
v -0.43559676 0.12751797 -0.15746802
v -0.43525234 0.15508875 -0.17222977
v -0.43440142 0.15154627 -0.18347940
v -0.43416089 0.16639990 -0.19120446
v -0.43529084 0.16782273 -0.17544454
v -0.43673706 0.18441898 -0.17511523
v -0.43667570 0.18405351 -0.18311848
v -0.43524089 0.18249115 -0.19702251
v -0.43856251 0.19347952 -0.18424006
v -0.43889269 0.19319479 -0.17615119
v -0.43285239 0.14566986 -0.19258140
v -0.43892622 0.20573401 -0.19429380
v -0.43907574 0.20646119 -0.18297805
v -0.43962425 0.22454329 -0.19485821
v -0.43904355 0.22320268 -0.21355607
v -0.43968582 0.23287414 -0.21052684
v -0.43854436 0.22497487 -0.21796526
v -0.43877992 0.24890630 -0.22070198
v -0.41795000 -0.09738111 -0.08707240
v -0.44003606 0.26416326 -0.20187108
v -0.43972510 0.26074207 -0.21972945
v -0.41332579 -0.10607698 -0.09295025
v -0.41292956 -0.11332942 -0.08590894
v -0.43998224 0.27914608 -0.21476117
v -0.43961412 0.26877683 -0.22548449
v -0.43931487 0.27042723 -0.23269999
v -0.44092882 0.30440953 -0.23617506
v -0.44040912 0.29440448 -0.23957746
v -0.44136381 0.31029832 -0.25052702
v -0.44235462 0.32643765 -0.24602406
v -0.44206017 0.33017543 -0.25556383
v -0.44103888 0.31535918 -0.25769031
v -0.44040385 0.32678643 -0.26610917
v -0.43960544 0.34928694 -0.27086109
v -0.44020730 0.35082081 -0.26589102
v -0.43979585 0.36031041 -0.27726108
v -0.44032454 0.36867934 -0.27230647
v -0.44015005 0.37017265 -0.27821898
v -0.43901095 0.36958581 -0.28912425
v -0.43835330 0.38326636 -0.29081678
v -0.38931349 -0.18157168 -0.12535623
v -0.38986111 -0.18834437 -0.12100525
v -0.41619235 -0.10680745 -0.08616508
v -0.44020662 0.35633063 -0.25696215
v -0.43778086 0.38752714 -0.30236521
v -0.43776843 0.37022689 -0.30185533
v -0.43755937 0.35664910 -0.29041487
v -0.42125431 -0.08839808 -0.08013899
v -0.42020404 -0.09564952 -0.08365094
v -0.42143586 -0.08658624 -0.07650112
v -0.42022854 -0.08117408 -0.07382148
v -0.43955505 0.24835904 -0.19633026
v -0.43884978 0.22878200 -0.17525861
v -0.43887866 0.23375374 -0.17986809
v -0.43954113 0.28816915 -0.19945049
v -0.43998143 0.29736269 -0.21172166
v -0.44081193 0.31563607 -0.23124298
v -0.43641779 0.18492399 -0.17044275
v -0.43485597 0.16363865 -0.16435005
v -0.43421981 0.08267648 -0.13505897
v -0.43930298 0.38025963 -0.27620032
v -0.43414888 0.06470215 -0.12431432
v -0.43801486 0.37017435 -0.30639702
v -0.43459788 0.04752588 -0.11984686
v -0.43391496 0.11514762 -0.13836868
v -0.43889287 0.30789930 -0.20008346
v -0.43929547 0.31878293 -0.21287720
v -0.43857783 0.24977586 -0.18520881
v -0.43884400 0.27428898 -0.19094157
v -0.44068742 0.34203070 -0.24452113
v -0.43329737 0.09092981 -0.12647960
v -0.43308046 0.17882949 -0.14787625
v -0.43322682 0.13106023 -0.13781564
v -0.43967217 0.36796787 -0.26130807
v -0.43687597 0.39440274 -0.28158772
v -0.43796232 0.40214610 -0.30180436
v -0.43886715 0.40698230 -0.32169291
v -0.42219025 -0.09980226 -0.08015236
v -0.43470398 0.18386297 -0.15965645
v -0.43533200 0.19122078 -0.16215387
v -0.43586659 0.20350224 -0.16377574
v -0.43318298 0.19892994 -0.15382193
v -0.43746981 0.40647522 -0.30089039
v -0.43822396 0.41440815 -0.32316369
v -0.43964434 0.35085791 -0.24206634
v -0.43817344 0.32727155 -0.21298161
v -0.43997505 0.33531511 -0.23265620
v -0.42766339 -0.03495728 -0.08984954
v -0.43130875 0.10019137 -0.11817832
v -0.43245515 0.10240139 -0.12397210
v -0.43821371 0.38189188 -0.26823100
v -0.43818906 0.36578748 -0.24770364
v -0.42147663 -0.10702421 -0.07878093
v -0.42453736 -0.09575057 -0.07981021
v -0.42430946 -0.09570224 -0.07477683
v -0.42513093 -0.09296060 -0.07677405
v -0.42328042 -0.09546300 -0.08294119
v -0.42294046 -0.09881022 -0.06037563
v -0.42185879 -0.10087419 -0.05010606
v -0.42316279 -0.09790257 -0.04094362
v -0.42242852 -0.09028545 -0.07174638
v -0.43256733 0.01867563 -0.10617468
v -0.43847215 0.31667924 -0.20463806
v -0.43781874 0.26551229 -0.18377391
v -0.43801919 0.29783738 -0.19392626
v -0.43740308 0.28242657 -0.18645053
v -0.43280506 0.15253738 -0.14046219
v -0.43745944 0.33948371 -0.21893604
v -0.42802531 -0.02077001 -0.08841739
v -0.39317319 -0.18716560 -0.08138072
v -0.43112487 0.12316047 -0.12691666
v -0.43090558 0.01024229 -0.09902445
v -0.43140164 0.17382799 -0.13897122
v -0.43709075 0.35340488 -0.22861199
v -0.43106240 0.04615205 -0.10404457
v -0.43475387 0.24844620 -0.16916333
v -0.43602532 0.24226777 -0.17182839
v -0.43083993 0.06643493 -0.10882140
v -0.43126959 0.14716922 -0.13384475
v -0.43136179 0.19289114 -0.14558825
v -0.38783902 -0.18540652 -0.06691522
v -0.43776122 0.37707019 -0.26025316
v -0.43557766 0.37368405 -0.24267623
v -0.42336810 -0.03805656 -0.07587630
v -0.43563902 0.41562024 -0.30454522
v -0.43508875 0.39738902 -0.27474079
v -0.43431520 0.22877248 -0.16126041
v -0.43568364 0.42200533 -0.31966424
v -0.42014393 -0.06132057 -0.06920496
v -0.43514648 0.33747607 -0.20852645
v -0.43518066 0.42806658 -0.32543379
v -0.43720275 0.42057022 -0.32982808
v -0.43625778 0.43146107 -0.33303729
v -0.43540502 0.40727031 -0.29052860
v -0.42686817 -0.00005735 -0.08612650
v -0.42790627 0.02779964 -0.09217124
v -0.42328274 -0.01553500 -0.07687606
v -0.43091178 0.20616591 -0.14860670
v -0.43157560 0.22737743 -0.15372935
v -0.43530205 0.35369384 -0.22137964
v -0.43528077 0.36356592 -0.23106135
v -0.43555957 0.27408054 -0.17895591
v -0.43358046 0.26584625 -0.17055328
v -0.42140365 -0.09352563 -0.08144058
v -0.43540007 0.38235915 -0.25608748
v -0.42774487 0.09206901 -0.10614889
v -0.42776695 0.07324259 -0.10211752
v -0.42674425 0.04806178 -0.09355561
v -0.42003909 -0.03747692 -0.06934328
v -0.43529299 0.30349240 -0.18838976
v -0.43567944 0.32061508 -0.19847652
v -0.42851591 0.15701242 -0.12939289
v -0.42814556 0.12582994 -0.12004824
v -0.42394587 -0.08795705 -0.07683016
v -0.43152338 0.24875084 -0.16175908
v -0.42825115 0.18081234 -0.13360383
v -0.41553128 -0.06433122 -0.06065096
v -0.40865311 -0.07606242 -0.04872497
v -0.42764753 0.11050215 -0.11364792
v -0.42808902 0.20557545 -0.14325570
v -0.42376357 0.00583441 -0.08061589
v -0.39086717 -0.19765908 -0.06743182
v -0.40312827 -0.08174445 -0.04061431
v -0.39981338 -0.08611949 -0.03679105
v -0.43178204 0.27053779 -0.16866526
v -0.43164080 0.28798592 -0.17622128
v -0.42347872 0.04249856 -0.08600563
v -0.42378581 0.15002464 -0.11768863
v -0.40233186 -0.07395902 -0.03696386
v -0.40811059 -0.06926665 -0.04744899
v -0.39905810 -0.07953531 -0.03243717
v -0.40006965 -0.08493754 -0.03054741
v -0.42286026 0.07685746 -0.09349076
v -0.43182233 0.39772514 -0.26487505
v -0.42262277 0.16795070 -0.12128426
v -0.41335002 -0.05360398 -0.05767675
v -0.42830440 0.22791629 -0.14877929
v -0.42377877 0.12299239 -0.11130670
v -0.43193206 0.33574790 -0.20021769
v -0.43205780 0.34595406 -0.20864259
v -0.43208325 0.38786006 -0.25361952
v -0.42389026 0.09421290 -0.09975026
v -0.42013067 -0.01628093 -0.07150210
v -0.42062369 0.00930329 -0.07656839
v -0.40744388 -0.05847922 -0.04828105
v -0.43128660 0.31838042 -0.18899341
v -0.42270914 0.21413541 -0.13745311
v -0.42391622 0.18965301 -0.12969381
v -0.43171075 0.36889589 -0.22845639
v -0.41363913 -0.03429550 -0.06054137
v -0.41875711 0.12292519 -0.10369616
v -0.42735168 0.25412491 -0.15764290
v -0.39588082 -0.08096781 -0.02307630
v -0.43697935 0.37860847 -0.31234112
v -0.43490279 0.36814702 -0.31435460
v -0.43527874 0.37371662 -0.31891525
v -0.43453899 0.37712029 -0.32114580
v -0.41930455 0.34384289 -0.32619277
v -0.41915008 0.34758431 -0.33172858
v -0.41903138 0.35017711 -0.33547205
v -0.42530385 0.35402504 -0.32317579
v -0.41532668 0.33794290 -0.32978415
v -0.41368899 0.34182900 -0.33522505
v -0.42512724 0.34958786 -0.32051653
v -0.42521831 0.34747645 -0.31742343
v -0.40826437 0.32503533 -0.33127260
v -0.41766316 0.33314130 -0.32336828
v -0.42269108 0.33754554 -0.31681216
v -0.42920345 0.34349915 -0.30713904
v -0.42977485 0.35304087 -0.31297237
v -0.43150809 0.34934276 -0.30683640
v -0.43478012 0.35720316 -0.30706632
v -0.43554595 0.35148820 -0.30039775
v -0.43330964 0.34405398 -0.29870722
v -0.43277296 0.36155748 -0.31363547
v -0.42863595 0.35932228 -0.31948549
v -0.43127951 0.36587247 -0.31974304
v -0.42578679 0.36234334 -0.32667843
v -0.42835844 0.37462494 -0.33099520
v -0.41967988 0.36089584 -0.33970636
v -0.42048025 0.37513199 -0.34597996
v -0.42754465 0.38816836 -0.34185076
v -0.42113525 0.38696647 -0.35237420
v -0.43475893 0.39163244 -0.32691556
v -0.42251980 0.33055657 -0.31385165
v -0.42760962 0.33656940 -0.30728871
v -0.42133620 0.32331514 -0.31061867
v -0.42918465 0.32892582 -0.29949522
v -0.43110555 0.33565244 -0.30087546
v -0.41879073 0.32287601 -0.31731120
v -0.43567801 0.33210525 -0.28505555
v -0.43352517 0.33766064 -0.29463369
v -0.41837117 0.31927556 -0.31502718
v -0.43448824 0.40843105 -0.33472592
v -0.43591407 0.37113407 -0.31614006
v -0.42311761 0.32011327 -0.30297717
v -0.41762960 0.31457430 -0.30874622
v -0.42817655 0.32173777 -0.29560471
v -0.43248123 0.32061675 -0.28648266
v -0.42739308 0.30961239 -0.28811970
v -0.43135321 0.30855614 -0.28080705
v -0.43501461 0.32452241 -0.28332525
v -0.43585593 0.30846217 -0.27087429
v -0.41943887 0.31376669 -0.30434352
v -0.42300200 0.31289518 -0.29647493
v -0.42020833 0.30477229 -0.29593939
v -0.42774490 0.29223147 -0.28100631
v -0.43073344 0.28907159 -0.27386549
v -0.42621592 0.27531964 -0.27447921
v -0.43119186 0.27350307 -0.26389998
v -0.42649412 0.25747988 -0.26462483
v -0.42105439 0.25600502 -0.27403647
v -0.43152088 0.25316733 -0.25152516
v -0.43446305 0.26747975 -0.25369492
v -0.41887960 0.26969132 -0.28289574
v -0.42382404 0.23958389 -0.26200157
v -0.41614619 0.23779598 -0.27374396
v -0.41465837 0.21933453 -0.26823029
v -0.41295308 0.24891165 -0.28284836
v -0.42798844 0.23456669 -0.25185612
v -0.41999105 0.21799642 -0.25966460
v -0.43229634 0.23775174 -0.24316852
v -0.42133752 0.20270064 -0.25118646
v -0.41721860 0.18573713 -0.25203240
v -0.42840332 0.21491888 -0.24272694
v -0.42686555 0.19529794 -0.23432997
v -0.43214715 0.21074566 -0.23139054
v -0.42251590 0.17046531 -0.23218843
v -0.41581467 0.16647325 -0.24403583
v -0.40854117 0.16110297 -0.25498283
v -0.42699245 0.17668891 -0.22532500
v -0.40616482 0.13392292 -0.24754816
v -0.41284844 0.14318410 -0.24051888
v -0.42759529 0.16151956 -0.21770248
v -0.43311840 0.22338326 -0.23582654
v -0.40964261 0.18277413 -0.26342583
v -0.43346128 0.28830329 -0.26665789
v -0.43428972 0.20384899 -0.22034442
v -0.43489957 0.28388759 -0.25956276
v -0.42049098 0.31038430 -0.30097687
v -0.42024547 0.30703273 -0.29973727
v -0.42088687 0.12605210 -0.22099522
v -0.41310138 0.10484751 -0.22743154
v -0.40736917 0.11729405 -0.24023148
v -0.42768630 0.13321213 -0.20752224
v -0.43131649 0.18644832 -0.21813670
v -0.43892214 0.31944585 -0.26889107
v -0.43888700 0.30727422 -0.26098573
v -0.42515016 0.10734107 -0.20675562
v -0.41881469 0.10278972 -0.21730703
v -0.42292494 0.08352602 -0.20317459
v -0.42731771 0.08910848 -0.19576499
v -0.42944124 0.11798032 -0.19885036
v -0.42735705 0.06457471 -0.18441817
v -0.42298242 0.04507381 -0.18466175
v -0.42661253 0.03880711 -0.17263146
v -0.42276064 0.02129321 -0.17304237
v -0.41675487 0.02728092 -0.18847127
v -0.41303191 0.00399168 -0.18363640
v -0.41863039 0.07798520 -0.20851639
v -0.43070588 0.09060158 -0.18707392
v -0.43012759 0.06611543 -0.17730048
v -0.41835207 -0.00152449 -0.17228924
v -0.42291322 0.00913164 -0.16656105
v -0.41968939 -0.03449402 -0.15859564
v -0.42318472 -0.03470106 -0.15086418
v -0.42770445 -0.01550121 -0.14630234
v -0.42090029 -0.04722466 -0.14726055
v -0.42899811 0.02864354 -0.15864155
v -0.42995316 0.04760596 -0.16670772
v -0.42698851 0.00894123 -0.15532221
v -0.41117555 -0.03446140 -0.17383152
v -0.42618331 -0.03591774 -0.14079323
v -0.42918119 -0.02621218 -0.13647750
v -0.41110262 -0.01299662 -0.18004468
v -0.41016689 0.02015900 -0.19637756
v -0.40748343 0.03001450 -0.20522444
v -0.41311124 0.05050196 -0.20523711
v -0.41129595 0.06693053 -0.21452209
v -0.40518668 0.10196055 -0.23738602
v -0.43116170 0.15757498 -0.20432918
v -0.43478632 0.25133145 -0.24079874
v -0.43571877 0.23693697 -0.23193541
v -0.43621689 0.26778233 -0.24826309
v -0.43593869 0.34646139 -0.29071400
v -0.43174055 0.17112915 -0.20792687
v -0.43921074 0.28949553 -0.24562342
v -0.43648165 0.19847454 -0.20502250
v -0.43186355 0.01425412 -0.13973606
v -0.43095618 -0.00249319 -0.13814352
v -0.41258121 -0.05034795 -0.16130902
v -0.43757254 0.21077736 -0.21208768
v -0.43720922 0.33715129 -0.28119993
v -0.43289101 0.11733072 -0.18663521
v -0.42739481 0.39774063 -0.35265672
v -0.43040842 0.40973288 -0.34681755
v -0.42662773 0.41088775 -0.35796788
v -0.43363115 0.41862747 -0.34079233
v -0.43691370 0.25406405 -0.23327601
v -0.43860817 0.27138707 -0.23961110
v -0.43301883 0.03516190 -0.14407532
v -0.40439105 -0.00574589 -0.19299221
v -0.41284233 -0.07106282 -0.14219096
v -0.41429341 -0.06132025 -0.14871255
v -0.40613818 -0.08489849 -0.14404628
v -0.40041956 -0.10146593 -0.14676753
v -0.39500371 -0.11618374 -0.15729091
v -0.39747688 -0.09994093 -0.15484875
v -0.40160823 -0.09445474 -0.14780796
v -0.39675835 -0.09202848 -0.15809318
v -0.39054418 -0.13011393 -0.16388629
v -0.40386894 -0.08200271 -0.15065594
v -0.39055160 -0.11354512 -0.16647527
v -0.39114836 -0.08710113 -0.16777292
v -0.39482853 -0.08543339 -0.16279009
v -0.39679870 -0.07511175 -0.16436830
v -0.40188250 0.15310675 -0.26123631
v -0.40158254 -0.01842481 -0.19174780
v -0.40827253 -0.03516740 -0.17774217
v -0.40589342 -0.04548808 -0.17527148
v -0.38684121 -0.09654146 -0.17382114
v -0.39110661 -0.07517257 -0.17043301
v -0.38743043 -0.08202071 -0.17531969
v -0.38166156 -0.08956624 -0.18340099
v -0.38833436 -0.07074481 -0.17943130
v -0.38311040 -0.07842670 -0.18457489
v -0.38366538 -0.06461680 -0.18982522
v -0.39153591 -0.06876981 -0.17505474
v -0.38222662 -0.10676067 -0.17857794
v -0.39990273 0.00296810 -0.20295025
v -0.42067245 0.29090309 -0.29055494
v -0.40525454 0.19996195 -0.27523160
v -0.40705734 0.21615380 -0.27771524
v -0.37748510 -0.08988342 -0.18907161
v -0.37864983 -0.07176149 -0.19287142
v -0.37902531 -0.06040783 -0.19716957
v -0.37827164 -0.10579165 -0.18281548
v -0.40392202 -0.07213151 -0.15765028
v -0.39902121 -0.05225164 -0.17897539
v -0.40246248 0.03827422 -0.21459964
v -0.39103812 -0.14063099 -0.15938227
v -0.38707677 -0.11823519 -0.17062527
v -0.41175136 0.29407299 -0.30361256
v -0.39887491 0.12087220 -0.25155193
v -0.40452373 0.23250468 -0.28666309
v -0.39877337 0.21759394 -0.28749651
v -0.40578452 0.24589664 -0.29093176
v -0.40752748 0.26638851 -0.29556701
v -0.40932921 0.28341877 -0.30192876
v -0.40242770 0.29376650 -0.31851515
v -0.41101190 0.30192134 -0.30930251
v -0.41905397 0.30852628 -0.30043140
v -0.40019518 0.26413336 -0.30520377
v -0.40555409 0.30516008 -0.32173771
v -0.41495520 0.31177089 -0.30991477
v -0.39932176 0.24890020 -0.29982314
v -0.39948514 0.27693054 -0.31321436
v -0.41073731 0.31566322 -0.32208687
v -0.40191936 0.17764907 -0.27117780
v -0.40268031 0.05536233 -0.22058968
v -0.40102041 0.30328974 -0.32553348
v -0.38943017 -0.05199258 -0.19055060
v -0.39619371 -0.03889570 -0.19103725
v -0.39558199 -0.02124524 -0.19782674
v -0.39635107 0.01386048 -0.21166061
v -0.39390531 -0.00857610 -0.20499970
v -0.39382422 0.26305336 -0.31246635
v -0.39721557 0.08420577 -0.23911108
v -0.39704004 0.19738427 -0.28305024
v -0.39734650 0.05280291 -0.22556415
v -0.39163777 0.06168576 -0.23555546
v -0.38946542 0.24269538 -0.30797818
v -0.39204890 0.23416197 -0.30106938
v -0.39296326 0.13104671 -0.26212075
v -0.39202181 0.01945155 -0.21855465
v -0.41736385 0.35299218 -0.33858004
v -0.41238183 0.36484697 -0.34974498
v -0.39340082 0.15778548 -0.27188522
v -0.40697357 0.33223793 -0.33704385
v -0.39284599 0.11265964 -0.25428787
v -0.38959906 0.04343369 -0.22943065
v -0.38938367 -0.02700960 -0.20177844
v -0.41551676 0.37814769 -0.35252064
v -0.38926885 -0.00284960 -0.21140355
v -0.38045684 -0.11445506 -0.17770728
v -0.38696456 -0.12697680 -0.16808277
v -0.39203656 0.27260312 -0.31862643
v -0.39390591 0.17633428 -0.27854922
v -0.38071328 -0.04725847 -0.20222814
v -0.37426952 -0.06754706 -0.19816345
v -0.40702629 0.34357077 -0.34271842
v -0.38784006 0.21706569 -0.29766837
v -0.38400131 0.23721248 -0.31039512
v -0.38749346 0.01518261 -0.22103438
v -0.38838866 0.06890573 -0.24126844
v -0.38772517 0.09670890 -0.25220370
v -0.38816902 0.12582679 -0.26412341
v -0.38516822 0.19494636 -0.29237628
v -0.38656518 0.16230252 -0.27900338
v -0.41338676 0.39932227 -0.36614296
v -0.39110294 0.31232280 -0.33976269
v -0.39199296 0.29629341 -0.33008075
v -0.37318751 -0.07288694 -0.19707520
v -0.38451838 0.26365072 -0.32041860
v -0.40299311 0.37941444 -0.36360222
v -0.40082702 0.36415854 -0.35937607
v -0.40492162 0.40826127 -0.37704137
v -0.37777558 -0.04708306 -0.20465201
v -0.40491813 0.38656789 -0.36546394
v -0.39144066 0.32360074 -0.34563580
v -0.40404496 0.41848746 -0.38361773
v -0.39067116 0.28265363 -0.32444620
v -0.37783912 0.21554187 -0.30493337
v -0.37259597 0.20701075 -0.30494466
v -0.39101613 0.33856562 -0.35301828
v -0.38083014 0.05272966 -0.24004644
v -0.38006204 0.02438966 -0.22918932
v -0.37841555 0.23101749 -0.31174520
v -0.37668225 0.19282196 -0.29792085
v -0.38119453 0.17909700 -0.28876424
v -0.37954885 -0.03202445 -0.20758873
v -0.37985995 -0.02176322 -0.21094243
v -0.38026124 -0.01079739 -0.21494056
v -0.38021636 -0.00279205 -0.21818316
v -0.37194636 -0.05635782 -0.20401713
v -0.39152721 0.35314420 -0.36053514
v -0.39385563 0.39205623 -0.37706104
v -0.38960797 0.37894663 -0.37305740
v -0.39236248 0.36642662 -0.36620629
v -0.37367606 -0.09393290 -0.19027600
v -0.38140494 0.00954491 -0.22282436
v -0.38155583 0.30054066 -0.33938339
v -0.38185868 0.11022742 -0.26188952
v -0.38151088 0.12748517 -0.26885593
v -0.38021663 0.07202681 -0.24793406
v -0.38066489 0.08575494 -0.25284711
v -0.38119629 0.09922114 -0.25744539
v -0.38600317 0.30514225 -0.33931375
v -0.39019233 0.39848042 -0.38209137
v -0.38984072 0.41629171 -0.39169633
v -0.39170909 -0.15216558 -0.14993961
v -0.41987294 -0.09633756 -0.03054723
v -0.41652042 -0.09420588 -0.02857077
v -0.42015803 -0.09301191 -0.03764753
v -0.41699430 -0.09304009 -0.03418176
v -0.41938174 -0.09348789 -0.04638551
v 0.40943339 0.18957339 -0.26409402
v 0.40805539 0.18670355 -0.26790851
v 0.40741837 0.18428841 -0.26559082
v 0.43153015 -0.00789032 -0.11200051
v 0.42958730 -0.03329471 -0.10798626
v 0.42934921 -0.03034862 -0.09920673
v 0.43247250 0.01008021 -0.10926474
v 0.42976031 -0.01234952 -0.09536158
v 0.43222204 0.01743993 -0.10482472
v 0.42739281 -0.03112478 -0.08527020
v 0.43372288 0.03757305 -0.11681215
v 0.43319240 0.01578087 -0.12034262
v 0.43077970 -0.01892769 -0.12046773
v 0.42969805 -0.02994816 -0.12207446
v 0.43382940 0.03939858 -0.12394568
v 0.43442658 0.06301726 -0.12224244
v 0.43504226 0.08123891 -0.13585681
v 0.43432733 0.08256133 -0.11958943
v 0.43500271 0.10600277 -0.13582800
v 0.43531033 0.11113054 -0.15291099
v 0.43530568 0.14358841 -0.15057738
v 0.43502012 0.13298999 -0.13860609
v 0.43516105 0.12689549 -0.16515075
v 0.43535560 0.14501198 -0.17655823
v 0.43553993 0.16676934 -0.16555791
v 0.43540475 0.16575609 -0.17962205
v 0.43461308 0.11768167 -0.17206977
v 0.43433368 0.07212827 -0.14409654
v 0.43639743 0.17879362 -0.17071566
v 0.43513277 0.17731225 -0.19530319
v 0.43410331 0.15542023 -0.19569059
v 0.43438557 0.14208226 -0.18714586
v 0.43212858 0.02779011 -0.13623028
v 0.43286377 0.04949191 -0.14429338
v 0.43334451 0.12528177 -0.18375868
v 0.43496159 0.17322473 -0.15454282
v 0.43610382 0.18735814 -0.16145128
v 0.43338272 0.08908545 -0.16279039
v 0.43296853 0.09465905 -0.16924152
v 0.43341097 0.07669720 -0.15635240
v 0.43182716 0.05172385 -0.15253997
v 0.43028733 0.02397024 -0.14605069
v 0.42831615 -0.01170155 -0.14105229
v 0.43690273 0.18718113 -0.18894047
v 0.43771279 0.18763264 -0.17214005
v 0.43594414 0.19923224 -0.20844154
v 0.43820277 0.20088378 -0.19035050
v 0.43314075 0.13878681 -0.19399782
v 0.42793593 -0.04296578 -0.10872547
v 0.43415189 0.15983219 -0.14393470
v 0.43394399 0.09606463 -0.12060808
v 0.43418810 0.11840063 -0.13120486
v 0.43373039 0.07149823 -0.11643567
v 0.43280080 0.04580255 -0.10937005
v 0.43392995 0.18029460 -0.20578341
v 0.43249300 0.15197152 -0.20239311
v 0.43906030 0.19255485 -0.17978507
v 0.43909019 0.20725131 -0.18282022
v 0.43905294 0.21265163 -0.17568466
v 0.43904448 0.19396602 -0.17472899
v 0.43896738 0.20839781 -0.19621184
v 0.43906891 0.21752574 -0.19250873
v 0.43902743 0.23946601 -0.19866611
v 0.43938184 0.23963009 -0.18635780
v 0.43873581 0.25071287 -0.21234755
v 0.43970093 0.25997934 -0.19788614
v 0.44086874 0.27806109 -0.21980795
v 0.44086513 0.27878821 -0.20141499
v 0.44139358 0.29113820 -0.21522097
v 0.44119340 0.29726177 -0.23445781
v 0.44157401 0.30430984 -0.23003767
v 0.44146952 0.30830163 -0.24443008
v 0.43851373 0.24760966 -0.21917686
v 0.43975329 0.27298704 -0.23022054
v 0.44158757 0.31452993 -0.22409119
v 0.44183844 0.31763852 -0.24739949
v 0.44144014 0.31404942 -0.25443625
v 0.43891799 0.23812808 -0.21362849
v 0.43796435 0.22565989 -0.20699815
v 0.44205913 0.31964412 -0.25696209
v 0.43929854 0.25432929 -0.18600629
v 0.43949777 0.26655632 -0.19201228
v 0.44082797 0.28519803 -0.20072614
v 0.43743071 0.22687285 -0.21567914
v 0.43726370 0.21073526 -0.20695454
v 0.43852323 0.22182091 -0.18027097
v 0.43965131 0.29019308 -0.24288827
v 0.44126624 0.32906467 -0.23269910
v 0.44059840 0.34821403 -0.23595469
v 0.44108564 0.33804008 -0.24025849
v 0.44092286 0.33235222 -0.25241065
v 0.44107765 0.31670853 -0.21467449
v 0.44078916 0.35518277 -0.24277532
v 0.43964624 0.34809238 -0.25373113
v 0.44062048 0.36241183 -0.24875863
v 0.44031453 0.36743838 -0.25994974
v 0.43954238 0.37205061 -0.27441928
v 0.43878037 0.35062048 -0.27766898
v 0.43883491 0.35942331 -0.29227248
v 0.43994808 0.38025793 -0.27327475
v 0.44007197 0.38944203 -0.28709418
v 0.43899450 0.37891641 -0.29370371
v 0.43861946 0.36387485 -0.30087599
v 0.44052887 0.39607036 -0.29568815
v 0.43834606 0.37914577 -0.30185333
v 0.44036621 0.39656317 -0.30484352
v 0.44047478 0.40433952 -0.30187967
v 0.43938065 0.34411442 -0.26838002
v 0.43540534 0.20453419 -0.21541455
v 0.43551004 0.23823389 -0.23284623
v 0.43744758 0.26153785 -0.23702830
v 0.43926996 0.30333251 -0.25583446
v 0.43999770 0.30939117 -0.25964919
v 0.43967795 0.38795841 -0.27368724
v 0.44069627 0.30196226 -0.20907037
v 0.43938473 0.39363661 -0.27755797
v 0.43933502 0.38077649 -0.26174030
v 0.44038147 0.33786041 -0.26338091
v 0.44218835 0.31516430 -0.26188913
v 0.44264588 0.32250303 -0.26079577
v 0.42684332 -0.04480403 -0.12113717
v 0.44047281 0.32790869 -0.22220603
v 0.43239352 0.09930248 -0.17439033
v 0.43285662 0.11468511 -0.17949997
v 0.42948708 0.04691840 -0.16129869
v 0.44201308 0.39982843 -0.31802234
v 0.44107544 0.41112980 -0.31164810
v 0.44117114 0.40951073 -0.32472536
v 0.44148359 0.40110284 -0.32862967
v 0.42509481 -0.05176488 -0.08445366
v 0.42372525 -0.05562902 -0.07671257
v 0.42618683 -0.02901627 -0.14099543
v 0.42979124 0.07448541 -0.17133187
v 0.42706391 0.01980679 -0.15769030
v 0.43521824 0.22173834 -0.22333671
v 0.43878195 0.41794255 -0.33578917
v 0.43950817 0.37313035 -0.25489983
v 0.42582595 -0.03970825 -0.13367218
v 0.42399701 -0.06404130 -0.08444913
v 0.42355409 -0.06271777 -0.09507119
v 0.42425191 -0.06689512 -0.07520952
v 0.42478609 -0.05546355 -0.09736472
v 0.42452207 -0.06901196 -0.08436133
v 0.42330417 -0.06940621 -0.09381635
v 0.41974679 -0.07511175 -0.10839312
v 0.42159250 -0.06391854 -0.11246233
v 0.43549699 0.26527315 -0.24749695
v 0.43840301 0.29179403 -0.24999186
v 0.43469170 0.25156125 -0.24253875
v 0.43095717 0.13214822 -0.19874890
v 0.42896396 0.10963705 -0.19115950
v 0.43082112 0.17101945 -0.21311188
v 0.42114678 -0.08044296 -0.10327543
v 0.43954274 0.40155107 -0.33693355
v 0.43884999 0.40786949 -0.33950284
v 0.43855104 0.41723785 -0.34324023
v 0.43133384 0.19000310 -0.22057384
v 0.42427799 -0.01464095 -0.15456894
v 0.43914005 0.30954576 -0.26428938
v 0.43924248 0.41969970 -0.32826668
v 0.44122306 0.33236355 -0.27165246
v 0.43161222 0.21844734 -0.23467968
v 0.42965066 0.20293500 -0.23239169
v 0.43166625 0.23800954 -0.24508914
v 0.41786933 -0.07203839 -0.12115733
v 0.41436276 -0.09019807 -0.11670902
v 0.41864583 -0.08177903 -0.10895436
v 0.42315418 -0.03456598 -0.14860059
v 0.42577109 0.04758417 -0.17398085
v 0.42357436 -0.04683346 -0.13520482
v 0.42905039 0.13719025 -0.20705540
v 0.42642561 0.08601904 -0.18668124
v 0.42585453 0.07108724 -0.18163230
v 0.43745670 0.22321427 -0.17030178
v 0.43739283 0.23576081 -0.17403260
v 0.43370020 0.15058048 -0.13649423
v 0.42297089 0.01887174 -0.16973349
v 0.42764404 0.16155265 -0.21843754
v 0.42298821 -0.05617100 -0.12133738
v 0.43964714 0.32001165 -0.26869595
v 0.43932971 0.32802987 -0.27486342
v 0.43319842 0.17902121 -0.14506614
v 0.43742529 0.20375937 -0.16579507
v 0.43128538 0.03464802 -0.10020996
v 0.42658913 0.11269002 -0.19985782
v 0.43688437 0.41590819 -0.35294002
v 0.43790248 0.40998903 -0.35562545
v 0.43898863 0.41147584 -0.36504829
v 0.43930456 0.41546664 -0.36918193
v 0.43909079 0.41147262 -0.37029988
v 0.43925425 0.40050513 -0.28947362
v 0.43951768 0.36735055 -0.24439263
v 0.42876673 -0.00380948 -0.08916850
v 0.43938634 0.29966146 -0.19907373
v 0.43925425 0.31296101 -0.20486091
v 0.43511948 0.28288868 -0.25576466
v 0.43477970 0.29928198 -0.26544407
v 0.43607426 0.37064549 -0.30820584
v 0.43889639 0.38119900 -0.30608043
v 0.43402833 0.34236959 -0.28829032
v 0.43965474 0.41604003 -0.30968848
v 0.43414119 0.19613516 -0.15273382
v 0.43873680 0.27553740 -0.19147809
v 0.43196985 0.05682927 -0.10675543
v 0.43372864 0.13627486 -0.13282418
v 0.43277112 0.11720520 -0.12415508
v 0.43916637 0.34893310 -0.22787620
v 0.43974152 0.32345200 -0.21214916
v 0.43893820 0.33656636 -0.21928521
v 0.43917745 0.41155750 -0.30006051
v 0.43696585 0.30950204 -0.27042869
v 0.42811766 0.17986637 -0.22398154
v 0.41662216 -0.06874356 -0.13034011
v 0.43056402 0.24990678 -0.25279692
v 0.41813371 -0.09595320 -0.10447058
v 0.41985315 -0.03635374 -0.15641692
v 0.43799001 0.25606596 -0.18130539
v 0.43826345 0.38135391 -0.30281159
v 0.43880308 0.35996202 -0.23564455
v 0.43424079 0.38144219 -0.31833354
v 0.41920698 -0.00920643 -0.16917697
v 0.41772237 0.03600110 -0.18902431
v 0.42029396 0.01690258 -0.17563248
v 0.41900095 0.07553081 -0.19999565
v 0.41933039 -0.04816703 -0.14727341
v 0.40638322 -0.08894436 -0.14103556
v 0.41071132 -0.09345999 -0.12424829
v 0.40647879 -0.10497811 -0.12623568
v 0.41188329 -0.10002872 -0.11522372
v 0.40422463 -0.09463891 -0.14359701
v 0.40079224 -0.11082669 -0.14373718
v 0.39575046 -0.12904926 -0.14537302
v 0.39579669 -0.13580668 -0.13774215
v 0.39328441 -0.15615857 -0.12653695
v 0.39009619 -0.17025027 -0.12336294
v 0.39496303 -0.11099157 -0.16373403
v 0.39869839 -0.09904987 -0.15746632
v 0.40750277 -0.11115691 -0.11556651
v 0.39850256 -0.08930688 -0.16131549
v 0.39153045 -0.14839733 -0.14042777
v 0.40369433 -0.08010489 -0.15524577
v 0.40721962 -0.11888000 -0.10179779
v 0.39219025 -0.10189638 -0.17276515
v 0.39057049 -0.13716428 -0.15126513
v 0.39120147 -0.12573899 -0.16167112
v 0.39133042 -0.10993229 -0.17262052
v 0.42759350 0.20871264 -0.23998947
v 0.42842174 0.23367976 -0.25007179
v 0.42892492 0.26923472 -0.26504105
v 0.39109090 -0.15475011 -0.13503258
v 0.39025661 -0.16391441 -0.12791342
v 0.42964402 0.28396332 -0.26904806
v 0.41156474 -0.07375343 -0.14039752
v 0.40889069 -0.07143825 -0.15013175
v 0.41899708 0.11636093 -0.21936251
v 0.41066200 -0.10877489 -0.10749787
v 0.41501391 -0.00127013 -0.17997319
v 0.41534910 -0.02015180 -0.17287982
v 0.42057428 0.14124930 -0.22660826
v 0.43043301 0.34734005 -0.30369586
v 0.43215343 0.35536110 -0.30684531
v 0.41896239 0.18877544 -0.24811837
v 0.42766136 0.25890487 -0.26303068
v 0.43070692 0.36686262 -0.31766108
v 0.41562694 0.08169259 -0.20996690
v 0.41257343 0.10157681 -0.22573766
v 0.41511256 0.05261599 -0.19986582
v 0.42692927 0.33050576 -0.29514927
v 0.42060533 0.17412500 -0.23650092
v 0.42110479 0.16611102 -0.23239607
v 0.40668935 -0.12271712 -0.08769013
v 0.40280035 -0.13282748 -0.08018547
v 0.42450050 0.21661694 -0.24951810
v 0.41071299 -0.11466155 -0.09487817
v 0.42282009 0.28389579 -0.28208193
v 0.41023189 -0.04067455 -0.17308368
v 0.42538044 0.29834062 -0.28308576
v 0.43105775 0.30343223 -0.27369359
v 0.43032828 0.31204757 -0.27777609
v 0.40715462 -0.12400906 -0.07670118
v 0.41192132 0.13189499 -0.23886311
v 0.41533780 -0.04102426 -0.16272667
v 0.41148439 0.07784391 -0.21606529
v 0.42945156 0.31597391 -0.28046983
v 0.42423543 0.31776258 -0.29198271
v 0.39974415 -0.08194393 -0.16186394
v 0.40615541 -0.06236446 -0.16379616
v 0.41143388 0.03790880 -0.20107433
v 0.41112298 -0.01186271 -0.18313861
v 0.42212656 0.33179235 -0.30808443
v 0.42431474 0.34396949 -0.31502298
v 0.42142758 0.33416575 -0.31483787
v 0.42740786 0.35486844 -0.31596404
v 0.42477912 0.36137807 -0.32595214
v 0.42108363 0.35040265 -0.32653520
v 0.42800319 0.37442207 -0.32655653
v 0.41941178 0.35759524 -0.33540738
v 0.42254674 0.36686894 -0.33366016
v 0.42443720 0.37860435 -0.33496287
v 0.41561735 0.34877747 -0.33689660
v 0.41460493 0.35551405 -0.34602681
v 0.41413894 0.36389381 -0.34887326
v 0.42107233 0.37263143 -0.33800420
v 0.42000896 0.37940946 -0.34288010
v 0.41018170 0.37280148 -0.35905892
v 0.41094875 0.38422790 -0.36350095
v 0.41532269 0.39391932 -0.36130625
v 0.42022279 0.24502398 -0.26948044
v 0.41911429 0.22419447 -0.26330218
v 0.41916141 0.20974146 -0.25597659
v 0.41435871 0.21279043 -0.26695612
v 0.43084064 0.33105326 -0.28824168
v 0.39209718 -0.08643062 -0.17317288
v 0.41490689 0.16842534 -0.24374814
v 0.41552866 0.18402252 -0.25162157
v 0.40793398 0.17480633 -0.26166117
v 0.40502954 0.15783027 -0.25772497
v 0.40765101 0.14949751 -0.25001484
v 0.41107768 0.19561027 -0.26323336
v 0.41363251 0.20028484 -0.26004273
v 0.41383395 0.20413889 -0.26397684
v 0.40867078 0.20175768 -0.27258405
v 0.41087493 0.20643134 -0.27108836
v 0.39643630 -0.07250570 -0.17355314
v 0.42341751 0.33032882 -0.30250227
v 0.41789621 0.32161522 -0.30907205
v 0.41771746 0.31433135 -0.30119261
v 0.41860452 0.32895538 -0.31492752
v 0.41384462 0.31872195 -0.31793907
v 0.41425875 0.32678461 -0.32213360
v 0.41181862 0.31990045 -0.32569852
v 0.41188625 0.31769648 -0.32319963
v 0.41189370 0.31279764 -0.31722614
v 0.41370016 0.31723183 -0.31404170
v 0.41429374 0.31439352 -0.30970627
v 0.41218141 0.30359825 -0.31029326
v 0.41457510 0.30639479 -0.30433959
v 0.41540971 0.29946762 -0.30040237
v 0.41074076 0.29083440 -0.30521265
v 0.40871182 0.29666558 -0.31338337
v 0.41263586 0.28354123 -0.29665685
v 0.40672734 0.28345525 -0.30859998
v 0.41984242 0.33635181 -0.31875905
v 0.41924506 0.34032467 -0.32109380
v 0.41922119 0.28069645 -0.28613657
v 0.40590942 0.18796220 -0.26942924
v 0.40660048 0.19897617 -0.27416566
v 0.41836143 0.26187000 -0.27959734
v 0.41716406 0.34371433 -0.32858559
v 0.40787715 0.12379870 -0.24226750
v 0.41347834 0.33751982 -0.33064145
v 0.41116348 0.34041569 -0.33812776
v 0.41298604 0.33115032 -0.32705483
v 0.40716535 0.27079174 -0.29661104
v 0.40086648 0.26810801 -0.30707437
v 0.40297073 0.26363823 -0.30013290
v 0.39625490 0.25299057 -0.30891520
v 0.39904705 0.24358147 -0.30012581
v 0.43431529 0.30654916 -0.27093735
v 0.40353173 0.14057143 -0.25304312
v 0.40532401 -0.03067439 -0.18487982
v 0.40770170 -0.00747747 -0.18990661
v 0.39608726 0.26474109 -0.31338277
v 0.39898333 0.27668270 -0.31453896
v 0.40102366 0.28759012 -0.31783241
v 0.41237059 0.24489482 -0.28192151
v 0.40716848 0.09101781 -0.22937229
v 0.40512770 0.06398167 -0.22000614
v 0.41464305 -0.10428453 -0.10346789
v 0.40541193 -0.05071962 -0.17349292
v 0.41214192 0.23029277 -0.27547073
v 0.41144821 0.21651417 -0.27232942
v 0.41214189 0.21177094 -0.27229327
v 0.41407517 0.20774564 -0.26711699
v 0.40715587 0.26442975 -0.29392660
v 0.41002652 0.33181909 -0.33270279
v 0.40908918 0.32528010 -0.32970265
v 0.40511522 0.24754561 -0.29276991
v 0.38641450 -0.18160731 -0.11968375
v 0.38673043 -0.18855865 -0.11469521
v 0.38611847 -0.20382413 -0.10767443
v 0.40806708 0.30921632 -0.32137442
v 0.40885895 0.33391389 -0.33565366
v 0.40427893 0.17125970 -0.26534352
v 0.40660191 0.03752805 -0.20769966
v 0.40534770 0.01572490 -0.20136623
v 0.42058530 -0.08499928 -0.10613641
v 0.41129115 0.35056970 -0.34481299
v 0.39581785 0.22884741 -0.29775310
v 0.39991364 0.22536801 -0.28917426
v 0.39732856 0.21606916 -0.28846541
v 0.40331399 0.09011126 -0.23433210
v 0.40187171 -0.04297034 -0.18365997
v 0.38308334 -0.21755914 -0.10311868
v 0.40680560 0.20399423 -0.27572417
v 0.40807816 0.20877877 -0.27627957
v 0.40987882 0.20979072 -0.27356404
v 0.39390805 0.24414857 -0.30734390
v 0.43270454 0.31004915 -0.27511322
v 0.39700577 0.15771124 -0.26803017
v 0.38957179 0.21339615 -0.29757193
v 0.39403450 0.20408629 -0.28805965
v 0.39691478 -0.05158876 -0.18459262
v 0.38285214 -0.22872211 -0.09548388
v 0.37785158 -0.24413761 -0.08780662
v 0.39151630 0.25175396 -0.31427181
v 0.39859274 -0.03191226 -0.19256939
v 0.39663106 0.07731204 -0.23667490
v 0.40292770 0.12051041 -0.24695094
v 0.38931644 -0.07388989 -0.18182537
v 0.38715002 -0.08588228 -0.17884764
v 0.40080300 0.19030003 -0.27630961
v 0.38664189 -0.12524016 -0.16814893
v 0.39254284 0.14543036 -0.26762512
v 0.39688858 0.05687727 -0.22650708
v 0.40588477 0.21133380 -0.27773237
v 0.40366790 0.20144622 -0.27830893
v 0.38684431 -0.13800508 -0.15623517
v 0.38714385 -0.14297673 -0.15069453
v 0.39374027 0.27711326 -0.32011515
v 0.39166820 -0.04500473 -0.19434644
v 0.39859042 0.00171341 -0.20415863
v 0.38807818 -0.09605092 -0.17702173
v 0.40256003 0.30032825 -0.32293090
v 0.39860749 0.10033309 -0.24332498
v 0.39722282 0.01503610 -0.20965710
v 0.39496040 0.03739992 -0.22012243
v 0.43448797 0.42579192 -0.34905279
v 0.43609101 0.42587847 -0.34135082
v 0.43516210 0.43523508 -0.34637868
v 0.43339765 0.42850149 -0.35706544
v 0.43337288 0.43713203 -0.35693544
v 0.43139985 0.43789423 -0.36394334
v 0.43128037 0.44636485 -0.35624218
v 0.43513960 0.43480504 -0.33994362
v 0.43169260 0.44622895 -0.35275096
v 0.43436107 0.42459372 -0.35513654
v 0.43347573 0.42627296 -0.36148858
v 0.43505064 0.43122670 -0.33445260
v 0.43619141 0.42520249 -0.33193547
v 0.40276927 0.20088546 -0.27826312
v 0.37826318 -0.25435483 -0.08120516
v 0.39426216 0.12388694 -0.25725269
v 0.38517630 0.20868985 -0.29982683
v 0.38792461 0.19601023 -0.29038242
v 0.38828811 0.22735812 -0.30476198
v 0.39299709 0.18233080 -0.28116998
v 0.38926190 0.06288790 -0.23723619
v 0.39389658 0.11207176 -0.25225732
v 0.38711336 0.23770148 -0.31079674
v 0.38144416 -0.08633076 -0.18430966
v 0.38334236 -0.07125462 -0.18899253
v 0.40263441 0.31073660 -0.32735366
v 0.39002141 -0.01952489 -0.20503949
v 0.42878380 0.44536316 -0.36337933
v 0.42394373 0.44607645 -0.37082279
v 0.42298415 0.43753949 -0.37572062
v 0.42317209 0.42947543 -0.37493232
v 0.41899759 0.44741979 -0.37867743
v 0.41917184 0.45474723 -0.37561461
v 0.41542959 0.44944176 -0.38537258
v 0.41883084 0.43612105 -0.37954962
v 0.41502118 0.43548435 -0.38465148
v 0.41601318 0.42375699 -0.37897259
v 0.41130739 0.45081842 -0.39145020
v 0.41111264 0.45917213 -0.39136028
v 0.41510642 0.46146160 -0.38300934
v 0.41873229 0.45950633 -0.37403017
v 0.41032708 0.44158599 -0.39075267
v 0.42330733 0.45393419 -0.36390385
v 0.38972235 0.05305010 -0.23160891
v 0.38645649 -0.17270473 -0.12546919
v 0.40035802 0.32894260 -0.34065291
v 0.40717772 0.31875926 -0.32799628
v 0.38956264 0.00753625 -0.21378268
v 0.41133809 0.46444818 -0.38752982
v 0.39089474 0.07654028 -0.24155985
v 0.43488973 0.42839652 -0.32496536
v 0.41176131 0.43249103 -0.38649377
v 0.41016591 0.42223284 -0.38332590
v 0.40814835 0.33893028 -0.33924416
v 0.38732111 0.27788097 -0.32582861
v 0.38561586 0.25406417 -0.32000780
v 0.38478225 0.29541656 -0.33612007
v 0.39013720 0.31246096 -0.33906013
v 0.38915932 0.09881987 -0.25074968
v 0.38502660 0.13141261 -0.26819751
v 0.38745764 0.16609022 -0.27938506
v 0.38332757 -0.10100497 -0.18008696
v 0.37955081 -0.23348655 -0.09491072
v 0.40106994 0.35940090 -0.35817745
v 0.40652287 0.35119396 -0.34753841
v 0.37880182 -0.26318642 -0.07682787
v 0.40741855 0.43776897 -0.39182201
v 0.38479498 -0.04586061 -0.19962819
v 0.38682625 0.03633500 -0.22630459
v 0.38287166 0.10977741 -0.26004174
v 0.38581595 -0.11071697 -0.17664009
v 0.40660870 0.45773593 -0.39526227
v 0.37683141 -0.08019744 -0.19005018
v 0.37380272 -0.09271764 -0.18781605
v 0.37948045 0.20830432 -0.30403733
v 0.37976861 0.18670654 -0.29298931
v 0.37998748 0.08872060 -0.25366691
v 0.44187474 0.39121875 -0.31081575
v 0.44222212 0.39696711 -0.31531855
v 0.40492323 0.45361605 -0.39631143
v 0.43709901 0.42011008 -0.36350730
v 0.40410513 0.46034408 -0.39625371
v 0.40624297 -0.09023939 -0.04929907
v 0.40875947 -0.09253285 -0.05299648
v 0.40518129 -0.09594636 -0.05352512
v 0.40966395 -0.08614761 -0.04733142
v 0.40778178 -0.08585416 -0.04326292
v 0.41221157 -0.08096167 -0.04782656
v 0.40689772 -0.08345129 -0.04000662
v 0.40477663 -0.09356070 -0.04881399
v 0.40889412 -0.07497162 -0.04325443
v 0.40444371 -0.08577885 -0.03615521
v 0.40851378 -0.05583891 -0.04600807
v 0.41856495 -0.06766371 -0.05906078
v 0.41570696 -0.05239189 -0.05694835
v 0.41214615 -0.04104696 -0.05309653
v 0.42169413 -0.06589551 -0.06607962
v 0.42076233 -0.05516777 -0.06642777
v 0.42028067 -0.03412665 -0.06504002
v 0.42352998 -0.03546236 -0.07190230
v 0.42336312 -0.01491206 -0.07316875
v 0.42770547 0.00610705 -0.08629849
v 0.42308539 0.00225306 -0.07524633
v 0.42353311 0.01674957 -0.07901767
v 0.42753619 0.04232341 -0.09069701
v 0.42987773 0.03405235 -0.09514415
v 0.41545314 -0.04047515 -0.05741211
v 0.43020028 0.05481643 -0.10072574
v 0.42749369 0.06482397 -0.09809127
v 0.43098199 0.08185244 -0.10933899
v 0.42776871 0.09116251 -0.10570885
v 0.43162632 0.10320500 -0.11598925
v 0.42794761 0.12177464 -0.11503793
v 0.42788258 0.14803272 -0.12257859
v 0.43085274 0.12524201 -0.12122309
v 0.43135646 0.14908932 -0.12932868
v 0.42744485 0.16861123 -0.12908696
v 0.43144074 0.16413659 -0.13515592
v 0.43112844 0.18708073 -0.14088909
v 0.42825651 0.19015448 -0.13697933
v 0.43178228 0.20141309 -0.14775679
v 0.43217459 0.22270381 -0.15454459
v 0.43233210 0.24743249 -0.16419299
v 0.43506664 0.22779061 -0.16268691
v 0.43433768 0.20701766 -0.15546782
v 0.43504998 0.25266340 -0.17146362
v 0.43194622 0.27443874 -0.17351982
v 0.43512350 0.27498102 -0.18027140
v 0.43109152 0.28683722 -0.17761208
v 0.43528453 0.29035136 -0.18646187
v 0.43188366 0.30329013 -0.18503749
v 0.43882099 0.28366777 -0.19310553
v 0.43632168 0.31086451 -0.19509953
v 0.43582442 0.32090750 -0.19905186
v 0.43567798 0.33610547 -0.20902596
v 0.43558213 0.34586126 -0.21511476
v 0.43558487 0.36307576 -0.22868691
v 0.43525484 0.38006228 -0.24532549
v 0.43756184 0.37993130 -0.25312218
v 0.43577904 0.39201206 -0.26098055
v 0.43583438 0.40041116 -0.27334335
v 0.43498075 0.40777135 -0.28516397
v 0.43553695 0.41681695 -0.29649067
v 0.43554696 0.42327109 -0.30893427
v 0.42827010 0.27584308 -0.16837946
v -0.31102571 -0.22007991 0.42779052
v 0.32067493 0.46765122 -0.41816801
v 0.32481098 0.46789473 -0.41466066
v -0.30717784 -0.20572518 0.42700881
v -0.31082883 -0.21201293 0.42686939
v -0.30127314 -0.19582668 0.42327258
v -0.29375002 -0.18419632 0.41955686
v -0.28389603 -0.17578436 0.41928628
v -0.31123197 -0.20451066 0.42370769
v -0.28683618 -0.16987093 0.41447920
v -0.31159118 -0.19705248 0.41971689
v -0.31513485 -0.20285134 0.41991386
v -0.27622512 -0.17088515 0.41785872
v -0.26856685 -0.17395611 0.42476812
v -0.29687506 -0.17779437 0.41562447
v -0.31327227 -0.18456307 0.41397536
v -0.31981450 -0.19458184 0.41487992
v -0.32617208 -0.18485288 0.40964079
v -0.30491838 -0.17033657 0.41091383
v -0.31946969 -0.17788447 0.41019729
v -0.30500388 -0.15563956 0.40626466
v -0.28111413 -0.15688637 0.41029882
v -0.32207683 -0.16423288 0.40595955
v -0.27166700 -0.16632904 0.41509265
v -0.26741034 -0.15513265 0.41085869
v -0.33656475 -0.17917059 0.40584207
v -0.29587066 -0.15010130 0.40612286
v -0.28334272 -0.14282987 0.40555072
v -0.26396248 -0.13492364 0.40490547
v -0.25150898 -0.16403684 0.41532028
v -0.23763292 -0.15548125 0.41219124
v -0.23070559 -0.16385023 0.41572714
v -0.25519672 -0.15064159 0.41009358
v -0.23599046 -0.13667984 0.40602514
v -0.19792901 -0.15312746 0.41126943
v -0.17737643 -0.16405676 0.41529971
v -0.14545730 -0.15486737 0.41165307
v -0.13021165 -0.16401835 0.41508442
v -0.09426482 -0.15483691 0.41141227
v -0.07755043 -0.16402997 0.41490823
v -0.19388454 -0.14445521 0.40839243
v -0.17283726 -0.13621181 0.40588292
v -0.13499130 -0.14231770 0.40771815
v -0.05055058 -0.14368346 0.40780580
v -0.04619179 -0.14844121 0.40915343
v -0.03903686 -0.15570618 0.41113400
v 0.05548478 -0.14528742 0.40819010
v -0.12961967 -0.12817629 0.40387323
v -0.05556768 -0.13370989 0.40522230
v 0.05258983 -0.13330814 0.40505934
v 0.11309316 -0.14404793 0.40794179
v 0.11374802 -0.13131958 0.40457025
v 0.15547137 -0.13439873 0.40500236
v -0.16705328 -0.12318000 0.40248004
v -0.07021977 -0.12175966 0.40235651
v -0.24240085 -0.12233071 0.40232223
v 0.19376206 -0.14658120 0.40861186
v 0.19973661 -0.13406232 0.40504038
v 0.24241953 -0.13332635 0.40493682
v 0.23527688 -0.14522558 0.40837038
v 0.06725091 -0.15461151 0.41105670
v 0.23265377 -0.15622804 0.41192216
v 0.19541587 -0.15518230 0.41143978
v 0.14446582 -0.15455072 0.41127047
v 0.25834388 -0.13362275 0.40481722
v 0.25720572 -0.15530457 0.41124618
v 0.24125393 -0.12090345 0.40210456
v 0.06630450 -0.12091308 0.40235049
v 0.11605028 -0.12014654 0.40221047
v 0.15300779 -0.12114564 0.40205953
v 0.18895422 -0.12166402 0.40219539
v -0.29583174 -0.12283862 0.40125781
v 0.28419825 -0.12336253 0.40174782
v -0.03246238 -0.11902562 0.40222949
v 0.01237050 -0.11920271 0.40214315
v 0.04892694 -0.12210174 0.40281221
v 0.27013156 -0.13977943 0.40589413
v 0.27848989 -0.15490291 0.40980986
v 0.28346249 -0.13087949 0.40325627
v 0.30814376 -0.12315327 0.40092301
v -0.28470141 -0.13255893 0.40328828
v -0.30982450 -0.14465913 0.40366408
v 0.29080829 -0.14689738 0.40581536
v 0.30214041 -0.14197680 0.40374970
v -0.31052452 -0.12993184 0.40178648
v -0.33320397 -0.14025848 0.40211329
v -0.31746289 -0.15378484 0.40428057
v -0.33821759 -0.15888295 0.40326324
v -0.02577094 -0.16382504 0.41468719
v 0.01894336 -0.16241808 0.41457215
v 0.04636433 -0.16225749 0.41463169
v 0.25392458 -0.16136497 0.41404513
v 0.28002274 -0.16490591 0.41398907
v 0.03497254 -0.11412355 0.40153798
v 0.31688142 -0.16416851 0.40560636
v 0.32114154 -0.15084459 0.40272674
v -0.32420155 -0.12637442 0.40126154
v 0.31264672 -0.13711224 0.40222636
v 0.32187366 -0.13181390 0.40084991
v 0.21715277 -0.11219401 0.40147680
v 0.25386295 -0.10910806 0.40140596
v 0.28958726 -0.10885413 0.40105850
v -0.16611712 -0.11384641 0.40168276
v -0.09044801 -0.10648342 0.40119264
v -0.16305706 -0.10638455 0.40108830
v -0.24415050 -0.10646851 0.40151182
v -0.02984440 -0.10620529 0.40119615
v -0.25290313 -0.11295083 0.40160260
v -0.30532297 -0.11605723 0.40137056
v -0.33504343 -0.12131820 0.40136793
v -0.33686295 -0.16543946 0.40403381
v 0.07249308 -0.10762364 0.40156898
v 0.12951413 -0.10683428 0.40158480
v 0.03194206 -0.10374127 0.40123606
v -0.34846094 -0.17218560 0.40342394
v -0.34537578 -0.14657734 0.40265545
v 0.33570597 -0.14961161 0.40090904
v -0.34938058 -0.19992459 0.40538672
v 0.34590420 -0.13982485 0.39985201
v 0.34877321 -0.15924066 0.40003064
v 0.33300987 -0.16655265 0.40289146
v 0.35071641 -0.18037499 0.40197572
v 0.36288634 -0.17443237 0.40000761
v 0.36222360 -0.18443103 0.40134093
v 0.36134449 -0.20555715 0.40690020
v 0.36385277 -0.20786890 0.40714774
v 0.34542415 -0.21038473 0.40966934
v 0.34407610 -0.20346606 0.40871319
v 0.34134749 -0.19187443 0.40609679
v 0.36140046 -0.15409173 0.39967260
v 0.20102309 -0.10374596 0.40138108
v 0.32784423 -0.12154311 0.40038094
v 0.31903461 -0.11175621 0.40074137
v -0.34636226 -0.12212743 0.40225077
v 0.37438196 -0.20041853 0.40704226
v 0.36554480 -0.21742208 0.40809473
v 0.37480766 -0.22165470 0.40918013
v 0.08491545 -0.10267780 0.40166524
v 0.34439489 -0.12185340 0.39992610
v 0.33341566 -0.11164054 0.40039131
v 0.16462725 -0.10104067 0.40176949
v 0.36704504 -0.22354266 0.40793923
v 0.34515998 -0.22115307 0.41100016
v 0.28081986 -0.10405809 0.40129173
v 0.24091125 -0.09986140 0.40168780
v 0.37330443 -0.18472633 0.40330088
v -0.35479054 -0.19898401 0.40625298
v -0.35963055 -0.17435154 0.40549523
v -0.36299273 -0.22130406 0.40869576
v -0.35102433 -0.21977729 0.40664732
v 0.32745564 -0.10121015 0.40147483
v -0.29005861 -0.10542630 0.40184996
v 0.32544789 -0.17608202 0.40606555
v -0.06608327 -0.10308715 0.40136567
v -0.16495472 -0.10331277 0.40129068
v -0.01253953 -0.10309997 0.40138310
v -0.34176037 -0.19118659 0.40597096
v 0.36579615 -0.15904342 0.40034845
v 0.35959369 -0.12891841 0.40082669
v -0.25600395 -0.10228582 0.40191600
v -0.33218685 -0.10707369 0.40284944
v -0.35693577 -0.12127155 0.40442625
v 0.27362877 -0.09518980 0.40224478
v -0.35697940 -0.15208198 0.40552038
v -0.36084267 -0.13525587 0.40583590
v -0.33897075 -0.21206485 0.40959680
v -0.35293752 -0.23187245 0.40640596
v -0.36977515 -0.23589478 0.40892524
v -0.36399502 -0.19894588 0.40859833
v 0.20734835 -0.09172101 0.40291941
v 0.03284926 -0.09866339 0.40198854
v 0.10090470 -0.09379280 0.40298045
v 0.14114474 -0.09519428 0.40269130
v 0.37024182 -0.16674972 0.40156096
v -0.34654960 -0.11064258 0.40385139
v 0.34836796 -0.11289556 0.40139779
v 0.34067756 -0.10450693 0.40195867
v 0.35699755 -0.11923604 0.40180233
v 0.27557307 -0.09149317 0.40300253
v 0.30196980 -0.09270432 0.40283692
v -0.34174621 -0.22666326 0.40974730
v -0.36402947 -0.17041969 0.40680593
v 0.36582911 -0.13899793 0.40180817
v -0.01191103 -0.09345128 0.40330034
v -0.06977695 -0.09332231 0.40329304
v -0.09854394 -0.09447677 0.40320784
v -0.26262262 -0.09507214 0.40366444
v -0.16208248 -0.09471935 0.40321478
v -0.29528758 -0.09945909 0.40347078
v 0.05449806 -0.09353745 0.40310156
v 0.33201769 -0.20879507 0.41379198
v 0.32320824 -0.21848625 0.41789141
v -0.34072059 -0.23612678 0.40945762
v -0.37246671 -0.22217004 0.41174883
v -0.35311842 -0.24087277 0.40493745
v -0.32870188 -0.19141021 0.41029799
v -0.32702273 -0.20650916 0.41389126
v -0.36449733 -0.12044696 0.40699434
v 0.32308227 -0.21273157 0.41767284
v 0.07842026 -0.16293131 0.41567796
v 0.14722794 -0.09174661 0.40379047
v -0.33207592 -0.22079405 0.41354319
v 0.37789834 -0.21760498 0.41010121
v 0.37807310 -0.19797033 0.40807816
v 0.34993342 -0.10403460 0.40402129
v 0.36289185 -0.11773939 0.40387061
v -0.36901110 -0.13867779 0.40964109
v -0.36801139 -0.15651658 0.40951994
v -0.33039963 -0.22947080 0.41476887
v 0.17974709 -0.16192000 0.41533065
v 0.36961073 -0.13520598 0.40370625
v 0.33061144 -0.09441622 0.40405199
v 0.37695944 -0.18459518 0.40490636
v 0.22492637 -0.16257784 0.41576788
v -0.35606685 -0.10977887 0.40714678
v -0.31849688 -0.09969720 0.40477124
v -0.36952549 -0.18065493 0.41016448
v -0.29997155 -0.09438221 0.40576461
v -0.17969179 -0.16659403 0.41699383
v -0.15066560 -0.16737908 0.41733092
v 0.07572480 -0.09199664 0.40379512
v -0.25727370 -0.16700190 0.41713664
v -0.09501192 -0.16700646 0.41713795
v -0.02724155 -0.16678520 0.41696769
v 0.05078344 -0.16624607 0.41759297
v 0.11797678 -0.16579925 0.41789979
v -0.34674600 -0.10209205 0.40757748
v -0.23046385 -0.16628362 0.41744983
v -0.32685360 -0.09663515 0.40704703
v -0.32256016 -0.22529532 0.41834864
v -0.31975740 -0.22161427 0.42062846
v -0.08533658 -0.09193511 0.40443093
v -0.17381154 -0.09190498 0.40474159
v -0.24306872 -0.09189049 0.40508655
v 0.17740381 -0.16516466 0.41792852
v -0.27565950 -0.09202151 0.40594324
v 0.12641475 -0.08692794 0.40795502
v -0.03488177 -0.16847469 0.41908437
v -0.31897178 -0.21231732 0.41998968
v 0.30693951 -0.20073454 0.42848527
v 0.31063965 -0.20784305 0.42808056
v 0.31058064 -0.19638455 0.42193773
v 0.32078651 -0.20533669 0.41729280
v 0.31562340 -0.19526564 0.41733217
v 0.30236095 -0.18752503 0.42242724
v 0.29961124 -0.17829596 0.41769218
v 0.29319394 -0.17804623 0.42191362
v 0.29157007 -0.16919585 0.41390374
v 0.30725703 -0.17887233 0.41401565
v 0.32228497 -0.19343092 0.41297549
v 0.29888520 -0.17203274 0.41364735
v 0.31610963 -0.17207669 0.40803865
v 0.30071905 -0.16220489 0.40899432
v 0.27943674 -0.16782562 0.41685277
v 0.31522548 -0.21272527 0.42440182
v 0.25508115 -0.16547517 0.41714522
v 0.22618255 -0.16493008 0.41801953
v 0.19726934 -0.16486283 0.41811982
v 0.28087655 -0.16980714 0.41892865
v 0.25961199 -0.16906837 0.42323330
v 0.24218276 -0.16668409 0.42103475
v 0.13470806 -0.16872412 0.42418990
v 0.11434289 -0.16960087 0.42511979
v 0.07936525 -0.16969071 0.42511520
v 0.04510717 -0.16921329 0.42235965
v 0.00456028 -0.16909458 0.42177132
v -0.00824685 -0.17053941 0.42418516
v -0.11379158 -0.17239493 0.42635974
v -0.22868131 -0.16801253 0.42070532
v -0.40389779 -0.09625513 -0.04519533
v -0.40129271 -0.09078117 -0.03755949
v -0.40246603 -0.08831700 -0.03198589
v -0.40363726 -0.08643254 -0.02502014
v -0.39782512 -0.08105014 -0.02029751
v -0.40633482 -0.09051105 -0.03265380
v -0.40462375 -0.09318760 -0.03869280
v -0.40960836 -0.09030410 -0.02788191
v -0.40881354 -0.09219889 -0.03629838
v -0.41382435 -0.09292042 -0.03218855
v -0.40788394 -0.09569166 -0.04426265
v -0.41422239 -0.09335952 -0.04550839
v -0.41294217 -0.09593590 -0.04802740
v -0.40025520 -0.07863137 -0.01932632
v 0.42621753 -0.08433134 -0.10622427
v 0.42641866 -0.08173466 -0.10536138
v 0.30429596 -0.28174195 -0.09180962
v 0.33344230 -0.27654919 -0.08842006
v 0.29197860 -0.27748346 -0.08688012
v 0.32920489 -0.26984522 -0.08190110
v 0.28656954 -0.28293601 -0.09122948
v 0.29993573 -0.27130458 -0.08201375
v 0.28196648 -0.27121085 -0.08131927
v 0.26369402 -0.28176060 -0.08726059
v 0.26025295 -0.28653026 -0.09105687
v 0.23822914 -0.28641132 -0.08722868
v 0.33698571 -0.28236529 -0.09508875
v 0.34551379 -0.27134132 -0.08284802
v 0.34655368 -0.27839023 -0.09123110
v 0.23117936 -0.28997910 -0.09072814
v 0.19941233 -0.29069856 -0.08709081
v 0.29170278 -0.28564441 -0.09577174
v 0.35273626 -0.27475604 -0.08593591
v 0.35390836 -0.27027491 -0.08128390
v 0.31273040 -0.28457645 -0.09808923
v 0.34400702 -0.28246406 -0.09757444
v 0.18601494 -0.29308987 -0.08835661
v 0.17704394 -0.29062805 -0.08351591
v 0.14900155 -0.29444176 -0.08394904
v 0.26710346 -0.28857845 -0.09659916
v 0.11242966 -0.29580748 -0.08234918
v 0.33932847 -0.28338471 -0.09996291
v -0.20252688 -0.29064050 -0.08791849
v -0.25596505 -0.28458056 -0.09154863
v -0.22628742 -0.29069868 -0.09211067
v -0.22837934 -0.28467157 -0.08685742
v -0.19402137 -0.28664023 -0.08313181
v -0.16323565 -0.29418281 -0.08663700
v -0.17413764 -0.28839126 -0.08232095
v -0.14801928 -0.28924417 -0.07925760
v -0.13326617 -0.29448158 -0.08206233
v -0.11180280 -0.29385814 -0.07821957
v -0.25751632 -0.28845209 -0.09627734
v -0.27347741 -0.28652802 -0.09657097
v -0.11518355 -0.29610509 -0.08151197
v -0.09212993 -0.29827780 -0.07949058
v -0.09019773 -0.29461846 -0.07596658
v -0.27715227 -0.28003642 -0.09176295
v -0.28301293 -0.28278884 -0.09522341
v -0.29226455 -0.28270406 -0.09808052
v -0.13917841 -0.29623112 -0.08563632
v -0.30602443 -0.28039429 -0.09927105
v -0.32109556 -0.27887613 -0.09980038
v -0.33679488 -0.27867168 -0.10029469
v -0.29870400 -0.27711582 -0.09561300
v 0.03280298 -0.29874632 -0.07608221
v -0.01119371 -0.29891354 -0.07502249
v -0.04851194 -0.29839939 -0.07590972
v 0.20073390 -0.28589842 -0.08356912
v 0.22609842 -0.28230375 -0.08348701
v 0.25599331 -0.27643767 -0.08278367
v 0.24211177 -0.27127120 -0.07939835
v 0.19081996 -0.27466312 -0.07727836
v 0.21682397 -0.27221936 -0.07814264
v 0.16442139 -0.28640470 -0.08077425
v 0.14769670 -0.29289356 -0.08282701
v 0.12362080 -0.29090592 -0.08037405
v 0.16426025 -0.27488849 -0.07613146
v 0.12305407 -0.28341648 -0.07783043
v 0.12280489 -0.27547327 -0.07479642
v 0.09521861 -0.28187376 -0.07486105
v 0.10086906 -0.27850327 -0.07407703
v 0.06131287 -0.27985936 -0.07150263
v 0.11316926 -0.29268035 -0.07993880
v 0.05356244 -0.28375262 -0.07218384
v 0.04215234 -0.28251314 -0.07093183
v -0.00110465 -0.28339869 -0.06861856
v 0.00593219 -0.29187247 -0.07221171
v -0.02839643 -0.28348595 -0.06794795
v 0.06265382 -0.29635450 -0.07651121
v 0.08851801 -0.29643705 -0.07792071
v -0.05276125 -0.28891742 -0.07074370
v -0.05966777 -0.28251478 -0.06717534
v -0.06927132 -0.28960449 -0.07132777
v -0.08358095 -0.28303176 -0.06698388
v 0.17937528 -0.27231011 -0.07653472
v -0.09460645 -0.28310224 -0.06779002
v -0.09418029 -0.28160676 -0.06740231
v -0.11851714 -0.28198755 -0.06978056
v -0.11544108 -0.28006455 -0.06851862
v -0.14338635 -0.27940896 -0.07047145
v 0.02655165 -0.28032365 -0.07011356
v 0.09154440 -0.27653402 -0.07358458
v -0.15916519 -0.27788720 -0.07161853
v -0.17072983 -0.27846810 -0.07412213
v -0.17033917 -0.27605838 -0.07298680
v -0.18967751 -0.27580076 -0.07519558
v -0.20968030 -0.27822968 -0.07907594
v -0.21732120 -0.27517846 -0.07848694
v -0.24729577 -0.27401772 -0.08301319
v -0.26102224 -0.27514389 -0.08602349
v -0.22923191 -0.27204624 -0.07998194
v -0.24975751 -0.27224424 -0.08312757
v -0.26969787 -0.27136374 -0.08633902
v -0.27633485 -0.27209473 -0.08757449
v -0.29899305 -0.26772434 -0.09157272
v -0.29645392 -0.27029103 -0.09143935
v -0.31312057 -0.27362543 -0.09652700
v -0.31439146 -0.26683632 -0.09465424
v -0.31522968 -0.26376778 -0.09438737
v -0.32635218 -0.27552515 -0.09858032
v -0.33253026 -0.26281485 -0.09586130
v -0.33927983 -0.27012247 -0.09819625
v -0.34625402 -0.26261067 -0.09607898
v -0.02312860 0.14244412 -0.30183813
v -0.06636262 0.14586259 -0.30281854
v -0.06073811 0.13505384 -0.29813188
v -0.05396959 0.11077336 -0.28782019
v -0.00420787 0.11404163 -0.29008937
v -0.17322303 0.14438856 -0.30167174
v -0.19411939 0.14570071 -0.30184966
v -0.19497736 0.13857672 -0.29887167
v -0.17395802 0.13824326 -0.29906401
v -0.09842782 0.13796712 -0.29945573
v -0.09933522 0.14500432 -0.30250058
v -0.07148440 0.12038233 -0.29143816
v -0.16471151 0.11730639 -0.28935310
v -0.19664134 0.12104807 -0.29042768
v -0.13412775 0.12269792 -0.29210651
v -0.09137500 0.10778049 -0.28616884
v -0.13325481 0.10504775 -0.28500110
v -0.13510583 0.09111048 -0.27924857
v -0.19303608 0.11110473 -0.28640327
v -0.18532325 0.08871922 -0.27775541
v -0.20833892 0.08011871 -0.27442408
v -0.21160010 0.10883693 -0.28557482
v -0.21538627 0.12133903 -0.29056591
v -0.20907393 0.07000699 -0.27023110
v -0.15190610 0.07089546 -0.27081990
v -0.00394435 0.10372682 -0.28602836
v -0.21635567 0.13836372 -0.29889196
v -0.11980180 0.06893303 -0.27077153
v 0.03250013 0.12868860 -0.29618669
v 0.03109916 0.14360988 -0.30251229
v -0.23751974 0.07741491 -0.27266148
v -0.24562329 0.10566104 -0.28392226
v -0.24326120 0.11250282 -0.28651470
v -0.24232750 0.12585516 -0.29188338
v -0.24104379 0.13945794 -0.29868013
v -0.23355016 0.14828856 -0.30266425
v -0.22692467 0.17012553 -0.31309658
v -0.19369219 0.16609250 -0.31134039
v -0.17230496 0.15523002 -0.30686235
v -0.16776544 0.16343729 -0.31065419
v -0.06059138 0.16321668 -0.31113923
v -0.08146191 0.16176052 -0.31053758
v -0.18879673 0.17376933 -0.31452000
v -0.01510888 0.16097371 -0.31079918
v -0.00594856 0.15296741 -0.30709666
v 0.04331622 0.15935215 -0.31014192
v -0.00748641 0.17024003 -0.31441191
v 0.05642528 0.17036490 -0.31442684
v -0.11378010 0.17153895 -0.31432027
v -0.06404019 0.17046639 -0.31406724
v 0.05885173 0.15894355 -0.30969578
v -0.24920049 0.16157803 -0.30807477
v -0.25965238 0.14264101 -0.29889253
v 0.10002665 0.16015780 -0.31048509
v 0.11064693 0.17003420 -0.31446967
v -0.22974893 0.19028568 -0.32091162
v 0.03478487 0.10970400 -0.28797066
v 0.06264214 0.12560359 -0.29433113
v 0.07535930 0.10917195 -0.28710005
v 0.10361616 0.11658412 -0.29013294
v 0.06462713 0.14382997 -0.30206519
v 0.10247863 0.13111965 -0.29680923
v 0.13115981 0.12090869 -0.29175070
v 0.11314049 0.14449292 -0.30238059
v 0.11943096 0.10791555 -0.28672719
v 0.13515423 0.13633130 -0.29830152
v 0.16543663 0.13810095 -0.29847240
v 0.16710296 0.14887986 -0.30323061
v 0.19345142 0.15269618 -0.30418992
v 0.19429249 0.14052403 -0.29872239
v 0.16555509 0.11944146 -0.29030976
v 0.11934015 0.15409523 -0.30711105
v 0.13092205 0.16199324 -0.31046262
v 0.18654731 0.16778290 -0.31162566
v 0.15103763 0.17248301 -0.31436628
v 0.18062650 0.17481303 -0.31492272
v 0.23651038 0.14170533 -0.29903767
v 0.22673903 0.15168324 -0.30369166
v 0.24284862 0.15442367 -0.30472049
v 0.23620325 0.16586293 -0.31054559
v 0.24125911 0.17591295 -0.31517863
v -0.25756037 0.17555033 -0.31453016
v 0.20120764 0.12752096 -0.29213956
v 0.20235412 0.11572961 -0.28734699
v 0.24329014 0.12849760 -0.29217547
v 0.24862616 0.10826932 -0.28415164
v 0.25758320 0.17438455 -0.31376767
v 0.26418403 0.13252889 -0.29317775
v 0.25884601 0.14191306 -0.29801348
v -0.26591048 0.08706573 -0.27530178
v -0.28524047 0.10886455 -0.28333735
v -0.09496523 0.08544348 -0.27736107
v -0.16093026 0.06113661 -0.26731956
v -0.12440362 0.06041349 -0.26769748
v -0.05620844 0.06092321 -0.26859263
v -0.01051152 0.04846146 -0.26446044
v -0.00831126 0.06232476 -0.26974761
v -0.07593290 0.07114565 -0.27217969
v -0.00645988 0.07683332 -0.27563334
v -0.03106638 0.09280919 -0.28166667
v 0.01016202 0.09153210 -0.28158408
v -0.07363714 0.09504505 -0.28199914
v 0.05339795 0.09107606 -0.28108370
v 0.20423372 0.10689695 -0.28406927
v 0.25688925 0.08823739 -0.27577236
v 0.22183229 0.08491404 -0.27490211
v 0.26806191 0.10804502 -0.28358153
v 0.18719368 0.08897810 -0.27741918
v 0.28642878 0.08870126 -0.27467471
v 0.28448215 0.10779049 -0.28258941
v 0.15222429 0.10126983 -0.28381434
v 0.05737381 0.08021343 -0.27686533
v 0.11070642 0.08008449 -0.27655163
v 0.07944497 0.06594033 -0.27081493
v 0.12804642 0.06885330 -0.27177450
v 0.02681418 0.06647341 -0.27125785
v 0.09625425 0.09090388 -0.28090209
v 0.14655699 0.09630779 -0.28246498
v 0.16139114 0.07254080 -0.27219701
v -0.11171997 0.04107203 -0.26032409
v -0.16336562 0.05189043 -0.26366055
v -0.20781590 0.06026746 -0.26662892
v 0.03251682 0.05098677 -0.26528215
v 0.08595958 0.04944444 -0.26457971
v 0.12684536 0.04839398 -0.26425904
v 0.08611824 0.02617914 -0.25544667
v 0.12980276 0.02620073 -0.25563505
v 0.03771842 0.02710300 -0.25610298
v -0.00254050 0.02774242 -0.25635895
v -0.04695646 0.02647331 -0.25559196
v -0.10736396 0.02761971 -0.25539723
v -0.14672077 0.02861730 -0.25493479
v -0.24663812 0.06259435 -0.26686159
v -0.25801826 0.07382197 -0.27058610
v -0.26267126 0.06463309 -0.26699486
v -0.20593153 0.03604577 -0.25659481
v -0.17128548 0.03946738 -0.25851047
v -0.14434513 0.03802118 -0.25835389
v -0.20155528 0.00671308 -0.24466603
v -0.21390617 0.00374717 -0.24297789
v -0.22978145 0.03515642 -0.25567853
v -0.24678391 0.00359333 -0.24241407
v 0.16624953 0.04603359 -0.26259297
v 0.16349795 0.02692343 -0.25521624
v -0.17987694 0.18441597 -0.31835186
v -0.20376465 0.19651872 -0.32291007
v -0.07600137 0.18594451 -0.31954113
v -0.12851413 0.19601984 -0.32318988
v -0.11849002 0.18138537 -0.31781456
v -0.20064692 0.21136349 -0.32912239
v -0.16982651 0.21217726 -0.32961378
v -0.20307912 0.22227123 -0.33345175
v -0.12969610 0.22187027 -0.33357733
v -0.11816442 0.21203828 -0.32963014
v -0.09029066 0.22102955 -0.33350077
v -0.08592937 0.20155990 -0.32578084
v -0.05933117 0.21160398 -0.32973069
v -0.05213534 0.22164081 -0.33351901
v -0.22953418 0.20091215 -0.32506362
v -0.23002334 0.21339661 -0.33036703
v -0.23101148 0.22556716 -0.33521625
v -0.20922612 0.23182717 -0.33765075
v -0.18034215 0.23069076 -0.33755648
v -0.25219780 0.03868788 -0.25632390
v -0.26188219 0.02707635 -0.25112644
v -0.26797915 0.00573417 -0.24225414
v 0.18111743 0.06108450 -0.26774323
v 0.18862474 0.07144082 -0.27101380
v -0.02286314 0.20240198 -0.32647279
v -0.01068598 0.22068045 -0.33367208
v -0.04006963 0.18993157 -0.32094249
v 0.01071043 0.20181887 -0.32603651
v 0.03991683 0.18946543 -0.32129547
v -0.04411703 0.18162788 -0.31773341
v 0.00249641 0.18155733 -0.31810811
v 0.08548872 0.17926139 -0.31747594
v 0.01262018 0.22100748 -0.33392251
v 0.04373962 0.21678320 -0.33262962
v 0.04392503 0.20224732 -0.32672960
v 0.07214214 0.19594909 -0.32394791
v 0.12502065 0.19528188 -0.32331949
v 0.12616786 0.17830704 -0.31702250
v 0.15513954 0.18841150 -0.32005355
v 0.20772675 0.18239912 -0.31751654
v 0.19529313 0.19857053 -0.32350340
v 0.22728862 0.19564751 -0.32210386
v 0.10468709 0.21072945 -0.32953534
v 0.11075293 0.22124067 -0.33375669
v 0.14074087 0.22108451 -0.33351225
v 0.16845867 0.20916599 -0.32828906
v 0.12029294 0.20306093 -0.32641840
v 0.19428712 0.21349862 -0.32952753
v 0.18760139 0.22159635 -0.33294293
v 0.23756130 0.21742848 -0.33130068
v 0.23525621 0.22297379 -0.33340743
v 0.23656039 0.24932848 -0.34494498
v 0.20204258 0.23502100 -0.33848903
v 0.22945563 0.23408940 -0.33817294
v 0.24830484 0.22342375 -0.33301336
v 0.24347933 0.23991670 -0.34044516
v 0.18536161 0.04998658 -0.26340085
v 0.20036916 0.05981639 -0.26705506
v 0.19944595 0.03003468 -0.25535029
v 0.18257129 0.02094179 -0.25195262
v 0.18595409 0.00456644 -0.24486542
v 0.21926543 0.00640168 -0.24472405
v 0.25175202 0.04014901 -0.25729951
v 0.25080052 0.02517893 -0.25134513
v 0.25302854 0.00650293 -0.24374263
v 0.21182142 0.05104258 -0.26308578
v 0.22683688 0.06283084 -0.26721832
v 0.26931995 0.06377411 -0.26684758
v 0.22174796 0.07378770 -0.27098885
v 0.27215788 0.07719830 -0.27130461
v 0.15668680 0.08979499 -0.27921420
v 0.18941350 -0.01243904 -0.23841621
v -0.09458450 0.23321082 -0.33921322
v -0.05503104 0.23010981 -0.33754486
v 0.03734796 0.23549585 -0.34142539
v 0.06729364 0.23564343 -0.34103677
v -0.01641747 0.23703244 -0.34173241
v 0.03471556 0.25239044 -0.34864306
v 0.06811465 0.24609025 -0.34554589
v 0.10341664 0.23691213 -0.34150773
v 0.10566913 0.24691178 -0.34581810
v 0.13218251 0.23703693 -0.34136084
v 0.15242240 0.24730332 -0.34565106
v 0.07647556 0.25561246 -0.34953728
v 0.13741097 0.25314963 -0.34839347
v 0.17299603 0.25567755 -0.34900233
v 0.17387873 0.23942469 -0.34147254
v 0.20065993 0.24945550 -0.34535119
v 0.20520864 0.25701496 -0.34854895
v 0.23190874 0.25960734 -0.34923521
v 0.24503921 0.20938222 -0.32740572
v 0.24825388 0.19737448 -0.32233873
v -0.01840919 0.24756354 -0.34655392
v -0.06779502 0.24151932 -0.34321326
v -0.04581905 0.25504324 -0.34950644
v -0.01099957 0.25301293 -0.34897462
v -0.11707269 0.23755845 -0.34121320
v -0.14834428 0.23920667 -0.34220842
v -0.08595208 0.25129727 -0.34795722
v -0.17720291 0.23816141 -0.34143218
v -0.11868066 0.25210357 -0.34796742
v -0.18203183 0.24695806 -0.34546295
v -0.14609079 0.25456476 -0.34926882
v 0.28351080 0.11732554 -0.28618518
v 0.28854781 0.13847707 -0.29423761
v -0.18089598 0.01930072 -0.25035039
v -0.15272389 0.01830462 -0.25137448
v -0.18351328 0.00384936 -0.24380860
v -0.15970840 0.00339778 -0.24457012
v -0.20917502 -0.01562335 -0.23613991
v -0.18907209 -0.01639966 -0.23618016
v -0.12853670 0.00054252 -0.24418862
v -0.16988994 -0.01710913 -0.23623617
v -0.12416651 -0.01645477 -0.23700128
v -0.09461882 0.00069973 -0.24423257
v -0.09467563 -0.01650765 -0.23695020
v -0.11974356 0.01796810 -0.25216702
v -0.07996869 0.01804119 -0.25239924
v 0.04326804 0.01729085 -0.25282350
v -0.00525152 0.01696368 -0.25274101
v -0.04743169 0.01790379 -0.25269225
v -0.04436776 -0.00694824 -0.24184659
v 0.00412944 0.00030686 -0.24535312
v 0.04016985 -0.00380463 -0.24364415
v 0.03606708 -0.01661064 -0.23788892
v 0.07805747 -0.01659348 -0.23773442
v -0.05024077 -0.01701426 -0.23729524
v 0.08430579 0.00261084 -0.24569929
v 0.08462698 0.01765014 -0.25247172
v 0.12205185 0.01698170 -0.25246340
v 0.11932170 0.00247135 -0.24592261
v 0.10763474 -0.01576750 -0.23811160
v 0.15165597 -0.01575745 -0.23796003
v 0.15915552 0.00352616 -0.24579178
v 0.19151716 -0.01789441 -0.23617105
v 0.24279682 -0.01642372 -0.23596968
v 0.16159871 0.01794273 -0.25210965
v -0.25375608 -0.02620731 -0.23057665
v -0.25273764 -0.01487569 -0.23584341
v -0.28423780 0.13212647 -0.29222423
v -0.28430170 0.11869323 -0.28706214
v -0.25929272 0.21648583 -0.33024424
v -0.25573385 0.19630897 -0.32185936
v -0.25286672 0.22429661 -0.33352077
v -0.25345147 0.23737314 -0.33908573
v -0.17710610 0.25539604 -0.34951228
v -0.21225917 0.25744909 -0.34950545
v -0.22920182 0.24838316 -0.34577370
v -0.22876178 0.25686580 -0.34926903
v 0.03879939 0.26212847 -0.35329038
v 0.26662016 0.02866186 -0.25179631
v 0.26658180 0.04138276 -0.25691688
v -0.27372724 0.13566396 -0.29438084
v -0.19788863 0.24024026 -0.34188044
v -0.22941290 0.24005321 -0.34206569
v 0.26779267 -0.01350747 -0.23611817
v 0.26833004 -0.02084051 -0.23299773
v 0.27435115 -0.01422558 -0.23543638
v -0.28398824 0.07858037 -0.27062106
v -0.28338927 0.05913062 -0.26272294
v 0.24909864 0.26171300 -0.34903759
v 0.25990722 0.25258294 -0.34476534
v 0.27123708 0.21766816 -0.32935220
v 0.28122929 0.20493457 -0.32322586
v -0.27556744 -0.01695287 -0.23390107
v -0.27106565 -0.03822808 -0.22404054
v -0.25011072 -0.04301092 -0.22254355
v -0.25510299 -0.05095615 -0.21920706
v -0.18214139 -0.05847016 -0.21664706
v -0.20029072 -0.06111003 -0.21541771
v -0.25501251 -0.06144004 -0.21476437
v -0.27356333 -0.05775053 -0.21570988
v -0.17203653 -0.05011091 -0.22058934
v -0.21225694 -0.03928323 -0.22441570
v -0.17041950 -0.03748159 -0.22617275
v -0.11322302 -0.03589844 -0.22725061
v -0.07959863 -0.03338190 -0.22866537
v -0.04864041 -0.03036879 -0.23069490
v -0.09417582 -0.05068434 -0.22047536
v -0.04509829 -0.05036667 -0.22149608
v -0.27707905 -0.01262683 -0.23556782
v -0.28489017 -0.03093428 -0.22633278
v 0.03669257 -0.04397767 -0.22470137
v -0.02095906 -0.02581919 -0.23289281
v 0.02612660 -0.03169099 -0.23038526
v 0.08841173 -0.04620004 -0.22324048
v -0.13286932 -0.05816924 -0.21660842
v -0.09185684 -0.05910737 -0.21616016
v -0.05629282 -0.05876660 -0.21673334
v 0.24687988 -0.03783305 -0.22557677
v 0.16336881 -0.02931069 -0.23112777
v 0.20737852 -0.04077278 -0.22458640
v 0.26810041 -0.03931510 -0.22395350
v 0.10593741 -0.02530822 -0.23326138
v 0.14167552 -0.04683900 -0.22283246
v 0.18808715 -0.05346830 -0.21918304
v 0.04345090 -0.05177359 -0.22080675
v -0.01098880 -0.05177670 -0.22077313
v 0.11331414 -0.05783314 -0.21722905
v 0.01449854 -0.06229194 -0.21520884
v -0.03457936 -0.06388001 -0.21417899
v 0.23476602 -0.05350123 -0.21883658
v 0.26592302 -0.04964537 -0.21968676
v 0.26351345 -0.05880712 -0.21594134
v 0.23397994 -0.06036233 -0.21591437
v 0.20063917 -0.06060516 -0.21599783
v 0.18018955 -0.05783373 -0.21711452
v 0.28919339 -0.05768894 -0.21484758
v -0.28407261 0.15032710 -0.29971308
v -0.28679815 0.04100002 -0.25494626
v -0.28261974 0.01497853 -0.24469456
v -0.00662604 0.26864937 -0.35714680
v 0.06751464 0.27146450 -0.35751635
v 0.12096376 0.27013141 -0.35705572
v 0.05082930 0.27974141 -0.36123556
v -0.01113435 0.27823260 -0.36120194
v -0.05546979 0.27018377 -0.35746980
v -0.08560333 0.26790583 -0.35650727
v -0.14461060 0.26971570 -0.35751766
v -0.16240804 0.27867243 -0.36140174
v -0.08391091 0.27932504 -0.36149675
v -0.14686806 0.28830221 -0.36524603
v -0.02770752 0.28650698 -0.36450282
v -0.06977979 0.28648356 -0.36435670
v -0.10812262 0.28861725 -0.36511156
v 0.02954761 0.28807777 -0.36447686
v -0.16923201 0.28857943 -0.36518854
v 0.07442273 0.28793037 -0.36444974
v 0.10317692 0.28912121 -0.36462602
v 0.12431385 0.27967507 -0.36125484
v 0.13091688 0.28792346 -0.36442709
v 0.17582546 0.28149611 -0.36147875
v 0.17427090 0.29117659 -0.36565468
v 0.17261226 0.27123904 -0.35679865
v 0.19430038 0.26992327 -0.35551256
v 0.22019188 0.27473378 -0.35731918
v 0.19617140 0.28948829 -0.36427519
v 0.23521566 0.28514224 -0.36159706
v 0.23806149 0.27328324 -0.35561937
v 0.24331661 0.28418750 -0.36070260
v 0.18846160 0.29847208 -0.36849988
v 0.20687236 0.30507731 -0.36994973
v -0.17580189 0.27004230 -0.35724619
v -0.20602044 0.28162965 -0.36110041
v -0.20614240 0.27275732 -0.35728553
v -0.22892785 0.28152424 -0.36106110
v -0.22826228 0.27217880 -0.35714951
v -0.21205714 0.29361114 -0.36550730
v -0.22919667 0.29194063 -0.36494732
v -0.19827522 0.29105890 -0.36484292
v 0.10696291 0.29711136 -0.36850998
v 0.13511416 0.29596210 -0.36847517
v -0.22877938 0.30911911 -0.37321609
v -0.21011668 0.31000197 -0.37321591
v -0.22891790 0.32063821 -0.37775081
v -0.21300416 0.32478917 -0.37929249
v -0.22917640 0.32799757 -0.38070911
v -0.21165860 0.33442083 -0.38367975
v -0.19362724 0.32488236 -0.38031149
v -0.23010918 0.34345683 -0.38817218
v -0.21199736 0.34391096 -0.38834783
v -0.23053835 0.35477015 -0.39309764
v -0.21371205 0.35307559 -0.39251009
v -0.21350075 0.36897346 -0.39838284
v -0.18782288 0.29248536 -0.36609089
v -0.19076212 0.31872964 -0.37815061
v -0.14123173 0.32267070 -0.38040233
v -0.22859773 0.37573579 -0.40048376
v -0.19650823 0.37425408 -0.40116173
v -0.20131211 0.38021168 -0.40367606
v -0.18405429 0.37616789 -0.40220374
v -0.17784803 0.35987571 -0.39618969
v -0.14714493 0.37996992 -0.40541181
v -0.13105662 0.36550030 -0.40053099
v -0.19226666 0.35085380 -0.39295635
v -0.14671968 0.38560656 -0.40810651
v -0.21239808 0.38967285 -0.40787992
v -0.22834313 0.38311726 -0.40429413
v -0.18067758 0.38906932 -0.40854037
v -0.14462993 0.39348719 -0.41112906
v -0.13807569 0.40539360 -0.41597170
v -0.22744177 0.39169824 -0.40820929
v -0.17100945 0.40830594 -0.41597527
v -0.12768818 0.41232416 -0.41954371
v -0.12769355 0.39356342 -0.41194463
v -0.08233260 0.41006249 -0.41944456
v -0.10933419 0.42121449 -0.42379734
v -0.17213158 0.41633171 -0.42008370
v -0.07816720 0.42073160 -0.42379883
v -0.05773268 0.41242477 -0.41983995
v -0.05713455 0.42191947 -0.42379567
v -0.05352909 0.40643609 -0.41727230
v -0.02733339 0.42107275 -0.42363110
v -0.01982474 0.40977329 -0.41932541
v 0.00086468 0.39256194 -0.41259757
v -0.08442286 0.40322000 -0.41626340
v -0.04650368 0.39220884 -0.41195333
v -0.07302219 0.39241475 -0.41218328
v -0.11466619 0.39367667 -0.41234761
v -0.13081476 0.38560334 -0.40927470
v 0.00753917 0.41222495 -0.42026678
v 0.00282696 0.40344307 -0.41662747
v 0.00798514 0.42086112 -0.42375764
v 0.03702683 0.40738174 -0.41767791
v 0.02322256 0.42235208 -0.42403534
v 0.04344801 0.42225534 -0.42367274
v 0.05799539 0.41008601 -0.41831610
v 0.03611873 0.39196494 -0.41172177
v 0.07792395 0.42218021 -0.42371520
v 0.06079527 0.40519512 -0.41606188
v 0.09073234 0.40532795 -0.41555193
v -0.17891732 0.42499000 -0.42392397
v 0.12114856 0.42304862 -0.42366180
v 0.11935212 0.41449139 -0.41958037
v 0.16319288 0.41654760 -0.41993633
v 0.11378392 0.40534183 -0.41545999
v 0.13745353 0.40630174 -0.41496599
v 0.07212634 0.29598406 -0.36844981
v -0.12780744 0.35571250 -0.39587072
v -0.10769806 0.36233598 -0.39905396
v -0.06058415 0.36380556 -0.39974567
v -0.07431129 0.35676703 -0.39626068
v 0.06574973 0.42818320 -0.42542085
v -0.06826428 0.29628780 -0.36927947
v -0.01653258 0.29509765 -0.36888278
v 0.27046686 0.14824034 -0.29986963
v 0.28302497 0.16048980 -0.30496621
v 0.26948762 0.16487108 -0.30790398
v 0.17222923 0.40974978 -0.41556999
v 0.17520583 0.40414616 -0.41328862
v 0.01885613 0.29460245 -0.36797667
v 0.23954386 0.30841741 -0.36977637
v 0.21154225 0.31389812 -0.37351057
v 0.23998706 0.31723970 -0.37381163
v 0.21179380 0.32893664 -0.38073245
v -0.18817344 0.33109152 -0.38358587
v -0.13692230 0.32840583 -0.38350549
v 0.08888450 0.39380336 -0.41181248
v -0.27211747 0.23530340 -0.33648613
v -0.26178741 0.25165683 -0.34460387
v -0.28844526 -0.06231309 -0.21276201
v -0.30900836 -0.06011375 -0.21228713
v 0.28832975 -0.03687027 -0.22344393
v -0.17818135 0.30531898 -0.37366766
v -0.16534472 0.31129602 -0.37659353
v -0.15870897 0.30306715 -0.37317178
v -0.12690525 0.31118578 -0.37671033
v -0.09090731 0.30316213 -0.37313890
v -0.01598099 0.30257741 -0.37303504
v -0.06987301 0.31093544 -0.37691915
v 0.00372213 0.31076282 -0.37674204
v 0.04994383 0.31106526 -0.37668705
v -0.02593458 0.32341248 -0.38055480
v -0.07923426 0.32264534 -0.38052186
v -0.04221926 0.33058840 -0.38414106
v -0.08116788 0.32941261 -0.38399148
v -0.11530449 0.33022964 -0.38421470
v 0.05097227 0.30384609 -0.37308007
v 0.07106378 0.31022364 -0.37653530
v 0.05775646 0.32286817 -0.38079509
v 0.00949962 0.32225460 -0.38069788
v 0.12100715 0.32222006 -0.38075161
v 0.05460478 0.33021286 -0.38430628
v 0.00690424 0.32976022 -0.38430759
v 0.12590536 0.32974705 -0.38437617
v 0.12216481 0.31188363 -0.37692663
v 0.16837011 0.32347041 -0.38081622
v 0.17567460 0.31312928 -0.37694865
v 0.16412300 0.32926911 -0.38365927
v 0.17298950 0.30582666 -0.37361529
v 0.13782884 0.30334508 -0.37270215
v 0.19855534 0.33092067 -0.38257176
v 0.19390006 0.32116604 -0.37822002
v 0.26787290 0.18395203 -0.31630239
v 0.28519019 0.18560593 -0.31580144
v 0.11396006 0.30483848 -0.37323019
v 0.07333212 0.30300012 -0.37273991
v -0.28039515 0.21743409 -0.32900882
v -0.28483129 0.20478086 -0.32316798
v -0.28788456 0.18567143 -0.31513765
v 0.16838226 0.42455199 -0.42405662
v 0.11224895 0.42753872 -0.42495650
v -0.19004120 0.34109771 -0.38896209
v -0.17739084 0.34662318 -0.39219451
v -0.17380378 0.33874771 -0.38874596
v -0.13488479 0.33715487 -0.38873535
v -0.11404113 0.33783790 -0.38880882
v -0.11990684 0.34580231 -0.39260435
v -0.06944584 0.34558454 -0.39253697
v -0.07176430 0.33742175 -0.38874590
v -0.04325938 0.33790800 -0.38859370
v -0.02785189 0.34551352 -0.39240932
v 0.00526437 0.33677873 -0.38843369
v 0.00436689 0.34541440 -0.39274049
v 0.03846027 0.33778816 -0.38873151
v 0.04381201 0.34545740 -0.39250010
v 0.10440736 0.34565133 -0.39263695
v 0.12922646 0.33708400 -0.38864073
v 0.13676603 0.34553888 -0.39279902
v 0.16434951 0.33747411 -0.38851696
v 0.18383661 0.33942282 -0.38850352
v 0.17798159 0.34679744 -0.39275467
v 0.00877297 0.35517386 -0.39612940
v -0.25311416 0.26151946 -0.34908649
v 0.31961712 0.07610375 -0.26780486
v 0.28707251 0.07209915 -0.26828003
v 0.31522733 0.05468817 -0.25897831
v 0.29133514 0.05120797 -0.25910360
v 0.31329107 0.04466381 -0.25493702
v 0.29054171 0.03355432 -0.25128034
v 0.31392306 0.01707609 -0.24236497
v 0.29607823 0.01505569 -0.24304885
v 0.27772722 0.01094127 -0.24347612
v -0.28333089 -0.00109832 -0.23866822
v -0.31126249 -0.04827535 -0.21649724
v -0.34302872 -0.05587021 -0.21142220
v 0.31061676 -0.04839258 -0.21630310
v 0.31620505 -0.05629832 -0.21311663
v 0.26192641 0.24043831 -0.33899209
v 0.28335068 0.22686228 -0.33174783
v 0.30404726 0.23243842 -0.33238018
v 0.30202913 0.21153399 -0.32377169
v 0.28760624 0.21144916 -0.32522607
v 0.32983744 0.23193626 -0.33074090
v 0.29956412 0.24752267 -0.33848026
v 0.32880431 0.24472146 -0.33574387
v 0.32798043 0.26636460 -0.34475264
v 0.29457814 0.25771308 -0.34303850
v 0.27136651 0.25314784 -0.34325564
v 0.29038504 0.26441306 -0.34626621
v 0.32929951 0.21141964 -0.32168761
v 0.28317803 0.27508697 -0.35101381
v 0.32932454 0.20107497 -0.31763998
v -0.02822611 0.35744801 -0.39614102
v -0.05550672 0.35733888 -0.39615458
v 0.00764806 0.36284047 -0.39986688
v 0.04851414 0.35623005 -0.39599648
v 0.04996546 0.36244255 -0.39901370
v 0.09363082 0.35664597 -0.39611089
v 0.12440551 0.35557812 -0.39596450
v 0.12214537 0.36192617 -0.39880958
v 0.09855662 0.36271185 -0.39884835
v 0.14798088 0.35876182 -0.39685449
v 0.14517626 0.36680901 -0.40033451
v 0.16980425 0.36043409 -0.39692637
v 0.19717275 0.37399375 -0.40025434
v 0.20076551 0.37887833 -0.40208465
v 0.14751539 0.38481715 -0.40805367
v 0.22765709 0.37802714 -0.39948225
v -0.18877521 0.39763126 -0.41105703
v -0.13633595 0.37452403 -0.40414122
v -0.12334607 0.37124559 -0.40420955
v 0.31546447 -0.03421073 -0.22189505
v 0.21412832 0.34278110 -0.38767853
v 0.24218392 0.34627995 -0.38783208
v 0.24336448 0.33123487 -0.38022169
v 0.24114722 0.32275894 -0.37677485
v 0.20966938 0.35213998 -0.39228114
v 0.19456638 0.34923971 -0.39209262
v 0.23984218 0.35537612 -0.39253318
v 0.21725370 0.36119211 -0.39531499
v 0.18772173 0.35724559 -0.39530241
v -0.28147039 0.16795272 -0.30820423
v 0.30610022 0.11773030 -0.28421754
v 0.31540868 0.13668989 -0.29099262
v 0.29136789 0.09969147 -0.27859592
v 0.32687485 0.12494536 -0.28571856
v 0.32811561 0.14349040 -0.29269302
v 0.32598615 0.11312934 -0.28091475
v 0.32203820 0.08895868 -0.27200186
v 0.30357718 0.15345660 -0.29921514
v 0.30334759 0.17076363 -0.30668798
v 0.32580957 0.15546267 -0.29827040
v 0.32764289 0.16725434 -0.30301422
v 0.32860762 0.18151583 -0.30984738
v 0.32765350 0.18850531 -0.31319201
v 0.29630172 0.18635035 -0.31479427
v 0.19878928 0.38999802 -0.40801269
v 0.22374700 0.38266897 -0.40224281
v 0.31213456 0.28037420 -0.35047153
v 0.32971278 0.27385026 -0.34727231
v 0.33002260 0.28697798 -0.35205749
v 0.31494847 0.29072616 -0.35446545
v 0.33075178 0.29962578 -0.35752517
v 0.30322874 0.30839533 -0.36280799
v 0.33082467 0.30955714 -0.36186922
v 0.29889441 0.29145277 -0.35619020
v 0.31244421 0.31606227 -0.36517063
v 0.33060774 0.31694576 -0.36479190
v 0.33066970 0.32565105 -0.36890358
v 0.30508065 0.32694790 -0.37077096
v 0.29115435 0.31941983 -0.36853421
v 0.31402424 -0.01628030 -0.22922944
v 0.30091372 0.00108271 -0.23756371
v 0.31403539 -0.00154320 -0.23476361
v -0.24581537 0.28447863 -0.36083511
v -0.24882820 0.27772093 -0.35741478
v 0.27781218 0.31606644 -0.36859682
v 0.18819651 0.41375905 -0.41564003
v 0.26067072 0.27880815 -0.35512540
v 0.19413431 0.40899763 -0.41355217
v 0.19392286 0.41909936 -0.41714811
v 0.15037905 0.39330012 -0.41067913
v 0.20389841 0.39734873 -0.41047677
v 0.22798781 0.39343056 -0.40780580
v 0.29071155 0.33227938 -0.37481409
v -0.02974926 0.36312160 -0.39924899
v 0.25555047 0.33700785 -0.38132745
v 0.25672621 0.32675821 -0.37662789
v 0.27146003 0.34251663 -0.38235244
v 0.27431864 0.32842571 -0.37579656
v 0.23989594 0.36214331 -0.39467859
v -0.29973584 -0.02563483 -0.22691353
v -0.31857136 -0.03214608 -0.22220230
v -0.33108446 -0.03143569 -0.22131039
v -0.33714497 -0.04914371 -0.21391805
v 0.12605980 0.39397630 -0.41200301
v -0.33081132 -0.00656530 -0.23040414
v 0.30832690 0.33930898 -0.37703052
v 0.32882348 0.33115762 -0.37225968
v 0.33225378 0.34088433 -0.37669864
v 0.31257316 0.35050729 -0.38132542
v 0.28886729 0.34567842 -0.38145486
v 0.33237407 0.35341561 -0.38123056
v 0.30754417 0.36272216 -0.38801628
v 0.32693097 0.36518684 -0.38776678
v 0.28749406 0.35856625 -0.38812578
v 0.30405545 0.37246138 -0.39228263
v 0.32083350 0.37387356 -0.39183187
v 0.28418711 0.36845514 -0.39235815
v 0.33271256 0.37884006 -0.39246306
v 0.31735054 0.39821562 -0.39992088
v 0.33160365 0.38944837 -0.39641628
v -0.02067634 0.37852234 -0.40803525
v 0.01310104 0.37906176 -0.40849823
v 0.01133477 0.36952776 -0.40372390
v 0.06527597 0.37844163 -0.40794989
v 0.09077518 0.37122399 -0.40406492
v -0.06419153 0.37845042 -0.40797335
v -0.04033051 0.37055856 -0.40391737
v -0.11952687 0.37831354 -0.40782151
v 0.12352277 0.36991179 -0.40344277
v 0.13429552 0.37785059 -0.40748057
v -0.07603513 0.37017035 -0.40398115
v 0.12376456 0.37849423 -0.40796810
v 0.12755428 0.38486704 -0.40996441
v 0.08380975 0.38396204 -0.40955094
v 0.17906539 0.41715944 -0.41936818
v 0.18223166 0.42531395 -0.42342198
v -0.17210345 -0.06421962 -0.21325813
v -0.09080741 -0.06499618 -0.21285020
v -0.06084827 -0.06524471 -0.21294120
v 0.22489685 0.39975226 -0.40999046
v -0.19523115 0.41234383 -0.41536832
v -0.18985017 0.41986352 -0.42003018
v 0.29416192 0.39503676 -0.40109029
v 0.28183433 0.37886649 -0.39583132
v 0.27019677 0.39074504 -0.40084898
v 0.25621772 0.37815189 -0.39725140
v 0.28913695 0.40954003 -0.40829000
v 0.25512421 0.38964477 -0.40107575
v 0.25775948 0.40511575 -0.40783772
v 0.25047004 0.41486248 -0.41137192
v 0.30721954 0.41227859 -0.40710863
v 0.33104971 0.40848529 -0.40358934
v 0.32859066 0.41834268 -0.40821388
v 0.33161008 0.39915866 -0.39944085
v 0.30072850 0.42188019 -0.41131902
v 0.33019271 0.42822373 -0.41160712
v 0.24181111 0.40192938 -0.40816161
v 0.23838580 0.40901315 -0.41066280
v 0.28916883 0.41604769 -0.41034570
v 0.24233890 0.38909808 -0.40249103
v -0.21136937 0.40582773 -0.41246170
v 0.28806019 0.30142775 -0.36227146
v 0.25548989 0.29170048 -0.36128706
v 0.25697154 0.30109426 -0.36481941
v 0.25604686 0.31323865 -0.36944774
v -0.30988610 0.13324541 -0.28970873
v -0.29334959 0.15525173 -0.30070019
v -0.32898787 0.14121760 -0.29120299
v -0.32778785 0.15678062 -0.29826221
v -0.32750496 0.17238586 -0.30462807
v -0.32947919 0.12313434 -0.28386658
v -0.31475133 0.11428098 -0.28159556
v -0.31426057 0.09492375 -0.27358827
v -0.32883564 0.09887023 -0.27351093
v -0.32875010 0.07985265 -0.26542634
v -0.30046564 0.16946150 -0.30622590
v -0.30941978 0.18858972 -0.31434637
v -0.29480249 0.20349847 -0.32132599
v -0.32757351 0.18483545 -0.31094986
v -0.32618853 0.19041647 -0.31384933
v -0.31026918 0.21197897 -0.32280016
v -0.27720603 0.18133952 -0.31444001
v -0.31121156 0.07759153 -0.26703554
v -0.33136472 0.05639160 -0.25557128
v -0.30757603 0.05280303 -0.25690943
v 0.25314906 0.35840449 -0.39233223
v 0.27347681 0.35445127 -0.38842601
v 0.27542609 0.36257324 -0.39179763
v -0.25597084 0.29907936 -0.36491427
v -0.25627866 0.35945737 -0.39198855
v -0.23475420 0.35958412 -0.39431706
v -0.26432639 0.35093209 -0.38786396
v -0.27532095 0.36247835 -0.39178583
v -0.33133370 0.04139709 -0.25007695
v -0.30926552 0.03665437 -0.25045860
v -0.32915765 0.01846526 -0.24074085
v -0.30946463 0.00087037 -0.23569314
v -0.30593491 0.01817499 -0.24311261
v -0.30197042 -0.00543189 -0.23444586
v -0.24635506 0.33325639 -0.38070562
v -0.27270007 0.33928192 -0.38059393
v -0.27323660 0.32878840 -0.37652686
v -0.24480000 0.31226406 -0.37249446
v -0.27348268 0.31954148 -0.37272066
v -0.27998248 0.30482420 -0.36488071
v -0.29636481 0.29553866 -0.35937500
v -0.26114798 0.29118440 -0.36130485
v -0.26567626 0.28281900 -0.35722673
v -0.31799531 0.30711097 -0.36143762
v -0.31589550 0.31946564 -0.36673146
v -0.29874471 0.32032585 -0.36898673
v -0.29727808 0.32755089 -0.37259305
v -0.31704834 0.33063924 -0.37254629
v -0.31684044 0.33990771 -0.37713253
v -0.29133630 0.34031570 -0.37890911
v -0.31764337 0.35036665 -0.38134393
v -0.29924130 0.36191607 -0.38817641
v -0.31808954 0.36575407 -0.38832036
v -0.29588825 0.37269324 -0.39234954
v -0.32251945 0.37774107 -0.39212805
v -0.31084782 0.38621530 -0.39566422
v -0.28377423 0.38258010 -0.39605007
v -0.28210828 0.39332929 -0.40047285
v -0.30215400 0.39342988 -0.39896014
v -0.31110853 0.39972106 -0.40052852
v -0.28365943 0.39944959 -0.40343842
v -0.24826579 0.38263285 -0.39977390
v -0.26091164 0.37743801 -0.39636910
v -0.25308269 0.39241436 -0.40365979
v -0.26867768 0.40946600 -0.40872690
v -0.29461256 0.41022682 -0.40790540
v -0.29986668 0.40454021 -0.40460244
v -0.27447173 0.42123330 -0.41226548
v -0.30204874 0.42335626 -0.41191977
v -0.26827008 0.43006951 -0.41584238
v -0.29599401 0.43065780 -0.41581324
v -0.27729023 0.43567497 -0.41856441
v -0.26903501 0.43865293 -0.41975376
v -0.26985133 0.44918722 -0.42367175
v -0.28227895 0.44746840 -0.42355973
v -0.25879517 0.44818300 -0.42390034
v -0.30835542 0.43244356 -0.41527614
v -0.25788364 0.40429661 -0.40799400
v -0.24434875 0.42416394 -0.41593587
v -0.25115103 0.43510255 -0.42026433
v -0.29037350 0.22793370 -0.33168790
v -0.29942048 0.23574443 -0.33364025
v -0.32642448 0.22958982 -0.32849693
v -0.32633469 0.20900454 -0.32004091
v -0.32530424 0.24010140 -0.33276287
v -0.31600133 0.25762856 -0.34153289
v -0.28811377 0.25069851 -0.34083536
v -0.28498274 0.26171705 -0.34540024
v -0.31743068 0.26621157 -0.34514144
v -0.31738436 0.27688226 -0.34898725
v -0.27954718 0.27067143 -0.34945095
v -0.29479942 0.28063598 -0.35258260
v -0.31592855 0.29149285 -0.35512251
v -0.31916443 0.41621479 -0.40648422
v -0.33283055 0.40769291 -0.40041560
v -0.28318116 0.35849097 -0.38893059
v -0.27875552 0.36714917 -0.39238954
v -0.21071567 0.41663864 -0.41575569
v -0.20301339 0.42366809 -0.41952249
v -0.22658451 0.42607152 -0.41955107
v -0.22642714 0.41723943 -0.41581008
v -0.21432523 0.43592402 -0.42378572
v -0.22662114 0.43694586 -0.42374581
v -0.22690052 0.40796426 -0.41275018
v -0.19681334 0.43242800 -0.42389822
v -0.23935567 0.44081467 -0.42379522
v -0.24098542 0.39912528 -0.40870062
v 0.33103523 0.43449110 -0.41340992
v -0.22297716 0.44702354 -0.42671263
v -0.18813807 0.44175115 -0.42715722
v -0.20986693 0.44741145 -0.42802960
v -0.06152953 0.42766291 -0.42540011
v 0.00739348 0.42726395 -0.42544115
v 0.25457224 0.28009242 -0.35657391
v -0.32390189 0.25404176 -0.33881211
v -0.12700075 0.42770714 -0.42535046
v -0.09049517 0.42710489 -0.42549017
v -0.17468436 0.42792994 -0.42484555
v 0.30475461 -0.06151902 -0.21128497
v 0.33224612 -0.06089577 -0.20888217
v 0.31811926 -0.06937851 -0.20566154
v 0.32356781 -0.08172150 -0.19895191
v 0.34655720 -0.08271480 -0.19776948
v 0.32612589 -0.09769117 -0.19055398
v 0.34171915 -0.09994320 -0.18960795
v 0.34806389 -0.09372028 -0.19223979
v 0.36092472 -0.11031109 -0.18401533
v 0.34386569 -0.11295886 -0.18307351
v 0.32605702 -0.11103727 -0.18318409
v 0.34787622 -0.06295966 -0.20642634
v 0.34229639 -0.05256989 -0.21118668
v 0.30545050 -0.08026336 -0.19961692
v 0.36066988 -0.08908758 -0.19277437
v 0.36269462 -0.09950932 -0.18825139
v 0.37335026 -0.11097031 -0.18220827
v 0.36429456 -0.11637755 -0.18059200
v 0.29980344 -0.09988514 -0.18773746
v 0.29855865 -0.11075051 -0.18072937
v 0.33419597 0.36722222 -0.38754016
v -0.34450141 0.34867600 -0.37668648
v 0.32031152 0.43983400 -0.41539624
v 0.30578381 0.43653312 -0.41555786
v 0.30373907 0.44155374 -0.41779092
v 0.27277341 0.43462750 -0.41570356
v 0.27350855 0.44168377 -0.41838714
v 0.29537719 0.44914070 -0.42166039
v 0.26700011 0.45261604 -0.42327860
v 0.30296907 0.45407674 -0.42325413
v 0.25777227 0.43983877 -0.41900182
v 0.25260752 0.43141630 -0.41628253
v 0.25951371 0.42615741 -0.41392776
v 0.22880581 0.42513099 -0.41539255
v 0.25247315 0.44853157 -0.42347971
v 0.36122990 -0.06300358 -0.20432286
v 0.29602894 -0.07444151 -0.20343754
v 0.28478286 -0.06096962 -0.21299464
v 0.26855722 -0.09302188 -0.19165431
v -0.32945484 0.39434668 -0.39564922
v -0.35583797 0.40583920 -0.39635840
v -0.34483653 0.38970271 -0.39220923
v -0.36361834 0.39801952 -0.39256656
v -0.33431339 0.43475270 -0.41220745
v 0.20972459 0.42014533 -0.41506493
v 0.20787722 0.42766196 -0.41814336
v 0.23260330 0.43245551 -0.41924161
v 0.21962795 0.44041437 -0.42361146
v 0.24493851 0.43869650 -0.42189497
v 0.24459621 0.44185263 -0.42321658
v 0.19787149 0.43669608 -0.42348665
v -0.32574275 0.26911154 -0.34499335
v 0.19295050 0.44378862 -0.42555970
v 0.32402050 -0.04178017 -0.21710353
v 0.32854617 -0.04979894 -0.21355885
v 0.14288202 0.37373868 -0.40406537
v -0.33528131 0.36027750 -0.38218468
v 0.35978484 -0.04987323 -0.20920394
v -0.34837902 -0.02899412 -0.21948342
v -0.34893060 0.00168537 -0.23027040
v -0.36431038 0.42384356 -0.40126514
v -0.33560732 0.41863069 -0.40439418
v 0.13183314 -0.06017107 -0.21573585
v 0.06849386 -0.06055121 -0.21574096
v 0.08431889 -0.06499333 -0.21387333
v 0.12587449 -0.06565545 -0.21329628
v 0.14271955 -0.06425734 -0.21415664
v 0.05109728 -0.06526998 -0.21316582
v 0.18942975 -0.06359194 -0.21371344
v 0.16967082 -0.06628688 -0.21238700
v 0.31855059 0.44806051 -0.41792923
v 0.35001206 -0.04371237 -0.21222568
v 0.34916922 -0.03265528 -0.21612050
v -0.34598434 0.04708957 -0.24973144
v 0.01443143 0.43712610 -0.42757043
v -0.01665946 0.43688083 -0.42744857
v -0.04734270 0.43749624 -0.42751777
v -0.03541449 0.44212189 -0.42957321
v 0.04816998 0.44225493 -0.42953140
v 0.05367014 0.43750235 -0.42753538
v 0.07534003 0.44056508 -0.42749950
v -0.06445112 0.44017324 -0.42775252
v 0.04653773 0.44524950 -0.43118021
v -0.03577044 0.44528678 -0.43133393
v -0.06242602 0.44604978 -0.43091089
v -0.08933096 0.44621009 -0.43100989
v -0.09055611 0.43986768 -0.42763808
v -0.11415827 0.44058633 -0.42756316
v -0.11412746 0.44686452 -0.43095499
v -0.13843229 0.44678402 -0.43118843
v -0.13602364 0.44009641 -0.42783728
v -0.17240301 0.44072014 -0.42756253
v -0.17069674 0.44763556 -0.43125957
v 0.07304303 0.44646224 -0.43093157
v 0.10967381 0.44098413 -0.42712802
v 0.11475626 0.44743273 -0.43077940
v 0.13606249 0.44081229 -0.42733723
v 0.13830127 0.44733348 -0.43093029
v 0.15366119 0.44160190 -0.42717737
v 0.15050119 0.44853386 -0.43092051
v -0.19031517 0.44982955 -0.43188262
v -0.20265330 0.45242000 -0.43207556
v 0.15903403 0.44638017 -0.42861271
v 0.15602908 0.45058024 -0.43108049
v 0.16727909 0.44558382 -0.42742690
v 0.16723917 0.45800120 -0.43107703
v 0.35838354 -0.12487012 -0.17524466
v 0.32104588 -0.00385006 -0.23227803
v -0.32396314 0.44187009 -0.41597494
v 0.30894393 0.45690194 -0.42328668
v -0.34598589 0.34227535 -0.37309435
v -0.33207983 -0.06444294 -0.20729595
v -0.34548408 -0.06125323 -0.20807000
v -0.36006078 -0.07410689 -0.20005569
v -0.35517150 -0.08166189 -0.19701298
v -0.37143975 -0.08277686 -0.19479433
v -0.36829999 -0.10727447 -0.18481724
v -0.37302199 -0.10620102 -0.18542683
v -0.35650855 -0.10408851 -0.18607588
v -0.34379721 -0.09402365 -0.19057103
v -0.32807544 -0.09911139 -0.18736318
v -0.32987204 -0.08240182 -0.19705914
v -0.37197110 -0.12015617 -0.17757364
v -0.30732930 -0.08918518 -0.19313174
v -0.36103517 -0.11839681 -0.17807187
v -0.31280696 -0.07521626 -0.20195150
v -0.35889444 -0.05299597 -0.20984149
v -0.33186674 -0.11490943 -0.17770353
v -0.30721295 -0.11519349 -0.17619881
v -0.29047310 -0.07988115 -0.19949642
v -0.29299289 -0.10099648 -0.18522502
v -0.27343962 -0.11584400 -0.17452799
v 0.27920651 -0.10890445 -0.18122135
v 0.20672488 -0.08493403 -0.19753626
v 0.23152710 -0.11503990 -0.17721993
v 0.24668252 -0.10859379 -0.18161109
v 0.17935927 -0.10285560 -0.18593417
v 0.24339347 -0.08297431 -0.19871147
v 0.27130461 -0.07892573 -0.20084113
v -0.29744768 -0.06815407 -0.20756154
v -0.35280782 -0.04489226 -0.21270308
v -0.36076656 0.38660777 -0.38774815
v 0.33725664 0.02215579 -0.24005869
v 0.34507495 -0.00815787 -0.22604899
v -0.32797104 0.37196901 -0.38889700
v -0.34802955 0.02694522 -0.24062672
v 0.15963942 0.43093795 -0.42557558
v -0.31800655 0.44638577 -0.41881183
v -0.15832423 -0.07746267 -0.20462698
v -0.08779030 -0.07763992 -0.20435184
v -0.04027532 -0.06875478 -0.21070838
v -0.04157220 -0.08153436 -0.20194694
v -0.00745801 -0.06859486 -0.21071407
v 0.00217244 -0.08178243 -0.20185570
v 0.03331804 -0.07613115 -0.20578204
v 0.04843185 -0.06843738 -0.21074510
v 0.08683987 -0.07573302 -0.20610382
v 0.08431819 -0.06858594 -0.21102540
v 0.13823640 -0.06928664 -0.21038832
v 0.31526306 0.03122484 -0.24839745
v 0.33900943 0.04487597 -0.25015464
v 0.34317547 0.06521614 -0.25765610
v 0.32797813 0.07231083 -0.26399237
v 0.33702800 0.33482930 -0.37266636
v 0.37393641 -0.12562640 -0.17379220
v -0.36119080 0.43654844 -0.40811098
v -0.35211644 0.44191977 -0.41124183
v -0.36990404 0.44173080 -0.40841630
v -0.32810113 0.30053812 -0.35660008
v -0.34453294 0.31583732 -0.36042070
v -0.32666910 0.31933433 -0.36452299
v -0.34320372 0.32545003 -0.36432388
v -0.34259164 0.33177489 -0.36749578
v -0.35433024 0.07562334 -0.25801000
v -0.35016164 0.09194117 -0.26529354
v -0.14414637 0.45273867 -0.43575743
v 0.34418353 -0.12536013 -0.17480119
v 0.34737843 0.35101372 -0.37704587
v 0.35213098 0.38884568 -0.39233005
v 0.35727757 0.41188434 -0.39937317
v -0.35618240 0.01417876 -0.23343225
v 0.32917285 0.44543204 -0.41570437
v -0.34604517 0.30982649 -0.35726324
v 0.17817852 0.43206641 -0.42518514
v -0.35200590 -0.12597772 -0.17230694
v -0.25557977 -0.06419203 -0.21289439
v -0.19704646 -0.07138456 -0.20783570
v -0.26002648 -0.10140890 -0.18447697
v -0.21991575 0.45656979 -0.42926615
v -0.24264677 0.45086837 -0.42575920
v -0.26498023 0.45726207 -0.42504755
v -0.19094928 -0.06523035 -0.21260121
v 0.33076102 0.25808772 -0.34078172
v 0.32592306 -0.12554163 -0.17331216
v 0.34113595 0.42588338 -0.40832078
v 0.36705565 0.42511860 -0.40347576
v 0.36994392 0.43589434 -0.40802768
v 0.34121126 0.43739328 -0.41218051
v 0.36971629 0.39815816 -0.39209944
v 0.15247969 -0.11299411 -0.17917733
v -0.34708700 0.12536067 -0.28098443
v -0.36848649 -0.07010303 -0.19975859
v -0.34156126 0.14115673 -0.28817835
v 0.21722920 0.44927359 -0.42558950
v 0.24307214 0.44824821 -0.42446563
v -0.21175922 0.45654327 -0.43097046
v 0.35531706 0.28341985 -0.34539971
v 0.34878477 0.30043533 -0.35382065
v 0.34115076 0.23380758 -0.32903260
v 0.33985433 0.25398290 -0.33683935
v -0.37602407 0.40712962 -0.39255035
v -0.38458109 0.43134093 -0.39944786
v 0.18831791 0.43183097 -0.42361835
v 0.11012192 -0.07894172 -0.20371871
v 0.04717736 -0.08528990 -0.19926794
v 0.08754857 -0.11435840 -0.17818113
v 0.04113316 -0.11651267 -0.17614733
v 0.05157212 -0.13584055 -0.16165709
v 0.08139527 -0.15696324 -0.14572866
v 0.10469122 -0.11849494 -0.17495544
v 0.10862273 -0.17062406 -0.13510391
v 0.15253089 -0.14637643 -0.15389456
v 0.15062529 -0.12258762 -0.17218520
v 0.22870825 -0.12411384 -0.17058580
v 0.21904425 -0.14284584 -0.15598257
v 0.16901006 -0.17386311 -0.13265042
v 0.22573514 -0.15701748 -0.14474967
v 0.23785342 -0.14657074 -0.15242989
v 0.24686767 -0.16430572 -0.13831834
v 0.22544928 -0.17237186 -0.13310470
v 0.24946031 -0.12485738 -0.16939120
v 0.04553896 -0.19128661 -0.11960263
v 0.03223753 -0.15651712 -0.14575531
v -0.00485885 -0.19067800 -0.12013110
v -0.02469122 -0.16863467 -0.13653563
v -0.03568395 -0.19143192 -0.11934632
v -0.05757789 -0.16478685 -0.13958389
v -0.09339714 -0.19223116 -0.11856549
v -0.08608070 -0.16948967 -0.13596374
v -0.12301544 -0.17492023 -0.13127729
v -0.16281191 -0.19060515 -0.11926386
v -0.08956017 -0.14326127 -0.15612963
v -0.17312595 -0.15456833 -0.14614657
v -0.16850933 -0.17568444 -0.12991095
v -0.02805993 -0.13251926 -0.16406722
v -0.01108900 -0.14862759 -0.15157875
v -0.00304427 -0.11832578 -0.17501904
v -0.03368127 -0.11508900 -0.17726362
v -0.08244928 -0.11568821 -0.17660855
v -0.12912530 -0.13463481 -0.16216117
v -0.16193724 -0.14175771 -0.15652233
v -0.16728975 -0.11668847 -0.17543723
v -0.13415061 -0.11715657 -0.17535119
v -0.14980371 -0.09157645 -0.19410941
v 0.15418261 -0.08406392 -0.19981168
v 0.17619254 -0.07105212 -0.20843899
v -0.18796262 -0.19173752 -0.11829745
v 0.22998717 -0.06670061 -0.21091442
v 0.16427849 -0.18772623 -0.12238500
v 0.09834856 -0.19298981 -0.11845018
v 0.25671884 -0.06386580 -0.21231332
v -0.18121086 -0.20370828 -0.11084576
v -0.21860906 -0.17415404 -0.12885107
v -0.21111077 -0.18618724 -0.12142546
v -0.18461290 -0.16815040 -0.13494807
v -0.20497282 -0.21256512 -0.10646802
v -0.22709493 -0.18874176 -0.12034768
v -0.25084630 -0.20148851 -0.11480336
v -0.26058501 -0.18358733 -0.12483530
v -0.23631230 -0.17422886 -0.12936404
v -0.24747925 -0.21765257 -0.10636856
v -0.27488968 -0.21719739 -0.10793966
v -0.29966682 -0.20278227 -0.11543737
v -0.29250932 -0.21809816 -0.10782041
v -0.29644859 -0.18661344 -0.12402261
v -0.28814480 -0.23914766 -0.09960712
v -0.25345626 -0.23337308 -0.10013733
v -0.32004789 -0.21634583 -0.10855316
v -0.32522115 -0.20494875 -0.11400126
v -0.30817619 -0.23769902 -0.10075057
v -0.32562095 -0.23474579 -0.10155690
v -0.34143719 -0.20849098 -0.11149953
v -0.34094676 -0.21875353 -0.10643349
v -0.33826283 -0.22988957 -0.10248870
v -0.25623116 -0.24940164 -0.09418292
v -0.34199649 -0.19106650 -0.12134998
v -0.20618972 -0.21969737 -0.10244617
v -0.22208738 -0.23419020 -0.09702885
v -0.19352028 -0.22378100 -0.09954976
v -0.23097764 -0.24958564 -0.09099223
v -0.27843747 -0.26048517 -0.09144805
v -0.25446755 -0.25793022 -0.09037020
v -0.17263904 -0.23405507 -0.09255553
v -0.18870766 -0.25686094 -0.08301780
v -0.16308166 -0.26279432 -0.07794785
v -0.21002644 -0.26278180 -0.08249456
v -0.15292312 -0.23381315 -0.09148293
v -0.13852045 -0.24768899 -0.08402284
v -0.14571391 -0.26168403 -0.07757197
v -0.08875315 -0.24964994 -0.08190767
v -0.08971751 -0.26050973 -0.07674369
v -0.08409787 -0.27536207 -0.07003781
v -0.14337005 -0.27677482 -0.07097558
v -0.06818788 -0.26236403 -0.07603575
v -0.04887084 -0.27329254 -0.07172494
v -0.04612097 -0.24686471 -0.08317211
v -0.02422748 -0.26805565 -0.07413560
v -0.01854107 -0.28123894 -0.06851523
v 0.00889063 -0.27363023 -0.07231440
v 0.02172158 -0.25750557 -0.07876852
v -0.01470821 -0.24752921 -0.08304185
v 0.03209414 -0.24718681 -0.08323096
v -0.10130320 -0.23379351 -0.09024471
v 0.08651563 -0.25880966 -0.07995186
v 0.12060810 -0.24547713 -0.08653879
v 0.11966991 -0.25647366 -0.08196025
v 0.18278681 -0.26026863 -0.08152202
v 0.14753002 -0.27245715 -0.07616071
v 0.17952117 -0.24780609 -0.08692098
v 0.22365460 -0.24811418 -0.08834165
v 0.23927923 -0.26875520 -0.07971689
v 0.27206120 -0.24812464 -0.09008018
v 0.27379975 -0.26895612 -0.08117001
v 0.30397931 -0.26841456 -0.08220401
v 0.31606984 -0.24001804 -0.09515461
v 0.33812040 -0.25804487 -0.08734174
v 0.32700795 -0.22966851 -0.10009311
v 0.28138223 -0.22180802 -0.10336154
v 0.34265226 -0.22281253 -0.10312559
v 0.32013866 -0.21807541 -0.10572334
v 0.35071439 -0.25533736 -0.08827088
v 0.35006920 -0.26895815 -0.08202929
v 0.33117801 -0.26880595 -0.08229490
v 0.26361129 -0.23255591 -0.09727979
v 0.36062539 -0.22722486 -0.10042035
v 0.21208110 -0.23041384 -0.09709417
v 0.10578059 -0.23583283 -0.09114566
v 0.03286240 -0.23425959 -0.09011914
v 0.02884788 -0.24226221 -0.08584319
v 0.17300338 -0.23519562 -0.09310129
v -0.04414972 -0.23414433 -0.08997747
v 0.31023490 -0.20053151 -0.11496488
v 0.34492379 -0.18398903 -0.12271738
v 0.36210048 -0.17317140 -0.12806362
v 0.37432730 -0.20450261 -0.11185635
v 0.37488961 -0.16869058 -0.12986752
v 0.21303642 -0.26885673 -0.07913247
v 0.25956118 -0.19853884 -0.11602068
v 0.28864419 -0.18471847 -0.12393019
v 0.37124234 -0.23199710 -0.09728931
v 0.36182877 -0.24401411 -0.09226939
v 0.22551703 -0.22092871 -0.10268734
v 0.19566469 -0.20400369 -0.11203112
v 0.17449044 -0.22671497 -0.09783901
v 0.09745045 -0.22813047 -0.09560032
v 0.13686669 -0.21298563 -0.10548674
v 0.03478819 -0.22283252 -0.09766175
v 0.32778013 -0.16928387 -0.13152078
v 0.24309595 -0.18867987 -0.12184452
v 0.21552771 -0.18825962 -0.12208369
v 0.17918123 -0.19190753 -0.11950997
v -0.21738124 -0.27382904 -0.07850336
v -0.35952923 -0.21008867 -0.10948953
v -0.35373628 -0.22073427 -0.10384775
v -0.34794873 -0.22735432 -0.10211762
v -0.15745695 -0.22064579 -0.09961241
v -0.13684045 -0.21999714 -0.09950208
v -0.09515675 -0.21787608 -0.10056882
v -0.03499917 -0.21763200 -0.10093475
v 0.00749615 -0.20891632 -0.10736098
v 0.07381714 -0.21353009 -0.10451856
v -0.13156253 -0.20089182 -0.11245146
v 0.36013234 -0.26797929 -0.08135617
v 0.35917175 -0.16172723 -0.13507111
v 0.37780675 -0.22971040 -0.09779379
v 0.32019004 -0.16169247 -0.13654578
v 0.28778413 -0.16596371 -0.13547732
v 0.25402418 -0.17444296 -0.13105702
v -0.37369418 -0.18997902 -0.12214816
v -0.31630048 -0.18294446 -0.12644172
v -0.30891156 -0.17216250 -0.13352926
v -0.26584381 -0.17111123 -0.13311119
v -0.29741809 -0.25739744 -0.09425846
v -0.31382316 -0.25147724 -0.09687334
v -0.34695324 -0.23951845 -0.09910712
v 0.38098127 -0.15810205 -0.13657580
v -0.34971628 -0.18486299 -0.12554462
v -0.38235977 -0.18085924 -0.12838052
v -0.37961701 -0.19787823 -0.11749662
v -0.23491904 -0.15617517 -0.14133777
v -0.22052446 -0.15587555 -0.14107437
v -0.20895365 -0.15718298 -0.14109334
v -0.34788236 -0.17442885 -0.13303742
v -0.37383601 -0.20837551 -0.10968542
v -0.36294487 -0.21842419 -0.10374260
v -0.35573095 -0.22801062 -0.09957159
v 0.28074774 -0.15479818 -0.14353105
v 0.27035436 -0.14505614 -0.15154444
v 0.31319284 -0.15465450 -0.14187618
v -0.01464694 0.44993919 -0.43454245
v -0.05409834 0.45441797 -0.43746358
v 0.04993109 0.45384654 -0.43725628
v 0.00668003 0.45445126 -0.43749949
v -0.02014794 0.45854083 -0.43893731
v -0.07045747 0.45852539 -0.43905562
v -0.09370134 0.45422927 -0.43723029
v -0.15939270 0.45865297 -0.43908578
v -0.16163711 0.45444748 -0.43708381
v -0.19741812 0.45880425 -0.43883595
v -0.19715546 0.45453221 -0.43683219
v 0.01240774 0.45877573 -0.43890518
v 0.05072769 0.45849049 -0.43899590
v 0.10644153 0.45448568 -0.43711400
v 0.15043193 0.45885456 -0.43912032
v 0.15029304 0.45452821 -0.43704382
v -0.38733682 -0.19389416 -0.11924319
v -0.39417318 -0.20377888 -0.11259130
v -0.39401856 -0.20891199 -0.10878772
v 0.36942714 -0.24379554 -0.09103495
v 0.36790568 -0.25769380 -0.08413509
v 0.36728600 -0.26729989 -0.07976430
v -0.25218096 -0.11703513 -0.17329843
v -0.23266272 -0.11667001 -0.17334205
v -0.25981489 -0.14193653 -0.15560588
v -0.31233209 -0.14100139 -0.15747650
v 0.35061589 -0.15510774 -0.14010707
v 0.33159399 -0.15387155 -0.14185359
v -0.33092377 -0.24727774 -0.09831130
v -0.34825215 -0.23652418 -0.09926502
v -0.25381854 -0.06668563 -0.21047652
v -0.37907094 -0.16819666 -0.13833216
v -0.25861534 -0.08316629 -0.19764251
v -0.21562324 -0.11759649 -0.17274450
v -0.21159214 -0.08439163 -0.19721922
v -0.32902709 -0.13493928 -0.16317602
v 0.38253453 -0.20667903 -0.10906301
v -0.17706835 -0.09302533 -0.19240603
v -0.18276845 -0.11838213 -0.17373934
v -0.17988139 -0.14125910 -0.15628138
v -0.20058803 -0.13862891 -0.15712675
v -0.22246061 -0.13480450 -0.15894659
v -0.23698881 -0.13849913 -0.15649700
v -0.29812112 0.43729579 -0.41999334
v -0.28856114 0.43937892 -0.42220974
v -0.28949711 0.44206557 -0.42358327
v -0.30158231 0.44899148 -0.42334321
v 0.27015442 -0.12028751 -0.17256097
v -0.27097109 -0.15902065 -0.14222677
v -0.31001592 -0.15776616 -0.14434335
v -0.39797252 -0.19925505 -0.11410649
v -0.34478217 0.29537901 -0.35023376
v 0.38215068 -0.19870703 -0.11273538
v 0.28433156 -0.12042691 -0.17274086
v 0.29830968 -0.12367434 -0.17087260
v -0.36311466 -0.13760068 -0.16418049
v 0.35360897 0.21605042 -0.31797668
v -0.33171153 -0.15953828 -0.14412959
v -0.35398215 -0.16027141 -0.14494058
v -0.34557188 0.28638855 -0.34619281
v -0.34141019 0.21610107 -0.31954053
v -0.34538242 0.20385699 -0.31409073
v -0.34563106 0.37267637 -0.38501763
v -0.36349115 0.36269420 -0.37735373
v 0.34538302 0.37503609 -0.38787436
v -0.37634811 0.43684766 -0.40457976
v 0.33771589 0.19566602 -0.31373936
v 0.34489754 0.21059559 -0.31789577
v 0.35226807 0.20206338 -0.31367251
v 0.34540007 0.18801117 -0.30861580
v 0.37663478 -0.19428430 -0.11647523
v 0.37915704 -0.17057598 -0.12830369
v 0.38437822 -0.16601834 -0.12987596
v 0.38055846 -0.18856955 -0.11852936
v -0.36039349 0.38011691 -0.38457015
v 0.34543559 0.32338777 -0.36397818
v 0.36065432 0.20252618 -0.31182319
v 0.33719257 0.12391245 -0.28282082
v 0.34539637 0.11440554 -0.27700123
v 0.34093633 0.10095966 -0.27228460
v 0.34349194 0.08896530 -0.26663852
v 0.35368553 0.02163085 -0.23575163
v 0.34495813 0.01144940 -0.23383532
v 0.35727343 -0.00393674 -0.22478303
v -0.37820676 -0.13306560 -0.16735166
v -0.38061932 -0.14616771 -0.15723272
v -0.35301763 0.24804997 -0.32935086
v -0.33700636 0.26125091 -0.33858830
v -0.35121730 0.28581309 -0.34430909
v 0.36960664 -0.08939172 -0.19023633
v 0.36344373 -0.07381040 -0.19886541
v 0.36898157 0.41750097 -0.39919624
v 0.37060520 0.41120633 -0.39618930
v 0.34131983 0.33036408 -0.36866826
v -0.38818556 -0.13877387 -0.16180572
v -0.37990373 -0.12718725 -0.17090315
v -0.38873059 -0.17081152 -0.13506927
v 0.35891968 -0.03616659 -0.21271068
v 0.28934675 -0.14719912 -0.14931853
v -0.35866106 0.04501426 -0.24565731
v 0.36533213 0.38444206 -0.38680601
v -0.36087146 0.06553704 -0.25288010
v 0.35685167 0.26160833 -0.33551913
v 0.35911599 0.24870014 -0.33003235
v 0.35525492 0.22864529 -0.32274196
v 0.37432489 -0.24666940 -0.08802992
v 0.33378556 0.16466767 -0.29984385
v 0.35211688 0.16898251 -0.29697078
v 0.34797668 0.15483105 -0.29256770
v 0.33159816 0.15655647 -0.29717138
v 0.34968883 0.13410285 -0.28357616
v 0.33288074 0.13154791 -0.28643182
v 0.36448345 0.44000962 -0.40973940
v -0.37771216 -0.12072948 -0.17572293
v 0.36787987 -0.04699069 -0.20793921
v -0.37380695 -0.15320908 -0.15150857
v 0.17125753 0.45431939 -0.42920136
v 0.19286685 0.45611468 -0.42786732
v 0.18328382 0.46115643 -0.43102676
v 0.19033715 0.46453699 -0.43099314
v -0.35461691 0.14660539 -0.28693619
v -0.34797058 0.17176220 -0.29872563
v -0.34451509 0.19308434 -0.30977404
v 0.36692938 0.36534652 -0.37735820
v 0.35179979 0.36415407 -0.38086835
v 0.35889161 0.12435913 -0.27739239
v 0.35569438 0.04514589 -0.24570709
v -0.20108950 0.45625091 -0.43656272
v 0.19635583 0.46294633 -0.42920399
v 0.20933175 0.45821878 -0.42722097
v 0.36009157 0.34723398 -0.37192595
v -0.36989385 0.44531363 -0.40929773
v 0.36464870 0.07099839 -0.25405899
v 0.18037342 0.46595326 -0.43519467
v 0.16686025 0.46397823 -0.43513727
v 0.18135980 0.47086760 -0.43776202
v 0.17605864 0.47333264 -0.43902925
v 0.15805878 0.47184551 -0.43905759
v 0.18325554 0.47537461 -0.43869543
v 0.18714561 0.46909237 -0.43529212
v 0.36875850 0.10770036 -0.26740333
v 0.36213085 0.09698322 -0.26436749
v 0.36190230 0.29020533 -0.34628114
v 0.17931116 0.44045115 -0.42601579
v -0.36385977 0.09120500 -0.26099283
v -0.36579674 0.10957717 -0.26864111
v -0.35785463 0.22805721 -0.31958294
v -0.35968783 0.34903702 -0.37242618
v 0.35805061 0.31457841 -0.35694787
v 0.36395708 0.30199057 -0.35015255
v -0.37284189 0.39417920 -0.38794830
v 0.37818485 0.43247041 -0.40377679
v -0.37318262 -0.21638626 -0.10355990
v -0.38171378 -0.22119886 -0.09852535
v -0.37273771 -0.22453450 -0.09705234
v -0.35895240 -0.23271273 -0.09461436
v -0.36339703 -0.23246931 -0.09398057
v -0.36786342 -0.23767456 -0.08913618
v -0.36513978 0.00637898 -0.22756971
v -0.36628014 0.02717773 -0.23592447
v 0.28940588 -0.13603647 -0.15923083
v 0.30646628 -0.14498065 -0.15084088
v 0.30688402 -0.13410942 -0.16201057
v -0.38798323 -0.16432227 -0.14050198
v -0.39428523 -0.21418774 -0.10400867
v -0.28681523 0.45639521 -0.42501390
v -0.29235765 0.44644663 -0.42352161
v 0.15864138 0.46549585 -0.43726334
v 0.15820426 0.45786777 -0.43472326
v -0.30893460 0.45486170 -0.42331523
v -0.37378186 0.38331041 -0.38196674
v -0.37868878 0.37042895 -0.37557444
v -0.37435767 0.36015400 -0.37234420
v -0.35781622 -0.03038282 -0.21640459
v -0.36415699 -0.01536720 -0.21991977
v -0.36904696 -0.04312214 -0.20916685
v -0.36289132 0.17455614 -0.29544020
v -0.36408737 0.14184825 -0.28219149
v -0.36872885 0.18791234 -0.29972649
v -0.35790947 0.20640290 -0.31137228
v -0.36813679 -0.04988987 -0.20833345
v 0.27144104 0.45906988 -0.42431027
v 0.30414516 0.46189392 -0.42449614
v 0.25445896 0.45819837 -0.42483634
v 0.37249011 0.33479261 -0.36048067
v 0.36092865 0.15372530 -0.28818497
v 0.36030015 0.17287543 -0.29600906
v 0.38186359 0.42214721 -0.39716256
v -0.36554486 0.30296382 -0.34697223
v -0.34550682 -0.24662174 -0.09817825
v -0.37267685 -0.23224960 -0.09059115
v -0.37174180 -0.23628597 -0.08915319
v -0.37609017 -0.23407462 -0.08965342
v -0.37662658 -0.23990923 -0.08745152
v -0.38465628 -0.23349014 -0.08857901
v -0.37039846 -0.24751514 -0.08635244
v 0.35488379 0.33409443 -0.36570480
v 0.36741146 0.34105057 -0.36543441
v 0.15414177 0.45667005 -0.43685597
v -0.36289310 0.32600686 -0.35909456
v -0.35832420 0.33790436 -0.36632612
v 0.36316711 0.24540552 -0.32737273
v 0.36090308 0.27265617 -0.33876052
v 0.36591938 -0.00562863 -0.22165580
v 0.36543313 0.01678642 -0.22997658
v 0.36352155 0.03982551 -0.24054268
v 0.37274507 0.06063516 -0.24658482
v 0.36178869 0.19125099 -0.30494270
v 0.14997169 0.46492419 -0.43911251
v 0.09700140 0.46343642 -0.43902472
v 0.03780049 0.46625713 -0.43995345
v -0.38982067 -0.15838857 -0.14548393
v -0.34809113 0.26164666 -0.33513838
v 0.36775094 0.14253914 -0.28106642
v 0.37533465 0.36229867 -0.37330824
v 0.36763373 0.37496120 -0.38125926
v 0.37718180 0.39328933 -0.38715580
v -0.39319590 0.43132564 -0.39666915
v -0.38404274 0.40359655 -0.38799247
v -0.37380734 0.34622055 -0.36496782
v -0.37985590 0.34087953 -0.36015475
v 0.38399994 0.41241407 -0.39223123
v -0.37032524 0.06681290 -0.25028989
v -0.20496233 0.45778552 -0.43401885
v -0.36111212 0.25189433 -0.32812780
v -0.36169204 -0.24204099 -0.08932495
v -0.35623494 -0.23481658 -0.09446546
v -0.36775246 -0.24850494 -0.08491156
v -0.37058306 -0.25121695 -0.08342670
v 0.36270913 -0.13195334 -0.16844040
v 0.32549602 -0.14914060 -0.14718345
v 0.37187198 0.11984207 -0.27117074
v -0.36508879 -0.03223633 -0.21322314
v 0.33994213 0.44645390 -0.41365889
v 0.37414443 -0.02650371 -0.21116588
v 0.37626317 -0.04470271 -0.20538373
v 0.36491388 0.22116815 -0.31610030
v -0.38577637 0.44369844 -0.40305981
v -0.38483459 0.38192767 -0.37711897
v -0.36242801 0.28867704 -0.34149060
v 0.01719042 0.47040880 -0.44029903
v -0.02096082 0.47102538 -0.43972170
v -0.37605476 0.03285822 -0.23469098
v -0.36161315 0.27780327 -0.33652213
v 0.38816795 -0.16180575 -0.13151748
v -0.24517223 0.46173829 -0.42690265
v -0.21660455 0.46276498 -0.43070766
v 0.38293034 -0.12208669 -0.17239258
v 0.34448195 -0.13138407 -0.16894116
v -0.39076427 -0.22548042 -0.09277509
v 0.37716970 -0.15394999 -0.14067078
v 0.38519725 -0.15395927 -0.13918234
v -0.37572834 0.09627862 -0.25864166
v -0.37573707 0.04301798 -0.23851977
v 0.37103966 -0.05928920 -0.20224680
v 0.37196058 -0.08028621 -0.19305697
v -0.32185444 0.46184114 -0.42133570
v -0.32776564 0.46031111 -0.41930151
v -0.33764902 0.45354432 -0.41536683
v -0.34341025 0.45913529 -0.41560620
v -0.36121032 0.45692942 -0.41156211
v -0.37659487 0.45810446 -0.40860778
v -0.37939003 0.45393577 -0.40691489
v -0.36872020 0.31542397 -0.35129219
v -0.38442400 0.31555167 -0.34534562
v -0.38627967 0.32695130 -0.34986520
v -0.39210641 0.45752648 -0.40367511
v -0.39187908 0.46241021 -0.40609524
v 0.31193396 0.46155173 -0.42349964
v -0.37535867 0.11302051 -0.26638827
v -0.37237310 0.13986628 -0.27802509
v -0.36667481 0.16431242 -0.28988180
v -0.37293300 0.17912959 -0.29346839
v -0.36510581 0.20753515 -0.30904582
v 0.37314737 0.08785768 -0.25705343
v 0.37761530 0.07305754 -0.24949768
v 0.37482440 0.10159578 -0.26164135
v -0.37293044 0.23053381 -0.31470865
v 0.36716577 0.44649482 -0.41015172
v -0.36824989 0.27109131 -0.33108982
v 0.37464643 0.29818738 -0.34461418
v 0.36645833 0.31028381 -0.35202134
v 0.36838299 0.32127932 -0.35584801
v 0.37868810 0.33075330 -0.35601375
v 0.32461125 0.45569608 -0.41791108
v 0.22829859 0.46185276 -0.42576531
v 0.36846471 0.22849908 -0.31733584
v 0.37599936 0.44088745 -0.40736538
v 0.37409663 -0.13903011 -0.16029529
v 0.13809632 0.47109082 -0.43955788
v 0.08282016 0.47037813 -0.43989787
v 0.06470647 0.46996778 -0.43986434
v 0.37643191 0.00174828 -0.22021198
v 0.37535283 0.11189485 -0.26643977
v 0.38091797 0.38151863 -0.37836149
v 0.38837725 -0.15153566 -0.14011940
v -0.35858595 -0.24526151 -0.08941572
v 0.37083632 0.17964940 -0.29498169
v 0.37575570 0.16307817 -0.28535533
v 0.38110378 -0.01616184 -0.21143739
v 0.32524607 -0.13839439 -0.15985410
v -0.03658708 0.46366638 -0.43887237
v 0.36926711 0.24592334 -0.32498798
v 0.37216952 0.26364800 -0.33060393
v 0.34707484 -0.13775685 -0.16221882
v 0.37886131 -0.13344507 -0.16494589
v 0.21510287 0.46281406 -0.42686522
v -0.37764591 0.16088802 -0.28360286
v -0.37916812 0.28703174 -0.33290845
v 0.38369134 -0.12753552 -0.16821030
v -0.39936233 -0.20242091 -0.11123185
v -0.26259246 0.46276674 -0.42530513
v 0.37442294 0.18926634 -0.29819116
v 0.36476368 0.20302728 -0.31020135
v -0.38453788 0.27679506 -0.32560787
v 0.38271156 0.34667933 -0.36105552
v 0.38194510 0.36094010 -0.36976340
v 0.37884194 -0.04501278 -0.20384799
v -0.20593362 0.46257278 -0.43477857
v 0.37536481 0.03516455 -0.23321503
v 0.37694624 0.04496282 -0.23666805
v 0.37927717 0.01871790 -0.22463441
v 0.37471583 0.29280281 -0.34151307
v -0.36983767 0.25099167 -0.32381207
v 0.37924290 0.25061476 -0.32229945
v -0.09672457 0.46467587 -0.43905848
v -0.06444053 0.46304813 -0.43904054
v -0.07589901 0.47147050 -0.43992606
v -0.10563726 0.47138286 -0.43940961
v -0.15197767 0.46794668 -0.43906644
v 0.38348573 0.32703841 -0.35159281
v 0.38207421 0.31234056 -0.34485245
v 0.38084528 -0.14108165 -0.15633385
v 0.37037927 0.27486524 -0.33518299
v 0.34594804 0.45724761 -0.41325700
v 0.33898106 0.45853618 -0.41441065
v 0.27389300 0.46335521 -0.42426908
v 0.37884468 0.14740144 -0.27766448
v 0.38791752 0.40123343 -0.38537565
v 0.38906682 0.39285180 -0.37993351
v 0.39938927 0.40810087 -0.38351625
v 0.39871469 0.42733473 -0.39170572
v 0.39047191 0.43319952 -0.39743865
v 0.38842389 0.44104704 -0.40109727
v 0.40295249 0.40272787 -0.37857813
v 0.39829302 0.38600069 -0.37181383
v 0.38826457 0.38236603 -0.37504309
v 0.40088102 0.37313429 -0.36581331
v 0.39171302 0.36541787 -0.36642349
v 0.36065456 -0.14428376 -0.15424168
v -0.35372058 -0.23362966 -0.09765693
v 0.38344985 0.24129409 -0.31522459
v 0.38668180 0.34155074 -0.35607049
v 0.39157736 0.35339358 -0.36024916
v 0.37809375 0.22810183 -0.31213772
v 0.37657106 0.44758254 -0.40772957
v 0.15399998 0.47633314 -0.43902463
v 0.32382512 0.45851251 -0.41828939
v 0.38042742 0.06139875 -0.24286574
v 0.37823951 -0.14679636 -0.14939770
v 0.39072770 0.44432318 -0.40077373
v 0.36675385 0.45874614 -0.40996811
v 0.37767702 -0.28316978 -0.07342857
v 0.40549365 0.38496143 -0.36741731
v 0.06163981 0.47579008 -0.43949291
v 0.01974691 0.47529560 -0.43991110
v -0.00835411 0.47287664 -0.43973944
v 0.09651925 0.47552994 -0.43945229
v 0.38712439 0.45873731 -0.40269470
v 0.37998104 0.27380401 -0.32944402
v -0.35501191 -0.23935238 -0.09525049
v 0.37637609 0.46037644 -0.40738699
v 0.18949442 0.47114849 -0.43441939
v 0.31556335 0.46578693 -0.42286175
v 0.32010639 0.46315333 -0.41958353
v 0.32799158 0.46260363 -0.41608581
v 0.41578293 0.41461608 -0.37596527
v 0.41535139 0.40675855 -0.37236816
v 0.39685044 0.33962584 -0.34775558
v 0.36266282 0.46330506 -0.40988967
v 0.35359073 0.46515241 -0.41079351
v 0.31890678 0.46740270 -0.42082909
v 0.39536455 0.46213201 -0.39884025
v 0.38625994 0.46283010 -0.40149498
v -0.42388731 -0.34967911 -0.03621994
v -0.42349440 -0.35727635 -0.03611885
v -0.42356807 -0.35409322 -0.04012774
v 0.41389722 -0.41639066 -0.03515365
v 0.41007468 -0.41316605 -0.03513425
v 0.41017559 -0.44399086 -0.03638200
v 0.41423771 -0.47425920 -0.03822823
v 0.41743398 -0.43714470 -0.03667904
v 0.41899070 -0.47212905 -0.03875621
v 0.41713193 -0.41311088 -0.03591461
v 0.41341433 -0.49364787 -0.03987616
v 0.40835795 -0.45580935 -0.03756743
v 0.40604174 -0.41287079 -0.03584298
v 0.42019790 -0.45543769 -0.03846880
v 0.41119009 -0.47717211 -0.03857658
v 0.41724151 -0.36709675 -0.03529957
v 0.41387168 -0.36474216 -0.03450184
v 0.41645867 -0.35239056 -0.03429667
v 0.40970054 -0.35251668 -0.03416638
v 0.40188673 -0.36854950 -0.03656879
v 0.40163657 -0.34327355 -0.03540907
v 0.40533593 -0.34637502 -0.03414480
v 0.40908056 -0.32658634 -0.03207978
v 0.41678184 -0.33460620 -0.03385952
v 0.41359156 -0.33014283 -0.03272682
v 0.40579230 -0.36680382 -0.03496141
v -0.40842867 -0.44221038 -0.03136730
v -0.40501249 -0.45290744 -0.03469450
v -0.41051295 -0.45967746 -0.03468721
v -0.41501290 -0.44377753 -0.03075903
v -0.41383961 -0.43220386 -0.02741953
v -0.41081214 -0.47702777 -0.03916536
v -0.41408986 -0.47754490 -0.04002615
v -0.40583742 -0.47180647 -0.03859481
v -0.42007560 -0.42022198 -0.02412960
v -0.42026818 -0.40332684 -0.02459231
v -0.41440848 -0.41189641 -0.02370380
v -0.40508106 -0.40310833 -0.02531525
v -0.40324521 -0.39276800 -0.02767082
v -0.42085448 -0.39015579 -0.02770800
v -0.41186300 -0.37911236 -0.03176834
v -0.42162725 -0.37907499 -0.03105421
v -0.42450351 -0.37802213 -0.03166031
v -0.42280278 -0.36179855 -0.03504471
v -0.42555055 -0.35816419 -0.03526291
v -0.41878861 -0.36112100 -0.03760429
v -0.42007875 -0.35696125 -0.04378801
v -0.41634840 -0.35784462 -0.04455326
v -0.41160047 -0.36286351 -0.03752039
v -0.41205963 -0.35778096 -0.04476186
v -0.40824908 -0.35772321 -0.04277087
v -0.40510502 -0.36032945 -0.03762157
v -0.39863077 -0.36614761 -0.03545941
v -0.40792474 -0.36305735 -0.03722167
v -0.42119500 -0.35380992 -0.04488587
v -0.41785455 -0.36729899 -0.03462741
v -0.40888432 -0.41854838 -0.02441197
v -0.40030840 -0.38188693 -0.03104537
f 10735 10753 10713
f 10719 10736 10734
f 10734 10728 10719
f 10729 10731 10732
f 10712 10713 10714
f 10735 10736 10737
f 10184 10181 10179
f 10182 10183 10188
f 10202 10196 10203
f 10208 10201 10195
f 10740 10737 10739
f 10191 10197 10195
f 10194 10196 10202
f 10193 10200 10856
f 10731 10436 10732
f 10723 10726 10716
f 10723 10716 10722
f 10731 10729 10730
f 10745 10751 10748
f 10433 10434 10731
f 10191 10198 10197
f 10194 10189 10187
f 5 4 10742
f 10755 10745 10754
f 10934 10738 10718
f 10744 10743 10726
f 10715 10742 4
f 10746 10745 10744
f 10747 10746 10744
f 10737 10715 10735
f 10752 10742 10740
f 10753 10714 10713
f 10752 10853 10854
f 7353 10183 10180
f 10194 10202 10204
f 10595 10742 10752
f 10180 7340 7353
f 10853 10740 10741
f 7341 10179 10181
f 10181 10185 7341
f 10180 10183 10182
f 10855 10192 10854
f 10195 10206 10208
f 10204 10189 10194
f 10856 10650 10752
f 10196 10195 10201
f 10186 10182 10188
f 10180 10182 10179
f 10196 10201 10203
f 10187 10191 10194
f 10181 10204 10185
f 10740 10739 10741
f 10200 10650 10856
f 10192 10191 10190
f 10193 10854 10192
f 10198 10192 10855
f 10854 10193 10856
f 10602 10752 10650
f 10186 10190 10187
f 4 5 6
f 10595 5 10742
f 10718 10738 10736
f 10753 10715 10714
f 10436 10843 10732
f 10736 10735 10734
f 10743 10745 10748
f 10752 10740 10853
f 10712 4 10581
f 10718 10719 10716
f 10187 10184 10186
f 10728 10734 10733
f 10744 10745 10743
f 10187 10190 10191
f 10715 10712 10714
f 10731 10730 10433
f 10595 10752 10602
f 10719 10723 10722
f 10730 10733 10435
f 10735 10733 10734
f 10182 10186 10184
f 10727 10726 10723
f 10750 10747 10732
f 10727 10728 10729
f 10723 10728 10727
f 10747 10744 10727
f 10727 10744 10726
f 10762 10755 10754
f 10843 10750 10732
f 10188 10199 10193
f 10182 10184 10179
f 7341 7340 10180
f 10179 7341 10180
f 10853 10855 10854
f 10184 10204 10181
f 10194 10191 10195
f 10738 10739 10737
f 10199 10200 10193
f 10196 10194 10195
f 10187 10189 10184
f 10190 10186 10188
f 10189 10204 10184
f 10193 10190 10188
f 10713 10712 10581
f 10722 10716 10719
f 10733 10730 10728
f 10737 10742 10715
f 10716 10717 10718
f 10195 10197 10206
f 4 10712 10715
f 10737 10740 10742
f 10735 10713 10733
f 10713 10435 10733
f 10736 10719 10718
f 10856 10752 10854
f 10434 10436 10731
f 10435 10713 10581
f 10435 10433 10730
f 10727 10732 10747
f 10730 10729 10728
f 10753 10735 10715
f 10754 10745 10746
f 10726 10743 10725
f 10725 10716 10726
f 10737 10736 10738
f 10755 10751 10745
f 10183 10199 10188
f 10190 10193 10192
f 10191 10192 10198
f 10719 10728 10723
f 10729 10732 10727
f 10743 10748 10725
f 10672 10614 10566
f 10612 10615 10662
f 10662 10566 10614
f 10662 10614 10612
f 10764 10910 10799
f 6578 6563 6582
f 6583 6591 6592
f 6582 6583 6592
f 6577 6563 6578
f 6568 6567 6576
f 6569 6585 6570
f 6575 6571 6574
f 6579 6577 6578
f 6578 6582 6581
f 6571 6567 6570
f 6582 6563 6583
f 6563 6574 6564
f 6574 6573 6564
f 6580 6578 6581
f 6565 6566 6563
f 6592 6584 6582
f 6583 6563 6566
f 6580 6579 6578
f 6590 6591 6583
f 6576 6593 6589
f 6588 6572 6568
f 6585 6586 6570
f 6574 6563 6577
f 6570 6567 6569
f 6568 6589 6588
f 6576 6589 6568
f 6567 6568 6569
f 6573 6570 6586
f 6575 6577 6579
f 6564 6587 6565
f 6587 6590 6583
f 6587 6566 6565
f 6587 6583 6566
f 6575 6574 6577
f 6563 6564 6565
f 6570 6573 6571
f 6582 6584 6581
f 6572 6585 6569
f 6572 6569 6568
f 6571 6573 6574
f 7631 7627 7630
f 7611 7622 7625
f 8614 7590 7620
f 7630 7625 7622
f 8617 8616 8618
f 7629 8618 8616
f 8616 8617 8615
f 8614 7629 8616
f 7629 7620 7626
f 7622 7623 7624
f 7592 7620 7590
f 8614 7620 7629
f 7628 8618 7629
f 7624 7632 7622
f 8607 7628 8609
f 8607 8617 8618
f 8613 8614 8616
f 8615 8613 8616
f 7619 7621 7612
f 7625 7627 7626
f 7611 7620 7592
f 7628 7627 8609
f 7611 7621 7622
f 8613 7610 8614
f 7612 7621 7611
f 7628 7629 7626
f 7627 7628 7626
f 7621 7619 7623
f 7627 7625 7630
f 7626 7620 7625
f 7612 7611 7597
f 7590 8614 7610
f 7611 7625 7620
f 7631 7630 7632
f 7622 7632 7630
f 8607 8618 7628
f 7621 7623 7622
f 7592 7597 7611
f 9670 9440 9673
f 9498 9673 9499
f 9493 9671 9491
f 9425 9669 9671
f 9669 9670 9671
f 9670 9426 9440
f 9493 9491 9489
f 9672 9671 9493
f 9670 9498 9491
f 9491 9671 9670
f 9671 9672 9427
f 9427 9425 9671
f 9673 9498 9670
f 9493 9651 9672
f 9673 9440 9439
f 9426 9670 9669
f 9425 9426 9669
f 9347 9344 9346
f 9348 9355 9353
f 9360 9355 9350
f 9347 9346 9351
f 9355 9348 9350
f 9353 9358 9354
f 9354 9358 9361
f 9353 9351 9348
f 13437 9359 9360
f 9349 9350 9348
f 9362 9369 9363
f 9359 9355 9360
f 13400 13401 13402
f 13402 13401 9369
f 9358 9362 9361
f 9352 9345 9344
f 9365 9363 13403
f 9354 9361 9366
f 9351 9354 9356
f 9346 9345 9348
f 9353 9354 9351
f 9344 9345 9346
f 9359 9353 9355
f 9365 9364 9363
f 9363 9361 9362
f 9367 9358 9359
f 9369 9368 13402
f 9363 9369 13403
f 9362 9367 9368
f 13404 9368 9367
f 9367 9359 13437
f 9369 13401 13403
f 9367 13437 13404
f 9348 9345 9349
f 9356 9347 9351
f 9348 9351 9346
f 9361 9364 9366
f 9349 9345 9352
f 9354 9366 9356
f 13402 9368 13404
f 13402 13404 13400
f 9364 9361 9363
f 9359 9358 9353
f 9368 9369 9362
f 9347 9356 10093
f 9362 9358 9367
f 6525 6550 6526
f 6525 6549 6550
f 13582 13590 6549
f 6548 6549 6525
f 13590 6550 6549
f 6535 6533 6529
f 6535 6516 6524
f 6535 6534 6533
f 6534 6480 6530
f 6535 6529 6516
f 6534 6530 6533
f 6533 6530 6529
f 11401 11400 11327
f 11378 11377 11327
f 11327 11326 11325
f 11445 11416 11351
f 11351 11416 11350
f 11445 11351 11421
f 11327 11377 11401
f 11006 11005 11350
f 11400 11421 11399
f 11350 11323 11351
f 11399 11351 11326
f 11323 11325 11326
f 11350 11005 11323
f 11421 11351 11399
f 11327 11325 11378
f 11327 11400 11399
f 11326 11351 11323
f 11326 11327 11399
f 9467 9472 9469
f 9470 9475 13586
f 9471 9470 13586
f 9477 9475 9474
f 11203 11109 11222
f 11295 11264 11297
f 9463 9461 9462
f 9452 9455 9454
f 9478 9472 9473
f 9474 9483 9477
f 9450 9451 9452
f 9456 9457 9451
f 9457 9465 9464
f 9454 9453 9452
f 9462 11203 9463
f 10430 9487 9459
f 11311 9466 9468
f 9466 9467 9468
f 9455 9452 9460
f 9457 9464 9451
f 11330 11333 11338
f 11202 11109 11203
f 11112 11165 11122
f 11185 1 3
f 11305 11392 11304
f 11296 11348 11347
f 11297 11298 11299
f 11380 11357 11355
f 11357 11348 11355
f 11347 11332 11296
f 11347 11348 11357
f 11380 11355 11387
f 11300 9460 11303
f 11300 11303 11302
f 11353 11356 11355
f 11334 11333 11332
f 11356 11304 11392
f 9455 9460 11224
f 2 11185 3
f 1 11204 11316
f 11299 11298 11301
f 11353 11299 11304
f 11348 11299 11353
f 11357 11334 11347
f 11348 11353 11355
f 11329 11331 11289
f 11265 11103 11107
f 11387 11355 11356
f 11309 9465 11310
f 9457 9486 9473
f 11305 11304 11301
f 10430 9453 9454
f 11268 11298 11297
f 11302 11307 11301
f 11307 11306 11301
f 9470 9471 9468
f 11306 11308 11309
f 9467 9466 9457
f 9475 9470 9474
f 9476 9481 9474
f 9486 9479 9473
f 9450 9459 9487
f 9453 10430 9459
f 9464 9465 11303
f 11165 11102 11204
f 9456 9450 9487
f 9456 9451 9450
f 9458 9455 9461
f 9450 9452 9453
f 9468 9469 9470
f 9455 11224 9462
f 9480 9485 9478
f 9479 9480 9478
f 9467 9457 9473
f 9482 10251 9484
f 9469 9472 9476
f 9487 9486 9456
f 9472 9467 9473
f 9457 9456 9486
f 9474 9469 9476
f 9476 9472 9485
f 9470 9469 9474
f 9471 11311 9468
f 11265 11264 11103
f 11316 11204 11272
f 11308 9465 11309
f 9472 9478 9485
f 9465 11308 11303
f 11264 11295 11294
f 11224 11203 9462
f 11353 11304 11356
f 9455 9462 9461
f 9460 9451 9464
f 9454 9455 9458
f 11338 11339 11330
f 11329 11330 11331
f 11298 11300 11302
f 11296 11332 11294
f 11305 11301 11306
f 11381 11335 11334
f 11295 11299 11348
f 11381 11357 11380
f 11295 11296 11294
f 11298 11268 11300
f 11294 11332 11330
f 11184 11163 11123
f 1 11272 11289
f 1 2 3
f 11265 11107 11202
f 11288 11403 11184
f 11204 11264 11272
f 11215 11163 11184
f 11288 11184 2
f 11403 11288 11283
f 11301 11304 11299
f 11124 11165 11184
f 11272 11329 11289
f 11268 11297 11265
f 11204 11103 11264
f 11124 11184 11123
f 11316 11272 1
f 11165 11204 1
f 11306 11307 11308
f 11381 11334 11357
f 9468 9467 9469
f 11311 9465 9466
f 11303 9460 9464
f 9465 9457 9466
f 11224 9460 11300
f 9460 9452 9451
f 9483 9482 9484
f 9483 9481 9482
f 9481 9476 9482
f 9477 9483 9484
f 11509 9461 9463
f 11298 11302 11301
f 9459 9450 9453
f 11302 11303 11307
f 11307 11303 11308
f 11329 11272 11294
f 9471 11310 11311
f 11334 11332 11347
f 11387 11356 11485
f 11329 11294 11330
f 11356 11392 11485
f 11268 11202 11224
f 11288 1 11289
f 11185 2 11184
f 11333 11330 11332
f 11272 11264 11294
f 11202 11107 11109
f 11265 11297 11264
f 11288 2 1
f 11204 11102 11103
f 11185 11184 11165
f 11165 11124 11122
f 11203 11224 11202
f 9479 9486 9480
f 11300 11268 11224
f 11265 11202 11268
f 11348 11296 11295
f 9479 9478 9473
f 11295 11297 11299
f 11333 11334 11335
f 11339 11331 11330
f 11333 11335 11336
f 11184 11403 11215
f 11102 11165 11112
f 11310 9465 11311
f 11185 11165 1
f 9481 9483 9474
f 10418 10132 11515
f 10132 10130 11515
f 9449 10280 9446
f 11391 11861 11157
f 11391 11860 11861
f 11861 9689 9690
f 11157 11861 9692
f 11861 9693 9689
f 9693 9446 10427
f 9442 9449 9446
f 10427 9446 10280
f 9446 11860 9445
f 10281 10425 10280
f 9445 9442 9446
f 9446 11861 11860
f 9690 9692 11861
f 9690 9680 9692
f 11391 9445 11860
f 9693 11861 9446
f 10280 10425 10427
f 9691 9689 9693
f 12982 12979 12981
f 13219 12910 13217
f 13219 13336 12911
f 13219 12911 12910
f 12909 13224 12907
f 12909 13407 13224
f 5222 5201 5203
f 5203 5201 5202
f 5201 5199 5202
f 5201 5222 5216
f 5201 5216 5200
f 5201 5200 5199
f 5498 5678 5729
f 5498 5729 5499
f 5498 5497 5569
f 5499 5250 5498
f 5498 5250 5497
f 5250 5248 5497
f 5497 5248 5276
f 5499 5540 5250
f 5499 9252 5540
f 5250 5540 5292
f 5250 5249 5248
f 5250 5292 5249
f 5540 5545 5292
f 5292 5545 5249
f 5249 5247 5248
f 5248 5247 5241
f 5248 5241 5276
f 5249 5545 5321
f 5321 5247 5249
f 5247 5238 5241
f 5545 5456 5321
f 5321 5456 5247
f 5238 5236 5241
f 5241 5236 5240
f 5247 5456 5238
f 5240 5235 5280
f 5278 5240 5280
f 5238 5456 5237
f 5238 5237 5236
f 5236 5234 5240
f 5240 5234 5235
f 5235 5279 5280
f 5456 5458 5237
f 5237 5231 5236
f 5236 5231 5234
f 5237 5458 5267
f 5237 5267 5231
f 5235 5232 5279
f 5279 5232 5343
f 5458 5457 5267
f 5234 5231 5224
f 5234 5224 5235
f 5224 5232 5235
f 5232 5233 5343
f 5233 5332 5343
f 5267 5266 5231
f 5231 5223 5224
f 5457 5439 5267
f 5231 5266 5223
f 5224 5203 5232
f 5232 5203 5233
f 5267 5439 5266
f 5224 5223 5203
f 5233 5203 5202
f 5233 5202 5251
f 5233 5251 5332
f 5332 5251 5263
f 5223 5222 5203
f 5439 5445 5266
f 5445 5272 5266
f 5266 5272 5223
f 5223 5272 5222
f 5202 5199 5251
f 5199 5215 5251
f 5251 5215 5263
f 5215 5262 5263
f 5272 5273 5222
f 5445 5434 5272
f 5272 5434 5273
f 5215 5239 5262
f 5215 5199 5195
f 5215 5195 5239
f 5273 5259 5222
f 5222 5259 5216
f 5199 5196 5195
f 5216 5259 5200
f 5200 5196 5199
f 5434 5337 5273
f 5273 5337 5259
f 5195 5193 5239
f 5239 5193 5242
f 5259 5258 5200
f 5200 5221 5196
f 5221 5194 5196
f 5196 5194 5195
f 5195 5194 5193
f 5259 5337 5258
f 5200 5258 5221
f 5193 5197 5242
f 5194 5192 5193
f 5192 5190 5193
f 5193 5190 5197
f 5337 5261 5258
f 5258 5261 5221
f 5197 5190 5187
f 5187 5185 5244
f 4932 5047 4903
f 5221 5261 5220
f 5221 5220 5194
f 5194 5220 5192
f 5190 5189 5187
f 4932 4903 4912
f 5261 5260 5220
f 5047 5178 4908
f 5047 4908 4903
f 4903 4897 4912
f 4897 4911 4912
f 5220 5204 5192
f 5192 5204 5191
f 5192 5191 5190
f 5190 5191 5189
f 4903 4908 4898
f 4903 4898 4897
f 5220 5254 5204
f 4908 4909 4898
f 5182 5124 4908
f 5124 4909 4908
f 4898 4894 4897
f 4897 4896 4911
f 4909 4894 4898
f 4897 4894 4896
f 4896 4893 4911
f 4911 4893 4914
f 5124 5167 4909
f 4894 4893 4896
f 4914 4893 4895
f 4894 4909 5039
f 4894 5039 4892
f 4894 4892 4893
f 5167 5120 4909
f 5120 5039 4909
f 4892 4891 4893
f 4893 4891 4895
f 5120 5166 5039
f 5166 5040 5039
f 5039 5040 4892
f 4891 4887 4895
f 4887 4899 4895
f 4892 5040 4889
f 4892 4889 4891
f 4891 4889 4887
f 5166 5171 5040
f 5040 5171 4889
f 4889 4888 4887
f 4887 4885 4899
f 4889 4890 4888
f 4888 4884 4887
f 4887 4884 4885
f 5171 4890 4889
f 4885 4884 4883
f 5171 5176 4890
f 4888 4890 4884
f 4890 4886 4884
f 5176 4886 4890
f 4886 4881 4884
f 4884 4881 4883
f 4883 4881 4880
f 5678 8859 5729
f 5569 5733 923
f 5729 9178 5499
f 5497 5276 5733
f 5499 9178 9252
f 9252 9266 5540
f 5719 5276 5277
f 5277 5470 5719
f 9266 5742 5540
f 5540 5742 5545
f 5276 5241 5277
f 5742 5741 5545
f 5241 5278 5277
f 5277 5278 5470
f 5241 5240 5278
f 5470 5278 5471
f 5741 5633 5545
f 5545 5633 5456
f 5278 5280 5471
f 5633 5631 5456
f 5280 5279 5471
f 5471 5279 5512
f 5512 5343 5539
f 5631 5630 5456
f 5456 5630 5458
f 5343 5332 5539
f 5630 5632 5458
f 5630 5721 5632
f 5458 5632 5457
f 5632 5566 5457
f 5332 5263 5511
f 5511 5263 5510
f 5457 5566 5439
f 5566 5445 5439
f 5263 5262 5510
f 5510 5262 5294
f 5566 5538 5445
f 5262 5239 5294
f 5294 5239 5268
f 5538 5455 5445
f 5445 5455 5434
f 5239 5242 5268
f 5268 5242 5246
f 5434 5455 5337
f 5242 5197 5246
f 5246 5197 5245
f 5501 4932 5507
f 5507 4932 4987
f 5455 5448 5337
f 5245 5244 5283
f 5283 5244 5282
f 5244 5257 5282
f 5197 5187 5245
f 5245 5187 5244
f 4932 4912 4987
f 4912 4956 4987
f 5448 5447 5337
f 5244 5185 5257
f 5257 5180 5325
f 5179 5047 5501
f 5501 5047 4932
f 5447 5261 5337
f 5257 5185 5180
f 5189 5191 5188
f 5189 5188 5187
f 5187 5188 5186
f 5187 5186 5185
f 5185 5184 5180
f 5180 5178 5179
f 5179 5178 5047
f 4956 4911 4972
f 5185 5186 5184
f 5184 5183 5180
f 5183 5181 5180
f 5180 5181 5178
f 5191 5198 5188
f 5181 4908 5178
f 4911 4962 4972
f 5447 5446 5261
f 5261 5446 5260
f 5191 5204 5198
f 5186 5229 5184
f 5184 5230 5183
f 5183 5271 5181
f 5181 5182 4908
f 5260 5254 5220
f 5198 5206 5188
f 5188 5229 5186
f 5229 5230 5184
f 5271 5281 5181
f 5181 5281 5182
f 5188 5206 5229
f 4911 4914 4962
f 5446 5430 5260
f 5260 5430 5254
f 5281 5319 5182
f 5182 5319 5124
f 5254 5205 5204
f 5204 5205 5198
f 5205 5206 5198
f 5319 5318 5124
f 5318 5167 5124
f 4962 4914 4963
f 5254 5430 5331
f 5254 5331 5205
f 5206 5205 5207
f 4914 4895 4963
f 5318 5168 5167
f 5205 5331 5330
f 5205 5330 5208
f 5205 5208 5207
f 5318 5269 5168
f 4895 4964 4963
f 5168 5120 5167
f 5168 5269 5120
f 4964 4899 4965
f 4899 4900 4965
f 5120 5264 5166
f 5264 5284 5166
f 5166 5287 5171
f 4885 4883 4900
f 4899 4885 4900
f 5284 5287 5166
f 4883 4882 4900
f 4900 4882 4913
f 5287 5177 5171
f 4883 4880 4882
f 4882 4877 4913
f 5177 5176 5171
f 4880 4877 4882
f 5177 5288 5317
f 5177 5317 5176
f 4880 4876 4877
f 4881 4879 4880
f 5317 4886 5176
f 4880 4879 4876
f 5317 5339 4886
f 4886 5339 4881
f 4879 4878 4876
f 5339 5338 4881
f 5338 5340 4879
f 4881 5338 4879
f 4879 5340 4878
f 5678 865 8857
f 5678 5569 865
f 865 5569 923
f 5678 8857 8859
f 5729 8859 9178
f 5733 5719 922
f 9178 9195 9252
f 9252 9195 9266
f 5719 5470 958
f 958 5470 5552
f 5470 5471 5552
f 5742 9265 5741
f 9265 9333 5741
f 5741 9333 5633
f 5471 5512 5552
f 5512 5539 5665
f 5633 9330 5631
f 5665 5539 5660
f 5539 5619 5660
f 5631 5721 5630
f 5721 5722 5632
f 5721 5753 5722
f 5511 5510 5619
f 5619 5510 5635
f 5722 5566 5632
f 5510 5294 5577
f 5294 5290 5577
f 5722 5694 5566
f 5294 5268 5290
f 5566 5694 5538
f 5268 5246 5290
f 5290 5246 5289
f 5694 5607 5538
f 5538 5607 5455
f 5246 5245 5289
f 5245 5283 5289
f 5289 5283 5342
f 5342 5283 5341
f 5642 5507 873
f 5607 5576 5455
f 5642 5501 5507
f 5507 4987 873
f 5282 5257 5341
f 5341 5257 5325
f 5501 5487 5486
f 5325 5179 5486
f 5486 5179 5501
f 5455 5576 5448
f 5576 5464 5448
f 932 4956 5535
f 5448 5464 5447
f 4956 4972 5535
f 4972 4962 5535
f 4962 5534 5535
f 5447 5464 5446
f 5464 5473 5446
f 5230 5271 5183
f 4962 4963 5534
f 5446 5473 5430
f 5243 5319 5281
f 5271 5243 5281
f 5473 5474 5430
f 5206 5210 5229
f 5229 5210 5230
f 5230 5210 5212
f 5212 5214 5230
f 5230 5214 5271
f 5271 5214 5243
f 5206 5207 5210
f 5210 5211 5212
f 5212 5213 5214
f 5214 5225 5243
f 5319 5243 5318
f 4964 4971 4963
f 5474 5420 5430
f 5331 5430 5420
f 5208 5209 5207
f 5207 5209 5210
f 5210 5209 5211
f 5225 5269 5243
f 5243 5269 5318
f 4971 4965 5520
f 5331 5420 5330
f 5225 5275 5269
f 5420 5286 5330
f 5330 5286 5208
f 5208 5286 5218
f 5208 5218 5209
f 5218 5211 5209
f 5520 4965 5521
f 5286 5255 5218
f 5218 5217 5211
f 5275 5226 5269
f 4965 4900 5521
f 5269 5252 5120
f 5252 5264 5120
f 4900 4976 5521
f 4900 4913 4976
f 5264 5265 5284
f 4976 4913 4975
f 4913 4915 4975
f 5284 5285 5287
f 4913 4877 4915
f 5287 5288 5177
f 4877 4906 4915
f 4877 4876 4875
f 4877 4875 4906
f 4906 4875 4904
f 5288 5443 5317
f 5443 5442 5317
f 5317 5442 5339
f 4878 4874 4876
f 4876 4874 4875
f 4875 4874 4867
f 5442 5461 5339
f 5339 5461 5338
f 4874 4869 4867
f 4874 4878 4869
f 5340 5338 5334
f 5340 5334 4878
f 4878 5334 4869
f 8859 9017 9058
f 8859 9058 9178
f 9178 9093 9195
f 958 909 922
f 909 958 910
f 9266 9265 5742
f 9266 9195 9265
f 5552 5664 958
f 9265 9307 9333
f 5552 5512 5664
f 5512 5665 5664
f 9333 9330 5633
f 9330 5753 5631
f 5753 5721 5631
f 5619 5635 5653
f 5635 5510 5653
f 5653 5510 5577
f 5722 5753 5738
f 5577 5290 5644
f 5290 5553 5644
f 5722 5738 5694
f 5553 5290 5289
f 5553 5289 5554
f 5289 5342 5554
f 5554 5342 5555
f 5554 5555 5583
f 5738 5748 5694
f 5342 5341 5555
f 5555 5341 5580
f 5580 5341 5549
f 5642 5487 5501
f 5341 5325 5549
f 5549 5325 5487
f 5325 5486 5487
f 873 932 899
f 5607 5606 5576
f 932 5535 942
f 5576 5606 5464
f 5535 5534 5732
f 5606 5559 5464
f 5559 5473 5464
f 5534 4963 5529
f 4963 5528 5529
f 5559 5526 5473
f 5473 5526 5474
f 4963 4971 5528
f 5526 5527 5474
f 5528 4971 5520
f 5214 5213 5225
f 5527 5516 5474
f 5474 5516 5420
f 5212 5211 5213
f 5516 5502 5420
f 5211 5217 5213
f 5213 5226 5225
f 5420 5419 5286
f 5225 5226 5275
f 5420 5502 5419
f 5286 5419 5255
f 5218 5255 5217
f 5213 5219 5226
f 5502 5476 5419
f 5255 5419 5336
f 5256 5219 5217
f 5255 5256 5217
f 5217 5219 5213
f 5226 5252 5269
f 5419 5476 5336
f 5255 5336 5256
f 5219 5227 5226
f 5227 5228 5226
f 5256 5270 5219
f 5219 5270 5227
f 5226 5228 5252
f 5228 5253 5252
f 5252 5253 5264
f 5476 5425 5336
f 5336 5425 5256
f 5227 5270 5228
f 5264 5253 5265
f 4975 4915 4941
f 5425 5324 5270
f 5256 5425 5270
f 5270 5274 5228
f 5228 5274 5253
f 5274 5265 5253
f 5265 5285 5284
f 5270 5324 5274
f 5287 5285 5288
f 4906 4904 4915
f 4915 4904 4941
f 4941 4904 4940
f 5324 5424 5274
f 5274 5424 5265
f 5424 5285 5265
f 4904 4935 4940
f 4904 4905 4935
f 5424 5288 5285
f 5424 5469 5288
f 4935 4905 4936
f 5469 5468 5288
f 5288 5468 5443
f 4875 4867 4904
f 4904 4867 4905
f 4867 4866 4905
f 5468 5442 5443
f 4867 4865 4866
f 5468 5544 5442
f 5544 5461 5442
f 4869 4868 4867
f 4867 4868 4865
f 5461 5488 5338
f 5488 5489 5334
f 5338 5488 5334
f 4869 5334 5173
f 5173 4868 4869
f 4868 4870 4865
f 5334 5489 5449
f 5334 5449 5173
f 4868 5173 4870
f 748 8854 865
f 865 798 748
f 865 8854 8857
f 8857 8856 8859
f 798 890 815
f 8859 8856 9017
f 922 909 845
f 9058 9093 9178
f 9195 9176 9265
f 9176 9261 9265
f 9265 9261 9307
f 927 5665 5660
f 927 5660 907
f 9333 9306 9330
f 9330 9320 5753
f 5619 5653 5705
f 11133 9487 10430
f 9320 9323 9342
f 5753 9320 9342
f 5653 5699 5705
f 5699 5577 5644
f 5753 9342 5738
f 9342 9335 5738
f 5644 5553 5691
f 5691 5553 5583
f 5738 9335 5748
f 5553 5554 5583
f 5555 5580 5672
f 5580 5549 5672
f 5672 5549 5641
f 5641 5642 955
f 955 5642 873
f 5748 5747 5694
f 5549 5487 5641
f 5641 5487 5642
f 932 942 902
f 899 932 902
f 5694 5725 5607
f 5694 5740 5725
f 5725 5606 5607
f 942 5535 5732
f 5529 5528 5586
f 5528 5563 5586
f 5528 5520 5563
f 5563 5520 5562
f 5526 5669 5527
f 5520 5521 5562
f 5521 4976 5562
f 4976 5515 5562
f 5516 5649 5502
f 5649 5620 5502
f 5502 5620 5476
f 4975 4941 5515
f 5476 5551 5425
f 4941 4940 5513
f 5551 5324 5425
f 4940 4935 4959
f 5551 5424 5324
f 4959 4935 4960
f 4935 4936 4960
f 4960 4936 4970
f 4936 4873 4970
f 4970 4873 4939
f 4936 4866 4873
f 5424 5574 5469
f 4939 4873 4902
f 5469 5574 5468
f 4873 4862 4902
f 4902 4862 4901
f 5574 5605 5468
f 4866 4865 4862
f 4866 4862 4873
f 5468 5605 5544
f 4865 4859 4862
f 4859 4858 4862
f 4862 4863 4901
f 4863 4910 4901
f 4865 4870 4856
f 4865 4856 4859
f 4862 4858 4863
f 5461 5544 5488
f 4859 4856 4858
f 5449 5450 5173
f 4856 4857 4858
f 4858 4861 4863
f 4863 4861 4907
f 4863 4907 4910
f 5489 5450 5449
f 5173 5450 5429
f 5173 5429 4870
f 4870 5429 4856
f 5429 5296 4856
f 4856 5296 4857
f 5296 5293 4857
f 5296 5483 5293
f 4857 4860 4858
f 4858 4860 4861
f 5293 4860 4857
f 4861 4871 4907
f 5293 5481 4864
f 5293 4864 4860
f 4860 4864 4861
f 4864 4871 4861
f 5481 5101 4864
f 5481 5485 5101
f 4864 4872 4871
f 5101 4872 4864
f 4872 5101 5001
f 8854 8856 8857
f 890 845 815
f 9017 9018 9058
f 9093 9176 9195
f 910 927 874
f 11160 11190 9480
f 9307 9306 9333
f 907 5707 896
f 5707 5705 896
f 9306 9320 9330
f 1011 5644 5691
f 9342 9323 9335
f 5724 5583 5723
f 5583 5555 5672
f 5583 5672 5723
f 5672 5641 918
f 918 5641 955
f 793 899 871
f 5694 5747 5740
f 11163 11116 11117
f 942 5732 924
f 902 942 924
f 5725 5671 5606
f 5731 5529 5730
f 5730 5529 5586
f 5606 5671 5559
f 5671 5670 5559
f 5559 5670 5526
f 5670 5669 5526
f 5669 5690 5527
f 5527 5690 5516
f 5690 5649 5516
f 5686 5620 5649
f 5686 5638 5620
f 5620 5638 5476
f 5513 4940 5514
f 5514 4940 5504
f 4940 4959 5504
f 5638 5637 5476
f 5476 5637 5551
f 4959 4960 5504
f 5637 5636 5551
f 5475 4970 4957
f 5551 5636 5424
f 4970 4939 4957
f 4939 4902 4957
f 5636 5659 5424
f 4957 4902 4958
f 5424 5659 5574
f 4902 4928 4958
f 5659 5684 5574
f 4928 4902 4901
f 4901 4927 4928
f 5684 5683 5574
f 5574 5683 5605
f 4901 4910 4927
f 5605 5683 5544
f 5683 5698 5544
f 5698 5548 5544
f 5544 5548 5488
f 5548 5547 5488
f 5488 5547 5489
f 5547 5490 5489
f 5489 5490 5450
f 5450 5490 5465
f 5450 5465 5429
f 5429 5465 5296
f 4871 4981 4907
f 5483 5481 5293
f 5483 5484 5481
f 4871 4872 4981
f 5484 5485 5481
f 4872 4994 4981
f 5485 5689 5101
f 4872 4998 4994
f 5689 5001 5101
f 4872 5001 4998
f 5689 8735 5001
f 5000 4999 4998
f 5001 5000 4998
f 8735 8728 5460
f 5001 8735 5460
f 5001 5460 5000
f 5000 5002 4999
f 5000 5460 5002
f 5460 5121 5002
f 5002 5003 4999
f 5460 8736 5121
f 5460 8727 8736
f 8736 8725 5121
f 5121 5004 5002
f 5002 5004 5003
f 8854 8855 8856
f 798 815 711
f 747 798 711
f 9058 9018 9093
f 9093 9018 9064
f 846 910 874
f 9093 9064 9176
f 10242 10240 10246
f 10242 10246 9484
f 10242 9484 10251
f 9176 9181 9261
f 9261 9214 9307
f 11434 11432 11433
f 9307 9214 9306
f 5691 5724 1010
f 5723 5672 957
f 792 793 763
f 9318 5747 5748
f 11215 11403 11363
f 812 902 924
f 5732 5731 924
f 11115 11153 11114
f 5730 5586 5716
f 5586 5563 5716
f 5671 2439 5670
f 5646 5563 5562
f 5562 5643 5646
f 11050 11059 11034
f 5643 5562 5621
f 5669 2438 5690
f 5621 5515 5622
f 5515 5558 5622
f 5649 5690 2429
f 2429 5686 5649
f 5513 5514 5558
f 11031 11042 11032
f 5686 2417 5638
f 5504 4960 5550
f 5525 5475 5509
f 5550 4960 4970
f 5550 4970 5475
f 5475 4957 5509
f 5509 4957 5505
f 5638 2417 5637
f 4957 4958 5505
f 5637 2414 5636
f 4928 4929 4961
f 5636 2426 5659
f 4928 4927 4929
f 5659 2426 5684
f 10281 10280 10279
f 4929 4927 4926
f 5684 2378 5683
f 10279 10280 10278
f 4927 4910 4926
f 5683 2376 5698
f 10279 10278 10275
f 10279 10275 10424
f 5698 2375 5548
f 2375 5625 5548
f 5625 5547 5548
f 10275 10269 10271
f 5625 5624 5547
f 5547 5560 5490
f 5624 5560 5547
f 5560 5496 5490
f 5490 5496 5465
f 5465 5466 5296
f 5483 5296 5472
f 10270 10263 10266
f 10266 10263 10265
f 4907 4981 4980
f 5466 5472 5296
f 10266 10265 10257
f 10266 10257 10258
f 5472 5484 5483
f 5472 5682 5484
f 10258 10257 10254
f 5484 5682 5485
f 5682 5759 5485
f 4981 4994 4980
f 5759 5746 5689
f 5485 5759 5689
f 5746 8735 5689
f 8735 8732 8728
f 8728 8727 5460
f 5003 4996 4999
f 8736 8727 8725
f 5121 5571 5004
f 5121 8725 5571
f 5004 5005 5003
f 5003 5005 5008
f 5003 5008 4996
f 8725 8723 5571
f 5004 5571 5005
f 5571 5570 5005
f 5571 8720 5570
f 5570 5009 5005
f 5005 5009 5008
f 5009 5010 5008
f 9017 9016 9018
f 759 845 723
f 846 874 794
f 10246 9477 9484
f 9064 9130 9176
f 10243 10245 10240
f 11437 10249 10244
f 9176 9130 9181
f 11438 11459 11437
f 894 938 835
f 9306 9264 9320
f 1010 5724 920
f 920 5724 921
f 921 957 882
f 9323 9311 9335
f 957 918 882
f 882 918 838
f 9311 9312 9335
f 9335 9312 5748
f 11403 11283 11282
f 871 902 812
f 5747 9329 9337
f 5747 9337 5740
f 9337 5725 5740
f 11218 11252 11168
f 924 5731 908
f 5731 5730 908
f 9337 2441 5725
f 5725 2441 5671
f 5716 5563 5701
f 2441 2439 5671
f 5563 5646 5701
f 2439 2396 2433
f 2439 2433 5670
f 5670 2433 5669
f 2433 2438 5669
f 5622 5558 5623
f 5690 2393 2429
f 5582 5514 5550
f 5514 5504 5550
f 5572 5475 5525
f 5572 5550 5475
f 2429 2385 2417
f 2429 2417 5686
f 4958 5503 5505
f 2417 2414 5637
f 4973 4961 4953
f 4961 4929 4953
f 4929 4925 4953
f 2414 2426 5636
f 11037 11018 11017
f 4929 4926 4925
f 2426 2380 2379
f 4925 4926 4917
f 2426 2379 5684
f 10280 9449 10278
f 2379 2378 5684
f 4926 4910 4917
f 2378 2377 5683
f 4910 4916 4917
f 4917 4916 4918
f 5683 2377 2376
f 10278 10277 10275
f 10277 10274 10275
f 2376 2375 5698
f 10275 10274 10273
f 4910 4907 4916
f 10275 10273 10269
f 2375 2349 5625
f 10269 10267 10270
f 10270 10267 10263
f 4907 4980 4916
f 2349 5624 5625
f 10263 10267 10264
f 10263 10264 10265
f 10265 10264 10309
f 10265 10309 10257
f 5496 5466 5465
f 10257 10309 10255
f 5466 5493 5472
f 5493 5682 5472
f 10257 10255 10254
f 10255 10259 10256
f 10254 10255 10256
f 4994 4993 4980
f 5682 5746 5759
f 4994 4998 4993
f 5746 5772 8735
f 8735 5772 8732
f 4998 4999 4993
f 8731 8728 8732
f 4999 4996 4993
f 4993 4996 4995
f 8727 8728 8726
f 8727 8726 8725
f 4996 4997 4995
f 8726 8724 8725
f 8725 8724 8723
f 8723 8720 5571
f 4996 5008 5007
f 4996 5007 4997
f 8720 8717 5570
f 8720 8719 8717
f 8717 5009 5570
f 5009 8717 8714
f 5008 5010 5007
f 8714 5010 5009
f 5010 5011 5007
f 8714 8711 5010
f 5010 5012 5011
f 8711 5291 5010
f 5010 5291 5013
f 5010 5013 5012
f 5291 5433 5013
f 5013 5014 5012
f 5291 8709 5433
f 5013 5015 5014
f 5433 5027 5013
f 5013 5027 5015
f 8855 8860 8856
f 8856 8860 9017
f 9017 8860 9016
f 9018 9059 9064
f 10245 10247 10252
f 10245 10252 10246
f 10246 10252 9477
f 10243 10248 10247
f 10243 10247 10245
f 10249 10248 10243
f 9261 9181 9214
f 938 831 835
f 9306 9214 9264
f 1011 1010 852
f 9320 9264 9282
f 920 921 850
f 9320 9282 9323
f 9323 9282 9311
f 5748 9312 9318
f 813 871 812
f 9318 9329 5747
f 908 5730 783
f 5730 5716 783
f 9329 9336 9337
f 5716 5701 5743
f 9337 9336 2441
f 5701 5643 5667
f 2439 2402 2396
f 5643 5621 5667
f 5667 5621 5622
f 2433 2392 2438
f 11189 11176 11155
f 2392 2393 2438
f 2438 2393 5690
f 5558 5582 5623
f 2393 2394 2429
f 5582 5550 5648
f 5652 5525 5568
f 5568 5525 5509
f 5568 5509 5567
f 11129 11173 11138
f 5648 5572 5652
f 5652 5572 5525
f 5567 5509 5531
f 2394 2385 2429
f 5648 5550 5572
f 5531 5509 5505
f 5531 5505 5530
f 5530 5505 5503
f 2385 2373 2417
f 2373 2370 2417
f 5503 4961 4973
f 2417 2370 2414
f 2370 2336 2414
f 4973 4953 4954
f 2336 2353 2414
f 4953 4925 4954
f 4954 4925 4921
f 4921 4955 4954
f 2414 2353 2426
f 2426 2353 2380
f 2380 2353 2351
f 4925 4917 4921
f 9449 9444 10278
f 10278 9444 10277
f 4918 4916 4931
f 9690 9681 9680
f 10277 9444 10274
f 4916 4979 4931
f 10273 10272 10269
f 10269 10268 10267
f 10267 10268 10264
f 2349 2348 5624
f 4980 4979 4916
f 10309 10308 10255
f 5624 2348 5560
f 2348 2358 5560
f 2348 2347 2358
f 5560 2358 5496
f 5496 5565 5466
f 10255 10308 10297
f 4980 4991 4979
f 4979 4991 4978
f 2358 5565 5496
f 5466 5565 5493
f 4993 4991 4980
f 5493 5692 5682
f 5692 5746 5682
f 8732 5772 8733
f 8732 8733 8731
f 4993 4995 4991
f 8731 8730 8728
f 4991 4995 5023
f 8728 8730 8729
f 8728 8729 8726
f 4995 5025 5023
f 8726 8729 10311
f 8726 10311 8724
f 4995 4997 5025
f 8724 10311 8722
f 8724 8722 8723
f 5025 4997 5044
f 8722 8721 8720
f 8723 8722 8720
f 4997 5061 5044
f 8721 8719 8720
f 5007 5035 4997
f 4997 5035 5061
f 8719 8718 8717
f 5007 5031 5035
f 8717 8718 8716
f 5007 5011 5031
f 5035 5174 5061
f 8716 8714 8717
f 8716 8713 8714
f 5031 5174 5035
f 8714 8713 8711
f 5011 5012 5031
f 8713 8710 8711
f 8709 5291 8711
f 8711 8710 8709
f 5012 5032 5031
f 5031 5444 5174
f 5012 5014 5032
f 5032 5444 5031
f 8709 8708 5433
f 5014 5030 5032
f 5032 5030 5444
f 5433 8708 8707
f 8707 5027 5433
f 8707 5704 5027
f 5015 5017 5014
f 5027 5017 5015
f 5030 5333 5444
f 5704 5038 5027
f 5027 5038 5017
f 5017 5018 5014
f 5014 5018 5030
f 8707 8712 5704
f 8712 5666 5704
f 5704 5666 5038
f 5018 5333 5030
f 5017 5026 5018
f 5018 5042 5333
f 5038 5026 5017
f 5026 5042 5018
f 5666 5085 5038
f 5038 5085 5026
f 5085 5068 5026
f 5026 5068 5048
f 5026 5048 5042
f 8858 8854 665
f 8854 8858 8855
f 11462 10250 10248
f 10250 10253 10247
f 10248 10250 10247
f 10247 10253 10252
f 10252 10253 9475
f 10252 9475 9477
f 851 920 850
f 11289 11342 11281
f 11218 11312 11313
f 781 908 783
f 783 5743 856
f 5743 5701 856
f 856 5701 847
f 2441 9336 2402
f 847 5667 940
f 2441 2402 2439
f 5667 5622 5676
f 2396 2392 2433
f 5622 5623 5675
f 5676 5622 5675
f 11176 11228 11177
f 5623 5582 5675
f 5675 5582 5648
f 5702 5652 5568
f 5702 5568 5629
f 5629 5568 5567
f 5567 5531 5628
f 2394 2393 2383
f 5530 5503 4969
f 5503 4973 4974
f 11162 11220 11172
f 11172 11174 11142
f 4955 4920 4949
f 4955 4921 4920
f 4921 4917 4920
f 4920 4919 4922
f 4920 4917 4919
f 4918 4919 4917
f 9442 9444 9449
f 9445 9443 9442
f 4918 4931 4919
f 2379 2332 2378
f 9692 9688 11157
f 9442 9443 9444
f 9443 9448 9444
f 2378 2324 2377
f 9444 9448 10274
f 2377 2324 2376
f 2376 2366 2375
f 4979 4978 4931
f 4978 4977 4931
f 10272 10310 10268
f 2375 2322 2349
f 10264 10268 10309
f 5063 5143 5162
f 2349 2321 2348
f 10309 10268 10308
f 2348 2309 2347
f 4978 4991 4992
f 4978 4992 4977
f 5617 5313 5312
f 5617 5312 5618
f 5312 5308 5618
f 5618 5308 5626
f 5626 5308 5611
f 5611 5308 5309
f 5611 5309 5518
f 5518 5309 5310
f 2358 2368 5565
f 5060 5147 5146
f 5146 5147 5145
f 5147 5301 5163
f 5145 5147 5163
f 5163 5301 5302
f 5163 5302 5313
f 5313 5302 5304
f 5313 5304 5312
f 5312 5304 5308
f 5304 5306 5308
f 5308 5306 5307
f 5308 5307 5309
f 5307 5311 5310
f 5309 5307 5310
f 5565 5645 5493
f 5493 5645 5692
f 10326 10297 10289
f 4991 5024 4992
f 5147 5297 5299
f 5147 5299 5301
f 5299 5300 5301
f 5301 5300 5302
f 5302 5300 5303
f 5302 5303 5304
f 5304 5303 5305
f 5304 5305 5306
f 5306 5305 5307
f 5692 5700 5746
f 5746 5700 5772
f 5147 5165 5297
f 5297 5298 5299
f 5298 5314 5300
f 5299 5298 5300
f 5300 5314 5315
f 5300 5315 5303
f 5303 5315 5344
f 5303 5344 5305
f 5344 5316 5305
f 5305 5316 5307
f 5307 5316 5311
f 5772 5700 5764
f 5297 5165 5298
f 5298 5453 5314
f 5453 5546 5314
f 5314 5546 5315
f 5315 5546 5575
f 5315 5575 5344
f 5344 5575 5650
f 5575 13606 5650
f 5344 5650 5316
f 13606 13601 5316
f 5650 13606 5316
f 5772 5764 8733
f 5023 5028 5024
f 4991 5023 5024
f 5165 5170 5298
f 5612 5735 5546
f 5453 5612 5546
f 8733 8737 8731
f 8737 8734 8731
f 10326 10289 10321
f 8731 8734 8730
f 8730 8734 10325
f 10289 10291 10321
f 5023 5025 5033
f 5023 5033 5028
f 5025 5335 5033
f 5077 5078 5076
f 10416 10314 10324
f 5078 5079 5076
f 5025 5044 5335
f 10311 10295 8722
f 5044 5541 5335
f 5061 5542 5044
f 5044 5542 5541
f 8721 10301 8719
f 8719 10301 8718
f 5061 5543 5542
f 5061 5174 5543
f 8718 10302 8713
f 5174 5584 5543
f 5174 5585 5584
f 8713 10302 8710
f 5174 5609 5585
f 8710 8706 8709
f 5444 5610 5609
f 5610 8007 5609
f 8709 8706 8708
f 5444 5578 5610
f 8708 8706 8707
f 5444 5333 5578
f 8707 8706 8699
f 5333 5634 5578
f 8707 8699 8712
f 8712 8699 8689
f 5333 5561 5634
f 5333 5042 5561
f 8689 5666 8712
f 5042 5491 5561
f 5666 5736 5085
f 5666 8689 5736
f 5042 5048 5491
f 5736 5175 5085
f 5085 5175 5068
f 5068 5564 5048
f 5048 5564 5491
f 5564 8014 5491
f 5736 5679 5175
f 5175 5679 5658
f 5175 5658 5068
f 5068 5658 5564
f 9014 9016 8860
f 9016 9019 9018
f 9018 9019 9059
f 9059 9034 9064
f 11461 11466 11462
f 11466 11468 11462
f 11462 11468 10250
f 10250 11468 10253
f 9064 9063 9130
f 10253 13585 9475
f 13585 13586 9475
f 9130 9138 9181
f 9181 9149 9214
f 9282 9283 9311
f 9311 9283 9312
f 813 812 755
f 9283 9314 9318
f 9312 9283 9318
f 9318 9314 9329
f 9314 9313 9329
f 9313 9324 9329
f 9329 9324 9336
f 9336 9328 2402
f 940 5667 941
f 941 5667 5676
f 2402 2387 2396
f 2392 2386 2304
f 5675 5648 5697
f 5668 5702 5629
f 5629 5567 5628
f 2392 2304 2393
f 11226 11227 11181
f 5697 5648 5652
f 2304 2383 2393
f 5503 4968 4969
f 2394 2383 2313
f 11225 11262 11220
f 4968 5503 4974
f 4974 4967 4968
f 5053 5052 5054
f 2394 2313 2385
f 5052 5055 5054
f 5054 5055 5056
f 4974 4973 4967
f 4973 4954 4967
f 4967 4954 4951
f 5052 5069 5055
f 5056 5055 5083
f 5056 5083 1578
f 2385 2314 2373
f 5055 5069 5070
f 5083 5055 5082
f 5083 5082 1578
f 4951 4954 4950
f 5055 5070 5082
f 5082 5084 1578
f 1578 5084 5125
f 1578 5125 1467
f 2373 2333 2370
f 5070 5084 5082
f 5070 5092 5084
f 5084 5099 5125
f 1467 5125 1461
f 4950 4955 4949
f 5125 5099 5098
f 5125 5098 1461
f 5098 1462 1461
f 4949 4920 4938
f 5084 5092 5099
f 5098 5091 1462
f 1462 5091 1517
f 4920 4922 4938
f 4938 4922 4923
f 5099 5092 5098
f 1517 5091 5295
f 1517 5295 1524
f 5092 5090 5098
f 5098 5090 5091
f 5295 5091 5094
f 5295 5094 1524
f 2353 2336 2335
f 2353 2335 2351
f 5092 5058 5090
f 5090 5058 5086
f 5090 5086 5091
f 5091 5088 5094
f 5094 5088 5097
f 5094 5097 1524
f 5097 5494 1524
f 4922 4919 4923
f 4919 4924 4923
f 4923 4924 4933
f 5091 5086 5088
f 5097 5088 5093
f 5097 5093 5494
f 5093 5320 5494
f 5086 5087 5088
f 5086 5067 5087
f 5088 5087 5089
f 5088 5089 5093
f 5093 5089 5095
f 5093 5095 5320
f 5087 5157 5089
f 5095 5089 5096
f 5095 5096 5320
f 5320 5096 5104
f 5320 5104 1547
f 2351 2352 2380
f 11171 9447 11391
f 4919 4930 4924
f 4924 4930 4937
f 5157 5155 5089
f 5089 5155 5100
f 5089 5100 5096
f 5100 5103 5096
f 5096 5103 5104
f 5104 5103 5105
f 5104 5105 1547
f 2380 2352 2379
f 11391 9447 9445
f 9447 11219 9443
f 9445 9447 9443
f 4919 4931 4930
f 5066 5065 5152
f 5066 5152 5160
f 5066 5160 5067
f 5067 5160 5153
f 5100 5107 5103
f 5105 5103 5106
f 5105 5106 1548
f 2352 2332 2379
f 5103 5107 5106
f 1548 5106 5109
f 1548 5109 1523
f 2378 2332 2324
f 5065 5151 5152
f 5160 5150 5153
f 5153 5150 5139
f 5107 5108 5106
f 5106 5108 5109
f 1523 5109 5111
f 1523 5111 1522
f 5152 5151 5150
f 5152 5150 5160
f 5150 5135 5139
f 5108 5110 5109
f 5109 5110 5111
f 5111 5110 5112
f 5111 5112 1522
f 1522 5112 1539
f 2324 2366 2376
f 4931 4977 4930
f 4930 4977 4937
f 5065 5162 5151
f 5144 5142 5150
f 5151 5144 5150
f 5150 5142 5135
f 5110 5108 5119
f 1539 5112 5116
f 1539 5116 1497
f 10276 10310 10272
f 5065 5063 5162
f 5119 5113 5110
f 5113 5114 5112
f 5110 5113 5112
f 5112 5114 5116
f 5116 5327 1497
f 2366 2322 2375
f 4977 5006 4986
f 4977 4986 4937
f 4986 4982 4937
f 5114 5113 5115
f 5114 5115 5116
f 5115 5117 5116
f 5116 5117 5327
f 2349 2322 2321
f 5143 5138 5142
f 5144 5143 5142
f 5142 5138 5135
f 5115 5322 5118
f 5115 5118 5117
f 5117 5118 5328
f 5117 5328 5327
f 10268 10307 10308
f 5063 5037 5064
f 2321 2309 2348
f 5006 5019 4986
f 5064 5146 5143
f 5063 5064 5143
f 5118 5329 5328
f 10308 10307 10297
f 4977 4992 5006
f 4992 5016 5006
f 5037 5041 5064
f 5143 5146 5145
f 5143 5145 5138
f 5145 5158 5138
f 5581 5518 5329
f 2347 2301 2358
f 10297 10307 10287
f 5145 5163 5158
f 5615 5158 5313
f 5615 5313 5616
f 5616 5313 5617
f 2358 2301 2368
f 10297 10287 10289
f 5041 5060 5064
f 5064 5060 5146
f 2368 2382 5565
f 2368 2369 2382
f 5024 5028 4992
f 5565 2382 5645
f 10289 10287 10288
f 5028 5029 4992
f 4992 5029 5016
f 5060 5165 5147
f 5692 5645 5700
f 5046 5060 5041
f 5316 13601 8629
f 8733 5764 8737
f 8737 8823 8824
f 5046 5073 5072
f 5046 5072 5060
f 5072 5074 5060
f 5060 5074 5165
f 5612 13610 5735
f 13610 13608 5735
f 5546 5735 5575
f 5735 13608 13602
f 5735 13602 5575
f 5575 13602 13606
f 13602 13600 13606
f 13600 13601 13606
f 5122 5073 5046
f 5298 5170 5612
f 5298 5612 5453
f 5170 5647 5612
f 5647 13616 5612
f 5028 5081 5029
f 5073 5077 5072
f 5072 5075 5074
f 5165 5080 5170
f 5033 5081 5028
f 5072 5077 5076
f 5072 5076 5075
f 5074 5075 5080
f 5074 5080 5165
f 5122 5078 5073
f 5073 5078 5077
f 5033 5522 5081
f 5102 5345 5122
f 5076 5172 5075
f 5075 5172 5080
f 5033 5335 5523
f 5033 5523 5522
f 5122 5079 5078
f 5076 5326 5172
f 5345 5426 5122
f 5122 5426 5079
f 5079 5326 5076
f 10294 10292 10295
f 5335 5524 5523
f 5426 5347 5079
f 5079 5346 5326
f 10295 10292 10296
f 10295 10296 8722
f 5347 5346 5079
f 8722 10296 10301
f 8722 10301 8721
f 5347 5348 5346
f 5348 5349 5346
f 10302 10301 8701
f 5348 5350 5349
f 10302 8701 8700
f 8700 8696 8710
f 8710 8696 8697
f 8710 8697 8706
f 8697 8698 8706
f 5610 5578 7997
f 5610 7997 8007
f 8706 8698 8699
f 8698 8689 8699
f 8689 8694 5736
f 8014 8012 5491
f 5736 8694 5771
f 5736 5771 5679
f 5658 8020 5564
f 5564 8020 8014
f 8858 8860 8855
f 11466 11467 11468
f 11468 13585 10253
f 9063 9138 9130
f 9181 9138 9149
f 9149 9190 9214
f 831 852 782
f 782 851 808
f 9214 9190 9264
f 9190 9233 9264
f 9264 9233 9282
f 11349 11358 11379
f 751 856 773
f 847 905 774
f 905 940 797
f 9336 9324 9328
f 9328 2354 2402
f 941 5676 5717
f 2354 2387 2402
f 5717 5675 5718
f 2387 2386 2396
f 2387 2343 2386
f 5668 5663 5697
f 5668 5629 5663
f 5629 5628 5663
f 2396 2386 2392
f 5697 5702 5668
f 5628 5531 5627
f 5627 5531 5536
f 5531 5530 5536
f 5536 5530 4969
f 2386 2342 2304
f 4969 4968 4966
f 4952 4985 5123
f 4985 5050 5123
f 5123 5050 5517
f 5517 5050 5051
f 5517 5051 5467
f 5467 5053 5754
f 4968 4967 4966
f 4966 4967 4951
f 4966 4951 4952
f 5051 5053 5467
f 5053 5054 5754
f 5754 5054 1451
f 4951 4948 4952
f 4952 4948 4985
f 4985 4948 4983
f 4985 4983 5050
f 5050 4983 5051
f 4983 5052 5051
f 5051 5052 5053
f 5056 1578 1452
f 2313 2314 2385
f 11220 11286 11229
f 11286 11258 11229
f 4948 4947 4983
f 4947 4984 4983
f 4983 4984 5052
f 5052 4984 5022
f 5022 5034 5052
f 4951 4950 4948
f 4948 4950 4949
f 4947 4948 4938
f 5052 5034 5069
f 4948 4949 4938
f 4947 4938 4934
f 4947 4934 4984
f 4984 4934 5022
f 5069 4943 5070
f 2373 2314 2333
f 4934 4942 5022
f 5022 4942 5034
f 5034 4942 4943
f 5034 4943 5069
f 2370 2333 2336
f 4938 4923 4934
f 4942 4933 4943
f 4943 5036 5070
f 5070 5036 5092
f 4934 4923 4933
f 4934 4933 4942
f 4943 4945 5036
f 5036 5058 5092
f 4933 4944 4943
f 4943 4944 4945
f 1473 5494 1474
f 5058 5059 5086
f 5494 1503 1474
f 4946 4988 4945
f 4945 4988 5036
f 5036 4988 5057
f 5036 5057 5058
f 5058 5057 5059
f 5059 5067 5086
f 1503 5320 1547
f 1503 1547 1480
f 11170 11233 11219
f 4924 4937 4933
f 4933 4937 4944
f 4945 4944 4946
f 5057 5066 5059
f 5059 5066 5067
f 5067 5157 5087
f 1480 1547 1481
f 2351 2331 2352
f 4988 4989 5057
f 5065 5066 5057
f 4989 5065 5057
f 5067 5154 5157
f 5157 5154 5155
f 1481 1548 1483
f 5154 5139 5155
f 5155 5156 5100
f 4944 4937 4946
f 5139 5156 5155
f 4988 4946 4989
f 4989 5063 5065
f 5139 5129 5156
f 5156 5129 5100
f 5100 5129 5128
f 5100 5128 5107
f 5128 5127 5107
f 4937 4982 4946
f 4989 4990 5063
f 5139 5135 5131
f 5139 5131 5129
f 5128 5129 5127
f 5127 5108 5107
f 1489 1539 1490
f 4946 4982 4989
f 5131 5130 5129
f 5130 5127 5129
f 5108 5127 5126
f 10276 10315 10310
f 4982 4990 4989
f 5130 5131 5132
f 5132 5136 5130
f 5130 5136 5127
f 5127 5141 5126
f 5108 5126 5119
f 5136 5141 5127
f 5126 5148 5119
f 5119 5148 5113
f 5126 5141 5148
f 5148 5161 5113
f 10310 10315 10307
f 4990 5037 5063
f 5135 5134 5131
f 5131 5133 5132
f 5132 5133 5136
f 5137 5140 5136
f 5136 5140 5141
f 5141 5140 5148
f 5148 5149 5161
f 5161 5322 5113
f 5113 5322 5115
f 4986 5020 4982
f 4982 5021 4990
f 5135 5138 5134
f 5131 5134 5133
f 5136 5133 5137
f 5140 5149 5148
f 4982 5020 5021
f 4990 5021 5037
f 5134 5159 5133
f 5133 5159 5137
f 5159 5164 5137
f 5137 5164 5140
f 5161 5579 5323
f 5161 5323 5322
f 5322 5323 5329
f 5322 5329 5118
f 4986 5019 5020
f 5158 5615 5134
f 5615 5616 5134
f 5134 5616 5159
f 5616 5706 5159
f 5159 5706 5164
f 5164 5706 5169
f 5579 5169 5323
f 5323 5581 5329
f 2309 2301 2347
f 10307 10290 10287
f 5045 5041 5021
f 5021 5041 5037
f 2301 2323 2368
f 2368 2323 2369
f 5019 5021 5020
f 10286 10285 10287
f 5041 5045 5046
f 2369 2350 2382
f 5016 5029 5043
f 5016 5043 5019
f 5019 5043 5071
f 5071 5062 5019
f 5019 5062 5021
f 5021 5062 5049
f 5021 5049 5045
f 13601 13599 13603
f 13601 13603 8629
f 13603 8403 8629
f 2382 2398 5645
f 5645 2398 5685
f 5645 5685 5700
f 5700 5685 5764
f 5685 5728 5764
f 5764 5728 8821
f 5764 8821 8737
f 8737 8821 8823
f 5049 5046 5045
f 13610 13609 13608
f 13608 13609 13596
f 13608 13596 13602
f 13602 13596 13600
f 13600 13596 13599
f 13600 13599 13601
f 5029 5462 5043
f 5062 5758 5440
f 5062 5440 5049
f 5647 13617 13616
f 5612 13616 13610
f 13617 13610 13616
f 10285 10282 10288
f 5081 5463 5029
f 5029 5463 5462
f 5440 5441 5049
f 5049 5102 5046
f 5170 5640 5647
f 10288 10282 10291
f 5441 5102 5049
f 5102 5122 5046
f 5080 5639 5170
f 5170 5639 5640
f 5081 5522 5463
f 8017 8018 5522
f 5441 5492 5102
f 5080 5172 5477
f 5477 5639 5080
f 10291 10282 10292
f 5522 5523 8017
f 5441 5751 5492
f 5102 5492 5345
f 5477 5737 5639
f 5523 8016 8017
f 5172 5326 5478
f 5172 5478 5477
f 5492 5533 5345
f 5345 5533 5426
f 5326 5346 5479
f 5326 5479 5478
f 5533 5532 5426
f 5533 7860 5532
f 5426 5348 5347
f 10296 8705 8703
f 10296 8703 10301
f 5532 5350 5426
f 5346 7708 5479
f 5532 5495 5350
f 5426 5350 5348
f 10301 8703 8701
f 5495 5351 5350
f 5349 7708 5346
f 5351 5349 5350
f 5543 7991 7995
f 5495 5480 5351
f 5349 7706 7708
f 8701 8695 8700
f 5351 5352 5349
f 5352 7706 5349
f 5480 5353 5351
f 5351 5353 5352
f 8700 8695 8696
f 5401 5353 5480
f 5401 5480 5557
f 5352 5354 7706
f 5353 5354 5352
f 5353 5355 5354
f 5401 5355 5353
f 5355 5356 5354
f 5354 5356 7682
f 5354 7682 7706
f 5557 5556 5387
f 5557 5387 5401
f 5557 7840 5556
f 5401 5387 5355
f 5387 5357 5355
f 5355 5357 5356
f 8696 8695 8693
f 5609 7990 7987
f 8696 8693 8697
f 5556 5427 5387
f 5357 5358 5356
f 5356 5358 5389
f 5357 5359 5358
f 5427 5363 5387
f 5387 5363 5357
f 5357 5363 5359
f 8697 8693 8698
f 5427 5374 5363
f 5427 5519 5374
f 5359 5360 5358
f 5358 5360 5389
f 5363 5361 5359
f 5359 5361 5360
f 5363 5374 5361
f 8698 8693 8687
f 5361 5362 5360
f 5374 5375 5361
f 8698 8687 8689
f 8003 8001 7998
f 8687 8686 8689
f 8689 8686 8685
f 8689 8685 8694
f 8020 8012 8014
f 5679 5768 5658
f 5658 5768 8020
f 9014 9015 9016
f 9016 9015 9019
f 9019 9010 9059
f 11470 11503 11469
f 11467 11483 11484
f 9064 9034 9063
f 13585 13553 13586
f 13553 9471 13586
f 9471 13572 11310
f 9063 9091 9138
f 11306 11496 11305
f 11305 11496 11392
f 11335 11381 11478
f 11335 11478 11336
f 11478 11386 11336
f 11336 11386 11337
f 9233 9255 9282
f 9282 9255 9283
f 11376 11401 11377
f 774 905 797
f 11269 11287 11292
f 5681 5663 5673
f 5681 1045 5663
f 5663 5628 5673
f 2387 2354 2343
f 5675 5697 5718
f 5663 898 5697
f 5673 5628 5627
f 2386 2343 2342
f 5536 4969 4966
f 5536 4966 5537
f 5537 4966 4952
f 5537 4952 5614
f 11293 11365 11280
f 11262 11293 11280
f 5614 5123 5674
f 2383 2304 2313
f 2314 2288 2333
f 2336 2333 2335
f 2335 2310 2351
f 2351 2310 2331
f 2352 2331 2332
f 2366 2324 2303
f 2366 2303 2322
f 2322 2276 2321
f 2276 2300 2321
f 10307 10313 10290
f 2321 2300 2309
f 10130 11516 11515
f 10417 10418 11517
f 10132 10125 10130
f 10128 10126 10125
f 10130 10125 10127
f 10130 10127 10131
f 10125 10126 10127
f 2323 2350 2369
f 10286 10283 10285
f 13607 8396 13599
f 13599 8396 13603
f 8396 8403 13603
f 13610 13611 13609
f 13609 13611 13596
f 13596 13611 13597
f 13596 13597 13598
f 13596 13598 13599
f 13599 13598 13604
f 13599 13604 13607
f 2382 2371 2398
f 2398 2415 5685
f 5685 2415 5728
f 5462 5709 5043
f 5043 5709 5071
f 5071 5713 5062
f 5062 5713 5758
f 13615 13611 13617
f 13617 13611 13610
f 10285 10283 10282
f 5758 5714 5440
f 5714 5715 5720
f 5440 5714 5720
f 5440 5720 5441
f 5639 7726 5640
f 5720 5750 5441
f 5750 5751 5441
f 8017 8016 8018
f 5751 5752 5492
f 10282 8705 10292
f 8016 5524 8015
f 5524 8010 8015
f 5752 5533 5492
f 5752 7856 5533
f 5479 7712 5478
f 10292 8705 10296
f 5533 7856 7860
f 7860 7856 7855
f 7860 7855 5532
f 8705 8702 8703
f 8009 8010 5541
f 7855 7828 5495
f 5532 7855 5495
f 7708 7703 5479
f 5479 7703 7707
f 7703 7701 7707
f 8703 8702 8701
f 5495 7828 7843
f 5495 7843 5480
f 8701 8702 8695
f 7708 7688 7703
f 7995 7991 7994
f 7706 7688 7708
f 7843 7839 5480
f 5480 7839 5557
f 7706 7689 7688
f 5557 7839 7840
f 7706 7682 7689
f 8695 8692 8693
f 5356 7681 7682
f 5556 7840 7845
f 5556 7845 5427
f 5356 5389 7681
f 5427 7845 7849
f 8692 8691 8693
f 5427 7849 5519
f 7849 7785 5519
f 5389 7696 7681
f 5389 5360 7696
f 8693 8691 8687
f 7785 7784 5519
f 8687 8691 8688
f 5519 5573 5374
f 5519 7784 5573
f 5573 5375 5374
f 7784 7787 5573
f 5362 5404 5360
f 5360 5404 7696
f 7998 8001 8000
f 8688 8684 8687
f 5375 5373 5361
f 5361 5364 5362
f 8687 8684 8686
f 5573 5373 5375
f 5573 7787 7859
f 5373 5364 5361
f 5573 5506 5373
f 5573 7859 5506
f 5364 5365 5362
f 5362 5365 5404
f 7859 5500 5506
f 5506 5376 5373
f 5373 5376 5364
f 8685 5771 8694
f 8685 8715 5771
f 5365 5367 5404
f 8715 5770 5771
f 5771 5770 5679
f 5679 5770 5768
f 5768 8012 8020
f 5506 5500 5376
f 5376 5366 5364
f 5364 5366 5365
f 5365 5366 5367
f 5376 5377 5366
f 1002 8841 8858
f 8858 8841 8860
f 8860 8841 9014
f 11513 11503 11470
f 6545 11513 11470
f 11503 11511 11469
f 11469 11511 11473
f 11473 11511 11498
f 11483 13550 11484
f 13585 11484 13553
f 9034 9007 9063
f 9471 13554 13572
f 11310 13556 11309
f 11306 11495 11496
f 766 788 670
f 11392 11496 11485
f 11387 11477 11380
f 11380 11477 11381
f 808 807 729
f 11376 11420 11401
f 11401 11420 11400
f 11400 11420 11421
f 11006 11350 11007
f 718 773 743
f 774 797 750
f 5717 5718 897
f 1045 5681 1043
f 5681 5673 1043
f 1043 5673 5695
f 5673 5627 5695
f 898 5663 1045
f 5695 5627 5662
f 5718 5697 898
f 5662 5627 5536
f 5536 5651 5662
f 5536 5537 5651
f 5651 5537 5661
f 5661 5537 5614
f 5661 5614 5693
f 5674 5745 1443
f 5756 5674 1443
f 1443 5745 1445
f 2333 2287 2335
f 2335 2287 2310
f 2332 2325 2324
f 2303 2276 2322
f 10418 11514 11517
f 10126 11521 10127
f 11517 11514 11518
f 10128 10129 10126
f 8396 8377 8376
f 8396 8376 8403
f 2323 2305 2350
f 13604 8401 13607
f 13607 8401 8377
f 13607 8377 8396
f 13614 13618 13611
f 13611 13618 13597
f 13618 13605 13597
f 13597 13605 13598
f 13605 13604 13598
f 2350 2371 2382
f 8817 8819 5728
f 8820 5728 8819
f 5709 5712 5071
f 5071 5712 5713
f 13615 7733 13614
f 13615 13614 13611
f 5462 5708 5709
f 5713 5714 5758
f 5463 5708 5462
f 5463 8022 5708
f 8022 5734 5708
f 5762 5750 5720
f 5715 5762 5720
f 10282 10283 10284
f 8018 8022 5463
f 8018 8019 8022
f 5750 5762 5751
f 8018 8016 8019
f 5762 7838 5752
f 5751 5762 5752
f 5737 7723 7725
f 10282 10284 8705
f 8016 8015 8019
f 7838 7824 5752
f 5752 7824 7856
f 5478 5737 5477
f 5478 7712 5737
f 7712 7723 5737
f 8011 8015 8010
f 7824 7823 7856
f 7707 7705 7712
f 7856 7823 7855
f 7855 7823 7828
f 7828 7821 7843
f 8702 8704 8695
f 7703 7688 7701
f 7843 7821 7839
f 7688 7689 7669
f 7989 7986 7991
f 7821 7791 7839
f 7791 7789 7840
f 7839 7791 7840
f 7689 7668 7669
f 7689 7682 7668
f 8704 8692 8695
f 7682 7681 7668
f 7789 7786 7845
f 7840 7789 7845
f 7681 7675 7668
f 7845 7786 7782
f 7845 7782 7849
f 7849 7782 7785
f 7681 7676 7675
f 8692 8688 8691
f 7696 7695 7676
f 7695 7680 7676
f 7696 5404 7695
f 7787 7842 7859
f 8684 8690 8685
f 8685 8690 8715
f 8012 8168 8172
f 7859 7853 5500
f 7859 7842 7853
f 5768 8168 8012
f 5404 5367 7695
f 5367 5451 7695
f 5500 5377 5376
f 7853 5482 5500
f 5366 5368 5367
f 5367 5368 5451
f 5482 5386 5377
f 5500 5482 5377
f 5386 5369 5377
f 5377 5369 5366
f 5369 5368 5366
f 5368 5428 5451
f 5451 5428 7698
f 5482 5431 5386
f 5482 7857 5431
f 5431 5396 5386
f 5368 5371 5428
f 5396 5384 5386
f 5386 5384 5369
f 5369 5370 5368
f 5368 5370 5371
f 5384 5370 5369
f 9019 9015 9010
f 11503 11513 11511
f 6545 6538 11513
f 9059 9006 9034
f 13550 13549 11484
f 9471 13553 13554
f 11310 13572 13556
f 11309 13556 11495
f 9007 9067 9091
f 9063 9007 9091
f 11496 13587 11485
f 11485 11477 11387
f 9149 9148 9190
f 11457 11428 11386
f 9148 9175 9190
f 11386 11428 11369
f 9190 9175 9233
f 11369 11368 11346
f 11346 11368 11359
f 9175 9226 9233
f 9233 9226 9255
f 11420 11445 11421
f 11320 11388 11321
f 9283 9300 9314
f 9314 9300 9313
f 11354 11413 11396
f 9313 9316 9324
f 11396 11412 11372
f 11372 11419 11389
f 11389 11430 11390
f 5695 5662 5696
f 2346 2298 2343
f 2354 2346 2343
f 5662 5651 5696
f 5696 5651 5661
f 11390 11411 11365
f 2343 2298 2297
f 5661 5693 5755
f 5693 5756 5755
f 5755 5756 1441
f 2343 2297 2342
f 2342 2268 2304
f 2304 2255 2313
f 2313 2255 2256
f 2313 2256 2314
f 2288 2287 2333
f 2324 2248 2303
f 2303 2248 2276
f 2276 2271 2300
f 8284 8159 8158
f 8158 8159 8157
f 8158 8157 8156
f 2300 2301 2309
f 2323 2273 2305
f 8385 8339 13604
f 13614 13613 13612
f 13614 13612 13618
f 13618 13612 13605
f 13605 13612 8404
f 13605 8404 8385
f 7733 8405 13614
f 2371 2397 2398
f 2398 2397 2415
f 2397 8817 2415
f 5708 5710 5709
f 5709 5710 5711
f 5709 5711 5712
f 5712 5711 5713
f 5711 5715 5714
f 5713 5711 5714
f 7732 8215 8220
f 5708 5734 5710
f 5734 5761 5710
f 5710 5761 5711
f 5711 5767 5715
f 5715 5767 5762
f 8024 8022 8019
f 10284 10293 8705
f 8023 8024 8019
f 8015 8023 8019
f 7712 7721 7723
f 8011 8211 8015
f 7705 7717 7712
f 7717 7721 7712
f 8705 10293 8702
f 7823 7822 7828
f 7705 7701 7702
f 10293 10298 8702
f 7822 7812 7828
f 7828 7812 7821
f 8702 10298 8704
f 7794 7791 7821
f 10298 8692 8704
f 7791 7790 7789
f 7789 7788 7786
f 7786 7783 7782
f 8692 10299 10300
f 8692 10300 8688
f 7785 7782 7781
f 7785 7781 7784
f 7784 7781 7764
f 7784 7764 7787
f 7764 7760 7787
f 7787 7760 7842
f 8684 10303 8690
f 7760 7841 7842
f 7695 7691 7680
f 10303 10304 8690
f 8168 8167 8171
f 8690 8165 8715
f 8715 8165 5770
f 5770 8165 8164
f 5768 8164 8167
f 5768 8167 8168
f 7842 7841 7853
f 7841 7846 7853
f 7695 7698 7691
f 7698 7690 7691
f 7846 7851 7853
f 7853 7851 5482
f 7698 5428 7697
f 7851 7854 5482
f 5482 7854 7857
f 5428 5371 7697
f 5431 5414 5396
f 5431 7857 5414
f 5396 5414 5384
f 7857 5739 5414
f 5384 5385 5370
f 5370 5372 5371
f 5371 5372 5452
f 5371 5452 7697
f 5414 5395 5384
f 5384 5395 5385
f 5385 5378 5370
f 5370 5378 5372
f 5385 5391 5378
f 5385 5395 5391
f 604 891 1002
f 8841 9011 9014
f 9014 9011 9015
f 11498 13551 13550
f 731 708 714
f 13556 13557 11495
f 11495 13561 13587
f 13587 11477 11485
f 9138 9091 9149
f 11368 11367 11359
f 694 690 668
f 11395 11406 11420
f 11445 11406 11416
f 716 735 666
f 9283 9255 9257
f 11388 11416 11404
f 9257 9284 9283
f 11321 11404 11364
f 9283 9284 9300
f 11413 11453 11429
f 9300 9310 9313
f 11396 11429 11412
f 9310 9316 9313
f 9324 9316 9328
f 1040 1041 1039
f 1043 5695 1044
f 897 5718 898
f 5695 5696 1044
f 1044 5696 1550
f 9328 2346 2354
f 1550 5696 1520
f 5696 5661 1520
f 5661 5755 1438
f 1520 5661 1438
f 1438 5755 1439
f 11411 11425 11397
f 2297 2268 2342
f 2268 2255 2304
f 2256 2257 2288
f 2256 2288 2314
f 2288 2211 2287
f 2287 2209 2310
f 2310 2208 2331
f 2331 2325 2332
f 2331 2214 2325
f 2325 2214 2324
f 2324 2214 2222
f 2222 2248 2324
f 8149 8150 8151
f 8153 8152 8159
f 8152 8154 8159
f 8159 8154 8157
f 8388 8380 8389
f 8156 8157 8122
f 8156 8122 8127
f 2271 2272 2300
f 2300 2272 2301
f 2301 2273 2323
f 8384 8381 8272
f 8405 8402 13613
f 13613 8402 8382
f 13613 8382 8384
f 13613 8384 13612
f 2305 2315 2350
f 2350 2315 2371
f 8817 8813 8818
f 2397 8813 8817
f 5761 5766 5711
f 5711 5766 5767
f 5766 7862 5767
f 8022 5769 5734
f 5734 5769 5761
f 7862 7837 5767
f 8024 5769 8022
f 5767 7837 5762
f 5762 7834 7838
f 8023 8211 8196
f 8023 8196 8193
f 8023 8193 8024
f 7838 7834 7820
f 7838 7820 7824
f 7824 7820 7811
f 7721 7724 7723
f 7824 7811 7823
f 8011 8021 8211
f 7811 7812 7822
f 7823 7811 7822
f 7717 7705 7704
f 7705 7702 7704
f 7812 7800 7821
f 7800 7794 7821
f 7683 7669 7664
f 7794 7793 7791
f 10298 8397 10312
f 7791 7793 7790
f 10299 10298 10306
f 7790 7795 7788
f 7788 7792 7783
f 10299 10306 10300
f 7782 7783 7771
f 10300 10306 10305
f 7782 7771 7781
f 7676 7655 7675
f 7771 7764 7781
f 10305 10303 10300
f 10300 10303 8684
f 10303 8394 10304
f 8165 8166 8164
f 8164 8166 8167
f 7841 7760 7762
f 7691 7677 7680
f 7762 7844 7846
f 7841 7762 7846
f 7691 7690 7677
f 7690 7685 7677
f 7846 7844 7851
f 7844 7847 7851
f 7851 7847 7854
f 7697 7685 7690
f 7697 5452 7694
f 5739 5395 5414
f 7857 7850 5739
f 5452 7700 7694
f 5739 5608 5395
f 5739 7850 5608
f 5395 5403 5391
f 5395 5608 5403
f 5372 5437 5452
f 5608 5687 5403
f 5391 5379 5378
f 5378 5379 5372
f 5379 5381 5372
f 5403 5393 5391
f 5403 5436 5393
f 5391 5393 5379
f 5372 5381 5437
f 10000 10001 7754
f 1002 8827 8841
f 13591 13577 11513
f 11513 13577 11511
f 6538 13592 13591
f 13569 13552 11498
f 11498 13552 13551
f 9059 9010 9006
f 6485 6483 6538
f 13550 13430 13549
f 13549 13547 13553
f 13554 13555 13556
f 13557 13562 11495
f 13562 13561 11495
f 9149 9091 9148
f 11369 11424 11368
f 11368 11424 11367
f 9175 9186 9226
f 11406 11449 11451
f 11451 11404 11416
f 11429 11481 11412
f 11431 11479 11430
f 675 897 703
f 1038 720 1040
f 9328 9316 2346
f 11430 11479 11426
f 11426 11458 11411
f 1430 1520 1418
f 11407 11414 11328
f 11243 11317 11247
f 2268 2178 2255
f 11240 11249 11236
f 2257 2211 2288
f 2211 2210 2287
f 2287 2210 2209
f 2310 2209 2208
f 2208 2214 2331
f 8147 8141 8150
f 8150 8137 8153
f 8151 8150 8153
f 8137 8120 8152
f 8153 8137 8152
f 2248 2247 2276
f 2276 2247 2271
f 8257 8146 8259
f 8152 8105 8154
f 8105 8122 8154
f 8122 8096 8103
f 2272 2273 2301
f 8373 8250 8268
f 2273 2277 2305
f 8221 8373 8402
f 2371 2315 2339
f 5761 8189 5766
f 5766 8189 7862
f 2397 2371 2372
f 2397 2372 8810
f 5769 8189 5761
f 8024 8193 5769
f 7837 7835 7834
f 8203 8196 8211
f 8021 8203 8211
f 7810 7809 7811
f 7724 7721 7719
f 7811 7809 7812
f 7717 7719 7721
f 7717 7704 7719
f 7704 7722 7719
f 7809 7800 7812
f 7702 7673 7704
f 7702 7683 7673
f 7800 7799 7794
f 7683 7664 7666
f 7794 7799 7793
f 7793 7806 7790
f 7667 7661 7664
f 7790 7806 7795
f 10306 10312 8400
f 7792 7798 7783
f 10306 8400 10305
f 7783 7798 7771
f 8400 8399 10305
f 7771 7763 7764
f 7764 7763 7760
f 7680 7650 7656
f 7760 7763 7761
f 8394 8174 10304
f 7680 7677 7650
f 7760 7761 7762
f 7762 7770 7844
f 7844 7770 7847
f 7847 7770 7778
f 7847 7778 7854
f 7778 7848 7857
f 7854 7778 7857
f 7685 7684 7679
f 7685 7694 7684
f 7848 7850 7857
f 7850 7852 5608
f 5608 7852 7861
f 5452 7686 7700
f 7861 5687 5608
f 5687 5436 5403
f 5452 5437 7686
f 5687 5688 5436
f 5688 5435 5436
f 5436 5435 5393
f 5435 5392 5393
f 5393 5388 5379
f 5388 5380 5379
f 5380 5382 5381
f 5379 5380 5381
f 5381 5382 5437
f 5392 5388 5393
f 5382 5432 5437
f 5388 5392 5380
f 5435 5397 5392
f 5392 5390 5380
f 5390 5383 5380
f 5380 5383 5382
f 5397 5390 5392
f 9994 9995 9996
f 9996 10005 9994
f 9998 9994 9999
f 9994 10005 9999
f 9998 9999 10000
f 9998 10000 10109
f 9999 10003 10000
f 10000 10003 10001
f 10003 10002 10001
f 10001 7753 7754
f 10001 10002 7753
f 13591 13592 13577
f 13577 13569 11511
f 13550 13551 13430
f 13430 13547 13549
f 13547 13548 13553
f 13553 13548 13554
f 13548 13555 13554
f 9034 9006 9007
f 13555 13557 13556
f 13587 13539 11477
f 11457 11489 11488
f 11457 11488 11428
f 11428 11488 11369
f 9091 9092 9148
f 11369 11486 11424
f 11410 11454 11402
f 11402 11454 11450
f 11402 11450 11393
f 11393 11450 11405
f 11451 11492 11418
f 9226 9257 9255
f 11418 11491 11447
f 11429 11490 11481
f 11452 11475 11419
f 1038 1036 661
f 1038 661 720
f 11317 11427 11247
f 11247 11427 11250
f 2297 2215 2268
f 2268 2215 2178
f 11249 11422 11248
f 11248 11423 11244
f 2256 2120 2257
f 11244 13504 11254
f 13504 13453 11254
f 11254 13453 11255
f 11239 11383 8344
f 2208 2176 2214
f 8139 8136 8144
f 8144 8135 8142
f 8142 8123 8141
f 8141 8118 8150
f 8150 8118 8137
f 8120 8115 8152
f 2248 2218 2247
f 8115 8095 8105
f 8105 8096 8122
f 2271 2249 2272
f 2305 2277 2315
f 8810 8812 8813
f 8190 8192 8189
f 8189 8192 7862
f 8192 7835 7862
f 7862 7835 7837
f 2339 2372 2371
f 7819 7810 7811
f 8392 8390 8391
f 7810 7808 7809
f 7809 7808 7800
f 7673 7674 7704
f 8390 8305 8383
f 8391 8390 8383
f 7800 7808 7799
f 7793 7799 7806
f 8383 8327 8363
f 7798 7804 7771
f 7655 7652 7654
f 7804 7797 7771
f 7797 7796 7763
f 7763 7768 7761
f 7762 7766 7770
f 7677 7646 7649
f 7679 7647 7646
f 7679 7684 7647
f 7778 7779 7848
f 7684 7648 7647
f 7848 7779 7850
f 7850 7779 7780
f 7684 7694 7648
f 7700 7648 7694
f 7850 7780 7852
f 7700 7686 7648
f 7861 7852 5687
f 7858 5688 5687
f 5687 7852 7858
f 5688 7858 5763
f 5437 7699 7686
f 5688 5763 5435
f 5437 5432 7699
f 5744 5508 5435
f 5744 5757 5508
f 5435 5508 5397
f 5382 5402 5432
f 5382 5383 5402
f 5757 5613 5508
f 5508 5418 5397
f 5383 5398 5402
f 5508 5613 5418
f 5397 5418 5400
f 5397 5400 5390
f 5390 5394 5383
f 5383 5394 5398
f 5390 5400 5394
f 5394 5399 5398
f 5394 5400 5406
f 10012 10011 9997
f 10012 9997 9995
f 9995 9997 9996
f 9996 9997 10005
f 10005 10004 9999
f 9999 10004 10003
f 10002 10006 6228
f 10002 6228 7753
f 6228 6227 7753
f 1002 1018 8827
f 8827 8839 8841
f 8841 8839 9011
f 515 517 518
f 9011 8991 9015
f 13551 13396 13430
f 13555 13525 13557
f 13557 13525 13562
f 9007 9005 9067
f 13562 13524 13561
f 11477 13539 13540
f 11369 11488 11486
f 11487 13560 11410
f 11410 13560 11454
f 11450 11448 11405
f 11449 11507 11492
f 9186 9193 9226
f 11418 11492 11491
f 11491 11501 11453
f 11447 11491 11453
f 11453 11501 11490
f 11490 11508 11481
f 2346 2296 2298
f 11425 11456 11414
f 11414 11455 11415
f 11427 11493 11502
f 11250 11502 11417
f 11417 13518 11422
f 2255 2178 2121
f 2255 2121 2256
f 11423 13504 11244
f 13460 13195 13453
f 13195 13281 13453
f 2257 2116 2211
f 13453 13281 11255
f 11255 13281 11476
f 2211 2116 2210
f 2210 2116 2115
f 11384 13261 11385
f 2210 2115 2209
f 11385 11398 8354
f 8321 8354 8329
f 2222 2221 2248
f 8133 8134 8139
f 8139 8134 8136
f 8144 8136 8135
f 8135 8123 8142
f 8123 8124 8141
f 8124 8083 8118
f 8141 8124 8118
f 8137 8118 8107
f 8137 8107 8120
f 8107 8089 8120
f 2272 2249 2246
f 2272 2246 2273
f 2273 2245 2277
f 2277 2278 2315
f 2315 2278 2339
f 8810 8806 8809
f 8207 8306 8204
f 8208 8207 8206
f 8302 8303 8390
f 8390 8303 8305
f 7808 7815 7814
f 8383 8305 8327
f 9986 9974 7806
f 7663 7661 7662
f 9971 9974 9970
f 7768 7765 7761
f 7762 7765 7766
f 7766 7769 7770
f 7770 7773 7778
f 7778 7773 7779
f 7779 7774 7780
f 7852 7780 7826
f 7852 7826 7858
f 7686 7678 7660
f 7686 7699 7678
f 7858 7826 5763
f 7826 7827 5763
f 7699 7692 7678
f 5763 7827 5744
f 7699 5432 7692
f 5432 5402 5438
f 5432 5438 7692
f 5744 7827 5757
f 5757 5760 5613
f 5402 5412 5438
f 5402 5398 5412
f 5613 5417 5418
f 5399 5405 5398
f 5398 5405 5412
f 5400 5418 5406
f 5417 5415 5418
f 5418 5415 5406
f 5399 5406 5405
f 5406 5415 5413
f 5413 5407 5406
f 5406 5407 5405
f 5405 5407 5408
f 10098 10012 10101
f 10052 10014 10013
f 10052 10013 10098
f 10098 10013 10012
f 9998 10109 10108
f 10013 10011 10012
f 10011 10009 9997
f 9997 10008 10005
f 10005 10008 10004
f 10004 10006 10003
f 10003 10006 10002
f 9015 8991 9010
f 13592 13580 13577
f 13577 13580 13564
f 13577 13564 13569
f 13569 13564 13552
f 13552 13360 13551
f 13551 13360 13396
f 13425 13503 13548
f 13547 13425 13548
f 9006 9005 9007
f 13548 13503 13555
f 13555 13503 13525
f 13562 13525 13524
f 9005 9031 9067
f 589 670 588
f 13561 13492 13539
f 11489 13489 11488
f 13531 11486 11488
f 13578 11487 11486
f 11487 13533 13560
f 9148 9092 9175
f 13560 13563 11454
f 9092 9137 9175
f 11450 13563 11506
f 9175 9137 9186
f 11450 11506 11448
f 9186 9187 9193
f 11492 13546 11491
f 9226 9193 9257
f 9193 9246 9257
f 11501 11508 11490
f 11481 11508 13484
f 11452 13484 13567
f 9284 9267 9300
f 11452 13529 11475
f 9300 9267 9310
f 11500 13528 13530
f 9310 9295 9316
f 13530 13501 11479
f 11479 13501 11458
f 13501 13508 11458
f 9295 2328 9316
f 11458 13508 13526
f 9316 2328 2346
f 11499 11504 11456
f 11425 11499 11456
f 11456 11504 11455
f 11502 13456 11417
f 11417 13456 13518
f 2215 2177 2178
f 13518 13514 11422
f 11422 13514 13541
f 13541 13568 11423
f 11423 13568 13504
f 13504 13568 13460
f 2256 2121 2120
f 2120 2116 2257
f 13281 13280 11476
f 11476 13282 11383
f 11383 13282 11384
f 11384 13282 13261
f 11385 13245 11398
f 2209 2115 2117
f 2209 2117 2208
f 11398 11494 11408
f 2208 2117 2176
f 11408 11409 8379
f 2214 2184 2222
f 8361 11446 8335
f 8134 8119 8136
f 8119 8114 8136
f 8136 8114 8135
f 8135 8114 8123
f 8114 8104 8123
f 8123 8104 8124
f 8104 8083 8124
f 8086 8087 8088
f 8335 11497 8319
f 8129 8113 8128
f 8083 8084 8118
f 8118 8084 8107
f 8107 8084 8086
f 2247 2249 2271
f 2278 2270 2339
f 2339 2340 2372
f 2372 2340 8810
f 8810 2340 8806
f 9981 8266 9980
f 9970 9974 9972
f 7813 9969 7804
f 7804 7807 7797
f 7650 7634 7651
f 7796 7802 7768
f 7768 7802 7765
f 7765 7767 7766
f 7766 7767 7769
f 7769 7767 7772
f 7769 7772 7773
f 7773 7772 7774
f 7660 7645 7643
f 7780 7776 7777
f 7780 7777 7826
f 7826 7777 7827
f 7678 7692 7671
f 7777 7829 7827
f 7692 7693 7671
f 7827 7829 7836
f 7827 7836 5757
f 7692 7709 7693
f 7836 5760 5757
f 5438 5422 7709
f 5438 5412 5422
f 5412 5410 5422
f 5591 5417 5613
f 5412 5405 5410
f 5410 5421 5422
f 5592 5588 5590
f 5590 5588 5589
f 5589 5588 5587
f 5589 5587 5591
f 5591 5587 5417
f 5594 5593 5592
f 5594 10036 5593
f 5592 5593 5588
f 5588 5416 5587
f 5587 5416 5417
f 5416 5415 5417
f 5405 5408 5410
f 5593 10032 5588
f 5588 10032 5416
f 5415 5416 5413
f 5408 5407 5409
f 5408 5409 5410
f 5409 5411 5410
f 5410 5411 5421
f 5421 5411 5423
f 5416 10022 5413
f 5413 10023 5407
f 5407 10023 5409
f 5411 5454 5423
f 5454 5459 5423
f 10023 10020 5409
f 5409 10020 5411
f 5454 10017 5459
f 10017 10052 10098
f 10099 10017 10098
f 5411 10018 5454
f 5454 10018 10017
f 10018 10019 10016
f 10018 10016 10017
f 10017 10014 10052
f 10014 10015 10011
f 10014 10011 10013
f 10011 10029 10009
f 9997 10009 10008
f 10004 6224 10006
f 6224 6225 10006
f 10006 6225 6228
f 6228 6225 6227
f 13592 6537 13580
f 13564 13496 13552
f 13552 13496 13360
f 13396 13301 13430
f 13547 13430 13425
f 13503 13423 13525
f 13524 13393 13561
f 13561 13393 13492
f 13540 13489 11489
f 11488 13489 13531
f 9091 9067 9092
f 11486 13531 13542
f 11486 13542 13578
f 13578 13512 11487
f 9186 9137 9187
f 11449 11506 11507
f 11507 13506 13507
f 11492 11507 13507
f 13507 13546 11492
f 13502 13485 11501
f 11501 13485 11508
f 9257 9246 9284
f 9246 9267 9284
f 11500 13529 13528
f 9310 9267 9295
f 13526 13444 11499
f 2328 2296 2346
f 11504 11505 11455
f 11455 11505 11493
f 11493 11505 11502
f 2296 2264 2298
f 12826 13456 11502
f 2298 2264 2297
f 2297 2264 2215
f 13456 12974 13518
f 13518 12974 13514
f 13568 13459 13460
f 13460 13459 13195
f 13281 13195 13155
f 13281 13155 13280
f 13280 13279 13282
f 11476 13280 13282
f 13282 13279 13261
f 13261 13279 13154
f 13261 13154 13245
f 13154 13184 11398
f 13245 13154 11398
f 11398 13184 11494
f 11494 13314 11409
f 2214 2176 2184
f 11409 13314 11446
f 8119 8071 8114
f 8114 8071 8063
f 8113 8112 8128
f 8128 8112 8119
f 8130 8113 8129
f 8378 8155 13571
f 8378 13571 8130
f 13571 8138 8130
f 2221 2218 2248
f 2246 2245 2273
f 2245 2269 2277
f 2277 2269 2278
f 8806 8808 8809
f 2340 8805 8806
f 7807 9961 7802
f 7765 7802 7767
f 7802 7801 7767
f 7772 7775 7774
f 7641 7643 7642
f 7774 7775 7776
f 7643 7644 7642
f 7776 7775 7777
f 7645 7671 7644
f 7693 7710 7687
f 7829 7832 7836
f 7836 7832 5760
f 7709 7711 7710
f 5760 7832 7833
f 7709 5422 7711
f 5657 5613 5760
f 5760 7833 5657
f 5422 7713 7711
f 5657 5591 5613
f 5422 5421 7713
f 5599 5598 5597
f 5597 5598 5594
f 5597 5594 5596
f 5596 5594 5595
f 5594 5592 5595
f 5595 5592 5590
f 5595 5590 5654
f 5654 5590 5655
f 5655 5590 5656
f 5656 5590 5589
f 5656 5589 5657
f 5657 5589 5591
f 5421 7715 7713
f 5600 10040 5598
f 5421 5423 7715
f 7715 5423 10116
f 5598 10039 5594
f 5594 10039 10036
f 5423 10110 10116
f 10036 10035 10032
f 10036 10032 5593
f 10032 10033 10026
f 5423 5459 10110
f 5459 10017 10110
f 10110 10017 10100
f 10102 10098 10103
f 10032 10026 5416
f 5416 10026 10022
f 5413 10022 10023
f 10105 10106 10118
f 10121 10122 7957
f 7956 10121 7957
f 10022 10020 10023
f 10020 10019 5411
f 5411 10019 10018
f 10016 10015 10014
f 10017 10016 10014
f 10011 10015 10029
f 10009 10045 10007
f 10009 10007 10008
f 10007 10010 6221
f 10008 10007 10004
f 10007 6221 10004
f 10004 6221 6224
f 6221 6222 6224
f 6224 6222 6225
f 6226 6229 6227
f 6225 6226 6227
f 13564 13487 13496
f 13496 13006 13360
f 13360 13300 13396
f 13396 13300 13301
f 9010 9001 9006
f 13430 13301 13008
f 13430 13008 13425
f 13425 13309 13503
f 13503 13424 13423
f 13423 13524 13525
f 13524 13406 13393
f 13539 13492 13491
f 13539 13491 13540
f 13540 13490 13489
f 9067 9066 9092
f 13578 13542 13512
f 11487 13512 13533
f 13560 13495 13563
f 11507 13521 13506
f 13507 13422 13546
f 13485 13483 11508
f 11508 13483 13484
f 13484 13415 13567
f 13567 13415 13529
f 13443 13444 13526
f 13444 13463 11504
f 13464 11505 11504
f 11505 12826 11502
f 12826 12974 13456
f 13514 12974 13497
f 13514 13497 13541
f 13541 13497 13568
f 2178 2122 2121
f 2121 2107 2120
f 2120 2119 2116
f 13280 13155 13279
f 2116 2114 2115
f 13184 13154 13159
f 13159 13228 11494
f 13184 13159 11494
f 11494 13228 13314
f 13314 13229 11446
f 8119 8106 8071
f 11446 13229 11497
f 2222 2184 2221
f 8378 11497 8155
f 13571 8155 8138
f 8138 8116 8130
f 2249 2216 2246
f 2269 2270 2278
f 2339 2270 2340
f 8805 8807 8806
f 9967 9963 7807
f 7807 9963 9961
f 9961 9960 7802
f 7802 9960 7801
f 7772 7803 7775
f 7803 7805 7775
f 7775 7805 7777
f 7805 7830 7777
f 7777 7830 7829
f 7830 7831 7829
f 7829 7831 7832
f 7710 7718 7720
f 7832 7831 2768
f 7832 2768 7833
f 7711 7714 7718
f 5602 5597 5703
f 5703 5597 5596
f 5703 5596 5749
f 5749 5596 5595
f 5749 5595 11789
f 11789 5595 11780
f 7711 7713 7714
f 7713 7716 7714
f 5601 5599 5602
f 5602 5599 5597
f 11780 5655 11779
f 11779 5655 5656
f 5601 5603 5600
f 5601 5604 5603
f 5601 5600 5599
f 7713 7715 7716
f 7715 10114 7716
f 7715 10116 10114
f 5603 10043 5600
f 10043 10040 5600
f 10040 10039 5598
f 10116 10110 10114
f 10114 10110 10112
f 10110 10100 10111
f 10112 10110 10111
f 10111 10100 10102
f 10102 10103 10111
f 10111 10103 10119
f 10040 10038 10039
f 10039 10035 10036
f 10117 10118 7980
f 10035 10033 10032
f 10022 10026 10021
f 10021 10020 10022
f 10020 10021 10019
f 10016 10019 10027
f 10016 10027 10015
f 10027 10028 10015
f 10015 10028 10029
f 10028 10049 10046
f 10028 10046 10029
f 10046 10009 10029
f 10046 10045 10009
f 10046 10047 10045
f 10047 10010 10045
f 10047 6216 10010
f 10045 10010 10007
f 6216 6217 10010
f 10010 6217 6221
f 6531 13588 13580
f 13580 13588 13570
f 13570 13487 13564
f 13580 13570 13564
f 13487 13321 13496
f 13496 13321 13006
f 13006 13005 13360
f 13360 13005 13300
f 9006 9001 9005
f 13423 13406 13524
f 13393 13491 13492
f 13491 13490 13540
f 13490 13358 13489
f 9067 9031 9066
f 9066 9084 9092
f 13542 13411 13512
f 13533 13512 13511
f 13533 13511 13560
f 13560 13511 13495
f 13445 13522 13563
f 9092 9084 9137
f 13563 13522 11506
f 9187 9137 9193
f 13440 13349 13502
f 13502 13349 13485
f 9193 9194 9246
f 9194 9227 9246
f 13483 13341 13484
f 13341 13415 13484
f 9246 9227 9267
f 13415 13414 13529
f 13529 13414 13528
f 13528 13413 13530
f 13530 13413 13501
f 13501 13412 13508
f 13508 13412 13443
f 9260 9296 9295
f 9296 2327 2328
f 9295 9296 2328
f 13444 13323 13463
f 2328 2327 2296
f 13464 13298 11505
f 13298 12826 11505
f 12826 12827 12974
f 12974 13438 13497
f 2177 2122 2178
f 13497 13558 13568
f 13568 13558 13459
f 13459 13235 13195
f 13279 13155 13154
f 2115 2113 2117
f 8066 8065 8061
f 13228 13229 13314
f 8112 8072 8106
f 2176 2117 2175
f 2176 2175 2184
f 13229 13230 11497
f 11497 13230 8155
f 8155 8126 8138
f 8138 8126 8116
f 2221 2133 2218
f 2218 2217 2247
f 2247 2217 2249
f 2217 2216 2249
f 2269 2244 2270
f 2270 2244 2250
f 7801 9960 9959
f 7803 9958 9952
f 9956 9964 7831
f 7831 2767 2768
f 5749 11789 11722
f 5677 5601 5602
f 2768 2725 7833
f 5677 5604 5601
f 7716 10115 7714
f 5604 5726 5603
f 7716 10114 10115
f 10114 10112 10115
f 5727 10051 5603
f 10051 10043 5603
f 10051 10042 10043
f 10043 10042 10040
f 10042 10041 10040
f 10040 10041 10038
f 10038 10035 10039
f 10035 10038 10033
f 10033 10031 10026
f 10031 10021 10026
f 10031 10030 10021
f 10021 10030 10025
f 10021 10025 10024
f 10021 10024 10019
f 10019 10024 10027
f 10024 10055 10050
f 10024 10050 10027
f 10027 10050 10028
f 10055 10056 10050
f 10050 10049 10028
f 10050 10056 10049
f 10049 6193 10048
f 10049 10048 10046
f 10048 10047 10046
f 10048 6194 10047
f 10047 6194 6216
f 6217 6220 6221
f 6221 6220 6222
f 6220 6223 6222
f 6222 6223 6226
f 6223 6251 6226
f 6226 6251 6229
f 6216 6215 6217
f 8827 8826 8839
f 6531 6532 13588
f 6478 6479 6480
f 6478 6480 6531
f 13008 13309 13425
f 13424 13332 13423
f 13332 13339 13423
f 13423 13339 13406
f 13358 13351 13489
f 13489 13351 13531
f 13531 13411 13542
f 13512 13410 13511
f 13495 13445 13563
f 13522 13416 13521
f 13521 13416 13506
f 570 643 571
f 13506 13395 13507
f 13395 13394 13507
f 13507 13394 13422
f 9137 9185 9193
f 9193 9185 9194
f 13349 13350 13485
f 13485 13350 13483
f 13350 13341 13483
f 13414 13413 13528
f 13501 13413 13412
f 1009 1005 726
f 9267 9260 9295
f 13443 13306 13444
f 13444 13306 13323
f 13323 12845 13463
f 13463 12845 13299
f 13463 13299 13464
f 13299 13298 13464
f 13298 12825 12826
f 12826 12818 12827
f 2296 2275 2264
f 2264 2275 2220
f 2264 2220 2215
f 2177 2085 2122
f 2121 2122 2107
f 13195 13183 13155
f 13183 13153 13155
f 2116 2119 2114
f 13155 13153 13154
f 13154 13144 13159
f 13159 13160 13228
f 8132 8131 8155
f 8155 8131 8126
f 2184 2133 2221
f 2216 2187 2246
f 2187 2186 2245
f 2245 2186 2244
f 2245 2244 2269
f 2270 2250 2251
f 2270 2251 2340
f 2251 2341 2340
f 2340 2341 8805
f 9944 9992 9985
f 9952 9954 9953
f 9951 9953 9955
f 9964 2722 7831
f 7975 10115 7983
f 10115 10112 7983
f 10112 10120 7976
f 7983 10112 7976
f 2563 10060 5727
f 5727 10060 10051
f 10060 10053 10051
f 10051 10053 10044
f 10051 10044 10042
f 10042 10044 10041
f 10041 10037 10038
f 10038 10037 10033
f 10037 10034 10033
f 10033 10034 10031
f 10034 10030 10031
f 10030 10034 6211
f 10030 6211 10025
f 10024 10025 10055
f 10025 10062 10055
f 10056 6190 6191
f 10056 6191 10049
f 10049 6191 6193
f 6193 6194 10048
f 6215 6218 6217
f 6217 6219 6220
f 6220 6219 6231
f 6220 6231 6223
f 6194 6215 6216
f 1050 8826 8827
f 1018 1050 8827
f 8839 8826 9011
f 8826 8957 9011
f 9011 8957 8958
f 9011 8958 8991
f 8991 8967 9010
f 13300 12989 13301
f 13301 12989 13008
f 9001 8994 9005
f 9005 8993 9031
f 13406 13405 13393
f 13393 13357 13491
f 13351 13411 13531
f 9031 9030 9066
f 13411 13410 13512
f 13511 13410 13495
f 13495 13313 13445
f 13445 13285 13522
f 9084 9112 9137
f 13416 13395 13506
f 13422 13334 13440
f 13440 13334 13349
f 13335 13414 13415
f 9227 9260 9267
f 13413 13292 13412
f 13412 13306 13443
f 13323 12867 12845
f 13299 12824 13298
f 2327 2275 2296
f 13298 12824 12825
f 12825 12818 12826
f 12827 12916 12974
f 12916 13438 12974
f 2220 2137 2215
f 2215 2136 2177
f 2120 2118 2119
f 2115 2025 2113
f 13159 13144 13160
f 13228 13160 13229
f 13160 13182 13229
f 13229 13182 13230
f 8131 8121 8117
f 2117 2010 2175
f 13230 13182 8132
f 2175 2003 2184
f 2184 2004 2133
f 2218 2155 2217
f 2187 2245 2246
f 2570 5726 5677
f 2563 2539 2546
f 2546 10060 2563
f 2546 10053 10060
f 10053 10054 10044
f 10037 10041 10057
f 10037 10057 10058
f 10037 10058 10034
f 10058 6211 10034
f 10025 6211 6212
f 10025 6212 10062
f 10062 6212 6138
f 10055 10062 6166
f 6166 6190 10055
f 10055 6190 10056
f 6231 6219 6335
f 6231 6335 6223
f 6223 6338 6251
f 6251 6338 6356
f 6191 6192 6193
f 6193 6192 6194
f 6194 6192 6215
f 6192 6246 6215
f 6215 6246 6218
f 8991 8958 8967
f 6534 13589 6532
f 6532 13589 13588
f 13588 13543 13570
f 13006 13004 13005
f 13005 12989 13300
f 9010 8967 9001
f 12989 12988 13008
f 13008 12988 13309
f 13424 13309 13332
f 8994 8993 9005
f 13406 13339 13405
f 9031 8993 9030
f 13357 13358 13490
f 13411 13311 13410
f 13311 13312 13410
f 13445 13265 13285
f 13522 13285 13416
f 9112 9111 9137
f 13316 13394 13395
f 13422 13394 13319
f 13422 13319 13334
f 13413 13290 13292
f 13292 13306 13412
f 12845 12824 13299
f 12824 12818 12825
f 13438 13513 13497
f 2215 2137 2136
f 13497 13513 13558
f 13459 13558 13235
f 13195 13235 13183
f 13153 13152 13154
f 13144 13140 13160
f 8077 8098 8078
f 2117 2113 2007
f 8121 8108 8117
f 8117 8108 8077
f 8132 11878 8121
f 8132 8121 8131
f 2117 2007 2010
f 13182 11879 8132
f 2003 2004 2184
f 2218 2133 2155
f 2187 2157 2186
f 2250 2190 2251
f 2251 2252 2341
f 2341 2252 8799
f 2539 2563 2570
f 2546 10061 10053
f 10053 10061 10054
f 10054 10059 10044
f 10044 10059 10041
f 10041 10059 10057
f 10058 10057 6173
f 10058 6173 6211
f 6211 6136 6212
f 6212 6137 6138
f 6138 6166 10062
f 6166 6138 6140
f 6140 6189 6166
f 6166 6189 6190
f 6190 6189 6191
f 6191 6189 6192
f 6246 6314 6218
f 6218 6314 6318
f 6218 6318 6219
f 6318 6335 6219
f 6335 6338 6223
f 6192 6247 6246
f 13570 13543 13487
f 6534 6535 13589
f 13588 13589 13543
f 13005 13004 12989
f 13309 13273 13332
f 13332 12987 13339
f 13405 13284 13393
f 13393 13284 13357
f 13358 13017 13351
f 13017 13016 13351
f 13351 13016 13411
f 13016 13311 13411
f 563 561 506
f 13312 13313 13410
f 13313 13265 13445
f 13265 13276 13285
f 13285 13276 13277
f 13285 13278 13416
f 13416 13278 13395
f 13316 13317 13394
f 13317 13319 13394
f 9111 9135 9137
f 9137 9135 9185
f 13334 13287 13349
f 13349 13288 13350
f 13350 13289 13341
f 9194 9189 9227
f 13335 13290 13414
f 13414 13290 13413
f 13292 12882 13306
f 13306 12881 13323
f 13323 12881 12867
f 12867 12821 12845
f 12845 12814 12824
f 12824 12817 12818
f 12816 12819 12818
f 12818 12819 12827
f 12827 12819 12916
f 12916 12819 12986
f 12916 13457 13438
f 13438 13457 13513
f 2177 2136 2085
f 2107 2118 2120
f 13154 13152 13138
f 13154 13138 13144
f 8101 8098 8077
f 13160 13140 13182
f 13182 13140 11879
f 2010 2003 2175
f 2217 2156 2216
f 2216 2158 2187
f 2187 2158 2157
f 2186 2185 2244
f 2244 2185 2250
f 2539 2521 2525
f 2539 2525 2546
f 2546 2538 10061
f 10061 6239 10054
f 10054 6239 10059
f 10057 6197 6173
f 6211 6173 6136
f 6212 6136 6137
f 6138 6139 6140
f 6189 6140 6234
f 6189 6234 6192
f 6234 6281 6192
f 6192 6281 6247
f 6247 6281 6314
f 6247 6314 6246
f 13321 13007 13006
f 13006 13007 13004
f 12989 12680 12988
f 13309 12988 13273
f 13273 13333 13332
f 13332 13333 12987
f 13339 12973 13405
f 13284 13017 13357
f 13357 13017 13358
f 13016 13002 13311
f 13312 13018 13313
f 9084 9065 9112
f 13277 13278 13285
f 13278 13316 13395
f 9194 9185 9189
f 13341 12971 13335
f 9227 9189 9228
f 13290 13291 13292
f 13291 12953 13292
f 9227 9228 9260
f 12953 12882 13292
f 12845 12821 12814
f 12814 12817 12824
f 9296 2289 2327
f 2327 2289 2275
f 2275 2289 2274
f 2275 2274 2220
f 2220 2188 2137
f 2122 2085 2107
f 13235 13185 13183
f 2118 2114 2119
f 13144 13138 13140
f 13140 13141 11879
f 2133 2002 2155
f 2155 2156 2217
f 2156 2158 2216
f 2185 2190 2250
f 2190 2152 2251
f 2251 2152 2252
f 2252 8795 8799
f 2571 2534 2548
f 2720 2716 2718
f 2548 2521 2539
f 2525 2538 2546
f 6239 6128 10059
f 10059 6128 6109
f 10059 6109 10057
f 10057 6109 6197
f 6197 6074 6173
f 6173 6077 6136
f 6173 6074 6077
f 6077 6078 6136
f 6136 6078 6137
f 6137 6078 6138
f 6078 6139 6138
f 6234 6322 6281
f 8826 8832 8957
f 13589 6547 13543
f 13543 13442 13487
f 13487 13442 13321
f 13442 13007 13321
f 6535 6494 13589
f 12987 12973 13339
f 12973 13302 13405
f 13405 13302 13284
f 8993 9029 9030
f 13016 12594 13002
f 9030 9065 9066
f 9066 9065 9084
f 13019 13018 13312
f 13277 13275 13278
f 13319 13286 13334
f 13286 13287 13334
f 13287 13288 13349
f 13288 13289 13350
f 13289 12971 13341
f 12971 12970 13335
f 13335 12970 13290
f 13306 12882 12881
f 12881 12822 12867
f 12867 12822 12821
f 12817 12816 12818
f 12916 12986 13457
f 2220 2274 2188
f 13513 13439 13558
f 13558 13236 13235
f 2118 2107 2011
f 2114 2025 2115
f 13140 13135 13141
f 13141 11873 11879
f 11879 11873 11878
f 2004 2002 2133
f 2152 2253 2252
f 2252 2253 8795
f 2548 2534 2524
f 2521 2502 2501
f 2521 2501 2525
f 2501 2526 2525
f 2525 2526 2538
f 10061 2538 6232
f 10061 6232 6239
f 6109 6056 6197
f 6197 6056 6074
f 6322 6362 6366
f 6074 6076 6077
f 6076 6133 6078
f 6077 6076 6078
f 6078 6133 6134
f 6078 6134 6139
f 6235 6134 6262
f 6235 6262 6263
f 6235 6263 6234
f 6234 6263 6322
f 1050 8825 8826
f 8826 8825 8832
f 6547 13544 13543
f 6535 6524 6494
f 13007 12799 13004
f 9001 8967 8994
f 12988 12644 13273
f 13333 12830 12987
f 8993 8992 9029
f 13284 12599 13017
f 13017 12595 13016
f 13016 12595 12594
f 9029 9065 9030
f 13311 13019 13312
f 13018 13265 13313
f 13276 13275 13277
f 13316 13315 13317
f 12970 12952 13290
f 9189 9222 9228
f 13290 12952 13291
f 1005 1004 737
f 12882 12863 12881
f 12822 12811 12821
f 9260 9279 9296
f 12821 12811 12814
f 12817 12814 12816
f 2136 2023 2085
f 13558 13439 13236
f 13183 13167 13153
f 8161 1349 1385
f 13138 13135 13140
f 13135 13142 13141
f 13141 13142 11873
f 2010 2007 2003
f 2155 2021 2156
f 2190 2185 2127
f 2152 2154 2253
f 6232 6182 6239
f 6239 6182 6128
f 6362 7924 7906
f 6362 7906 6366
f 6056 6063 6074
f 6063 6075 6074
f 6074 6075 6076
f 6133 6200 6134
f 6134 6200 6261
f 6261 6262 6134
f 8958 8957 8921
f 13543 13544 13442
f 8958 8921 8967
f 12989 13004 12678
f 12989 12678 12680
f 12646 12644 12988
f 12644 12830 13273
f 13273 12830 13333
f 12637 12634 12987
f 12987 12634 12973
f 13302 12603 13284
f 13284 12602 12599
f 12599 12597 13017
f 13017 12597 12595
f 13311 13002 13019
f 13019 12539 13018
f 13265 12544 13276
f 13278 13315 13316
f 13317 13318 13319
f 9228 9229 9260
f 12863 12864 12881
f 12881 12864 12822
f 9260 9229 9279
f 2137 2028 2136
f 13236 13185 13235
f 2085 1989 2107
f 13185 13167 13183
f 13167 13152 13153
f 2118 2011 2114
f 2114 2011 2024
f 8161 11881 1349
f 2024 2025 2114
f 11881 11887 1349
f 2113 2025 2008
f 13142 11865 11873
f 11865 11863 11873
f 2113 2008 2007
f 2003 2001 2004
f 2002 2021 2155
f 2186 2112 2185
f 2190 2127 2152
f 2152 2127 2129
f 8795 3786 8799
f 2716 2708 2717
f 2524 2475 2502
f 2502 2475 2501
f 2538 6260 6232
f 6182 6087 6128
f 6128 6069 6109
f 6109 6069 6056
f 6075 6080 6091
f 6075 6091 6076
f 6091 6126 6076
f 6076 6126 6133
f 6126 6200 6133
f 6261 6328 6262
f 6262 6328 6362
f 8825 8830 8832
f 6547 6493 13584
f 6547 13584 13544
f 12799 12682 13004
f 12682 12679 13004
f 13004 12679 12678
f 12988 12680 12646
f 12830 12637 12987
f 12973 12603 13302
f 12603 12602 13284
f 13018 12537 13265
f 12537 12544 13265
f 12544 12546 13276
f 13276 12546 13275
f 13278 12588 13315
f 13315 13318 13317
f 13318 13320 13319
f 13319 13320 13286
f 13287 13286 12582
f 13287 12582 13288
f 9135 9134 9185
f 13288 12583 13289
f 12583 12972 13289
f 13289 12972 12971
f 13291 12952 12953
f 12953 12917 12882
f 1006 987 1004
f 12811 12813 12814
f 12813 12815 12814
f 12814 12815 12816
f 9279 9297 9296
f 9296 9297 2290
f 9296 2290 2289
f 12816 12815 12820
f 12816 12820 12819
f 12819 13003 12986
f 2289 2258 2274
f 2137 2188 2028
f 2136 2028 2023
f 2107 1989 2011
f 13138 13136 13135
f 2008 2006 2007
f 2007 2000 2003
f 2004 2001 2002
f 2156 2021 2111
f 2156 2111 2158
f 2158 2111 2157
f 2157 2111 2110
f 2157 2112 2186
f 2112 2125 2185
f 2185 2125 2127
f 2129 2151 2152
f 2152 2151 2154
f 2253 8794 8795
f 2475 2476 2501
f 2501 2517 2526
f 2526 2517 2538
f 2538 2517 6260
f 6260 6162 6232
f 6232 6162 6182
f 6300 6357 6328
f 6328 6357 6368
f 6087 6069 6128
f 6056 6055 6063
f 6063 6064 6075
f 6075 6064 6080
f 6091 6080 6143
f 6091 6143 6126
f 6126 6242 6200
f 6200 6242 6300
f 6200 6300 6261
f 6069 6052 6056
f 6052 6055 6056
f 13584 13566 13544
f 13544 13566 13493
f 13493 12991 13442
f 13442 12991 13007
f 12991 12799 13007
f 12644 12639 12830
f 12830 12639 12637
f 12634 12633 12973
f 12973 12633 12603
f 12594 12540 13002
f 13002 12539 13019
f 12539 12537 13018
f 13275 12546 12589
f 12589 12588 13278
f 9065 9111 9112
f 12588 12587 13315
f 12587 13318 13315
f 13318 12581 13320
f 13320 12580 13286
f 13288 12582 12583
f 12970 12969 12952
f 12953 12952 12917
f 1006 1399 987
f 12882 12917 12863
f 1004 485 737
f 9228 9222 9229
f 12986 13003 13457
f 2258 2188 2274
f 13457 13509 13513
f 13513 13509 13439
f 2085 2023 1989
f 13152 13151 13138
f 13138 13151 13139
f 13138 13139 13136
f 13135 11865 13142
f 2000 2001 2003
f 2110 2112 2157
f 2532 2487 2524
f 2524 2487 2475
f 2501 2476 2517
f 6300 6315 6357
f 6162 6087 6182
f 6055 6064 6063
f 6080 6064 6124
f 6080 6124 6143
f 6126 6143 6242
f 6527 11579 6493
f 6493 11579 13584
f 12646 12642 12644
f 12644 12642 12639
f 8994 8963 8993
f 8993 8963 8992
f 12587 12586 13318
f 13318 12586 12581
f 12581 12580 13320
f 12580 12582 13286
f 12583 12518 12972
f 93 594 90
f 9134 9153 9185
f 12972 12520 12971
f 12971 12520 12522
f 12971 12522 12970
f 12970 12522 12969
f 12822 12531 12811
f 12819 12820 13003
f 13457 13003 13509
f 2188 2138 2028
f 2023 2012 1989
f 13136 13134 13135
f 2111 2020 2110
f 2151 8793 2253
f 2154 2151 2253
f 2253 8793 8794
f 6373 7426 7455
f 6241 6243 6315
f 6243 6283 6315
f 6124 6204 6284
f 6124 6284 6143
f 6143 6284 6285
f 6143 6285 5950
f 6242 5950 6241
f 6064 6204 6124
f 6052 6051 6055
f 11579 13583 13584
f 13584 13583 13566
f 13493 12880 12991
f 12991 12880 12832
f 12991 12832 12799
f 12832 12681 12799
f 12799 12681 12682
f 8921 8913 8967
f 12678 12645 12680
f 12680 12645 12646
f 12646 12645 12642
f 12633 12604 12603
f 12603 12601 12602
f 8969 9029 8992
f 12602 12601 12599
f 12597 12596 12595
f 12596 12593 12595
f 12595 12593 12594
f 13002 12540 12539
f 9111 9134 9135
f 12518 12520 12972
f 9185 9153 9189
f 12969 12524 12952
f 9153 9188 9189
f 12952 12524 12917
f 9189 9188 9222
f 987 985 1004
f 12811 12812 12813
f 9280 9297 9279
f 2258 2138 2188
f 2011 1955 2024
f 2007 1999 2000
f 2001 2000 1998
f 2001 1998 2002
f 2002 2022 2021
f 2021 2020 2111
f 7426 7425 7455
f 6117 6270 6283
f 6284 6313 6285
f 6285 5952 5950
f 6241 5950 5951
f 6241 5951 6243
f 6243 5951 6117
f 6204 6203 6273
f 6204 6273 6284
f 6055 6059 6064
f 6064 6203 6204
f 8825 8829 8830
f 8830 8842 8832
f 8832 8842 8957
f 11579 11578 13583
f 12682 12681 12679
f 8913 8963 8967
f 12678 12677 12645
f 8967 8963 8994
f 12637 12635 12634
f 12634 12632 12633
f 12599 12598 12597
f 12598 12596 12597
f 12594 12593 12540
f 12539 12538 12537
f 12538 12534 12537
f 12537 12535 12544
f 12588 12585 12587
f 12587 12584 12586
f 12581 12578 12580
f 12580 12578 12577
f 12580 12577 12582
f 12917 12606 12863
f 12815 12829 12820
f 2289 2290 2258
f 13003 13371 13509
f 2138 2027 2028
f 13509 13371 13439
f 13439 13208 13236
f 2023 2028 2012
f 2024 2009 2025
f 2025 2009 2008
f 13134 13133 13135
f 13135 13133 11865
f 2008 1944 2006
f 2007 2006 1999
f 2022 1997 2021
f 2129 2128 2151
f 8791 8816 8793
f 2151 8792 8793
f 11727 2562 11788
f 2532 2490 2487
f 2487 2471 2475
f 2475 2472 2476
f 2476 2513 2517
f 6117 5988 6270
f 2517 6277 6260
f 6273 5864 6323
f 6273 6323 6284
f 6323 6313 6284
f 6313 5941 6285
f 5941 5952 6285
f 5952 5888 5950
f 5888 5886 5950
f 5886 5887 5950
f 5950 5887 5951
f 5951 5949 5988
f 5951 5988 6117
f 6260 6142 6162
f 6203 6267 6273
f 6162 6088 6087
f 6051 6058 6059
f 6051 6059 6055
f 6064 6059 6203
f 6087 6053 6069
f 6053 6049 6052
f 6069 6053 6052
f 6052 6049 6051
f 1019 8828 8825
f 8957 8842 8921
f 13590 13582 13583
f 13583 13582 13477
f 13583 13477 13566
f 13477 12919 13493
f 13566 13477 13493
f 13493 12919 12880
f 12880 12834 12832
f 6499 6500 6501
f 12679 12677 12678
f 12642 12641 12639
f 12641 12638 12639
f 12638 12635 12637
f 12639 12638 12637
f 8963 8969 8992
f 12632 12604 12633
f 12603 12604 12601
f 9029 9036 9065
f 12540 12538 12539
f 12534 12535 12537
f 12544 12535 12546
f 12585 12584 12587
f 9065 9068 9111
f 12577 12583 12582
f 12524 12608 12917
f 12917 12608 12606
f 12606 12566 12863
f 12566 12530 12863
f 12863 12530 12864
f 12864 12530 12531
f 12811 12531 12812
f 9229 9223 9279
f 9279 9223 9280
f 12812 12823 12813
f 12820 12829 13003
f 13371 13370 13439
f 2028 2027 2012
f 13236 13208 13185
f 13185 13158 13167
f 13167 13158 13152
f 2012 1937 1989
f 2024 1988 2009
f 1998 2022 2002
f 2021 1997 2020
f 2112 2124 2125
f 2125 2124 2127
f 2128 2153 2151
f 2153 8792 2151
f 8792 8791 8793
f 2562 2490 2532
f 2487 2490 2471
f 2475 2471 2472
f 2472 2513 2476
f 6325 6299 5941
f 5941 5888 5952
f 5988 6271 6270
f 2517 2513 6277
f 6267 5863 5864
f 6267 5864 6273
f 5951 5887 5949
f 6260 6277 6142
f 6059 5855 6203
f 6203 5855 6267
f 6162 6142 6088
f 6088 6053 6087
f 6051 6049 6050
f 8825 8828 8829
f 8829 8833 8830
f 8830 8833 8842
f 6549 6558 13477
f 6549 13477 13582
f 6525 6502 6548
f 8921 8842 8913
f 12834 12833 12832
f 12832 12833 12681
f 12681 12677 12679
f 12645 12641 12642
f 12634 12635 12632
f 12601 12598 12599
f 9036 9068 9065
f 12546 12535 12589
f 12589 12585 12588
f 12586 12584 12581
f 12581 12584 12578
f 12522 12524 12969
f 12531 12810 12812
f 9222 9223 9229
f 12813 12828 12815
f 12815 12828 12829
f 2290 2219 2258
f 13003 13263 13371
f 2258 2219 2138
f 2219 2123 2138
f 13439 13370 13208
f 13152 13158 13151
f 11867 11864 11865
f 2009 1944 2008
f 11865 13133 11867
f 2110 2018 2112
f 2112 2018 2124
f 2127 2124 2126
f 2127 2126 2129
f 11727 11756 2562
f 2620 2671 2678
f 6403 6412 6413
f 6344 6342 6325
f 6325 6342 6299
f 5863 5862 5864
f 6299 5934 5941
f 6270 6271 7415
f 5941 5934 5888
f 5855 5861 6267
f 6267 5861 5863
f 6059 6084 5855
f 6142 6081 6088
f 6051 6050 6058
f 6058 6084 6059
f 6558 6553 13391
f 6558 13391 13477
f 13477 13391 12919
f 6502 6551 6548
f 12919 12839 12880
f 12880 12839 12834
f 12598 12600 12596
f 12593 12543 12540
f 12540 12541 12538
f 12589 12590 12585
f 9106 9136 9134
f 9111 9106 9134
f 12579 12078 12577
f 12577 12078 12583
f 12583 12078 12518
f 12522 12521 12524
f 12524 12607 12608
f 9188 9210 9222
f 12566 12606 12456
f 987 986 985
f 12810 12846 12812
f 12812 12846 12823
f 12813 12823 12828
f 12829 13263 13003
f 2138 2123 2027
f 1989 1894 2011
f 13136 13137 13134
f 2006 1944 1994
f 1997 2016 2020
f 2129 2126 2128
f 2153 2254 8792
f 8792 2254 8791
f 2562 2529 2490
f 6403 6402 6412
f 2456 2512 2513
f 2472 2456 2513
f 6299 6298 5934
f 5988 6210 6271
f 2513 2552 6277
f 5855 5854 5861
f 5888 5883 5886
f 5886 5883 5882
f 5886 5882 5887
f 2552 6230 6277
f 6058 6050 6068
f 6058 6068 6084
f 6558 6551 6553
f 8842 8911 8913
f 12677 12669 12645
f 8913 8915 8963
f 12635 12636 12632
f 12596 12600 12593
f 12589 12535 12590
f 12584 12218 12578
f 12518 12519 12520
f 12520 12521 12522
f 12608 12607 12606
f 12566 12456 12530
f 9222 9210 9223
f 9297 2219 2290
f 2123 2026 2027
f 2027 1707 2012
f 1894 1955 2011
f 1955 1988 2024
f 1988 1942 2009
f 2006 1994 1999
f 2000 1999 1998
f 2020 2016 2018
f 2020 2018 2110
f 2254 8790 8791
f 2490 2481 2471
f 2471 2456 2472
f 6412 6402 6342
f 5854 5859 5861
f 6299 6342 6298
f 5934 5883 5888
f 5949 5982 5988
f 5988 5982 6210
f 2513 2512 2552
f 5855 5845 5854
f 5887 5890 5949
f 6277 6230 6142
f 6084 6253 5845
f 6084 5845 5855
f 6081 6053 6088
f 8828 8831 8829
f 8829 8831 8833
f 6553 6554 13391
f 13391 12839 12919
f 12839 12837 12834
f 12645 12669 12641
f 12643 12640 12638
f 12641 12643 12638
f 12638 12640 12635
f 12632 12619 12604
f 12604 12605 12601
f 8969 9036 9029
f 12540 12543 12541
f 12578 12218 12577
f 12218 12217 12577
f 12523 12525 12524
f 12525 12607 12524
f 9152 9188 9153
f 9297 9293 2219
f 13371 13369 13370
f 13370 13307 13208
f 13208 13206 13185
f 13185 13186 13158
f 1707 1937 2012
f 1989 1937 1894
f 13151 13137 13139
f 13139 13137 13136
f 13134 13131 13133
f 1998 1997 2022
f 2128 2254 2153
f 2562 2565 2529
f 2529 2481 2490
f 6403 6401 6402
f 6402 6343 6342
f 5854 5851 5858
f 5854 5858 5859
f 6342 6343 6298
f 6298 5935 5934
f 6271 7412 7415
f 5934 5935 5883
f 5845 5844 5854
f 6068 6253 6084
f 6502 6503 6521
f 12834 12835 12833
f 12835 12681 12833
f 12681 12673 12677
f 12677 12673 12669
f 12640 12636 12635
f 12636 12619 12632
f 12604 12619 12605
f 12605 12611 12598
f 12601 12605 12598
f 12600 12545 12593
f 12545 12543 12593
f 9068 9036 9060
f 12534 12533 12535
f 12277 12590 12535
f 9068 9079 9111
f 9079 9106 9111
f 12217 12079 12577
f 12577 12079 12579
f 12078 12183 12518
f 12518 12183 12519
f 12521 12523 12524
f 12530 12321 12531
f 12531 12321 12810
f 9297 9280 9293
f 13371 13263 13369
f 2194 2123 2219
f 13307 13206 13208
f 13206 13186 13185
f 1988 1934 1942
f 11864 11866 11862
f 1942 1944 2009
f 8790 8788 8814
f 2128 2130 2254
f 6403 2741 6401
f 2471 2455 2456
f 5858 5851 5867
f 6402 6423 6343
f 5854 5844 5851
f 5890 5982 5949
f 5882 5890 5887
f 6053 6081 6049
f 6049 6048 6050
f 6554 13545 13391
f 6552 6554 6553
f 6551 6552 6553
f 12681 12685 12673
f 8913 8912 8915
f 12669 12670 12641
f 8915 8951 8963
f 12533 12536 12535
f 12536 12277 12535
f 12277 12488 12590
f 9068 9060 9079
f 12585 12440 12584
f 12519 12521 12520
f 9134 9136 9153
f 12607 12271 12606
f 12271 12270 12606
f 12606 12270 12456
f 12321 12847 12810
f 12847 12846 12810
f 12846 12848 12823
f 12823 12848 12828
f 12828 12942 12829
f 12829 13262 13263
f 13370 13369 13307
f 1955 1934 1988
f 13137 13143 13134
f 13133 11868 11867
f 1999 1995 1998
f 1997 2014 2016
f 2019 2017 2016
f 2016 2017 2018
f 2018 2029 2124
f 2126 2030 2128
f 2130 8788 2254
f 6401 6400 6402
f 6402 6400 6423
f 6343 6438 6298
f 5844 5848 5851
f 5935 5896 5883
f 5896 5880 5883
f 5883 5880 5882
f 5845 5821 5844
f 6253 5842 5845
f 6048 6054 6050
f 6050 6054 6068
f 6081 6039 6049
f 8831 8834 8833
f 8834 8835 8833
f 8833 8835 8842
f 13545 13390 13391
f 13390 12838 12839
f 13391 13390 12839
f 12839 12838 12837
f 12837 12836 12834
f 8911 8912 8913
f 12641 12670 12643
f 8963 8951 8969
f 12488 12440 12585
f 12590 12488 12585
f 12440 12218 12584
f 12264 12526 12525
f 12523 12264 12525
f 12525 12526 12607
f 12526 12271 12607
f 12942 13262 12829
f 9293 2234 2219
f 13263 13262 13369
f 2219 2234 2194
f 2027 2026 1707
f 1937 1708 1894
f 13151 13157 13137
f 1955 1894 1934
f 1994 2005 1999
f 1998 1995 1997
f 2017 1991 2018
f 2124 2029 2126
f 2126 2029 2030
f 8788 9679 3546
f 2128 2030 2130
f 2565 2535 2529
f 2529 2480 2481
f 2481 2480 2455
f 2481 2455 2471
f 2455 2453 2456
f 2456 2453 2512
f 2512 2514 2552
f 5842 5821 5845
f 6068 5842 6253
f 6039 6046 6049
f 6049 6046 6048
f 12838 12836 12837
f 12619 12611 12605
f 12688 12613 12600
f 12600 12613 12545
f 12545 12542 12543
f 12543 12542 12541
f 983 984 985
f 986 983 985
f 12530 12316 12321
f 12846 12948 12848
f 1937 1707 1708
f 13133 13131 13132
f 13133 13132 11868
f 1944 1943 1994
f 2016 2014 2019
f 6343 6423 6438
f 2453 2514 2512
f 6298 6297 5935
f 5882 5881 5890
f 6230 6195 6142
f 6142 6195 6081
f 8842 8835 8911
f 12834 12836 12835
f 12835 12842 12681
f 12681 12842 12685
f 12669 12671 12670
f 12671 12672 12670
f 12643 12670 12714
f 12643 12714 12640
f 12714 12713 12640
f 12640 12713 12636
f 12619 12624 12611
f 339 328 349
f 12538 12532 12534
f 12533 12276 12536
f 12079 12078 12579
f 9106 9133 9136
f 12519 12181 12521
f 9136 9150 9153
f 9153 9150 9152
f 12530 12456 12316
f 9188 9152 9210
f 12321 12317 12847
f 12846 12847 12948
f 9223 9230 9280
f 12848 12942 12828
f 12942 13256 13262
f 13206 13038 13186
f 2026 1709 1707
f 13186 13187 13158
f 1708 1720 1894
f 1894 1893 1934
f 13134 13143 13131
f 1934 1864 1942
f 1942 1865 1944
f 1999 2005 1995
f 1997 1996 2014
f 2018 1991 2029
f 2030 2131 2130
f 2131 8787 8788
f 2130 2131 8788
f 6438 6297 6298
f 6297 5968 5935
f 6068 6065 5841
f 6068 5841 5842
f 6054 6065 6068
f 6552 6555 6554
f 12673 12671 12669
f 12670 12672 12714
f 12713 12623 12636
f 12636 12623 12619
f 12619 12623 12624
f 8969 9028 9036
f 12541 12542 12538
f 12538 12542 12532
f 12532 12533 12534
f 12488 12487 12440
f 12441 12439 12440
f 12440 12439 12218
f 12218 12057 12217
f 12217 12076 12079
f 12183 12181 12519
f 12521 12265 12523
f 12270 12306 12456
f 12316 12317 12321
f 13262 13256 13369
f 2194 2134 2123
f 13307 13207 13206
f 2123 2134 1709
f 2123 1709 2026
f 1709 1701 1707
f 13168 13157 13151
f 13158 13168 13151
f 11866 11870 11877
f 1934 1893 1864
f 11868 11869 11864
f 1991 1953 2029
f 2529 2535 2480
f 5820 5822 5826
f 5842 5813 5821
f 8835 8910 8911
f 8911 8910 8912
f 12842 12676 12685
f 12685 12676 12673
f 8915 8914 8951
f 12611 12690 12688
f 8969 8970 9028
f 12688 12689 12613
f 12487 12441 12440
f 12218 12439 12057
f 12079 12076 12078
f 12078 12074 12183
f 12526 12269 12271
f 12269 12270 12271
f 12306 12316 12456
f 9210 9208 9223
f 9280 9230 9293
f 2233 2234 9293
f 13256 13207 13369
f 2233 2189 2194
f 2234 2233 2194
f 13369 13207 13307
f 2194 2189 2134
f 13186 13038 13187
f 1707 1701 1708
f 13143 13129 13131
f 11864 11869 11866
f 1944 1865 1943
f 1943 1863 1994
f 1995 1996 1997
f 2019 2014 2015
f 8786 9676 8787
f 2131 8786 8787
f 2030 1954 2131
f 6065 6108 5841
f 915 8834 8831
f 8914 8950 8951
f 8951 8950 8969
f 12611 12691 12690
f 12690 12689 12688
f 12689 12805 12613
f 12545 12274 12542
f 12533 12168 12276
f 12536 12276 12277
f 12277 12487 12488
f 12057 12055 12217
f 12217 12055 12076
f 12181 12265 12521
f 12523 12265 12264
f 12264 12178 12526
f 12178 12269 12526
f 9152 9208 9210
f 11869 11870 11866
f 2005 1932 1995
f 2029 1953 1954
f 2029 1954 2030
f 8786 9675 9676
f 7412 6302 7390
f 7412 7390 7413
f 5982 6114 6210
f 2514 2557 2552
f 13390 13392 12838
f 8835 8836 8910
f 12836 12840 12835
f 12673 12676 12675
f 12673 12675 12674
f 12673 12674 12671
f 8912 8914 8915
f 12672 12625 12714
f 12623 12622 12624
f 12622 12691 12624
f 12624 12691 12611
f 12613 12274 12545
f 9028 9037 9036
f 9036 9037 9060
f 12439 12058 12057
f 12076 12074 12078
f 9136 9133 9150
f 12306 12303 12316
f 9208 9230 9223
f 12848 12945 12942
f 12945 12944 13256
f 12942 12945 13256
f 13256 13040 13207
f 1894 1720 1893
f 11868 11916 11869
f 1942 1864 1865
f 1995 1930 1996
f 2014 2013 2015
f 2019 1951 2017
f 2017 1951 1952
f 1991 1950 1953
f 8786 9677 9675
f 2741 2731 6401
f 5935 5968 5896
f 5842 5841 5813
f 5880 5881 5882
f 2552 2557 6230
f 2557 6195 6230
f 6046 6047 6048
f 6048 6047 6054
f 8834 8836 8835
f 12836 12838 12840
f 12840 12841 12835
f 12671 12674 12672
f 12625 12712 12714
f 12714 12712 12713
f 12712 12568 12713
f 12713 12568 12623
f 12274 12275 12542
f 12542 12275 12532
f 12532 12168 12533
f 12168 12163 12276
f 12277 12205 12487
f 12487 12056 12441
f 12183 12074 12181
f 12181 12176 12265
f 12265 12176 12264
f 12264 12177 12178
f 12269 12249 12270
f 12847 12317 13070
f 12847 13070 12948
f 9230 9285 9293
f 12944 13040 13256
f 1708 1706 1720
f 13157 13161 13137
f 1720 1718 1719
f 13145 13143 13137
f 1893 1853 1864
f 13131 13130 13132
f 13132 11917 11868
f 11868 11917 11916
f 1943 1865 1876
f 1994 1863 1931
f 1994 1931 2005
f 2005 1931 1932
f 1932 1930 1995
f 1996 2013 2014
f 2017 1952 1991
f 1953 1936 1954
f 1954 2240 2131
f 2131 2240 8786
f 2535 2485 2480
f 2480 2485 2478
f 2478 2454 2455
f 2480 2478 2455
f 6297 5969 5968
f 5890 5984 5982
f 6081 6037 6039
f 915 8838 8834
f 8834 8837 8836
f 13545 13392 13390
f 13392 12844 12838
f 12838 12844 12840
f 12835 12841 12842
f 12623 12621 12622
f 8950 8970 8969
f 12169 12168 12532
f 12276 12204 12277
f 12277 12204 12205
f 12048 12058 12439
f 12057 12054 12055
f 12176 12177 12264
f 12270 12303 12306
f 9293 9285 2233
f 13207 13038 13206
f 13187 13168 13158
f 1701 1706 1708
f 1706 1718 1720
f 13137 13161 13145
f 1720 1719 1893
f 1865 1860 1876
f 1876 1863 1943
f 2015 1951 2019
f 1936 2240 1954
f 2455 2454 2453
f 6423 6421 6438
f 5881 5942 5890
f 5890 5942 5984
f 5984 6114 5982
f 6503 6520 6521
f 8910 8909 8912
f 8912 8909 8914
f 12623 12568 12621
f 12275 12169 12532
f 12163 12204 12276
f 9060 9078 9079
f 12056 12048 12441
f 12441 12048 12439
f 9079 9078 9102
f 9079 9102 9106
f 12074 12180 12181
f 12178 12249 12269
f 12249 12303 12270
f 12316 12315 12317
f 12317 12315 12318
f 13070 12947 12948
f 13040 13037 13207
f 2134 2135 1709
f 11870 11875 11885
f 1893 1719 1853
f 11869 11871 11870
f 11916 11871 11869
f 13132 13130 11917
f 1952 1950 1991
f 2240 8785 8786
f 6401 6399 6400
f 2453 2454 2452
f 6400 6421 6423
f 5896 5895 5880
f 5841 5840 5813
f 6108 5840 5841
f 6039 6038 6046
f 915 916 8838
f 6554 6557 13545
f 13392 13014 12844
f 12844 13014 12859
f 12859 12858 12840
f 12844 12859 12840
f 12676 12684 12675
f 12675 12683 12674
f 12683 12686 12674
f 12562 12625 12672
f 12712 12573 12568
f 12568 12569 12621
f 12569 12570 12621
f 12621 12570 12622
f 12570 12447 12691
f 12622 12570 12691
f 12691 12445 12690
f 12689 12353 12805
f 12805 12352 12613
f 12613 12352 12274
f 12275 12274 12165
f 12275 12165 12169
f 9037 9038 9060
f 12487 12205 12056
f 9060 9038 9078
f 12058 12048 12046
f 12058 12046 12057
f 12057 12046 12054
f 12055 12074 12076
f 12948 12947 12848
f 12848 12947 12945
f 13207 13037 13038
f 13131 13129 13130
f 1864 1860 1865
f 1931 1928 1932
f 1932 1928 1930
f 1953 1933 1936
f 2240 8784 8785
f 1936 2237 2240
f 6400 6398 6421
f 6421 6437 6438
f 6438 6437 6297
f 6114 6308 6302
f 5968 5969 5896
f 5880 5878 5881
f 6195 6141 6081
f 6081 6141 6037
f 6037 6038 6039
f 6047 6065 6054
f 6552 6556 6555
f 12858 12856 12841
f 12675 12684 12683
f 12674 12562 12672
f 12625 12573 12712
f 12691 12447 12445
f 12445 12353 12690
f 12690 12353 12689
f 12353 12352 12805
f 12168 12164 12163
f 12205 12050 12056
f 12050 12049 12056
f 12056 12049 12048
f 9102 9104 9106
f 9106 9104 9133
f 12074 12182 12180
f 12317 12318 13070
f 13070 12318 13067
f 13070 13067 12947
f 9230 9270 9285
f 12944 13033 13040
f 2189 2135 2134
f 11917 11915 11916
f 1864 1853 1860
f 1996 1929 2013
f 1951 1950 1952
f 1953 1921 1933
f 1933 1935 1936
f 1936 1935 1990
f 1936 1990 2237
f 2237 8783 2240
f 2731 6399 6401
f 2451 2508 2453
f 5812 5809 5814
f 2453 2508 2514
f 5895 5879 5880
f 5880 5879 5878
f 13545 13494 13392
f 8836 8840 8910
f 12856 12843 12841
f 12841 12843 12842
f 8909 8917 8914
f 12686 12592 12674
f 12353 12351 12352
f 12274 12203 12165
f 12074 12075 12182
f 12181 12179 12176
f 12177 12175 12178
f 12303 12315 12316
f 2233 9285 2213
f 2233 2213 2189
f 13038 13037 13036
f 13038 13039 13187
f 2135 1684 1709
f 1709 1684 1701
f 13187 13169 13168
f 1719 1721 1853
f 1876 1860 1859
f 1930 1929 1996
f 2015 2013 1929
f 2015 1929 1951
f 1951 1889 1950
f 1950 1889 1920
f 1950 1921 1953
f 5840 5807 5813
f 6065 6085 6108
f 6046 6045 6047
f 6047 6045 6065
f 8834 8838 8837
f 6557 13494 13545
f 13014 12857 12859
f 12842 12843 12676
f 12592 12562 12674
f 8914 8917 8950
f 12352 12203 12274
f 12168 12169 12167
f 12168 12167 12164
f 12204 12155 12205
f 12205 12155 12050
f 12048 12047 12046
f 9150 9151 9152
f 9152 9151 9208
f 9208 9231 9230
f 13033 13037 13040
f 2189 2150 2135
f 13036 13039 13038
f 1718 1697 1719
f 13143 13145 13129
f 11916 11915 11871
f 1853 1721 1860
f 1876 1859 1863
f 1863 1862 1931
f 1928 1927 1930
f 2616 2612 2651
f 2478 2450 2454
f 2454 2450 2452
f 2452 2451 2453
f 5969 5895 5896
f 6065 6045 6085
f 6085 5840 6108
f 13392 13494 13014
f 12859 12857 12858
f 12858 12857 12856
f 12684 12666 12683
f 12666 12618 12683
f 12683 12618 12686
f 12618 12592 12686
f 12562 12574 12625
f 12568 12567 12569
f 12569 12448 12570
f 12445 12351 12353
f 12165 12167 12169
f 12163 12155 12204
f 12180 12179 12181
f 9104 9131 9133
f 9133 9131 9150
f 12178 12185 12249
f 9151 9209 9208
f 1701 1692 1706
f 1706 1692 1697
f 1706 1697 1718
f 1719 1697 1698
f 13130 11919 11917
f 1721 1821 1860
f 1860 1821 1840
f 1860 1840 1859
f 1950 1920 1921
f 2565 2567 2535
f 2745 6405 2731
f 2731 6405 6399
f 6302 7389 7390
f 6114 6112 6308
f 5942 6112 5984
f 5984 6112 6114
f 895 916 685
f 8837 8840 8836
f 13494 13013 13014
f 13014 13013 12857
f 8910 8840 8909
f 12676 12854 12684
f 12625 12574 12573
f 12573 12571 12568
f 12568 12571 12567
f 12567 12448 12569
f 12351 12349 12352
f 12352 12349 12203
f 12155 12153 12050
f 12050 12045 12049
f 12054 12053 12055
f 12055 12073 12074
f 12177 12176 12175
f 9208 9209 9231
f 12947 12943 12945
f 12943 12944 12945
f 9231 9270 9230
f 2213 2150 2189
f 13157 13162 13161
f 1719 1698 1721
f 13129 13126 13130
f 13130 13156 11919
f 1863 1859 1862
f 1862 1890 1931
f 1927 1929 1930
f 1929 1889 1951
f 1990 8779 2237
f 8779 8782 8783
f 2237 8779 8783
f 6398 6422 6421
f 6421 6422 6437
f 6437 6306 6297
f 6297 6306 5969
f 2514 2508 2557
f 2557 2556 6195
f 6046 6038 6045
f 916 895 8838
f 8837 8843 8840
f 6519 6559 6556
f 12843 12854 12676
f 8917 8949 8950
f 12447 12446 12445
f 9028 9038 9037
f 9038 9077 9078
f 12054 12052 12053
f 12303 12305 12315
f 9285 9270 9291
f 9285 2207 2213
f 13033 13034 13037
f 2213 2207 2150
f 13037 13034 13036
f 2135 1702 1684
f 13187 13039 13169
f 1701 1684 1692
f 13168 13169 13157
f 11917 11919 11915
f 1931 1890 1928
f 1928 1890 1927
f 1929 1927 1888
f 1929 1888 1889
f 6405 6397 6399
f 6399 6397 6398
f 6557 13515 13494
f 12857 12855 12856
f 12856 12855 12843
f 12614 12666 12684
f 12592 12560 12562
f 8949 8970 8950
f 12351 12345 12349
f 8970 9003 9028
f 12349 12202 12203
f 12153 12045 12050
f 12049 12047 12048
f 9078 9077 9102
f 12055 12053 12073
f 12073 12075 12074
f 12249 12248 12303
f 12305 12309 12315
f 12318 12319 12878
f 12318 12878 13067
f 9285 9291 2207
f 2150 1702 2135
f 11871 11876 11875
f 1862 1861 1890
f 5878 5876 5881
f 5881 5876 5942
f 8851 8838 895
f 8838 8843 8837
f 6556 6559 6560
f 6556 6560 6557
f 6557 6560 13515
f 8840 8908 8909
f 12666 12617 12618
f 8909 8908 8917
f 12573 12574 12571
f 12448 12446 12447
f 12570 12448 12447
f 12446 12355 12445
f 12445 12355 12351
f 12350 12345 12351
f 12203 12202 12165
f 12165 12166 12167
f 12167 12166 12164
f 12163 12161 12155
f 12161 12154 12155
f 12039 12054 12046
f 9131 9151 9150
f 11875 1081 1083
f 11915 11914 11871
f 13130 13126 13156
f 1859 1840 1809
f 1889 1888 1887
f 1921 1856 1933
f 1933 1856 1935
f 1935 1992 1990
f 1990 1992 8779
f 6397 6396 6398
f 2452 2450 2451
f 6398 6396 6422
f 6422 6306 6437
f 6112 6113 6308
f 5895 5885 5879
f 5942 6113 6112
f 2508 2556 2557
f 5840 5833 5807
f 2556 6196 6195
f 6195 6196 6141
f 6038 6044 6045
f 13515 13338 13494
f 13494 13338 13013
f 12855 12854 12843
f 12617 12591 12618
f 8949 8971 8970
f 12355 12350 12351
f 12349 12348 12202
f 12202 12201 12165
f 12165 12201 12166
f 12049 12043 12047
f 12047 12038 12046
f 12179 12172 12176
f 12176 12172 12175
f 12178 12175 12185
f 12303 12248 12305
f 13067 12943 12947
f 1684 1672 1692
f 1698 1699 1721
f 1721 1699 1700
f 1721 1739 1821
f 1821 1831 1840
f 1859 1861 1862
f 1890 1884 1927
f 1927 1884 1888
f 1891 1892 1920
f 1920 1892 1921
f 1921 1892 1856
f 1935 1941 1992
f 2535 2530 2485
f 2745 2744 6405
f 5969 5970 5895
f 5895 5921 5885
f 6045 6086 6085
f 6085 6086 5840
f 881 8851 895
f 13013 12862 12857
f 8840 8907 8908
f 6519 6518 6466
f 6519 6466 6559
f 12857 12860 12855
f 12560 12559 12562
f 12562 12559 12574
f 12567 12485 12448
f 8970 8971 9003
f 12038 12039 12046
f 9077 9103 9102
f 9151 9156 9209
f 13033 13031 13034
f 13039 13170 13169
f 1692 1693 1697
f 1821 1739 1831
f 1889 1887 1891
f 1889 1891 1920
f 1856 1941 1935
f 8779 8778 8782
f 5970 5921 5895
f 5942 5947 6113
f 6044 6061 6045
f 6560 13337 13515
f 13515 13337 13338
f 6559 6468 6560
f 12862 12860 12857
f 12614 12617 12666
f 12591 12560 12592
f 12618 12591 12592
f 12164 12161 12163
f 9003 9039 9038
f 12043 12038 12047
f 12039 12052 12054
f 9102 9103 9104
f 12180 12171 12179
f 12175 12174 12185
f 12309 12319 12318
f 12315 12309 12318
f 1702 1694 1684
f 13157 13169 13162
f 1888 1884 1885
f 1888 1885 1887
f 1992 8776 8779
f 8779 8776 8778
f 2450 2448 2449
f 2450 2449 2451
f 2451 2507 2508
f 6306 5970 5969
f 5876 5947 5942
f 6045 6061 6086
f 6086 5833 5840
f 8851 8844 8838
f 8838 8844 8843
f 6560 6561 13337
f 6466 6468 6559
f 12571 12514 12567
f 12485 12486 12448
f 12448 12486 12446
f 12446 12486 12355
f 9028 9003 9038
f 12166 12162 12164
f 12164 12162 12161
f 12155 12154 12153
f 9038 9039 9077
f 12045 12043 12049
f 12075 12137 12182
f 12182 12137 12180
f 12137 12171 12180
f 12179 12171 12172
f 9104 9105 9131
f 12185 12248 12249
f 9131 9154 9151
f 13034 13035 13036
f 2150 1694 1702
f 1672 1671 1692
f 1692 1671 1693
f 13162 13163 13161
f 13161 13163 13145
f 1697 1687 1698
f 11876 11882 1081
f 11919 11918 11915
f 11915 11918 11914
f 1700 1739 1721
f 1840 1808 1809
f 1861 1834 1890
f 1887 1886 1891
f 6396 6424 6422
f 6113 6291 6308
f 8843 8845 8907
f 12860 12615 12855
f 12855 12615 12854
f 8908 8916 8917
f 12559 12575 12574
f 8917 8916 8949
f 12575 12572 12571
f 12574 12575 12571
f 12571 12572 12514
f 12355 12354 12350
f 12345 12348 12349
f 12073 12077 12075
f 12172 12173 12174
f 12172 12174 12175
f 9151 9154 9156
f 13067 12878 12943
f 9209 9219 9231
f 9270 9290 9291
f 9291 9290 2207
f 2207 2206 2150
f 2150 2143 1694
f 1694 1677 1684
f 1684 1677 1672
f 1693 1687 1697
f 13129 13128 13126
f 1831 1808 1840
f 1890 1834 1884
f 1941 2034 1992
f 2478 2448 2450
f 5808 5777 5781
f 5885 5877 5879
f 5879 5877 5878
f 8845 8902 8907
f 6468 6465 6562
f 6468 6562 6561
f 6561 6562 13337
f 13337 13326 13338
f 13338 13326 13013
f 13013 13326 12862
f 12075 12077 12137
f 9103 9105 9104
f 12137 12136 12171
f 12171 12136 12170
f 12171 12170 12172
f 12943 12946 12944
f 9231 9219 9270
f 9270 9269 9290
f 13033 13032 13031
f 2206 2143 2150
f 13145 13149 13129
f 1884 1836 1885
f 1885 1886 1887
f 1891 1855 1892
f 8776 8775 8778
f 2034 8776 1992
f 5947 6111 6113
f 8844 8845 8843
f 6467 13581 6562
f 13581 13328 6562
f 6562 13328 13337
f 13337 13328 13326
f 12862 13022 12860
f 12860 13022 12615
f 8902 8916 8908
f 12615 12612 12614
f 12614 12443 12617
f 12559 12558 12575
f 12348 12199 12202
f 12172 12170 12173
f 12309 12320 12319
f 9219 9269 9270
f 9290 2206 2207
f 11914 11883 11876
f 13126 11941 13156
f 11918 11883 11914
f 13156 11941 11919
f 1809 1833 1859
f 1859 1833 1861
f 1892 1855 1856
f 6467 6470 13347
f 6467 13347 13348
f 6467 13348 13581
f 6464 6471 6469
f 13581 13348 13328
f 13348 13327 13328
f 13328 13327 13326
f 12862 13352 12993
f 12862 12993 13022
f 8907 8902 8908
f 13022 12662 12615
f 12615 12661 12612
f 12575 12515 12572
f 12572 12515 12514
f 12486 12481 12355
f 12481 12483 12355
f 12354 12346 12350
f 12154 12152 12153
f 12319 12320 12878
f 12878 13065 12943
f 9209 9156 9201
f 13145 13163 13149
f 11919 11941 11918
f 1884 1834 1836
f 1856 1922 1941
f 1941 1922 2034
f 2451 2449 2507
f 6306 5976 5970
f 6113 6111 6291
f 5876 5953 5947
f 5947 5953 6111
f 2508 2545 2556
f 6037 6036 6038
f 6038 6043 6044
f 6470 6472 6661
f 6470 6661 13347
f 13347 13344 13348
f 13344 13342 13348
f 13348 13342 13327
f 13326 12914 13352
f 13326 13352 12862
f 13022 12993 12662
f 12662 12661 12615
f 12612 12443 12614
f 8949 8916 8948
f 8949 8948 8971
f 12355 12483 12354
f 12350 12346 12345
f 8971 9004 9003
f 12345 12347 12348
f 12202 12199 12201
f 12052 12040 12053
f 9103 9077 9105
f 9105 9132 9131
f 9132 9154 9131
f 12248 12304 12305
f 12304 12309 12305
f 9209 9201 9219
f 12946 13009 12944
f 13031 13035 13034
f 13039 13035 13068
f 1687 1688 1698
f 1698 1688 1699
f 13149 13128 13129
f 11941 11923 11918
f 1831 1739 1808
f 1922 2087 2034
f 2034 2087 8776
f 6422 6436 6306
f 6306 6436 5976
f 5878 5877 5876
f 6196 6165 6141
f 6661 13345 13347
f 13347 13345 13344
f 13327 12915 13326
f 12915 13325 13326
f 13326 13325 12914
f 12612 12661 12442
f 12612 12442 12443
f 12575 12558 12515
f 12485 12480 12486
f 12486 12480 12481
f 12348 12347 12199
f 12199 12196 12201
f 12201 12200 12166
f 12166 12200 12162
f 12161 12159 12154
f 12153 12152 12045
f 12038 12036 12039
f 12039 12036 12052
f 12053 12040 12073
f 9132 9157 9154
f 12246 12304 12248
f 12878 12879 13065
f 13065 13064 12943
f 13039 13068 13170
f 1672 1677 1667
f 1672 1667 1671
f 1693 1671 1687
f 1833 1834 1861
f 1885 1858 1886
f 1886 1858 1857
f 1886 1857 1891
f 1855 1839 1856
f 1839 1922 1856
f 2087 8777 8776
f 2530 2482 2485
f 2485 2482 2478
f 6404 6394 6397
f 6405 6404 6397
f 6397 6394 6396
f 6424 6436 6422
f 5921 5897 5885
f 5885 5897 5877
f 2556 6201 6196
f 6196 6201 6165
f 956 8851 881
f 8851 956 8844
f 8844 8846 8845
f 6472 6660 6661
f 6661 6660 13345
f 13345 13343 13344
f 13344 13343 13342
f 8845 8846 8902
f 13342 12915 13327
f 12993 12494 12662
f 12662 12494 12661
f 8902 8918 8916
f 12560 12557 12559
f 12515 12513 12514
f 12514 12482 12485
f 12354 12483 12346
f 12201 12196 12200
f 12162 12159 12161
f 9077 9039 9076
f 12036 12040 12052
f 12040 12080 12073
f 12073 12080 12077
f 12077 12088 12137
f 12137 12088 12136
f 12170 12112 12173
f 12173 12247 12174
f 12247 12185 12174
f 12944 13009 13033
f 9290 2205 2206
f 13169 13170 13162
f 11918 11920 11883
f 1885 1836 1858
f 1857 1855 1891
f 6291 7385 7389
f 2508 2507 2545
f 2545 2555 2556
f 683 880 881
f 13565 13346 13345
f 6472 6655 6660
f 13345 13346 13343
f 13342 13343 12915
f 12993 12956 12494
f 12494 12428 12661
f 12513 12482 12514
f 12485 12482 12480
f 12043 12037 12038
f 12038 12037 12036
f 9076 9105 9077
f 12080 12184 12077
f 12136 12112 12170
f 12112 12113 12173
f 12878 12876 12879
f 12943 13064 12946
f 9219 9218 9269
f 2206 2205 2143
f 13036 13035 13039
f 1694 1682 1677
f 11883 11884 11882
f 1808 1747 1809
f 1833 1807 1834
f 1922 2086 2087
f 2087 8780 8777
f 12915 12912 12914
f 13325 12915 12914
f 12661 12428 12442
f 12443 12616 12617
f 12617 12616 12591
f 12591 12561 12560
f 8948 8972 8971
f 12200 12158 12162
f 12045 12044 12043
f 12184 12088 12077
f 12113 12250 12173
f 12173 12250 12247
f 9154 9157 9155
f 9154 9155 9156
f 12320 12872 12878
f 12878 12872 12876
f 9201 9218 9219
f 11941 13126 13127
f 11920 11921 11883
f 1739 1712 1808
f 1809 1806 1833
f 1836 1835 1858
f 1857 1820 1855
f 1855 1820 1839
f 2087 2086 8780
f 2611 2603 2649
f 5970 5976 5921
f 956 8847 8844
f 8847 8846 8844
f 6660 13565 13345
f 13346 13376 13343
f 12914 12908 13352
f 13352 12908 12993
f 12993 12908 12956
f 8902 8903 8918
f 8916 8918 8948
f 12347 12327 12199
f 9002 9024 9004
f 12199 12198 12196
f 9004 9024 9003
f 9003 9024 9040
f 9003 9040 9039
f 12159 12160 12154
f 9039 9040 9076
f 9114 9132 9105
f 12185 12246 12248
f 12304 12308 12309
f 12309 12312 12320
f 9156 9155 9201
f 13009 13032 13033
f 1699 1696 1700
f 1700 1712 1739
f 1712 1747 1808
f 1833 1806 1807
f 1834 1807 1836
f 1836 1807 1835
f 1835 1838 1858
f 1858 1838 1857
f 1839 1819 1922
f 1922 1819 2086
f 13343 13376 13377
f 12915 12913 12912
f 12914 12912 12908
f 12560 12561 12557
f 8972 8973 8971
f 12484 12346 12483
f 8971 9002 9004
f 12346 12344 12345
f 12160 12152 12154
f 12312 12872 12320
f 12879 12968 13065
f 13065 12968 13064
f 1677 1676 1667
f 13170 13165 13162
f 1687 1670 1688
f 1688 1689 1699
f 11941 13127 11923
f 1700 1696 1712
f 2482 2447 2478
f 2478 2447 2448
f 6111 6286 6291
f 2555 6201 2556
f 6061 6106 6086
f 6086 6106 5833
f 13346 13417 13376
f 13376 13407 13377
f 13377 13407 12913
f 12442 12430 12443
f 12443 12430 12616
f 12591 12616 12561
f 12557 12556 12558
f 12365 12344 12346
f 8971 8973 9002
f 12327 12198 12199
f 12162 12158 12159
f 12152 12044 12045
f 12080 12087 12184
f 12136 12094 12112
f 12247 12246 12185
f 1671 1670 1687
f 1699 1689 1696
f 1809 1747 1806
f 1835 1837 1838
f 1838 1820 1857
f 2448 2446 2449
f 2449 2446 2507
f 6286 7409 7385
f 6291 6286 7385
f 6141 6073 6037
f 6037 6073 6036
f 6043 6035 6044
f 6044 6035 6061
f 13376 13417 13223
f 13376 13223 13407
f 13407 13223 13224
f 13407 12909 12913
f 12913 12909 12912
f 12912 12909 12908
f 12428 12427 12442
f 12558 12512 12515
f 12481 12479 12483
f 12483 12479 12484
f 12044 12042 12043
f 12043 12042 12037
f 12033 12035 12036
f 12037 12033 12036
f 12036 12035 12040
f 9076 9113 9105
f 9132 9114 9157
f 12309 12308 12312
f 12876 12875 12879
f 9155 9196 9201
f 13064 13009 12946
f 1667 1669 1671
f 13162 13164 13163
f 13149 13146 13128
f 1712 1742 1747
f 1839 1820 1819
f 2530 2531 2482
f 6404 6395 6394
f 6394 6378 6396
f 6396 6378 6424
f 6436 6348 5976
f 6111 6110 6286
f 5976 5900 5921
f 5877 5875 5876
f 5876 5943 5953
f 6106 5834 5833
f 6165 6073 6141
f 6036 6033 6038
f 6038 6033 6043
f 13565 13498 13346
f 13346 13498 13417
f 6655 6653 6660
f 12956 12495 12494
f 12495 12426 12494
f 12561 12865 12557
f 12558 12556 12512
f 12480 12479 12481
f 12035 12032 12040
f 12040 12032 12034
f 12184 12087 12088
f 9105 9113 9114
f 12113 12096 12250
f 12250 12243 12247
f 2143 1682 1694
f 13170 13069 13165
f 13128 13124 13126
f 1819 1956 2088
f 1819 2088 2086
f 2086 2088 8781
f 7384 7382 7383
f 6424 6348 6436
f 5875 5874 5876
f 5876 5874 5943
f 12907 12906 12908
f 12909 12907 12908
f 12426 12427 12428
f 12494 12426 12428
f 8918 8947 8948
f 12515 12512 12513
f 12513 12478 12482
f 12478 12475 12482
f 12482 12475 12480
f 12480 12475 12479
f 12484 12365 12346
f 12195 12158 12200
f 12152 12151 12044
f 12040 12034 12080
f 12247 12244 12246
f 978 976 979
f 12875 12968 12879
f 1677 1682 1676
f 13162 13165 13164
f 13163 13164 13149
f 13146 13124 13128
f 11920 11922 11921
f 1806 1754 1807
f 1820 1797 1819
f 2448 2447 2446
f 6378 6426 6424
f 6424 6426 6348
f 5921 5900 5897
f 5953 5943 6111
f 5833 5834 5806
f 8846 8896 8902
f 12908 12906 12956
f 12616 12430 12630
f 12616 12630 12659
f 12616 12659 12561
f 12512 12511 12513
f 12513 12511 12478
f 12196 12195 12200
f 12150 12151 12152
f 9040 9041 9046
f 9040 9046 9076
f 9076 9074 9113
f 12087 12084 12088
f 12088 12084 12136
f 12094 12096 12112
f 12112 12096 12113
f 12096 12243 12250
f 9157 9114 9155
f 12246 12307 12304
f 978 977 976
f 1667 1676 1668
f 1671 1669 1670
f 13124 13125 13126
f 1689 1695 1696
f 1747 1740 1806
f 1807 1789 1835
f 1835 1789 1837
f 1838 1792 1820
f 2759 6417 2761
f 2446 2506 2507
f 5943 6110 6111
f 6043 6033 6035
f 13565 13576 13498
f 8902 8896 8903
f 8903 8904 8918
f 12659 12656 12561
f 12561 12656 12865
f 12865 12656 12557
f 12656 12655 12557
f 12556 12553 12512
f 12345 12343 12347
f 12159 12156 12160
f 12044 12151 12024
f 12044 12024 12042
f 12042 12041 12037
f 12037 12041 12033
f 12084 12094 12136
f 12968 13023 13064
f 9218 9274 9269
f 9290 9274 2205
f 2205 2183 2143
f 13068 13069 13170
f 1667 1668 1669
f 13164 13146 13149
f 1688 1670 1685
f 1688 1685 1689
f 13126 13125 13127
f 11923 11924 11920
f 1689 1685 1695
f 1696 1695 1710
f 1696 1710 1712
f 1712 1710 1742
f 1747 1741 1740
f 1806 1740 1754
f 1807 1754 1787
f 1807 1787 1789
f 1838 1790 1792
f 1820 1792 1797
f 1956 2103 2088
f 809 887 880
f 13417 13418 13223
f 12655 12554 12557
f 12557 12554 12556
f 12556 12554 12553
f 12344 12343 12345
f 12343 12327 12347
f 12198 12194 12196
f 9040 9024 9041
f 9046 9074 9076
f 12243 12244 12247
f 12304 12307 12308
f 13009 13064 13032
f 9269 9274 9290
f 2143 2183 1682
f 11921 11922 11884
f 13125 11925 13127
f 11923 11925 11924
f 1837 1789 1790
f 1790 1838 1837
f 1797 1796 1819
f 1819 1796 1956
f 5897 5875 5877
f 1012 8848 8847
f 8847 8848 8846
f 12907 12905 12906
f 275 260 259
f 12442 12427 12430
f 12659 12658 12656
f 12658 12655 12656
f 8918 8919 8947
f 8948 8947 8972
f 12158 12156 12159
f 12160 12150 12152
f 12034 12087 12080
f 9126 9155 9114
f 12246 12245 12307
f 12308 12299 12312
f 13035 13030 13068
f 11922 11886 11884
f 13127 11925 11923
f 1742 1741 1747
f 2103 8789 2088
f 2088 8789 8781
f 5773 5774 5775
f 5943 5985 6110
f 8846 8848 8896
f 13223 13222 13224
f 12906 12495 12956
f 8904 8919 8918
f 12427 12429 12430
f 12430 12429 12630
f 12479 12489 12484
f 12196 12194 12195
f 12195 12193 12158
f 12158 12157 12156
f 12094 12095 12096
f 9116 9126 9114
f 12244 12245 12246
f 12872 12875 12876
f 9196 9220 9201
f 9201 9220 9218
f 13064 13023 13032
f 13032 13029 13031
f 13031 13030 13035
f 1789 1788 1790
f 1795 1797 1792
f 1795 1796 1797
f 1956 1796 2103
f 2663 2753 2664
f 2664 2662 2663
f 6286 6309 7409
f 6110 6132 6286
f 6132 6309 6286
f 5897 5900 5875
f 5985 6132 6110
f 6165 6176 6073
f 13224 12905 12907
f 12906 12904 12495
f 12489 12364 12484
f 12484 12364 12365
f 12365 12364 12344
f 12035 12031 12032
f 12032 12029 12034
f 9074 9115 9113
f 12087 12082 12084
f 9115 9116 9114
f 9113 9115 9114
f 9155 9163 9196
f 9218 9220 9274
f 2223 2183 2205
f 1669 1623 1670
f 11924 11929 11922
f 1710 1711 1742
f 1787 1788 1789
f 6395 6375 6394
f 6394 6375 6378
f 5976 5974 5900
f 5875 5872 5874
f 13576 13499 13498
f 13498 13499 13418
f 13498 13418 13417
f 13224 13222 12905
f 12905 12904 12906
f 12553 12510 12512
f 12344 12342 12343
f 12158 12193 12157
f 12024 12023 12042
f 12087 12086 12082
f 12084 12083 12094
f 12875 12967 12968
f 12967 13023 12968
f 11922 11929 11886
f 1685 1686 1695
f 1742 1711 1723
f 1742 1723 1741
f 1740 1750 1754
f 1754 1752 1787
f 1792 1785 1795
f 5834 5804 5806
f 13418 13221 13223
f 13223 13221 13222
f 8848 8895 8896
f 8896 8904 8903
f 12364 12342 12344
f 12042 12023 12041
f 12033 12031 12035
f 12082 12083 12084
f 12096 12095 12243
f 12307 12299 12308
f 977 974 976
f 9126 9163 9155
f 6811 7207 7189
f 9220 9273 9274
f 9274 9292 2205
f 2205 9292 2223
f 1676 1682 1674
f 1676 1674 1668
f 1670 1623 1685
f 13125 11948 11925
f 1695 1690 1710
f 1710 1690 1711
f 1723 1740 1741
f 1754 1750 1752
f 1788 1791 1790
f 8789 3434 8781
f 6375 6377 6378
f 6378 6377 6426
f 5874 5871 5943
f 6201 6176 6165
f 8848 8849 8895
f 8904 8925 8919
f 12429 12451 12630
f 12630 12451 12659
f 8919 8925 8953
f 12658 12651 12655
f 8919 8953 8947
f 12651 12555 12655
f 12655 12555 12554
f 12554 12555 12552
f 12554 12552 12553
f 12512 12510 12511
f 8972 8974 8973
f 12475 12472 12479
f 12343 12328 12327
f 12031 12029 12032
f 12034 12086 12087
f 13023 13029 13032
f 13029 13030 13031
f 2183 1683 1682
f 13030 13069 13068
f 1669 1668 1623
f 13124 13123 13125
f 11925 11926 11924
f 11924 11926 11929
f 11925 11948 11927
f 1787 1752 1753
f 1790 1791 1792
f 1791 1786 1792
f 1792 1786 1785
f 1795 1784 1796
f 8789 8796 3434
f 2531 2483 2482
f 2482 2483 2447
f 6348 6347 5974
f 6348 5974 5976
f 5900 5872 5875
f 6035 6062 6061
f 8895 8904 8896
f 12451 12660 12659
f 12553 12552 12510
f 12342 12328 12343
f 12194 12193 12195
f 12150 12145 12151
f 12145 12024 12151
f 12041 12023 12033
f 12243 12241 12244
f 12244 12241 12245
f 12245 12241 12239
f 12875 12874 12967
f 9274 9273 9292
f 1682 1683 1674
f 13069 13180 13165
f 11886 1067 1069
f 11926 11936 11929
f 11936 1067 11929
f 1685 1621 1686
f 1740 1723 1738
f 1740 1738 1750
f 1753 1788 1787
f 8796 3691 3434
f 1796 1784 1812
f 2103 8796 8789
f 6120 6295 6132
f 6132 6295 6309
f 5834 5839 5804
f 6061 6092 6106
f 6106 6092 5834
f 6033 6031 6035
f 1012 1013 8848
f 13565 6659 13576
f 12427 12426 12420
f 12659 12660 12658
f 12511 12476 12478
f 12479 12490 12489
f 8974 8975 8973
f 8973 8975 9002
f 12095 12242 12243
f 12242 12241 12243
f 12872 12874 12875
f 12967 12966 13023
f 13125 13123 11948
f 1686 1690 1695
f 1752 1750 1751
f 1752 1751 1753
f 1796 2079 2103
f 2103 2079 8796
f 6426 6347 6348
f 5985 6120 6132
f 13222 12903 12905
f 12905 12903 12904
f 12427 12424 12429
f 12429 12424 12451
f 8947 8953 8972
f 12511 12510 12508
f 12490 12364 12489
f 12327 12197 12198
f 8975 9024 9002
f 12198 12197 12194
f 9024 9023 9042
f 9042 9041 9024
f 9046 9045 9074
f 974 975 976
f 12966 13025 13023
f 13023 13025 13029
f 13165 13180 13164
f 1623 1621 1685
f 13124 13121 13123
f 1785 1784 1795
f 1812 2079 1796
f 11797 2531 11813
f 5943 5983 5985
f 2545 2550 2555
f 2555 2550 6201
f 6035 6031 6062
f 8848 1013 8849
f 6653 6659 6660
f 12436 12422 12426
f 12495 12436 12426
f 12511 12508 12476
f 12328 12326 12327
f 9041 9042 9046
f 12031 12030 12027
f 12031 12027 12029
f 12029 12028 12034
f 12034 12028 12086
f 12083 12093 12094
f 12094 12093 12095
f 12312 12873 12872
f 12872 12873 12874
f 9196 9215 9220
f 9292 2224 2223
f 11936 1066 1067
f 1750 1749 1751
f 2700 2666 2667
f 2666 2613 2662
f 2483 2484 2447
f 5974 5903 5900
f 5900 5903 5872
f 5872 5871 5874
f 5985 5983 6120
f 6092 5839 5834
f 13221 13211 13222
f 13222 13211 12903
f 12903 12890 12904
f 12904 12890 12436
f 12904 12436 12495
f 12478 12476 12473
f 12478 12473 12475
f 12475 12473 12472
f 12364 12431 12342
f 8975 9023 9024
f 12197 12192 12194
f 12194 12192 12193
f 12156 12148 12160
f 12160 12148 12150
f 12024 12017 12023
f 12299 12310 12312
f 9220 9235 9273
f 13029 13025 13028
f 13029 13028 13030
f 2223 2224 2183
f 1674 1630 1668
f 1668 1630 1623
f 1723 1737 1738
f 1750 1738 1749
f 1753 1763 1788
f 1791 1788 1763
f 2079 8797 8796
f 2700 2613 2666
f 6395 6393 6375
f 5839 5802 5804
f 2550 6181 6201
f 6201 6181 6176
f 6062 6079 6092
f 887 912 1013
f 12426 12422 12420
f 12427 12420 12424
f 12660 12650 12658
f 8953 8974 8972
f 12510 12509 12508
f 12364 12490 12431
f 12341 12328 12342
f 9042 9045 9046
f 12033 12020 12030
f 12033 12030 12031
f 12086 12081 12082
f 9116 9125 9126
f 9126 9125 9163
f 12296 12310 12299
f 2183 2195 1683
f 1691 1675 1683
f 1623 1630 1622
f 1623 1622 1621
f 11948 11928 11927
f 11927 11928 11926
f 1686 1621 1690
f 1791 1763 1786
f 2484 2443 2447
f 2447 2443 2446
f 6347 6317 5974
f 6295 7392 7409
f 5903 5904 5872
f 5871 5944 5943
f 5943 5944 5983
f 2507 2506 2545
f 2545 2506 2550
f 12658 12650 12651
f 12651 12551 12555
f 12479 12472 12490
f 12326 12197 12327
f 12148 12149 12150
f 12150 12149 12145
f 12023 12020 12033
f 12027 12028 12029
f 9115 9120 9116
f 12082 12081 12083
f 12245 12239 12307
f 12310 12313 12312
f 12312 12313 12873
f 9220 9215 9235
f 13025 13027 13028
f 2195 1691 1683
f 13030 13041 13069
f 1674 1675 1630
f 11926 11930 11936
f 1640 1723 1711
f 1751 1764 1753
f 2759 6393 6417
f 912 8850 1013
f 8895 8901 8904
f 8901 8925 8904
f 12420 12423 12424
f 8925 8952 8953
f 12555 12551 12552
f 8953 8952 8974
f 12431 12341 12342
f 12145 12017 12024
f 12239 12299 12307
f 12966 13024 13025
f 1683 1675 1674
f 13180 13166 13164
f 13164 13166 13146
f 13146 13166 13147
f 11926 11928 11930
f 1738 1748 1749
f 6426 6377 6347
f 6317 5975 5974
f 5975 5933 5974
f 5974 5933 5903
f 6092 6079 5839
f 6036 6032 6033
f 6659 13573 13576
f 13573 13500 13499
f 13576 13573 13499
f 6653 6651 6659
f 12424 12423 12451
f 12552 12509 12510
f 12192 12189 12193
f 12193 12189 12157
f 12017 12020 12023
f 9116 9120 9125
f 12873 12877 12874
f 2224 2195 2183
f 13146 13147 13148
f 13146 13148 13124
f 13124 13148 13121
f 11936 11935 1066
f 1621 1640 1690
f 1690 1640 1711
f 1725 1737 1723
f 1753 1764 1762
f 1753 1762 1763
f 1763 1761 1786
f 1786 1761 1785
f 1785 1760 1784
f 1784 1772 1812
f 2759 2760 6393
f 5933 5904 5903
f 5839 5832 5802
f 1013 8850 8849
f 13499 13500 13418
f 974 972 975
f 9125 9164 9163
f 12877 12965 12967
f 12874 12877 12967
f 12967 12965 12966
f 13024 13026 13025
f 11930 11935 11936
f 1640 1722 1723
f 1751 1749 1767
f 1763 1762 1761
f 1784 1760 1772
f 2700 2699 2613
f 6120 6119 6295
f 6079 6098 5839
f 6176 6181 6041
f 6176 6041 6073
f 6073 6041 6036
f 12890 12889 12436
f 12552 12550 12509
f 12086 12072 12081
f 9196 9197 9215
f 13028 13041 13030
f 1723 1722 1725
f 1761 1760 1785
f 1812 1772 2079
f 11797 2488 2531
f 2531 2488 2483
f 6375 6376 6377
f 2506 2541 2550
f 2541 6279 2550
f 2550 6279 6181
f 6098 5832 5839
f 8895 8900 8901
f 12892 12888 12890
f 12903 12892 12890
f 12890 12888 12889
f 12422 12419 12420
f 12451 12421 12660
f 12551 12550 12552
f 12465 12471 12472
f 12472 12471 12490
f 12490 12471 12431
f 12431 12339 12341
f 12341 12339 12328
f 12156 12147 12148
f 9045 9081 9074
f 12093 12083 12092
f 12093 12092 12095
f 12242 12232 12241
f 12241 12237 12239
f 1675 1673 1630
f 1621 1622 1618
f 11948 13123 11928
f 1621 1620 1640
f 1737 1748 1738
f 1751 1767 1764
f 2079 8798 8797
f 2699 2614 2613
f 6377 6433 6347
f 6347 6433 6317
f 6295 7399 7392
f 12903 13211 12892
f 8925 8929 8952
f 12473 12465 12472
f 8974 8968 8975
f 12326 12263 12197
f 12263 12191 12197
f 12192 12188 12189
f 12189 12188 12157
f 12157 12147 12156
f 12149 12142 12145
f 12028 12072 12086
f 12095 12232 12242
f 12241 12232 12237
f 12239 12298 12299
f 9163 9197 9196
f 9273 2235 9292
f 2195 1681 1691
f 11935 1063 1066
f 1621 1618 1620
f 8798 8800 8797
f 2443 2445 2446
f 2446 2445 2506
f 5975 5924 5933
f 5933 5924 5922
f 5933 5922 5904
f 5904 5869 5872
f 5872 5869 5871
f 6062 6031 6079
f 6033 6032 6031
f 8849 8889 8895
f 6651 6657 6659
f 12436 12419 12422
f 8901 8900 8929
f 8901 8929 8925
f 8952 8968 8974
f 12197 12191 12192
f 12188 12147 12157
f 12017 12015 12020
f 9115 9119 9120
f 12092 12097 12095
f 12299 12298 12296
f 12965 12964 12966
f 13027 13042 13028
f 13028 13042 13041
f 1691 1681 1675
f 1673 1629 1630
f 1725 1726 1737
f 1737 1726 1748
f 1748 1767 1749
f 1772 2038 2079
f 2079 2038 8798
f 2483 2488 2484
f 5832 5801 5802
f 8849 8882 8889
f 13500 13419 13418
f 8895 8889 8900
f 12423 12421 12451
f 12192 12191 12188
f 9023 9022 9042
f 12148 12142 12149
f 12142 12144 12145
f 9042 9044 9045
f 12020 12015 12030
f 12015 11999 12030
f 9045 9044 9081
f 12030 11998 12027
f 12095 12097 12232
f 12239 12238 12298
f 9125 9165 9164
f 9163 9164 9197
f 12966 12964 13024
f 13041 13179 13180
f 13069 13041 13180
f 1622 1628 1618
f 11928 11947 11931
f 1620 1722 1640
f 1761 1759 1760
f 2488 2443 2484
f 6393 6379 6375
f 6375 6379 6376
f 6376 6433 6377
f 6031 6067 6079
f 6079 6067 6098
f 912 911 8850
f 8850 8882 8849
f 12436 12418 12419
f 12420 12417 12423
f 12423 12417 12421
f 12473 12464 12465
f 8968 8976 8975
f 12325 12263 12326
f 8975 9022 9023
f 12027 11998 12026
f 12027 12026 12028
f 12028 12026 12072
f 12072 12070 12081
f 12081 12085 12083
f 12239 12237 12238
f 13025 13026 13027
f 1629 1628 1622
f 1630 1629 1622
f 11797 2569 2488
f 5904 5922 5869
f 5869 5870 5871
f 5871 5870 5944
f 5944 5948 5983
f 5948 6119 6120
f 5983 5948 6120
f 911 8852 8850
f 13573 13449 13500
f 13500 13449 13419
f 12884 12418 12436
f 12889 12884 12436
f 12419 12417 12420
f 12421 12648 12660
f 12660 12648 12650
f 12650 12649 12651
f 12328 12325 12326
f 11999 11998 12030
f 9074 9081 9115
f 9115 9081 9119
f 9235 9272 9273
f 9292 2235 2224
f 11935 11911 1063
f 13123 13118 11928
f 1762 1759 1761
f 1772 1771 2038
f 2699 2697 2614
f 2445 2509 2506
f 5944 5870 5948
f 6041 6032 6036
f 13573 13574 13449
f 13419 13220 13418
f 13418 13220 13221
f 12888 12884 12889
f 12476 12474 12473
f 12473 12474 12464
f 8975 8976 9022
f 12148 12141 12142
f 12145 12144 12017
f 12085 12092 12083
f 12873 12313 12877
f 13179 13166 13180
f 13121 13119 13123
f 11930 11933 11935
f 1760 1758 1772
f 1772 1758 1771
f 2760 2706 6393
f 6295 6303 7403
f 6295 7403 7399
f 6119 6303 6295
f 13573 6657 13574
f 12417 12415 12421
f 12651 12649 12551
f 12471 12462 12431
f 12015 12014 11999
f 12072 12026 12070
f 9215 9236 9235
f 9235 9236 9272
f 9273 9272 2235
f 11935 11933 11911
f 1618 1619 1620
f 1619 1722 1620
f 1725 1724 1726
f 1764 1759 1762
f 5975 6293 5924
f 6098 6096 5832
f 8850 8852 8882
f 12418 12414 12419
f 12419 12414 12417
f 8894 8926 8929
f 8900 8894 8929
f 12650 12648 12649
f 12508 12477 12476
f 12476 12477 12474
f 12431 12444 12339
f 12328 12329 12325
f 12237 12236 12238
f 13119 13118 13123
f 1619 1724 1722
f 1722 1724 1725
f 1764 1767 1766
f 1759 1758 1760
f 8801 3894 3510
f 2038 2132 8798
f 2132 8802 8798
f 2697 2677 2614
f 2706 2709 6393
f 6379 6380 6376
f 6119 6275 6303
f 6096 6236 5832
f 8852 8881 8882
f 8882 8881 8889
f 6651 6649 6657
f 8929 8926 8952
f 12509 12507 12508
f 12465 12462 12471
f 12462 12444 12431
f 12339 12329 12328
f 12188 12146 12147
f 9042 9043 9044
f 12015 12013 12014
f 12311 12313 12310
f 12964 12963 13024
f 13024 13056 13026
f 13027 13055 13042
f 2224 2235 2195
f 1681 1678 1675
f 11947 11932 11931
f 11932 11933 11930
f 11931 11932 11930
f 1764 1756 1759
f 6376 6432 6433
f 6433 6336 6317
f 6317 6336 6293
f 6317 6293 5975
f 2509 2518 2506
f 2506 2518 2541
f 6031 6030 6067
f 6067 6096 6098
f 13449 13220 13419
f 13221 13220 13211
f 8881 8894 8889
f 13211 13209 12892
f 12649 12549 12551
f 12551 12549 12550
f 12147 12141 12148
f 11998 11974 12026
f 12081 12070 12068
f 12081 12068 12085
f 12097 12233 12232
f 12233 12236 12232
f 12232 12236 12237
f 9120 9124 9125
f 12296 12311 12310
f 12313 12962 12877
f 12877 12962 12965
f 1675 1678 1673
f 1759 1756 1758
f 5832 5828 5801
f 13220 13212 13211
f 12884 12804 12418
f 12804 12416 12418
f 8926 8955 8952
f 12549 12516 12550
f 12550 12516 12509
f 12508 12506 12477
f 12465 12464 12462
f 8968 8977 8976
f 12263 12325 12209
f 12263 12209 12191
f 12147 12146 12141
f 12144 12016 12017
f 12017 12016 12015
f 11974 11995 12026
f 12085 12066 12092
f 9165 9168 9164
f 12965 12962 12964
f 13024 12963 13056
f 13026 13056 13027
f 2235 2200 2195
f 13042 13043 13041
f 13041 13043 13179
f 1673 1631 1629
f 1629 1631 1628
f 1748 1769 1767
f 1767 1768 1766
f 1764 1766 1765
f 3894 3509 3510
f 2709 6389 6393
f 5922 5923 5869
f 5869 5923 5873
f 5869 5873 5870
f 12418 12416 12414
f 12415 12408 12421
f 12421 12408 12648
f 8952 8955 8968
f 12516 12507 12509
f 12507 12506 12508
f 9042 9022 9043
f 12016 12013 12015
f 11970 11974 11998
f 11995 12070 12026
f 12066 12065 12092
f 12092 12065 12097
f 9125 9124 9165
f 9165 9166 9168
f 9164 9168 9197
f 13042 13044 13043
f 13147 13120 13148
f 1628 1632 1616
f 1628 1616 1618
f 13120 13119 13121
f 1618 1617 1619
f 11928 13118 11947
f 1756 1757 1758
f 1758 1770 1771
f 1771 1770 1993
f 1771 1993 2038
f 2038 1993 2132
f 6379 6389 6380
f 5870 5894 5948
f 5801 5828 5799
f 2541 2542 6289
f 2541 6289 6279
f 6181 6040 6041
f 13212 13209 13211
f 12417 12414 12415
f 8955 8962 8968
f 8962 8977 8968
f 12097 12098 12233
f 13056 13054 13027
f 13027 13054 13055
f 2195 2200 1681
f 1631 1632 1628
f 13148 13120 13121
f 1616 1617 1618
f 1724 1727 1726
f 1726 1755 1748
f 1755 1769 1748
f 1769 1768 1767
f 1764 1765 1756
f 1758 1757 1770
f 6433 6432 6336
f 6279 6180 6181
f 6181 6180 6040
f 913 8853 8852
f 911 913 8852
f 8853 8880 8852
f 12444 12438 12339
f 12146 12139 12141
f 11999 11970 11998
f 9119 9081 9118
f 9119 9118 9121
f 9119 9121 9120
f 12065 12098 12097
f 9124 9166 9165
f 12964 12962 12963
f 13042 13055 13044
f 13166 13150 13147
f 1059 1072 1061
f 1619 1617 1626
f 1626 1724 1619
f 1727 1755 1726
f 2443 2444 2445
f 6293 6292 5924
f 6030 6066 6067
f 6067 6066 6096
f 6032 6029 6031
f 8852 8880 8881
f 6657 13575 13574
f 13574 13575 13449
f 12462 12438 12444
f 12209 12206 12191
f 12141 12140 12142
f 12238 12297 12298
f 12298 12297 12296
f 12311 12314 12313
f 1678 1631 1673
f 11933 11912 11911
f 2488 2489 2443
f 2445 2457 2509
f 6292 5966 5924
f 5924 5923 5922
f 5873 5884 5870
f 5870 5884 5894
f 6041 6040 6032
f 6031 6029 6030
f 12892 12887 12888
f 12888 12887 12885
f 12888 12885 12884
f 12884 12885 12804
f 12649 12653 12549
f 7050 7048 7096
f 12188 12190 12146
f 12190 12139 12146
f 12142 12140 12144
f 12240 12297 12238
f 9215 9216 9236
f 9236 9271 9272
f 13147 13150 13120
f 13118 13117 11947
f 11947 13117 11932
f 6336 6292 6293
f 5966 5923 5924
f 6032 6040 6029
f 13220 13213 13212
f 13209 12893 12892
f 12892 12893 12887
f 12414 12407 12415
f 12407 12408 12415
f 12648 12647 12649
f 12653 12620 12549
f 12549 12547 12516
f 12516 12547 12507
f 12507 12505 12506
f 12477 12466 12474
f 12474 12466 12464
f 8977 8978 8976
f 12191 12190 12188
f 11999 12014 11970
f 9044 9080 9081
f 12068 12066 12085
f 9120 9121 9124
f 9168 9198 9197
f 9215 9198 9216
f 9272 9271 2235
f 13166 13179 13178
f 13119 13116 13118
f 1626 1728 1724
f 1724 1728 1727
f 6380 6381 6376
f 2444 2457 2445
f 6376 6381 6432
f 2518 2542 2541
f 6649 6658 6657
f 12549 12620 12547
f 12505 12504 12506
f 12506 12504 12477
f 12438 12336 12339
f 12339 12336 12329
f 12191 12206 12190
f 12141 12139 12138
f 12141 12138 12140
f 9081 9080 9118
f 12236 12235 12238
f 12238 12235 12240
f 12313 12314 12962
f 9197 9198 9215
f 1631 1633 1632
f 13118 13116 13117
f 1617 1627 1626
f 1626 1627 1728
f 1756 1774 1757
f 2677 2587 2636
f 6096 6097 6236
f 13575 13450 13449
f 13449 13450 13220
f 12416 12406 12414
f 12406 12407 12414
f 12408 12647 12648
f 12649 12647 12653
f 11995 12069 12070
f 12070 12069 12068
f 12233 12234 12236
f 12296 12293 12311
f 2235 2236 2200
f 13045 13179 13043
f 1631 1678 1646
f 13117 11934 11932
f 11932 11934 11933
f 11933 11934 11912
f 1625 1627 1617
f 1766 1779 1765
f 1765 1779 1756
f 5884 5893 5894
f 8880 8878 8881
f 6657 6658 13450
f 6657 13450 13575
f 13213 13210 13212
f 13212 13210 13209
f 12804 12406 12416
f 12407 12405 12408
f 8894 8922 8926
f 12547 12505 12507
f 9022 9012 9043
f 12140 12143 12144
f 12013 11971 12014
f 9044 9048 9080
f 12296 12291 12293
f 13056 13057 13054
f 13178 13150 13166
f 1727 1735 1755
f 1756 1779 1774
f 2500 2489 2488
f 6303 7402 7403
f 5799 5787 5783
f 5923 5889 5873
f 5894 5946 5948
f 5946 6116 6119
f 5948 5946 6119
f 6119 6116 6275
f 6066 6097 6096
f 8853 8878 8880
f 13450 13213 13220
f 8894 8890 8922
f 12504 12468 12477
f 12477 12468 12466
f 12464 12463 12462
f 8976 9012 9022
f 12144 12143 12016
f 12098 12099 12233
f 12297 12291 12296
f 12314 12960 12962
f 12963 13057 13056
f 9271 2236 2235
f 13044 13045 13043
f 1633 1634 1632
f 1632 1624 1616
f 1624 1617 1616
f 1729 1735 1727
f 1766 1780 1779
f 1770 1799 1993
f 1993 1799 2132
f 2489 2444 2443
f 5785 5784 5786
f 6066 6072 6097
f 6658 6634 13450
f 8878 8885 8881
f 6649 6634 6658
f 8881 8885 8894
f 12405 12410 12408
f 8926 8922 8955
f 12329 12330 12325
f 12190 12127 12139
f 9043 9047 9048
f 9043 9048 9044
f 11974 11973 11995
f 11995 11973 12069
f 12233 12099 12234
f 12963 12961 13057
f 1680 1679 1681
f 1681 1679 1678
f 1679 1646 1678
f 1631 1646 1633
f 13120 13115 13119
f 13119 13115 13116
f 1730 1729 1728
f 1769 1776 1768
f 1774 1773 1757
f 1757 1773 1770
f 1799 8803 2132
f 2132 8803 8802
f 5923 5928 5889
f 6279 6289 6180
f 6029 6028 6027
f 6029 6027 6030
f 6634 6633 13450
f 13450 13510 13213
f 6649 6648 6634
f 8885 8890 8894
f 12408 12410 12647
f 12647 12652 12653
f 8962 8961 8977
f 12464 12466 12463
f 12336 12334 12329
f 12209 12208 12206
f 12190 12187 12127
f 11971 11970 12014
f 12065 12099 12098
f 12236 12234 12235
f 9166 9167 9168
f 9236 9243 9271
f 2200 2198 1681
f 1681 2198 1680
f 1634 1624 1632
f 13120 13150 13115
f 1627 1732 1728
f 1728 1729 1727
f 1776 1766 1768
f 2709 6415 6389
f 5894 5893 5946
f 13450 6633 13510
f 6648 6463 6634
f 6634 6463 6633
f 13510 13214 13213
f 13213 13214 13210
f 8955 8961 8962
f 12325 12330 12209
f 12209 12330 12208
f 12139 12126 12138
f 11970 11973 11974
f 9118 9080 9121
f 9124 9162 9166
f 12240 12291 12297
f 12962 12961 12963
f 1617 1624 1625
f 13116 13114 13117
f 1732 1730 1728
f 1779 1778 1774
f 1774 1778 1775
f 6389 6415 6388
f 6381 6431 6432
f 6432 6337 6336
f 6336 6337 6292
f 5966 5928 5923
f 6275 6312 6303
f 5873 5889 5884
f 6236 5829 5828
f 13210 12893 13209
f 12887 12886 12885
f 12885 12886 12804
f 7109 7046 7108
f 12329 12334 12330
f 8978 9012 8976
f 9043 9012 9047
f 12016 12019 12010
f 12016 12010 12013
f 11970 11972 11973
f 12069 12067 12068
f 12293 12314 12311
f 9168 9167 9198
f 12962 12960 12961
f 13054 13046 13055
f 13046 13044 13055
f 11937 11913 11912
f 1776 1780 1766
f 1774 1775 1773
f 2574 2573 2587
f 6303 6312 7402
f 2457 2510 2509
f 6030 6027 6066
f 6040 6028 6029
f 6463 6460 6632
f 6463 6632 6633
f 6633 6632 13510
f 6462 6459 6463
f 6648 6458 6462
f 12886 12803 12804
f 12803 12404 12406
f 12804 12803 12406
f 12462 12437 12438
f 12208 12207 12206
f 12206 12207 12190
f 12143 12019 12016
f 9162 9167 9166
f 2236 2198 2200
f 13116 13113 13114
f 11934 11937 11912
f 1770 1773 1799
f 2509 2510 2518
f 12406 12403 12407
f 12407 12403 12405
f 12410 12652 12647
f 12653 12434 12620
f 12620 12434 12547
f 12468 12467 12466
f 12466 12467 12463
f 8978 8979 9012
f 12013 12010 11971
f 9121 9123 9124
f 12314 12665 12960
f 13045 13178 13179
f 13115 13113 13116
f 1755 1746 1769
f 1780 1781 1779
f 1779 1781 1778
f 11760 11761 2568
f 6432 6431 6337
f 6337 6305 6292
f 6305 5967 6292
f 6292 5967 5966
f 6275 6274 6312
f 5884 5891 5893
f 2542 2558 6289
f 6460 6452 6631
f 6460 6631 6632
f 6632 6631 13535
f 6632 13535 13510
f 13510 13535 13214
f 12406 12404 12403
f 12547 12548 12505
f 12190 12207 12187
f 11972 11981 11973
f 11973 12071 12069
f 9123 9162 9124
f 12293 12302 12314
f 12302 12665 12314
f 12960 12959 12961
f 9216 9243 9236
f 9271 9277 2236
f 13044 13046 13045
f 13117 11938 11934
f 11934 11938 11937
f 1627 1731 1732
f 1732 1731 1730
f 1735 1736 1746
f 2500 2495 2489
f 8853 8877 8878
f 12893 12894 12891
f 12893 12891 12887
f 12887 12891 12886
f 12434 12548 12547
f 12548 12502 12505
f 12505 12502 12504
f 12463 12461 12462
f 12438 12337 12336
f 12336 12337 12334
f 12139 12127 12126
f 12126 12125 12138
f 9048 9082 9080
f 12069 12071 12067
f 12068 12067 12066
f 12066 12064 12065
f 12665 12959 12960
f 13054 13057 13058
f 13045 13046 13047
f 13045 13047 13178
f 1679 1661 1646
f 13178 13177 13150
f 1634 1638 1624
f 13117 13114 11938
f 1624 1639 1625
f 1731 1733 1730
f 1769 1746 1776
f 6380 6382 6381
f 6312 7406 7402
f 5966 5967 5928
f 5889 5891 5884
f 5891 5940 5893
f 5893 5940 5946
f 6116 6274 6275
f 6027 6072 6066
f 8878 8877 8885
f 12893 13210 12894
f 12886 12891 12803
f 12462 12461 12437
f 12438 12437 12337
f 11970 11971 11972
f 12065 12089 12099
f 12234 12228 12235
f 1633 1635 1634
f 1638 1639 1624
f 1625 1641 1627
f 1641 1731 1627
f 1775 1794 1793
f 1775 1793 1773
f 2489 2458 2444
f 2444 2458 2457
f 5787 5788 5786
f 5928 5898 5889
f 5799 5829 5798
f 6097 5829 6236
f 913 1048 8853
f 6453 6630 6452
f 6452 6630 6631
f 6631 6630 13535
f 6440 6453 6448
f 8890 8898 8922
f 8955 8954 8961
f 8961 8979 8977
f 12138 12125 12140
f 12064 12063 12065
f 12291 12290 12293
f 12961 13058 13057
f 13058 13051 13054
f 1646 1635 1633
f 11937 11939 1062
f 11937 1062 11913
f 1729 1736 1735
f 1778 1794 1775
f 6180 6042 6040
f 310 885 311
f 8853 1048 8877
f 6446 6629 6453
f 6453 6629 6630
f 12404 12402 12403
f 12403 12399 12405
f 12405 12409 12411
f 12405 12411 12410
f 8922 8954 8955
f 12653 12657 12434
f 12502 12503 12504
f 12503 12469 12468
f 12504 12503 12468
f 8977 8979 8978
f 9048 9056 9082
f 11973 11985 12071
f 9080 9122 9121
f 12067 12064 12066
f 12231 12228 12234
f 12235 12228 12229
f 12235 12229 12240
f 12240 12290 12291
f 971 970 674
f 13111 11938 13114
f 1625 1639 1641
f 1733 1734 1729
f 1730 1733 1729
f 1729 1734 1736
f 1799 2037 8803
f 6415 6414 6388
f 5967 5927 5928
f 5891 5892 5940
f 2518 2510 2542
f 6446 6447 6628
f 6446 6628 6629
f 8877 8883 8885
f 8885 8883 8890
f 12803 12402 12404
f 12399 12409 12405
f 12410 12411 12652
f 12652 12657 12653
f 12434 12435 12548
f 12548 12435 12502
f 12468 12469 12467
f 8979 9013 9012
f 12140 12116 12143
f 12065 12063 12089
f 12099 12231 12234
f 9277 2198 2236
f 13054 13051 13046
f 1680 1661 1679
f 1634 1636 1638
f 13115 13109 13113
f 11938 11939 11937
f 1776 1777 1780
f 1793 1798 1773
f 5898 5892 5889
f 5889 5892 5891
f 6289 2558 6179
f 6289 6179 6180
f 6028 6026 6027
f 6628 13536 6629
f 6629 13536 13535
f 13214 13215 13210
f 13210 13215 12894
f 12403 12402 12399
f 12330 12331 12208
f 12208 12331 12212
f 12127 12124 12126
f 9012 9013 9047
f 12143 12116 12019
f 9047 9056 9048
f 12019 12011 12010
f 12010 12011 11971
f 9121 9122 9123
f 12240 12229 12290
f 9162 9161 9167
f 9167 9161 9198
f 9198 9199 9216
f 13178 13047 13177
f 1635 1636 1634
f 13150 13122 13115
f 13122 13109 13115
f 13114 13113 13111
f 1776 1746 1777
f 1773 1798 1799
f 5928 5927 5898
f 12803 12808 12402
f 12334 12331 12330
f 12208 12212 12207
f 12187 12186 12127
f 12127 12186 12124
f 11981 11985 11973
f 9080 9117 9122
f 12290 12292 12293
f 12293 12292 12302
f 12302 12292 12301
f 12302 12301 12665
f 1661 1657 1646
f 1646 1637 1635
f 13177 13122 13150
f 13113 13109 13110
f 11938 11940 11939
f 1641 1704 1731
f 1777 1781 1780
f 1778 1781 1794
f 2495 2458 2489
f 6381 6430 6431
f 6180 6179 6042
f 13215 12895 12894
f 12895 12896 12891
f 12894 12895 12891
f 12891 12896 12803
f 12207 12186 12187
f 12125 12116 12140
f 11971 12011 11980
f 11980 11979 11972
f 11971 11980 11972
f 9082 9117 9080
f 12071 12061 12067
f 970 969 674
f 12665 12301 12664
f 12665 12664 12959
f 9161 9199 9198
f 12961 12959 13058
f 1646 1657 1637
f 11939 11942 1062
f 11940 11942 11939
f 13111 11943 11938
f 11938 11943 11940
f 11730 11762 11761
f 5787 5789 5788
f 6305 5927 5967
f 5940 5945 5946
f 5946 5945 6116
f 6040 6042 6028
f 930 903 1048
f 8883 8888 8890
f 12803 12896 12808
f 8890 8888 8898
f 12657 12433 12434
f 12434 12433 12435
f 12502 12501 12503
f 12207 12212 12186
f 11985 12061 12071
f 12099 12100 12231
f 13046 13051 13048
f 2198 1663 1680
f 1680 1663 1661
f 13113 13110 13111
f 11942 11902 1062
f 1639 1645 1641
f 1734 1743 1736
f 1736 1743 1746
f 1804 1803 1781
f 1781 1803 1794
f 1794 1805 1793
f 1799 1800 2037
f 2672 2673 2701
f 6431 6430 6337
f 5798 5789 5787
f 6274 6288 6312
f 5829 6130 5835
f 5829 5835 5798
f 6089 6130 6097
f 6097 6130 5829
f 6042 6026 6028
f 903 1051 1048
f 6628 6627 13536
f 13536 13534 13535
f 6447 6627 6628
f 12409 12412 12411
f 12411 12654 12652
f 12652 12654 12657
f 12435 12432 12502
f 12503 12500 12469
f 11972 11979 11981
f 12067 11997 12064
f 9123 9158 9162
f 12959 13062 13058
f 13046 13048 13047
f 1635 1637 1636
f 1062 11902 11901
f 1777 1782 1781
f 1794 1803 1805
f 6430 6321 6337
f 6337 6321 6305
f 5945 6099 6116
f 6116 6099 6274
f 1048 8879 8877
f 6627 13537 13536
f 13536 13537 13534
f 6447 6454 6627
f 13535 13534 13214
f 12501 12500 12503
f 8954 8960 8961
f 12126 12124 12125
f 12019 12018 12011
f 12061 11997 12067
f 12089 12100 12099
f 9158 9161 9162
f 1641 1645 1704
f 1731 1704 1733
f 1704 1734 1733
f 1746 1783 1777
f 1798 1800 1799
f 11808 2494 2495
f 6305 5929 5927
f 6312 6288 6350
f 5940 5902 5945
f 8879 8883 8877
f 8922 8924 8954
f 12435 12433 12432
f 12432 12501 12502
f 8954 8924 8960
f 12437 12338 12337
f 8979 8980 9013
f 12116 12018 12019
f 9056 9083 9082
f 11981 11984 11985
f 13058 13059 13051
f 2170 1663 2198
f 1638 1642 1639
f 1743 1783 1746
f 1782 1804 1781
f 1800 1972 2037
f 6415 2749 6414
f 2495 2494 2458
f 7387 7375 7370
f 5789 5790 5788
f 7406 6350 7400
f 5927 5929 5899
f 5927 5899 5898
f 2510 2543 2542
f 2542 2543 2558
f 5898 5899 5892
f 6179 6024 6042
f 1051 8879 1048
f 12895 12898 12896
f 12808 12400 12402
f 12402 12400 12399
f 12411 12412 12654
f 8922 8898 8924
f 12657 12565 12433
f 12469 12380 12467
f 12461 12338 12437
f 12337 12338 12334
f 12331 12214 12212
f 12212 12210 12186
f 12125 12117 12116
f 12011 12009 11980
f 12290 12229 12289
f 12290 12289 12292
f 13048 13049 13047
f 1638 1636 1642
f 11942 11897 11902
f 5892 5902 5940
f 6026 6021 6027
f 13215 12898 12895
f 12654 12565 12657
f 12500 12470 12469
f 12469 12470 12380
f 12467 12460 12463
f 8961 8980 8979
f 12186 12122 12124
f 9047 9049 9056
f 12018 12009 12011
f 11979 11984 11981
f 9082 9083 9117
f 12100 12230 12231
f 12231 12230 12228
f 13051 13049 13048
f 13111 11945 11943
f 1704 1743 1734
f 1805 1802 1793
f 1793 1802 1798
f 2457 2511 2510
f 5899 5901 5892
f 5892 5901 5902
f 6454 6626 6627
f 12898 12897 12896
f 12897 12807 12896
f 12896 12807 12808
f 8960 8980 8961
f 12467 12380 12460
f 12463 12460 12461
f 9013 8980 9050
f 9013 9049 9047
f 12124 12123 12117
f 12124 12117 12125
f 12117 12118 12116
f 11985 11984 11986
f 11997 12063 12064
f 9122 9127 9123
f 12227 12289 12229
f 2198 2199 2170
f 13110 11945 13111
f 11943 11944 11942
f 11942 11944 11897
f 1639 1644 1645
f 1743 1745 1783
f 1804 1816 1803
f 1816 1815 1803
f 1803 1814 1805
f 1798 1801 1800
f 6382 6383 6381
f 2459 2457 2458
f 6381 6383 6430
f 6627 6626 13537
f 8879 8884 8883
f 8883 8884 8888
f 12400 12397 12399
f 12397 12394 12399
f 12399 12394 12409
f 12212 12214 12210
f 12124 12122 12123
f 12116 12118 12018
f 9056 9069 9083
f 9123 9128 9158
f 13058 13062 13059
f 1661 1662 1660
f 1661 1660 1657
f 13047 13181 13177
f 13177 13176 13122
f 13107 13108 13109
f 11900 1087 11901
f 13109 13108 13110
f 11943 11945 11944
f 1645 1703 1704
f 1783 1810 1777
f 1777 1810 1782
f 1803 1815 1814
f 3765 8772 8771
f 8772 1972 8771
f 1800 1801 1972
f 2673 2730 2701
f 2457 2461 2511
f 6305 6321 5929
f 5798 5796 5789
f 2510 2511 2543
f 5835 5796 5798
f 6027 6071 6072
f 6042 6024 6026
f 6021 6034 6027
f 12808 12807 12400
f 8897 8920 8898
f 9050 9049 9013
f 9049 9069 9056
f 12230 12225 12228
f 12289 12286 12292
f 12292 12286 12301
f 12664 12958 12959
f 12959 13063 13062
f 9277 9275 2198
f 1663 1662 1661
f 1637 1643 1636
f 1090 1086 1088
f 13122 13107 13109
f 1704 1703 1743
f 1703 1744 1743
f 1743 1744 1745
f 1810 1818 1782
f 3151 3128 3236
f 1798 1802 1801
f 2494 2486 2458
f 2458 2486 2459
f 5929 5926 5899
f 2543 6294 2558
f 2558 6294 6179
f 13215 12985 12898
f 12898 12899 12897
f 12409 12398 12412
f 8898 8920 8923
f 8898 8923 8924
f 12565 12387 12433
f 12186 12210 12122
f 11985 11987 12061
f 12061 11987 11997
f 9117 9127 9122
f 9127 9128 9123
f 12228 12225 12229
f 12664 12663 12958
f 13059 13060 13051
f 1660 1656 1657
f 1644 1703 1645
f 1745 1810 1783
f 1818 1817 1804
f 1782 1818 1804
f 1816 1847 1815
f 1805 1814 1813
f 2459 2460 2457
f 6383 6429 6430
f 2457 2460 2461
f 6430 6429 6321
f 6288 6319 6350
f 6034 6071 6027
f 1015 9343 1051
f 13537 13538 13534
f 13534 13216 13214
f 13214 13216 13215
f 12394 12398 12409
f 12412 12398 12413
f 12412 12413 12654
f 12470 12450 12380
f 12461 12459 12338
f 12335 12333 12334
f 12338 12335 12334
f 12334 12333 12331
f 12332 12216 12331
f 12100 12089 12101
f 12100 12101 12230
f 12225 12227 12229
f 12286 12300 12301
f 12301 12300 12664
f 12959 12958 13063
f 9199 9200 9216
f 9275 2199 2198
f 13049 13050 13047
f 1656 1643 1637
f 1657 1656 1637
f 13181 13071 13177
f 13071 13176 13177
f 1643 1642 1636
f 1642 1644 1639
f 13110 13108 11945
f 1804 1817 1816
f 1847 1814 1815
f 1805 1813 1802
f 1972 8763 8771
f 6130 6129 5835
f 5902 5938 5945
f 5945 5938 6095
f 5945 6095 6099
f 6089 6129 6130
f 6071 6089 6072
f 12899 12900 12897
f 12897 12900 12807
f 8888 8897 8898
f 12387 12432 12433
f 12501 12499 12500
f 12500 12499 12470
f 12470 12499 12450
f 12331 12216 12214
f 11986 11987 11985
f 9117 9083 9127
f 9243 9275 9277
f 2170 1662 1663
f 2486 2467 2459
f 6321 6311 5929
f 6024 6021 6026
f 8879 8886 8884
f 12985 12899 12898
f 12654 12564 12565
f 12333 12332 12331
f 12214 12211 12210
f 11980 11975 11979
f 11997 11994 12063
f 12227 12226 12289
f 1125 1288 1289
f 11945 11946 11944
f 1810 1817 1818
f 1801 1873 1972
f 1972 1873 8763
f 2459 2467 2460
f 6089 6103 6129
f 6179 6177 6024
f 13538 6624 13534
f 13534 6624 13216
f 13216 13217 13215
f 13215 13217 12985
f 12400 12401 12397
f 12393 12389 12413
f 12398 12393 12413
f 12413 12564 12654
f 12565 12564 12387
f 8924 8923 8960
f 12009 12008 11980
f 12089 12107 12101
f 12101 12220 12230
f 12225 12226 12227
f 12289 12288 12286
f 9161 9158 9159
f 12300 12663 12664
f 9159 9200 9199
f 9161 9159 9199
f 13047 13050 13181
f 13122 13106 13107
f 1642 1648 1644
f 13108 13112 11945
f 13112 11946 11945
f 1644 1665 1703
f 1703 1811 1744
f 1810 1844 1817
f 1817 1866 1816
f 1866 1847 1816
f 1802 1813 1801
f 11809 2493 2494
f 6099 6095 6274
f 9343 8886 8879
f 6626 13538 13537
f 12501 12497 12499
f 12459 12335 12338
f 12122 12120 12123
f 12123 12120 12117
f 9083 9100 9127
f 12230 12220 12225
f 1643 1656 1650
f 13176 13106 13122
f 1648 1665 1644
f 11944 11946 11895
f 1665 1705 1703
f 1705 1811 1703
f 1811 1824 1744
f 1744 1824 1745
f 1814 1846 1813
f 2494 2493 2486
f 6388 6390 6382
f 6429 6311 6321
f 5902 5901 5938
f 6089 6071 6103
f 1015 767 9343
f 6454 6456 6626
f 12413 12389 12386
f 12413 12386 12564
f 12385 12497 12432
f 12432 12497 12501
f 12380 12458 12460
f 12460 12459 12461
f 12216 12211 12214
f 12210 12211 12122
f 9050 9051 9049
f 9049 9054 9069
f 12008 11975 11980
f 11997 11987 11994
f 11994 12062 12063
f 12063 12090 12089
f 12089 12090 12107
f 9127 9100 9128
f 9216 9217 9243
f 9275 9276 2199
f 1866 1854 1847
f 1847 1846 1814
f 1846 1832 1813
f 1813 1830 1801
f 1801 1830 1873
f 6414 6390 6388
f 6350 7405 7400
f 5926 5906 5899
f 6095 6258 6274
f 6274 6258 6288
f 6626 6625 13538
f 8888 8887 8897
f 12807 12425 12400
f 12398 12394 12393
f 12564 12386 12387
f 8980 9051 9050
f 9051 9054 9049
f 9069 9054 9083
f 11975 11978 11979
f 12220 12222 12225
f 9158 9142 9159
f 13063 13061 13062
f 1662 1659 1660
f 1660 1659 1656
f 1642 1647 1648
f 1824 1841 1745
f 1844 1845 1817
f 2673 2656 2730
f 2749 2751 6414
f 6414 2751 6390
f 5789 5792 5791
f 5906 5905 5899
f 5899 5905 5901
f 5938 6094 6095
f 6177 6131 6024
f 6024 6131 6025
f 8886 8887 8884
f 12900 12809 12807
f 12807 12809 12425
f 12386 12385 12387
f 12387 12385 12432
f 12497 12498 12499
f 12498 12449 12499
f 12499 12449 12450
f 12460 12458 12459
f 12117 12114 12118
f 9083 9054 9096
f 11979 11978 11984
f 11984 11982 11986
f 11986 11982 11987
f 12063 12062 12090
f 9128 9142 9158
f 9200 9217 9216
f 13062 13061 13059
f 13059 13061 13060
f 2199 2171 2170
f 13060 13052 13051
f 13051 13052 13049
f 13176 13175 13106
f 13107 13106 13104
f 13107 13104 13108
f 1705 1716 1811
f 1745 1841 1810
f 1841 1844 1810
f 1817 1869 1866
f 1847 1851 1846
f 6390 6384 6382
f 6382 6384 6383
f 6294 6245 6179
f 6179 6245 6177
f 6456 6625 6626
f 12985 12902 12899
f 12899 12901 12900
f 12401 12396 12397
f 12397 12396 12394
f 12386 12384 12385
f 8923 8981 8960
f 12459 12340 12335
f 12211 12132 12122
f 12118 12114 12018
f 9083 9096 9100
f 12107 12106 12101
f 9100 9141 9128
f 12300 12282 12663
f 13049 13053 13050
f 1652 1650 1656
f 13108 13104 13112
f 11946 11949 11895
f 13112 11949 11946
f 767 876 749
f 8886 8891 8887
f 12332 12356 12259
f 12332 12259 12216
f 8980 8982 9051
f 12122 12121 12120
f 12012 12009 12018
f 12090 12106 12107
f 9141 9142 9128
f 12289 12226 12288
f 13052 13053 13049
f 1662 2170 1714
f 13181 13050 13071
f 13071 13175 13176
f 1643 1647 1642
f 13104 11949 13112
f 1716 1822 1811
f 1873 1830 1872
f 1873 1872 8763
f 6383 6428 6429
f 6429 6428 6311
f 6311 5964 5929
f 6034 6070 6071
f 6024 6020 6021
f 9343 8892 8886
f 8886 8892 8891
f 12899 12902 12901
f 12900 12901 12809
f 12400 12425 12401
f 12389 12384 12386
f 8981 8982 8980
f 8960 8981 8980
f 12335 12340 12333
f 12132 12121 12122
f 12114 12012 12018
f 11987 11989 11994
f 9243 9217 9275
f 9276 2171 2199
f 1662 1714 1659
f 1822 1823 1811
f 1811 1823 1824
f 1851 1850 1846
f 1813 1832 1830
f 8761 1872 8759
f 6428 6310 6311
f 2461 2505 2511
f 6311 6310 5964
f 5929 5964 5926
f 6095 6094 6258
f 13538 6625 6624
f 12394 12396 12392
f 12394 12392 12393
f 12393 12392 12389
f 12458 12457 12459
f 12333 12356 12332
f 12259 12215 12216
f 12216 12215 12211
f 12211 12213 12132
f 12120 12114 12117
f 11978 11982 11984
f 11989 11993 11994
f 12101 12106 12220
f 12222 12224 12225
f 12225 12224 12226
f 12300 12286 12282
f 12958 13246 13063
f 13246 13061 13063
f 9275 9217 9276
f 1659 1655 1656
f 1656 1655 1652
f 1643 1649 1647
f 13106 13102 13104
f 1869 1867 1866
f 1847 1854 1851
f 1830 1832 1872
f 2460 2462 2461
f 6258 6264 6288
f 2511 2544 2543
f 2543 2544 6294
f 6070 6103 6071
f 6021 6018 6034
f 6034 6018 6070
f 6456 6461 6625
f 6625 6461 6622
f 6625 6622 6624
f 8897 8899 8920
f 12450 12449 12380
f 12380 12379 12458
f 12211 12215 12213
f 12106 12219 12220
f 13061 13247 13060
f 13060 13248 13052
f 2170 2140 1714
f 13052 13074 13053
f 1650 1649 1643
f 13071 13098 13175
f 11895 11950 11894
f 13104 11951 11949
f 11949 11951 11950
f 1665 1715 1716
f 1665 1716 1705
f 1832 1848 1872
f 2461 2462 2505
f 5938 5937 6094
f 767 745 9343
f 9343 745 8892
f 6461 6621 6622
f 6622 6620 6624
f 6624 13218 13216
f 13216 13218 13217
f 8887 8899 8897
f 8920 8956 8923
f 12449 12372 12380
f 12372 12379 12380
f 12459 12457 12340
f 12220 12219 12222
f 12222 12219 12221
f 2171 2140 2170
f 13098 13102 13175
f 13175 13102 13106
f 1647 1666 1648
f 1648 1666 1665
f 3059 3200 3199
f 1823 1841 1824
f 1817 1871 1869
f 3638 8760 3671
f 6428 6435 6310
f 2505 2544 2511
f 6129 6127 5835
f 5901 5911 5938
f 5938 5911 5937
f 6024 6025 6020
f 6622 6621 6620
f 13218 13219 13217
f 6461 6646 6621
f 6646 6644 6621
f 13217 12910 12985
f 12985 12910 12902
f 12457 12378 12340
f 12340 12378 12363
f 12340 12363 12333
f 11987 11988 11989
f 9096 9099 9100
f 9100 9097 9141
f 12222 12221 12224
f 12663 12996 12958
f 12958 12996 13246
f 13247 13248 13060
f 13050 13066 13071
f 1664 1666 1647
f 11950 11952 11894
f 11951 11952 11950
f 1716 1828 1822
f 1823 1826 1841
f 1841 1842 1844
f 1842 1845 1844
f 1867 1854 1866
f 1846 1848 1832
f 2493 2491 2486
f 2751 6416 6390
f 6021 6019 6018
f 6644 6619 6621
f 6621 6619 6620
f 12902 12910 12801
f 12902 12801 12901
f 12401 12667 12396
f 8899 8927 8920
f 12396 12667 12392
f 12392 12667 12563
f 12389 12392 12384
f 12385 12388 12497
f 12458 12379 12457
f 8982 8988 9051
f 12012 12007 12009
f 12009 12007 12008
f 12008 11976 11975
f 11975 11977 11978
f 11982 11983 11988
f 11982 11988 11987
f 13061 13246 13247
f 13102 13103 13104
f 1665 1666 1715
f 1817 1845 1871
f 1869 1871 1867
f 1854 1875 1851
f 1851 1875 1850
f 1846 1850 1849
f 1846 1849 1848
f 1849 1852 1848
f 1848 1852 1872
f 1872 1852 2311
f 1872 2311 8759
f 6020 6019 6021
f 8892 8893 8891
f 8891 8893 8887
f 6644 6640 6619
f 12809 12796 12425
f 12425 12668 12401
f 12668 12667 12401
f 12497 12496 12498
f 12498 12496 12449
f 12333 12363 12357
f 12356 12358 12259
f 12215 12267 12213
f 12132 12131 12121
f 9051 9052 9054
f 12120 12119 12114
f 11975 11976 11977
f 11994 11993 12062
f 12221 12223 12224
f 12288 12287 12286
f 9142 9160 9159
f 12663 13001 12996
f 9159 9160 9200
f 13248 13249 13052
f 1714 1713 1659
f 13074 13072 13053
f 13053 13066 13050
f 13102 13097 13103
f 11894 11892 11893
f 13103 13105 13104
f 13104 13105 11951
f 11951 13105 11952
f 1826 1842 1841
f 2751 2735 6416
f 2460 2463 2462
f 6383 6425 6428
f 6428 6425 6435
f 7405 7393 7376
f 6310 5965 5964
f 6127 5836 5835
f 5835 5836 5796
f 5905 5911 5901
f 6619 6618 6620
f 6620 6618 6623
f 6620 6623 6624
f 6624 6623 13218
f 12801 12796 12809
f 12901 12801 12809
f 12392 12383 12384
f 8920 8940 8956
f 12384 12382 12385
f 12385 12382 12388
f 12497 12388 12496
f 8923 8956 8981
f 12357 12358 12356
f 12333 12357 12356
f 12213 12267 12132
f 12121 12119 12120
f 12114 12119 12115
f 12007 11976 12008
f 11978 11977 11982
f 11982 11977 11983
f 11989 11990 11993
f 9099 9097 9100
f 12062 12091 12090
f 12106 12108 12219
f 12219 12108 12221
f 12226 12224 12288
f 12282 12283 12663
f 13053 13072 13066
f 1652 1651 1650
f 1650 1651 1649
f 13075 13098 13071
f 13102 13098 13097
f 11893 11888 1102
f 11893 1102 1093
f 11892 11888 11893
f 1716 1715 1717
f 1828 1823 1822
f 6416 6391 6390
f 2486 2464 2467
f 6384 6391 6385
f 2467 2464 2460
f 6384 6385 6383
f 5964 5965 5926
f 5836 5797 5796
f 5906 5907 5905
f 745 870 8892
f 8892 870 8893
f 6619 6616 6618
f 12796 12668 12425
f 8920 8927 8940
f 12384 12383 12382
f 8982 8981 8988
f 12358 12260 12259
f 12259 12260 12215
f 12132 12267 12131
f 12288 12224 12287
f 12283 13001 12663
f 9200 9211 9217
f 13243 13247 13246
f 13249 13201 13052
f 1713 1654 1659
f 1659 1654 1655
f 13073 13075 13071
f 13066 13073 13071
f 1649 1664 1647
f 1716 1717 1828
f 1845 1870 1871
f 1854 1867 1875
f 2312 8745 8747
f 5926 5907 5906
f 2544 2554 6294
f 6294 2554 6245
f 6070 6101 6103
f 6103 6101 6129
f 6018 6060 6070
f 8887 8905 8899
f 12910 12911 12801
f 12796 12790 12668
f 8899 8905 8927
f 12790 12667 12668
f 12496 12371 12449
f 9051 8988 9052
f 9052 9055 9054
f 11993 12091 12062
f 12091 12105 12090
f 12090 12105 12106
f 12106 12105 12108
f 9141 9140 9142
f 9142 9143 9160
f 9200 9160 9202
f 12996 13243 13246
f 9202 9211 9200
f 9217 9278 9276
f 9276 9278 2171
f 13247 13249 13248
f 13201 13074 13052
f 13072 13073 13066
f 13171 11952 13105
f 1842 1870 1845
f 1867 1913 1875
f 1875 1914 1850
f 1914 1939 1850
f 1850 1905 1849
f 1852 2312 2311
f 2491 2464 2486
f 870 9317 8893
f 6616 6617 6618
f 6618 6617 6623
f 6623 13336 13218
f 13218 13336 13219
f 8893 8905 8887
f 6619 6611 6616
f 12911 12802 12801
f 12667 12687 12563
f 12382 12377 12388
f 12496 12374 12371
f 12449 12371 12372
f 12372 12371 12369
f 12372 12369 12379
f 12457 12379 12367
f 12457 12367 12378
f 12115 12025 12114
f 11988 11990 11989
f 12108 12223 12221
f 12286 12280 12282
f 9211 9247 9217
f 13243 13242 13247
f 9217 9247 9278
f 9278 2146 2171
f 2171 2146 2139
f 2171 2139 2140
f 2140 2139 1714
f 13074 13200 13072
f 1655 1654 1652
f 13075 13096 13098
f 13096 13097 13098
f 13097 13105 13103
f 11952 11954 11953
f 1717 1829 1828
f 1842 1826 1843
f 1875 1913 1914
f 1850 1939 1905
f 1905 1880 1849
f 1880 1881 1852
f 1849 1880 1852
f 1852 1881 2312
f 11731 11763 11764
f 2460 2464 2463
f 6101 6127 6129
f 6617 6614 13527
f 6617 13527 6623
f 6623 13527 13432
f 6623 13432 13336
f 6611 6615 6616
f 13336 13432 12911
f 12801 12793 12796
f 12796 12793 12790
f 12790 12789 12667
f 12667 12789 12687
f 12563 12390 12392
f 12392 12390 12383
f 12388 12374 12496
f 12379 12369 12367
f 12367 12361 12378
f 12378 12361 12363
f 12012 12006 12007
f 12007 12006 11976
f 9054 9055 9096
f 11976 12006 11996
f 11992 11991 11988
f 11983 11992 11988
f 9096 9094 9099
f 11988 11991 11990
f 9099 9094 9097
f 9097 9140 9141
f 9140 9143 9142
f 13242 13249 13247
f 1714 2139 1713
f 13074 13201 13200
f 1652 1653 1651
f 11892 11891 11888
f 11952 13171 11954
f 1828 1825 1823
f 1823 1825 1826
f 2312 1881 8745
f 5937 6093 6094
f 6094 6093 6258
f 6060 6101 6070
f 6617 6615 6614
f 13527 13015 13432
f 13432 13015 12911
f 12911 13015 12802
f 8905 8928 8927
f 12390 12391 12383
f 12383 12381 12382
f 12382 12381 12377
f 12377 12376 12388
f 12388 12376 12374
f 12363 12361 12357
f 12215 12260 12261
f 12215 12261 12267
f 12121 12129 12119
f 12114 12025 12012
f 11976 11996 11977
f 11977 11996 11983
f 12105 12109 12108
f 12108 12109 12223
f 12286 12287 12280
f 1652 1654 1653
f 1664 1715 1666
f 1827 1825 1828
f 1826 1879 1843
f 1871 1908 1867
f 1908 1913 1867
f 1914 1938 1939
f 1881 1882 8745
f 11809 2491 2493
f 5907 5908 5905
f 6093 6264 6258
f 8893 8906 8905
f 6612 6610 6614
f 6615 6612 6614
f 6614 6610 13455
f 6614 13455 13527
f 13527 13455 13015
f 12802 12800 12801
f 12801 12800 12793
f 12793 12791 12790
f 8905 8906 8928
f 12790 12791 12789
f 12687 12395 12563
f 12563 12395 12390
f 8927 8928 8940
f 8981 8984 8988
f 12261 12268 12267
f 12267 12268 12131
f 11996 11992 11983
f 9096 9095 9094
f 12223 12251 12224
f 12224 12251 12287
f 965 966 964
f 1649 1658 1664
f 13097 13099 13105
f 1715 1829 1717
f 1913 1923 1914
f 1914 1923 1938
f 1880 1882 1881
f 1882 1896 8744
f 8745 1882 8744
f 2462 2504 2505
f 5905 5910 5911
f 721 8876 870
f 870 8876 9317
f 6611 6609 6612
f 6612 6609 6610
f 13455 12998 13015
f 13015 12998 12802
f 12369 12368 12367
f 9055 9095 9096
f 12102 12105 12091
f 12283 12284 13001
f 12996 13001 13243
f 9278 9247 2146
f 13249 13242 13250
f 13249 13250 13200
f 13249 13200 13201
f 13073 13076 13075
f 1651 1658 1649
f 11888 11890 1102
f 13105 11957 13171
f 1829 1827 1828
f 1826 1877 1879
f 1879 1909 1843
f 1843 1909 1842
f 1842 1909 1870
f 1870 1908 1871
f 1908 1924 1913
f 1924 1923 1913
f 1939 1940 1905
f 1880 1895 1882
f 11809 11810 2491
f 5965 5925 5926
f 5926 5925 5907
f 6319 6264 6324
f 8893 9317 8906
f 12998 12800 12802
f 12800 12794 12793
f 12793 12794 12791
f 8906 8930 8928
f 12791 12792 12789
f 6636 7116 6635
f 12789 12792 12795
f 12789 12795 12687
f 12687 12795 12395
f 12390 12395 12391
f 12377 12375 12376
f 12371 12370 12369
f 8956 8984 8981
f 12368 12366 12367
f 12367 12366 12361
f 12361 12359 12357
f 12357 12359 12358
f 12260 12262 12261
f 12268 12130 12131
f 12131 12130 12121
f 12121 12130 12129
f 12006 12005 11996
f 11992 12002 11991
f 12001 12000 11991
f 11991 12000 11990
f 12105 12110 12109
f 9247 9304 2146
f 1653 1658 1651
f 11890 1101 1102
f 1825 1877 1826
f 1909 1908 1870
f 1908 1925 1924
f 1940 1880 1905
f 1895 1896 1882
f 2491 2465 2464
f 6385 6386 6383
f 6383 6386 6425
f 6127 5837 5836
f 5836 5837 5797
f 6018 6016 6060
f 6609 6607 6610
f 6610 6607 13455
f 6611 6608 6609
f 12391 12381 12383
f 12381 12375 12377
f 12376 12375 12374
f 12375 12373 12374
f 12374 12373 12371
f 12373 12370 12371
f 12369 12370 12368
f 12366 12362 12361
f 12362 12359 12361
f 12359 12360 12358
f 12360 12262 12260
f 12358 12360 12260
f 12129 12128 12119
f 12119 12128 12115
f 12128 12025 12115
f 12025 12006 12012
f 11991 12002 12001
f 11990 12000 11993
f 12105 12102 12110
f 13001 13239 13241
f 9211 9239 9247
f 2139 2145 1713
f 13072 13079 13073
f 13099 11957 13105
f 13171 11957 11954
f 1939 1974 1940
f 8743 1896 2334
f 2491 2492 2465
f 2462 2463 2504
f 6310 6296 5965
f 2505 2522 2544
f 5837 5800 5797
f 9317 8932 8906
f 6607 13454 13455
f 13455 13454 12998
f 8988 9026 9052
f 11996 12004 11992
f 11992 12003 12002
f 12110 12111 12109
f 12109 12111 12223
f 9140 9171 9143
f 12284 12995 13001
f 13001 13241 13243
f 13232 13250 13242
f 2146 2145 2139
f 13079 13076 13073
f 13077 13080 13075
f 13075 13080 13096
f 1658 1898 1664
f 13096 13086 13097
f 11888 11889 11890
f 1923 1976 1938
f 3377 3737 3736
f 1895 1897 1896
f 11810 2492 2491
f 6386 6420 6425
f 6425 6420 6435
f 5793 5800 5795
f 5908 5909 5905
f 5905 5909 5910
f 6101 6100 6127
f 6019 6011 6018
f 12998 12999 12800
f 12800 12797 12794
f 8906 8932 8930
f 12794 12797 12791
f 12795 12798 12395
f 12381 12717 12375
f 8984 9026 8988
f 9052 9026 9053
f 9052 9053 9055
f 9055 9089 9095
f 11996 12005 12004
f 12004 12003 11992
f 11993 12000 12091
f 9097 9098 9140
f 12111 12252 12223
f 9171 9160 9143
f 12280 12281 12282
f 13243 13241 13242
f 9247 9289 9304
f 2146 2144 2145
f 13251 13199 13250
f 13250 13199 13200
f 13199 13079 13072
f 13200 13199 13072
f 1898 1868 1664
f 1664 1868 1715
f 11954 11891 11953
f 1715 1874 1829
f 1879 1918 1909
f 1925 1977 1924
f 1924 1976 1923
f 1938 1974 1939
f 1940 1973 1880
f 1880 1975 1895
f 1896 1897 2334
f 2465 2463 2464
f 7393 7395 7394
f 6310 6330 6296
f 6296 5971 5965
f 5965 5971 5925
f 5925 5908 5907
f 5911 5910 5937
f 6060 6100 6101
f 6011 6016 6018
f 8876 8875 9317
f 6613 6606 6608
f 12999 12767 12800
f 12800 12767 12797
f 12797 12771 12791
f 12771 12770 12791
f 12791 12770 12792
f 12792 12770 12795
f 12373 12726 12370
f 8956 8939 8984
f 12368 12729 12366
f 12366 12729 12362
f 12360 12610 12262
f 12262 12517 12261
f 12000 12102 12091
f 9097 9094 9098
f 12282 12281 12283
f 12995 13239 13001
f 9239 9289 9247
f 13242 12997 13232
f 2145 2076 1713
f 1654 1904 1653
f 13079 13078 13076
f 13076 13077 13075
f 13080 13086 13096
f 1868 1874 1715
f 11957 11955 11954
f 11954 11955 11891
f 1825 1878 1877
f 3239 3238 3293
f 1918 1908 1909
f 1938 1976 1974
f 1974 1973 1940
f 1973 1975 1880
f 1975 2039 1895
f 1895 2039 1897
f 6435 6330 6310
f 2505 2504 2522
f 2544 2522 2554
f 6100 5837 6127
f 12998 13454 12999
f 12798 12755 12391
f 12395 12798 12391
f 8940 8928 8939
f 12391 12755 12753
f 12391 12753 12381
f 12381 12753 12717
f 8940 8939 8956
f 12375 12716 12373
f 12726 12368 12370
f 8939 8983 8984
f 12362 12715 12609
f 12362 12609 12359
f 12359 12609 12610
f 12359 12610 12360
f 12262 12610 12517
f 12261 12258 12268
f 12268 12258 12130
f 12130 12257 12129
f 12025 12051 12006
f 12051 12021 12006
f 12006 12021 12005
f 9098 9171 9140
f 12223 12252 12251
f 12251 12280 12287
f 12281 12284 12283
f 9202 9203 9211
f 9211 9203 9239
f 12997 13231 13232
f 9304 9289 2144
f 13232 13231 13250
f 1713 2076 1654
f 13078 13077 13076
f 1898 1899 1868
f 13099 13101 11957
f 1877 1912 1879
f 3282 3284 3310
f 1918 1926 1908
f 1908 1926 1925
f 6416 6392 6391
f 6264 6320 6324
f 806 621 8876
f 8875 8933 8932
f 9317 8875 8932
f 6606 6605 6607
f 6607 6605 13454
f 8930 8931 8928
f 12717 12716 12375
f 12716 12718 12373
f 12373 12718 12726
f 12130 12258 12257
f 9053 9071 9055
f 12129 12255 12128
f 12128 12256 12025
f 9055 9071 9089
f 12000 12103 12102
f 9160 9172 9202
f 13241 12997 13242
f 13250 13231 13251
f 2145 2144 2076
f 2824 2937 2945
f 13191 13078 13079
f 13097 13086 13099
f 13086 13094 13099
f 1868 1903 1874
f 13101 11958 11957
f 11957 11958 11955
f 1829 1883 1827
f 1883 1878 1827
f 1827 1878 1825
f 1879 1912 1918
f 1925 1959 1977
f 1977 2033 1976
f 1973 2057 1975
f 2492 2468 2465
f 2465 2466 2463
f 5795 5803 5794
f 6100 5838 5837
f 621 8875 8876
f 8932 8933 8930
f 12797 12767 12771
f 12795 12769 12798
f 8928 8931 8939
f 12753 12754 12717
f 12729 12715 12362
f 8984 8983 9026
f 12517 12453 12261
f 12257 12255 12129
f 12021 12022 12005
f 12005 12022 12004
f 12102 12133 12110
f 12133 12134 12110
f 9098 9101 9171
f 13231 13233 13251
f 13199 13191 13079
f 1658 1899 1898
f 13094 13101 13099
f 11890 11889 1106
f 11955 11889 11891
f 1829 1874 1883
f 1878 1912 1877
f 1912 1919 1918
f 1918 1919 1926
f 1926 1959 1925
f 1959 1978 1977
f 2039 2040 1897
f 1897 2040 8741
f 2735 2729 6416
f 6416 2729 6392
f 6320 6334 6324
f 6177 6178 6131
f 6025 6022 6020
f 6016 6057 6060
f 6020 6011 6019
f 6605 13520 13454
f 12798 12769 12755
f 12717 12754 12716
f 12726 12728 12368
f 8939 8945 8983
f 12261 12453 12258
f 12255 12256 12128
f 12025 12256 12051
f 12004 12022 12003
f 9089 9094 9095
f 12000 12059 12103
f 12110 12134 12111
f 966 963 964
f 9160 9171 9172
f 13251 13233 13199
f 2076 1904 1654
f 1904 1900 1653
f 1868 1899 1903
f 1903 1907 1874
f 1978 2033 1977
f 3375 3452 3374
f 2039 1975 2073
f 2039 2073 2040
f 6420 6434 6435
f 6435 6434 6330
f 7395 7396 7394
f 5837 5838 5800
f 6245 6178 6177
f 6060 6057 6100
f 6020 6022 6011
f 621 1003 8875
f 8875 1003 8874
f 6606 6603 6605
f 13520 13000 13454
f 13454 13000 12999
f 8930 8933 8931
f 12756 12769 12770
f 12770 12769 12795
f 12715 12733 12609
f 12609 12733 12734
f 12609 12734 12610
f 12003 12253 12002
f 12000 12001 12059
f 12103 12104 12102
f 9289 9302 2144
f 13199 13257 13191
f 1653 1900 1658
f 1658 1900 1899
f 11958 11956 11955
f 1883 1948 1878
f 1963 1961 1878
f 1878 1961 1912
f 1912 1961 1960
f 1912 1960 1919
f 2033 2045 1976
f 1976 2045 1974
f 2040 2180 8741
f 11810 2497 2492
f 6392 6387 6385
f 6385 6387 6386
f 2463 2466 2504
f 2554 6248 6245
f 6245 6248 6178
f 8875 8874 8933
f 12999 13000 12767
f 12771 12761 12770
f 12726 12718 12727
f 12368 12728 12729
f 12610 12782 12517
f 12257 12452 12255
f 12003 12266 12253
f 12102 12104 12133
f 9101 9170 9171
f 12251 12279 12280
f 12281 12285 12284
f 9203 9238 9239
f 9239 9238 9289
f 2144 2105 2076
f 13101 11959 11958
f 11958 11959 11956
f 1878 1948 1963
f 3239 3293 3323
f 1973 2041 2057
f 2041 2065 2057
f 5795 5810 5803
f 7395 7397 7396
f 5908 5912 5909
f 5910 5936 5937
f 6178 6104 6131
f 6131 6104 6025
f 6603 6602 6605
f 6605 6602 13520
f 12767 12764 12771
f 12771 12764 12761
f 12770 12761 12756
f 12769 12756 12755
f 8945 8944 8983
f 12729 12731 12715
f 12734 12782 12610
f 12453 12452 12258
f 12258 12452 12257
f 12051 12576 12021
f 12021 12322 12022
f 12022 12266 12003
f 9094 9101 9098
f 12134 12135 12111
f 12111 12135 12252
f 12252 12278 12251
f 12251 12278 12279
f 9171 9170 9172
f 963 959 964
f 12280 12279 12281
f 9172 9203 9202
f 9289 9238 9302
f 1979 1900 1904
f 1874 1910 1883
f 1883 1945 1948
f 3260 3239 3318
f 1975 2057 2073
f 2040 2073 2179
f 2040 2179 2180
f 11810 11812 2497
f 6296 5972 5971
f 5909 5913 5910
f 5910 5913 5936
f 6100 6083 5838
f 6023 6083 6057
f 13000 12765 12767
f 8933 8934 8931
f 12767 12765 12764
f 12761 12759 12756
f 8931 8934 8939
f 12756 12752 12755
f 12754 12788 12716
f 12788 12719 12716
f 12716 12719 12718
f 12727 12728 12726
f 12728 12730 12729
f 12729 12730 12731
f 8983 8985 9026
f 9094 9089 9090
f 12001 12060 12059
f 9094 9090 9101
f 12104 12323 12133
f 12133 12323 12134
f 12134 12324 12135
f 12135 12294 12252
f 12252 12294 12278
f 12279 12285 12281
f 12997 12941 13231
f 9302 2105 2144
f 12941 13233 13231
f 13078 13084 13077
f 13077 13081 13080
f 13094 13100 13101
f 13101 13100 11959
f 11956 11903 11889
f 1907 1910 1874
f 11959 11960 11956
f 1910 1945 1883
f 1978 2032 2033
f 1974 2041 1973
f 2057 2106 2073
f 2073 2106 2179
f 2465 2468 2466
f 5925 5930 5908
f 6083 6082 5838
f 6082 5817 5838
f 6016 6010 6057
f 6057 6010 6023
f 6022 6009 6011
f 1003 906 8874
f 8933 8935 8934
f 6638 6599 6604
f 8934 8937 8939
f 12752 12749 12755
f 12755 12749 12753
f 8937 8945 8939
f 12753 12748 12754
f 12782 12779 12517
f 12517 12779 12453
f 12255 12452 12491
f 12255 12491 12256
f 12491 12492 12256
f 12256 12492 12493
f 12256 12493 12051
f 12021 12576 12322
f 12253 12254 12002
f 12103 12059 12104
f 12104 12273 12323
f 13239 12939 13241
f 2105 1982 2076
f 2076 1982 1904
f 1904 1982 1979
f 13081 13085 13086
f 13080 13081 13086
f 13086 13085 13094
f 11956 11960 11903
f 1945 1947 1948
f 1960 1961 1962
f 1960 1957 1919
f 1919 1957 1926
f 1959 2031 1978
f 2033 2043 2045
f 2043 1974 2045
f 2042 2041 1974
f 2065 2106 2057
f 2180 8738 8739
f 2492 2497 2468
f 6330 5972 6296
f 5971 5930 5925
f 2522 6248 2554
f 5838 5817 5800
f 5930 5912 5908
f 5937 5979 6093
f 6093 5979 6264
f 6011 6010 6016
f 8874 8936 8933
f 8933 8936 8935
f 6603 6600 6602
f 13000 13374 12765
f 12764 12763 12761
f 12748 12745 12754
f 8945 8937 8944
f 12719 12787 12718
f 8985 9027 9026
f 12453 12779 12778
f 12453 12778 12452
f 12493 12708 12051
f 12051 12708 12576
f 12022 12322 12266
f 12002 12254 12060
f 12002 12060 12001
f 12060 12272 12059
f 12059 12273 12104
f 12135 12527 12294
f 12278 12295 12279
f 12279 12295 12285
f 12995 12454 13239
f 12940 12941 12997
f 13078 13191 13084
f 13084 13082 13077
f 13077 13082 13081
f 11903 11904 11899
f 1966 1961 1963
f 1926 1957 1958
f 1959 1958 2031
f 2031 2032 1978
f 2041 2066 2065
f 2180 2181 8738
f 2179 2181 2180
f 6387 6408 6386
f 6386 6408 6420
f 5972 5930 5971
f 5912 5913 5909
f 5937 5936 5979
f 6025 6104 6022
f 13520 13374 13000
f 12765 12766 12763
f 12765 12763 12764
f 12749 12748 12753
f 12745 12788 12754
f 12787 12743 12718
f 12727 12741 12728
f 8983 8944 8985
f 12731 12732 12715
f 12715 12732 12733
f 12733 12732 12734
f 12734 12783 12782
f 9026 9027 9053
f 6830 6678 6823
f 12059 12272 12273
f 12135 12324 12527
f 12285 12454 12284
f 12284 12454 12995
f 13241 12939 12997
f 12939 12940 12997
f 9238 9301 9302
f 1901 1899 1900
f 1902 1903 1899
f 1910 1946 1945
f 1945 1946 1947
f 2729 6406 6392
f 2468 2469 2466
f 5815 5819 5830
f 5979 6265 6264
f 6264 6265 6320
f 6023 6082 6083
f 6011 6009 6010
f 8874 8873 8936
f 6602 6600 6601
f 6602 6601 13520
f 13520 6601 13374
f 13374 12766 12765
f 12766 13254 12763
f 13254 13253 12763
f 12761 12760 12759
f 12759 12760 12757
f 12759 12757 12756
f 12788 12787 12719
f 12728 12741 12730
f 12734 12732 12783
f 12452 12772 12491
f 12708 12493 12576
f 9071 9088 9089
f 12322 12253 12266
f 9089 9088 9090
f 9090 9129 9101
f 12134 12323 12324
f 12454 12949 13239
f 9203 9237 9238
f 9302 2148 2105
f 2105 2080 1982
f 13233 13234 13257
f 13082 13083 13081
f 1903 1906 1907
f 13094 13085 13100
f 13100 11961 11959
f 11959 11961 11960
f 1966 1962 1961
f 2031 2043 2032
f 2043 2042 1974
f 2181 2381 8738
f 2497 2469 2468
f 2729 2707 6406
f 6434 6331 6330
f 6023 6013 6082
f 8935 8937 8934
f 13253 12762 12763
f 12763 12762 12761
f 12756 12757 12752
f 8937 8943 8944
f 12743 12727 12718
f 12727 12743 12741
f 12741 12738 12730
f 12730 12738 12731
f 12576 12493 12693
f 12576 12693 12322
f 9101 9129 9169
f 12278 12626 12295
f 12285 12528 12455
f 12285 12455 12454
f 13239 12949 12939
f 9238 9286 9301
f 9302 9301 2148
f 12941 13234 13233
f 1900 1915 1901
f 1901 1902 1899
f 1902 1906 1903
f 13081 13083 13085
f 1906 1910 1907
f 11904 11905 11899
f 2106 2104 2179
f 6392 6406 6387
f 6330 6331 5972
f 5913 5919 5936
f 6023 6010 6013
f 13374 13375 12766
f 8935 8938 8937
f 12766 13375 13254
f 12762 12760 12761
f 12749 12750 12747
f 12749 12747 12748
f 12788 12745 12743
f 12788 12743 12787
f 12738 12737 12731
f 9027 9070 9053
f 12778 12773 12452
f 12452 12773 12772
f 9053 9070 9071
f 12491 12772 12704
f 12491 12704 12492
f 12492 12704 12493
f 12527 12725 12294
f 12295 12528 12285
f 9204 9237 9203
f 9238 9237 9286
f 2148 2080 2105
f 13085 13192 13100
f 11903 11910 11904
f 13100 13192 11961
f 11961 11962 11960
f 1947 1965 1948
f 2031 2046 2043
f 2043 2044 2042
f 3369 3370 3371
f 2063 2066 2041
f 2066 2142 2104
f 6408 6419 6420
f 5830 10166 10161
f 6420 6419 6434
f 5830 5825 5831
f 5930 5914 5912
f 6248 6202 6178
f 6082 5846 5817
f 5817 5846 5827
f 6178 6202 6104
f 8936 8941 8935
f 8935 8941 8938
f 6601 13375 13374
f 13254 13252 13253
f 13253 13252 12762
f 12757 12758 12752
f 12752 12750 12749
f 9070 9061 9071
f 9071 9085 9088
f 12493 12702 12693
f 12273 12272 12711
f 12273 12711 12323
f 12323 12724 12324
f 9169 9172 9170
f 12324 12725 12527
f 12939 12933 12940
f 13257 13190 13191
f 1979 1915 1900
f 13191 13190 13084
f 1906 1911 1910
f 13083 13089 13085
f 13085 13193 13192
f 1963 1965 1966
f 1962 1964 1957
f 2046 2044 2043
f 2104 2182 2181
f 2181 2232 2381
f 6406 6407 6387
f 6387 6407 6408
f 10166 10162 10161
f 6434 6419 6331
f 5972 5931 5930
f 5930 5931 5914
f 5912 5914 5913
f 5919 5979 5936
f 6009 6007 6010
f 6010 6007 6013
f 6600 6598 6601
f 6601 13255 13375
f 13255 13252 13254
f 13375 13255 13254
f 8938 8943 8937
f 12747 12745 12748
f 12731 12735 12732
f 12779 12777 12778
f 12322 12693 12692
f 12322 12692 12253
f 12253 12692 12254
f 12323 12721 12724
f 12724 12723 12324
f 12324 12723 12725
f 12294 12725 12278
f 9172 9204 9203
f 12949 12935 12939
f 12938 13234 12941
f 13234 13258 13257
f 13089 13193 13085
f 3355 3344 3364
f 1957 1964 1958
f 2063 2077 2066
f 2066 2077 2142
f 2182 2232 2181
f 2497 2496 2469
f 2707 2757 6406
f 6407 6409 6408
f 2469 2470 2466
f 6408 6409 6419
f 10161 10162 10163
f 5831 5853 10166
f 2470 2503 2504
f 2466 2470 2504
f 2522 2559 6248
f 5914 5915 5913
f 5913 5915 5919
f 6013 6014 6082
f 6082 6014 5846
f 906 1046 8873
f 13252 12768 12762
f 12762 12768 12760
f 12758 12751 12752
f 12779 12780 12777
f 12778 12777 12773
f 12772 12773 12707
f 12772 12707 12704
f 12704 12707 12703
f 12704 12703 12493
f 12493 12703 12702
f 12254 12692 12698
f 12254 12698 12060
f 9090 9088 9129
f 12698 12699 12060
f 12060 12699 12272
f 12323 12711 12721
f 12725 12626 12278
f 12295 12626 12528
f 12454 12455 12949
f 12939 12935 12933
f 12940 12938 12941
f 1982 1981 1979
f 13257 13258 13190
f 13190 13189 13084
f 13082 13087 13083
f 13083 13087 13089
f 11905 11907 1111
f 11910 11907 11905
f 11961 11963 11962
f 11962 11963 11910
f 1964 2036 1958
f 1958 2036 2031
f 2031 2074 2046
f 2074 2044 2046
f 2496 2473 2469
f 10163 10164 11582
f 10166 10167 10162
f 5853 5852 10166
f 5852 10167 10166
f 2504 2503 2520
f 2504 2520 2522
f 5979 6208 6265
f 6208 6316 6265
f 5827 5849 5843
f 5915 5918 5919
f 6601 13378 13255
f 12751 12750 12752
f 8943 8959 8944
f 12745 12744 12743
f 12737 12736 12731
f 12735 12784 12732
f 12732 12784 12783
f 12783 12781 12782
f 12782 12781 12779
f 9061 9085 9071
f 9169 9184 9172
f 9172 9184 9204
f 2080 1981 1982
f 1901 1917 1902
f 1902 1911 1906
f 11910 11963 11907
f 1967 1964 1962
f 2044 2058 2042
f 2058 2060 2042
f 3373 3606 3391
f 11728 11737 11765
f 2757 6410 6406
f 6406 6410 6407
f 6407 6411 6409
f 10164 10162 10165
f 10167 10168 10165
f 10162 10167 10165
f 6409 6418 6419
f 6419 6418 6331
f 5831 5852 5853
f 5931 5916 5914
f 5827 5850 5849
f 5914 5916 5915
f 5918 5939 5919
f 5919 5939 5979
f 5979 5939 6208
f 6202 6188 6104
f 6014 6015 5846
f 6022 6008 6009
f 1046 8872 8873
f 8873 8872 9249
f 8873 9249 8936
f 6598 6596 6601
f 6601 6596 13378
f 13255 12957 13252
f 8941 8942 8938
f 13252 12957 12768
f 12743 12742 12741
f 8944 8966 8985
f 12741 12740 12738
f 12738 12736 12737
f 12736 12735 12731
f 12783 12784 12781
f 12781 12780 12779
f 12773 12774 12707
f 12693 12694 12692
f 9088 9087 9129
f 12272 12699 12709
f 12709 12710 12272
f 12272 12710 12711
f 9204 9234 9237
f 2148 2147 2080
f 1916 1917 1901
f 1917 1911 1902
f 13087 13090 13089
f 1911 1949 1910
f 1910 1949 1946
f 13192 11965 11961
f 11965 11964 11961
f 11961 11964 11963
f 1946 1949 1947
f 1966 1965 1967
f 1967 1971 1964
f 2077 2078 2142
f 2142 2174 2104
f 2174 2182 2104
f 2693 2728 2692
f 2537 2533 2496
f 11582 11580 11585
f 6407 6410 6411
f 2469 2473 2470
f 10165 10168 10171
f 6409 6411 6418
f 5852 10169 10167
f 10169 10170 10168
f 10167 10169 10168
f 6418 6332 6331
f 6331 6332 5973
f 6331 5973 5972
f 5831 5849 5852
f 5973 5932 5972
f 2522 2520 2559
f 5972 5932 5931
f 5931 5932 5916
f 6208 6209 6316
f 6248 2559 6202
f 5850 10178 5849
f 6188 6105 6104
f 6104 6105 6022
f 6013 6007 6014
f 8936 9249 8986
f 8936 8986 8941
f 6599 6594 6597
f 6597 6594 6596
f 6597 6596 6598
f 6596 13465 13378
f 13378 12957 13255
f 8938 8942 8943
f 12757 12785 12758
f 12750 12751 12747
f 12747 12746 12745
f 12743 12744 12742
f 8944 8959 8966
f 12741 12742 12740
f 12738 12740 12739
f 12738 12739 12736
f 8985 8966 9027
f 12707 12774 12775
f 12702 12696 12693
f 9085 9087 9088
f 9129 9147 9169
f 12721 12722 12724
f 12723 12631 12725
f 12455 12921 12949
f 12949 12921 12935
f 12933 12930 12940
f 9286 9287 9301
f 9301 9287 9303
f 2148 9303 2147
f 2080 2081 1981
f 1979 1980 1915
f 1980 1916 1915
f 1915 1916 1901
f 13084 13088 13082
f 13082 13088 13087
f 11907 11908 1111
f 13193 11965 13192
f 1949 1970 1947
f 1947 1968 1965
f 1964 2035 2036
f 2036 2050 2031
f 2075 2074 2031
f 2042 2060 2063
f 2063 2064 2077
f 2078 2173 2142
f 2142 2173 2174
f 2267 8756 8755
f 2473 2474 2470
f 11580 10171 11581
f 11581 10171 11577
f 10171 10173 11577
f 10173 6418 6411
f 11577 10173 6411
f 2474 2503 2470
f 10168 10170 10172
f 10168 10172 10171
f 10171 10172 10173
f 10173 10172 6418
f 6418 10172 6332
f 6340 7424 7404
f 7401 6340 7404
f 10178 10177 5852
f 5852 10177 10169
f 6316 6209 6340
f 5918 5920 5939
f 5939 6209 6208
f 6009 6008 6007
f 6007 6006 6014
f 6014 6006 6015
f 6594 6595 6596
f 6595 13465 6596
f 13465 12957 13378
f 8941 8986 8942
f 12957 12918 12768
f 12768 12785 12760
f 12760 12785 12757
f 8942 8946 8943
f 12785 12786 12758
f 12758 12786 12751
f 12746 12744 12745
f 9027 9009 9070
f 12777 12776 12773
f 12773 12776 12774
f 12707 12706 12703
f 12706 12705 12703
f 12703 12696 12702
f 12696 12695 12693
f 12693 12695 12694
f 12692 12694 12697
f 12692 12697 12698
f 12711 12720 12721
f 12721 12720 12722
f 12724 12722 12723
f 12725 12631 12626
f 960 959 961
f 12626 12627 12528
f 9237 9287 9286
f 7279 3581 3633
f 12940 12930 12938
f 13190 13202 13189
f 1917 2052 1911
f 11963 11908 11907
f 1970 1968 1947
f 2031 2050 2075
f 2182 2265 2232
f 2267 2265 8756
f 2232 2265 2267
f 11585 11815 11588
f 10172 10175 6332
f 6332 10175 5973
f 10169 10176 10170
f 10170 10176 10174
f 10170 10174 10172
f 10172 10174 10175
f 5932 5956 5916
f 6209 6307 6340
f 10178 6272 10177
f 10178 5850 6272
f 10177 6272 10176
f 5916 5917 5915
f 5915 5917 5918
f 5917 5920 5918
f 5920 5954 5939
f 5939 5954 6209
f 6015 6017 5850
f 6022 6105 6008
f 6008 6005 6007
f 6007 6005 6006
f 6006 6003 6015
f 6592 6591 6594
f 6594 6591 6595
f 6595 6591 13465
f 13465 13466 12957
f 12751 12786 12849
f 12751 12849 12747
f 8943 8964 8959
f 12746 12954 12744
f 12744 12866 12742
f 12739 12982 12736
f 12736 12980 12735
f 12735 12978 12784
f 12781 12861 12780
f 12861 12806 12780
f 12780 12806 12777
f 12777 12806 12776
f 12707 12775 12706
f 12703 12705 12696
f 12698 12700 12699
f 12699 12701 12709
f 9147 9182 9169
f 12711 12710 12720
f 12722 12631 12723
f 12626 12631 12627
f 9204 9184 9213
f 9204 9213 9234
f 12935 12931 12933
f 12937 13244 12938
f 12938 13244 13234
f 2080 2147 2081
f 13258 13266 13190
f 1980 1987 1916
f 2051 1917 1916
f 13189 13095 13084
f 13090 13237 13193
f 13089 13090 13193
f 13193 11967 11965
f 11964 11965 11966
f 11964 11966 11963
f 1965 1969 1967
f 2044 2061 2058
f 2060 2064 2063
f 2077 2064 2078
f 2182 2174 2265
f 2265 2292 8756
f 2765 7450 7453
f 2474 2479 2503
f 2503 2515 2520
f 2520 2553 2559
f 6254 6214 10174
f 6214 5987 10175
f 10174 6214 10175
f 10175 5987 5973
f 5973 5987 5932
f 5987 5986 5932
f 5932 5986 5956
f 6307 6352 6363
f 2559 2553 6202
f 5850 6206 6272
f 6206 6254 6272
f 10176 6272 6254
f 10176 6254 10174
f 5916 5956 5955
f 5916 5955 5917
f 5954 5963 6209
f 6209 5963 6307
f 6202 2553 6188
f 1046 1047 8872
f 6591 6590 13466
f 6591 13466 13465
f 12957 13466 12918
f 12918 12853 12768
f 12768 12853 12785
f 12747 12849 12746
f 8964 8966 8959
f 12744 12954 12866
f 12740 12920 12739
f 12739 12920 12982
f 12736 12982 12980
f 8966 9009 9027
f 12980 12979 12735
f 12735 12979 12978
f 12784 13268 12781
f 12781 13268 12861
f 9070 9009 9061
f 12698 12697 12700
f 12700 12701 12699
f 12709 12701 12710
f 9169 9182 9183
f 9169 9183 9184
f 12631 12628 12627
f 12627 12628 12528
f 12528 12529 12455
f 12455 12529 12921
f 9234 9263 9237
f 12935 12921 12931
f 12931 12930 12933
f 9287 2147 9303
f 13234 13266 13258
f 1987 2051 1916
f 13189 13202 13196
f 13084 13095 13088
f 13237 11967 13193
f 1949 1984 1970
f 1970 1983 1968
f 1967 1969 1971
f 1971 2035 1964
f 2074 2061 2044
f 2533 2528 2496
f 2473 2477 2474
f 2477 2479 2474
f 7453 7423 8449
f 8449 7454 8436
f 8436 7454 8435
f 2503 2479 2515
f 2515 2553 2520
f 6206 6115 6254
f 6254 6115 6214
f 5956 5957 5955
f 6307 6213 6352
f 6017 6002 6206
f 5917 5955 5920
f 5955 5959 5920
f 5920 5959 5954
f 5959 5963 5954
f 6008 6012 6005
f 6006 6005 6003
f 6015 6003 6017
f 8872 8871 9249
f 9249 8871 8986
f 6590 6587 13466
f 8986 8987 8942
f 12853 12871 12785
f 12785 12871 12786
f 8943 8946 8964
f 12954 13271 12866
f 12978 13260 12784
f 12861 13296 12806
f 9129 9087 9147
f 12628 12629 12528
f 9237 9263 9287
f 12931 12929 12930
f 12930 12937 12938
f 13244 13266 13234
f 13266 13202 13190
f 1917 2056 2052
f 2052 2053 1911
f 1949 1911 1984
f 13087 13092 13090
f 11965 11967 11966
f 1968 1969 1965
f 3500 3378 3411
f 2050 2092 2075
f 2075 2061 2074
f 3392 3391 3402
f 2064 2100 2078
f 3391 3486 3402
f 2265 2291 2292
f 2756 2758 2728
f 2740 7453 8449
f 6363 8431 8435
f 6363 6352 8431
f 6214 6118 5977
f 6214 5977 5987
f 5987 5977 5986
f 5977 5957 5956
f 5986 5977 5956
f 6002 6115 6206
f 5957 5958 5955
f 5958 5959 5955
f 6017 6003 6002
f 6587 6564 13466
f 13466 13467 12918
f 12786 12850 12849
f 12742 12831 12740
f 12740 12831 12920
f 12982 12981 12980
f 12784 13260 13268
f 12806 13295 12776
f 12776 13295 12774
f 12774 13269 12775
f 12775 13270 12706
f 9085 9086 9087
f 12695 13012 12694
f 12697 13010 12700
f 9184 9183 9213
f 12722 12869 12631
f 12528 12629 12529
f 9213 9245 9234
f 12529 12922 12921
f 12921 12924 12931
f 12937 12994 13244
f 1981 2084 1980
f 2051 2056 1917
f 13095 13091 13088
f 13088 13091 13087
f 13087 13091 13092
f 13092 13093 13090
f 13093 13194 13090
f 13237 11969 11967
f 11967 11968 11966
f 1969 2047 1971
f 2049 2092 2050
f 3393 3399 3398
f 2266 2291 2265
f 2533 2536 2528
f 2752 8449 8456
f 2477 2498 2479
f 8436 8435 8430
f 8435 8429 8430
f 8435 8431 8429
f 2519 2560 2553
f 2515 2519 2553
f 8431 6352 6351
f 6213 5981 6352
f 6352 5981 6351
f 2553 2560 6188
f 6188 6172 6105
f 6214 6115 6118
f 6118 5989 5977
f 5958 5960 5959
f 5960 5962 5963
f 5959 5960 5963
f 5963 5962 6213
f 5962 5981 6213
f 6105 6090 6008
f 6008 6090 6012
f 8986 8995 8987
f 12918 13467 12976
f 12918 12976 12853
f 12853 12975 12871
f 12849 12851 12746
f 12981 12979 12980
f 12861 13268 13296
f 9009 9032 9061
f 13296 13295 12806
f 13295 13269 12774
f 12775 13269 13270
f 13270 13331 12706
f 12706 13331 12705
f 12705 13331 12696
f 12696 13331 13330
f 12694 13012 12697
f 9087 9173 9147
f 12720 12955 12722
f 12628 12868 12629
f 9234 9245 9263
f 2147 2141 2081
f 2141 2084 2081
f 2081 2084 1981
f 2084 1987 1980
f 2051 2068 2056
f 13189 13196 13095
f 2069 2053 2052
f 1911 2053 1984
f 13090 13194 13237
f 13237 13398 11969
f 11968 11909 11966
f 1984 1983 1970
f 2047 2035 1971
f 2035 2049 2050
f 2058 2059 2060
f 2064 2098 2100
f 2173 2242 2174
f 2174 2242 2266
f 2746 2774 2766
f 2746 2766 2736
f 2528 2499 2477
f 2477 2499 2498
f 8430 8429 8428
f 8428 8429 8412
f 2479 2498 2519
f 2479 2519 2515
f 8429 8414 8412
f 8429 8431 6339
f 8429 6339 8414
f 8431 6351 6339
f 2560 6172 6188
f 6351 5981 6339
f 6172 6090 6105
f 6002 6001 6115
f 6115 6001 6118
f 5977 5989 5957
f 5989 5978 5957
f 5957 5978 5958
f 5958 5961 5960
f 5960 5961 5962
f 5962 5961 5981
f 6090 6000 6012
f 6012 6000 6005
f 6005 6000 6004
f 6005 6004 6003
f 6004 5996 6003
f 6003 5996 6002
f 1047 8871 8872
f 8871 8995 8986
f 6564 13468 13466
f 13466 13468 13467
f 8946 8965 8964
f 12746 12851 12954
f 12866 12831 12742
f 12979 12992 12978
f 12978 12992 13260
f 12696 13330 12695
f 12695 13329 13012
f 13012 13010 12697
f 12700 13010 12984
f 9147 9173 9182
f 12700 12984 12701
f 7167 7152 7169
f 12710 12883 12720
f 12883 12955 12720
f 9183 9212 9213
f 12955 12869 12722
f 12631 12868 12628
f 962 992 960
f 12931 12924 12929
f 9287 9263 2307
f 9287 2307 2147
f 2147 2307 2212
f 12930 12928 12937
f 2147 2212 2141
f 13244 13264 13266
f 1987 2067 2051
f 13092 13174 13093
f 13194 13398 13237
f 11968 9714 11909
f 11909 9714 9710
f 1983 1985 1968
f 1985 1986 1968
f 1968 1986 1969
f 2062 2058 2061
f 2060 2083 2064
f 2098 2108 2100
f 2100 2109 2173
f 2173 2109 2242
f 2291 2326 2292
f 2777 2778 2774
f 8460 2752 8459
f 8459 2752 8056
f 8456 8442 8457
f 8448 8440 8439
f 8440 8430 8439
f 8430 8428 8439
f 8412 8414 8411
f 8414 6339 8411
f 6339 6341 8411
f 5981 6252 6339
f 6252 6304 6339
f 6339 6304 6341
f 5958 5978 5961
f 5978 5980 5961
f 5961 5980 5981
f 5981 5980 6252
f 6002 5996 6001
f 1047 841 8871
f 8987 8989 8942
f 8942 8989 8946
f 8946 8989 8990
f 12853 12976 12975
f 12850 12851 12849
f 12851 12951 12954
f 12954 12951 13271
f 13271 13272 12866
f 13272 12831 12866
f 8966 9008 9009
f 9008 9032 9009
f 13260 13297 13268
f 13268 13297 13296
f 13297 13421 13296
f 9032 9072 9061
f 13296 13421 13295
f 13330 13329 12695
f 9086 9146 9087
f 6840 7124 6940
f 6939 6840 6940
f 9146 9173 9087
f 12701 12984 12983
f 12701 12983 12710
f 12983 12883 12710
f 12631 12869 12868
f 12868 12950 12629
f 9245 9268 9263
f 12929 12928 12930
f 2067 2068 2051
f 13095 13172 13091
f 1118 1119 9747
f 1119 9712 9747
f 1984 2053 1983
f 13093 13174 13238
f 13093 13238 13194
f 13398 9813 11969
f 11968 9726 9714
f 11969 9726 11968
f 11967 11969 11968
f 1986 2047 1969
f 2047 2049 2035
f 2075 2062 2061
f 2062 2059 2058
f 2083 2098 2064
f 2266 2306 2291
f 2326 2384 8758
f 11691 11692 11664
f 8448 8439 8455
f 2499 2516 2498
f 8439 8427 8433
f 2498 2516 2519
f 8412 8410 8427
f 8427 8410 8433
f 8412 8411 8410
f 8411 6355 8410
f 8410 6355 8409
f 8411 6341 6355
f 6304 6353 6341
f 6341 6353 6355
f 6172 6198 6090
f 5980 6102 6252
f 6102 6304 6252
f 6090 6123 6000
f 6004 6000 5996
f 5996 5991 6001
f 6001 5991 6118
f 6118 5991 5989
f 5989 5990 5978
f 5989 5991 5990
f 5978 5990 6102
f 5978 6102 5980
f 13468 13469 13467
f 13467 13469 12976
f 12975 12870 12871
f 8946 8990 8965
f 12951 13283 13271
f 12920 13409 12982
f 9061 9072 9085
f 13269 13295 13355
f 13269 13355 13270
f 13331 13387 13330
f 13012 13329 13010
f 9182 9205 9183
f 12955 12990 12869
f 9213 9212 9244
f 9213 9244 9245
f 488 992 645
f 12629 12950 12529
f 12922 12923 12921
f 12928 12934 12937
f 12994 13264 13244
f 2084 2067 1987
f 13266 13267 13202
f 2056 2069 2052
f 13091 13172 13173
f 13091 13173 13092
f 13092 13173 13174
f 9877 9710 9712
f 13194 9814 13398
f 13398 9814 9813
f 9813 9732 11969
f 11969 9732 9726
f 2098 2162 2108
f 2100 2108 2109
f 2306 2326 2291
f 2781 2778 8463
f 2778 2780 2774
f 2766 2775 2776
f 8439 8451 8455
f 2499 2523 2516
f 8451 8433 8445
f 8438 8410 8416
f 2516 2540 2519
f 8410 8409 8416
f 8409 8406 8416
f 2540 6268 2560
f 2519 2540 2560
f 8409 6355 8407
f 8409 8407 8406
f 2560 6268 6172
f 6355 6370 8407
f 6198 6123 6090
f 6304 6205 6354
f 6205 6255 6354
f 6304 6354 6353
f 6353 6354 6355
f 6355 6354 6370
f 6000 5999 5996
f 5996 5998 5993
f 5996 5993 5991
f 5991 5993 5992
f 5991 5992 5990
f 5990 5992 6102
f 5992 6107 6102
f 6102 6205 6304
f 6102 6107 6205
f 841 929 8871
f 6564 6573 13468
f 6573 13469 13468
f 12871 12870 12786
f 13271 13283 13272
f 8964 8965 8966
f 13356 13409 12920
f 12979 13408 12992
f 13408 13397 12992
f 12992 13397 13260
f 13297 13452 13421
f 9072 9075 9085
f 13355 13388 13270
f 13270 13388 13331
f 13331 13388 13387
f 13330 13387 13385
f 13330 13385 13329
f 13010 13354 12984
f 12983 13310 12883
f 12883 13310 13308
f 12883 13308 12990
f 12883 12990 12955
f 12868 13382 12950
f 12950 12936 12529
f 12921 12923 12924
f 12924 12928 12929
f 2212 2307 2261
f 2212 2261 2141
f 12937 12934 12994
f 2164 2084 2141
f 13264 13267 13266
f 1404 1435 9872
f 9747 9850 1435
f 9747 9746 9850
f 9746 9712 9711
f 2053 2054 1983
f 13174 13173 13205
f 13205 13559 13238
f 13174 13205 13238
f 13238 13559 13194
f 13559 9814 13194
f 9710 9711 9712
f 9725 9713 9714
f 9726 9725 9714
f 9714 9713 9710
f 2054 1985 1983
f 9732 9725 9726
f 9732 9798 9725
f 3522 3473 3525
f 2092 2094 2075
f 2242 2306 2266
f 2781 2782 2780
f 2781 2780 2778
f 8464 2781 8462
f 8056 8055 8052
f 8459 8056 8052
f 2561 2523 2536
f 2572 2561 2536
f 2523 2527 2516
f 8438 8416 8417
f 8416 8406 8417
f 8406 8408 8417
f 8406 8407 8408
f 6172 6268 6198
f 8486 8413 8407
f 8407 8413 8408
f 6198 6207 6123
f 6256 6345 6370
f 8407 6370 6345
f 8407 6345 8486
f 6345 6365 8486
f 8486 6365 8413
f 6123 5999 6000
f 5996 5999 5998
f 5993 5994 5992
f 5992 5994 5995
f 5992 5995 6107
f 6205 6107 6122
f 6205 6122 6255
f 6122 6135 6256
f 6255 6122 6256
f 6255 6256 6354
f 6256 6135 6233
f 6354 6256 6370
f 929 1049 8871
f 13469 13340 12976
f 12870 12850 12786
f 12850 12852 12851
f 12851 12852 12951
f 13272 13356 12831
f 12831 13356 12920
f 12982 13409 13408
f 12982 13408 12979
f 9032 9033 9072
f 13448 13452 13297
f 13452 13488 13421
f 13421 13488 13433
f 13421 13433 13295
f 9085 9075 9086
f 13385 13386 13329
f 9192 9205 9182
f 13354 13353 12984
f 12984 13353 12983
f 9183 9205 9212
f 13308 13368 12990
f 12990 13367 12869
f 962 993 992
f 12869 13367 12868
f 13367 13383 12868
f 992 1000 645
f 12868 13383 13382
f 13382 13384 12950
f 12529 12936 12922
f 12922 12936 12923
f 9268 2338 9263
f 9872 1435 9870
f 1435 9850 9864
f 13172 13204 13173
f 9850 9746 9745
f 9746 9711 9745
f 13173 13204 13205
f 13205 13364 13559
f 13435 13579 13559
f 13559 13579 9814
f 13559 13364 13435
f 13579 9374 9814
f 13579 13505 9374
f 9374 9798 9813
f 9814 9374 9813
f 9813 9798 9732
f 9725 9718 9713
f 2047 1986 2048
f 2047 2048 2049
f 2093 2094 2092
f 2049 2093 2092
f 2094 2095 2075
f 2059 2083 2060
f 2109 2243 2242
f 2242 2243 2306
f 9568 9570 9569
f 9576 8464 9575
f 9576 9600 8464
f 9568 9575 9570
f 2782 9600 2783
f 8464 9570 9575
f 9570 8054 9569
f 9569 8054 8044
f 2782 2783 2780
f 8054 8052 8044
f 2785 2784 2775
f 2780 2785 2775
f 2784 2779 2775
f 2775 2779 2776
f 8450 8438 8443
f 8443 8417 8441
f 2527 2549 2516
f 2516 2549 2540
f 8417 8423 8441
f 8417 8408 8423
f 8408 8424 8423
f 8424 8408 8418
f 6268 6269 6198
f 6198 6269 6207
f 8408 8413 8415
f 8408 8415 8418
f 6207 6169 6123
f 6123 6169 5999
f 5999 5997 5998
f 6365 6329 8413
f 8413 6359 8415
f 5993 5997 5994
f 5994 5997 5995
f 5995 6121 6107
f 6107 6121 6122
f 6121 6125 6122
f 6122 6125 6135
f 6256 6233 6244
f 6256 6244 6345
f 6244 6346 6345
f 6345 6346 6365
f 6365 6346 6329
f 6346 6244 6329
f 8413 6329 6359
f 1049 8870 8871
f 8871 8870 8996
f 8871 8996 8995
f 8995 8996 8987
f 8987 8996 8989
f 13340 12977 12976
f 12976 12977 12975
f 13408 13472 13397
f 13260 13397 13297
f 13297 13397 13448
f 13295 13433 13355
f 9086 9075 9146
f 13385 13480 13386
f 13329 13386 13010
f 13010 13386 13354
f 12983 13353 13310
f 13382 13441 13384
f 12950 13384 12936
f 9263 2338 2307
f 12928 12924 12926
f 12928 12926 12934
f 2261 2164 2141
f 12934 12932 12994
f 12994 12932 13264
f 2164 2149 2084
f 2084 2149 2067
f 1428 1402 9879
f 13202 13240 13196
f 13196 13188 13095
f 13095 13188 13172
f 9850 9849 9864
f 9850 9745 9849
f 9849 9745 9810
f 9745 9711 9717
f 13204 13364 13205
f 2054 2055 1985
f 13364 13434 13435
f 13435 13434 13579
f 13579 13434 13505
f 9713 9715 9711
f 13505 9375 9374
f 9713 9718 9715
f 9374 9372 9798
f 2075 2091 2062
f 2108 2162 2109
f 2326 2357 2384
f 2384 2357 2399
f 9565 9568 9563
f 9565 9580 9568
f 9563 9568 9567
f 9616 9576 9580
f 9580 9576 9568
f 9568 9569 9567
f 9567 9569 8039
f 9616 9600 9576
f 9576 9575 9568
f 9569 8044 8039
f 2566 2547 2523
f 8474 8458 8473
f 8458 8465 8473
f 2523 2547 2527
f 8443 8444 8454
f 2527 2551 2549
f 8444 8423 8432
f 2549 2564 2540
f 8423 8424 8432
f 8424 8426 8432
f 2540 2564 6268
f 6268 2564 6269
f 8424 8418 8426
f 6269 6282 6207
f 6282 6249 6207
f 8415 8419 8418
f 8418 8419 8422
f 6207 6249 6169
f 6169 6249 6175
f 6169 6175 5999
f 5999 6175 5997
f 6175 6174 5997
f 8419 8415 8420
f 8419 8420 8421
f 8419 8421 8422
f 5997 6174 6168
f 5997 6168 5995
f 5995 6144 6121
f 6359 8475 8415
f 8415 8475 8420
f 6121 6149 6125
f 6125 6149 6135
f 6135 6149 6233
f 6233 6149 6244
f 6244 6149 6150
f 6244 6150 6161
f 6244 6161 6329
f 6329 6161 6326
f 6161 6156 6326
f 6329 6326 6359
f 6326 6156 6327
f 6359 6326 6327
f 6359 6327 8475
f 6327 6360 8475
f 8475 6360 8420
f 6360 6364 8421
f 8420 6360 8421
f 6573 6586 13469
f 8990 9021 8965
f 12951 13379 13283
f 8965 9008 8966
f 13356 13428 13409
f 13409 13428 13408
f 13448 13517 13452
f 13433 13488 13532
f 13355 13433 13486
f 13355 13486 13482
f 13355 13482 13388
f 13388 13482 13387
f 9075 9145 9146
f 13310 13353 13431
f 13310 13431 13308
f 12990 13368 13367
f 13383 13441 13382
f 13384 13389 12936
f 12936 13389 13011
f 12936 13011 12923
f 12923 12925 12924
f 2338 2261 2307
f 12924 12925 10988
f 12924 10988 12926
f 13264 13324 13267
f 2068 2070 2056
f 13267 13324 13202
f 2071 2053 2069
f 9870 9864 9871
f 9810 9809 9849
f 9745 9717 9743
f 9745 9743 9810
f 9810 9743 9809
f 13364 13365 13366
f 13364 13366 13434
f 2055 1986 1985
f 13505 13434 9375
f 9375 9373 9374
f 9374 9373 9372
f 1986 2097 2048
f 9372 9371 9798
f 9371 9723 9725
f 9798 9371 9725
f 9725 9723 9718
f 2062 2091 2059
f 2161 2162 2098
f 2109 2202 2243
f 3771 3892 3775
f 2243 2295 2306
f 2306 2295 2326
f 2326 2295 2357
f 9558 9572 9560
f 9556 9559 9561
f 9561 9562 9556
f 9630 9564 9572
f 9572 9564 9560
f 9560 9564 9559
f 9564 9561 9559
f 9564 9563 9561
f 9561 9563 9562
f 9563 9567 9562
f 9567 8036 8045
f 9562 9567 8045
f 9630 9615 9564
f 9564 9565 9563
f 9615 9565 9564
f 8050 8039 8036
f 9615 9616 9580
f 9615 9580 9565
f 8039 8032 8029
f 2785 9597 2784
f 2784 9597 2786
f 2784 2786 2779
f 2779 2786 2787
f 2547 2551 2527
f 2551 4666 2549
f 2549 4666 4712
f 2549 4712 2564
f 8452 8432 8447
f 8432 8426 8447
f 2564 4659 6269
f 4659 6282 6269
f 8426 8422 8434
f 8434 8422 8437
f 8422 8425 8437
f 6175 6168 6174
f 8422 8421 8425
f 6168 6167 5995
f 5995 6167 6144
f 6167 6145 6144
f 6144 6145 6121
f 6121 6148 6149
f 6149 6148 6150
f 6148 6151 6150
f 6150 6151 6161
f 6161 6151 6156
f 6364 6374 8421
f 6156 6157 6266
f 6156 6266 6327
f 6266 6157 6237
f 6327 6266 6287
f 6327 6287 6360
f 6266 6237 6287
f 6287 6259 6364
f 6360 6287 6364
f 6259 6349 6374
f 6364 6259 6374
f 6586 13470 13469
f 12977 13274 12975
f 12975 13274 12870
f 12870 13020 12850
f 12850 13020 12852
f 12852 13359 12951
f 12951 13359 13379
f 13272 13381 13356
f 9008 9033 9032
f 13428 13429 13408
f 13408 13429 13472
f 13397 10990 13448
f 9033 9075 9072
f 13433 13532 13486
f 13486 10972 13482
f 9145 9174 9146
f 13385 13387 13481
f 13385 13481 13480
f 9146 9174 9173
f 13480 13479 13386
f 13386 13479 13478
f 13386 13478 13354
f 13354 13461 13353
f 13353 13461 13431
f 13308 13431 13462
f 9212 9232 9244
f 13368 13308 13451
f 9245 9253 9268
f 9268 9294 2338
f 13389 10983 13011
f 12923 13011 12925
f 12926 12932 12934
f 2261 2231 2164
f 2067 2101 2068
f 13324 13240 13202
f 2056 2070 2069
f 1574 9870 1566
f 13240 13197 13196
f 13197 13188 13196
f 2071 2072 2053
f 13188 13203 13172
f 9849 9854 9866
f 2053 2072 2054
f 13203 13204 13172
f 9849 9809 9854
f 9809 9855 9854
f 9809 9744 9855
f 13361 13363 13204
f 13204 13363 13364
f 9809 9743 9744
f 13364 13363 13365
f 9743 9717 9729
f 9717 9724 9729
f 9743 9729 9744
f 13365 13363 13399
f 13365 13399 13366
f 9717 9716 9724
f 13434 13366 13436
f 13434 13436 9375
f 2082 2097 1986
f 9375 13436 9373
f 9715 9718 9719
f 9718 9721 9719
f 2048 2097 2096
f 9372 9373 9370
f 9372 9370 9371
f 9723 9721 9718
f 9723 9731 9721
f 9371 9731 9723
f 3524 3525 3528
f 2049 2096 2093
f 2091 2102 2059
f 2059 2099 2083
f 2083 2099 2098
f 2162 2161 2201
f 2162 2202 2109
f 2357 2367 2399
f 9549 9551 9544
f 9551 9550 9544
f 9640 9553 9549
f 9549 9553 9551
f 9640 9628 9639
f 9640 9632 9628
f 9640 9639 9553
f 9553 9552 9551
f 9551 9552 9550
f 9552 9566 9550
f 9553 9554 9552
f 9552 8043 9566
f 9639 9557 9553
f 9554 9555 9552
f 9552 9555 8043
f 9557 9554 9553
f 9628 9558 9639
f 9555 8042 8043
f 9628 9614 9558
f 9639 9558 9557
f 9557 9558 9554
f 9554 9556 9555
f 9558 9559 9554
f 9554 9559 9556
f 9555 9556 8042
f 9614 9572 9558
f 9614 9613 9631
f 9556 8040 8042
f 9614 9631 9572
f 9556 8038 8040
f 9556 9562 8038
f 9613 9610 9631
f 9562 8045 8038
f 8038 8045 8037
f 9631 9610 9630
f 8045 8036 8037
f 9610 9615 9630
f 8036 8033 8026
f 9599 9601 9610
f 9610 9601 9615
f 9601 9616 9615
f 8033 8029 8026
f 9601 9598 9600
f 9601 9600 9616
f 9598 2783 9600
f 9598 2785 2783
f 9598 9597 2785
f 8447 8434 8453
f 8434 8437 8446
f 8453 8434 8446
f 4659 4652 6282
f 6282 4802 6249
f 4802 4798 6249
f 6249 4798 6280
f 6280 6257 6175
f 6175 6257 6168
f 6168 6257 6167
f 6167 6146 6145
f 6145 6146 6121
f 6121 6146 6147
f 6147 6152 6148
f 6148 6152 6151
f 6151 6152 6153
f 6151 6153 6154
f 6151 6154 6156
f 6156 6154 6157
f 6157 6154 6163
f 6157 6163 6164
f 6157 6164 6237
f 6237 6164 6199
f 6237 6199 6287
f 6287 6199 6259
f 929 1017 1049
f 13470 13471 13469
f 13469 13471 13340
f 12852 13020 13359
f 9021 9020 8965
f 13283 13379 13380
f 13283 13380 13272
f 8965 9020 9008
f 13272 13380 13381
f 13356 13381 13428
f 13472 13473 13397
f 9033 9073 9075
f 13448 10990 13517
f 13486 10976 10972
f 10976 10971 10972
f 13482 10977 13387
f 13480 13516 13479
f 9192 9206 9205
f 13354 13478 10995
f 13354 10995 13461
f 13461 10994 13431
f 9205 9232 9212
f 13308 13462 13451
f 13368 10975 13367
f 9244 9253 9245
f 13367 10982 13383
f 9253 9294 9268
f 13383 10981 13441
f 13441 10979 13384
f 13389 10966 10983
f 2338 9294 2337
f 10983 10948 13011
f 13011 10948 10961
f 13011 10961 12925
f 2338 2337 2261
f 10988 12927 12926
f 2302 2231 2261
f 12926 12927 12932
f 13293 13264 12932
f 2149 2101 2067
f 13264 13294 13324
f 2069 2070 2071
f 9866 9854 9873
f 2072 2089 2054
f 13203 13361 13204
f 9854 9855 9856
f 9855 9744 9856
f 9856 9744 9808
f 9744 9751 9808
f 3531 3382 3533
f 9751 9752 9808
f 9808 9752 9799
f 9729 9724 9749
f 9729 9749 9751
f 9751 9749 9752
f 13399 13400 13366
f 13366 13400 13404
f 13366 13404 13436
f 9716 9722 9724
f 9722 9728 9724
f 13436 13404 13437
f 9715 9720 9722
f 9715 9722 9716
f 13436 9360 9373
f 13436 13437 9360
f 9715 9719 9720
f 9373 9350 9370
f 9370 9357 9371
f 9370 9350 9357
f 9357 9731 9371
f 2048 2096 2049
f 9357 9801 9731
f 9731 9733 9721
f 9721 9733 9734
f 9801 9736 9731
f 9731 9736 9733
f 2095 2091 2075
f 2102 2099 2059
f 2098 2099 2161
f 2162 2201 2202
f 2243 2202 2295
f 9529 9634 9636
f 9529 9541 9535
f 9541 9539 9535
f 9535 9539 9538
f 9539 9540 9538
f 9636 9573 9529
f 9529 9573 9541
f 9636 9635 9573
f 9539 9546 9540
f 9573 9543 9541
f 9541 9543 9542
f 9541 9542 9539
f 9539 9545 9546
f 9635 9574 9573
f 9539 9542 9545
f 9574 9543 9573
f 9545 9548 9546
f 9627 9637 9635
f 9635 9637 9574
f 9542 9544 9545
f 9626 9632 9627
f 9627 9632 9637
f 9543 9544 9542
f 9544 9547 9545
f 9545 9547 9548
f 9574 9549 9543
f 9637 9632 9640
f 9637 9640 9549
f 9637 9549 9574
f 9549 9544 9543
f 9547 8053 9548
f 9544 9550 9547
f 9550 8049 9547
f 9547 8049 8053
f 8049 8048 8053
f 9626 9628 9632
f 9625 9628 9626
f 9550 9566 8049
f 9566 8043 8049
f 8043 8046 8048
f 8049 8043 8048
f 9625 9611 9614
f 9625 9614 9628
f 8043 8041 8046
f 8043 8042 8041
f 9611 9605 9614
f 9605 9613 9614
f 8040 8034 8041
f 9605 9606 9613
f 8040 8038 8034
f 8038 8025 8034
f 9606 9610 9613
f 9606 9609 9610
f 9609 9599 9610
f 9599 9598 9601
f 7504 2788 9597
f 2786 9597 2788
f 2786 2788 2787
f 11744 2788 7506
f 4825 4742 4675
f 4652 4627 4802
f 4802 4627 4798
f 6280 4798 6257
f 6257 4812 6167
f 6167 6290 6146
f 6290 6276 6146
f 6146 6276 6147
f 6147 6171 6152
f 6152 6171 6170
f 6152 6170 6153
f 6153 6155 6154
f 6154 6155 6163
f 6163 6183 6164
f 6164 6183 6199
f 6199 6183 6185
f 6199 6185 6259
f 6259 6238 6349
f 6259 6185 6238
f 929 638 1017
f 8989 8998 8990
f 13340 13446 12977
f 13446 13274 12977
f 13274 13021 12870
f 13020 13427 13359
f 13473 10990 13397
f 13452 13523 13488
f 13488 13523 13532
f 10962 10976 13532
f 13532 10976 13486
f 10972 10977 13482
f 10977 13481 13387
f 10977 10978 13481
f 9174 9192 9173
f 13481 13516 13480
f 13481 10978 13516
f 13479 13516 10992
f 13479 10992 13478
f 9206 9232 9205
f 13478 10991 10995
f 10994 10993 13431
f 10993 10974 13431
f 13431 10974 13462
f 9244 9232 9253
f 13451 10975 13368
f 10975 10989 13367
f 7243 7257 3697
f 13367 10989 10982
f 10982 10981 13383
f 1001 651 648
f 10981 10980 13441
f 10980 10979 13441
f 13384 10979 10966
f 13384 10966 13389
f 10983 10966 10947
f 10983 10947 10948
f 10948 10893 10961
f 12925 10961 10988
f 12927 10988 10895
f 12927 10943 13322
f 12927 13322 12932
f 12932 13322 13304
f 12932 13304 13293
f 1409 1398 1420
f 13293 13294 13264
f 13188 13198 13203
f 2054 2089 2055
f 13361 13362 13363
f 9808 9799 9857
f 9799 9815 9857
f 2055 2082 1986
f 9799 9800 9815
f 13399 13401 13400
f 9724 9750 9749
f 9749 9750 9753
f 9749 9753 9752
f 9753 9755 9752
f 9752 9755 9799
f 9799 9755 9800
f 9722 9720 9728
f 9724 9728 9750
f 9728 9756 9750
f 9350 9349 9357
f 9721 9734 9719
f 9357 9376 9801
f 9349 9352 9376
f 9357 9349 9376
f 9376 9844 9801
f 9376 9853 9844
f 9801 9803 9736
f 9816 9803 9844
f 9844 9803 9801
f 8602 8590 9736
f 9803 8602 9736
f 8590 9735 9736
f 2201 2294 2202
f 2295 2367 2357
f 9571 9522 9514
f 9522 9519 9514
f 9524 9520 9522
f 9522 9520 9519
f 9524 9634 9523
f 9524 9523 9520
f 9521 9523 9526
f 9633 9636 9634
f 9634 9529 9523
f 9523 9529 9526
f 9529 9534 9526
f 9526 9534 9525
f 9529 9535 9534
f 9534 9577 9525
f 9535 9538 9534
f 9534 9538 9577
f 9538 9588 9577
f 9624 9617 9635
f 9624 9635 9636
f 9538 9540 9588
f 9540 9589 9588
f 9540 10347 9589
f 9617 9627 9635
f 9617 9612 9627
f 9546 9548 9595
f 9548 10345 9595
f 9612 9626 9627
f 9612 9608 9626
f 9608 9607 9626
f 9607 9625 9626
f 9607 7472 9604
f 9607 9604 9625
f 9604 9611 9625
f 9604 7479 9603
f 9603 9605 9604
f 9604 9605 9611
f 9603 9606 9605
f 9603 9602 9606
f 9603 7482 9602
f 9602 9609 9606
f 9602 9599 9609
f 9602 7505 9599
f 9602 7483 7505
f 7505 9598 9599
f 7505 7504 9598
f 7504 7503 2788
f 2788 7503 7506
f 4627 4637 4798
f 4637 4628 4798
f 4798 4628 4799
f 4799 4698 4812
f 4812 4764 6290
f 6276 6290 6147
f 6290 6278 6147
f 6147 6278 6171
f 6171 6240 6170
f 6153 6158 6155
f 6163 6160 6183
f 6183 6184 6185
f 1049 1017 8870
f 6586 6585 13470
f 12870 13021 13020
f 13379 13359 13447
f 13379 13447 13380
f 9008 9020 9033
f 13381 13429 13428
f 13472 13429 13474
f 13472 13474 13473
f 13473 10996 10990
f 13517 13523 13452
f 13523 10962 13532
f 10971 10950 10972
f 10972 10950 10977
f 10977 10956 10978
f 10978 10957 13516
f 10992 10991 13478
f 13461 10995 10994
f 13462 10974 13451
f 10947 10894 10948
f 10894 10893 10948
f 10893 10892 10961
f 10961 10892 10988
f 10892 10895 10988
f 12927 10895 10943
f 13324 13294 13240
f 2070 2165 2071
f 13188 13197 13198
f 2089 2090 2055
f 2090 2082 2055
f 13363 13362 13399
f 9868 9815 9851
f 13399 13403 13401
f 9800 9806 9815
f 9815 9806 9851
f 9755 9762 9800
f 9800 9762 9806
f 9851 9806 9807
f 9720 9730 9728
f 9728 9730 9756
f 9756 9754 9750
f 9756 9758 9754
f 9750 9754 9753
f 9753 9754 9755
f 9754 9759 9755
f 9755 9759 9762
f 9759 9771 9762
f 9759 9761 9771
f 9762 9771 9806
f 9806 9771 9807
f 9771 9811 9807
f 9719 9727 9720
f 9720 9727 9730
f 9719 9738 9727
f 9727 9738 9741
f 9719 9734 9738
f 9734 9737 9738
f 9737 9740 9738
f 9376 9344 9853
f 9853 10097 9852
f 9733 9736 9735
f 9733 9735 9734
f 9852 9841 9816
f 9852 9861 9841
f 9852 9816 9853
f 9841 9817 9816
f 9817 8596 9816
f 9816 8596 9803
f 8596 8602 9803
f 2099 2241 2161
f 9817 8587 8596
f 2161 2241 2201
f 2241 2293 2201
f 2202 2330 2295
f 3775 3857 3807
f 9527 9509 9510
f 2295 2330 2367
f 2330 2356 2367
f 9585 9513 9527
f 9513 9506 9509
f 9527 9513 9509
f 9585 9571 9513
f 9642 9571 9585
f 9571 9514 9513
f 9642 9638 9571
f 9642 9391 9638
f 9513 9514 9506
f 9638 9522 9571
f 9514 9519 9511
f 9514 9511 9506
f 9638 9629 9522
f 9511 9508 9506
f 9629 9524 9522
f 9629 9633 9524
f 9519 9520 9511
f 9511 9517 9508
f 9633 9629 9622
f 9520 9518 9511
f 9511 9518 9517
f 9520 9521 9518
f 9521 9526 9518
f 9622 9624 9633
f 9526 9525 9518
f 9518 9525 9517
f 9622 9618 9624
f 9618 9617 9624
f 9618 7508 9617
f 7508 7486 9612
f 7508 9612 9617
f 7486 7468 7470
f 7486 7485 9608
f 7486 7470 7485
f 7486 9608 9612
f 7485 9607 9608
f 7485 7470 7472
f 7485 7472 9607
f 7472 7479 9604
f 7482 9603 7479
f 7482 7481 7483
f 7482 7483 9602
f 7505 7483 7492
f 7505 7492 7504
f 7504 7492 7503
f 7506 7507 4790
f 7506 4790 4834
f 4619 4616 4624
f 4628 4600 4716
f 4698 4483 4764
f 6290 4764 4632
f 6290 4632 6278
f 6278 4631 6240
f 6171 6278 6240
f 4631 4660 6240
f 6240 4660 6170
f 4660 4676 6153
f 6170 4660 6153
f 4676 6158 6153
f 6158 6159 6155
f 6155 6159 6160
f 6183 6160 6184
f 6185 6186 6238
f 8870 8866 8996
f 6585 13475 13471
f 13470 6585 13471
f 13475 13446 13471
f 13471 13446 13340
f 13274 13446 13021
f 8990 8998 9021
f 13021 10998 13020
f 13020 10998 13427
f 13427 10997 13359
f 13359 10997 13447
f 13447 10986 13380
f 9033 9020 9073
f 13429 10973 13474
f 9073 9108 9075
f 10990 10970 13517
f 13517 10970 13523
f 9075 9108 9145
f 13523 10970 10962
f 10962 10951 10976
f 9145 9179 9174
f 10951 10971 10976
f 9179 9191 9174
f 10951 10950 10971
f 10950 10956 10977
f 9174 9191 9192
f 9192 9207 9206
f 10957 10992 13516
f 10992 10955 10991
f 9206 9248 9232
f 10991 10954 10995
f 10995 10954 10994
f 9232 9248 9254
f 10994 10954 10993
f 10993 10954 10953
f 10993 10953 10974
f 9232 9254 9253
f 10974 10975 13451
f 10975 10952 10989
f 10989 10952 10982
f 9253 9309 9294
f 10982 10952 10942
f 10982 10942 10981
f 10979 10940 10966
f 10966 10940 10947
f 10947 10921 10894
f 10894 10920 10885
f 10894 10885 10893
f 10885 10884 10893
f 10885 10883 10884
f 10893 10884 10892
f 10884 10882 10892
f 2302 2299 2231
f 10892 10882 10895
f 10882 10887 10895
f 10895 10887 10943
f 10887 10900 10943
f 13322 10943 10944
f 13322 10944 13304
f 2231 2197 2149
f 13304 10944 13303
f 3547 3506 3504
f 13304 13303 13293
f 13293 13303 13294
f 2149 2197 2101
f 2068 2163 2070
f 13294 13420 13372
f 13294 13372 13240
f 13372 13305 13240
f 2070 2166 2165
f 13240 13305 13197
f 2071 2167 2072
f 13197 13225 13198
f 2072 2090 2089
f 9884 9863 9894
f 13361 13203 13362
f 9863 9868 9894
f 9868 9851 9881
f 13362 13458 13399
f 13458 10094 13399
f 13399 10094 13403
f 9882 9851 9874
f 9874 9807 9865
f 9807 9811 9865
f 9865 9811 9859
f 2097 2160 2096
f 9730 9757 9756
f 9756 9757 9758
f 9771 9778 9811
f 9811 9778 9859
f 9778 9772 9859
f 2160 2192 2096
f 9727 9741 9730
f 9758 9760 9754
f 9754 9760 9759
f 9761 9770 9771
f 9771 9770 9778
f 2096 2192 2093
f 9741 9742 9730
f 9760 9768 9761
f 9759 9760 9761
f 9761 9768 9770
f 9778 9770 9772
f 9738 9740 9741
f 2094 2191 2095
f 10096 9861 9852
f 10096 9852 10097
f 2095 2193 2091
f 9848 9841 9861
f 9735 9737 9734
f 2091 2238 2102
f 2102 2238 2239
f 9843 9845 9848
f 9848 9845 9841
f 8590 8608 9735
f 2102 2239 2099
f 9843 9819 9840
f 9843 9840 9845
f 9845 9840 9841
f 8588 8589 8590
f 8602 8588 8590
f 8554 8565 8560
f 8560 8565 9846
f 8565 9824 9846
f 9846 9824 9843
f 9824 9819 9843
f 9840 9817 9841
f 8596 8588 8602
f 9819 9817 9840
f 8596 8587 8573
f 8596 8573 8588
f 8554 8566 8565
f 8565 9821 9824
f 9821 9820 9824
f 9824 9820 9819
f 9820 8600 9819
f 9819 8600 8595
f 9819 8595 9817
f 9817 8595 8587
f 2201 2293 2294
f 8540 8557 8554
f 8554 8557 8566
f 8566 9822 8565
f 8565 9822 9821
f 9821 8601 9820
f 8601 8600 9820
f 8601 8593 8600
f 9579 9510 9515
f 9822 8605 9821
f 9821 8605 8601
f 8605 8594 8601
f 9643 9527 9579
f 9579 9527 9510
f 9510 9512 9515
f 9515 9512 9503
f 2202 2294 2330
f 8566 8612 9822
f 9822 8612 8605
f 9395 9527 9643
f 9512 9504 9503
f 9504 9502 9503
f 8557 9823 8566
f 8566 9823 8612
f 9823 8603 8612
f 9510 9509 9504
f 9510 9504 9512
f 8540 8541 8553
f 8540 8553 8557
f 9392 9585 9395
f 9395 9585 9527
f 9509 9505 9504
f 2367 2388 2416
f 8553 9825 8557
f 8557 9825 9823
f 9825 9826 9823
f 9392 9384 9382
f 9509 9506 9505
f 8541 8543 8553
f 8553 9827 9825
f 9389 9642 9392
f 9392 9642 9585
f 8543 8556 8553
f 8556 9827 8553
f 9389 9391 9642
f 9391 9396 9638
f 9506 8663 9505
f 9506 9507 8663
f 8556 9829 9827
f 9506 9508 9507
f 9638 9623 9629
f 9623 9622 9629
f 9621 9622 9623
f 9621 9618 9622
f 9621 9619 9618
f 9619 7508 9618
f 9619 7474 7508
f 7468 7486 7508
f 7470 7469 7471
f 7470 7471 7472
f 7472 7471 7479
f 7471 7480 7479
f 7480 7481 7479
f 7479 7481 7482
f 7481 7488 7483
f 7483 7488 7489
f 7489 7492 7483
f 7489 7496 7492
f 7492 7496 7500
f 7492 7500 7503
f 7507 7506 7503
f 7500 4762 7507
f 7503 7500 7507
f 7507 4762 4638
f 7507 4638 4790
f 4645 4567 4557
f 4632 4631 6278
f 4676 4568 6158
f 6158 4568 4693
f 4693 6159 6158
f 6160 6187 6184
f 6187 6186 6184
f 6184 6186 6185
f 6186 6250 6238
f 1017 8866 8870
f 6585 6572 13476
f 13476 13475 6585
f 13021 13446 13426
f 13021 13426 10998
f 13427 10998 10997
f 9021 9035 9020
f 10997 10985 13447
f 13447 10985 10986
f 10986 10987 13380
f 13380 10984 13381
f 13381 10984 13429
f 10984 10973 13429
f 13474 10968 13473
f 10968 10959 13473
f 13473 10959 10996
f 10996 10960 10990
f 10990 10960 10970
f 10970 10945 10962
f 10951 10925 10930
f 10930 10931 10951
f 10951 10931 10950
f 10956 10950 10927
f 9192 9191 9207
f 10956 10957 10978
f 10956 10946 10957
f 10957 10936 10955
f 10957 10955 10992
f 9206 9207 9248
f 10955 10938 10954
f 10955 10954 10991
f 10953 10929 10974
f 10929 10939 10974
f 9254 9309 9253
f 10974 10939 10975
f 10975 10939 10952
f 998 939 1001
f 2337 9294 9321
f 10981 10940 10980
f 10981 10942 10940
f 10980 10940 10979
f 10940 10921 10947
f 2337 2359 2302
f 10921 10920 10894
f 2359 2299 2302
f 2299 2197 2231
f 10884 10883 10881
f 10884 10881 10882
f 10881 10879 10882
f 10882 10879 10887
f 10887 10879 10900
f 10879 10871 10900
f 10900 10944 10943
f 2197 2196 2101
f 13303 10899 13294
f 10899 10999 13294
f 2101 2163 2068
f 13294 10999 13420
f 3536 3497 3552
f 13305 10481 13197
f 1572 1569 1577
f 2165 2167 2071
f 13197 10481 10559
f 13197 10559 10560
f 13197 10560 13225
f 13225 13226 13198
f 13203 13373 13362
f 13362 13373 10075
f 10075 13458 13362
f 10094 9365 13403
f 2159 2160 2097
f 9865 9859 9902
f 9867 9772 9862
f 9772 9773 9862
f 9862 9773 9860
f 2093 2192 2191
f 9730 9742 9748
f 9730 9748 9757
f 9757 9748 9758
f 9758 9748 9760
f 9760 9764 9768
f 9768 9769 9770
f 9770 9769 9772
f 9772 9769 9773
f 9748 9763 9760
f 9763 9764 9760
f 9764 9769 9768
f 9769 9774 9773
f 9773 9774 9775
f 2191 2193 2095
f 10639 8561 9858
f 9347 10097 9344
f 9740 9739 9742
f 9740 9742 9741
f 8538 8560 8561
f 9858 8561 9847
f 9858 9847 9441
f 10095 10090 9848
f 9740 9737 9739
f 2193 2238 2091
f 8538 8554 8560
f 8561 8560 9847
f 9847 9843 9441
f 9441 9843 9674
f 9674 9843 9848
f 9737 9591 9739
f 8560 9846 9847
f 9847 9846 9843
f 9735 9591 9737
f 2099 2239 2241
f 8606 8607 8590
f 8589 8606 8590
f 8607 8609 8608
f 8590 8607 8608
f 8608 8610 9735
f 8608 8609 8610
f 9735 8610 9591
f 8610 9592 9591
f 9578 9530 9533
f 9530 9532 9533
f 8538 8540 8554
f 8573 8575 8588
f 8588 8575 8589
f 9586 9516 9578
f 9578 9516 9530
f 9528 9531 9530
f 9530 9531 9532
f 9593 9592 9594
f 9593 9579 9586
f 9592 9593 9586
f 9586 9579 9515
f 9586 9515 9516
f 9516 9528 9530
f 8538 8530 8540
f 8595 8571 8587
f 8587 8571 8573
f 9593 9644 9579
f 9593 9594 9596
f 9593 9596 9644
f 9516 9503 9528
f 9528 9503 9501
f 9528 9501 9531
f 8600 8593 8595
f 8593 8571 8595
f 9644 9643 9579
f 3733 3807 3772
f 8601 8594 8593
f 9644 9383 9643
f 9644 9390 9383
f 9503 9502 9501
f 8597 8581 8594
f 9383 9390 9381
f 8612 8603 8597
f 8612 8597 8605
f 8605 8597 8594
f 9383 9385 9395
f 9383 9381 9380
f 9383 9380 9385
f 9504 8670 9502
f 2356 2388 2367
f 8521 8541 8530
f 8530 8541 8540
f 9823 8604 8603
f 9377 9382 9384
f 9377 9379 9382
f 9504 8658 8670
f 8521 8543 8541
f 9826 8604 9823
f 9382 9386 9389
f 9504 8661 8658
f 9825 8611 9826
f 9826 8611 8604
f 9389 9388 9391
f 9827 9828 9825
f 9825 9828 9835
f 9825 9835 8611
f 9391 9393 9396
f 8521 8527 8543
f 9827 9829 9828
f 9828 8619 9835
f 8543 8555 8556
f 8555 9829 8556
f 9641 9623 9638
f 8527 8544 8543
f 8543 8544 8555
f 9829 9831 9828
f 9828 9831 8619
f 8527 8539 8544
f 8555 9830 9829
f 9829 9830 9831
f 9641 9621 9623
f 8555 8544 9830
f 9641 9620 9621
f 9641 7513 9620
f 8539 8545 8544
f 8545 9832 8544
f 8544 9832 9830
f 9834 9833 9832
f 8545 8551 9832
f 8545 8546 8551
f 9620 7476 9619
f 9620 9619 9621
f 9620 7478 7476
f 7476 7474 9619
f 7474 7476 7475
f 7474 7473 7468
f 7468 7473 7469
f 7468 7469 7470
f 7469 7484 7471
f 7471 7484 7490
f 7490 7491 7480
f 7471 7490 7480
f 7491 7494 7480
f 7480 7493 7481
f 7480 7494 7493
f 7493 7488 7481
f 7493 7495 7488
f 7488 7495 7496
f 7496 7489 7488
f 7496 7527 7500
f 7500 7527 4803
f 7500 4803 4762
f 4762 4668 4612
f 4567 4407 4557
f 4557 4407 4462
f 4462 4407 4408
f 4480 4479 4537
f 4693 4796 6159
f 6159 4796 6160
f 6160 4722 6187
f 8998 9035 9021
f 10986 10963 10987
f 13380 10987 10984
f 10973 10968 13474
f 10959 10960 10996
f 9108 9179 9145
f 10945 10925 10962
f 10962 10925 10951
f 10930 10914 10931
f 10931 10904 10950
f 10956 10927 10946
f 10946 10936 10957
f 10936 10932 10955
f 10932 10938 10955
f 10953 10926 10929
f 10929 10928 10939
f 10939 10933 10952
f 9309 9321 9294
f 10933 10923 10942
f 10952 10933 10942
f 9321 2359 2337
f 10924 10940 10942
f 10924 10922 10940
f 10920 10886 10885
f 10920 10897 10886
f 10885 10886 10883
f 10886 10880 10883
f 10883 10880 10881
f 10881 10880 10879
f 10879 10880 10872
f 1519 1573 1555
f 10872 10871 10879
f 10871 10869 10900
f 10900 10869 10944
f 2197 2262 2196
f 10944 10869 10899
f 10944 10899 13303
f 2196 2163 2101
f 2163 2172 2070
f 2070 2172 2166
f 13420 10482 13372
f 10482 10486 13372
f 13372 10486 13305
f 2167 2169 2072
f 9886 9878 9885
f 2072 2169 2090
f 13226 13227 13203
f 13198 13226 13203
f 13203 13227 13373
f 9894 9881 9893
f 3597 3554 3636
f 13458 10077 10094
f 10084 9364 9365
f 10094 10084 9365
f 10094 10081 10084
f 10489 10496 10497
f 10496 8561 10497
f 10497 8561 10639
f 9775 7463 7459
f 10496 10490 8538
f 10496 8538 8561
f 10639 9858 10680
f 10680 9858 9434
f 10490 8529 8538
f 9434 9858 9429
f 10085 10091 10090
f 10085 10090 10086
f 10090 10092 10086
f 10092 10095 10093
f 9742 9581 9584
f 9742 9584 9748
f 9748 9584 9766
f 9766 9763 9748
f 9763 9765 9764
f 9764 9767 9769
f 9767 9777 9769
f 9767 9781 9777
f 9769 9777 9774
f 9777 9776 9774
f 9777 9781 9776
f 9774 9776 9775
f 9776 7463 9775
f 9776 7462 7463
f 9499 9496 9498
f 9739 9587 9581
f 9739 9581 9742
f 9581 9582 9584
f 9584 9582 9583
f 9584 9583 9766
f 9763 9766 9765
f 9766 9795 9765
f 9765 9767 9764
f 9765 9790 9767
f 9767 9790 9781
f 9591 9590 9587
f 9590 9578 9587
f 9587 9578 9533
f 9587 9533 9581
f 9581 9533 9536
f 9581 9536 9582
f 9536 9804 9583
f 9582 9536 9583
f 8529 8522 8538
f 8589 8615 8617
f 8589 8617 8606
f 9591 9592 9586
f 9591 9586 9590
f 9532 9537 9536
f 9536 9537 9804
f 8575 8591 8589
f 8609 7627 8610
f 9532 9531 9537
f 8573 8572 8575
f 7627 9594 8610
f 7627 7631 9594
f 8610 9594 9592
f 9531 8635 9537
f 8522 8530 8538
f 8571 8572 8573
f 7631 9596 9594
f 7631 7632 9596
f 9531 9501 9805
f 9531 9805 8635
f 9596 7632 10327
f 8578 8571 8593
f 9596 10327 9410
f 9501 9502 8656
f 9501 8656 9805
f 8522 8514 8530
f 8594 8581 8578
f 8594 8578 8593
f 9502 8655 8656
f 8769 2388 8770
f 8514 8521 8530
f 8597 8586 8581
f 9410 9378 9381
f 9502 8670 8655
f 8603 8586 8597
f 9380 9378 9377
f 8670 8649 8655
f 8603 8604 8586
f 9378 9409 9379
f 9377 9378 9379
f 8514 8503 8521
f 8503 8527 8521
f 8503 7878 8527
f 9397 9396 9393
f 9397 7516 9641
f 7878 7881 8527
f 9831 8620 8619
f 7516 7513 9641
f 7881 8539 8527
f 9831 9709 8620
f 7513 7478 9620
f 9830 9709 9831
f 9833 9708 9830
f 9830 9708 9709
f 7881 7879 8539
f 9708 7588 9709
f 7879 8546 8539
f 8546 8545 8539
f 9834 9707 9833
f 9833 9707 9708
f 9834 9704 9707
f 7478 7477 7476
f 9834 8551 9704
f 8551 9836 9704
f 7476 7477 7475
f 8546 8552 8551
f 7879 8547 8546
f 8546 8547 8552
f 9836 9837 9704
f 8547 9838 8552
f 8552 9838 9836
f 9836 9838 9837
f 7475 7473 7474
f 7879 7880 8547
f 9838 9839 9837
f 7880 7884 8547
f 8547 9839 9838
f 7884 9839 8547
f 7880 7882 7884
f 7884 7885 9839
f 7469 7473 7484
f 7493 7494 7520
f 7493 7520 7495
f 7495 7520 7533
f 7495 7533 7496
f 7496 7533 7527
f 7527 4633 4803
f 4803 4668 4762
f 4653 4722 4796
f 6187 4596 6186
f 6186 4596 6250
f 8866 8868 8996
f 8868 8997 8996
f 8996 8997 8989
f 6572 6588 10232
f 6572 10232 13476
f 13476 10232 13475
f 13475 10232 13446
f 13426 10227 10998
f 10998 10965 10997
f 10997 10965 10985
f 9035 9057 9020
f 10987 10964 10984
f 9073 9107 9108
f 10968 10937 10959
f 10959 10919 10960
f 10960 10945 10970
f 10960 10919 10945
f 10919 10915 10945
f 10945 10915 10925
f 10930 10925 10914
f 9191 9250 9207
f 10904 10927 10950
f 9207 9250 9262
f 9207 9262 9248
f 10946 10917 10936
f 10936 10875 10932
f 10932 10902 10938
f 10954 10938 10926
f 10954 10926 10953
f 10939 10928 10933
f 999 1020 998
f 10933 10898 10923
f 10942 10923 10924
f 10924 10888 10922
f 2359 2360 2299
f 2360 2329 2299
f 10940 10922 10921
f 10921 10897 10920
f 2299 2308 2197
f 3551 3547 3548
f 10886 10897 10874
f 10886 10874 10880
f 10880 10874 10873
f 10880 10873 10872
f 10873 10868 10872
f 10872 10868 10871
f 10868 10869 10871
f 10868 10866 10865
f 10868 10865 10869
f 10865 10499 10869
f 10869 10499 10899
f 10865 10473 10499
f 10899 10499 10483
f 10899 10483 10999
f 10483 10482 13420
f 10999 10483 13420
f 2166 2167 2165
f 10482 10478 10480
f 10482 10480 10486
f 10486 10480 10481
f 10486 10481 13305
f 3567 3512 3637
f 10480 10478 10479
f 10479 10495 10481
f 10480 10479 10481
f 10481 10495 10559
f 10559 10495 10560
f 10479 10492 10495
f 10495 10492 9662
f 10495 9662 10560
f 10560 9662 9665
f 9662 9659 9665
f 10560 9665 13225
f 9665 13259 13225
f 13225 13259 13226
f 10479 10484 10488
f 10479 10488 10492
f 13227 10071 13373
f 2090 2227 2082
f 10488 10493 10492
f 10493 9663 9662
f 10492 10493 9662
f 10484 10485 10488
f 10485 10493 10488
f 2082 2228 2159
f 13458 10075 10077
f 2228 2160 2159
f 10485 10494 10493
f 10493 10494 9663
f 10077 10081 10094
f 10485 10489 10494
f 10081 10077 10080
f 10489 10497 10494
f 10494 10497 10628
f 10081 10080 10084
f 10497 10639 10628
f 10639 9436 10628
f 10084 9366 9364
f 10080 10082 10083
f 10080 10083 10084
f 10084 10083 9366
f 9875 7459 7456
f 10467 10490 10489
f 10489 10490 10496
f 10639 10680 9436
f 9436 10680 9433
f 10083 10086 9366
f 10086 9356 9366
f 10491 8523 10490
f 10082 9496 10085
f 10082 9495 9496
f 10082 10085 10083
f 10086 10093 9356
f 8523 8529 10490
f 9496 10091 10085
f 9496 9495 9491
f 9496 9491 9498
f 9795 9583 9797
f 9795 9797 9796
f 9795 9796 9792
f 9795 9792 9765
f 9765 9792 9790
f 9790 9780 9781
f 9781 9780 9776
f 9780 9779 9776
f 9583 9804 9797
f 9804 8660 9797
f 8660 9796 9797
f 2239 2280 2241
f 3762 3715 3763
f 8523 8522 8529
f 8523 8512 8522
f 8575 8584 8591
f 9537 8650 9804
f 9804 8650 8660
f 2241 2317 2293
f 8572 8582 8575
f 9537 8635 8650
f 2293 2317 2294
f 8576 8574 8571
f 8571 8574 8572
f 2294 2355 2330
f 3772 10711 3868
f 8512 8514 8522
f 9805 8633 8634
f 9805 8634 8635
f 8578 8577 8571
f 7624 7623 10328
f 9805 8656 8633
f 2389 11859 8770
f 10328 7623 9413
f 8655 8639 8656
f 8639 8633 8656
f 2356 2389 2388
f 8649 8639 8655
f 9378 9412 9411
f 8500 8503 8514
f 9409 9411 9406
f 9397 7517 7516
f 7516 7517 7514
f 10332 10333 10329
f 7516 7514 7513
f 7878 7871 7881
f 7514 7511 7513
f 7513 7511 7478
f 7871 7879 7881
f 7478 7502 7477
f 9708 9707 9706
f 9708 9706 7588
f 7871 7874 7879
f 9704 9705 9707
f 7477 7487 7475
f 7874 7873 7879
f 7873 7880 7879
f 9704 9703 9705
f 9704 9702 9703
f 7475 7487 7473
f 9704 9837 9702
f 7873 7875 7880
f 9839 9701 9837
f 9837 9701 9702
f 7875 7882 7880
f 9839 9842 9701
f 7473 7498 7499
f 9842 9699 9701
f 9839 7885 9842
f 7882 7885 7884
f 7885 9699 9842
f 7473 7499 7484
f 7882 7877 7883
f 7882 7875 7877
f 7882 7883 7885
f 7885 9696 9699
f 7883 9696 7885
f 7484 7499 7490
f 7499 7518 7490
f 7518 7491 7490
f 7491 7530 7494
f 7530 7534 7494
f 7494 7534 7520
f 7520 7534 4807
f 7520 4807 7533
f 7533 4560 4826
f 7533 4826 7527
f 4826 4633 7527
f 4633 4505 4668
f 4541 4546 4545
f 4545 4547 4636
f 4722 4545 4636
f 6187 4636 4596
f 6589 10231 10232
f 6588 6589 10232
f 10232 10221 13446
f 13446 10221 13426
f 10227 10969 10998
f 10998 10969 10965
f 10985 10967 10986
f 9020 9057 9073
f 10986 10967 10963
f 10963 10964 10987
f 10964 10973 10984
f 10949 10968 10973
f 10937 10724 10959
f 10959 10724 10919
f 10919 10908 10915
f 10915 10911 10925
f 9179 9241 9191
f 10911 10914 10925
f 9241 9250 9191
f 10931 10914 10904
f 10927 10890 10917
f 10927 10917 10946
f 10917 10875 10936
f 9248 9262 9288
f 9288 9299 9248
f 10875 10902 10932
f 9248 9299 9254
f 7225 7261 7286
f 10938 10902 10926
f 10902 10838 10926
f 10926 10918 10929
f 10929 10918 10928
f 10928 10898 10933
f 939 893 842
f 10888 10924 10923
f 10888 10876 10922
f 10876 10921 10922
f 2299 2329 2308
f 10921 10878 10897
f 10897 10896 10874
f 10866 10864 10865
f 10865 10498 10473
f 10473 10483 10499
f 10864 10498 10865
f 10472 10469 10473
f 10498 10472 10473
f 10473 10478 10483
f 10473 10469 10478
f 10469 10465 10478
f 10460 10465 10469
f 10478 10465 10479
f 1594 9887 1601
f 9887 9885 1601
f 9885 1598 1601
f 9659 9660 9665
f 9665 9660 13259
f 1598 9885 9888
f 2226 2227 2090
f 10465 10484 10479
f 13259 13519 13226
f 13226 13519 13227
f 9662 9657 9659
f 13227 13519 10071
f 10460 10461 10465
f 9657 9658 9656
f 9890 9893 9892
f 2227 2228 2082
f 10461 10464 10465
f 10465 10464 10484
f 13373 10071 10075
f 9893 9904 9892
f 10484 10464 10485
f 9658 9661 9656
f 10069 10074 10071
f 10071 10074 10075
f 9658 9668 9661
f 10069 10068 10074
f 10075 10074 10077
f 2228 2230 2160
f 9658 9663 9668
f 9668 9663 10089
f 10068 10076 10074
f 10466 10467 10464
f 10467 10489 10485
f 10464 10467 10485
f 9663 10628 10089
f 10089 10087 10070
f 10076 10078 10074
f 10078 10079 10077
f 10074 10078 10077
f 10079 10080 10077
f 9900 9865 9903
f 10089 10628 9424
f 10089 9424 9423
f 10089 9423 10087
f 10078 9500 9492
f 10078 9492 10079
f 2160 2229 2192
f 10628 9436 9424
f 2192 2229 2191
f 10466 10491 10490
f 10466 10490 10467
f 9436 9420 9424
f 9492 9490 10079
f 9492 9488 9490
f 10079 9490 10082
f 10079 10082 10080
f 2191 2281 2193
f 8515 8523 10491
f 10082 9490 9495
f 3661 3675 3714
f 9490 9491 9495
f 2279 2239 2238
f 8515 8513 8523
f 9790 9785 9782
f 9790 9782 9780
f 9780 9782 9779
f 9776 9779 7462
f 9779 9818 7462
f 7462 9818 7460
f 9796 8660 9793
f 9796 9793 9792
f 9792 9787 9790
f 9790 9787 9785
f 2316 2317 2241
f 3832 3763 3836
f 8513 8512 8523
f 8654 13645 8660
f 8650 8654 8660
f 8660 13645 9794
f 8660 9794 9793
f 9793 9794 9789
f 9793 9789 9792
f 9792 9789 9787
f 8582 8583 8575
f 8575 8583 8584
f 8635 8631 8650
f 9794 13645 13650
f 9794 13650 9789
f 2317 2355 2294
f 3867 3868 10689
f 8574 8582 8572
f 8634 8631 8635
f 2330 2355 2356
f 3868 10711 10690
f 8504 8514 8512
f 8571 8577 8576
f 8578 8579 8577
f 8580 8579 8578
f 8581 8580 8578
f 7623 9414 9413
f 8639 8638 8636
f 8639 8636 8633
f 8504 8500 8514
f 8586 8585 8581
f 8581 8585 8580
f 8639 8643 8638
f 8598 8592 8586
f 8643 8639 8649
f 8500 8498 8496
f 9412 7618 9411
f 8649 8648 8643
f 8500 8496 8503
f 9411 9407 9406
f 8496 7878 8503
f 9399 9397 9398
f 8651 8647 8662
f 7872 7878 8496
f 9397 7519 7517
f 7872 7871 7878
f 7872 7869 7871
f 7511 7510 7478
f 7583 7588 7545
f 7478 7510 7502
f 7871 7869 7867
f 7867 7874 7871
f 7477 7502 7501
f 7867 7869 7866
f 9706 9705 7587
f 7867 7863 7874
f 7867 7866 7863
f 7863 7873 7874
f 9705 7585 7587
f 7487 7497 7473
f 7863 7866 7864
f 7473 7497 7498
f 9703 7586 7585
f 7497 7509 7498
f 9703 9702 7586
f 7865 7875 7873
f 7863 7865 7873
f 7863 7864 7865
f 7865 7864 7868
f 9701 9700 9702
f 9702 9700 7589
f 7498 7509 7499
f 7865 7868 7870
f 9699 9700 9701
f 7509 7526 7499
f 7865 7877 7875
f 7865 7876 7877
f 9699 9696 9697
f 9699 9697 9700
f 7876 7887 7877
f 7877 7887 7883
f 7883 9695 9696
f 9695 9697 9696
f 7891 7894 7887
f 7883 7887 9695
f 7887 7894 9695
f 7526 7531 7518
f 7499 7526 7518
f 7518 7531 7532
f 7518 7532 7530
f 7530 7532 7536
f 7530 7536 7534
f 7534 7536 4807
f 4596 4549 4552
f 1017 928 8866
f 8989 8997 8998
f 6576 7162 6593
f 6589 10225 10231
f 10232 10223 10221
f 10221 10227 13426
f 10227 10228 10969
f 10965 10958 10985
f 10985 10958 10967
f 9057 9107 9073
f 10964 10949 10973
f 9107 9177 9108
f 9177 9180 9108
f 10949 10937 10968
f 9108 9180 9179
f 10724 10912 10919
f 10912 10908 10919
f 10908 10911 10915
f 10911 10906 10914
f 10905 10904 10914
f 10903 10891 10904
f 10904 10891 10927
f 10891 10890 10927
f 10875 10790 10902
f 10902 10790 10838
f 10838 10790 10802
f 7286 7296 7319
f 10838 10918 10926
f 9309 9331 9321
f 10918 10898 10928
f 9321 9331 2359
f 10898 10835 10923
f 10835 10888 10923
f 10888 10834 10860
f 10888 10860 10876
f 10876 10877 10921
f 2197 2308 2262
f 10897 10878 10896
f 2196 2262 2163
f 10896 10870 10874
f 10874 10870 10873
f 10870 10863 10868
f 10873 10870 10868
f 10863 10867 10868
f 10868 10867 10866
f 10867 10864 10866
f 10864 10474 10498
f 10474 10472 10498
f 10474 10459 10472
f 2168 2169 2167
f 1594 1601 1595
f 10459 10460 10472
f 10472 10460 10469
f 2169 2226 2090
f 10460 10459 10458
f 1598 9888 9889
f 9660 10073 13259
f 13259 10073 13519
f 10073 10072 13519
f 9888 9890 9889
f 10458 10461 10460
f 13519 10072 10071
f 10065 10066 10071
f 10072 10065 10071
f 10458 10462 10461
f 10066 10069 10071
f 9896 9898 9897
f 10067 10068 10066
f 10066 10065 10064
f 10066 10064 10067
f 10066 10068 10069
f 10462 10463 10461
f 10461 10463 10464
f 10138 10089 10070
f 10138 10070 10067
f 10067 10070 10068
f 10070 10076 10068
f 10463 10466 10464
f 10070 10087 10076
f 2160 2230 2229
f 10463 10468 10466
f 10087 9423 9438
f 9438 9500 10076
f 10087 9438 10076
f 9438 9437 9500
f 10076 9500 10078
f 9500 9497 9492
f 10468 10491 10466
f 9423 9421 9422
f 9492 9497 9494
f 9492 9494 9488
f 2229 2282 2191
f 2191 2282 2281
f 10468 8515 10491
f 2281 2279 2193
f 9488 9489 9490
f 9488 9494 9489
f 2193 2279 2238
f 9489 9491 9490
f 9489 9494 9493
f 2239 2279 2280
f 9818 7464 7460
f 2280 2316 2241
f 3886 3836 10703
f 10703 3836 10687
f 10681 10682 10160
f 10682 11847 10160
f 9782 9783 9779
f 9783 13626 9779
f 13626 9818 9779
f 3836 3809 10687
f 10687 3809 10689
f 10687 10689 10681
f 10681 10689 10682
f 8654 13644 13645
f 13644 13646 13645
f 13646 13650 13645
f 9787 9786 9785
f 9786 9784 9785
f 9786 9812 9784
f 9785 9784 9782
f 9812 13620 9784
f 9782 9784 9783
f 9784 13620 9783
f 10689 10690 10682
f 10682 10690 11848
f 10682 11848 11847
f 8583 7609 8584
f 9787 9789 9788
f 9787 9788 9786
f 10690 11849 11848
f 8574 7608 8582
f 8633 8632 8631
f 13650 13631 9789
f 9789 13631 13630
f 9789 13630 9791
f 9789 9791 9788
f 2355 2395 2356
f 8577 7539 8576
f 7539 7604 8576
f 8576 7603 8574
f 8576 7604 7603
f 2395 2401 2389
f 2389 2401 2403
f 2389 2403 11859
f 11859 2403 11850
f 7623 7619 9414
f 8498 8500 8504
f 8586 8592 8585
f 7617 7618 9412
f 7617 9412 9415
f 8498 8495 8496
f 8648 8645 8643
f 8599 8592 8598
f 7580 8599 8598
f 8496 8495 8493
f 7577 8599 7580
f 9401 9402 9403
f 9400 7519 9399
f 7517 7519 7515
f 8493 8492 7872
f 7517 7515 7514
f 7872 8492 7902
f 7514 7515 7511
f 7902 7869 7872
f 7511 7523 7510
f 7902 7892 7869
f 7510 7512 7502
f 7502 7512 7501
f 7869 7892 7866
f 7587 7552 7543
f 7501 7497 7477
f 7497 7487 7477
f 7497 7501 7524
f 7886 7864 7866
f 7585 7586 7553
f 7586 7569 7553
f 7886 7889 7864
f 7497 7524 7509
f 7586 7589 7570
f 7864 7889 7868
f 7524 7535 7509
f 7868 7888 7870
f 7509 7535 7526
f 7870 7876 7865
f 9700 9697 7579
f 7870 7888 7876
f 7876 7888 7890
f 7890 7887 7876
f 7887 7890 7891
f 7894 4850 9695
f 9695 9698 9697
f 9695 4850 9698
f 7891 4847 7894
f 7526 7535 7531
f 7531 7535 7538
f 7531 7538 7532
f 7532 7538 4828
f 7532 4828 7536
f 7536 4828 4582
f 8866 928 8865
f 8866 8865 8868
f 8997 8999 8998
f 7347 10225 6589
f 6593 7347 6589
f 10225 10223 10231
f 10231 10223 10232
f 10969 10207 10965
f 10963 10941 10935
f 10963 10935 10964
f 9180 9240 9179
f 9179 9240 9241
f 10909 10901 10908
f 10912 10909 10908
f 10901 10907 10908
f 10908 10907 10911
f 9241 9251 9250
f 10907 10906 10911
f 10906 10905 10914
f 10903 10904 10905
f 10890 10794 10917
f 10917 10794 10875
f 9299 9288 9315
f 10794 10788 10875
f 10788 10790 10875
f 9299 9315 9309
f 10838 10837 10918
f 10837 10898 10918
f 10898 10836 10835
f 2359 9331 2360
f 1035 944 893
f 10835 10834 10888
f 10860 10833 10876
f 10876 10833 10877
f 10921 10877 10878
f 2308 2263 2262
f 2163 2260 2172
f 2260 2259 2172
f 10896 10862 10870
f 2172 2204 2166
f 10867 10863 10864
f 10863 10474 10864
f 10456 10459 10474
f 2225 2284 2226
f 10456 10458 10459
f 9889 9890 9891
f 10456 10457 10458
f 9660 9652 9666
f 9660 9666 10073
f 9890 4754 9891
f 2286 2228 2227
f 9666 10063 10073
f 10073 10063 10065
f 10073 10065 10072
f 9892 9896 9895
f 9652 9655 9667
f 9652 9667 9666
f 9666 9667 10063
f 9655 9664 9667
f 9667 10088 10063
f 10063 10088 10064
f 10063 10064 10065
f 10471 10470 10458
f 10458 10470 10462
f 9667 9664 10088
f 9898 9899 9897
f 10470 10463 10462
f 10470 8535 10463
f 10470 8548 8535
f 8535 10468 10463
f 9500 9437 9497
f 9437 9435 9647
f 9437 9647 9649
f 9437 9649 9497
f 9497 9649 9494
f 2282 2320 2281
f 8535 8518 10468
f 9422 9431 9435
f 9435 9431 9650
f 9435 9650 9647
f 9647 9650 9648
f 9647 9648 9649
f 9649 9648 9494
f 2281 2320 2279
f 8518 8515 10468
f 3714 3762 3827
f 8518 8509 8515
f 9431 9430 9650
f 9648 9493 9494
f 3762 3832 3827
f 3827 3832 3886
f 8509 8513 8515
f 10156 10676 10160
f 10156 10160 10150
f 9430 9432 9650
f 9650 9432 9651
f 9650 9651 9648
f 9648 9651 9493
f 10703 10687 10688
f 10676 10681 10160
f 11846 10151 10150
f 10160 11846 10150
f 11846 11856 10151
f 10688 10687 10676
f 10676 10687 10681
f 11852 11854 11856
f 8509 8506 8512
f 8509 8512 8513
f 8667 8666 8668
f 8667 8668 8669
f 8669 13643 13644
f 13644 13643 13646
f 13626 13624 9818
f 13624 7464 9818
f 13620 13621 9783
f 9783 13621 13626
f 2355 2420 2395
f 7610 7609 7590
f 13646 13633 13650
f 9812 13619 13620
f 8507 8505 8506
f 7608 7591 7609
f 7609 7591 7590
f 7590 7591 7592
f 13633 13632 13631
f 13650 13633 13631
f 9788 9802 9786
f 9786 9802 9812
f 9802 13619 9812
f 2403 2410 11849
f 8505 8504 8506
f 7608 7603 7593
f 7608 7593 7591
f 7591 7593 7592
f 7592 7596 7597
f 9791 13630 13649
f 9788 9791 9802
f 9791 13649 9802
f 4830 4831 8577
f 8579 4830 8577
f 8577 4831 7539
f 7539 4831 7537
f 7604 7539 7602
f 7604 7602 7603
f 7603 7602 7600
f 7603 7600 7593
f 8504 8499 8498
f 8504 8505 8499
f 8580 4829 4830
f 8580 4830 8579
f 7539 7529 7602
f 7539 7537 7529
f 7596 7605 7597
f 7597 7605 7607
f 7597 7607 7612
f 7612 7607 7619
f 8585 4829 8580
f 7537 7525 7529
f 7529 7601 7602
f 7602 7601 7600
f 7600 7601 7594
f 7600 7594 7593
f 7593 7594 7592
f 7592 7594 7595
f 7592 7595 7596
f 7596 7595 7606
f 7596 7606 7605
f 7605 7606 7617
f 7617 9415 7607
f 7605 7617 7607
f 8499 8495 8498
f 7529 7594 7601
f 7606 7618 7617
f 8592 4748 8585
f 7529 7599 7594
f 7594 7599 7598
f 7594 7598 7595
f 7595 7616 7606
f 7606 7616 7618
f 8645 8644 8643
f 8599 4748 8592
f 7599 7529 7522
f 7599 7522 7613
f 7599 7613 7614
f 7599 7614 7598
f 7598 7614 7595
f 7595 7614 7615
f 7595 7615 7616
f 8495 8494 8493
f 7577 4749 8599
f 7613 7522 9400
f 7613 9400 9401
f 7613 9401 7614
f 8646 4514 8645
f 8647 8646 8645
f 7522 7519 9400
f 7522 7521 7519
f 8651 8646 8647
f 7515 7521 7523
f 7515 7523 7511
f 7523 7528 7510
f 7510 7528 7512
f 7501 4605 7524
f 7866 7892 7886
f 7524 4605 4604
f 7524 4604 7535
f 7868 7889 7895
f 4604 4392 7535
f 7868 7895 7888
f 7888 7895 7893
f 7535 4392 4836
f 7888 7893 7890
f 9698 7582 7581
f 7890 4848 7891
f 4850 7582 9698
f 7891 4848 4847
f 7894 4847 4850
f 7535 4836 7538
f 7538 4836 4432
f 928 8863 8865
f 7347 7297 10225
f 7297 7343 10225
f 7343 10216 10223
f 10225 7343 10223
f 10216 10218 10223
f 10223 10218 10221
f 10221 10222 10227
f 10227 10222 10228
f 10228 10209 10969
f 10969 10209 10207
f 10967 10941 10963
f 10967 10741 10941
f 10964 10935 10949
f 10935 10934 10949
f 10949 10721 10937
f 10721 10724 10937
f 10724 10916 10912
f 10724 10748 10916
f 10912 10916 10913
f 9241 9240 9251
f 10913 10909 10912
f 10901 10906 10907
f 10906 10777 10905
f 10905 10777 10903
f 10777 10775 10903
f 10775 10891 10903
f 9262 9308 9288
f 10891 10776 10890
f 10890 10776 10794
f 10788 10787 10790
f 10787 10791 10790
f 10791 10802 10790
f 10791 10801 10802
f 9315 9332 9309
f 10802 10801 10838
f 10838 10801 10837
f 9331 2437 2360
f 10837 10836 10898
f 2437 2390 2360
f 10834 10816 10817
f 10834 10817 10860
f 2308 2329 2365
f 10860 10817 10833
f 2308 2365 2263
f 10833 10830 10877
f 10877 10830 10878
f 10830 10849 10878
f 2263 2260 2163
f 3710 3541 3687
f 10878 10849 10896
f 3542 3553 3688
f 2259 2204 2172
f 10849 10862 10896
f 4100 3984 4101
f 2166 2204 2203
f 10862 10861 10870
f 10870 10861 10863
f 4101 4113 4117
f 2203 2225 2168
f 10861 10476 10863
f 10476 10474 10863
f 4117 4113 4118
f 2168 2225 2169
f 10476 10455 10474
f 10455 10456 10474
f 2284 2283 2226
f 2227 2283 2285
f 9892 9895 4754
f 10457 10471 10458
f 9895 9897 4835
f 4642 4721 4733
f 10471 8568 10470
f 10471 10541 8568
f 8568 8548 10470
f 8548 8534 8535
f 3796 3714 3826
f 8535 8534 8518
f 3714 3827 3826
f 4524 4508 4501
f 2279 2320 2344
f 2279 2344 2280
f 3827 3886 10708
f 3886 10703 10708
f 10708 10703 10694
f 10694 10703 10688
f 10158 10676 10156
f 10158 10156 10142
f 10142 10156 10144
f 2280 2361 2316
f 10151 11858 10147
f 4504 4501 4500
f 8676 8672 8675
f 8676 8675 8668
f 8668 8675 8678
f 8668 8678 8679
f 8679 8678 13642
f 8679 13642 13643
f 4788 4789 7464
f 2316 2400 2317
f 8664 8671 8666
f 13643 13642 13641
f 13643 13641 13646
f 7464 13624 4788
f 8509 8507 8506
f 13646 13641 13633
f 13621 13624 13626
f 8632 8640 8630
f 13620 13619 13621
f 13619 13622 13621
f 11851 11853 11854
f 13631 13632 13628
f 9802 13623 13619
f 2413 2404 2401
f 2401 2404 2403
f 2403 2404 2405
f 2403 2405 2410
f 8636 8637 8632
f 13631 13628 13630
f 13630 13629 13649
f 4064 4453 4831
f 8636 4563 8637
f 4829 4449 4830
f 4831 4453 7537
f 8638 8642 4563
f 8638 4563 8636
f 8585 4747 4829
f 7537 4453 4452
f 7537 4452 7525
f 8643 8642 8638
f 8644 8642 8643
f 8499 8497 8495
f 8497 8494 8495
f 8599 4749 4748
f 7525 7521 7522
f 7525 7522 7529
f 7525 4452 4470
f 7525 4470 7521
f 4514 8644 8645
f 8497 8501 8494
f 8652 8646 8651
f 8492 8494 7900
f 8492 7900 7902
f 4470 4797 7523
f 7521 4470 7523
f 7902 7900 7899
f 4797 4428 7523
f 7523 4428 7528
f 7902 7899 7892
f 7528 4427 7512
f 7512 4427 4820
f 7892 7896 7886
f 7886 7896 7898
f 7886 7898 7889
f 7889 7898 7903
f 7890 4843 4848
f 4850 7584 7582
f 640 8863 928
f 8997 8868 8999
f 8998 9062 9035
f 7343 7292 10217
f 7343 10217 10216
f 10216 10213 10218
f 10218 10219 10221
f 10218 10213 10219
f 10219 10222 10221
f 9035 9062 9057
f 10222 10229 10228
f 10229 10209 10228
f 10207 10205 10965
f 9057 9109 9107
f 10205 10958 10965
f 10967 10958 10741
f 10935 10738 10934
f 10934 10718 10949
f 10949 10718 10721
f 9180 9242 9240
f 10721 10720 10724
f 10720 10725 10724
f 10724 10725 10748
f 10748 10751 10916
f 10751 10755 10916
f 10755 10913 10916
f 10913 10910 10909
f 10909 10910 10901
f 10901 10889 10906
f 10906 10773 10777
f 10775 10776 10891
f 9288 9308 9315
f 9308 9325 9315
f 7294 7293 7316
f 10776 10779 10794
f 10779 10782 10794
f 10782 10788 10794
f 10788 10782 10787
f 10801 10818 10837
f 10818 10836 10837
f 10836 10816 10835
f 2390 2391 2329
f 2391 2365 2329
f 10835 10816 10834
f 3664 3720 3764
f 10817 10821 10833
f 3720 3712 3839
f 10821 10830 10833
f 3712 3710 3777
f 3710 3687 3777
f 10475 10476 10861
f 3769 3702 3820
f 2227 2285 2286
f 3820 3702 3810
f 10455 10453 10456
f 3705 3770 3810
f 10453 10457 10456
f 2318 2319 2228
f 10457 10540 10471
f 7467 7466 4845
f 2228 2319 2230
f 10540 10541 10471
f 4036 4010 4037
f 2230 2319 2282
f 10540 10561 10541
f 4733 4721 4650
f 4846 7465 4853
f 3721 3711 3792
f 8568 8549 8548
f 2282 2363 2320
f 8549 8534 8548
f 8549 8550 8534
f 3814 3796 3863
f 3796 3826 3863
f 3826 3827 3863
f 3863 3827 10708
f 8534 8528 8517
f 8528 8510 8517
f 8517 8518 8534
f 2344 2362 2280
f 2280 2362 2361
f 10694 10688 10675
f 10675 10676 10159
f 10159 10676 10158
f 10675 10688 10676
f 8517 8509 8518
f 2316 2361 2400
f 11004 10146 11858
f 11857 11004 11858
f 8672 8673 8674
f 8672 8674 8675
f 8675 8674 8681
f 8675 8681 8678
f 8678 8681 13640
f 8678 13640 13642
f 13642 13640 13641
f 13640 13638 13641
f 13624 13625 4788
f 13641 13638 13648
f 13641 13648 13633
f 13621 4761 4607
f 13621 4607 13624
f 13624 4607 13625
f 2413 2412 2404
f 8632 8641 8640
f 13633 13648 13634
f 4760 4761 13621
f 13622 4760 13621
f 8507 8508 8505
f 8632 8637 8641
f 13633 13634 13632
f 13623 13622 13619
f 2404 2406 2405
f 2406 2409 2410
f 2405 2406 2410
f 13630 13628 13629
f 13629 13627 13649
f 13649 13627 9802
f 8516 8505 8508
f 8526 8520 8499
f 8526 8499 8516
f 8516 8499 8505
f 8520 8497 8499
f 8644 4441 8642
f 8502 8569 8501
f 8497 8502 8501
f 8501 8570 8494
f 4442 4443 4470
f 8646 4413 4514
f 4750 4608 4669
f 4470 4443 4797
f 4797 4443 4428
f 4428 4427 7528
f 7899 7897 7892
f 7897 7896 7892
f 7889 7903 7895
f 7903 7904 7895
f 7895 7904 7905
f 7905 4766 4843
f 7905 4843 7890
f 4843 4718 4847
f 4848 4843 4847
f 4847 4718 4737
f 4847 4737 4850
f 4850 4737 7584
f 8999 9000 8998
f 8998 9000 9062
f 10217 10215 10216
f 10216 10215 10213
f 10213 10214 10219
f 10219 10220 10222
f 10222 10220 10229
f 7268 7349 7318
f 10229 10230 10209
f 10230 10208 10209
f 10208 10206 10207
f 10209 10208 10207
f 9109 9177 9107
f 10205 10853 10958
f 10205 10855 10853
f 10958 10853 10741
f 10941 10741 10739
f 10941 10739 10935
f 10739 10738 10935
f 10718 10717 10721
f 10717 10720 10721
f 10717 10716 10720
f 10716 10725 10720
f 9251 9281 9250
f 10755 10762 10913
f 10913 10762 10910
f 9250 9298 9262
f 10762 10798 10910
f 10910 10764 10901
f 10901 10764 10889
f 9262 9298 9308
f 10889 10773 10906
f 10773 10767 10770
f 10773 10770 10777
f 10770 10775 10777
f 7294 7316 7323
f 10775 10774 10776
f 10779 10781 10782
f 7320 7342 7328
f 7320 7346 7342
f 9325 9340 9332
f 10787 10786 10791
f 10786 10800 10791
f 10791 10800 10801
f 10800 10808 10801
f 10808 10818 10801
f 10836 10818 10816
f 10816 10815 10817
f 2365 2418 2263
f 10815 10821 10817
f 3712 3777 3840
f 10821 10823 10830
f 10830 10823 10849
f 3840 3777 3831
f 10823 10826 10849
f 10826 10862 10849
f 3616 3723 3844
f 10826 10861 10862
f 10826 10475 10861
f 10475 10454 10476
f 10454 10455 10476
f 3855 3820 3869
f 3820 3810 3869
f 10454 10453 10455
f 3869 3810 3891
f 3810 3847 3891
f 10454 10443 10453
f 3847 3848 10709
f 10453 10487 10457
f 3848 3755 3864
f 10442 10440 10453
f 10453 10440 10487
f 10487 10537 10457
f 10457 10537 10540
f 2282 2319 2345
f 10440 10537 10487
f 10537 10561 10540
f 3792 3758 3864
f 3864 3758 3870
f 10561 10611 10541
f 2282 2345 2363
f 3758 3814 3870
f 8550 8549 8568
f 10541 8550 8568
f 10541 10611 8550
f 2363 2364 2320
f 3814 3863 10702
f 2364 2374 2320
f 3863 10708 10701
f 10701 10708 10667
f 8550 8528 8534
f 10694 10675 10647
f 10667 10694 10647
f 10503 10647 10159
f 10503 10159 10155
f 10159 10149 10155
f 2344 2431 2362
f 10647 10675 10159
f 10149 10148 10152
f 10148 10146 10153
f 11004 10154 10146
f 8510 8509 8517
f 4740 4706 4707
f 8673 8677 8680
f 8673 8680 8674
f 8674 8680 13647
f 8674 13647 8681
f 8681 13647 13639
f 8681 13639 13640
f 8510 8511 8507
f 8510 8507 8509
f 13640 13639 13638
f 8641 8653 8640
f 13648 13636 13634
f 2412 2407 2404
f 2404 2407 2406
f 8511 8508 8507
f 8637 4672 8641
f 4436 4760 13622
f 13623 4436 13622
f 2406 2408 2409
f 2409 2408 2411
f 2409 8563 8564
f 11001 2409 8564
f 2409 2411 8563
f 8526 8516 8508
f 13628 13627 13629
f 13627 4436 13623
f 8537 8520 8536
f 8563 8537 8536
f 8536 8520 8526
f 4563 4419 8637
f 8537 8525 8520
f 8537 2440 8525
f 8525 8497 8520
f 4441 4563 8642
f 8525 8502 8497
f 8525 8569 8502
f 8569 4839 8501
f 8501 4839 8570
f 7901 7900 8494
f 8570 7901 8494
f 8570 4824 7901
f 7901 4813 7900
f 4813 4814 7899
f 7900 4813 7899
f 7899 4814 7897
f 7897 4769 4782
f 7897 4782 7896
f 4782 4780 7896
f 7896 4780 7898
f 7903 4765 7904
f 4765 4766 7905
f 7904 4765 7905
f 640 728 8863
f 9057 9062 9109
f 7349 10212 10215
f 7349 7348 10212
f 10212 10211 10213
f 10215 10212 10213
f 10212 7348 10211
f 10213 10211 10214
f 10214 10211 10224
f 10219 10214 10220
f 10214 10224 10220
f 10229 10220 10230
f 10220 10238 10230
f 10197 10205 10207
f 10206 10197 10207
f 10197 10198 10205
f 9109 9139 9177
f 10205 10198 10855
f 9177 9221 9180
f 9180 9221 9242
f 9242 9256 9240
f 9240 9256 9251
f 9251 9256 9281
f 9281 9305 9250
f 9250 9305 9298
f 10754 10763 10762
f 10762 10763 10798
f 10763 10764 10799
f 10798 10763 10799
f 10763 10758 10764
f 10889 10765 10773
f 10770 10774 10775
f 9298 9334 9325
f 7323 7316 7328
f 10776 10774 10779
f 10779 10778 10781
f 10781 10786 10782
f 10781 10784 10786
f 10782 10786 10787
f 9332 9340 2437
f 10800 10807 10808
f 2437 2436 2390
f 10807 10809 10808
f 10808 10809 10818
f 10809 10816 10818
f 2391 2419 2365
f 10809 10813 10816
f 2418 2421 2263
f 10813 10815 10816
f 3712 3840 3856
f 10815 10822 10821
f 10822 10823 10821
f 3840 3831 3885
f 2259 2425 2204
f 3885 3831 3844
f 10822 10824 10823
f 10823 10824 10826
f 2428 2430 2204
f 10824 10477 10826
f 2204 2430 2203
f 2203 2430 2225
f 3845 3846 10705
f 10477 10475 10826
f 2225 2434 2284
f 3846 3855 10706
f 3855 3869 10706
f 10706 3869 10693
f 3869 3891 10693
f 10693 3891 10686
f 3891 10709 10696
f 10686 3891 10696
f 2286 4771 2318
f 10696 10709 10700
f 10709 3864 10700
f 10443 10442 10453
f 10700 3864 10691
f 10437 10442 10443
f 3864 3870 10691
f 3870 10685 10691
f 10437 10440 10442
f 2345 2432 2363
f 10437 10439 10440
f 10440 10567 10537
f 10567 10596 10537
f 10567 10615 10596
f 10596 10561 10537
f 2363 2432 2364
f 3870 10702 10679
f 10685 3870 10679
f 10441 10438 10437
f 10437 10438 10439
f 10439 10568 10566
f 10439 10566 10440
f 10440 10566 10567
f 10567 10566 10662
f 10596 10611 10561
f 10679 10702 10655
f 10441 10502 10438
f 10611 8531 8550
f 10702 10701 10655
f 10701 10667 10655
f 10655 10667 10642
f 10642 10667 10502
f 10502 10667 10647
f 10502 10647 10503
f 10502 10503 10438
f 10438 10503 10439
f 10439 10503 10569
f 10439 10569 10568
f 10503 10155 10569
f 10155 10619 10569
f 8531 8528 8550
f 4067 4056 4054
f 2374 2431 2344
f 10155 10152 10619
f 8531 8519 8528
f 2431 2361 2362
f 10619 10152 10616
f 8519 8510 8528
f 4562 4517 4580
f 10152 10153 10616
f 10154 10617 10616
f 10153 10154 10616
f 10616 10617 8567
f 8567 8533 8542
f 8542 8533 8519
f 11004 10618 10154
f 10154 10618 10617
f 10617 10618 8567
f 10618 8532 8567
f 8567 8532 8533
f 8533 8511 8519
f 8519 8511 8510
f 11004 11002 10618
f 8533 8532 8511
f 8677 8682 8683
f 8677 8683 8680
f 8680 8683 13595
f 8680 13595 13647
f 13647 13595 13639
f 4741 4818 2412
f 10618 11002 8558
f 8677 8665 8682
f 8682 13593 8683
f 8683 13593 13594
f 8683 13594 13595
f 13595 13594 13639
f 13639 13594 13638
f 2412 4818 2407
f 11002 11000 8558
f 8558 8524 8532
f 8532 8524 8511
f 8665 8653 8682
f 8641 8659 8653
f 13594 13636 13638
f 13594 13637 13636
f 13638 13636 13648
f 13636 13637 13635
f 13636 13635 13634
f 11000 8564 8558
f 8558 8564 8536
f 8558 8536 8524
f 8524 8508 8511
f 4418 4419 4397
f 13634 13635 13632
f 13635 4793 13632
f 4436 4251 4760
f 2406 2407 2408
f 8564 8563 8536
f 8637 4419 4672
f 13632 4793 13628
f 4793 4601 13628
f 13628 4601 13627
f 13627 4601 4436
f 2411 8537 8563
f 2411 2440 8537
f 2411 2408 2440
f 2440 8569 8525
f 8569 2440 4839
f 8570 4839 4824
f 4824 4813 7901
f 4814 4769 7897
f 4780 4781 7898
f 7898 4781 7903
f 7903 4781 4765
f 4467 4107 4569
f 4765 4422 4509
f 4765 4509 4766
f 4509 4437 4718
f 4718 4437 4737
f 8865 8863 8867
f 8865 8867 8868
f 10224 10233 10220
f 10220 10233 10238
f 10238 10201 10230
f 10230 10201 10208
f 9109 9062 9139
f 7348 10210 10211
f 7348 7269 7359
f 7348 7359 10210
f 7259 7311 7269
f 10746 10756 10754
f 10754 10756 10763
f 10756 10758 10763
f 10764 10758 10889
f 10758 10765 10889
f 7322 7323 7335
f 10765 10767 10773
f 10767 10769 10770
f 7323 7328 7352
f 10770 10769 10774
f 10774 10769 10778
f 9334 4804 9325
f 9325 4804 9340
f 7352 7342 7358
f 10774 10778 10779
f 10778 10783 10781
f 10781 10783 10784
f 9340 4805 4817
f 10786 10784 10789
f 10789 10792 10786
f 10786 10792 10800
f 4817 2436 2437
f 10792 10803 10800
f 10803 10807 10800
f 10807 10810 10809
f 10810 10812 10809
f 10812 10813 10809
f 10812 10814 10813
f 10814 10815 10813
f 3889 3840 3885
f 10814 10827 10815
f 10815 10827 10822
f 3885 3844 10710
f 10827 10829 10822
f 10829 10825 10822
f 10710 3844 10695
f 10825 10824 10822
f 3845 10705 10695
f 10695 10705 10678
f 10825 10831 10824
f 10824 10831 10477
f 2430 2434 2225
f 10831 10450 10477
f 10705 10706 10674
f 10477 10450 10475
f 10706 10693 10674
f 10674 10693 10670
f 10450 10452 10475
f 10693 10686 10670
f 10452 10454 10475
f 10686 10696 10671
f 10696 10677 10671
f 10452 10443 10454
f 10452 10446 10443
f 10696 10700 10677
f 10677 10700 10664
f 2318 4771 2319
f 10446 10445 10443
f 10700 10691 10664
f 10664 10691 10665
f 10445 10444 10443
f 10665 10691 10666
f 10444 10437 10443
f 10445 10448 10441
f 10445 10441 10444
f 10666 10685 10654
f 10685 10679 10654
f 10654 10679 10653
f 10448 10606 10441
f 10444 10441 10437
f 10679 10655 10653
f 10653 10655 10627
f 10627 10655 10642
f 10627 10642 10606
f 10642 10502 10606
f 10606 10502 10441
f 10615 10612 10596
f 10614 10613 10612
f 10612 10613 8562
f 10612 8562 10596
f 10596 8562 10611
f 8562 8531 10611
f 2364 2431 2374
f 10672 10619 10614
f 10614 10619 10613
f 10613 8559 8562
f 8562 8559 8531
f 10619 10616 10613
f 10613 10616 8559
f 8559 8542 8531
f 8559 10616 8567
f 8559 8567 8542
f 10618 8558 8532
f 8641 4523 8659
f 4523 4267 8659
f 8659 13637 13594
f 13593 8659 13594
f 8659 4267 13637
f 13637 4267 13635
f 4267 4266 13635
f 4672 4522 4523
f 4672 4523 8641
f 4266 4278 4793
f 13635 4266 4793
f 4278 4262 4263
f 2440 2442 4839
f 4824 4770 4813
f 4813 4713 4814
f 4814 4713 4769
f 728 764 8863
f 8868 8867 8999
f 10233 10203 10238
f 10238 10203 10201
f 10224 10234 10233
f 10210 7356 10211
f 10211 7356 10224
f 7356 10226 10224
f 7359 7356 10210
f 7359 7311 7356
f 9139 9221 9177
f 9221 9258 9242
f 9242 9258 9256
f 7325 7336 7363
f 9281 9326 9305
f 7336 7357 7363
f 9305 9338 9298
f 10746 10757 10756
f 10756 10757 10758
f 7335 7323 7357
f 10757 10759 10758
f 7323 7362 7357
f 10759 10765 10758
f 9298 9339 9334
f 10759 10766 10765
f 10766 10767 10765
f 10766 10768 10767
f 10768 10769 10767
f 7362 7352 10692
f 7352 7358 10692
f 10692 7358 10699
f 10768 10771 10769
f 10771 10778 10769
f 10771 10780 10778
f 4804 4805 9340
f 10780 10793 10778
f 10793 10783 10778
f 7358 7346 7361
f 10783 10793 10785
f 7346 7345 7361
f 10783 10785 10784
f 10785 10796 10784
f 10784 10796 10789
f 10796 10804 10789
f 10789 10804 10792
f 10792 10844 10803
f 3866 3859 10698
f 10844 10839 10803
f 10698 3859 10697
f 10803 10811 10807
f 10839 10811 10803
f 10811 10810 10807
f 3859 3856 10697
f 10811 10819 10810
f 10810 10819 10812
f 10819 10820 10812
f 10819 10515 10820
f 3856 3889 3890
f 3890 3889 10684
f 10820 10814 10812
f 3889 3885 10683
f 10684 3889 10683
f 10820 10828 10814
f 3885 10710 10683
f 10683 10710 10673
f 10814 10828 10827
f 10828 10511 10827
f 10710 10695 10673
f 10673 10695 10657
f 10657 10695 10656
f 10827 10847 10829
f 10695 10678 10656
f 10656 10678 10638
f 10847 10848 10829
f 10829 10848 10825
f 10678 10674 10638
f 10638 10674 10631
f 10848 10832 10825
f 10825 10832 10831
f 10674 10637 10631
f 10848 10451 10832
f 10674 10670 10637
f 10832 10450 10831
f 10637 10670 10629
f 10832 10451 10450
f 10670 10671 10629
f 10451 10449 10450
f 10671 10677 10607
f 10449 10447 10446
f 10449 10446 10450
f 10677 10664 10607
f 10664 10636 10607
f 10450 10446 10452
f 10447 10445 10446
f 10664 10665 10636
f 10665 10633 10636
f 10665 10666 10633
f 10633 10654 10630
f 10501 10606 10447
f 10447 10606 10448
f 10447 10448 10445
f 10633 10666 10654
f 10630 10627 10501
f 10501 10627 10606
f 10654 10653 10630
f 10630 10653 10627
f 2407 4656 2408
f 2408 4656 2442
f 4664 4663 4770
f 4713 4070 4648
f 4074 4071 4077
f 8863 8861 8867
f 9000 9025 9062
f 9062 9110 9139
f 10233 10234 10202
f 10226 10234 10224
f 10226 10237 10234
f 7356 7326 10226
f 9139 9225 9221
f 7317 7364 7338
f 9256 9319 9281
f 7364 7363 10649
f 9281 9319 9326
f 7363 10643 10646
f 10649 7363 10646
f 7363 7357 10643
f 10643 7357 10652
f 10750 10749 10747
f 10747 10749 10746
f 7357 7362 10652
f 10750 10843 10749
f 10746 10749 10760
f 10746 10760 10757
f 10652 7362 10644
f 10757 10760 10759
f 7362 10692 10644
f 10760 10805 10761
f 10760 10761 10759
f 10759 10761 10766
f 10761 10795 10766
f 10766 10795 10768
f 10692 10663 10644
f 10692 10699 10663
f 10795 10797 10768
f 10797 10772 10768
f 10768 10772 10771
f 10699 10641 10663
f 10772 10842 10771
f 10699 7361 10641
f 10842 10840 10771
f 10771 10840 10780
f 7361 10707 10641
f 10641 10707 10659
f 10840 10841 10780
f 4805 4784 4817
f 10841 10793 10780
f 10707 10658 10659
f 10793 10796 10785
f 10793 10535 10796
f 10707 3866 10658
f 3866 10698 10658
f 10658 10698 10648
f 10846 10844 10804
f 10804 10844 10792
f 10698 10697 10648
f 10846 10526 10844
f 10648 10697 10669
f 10526 10839 10844
f 10526 10522 10839
f 10522 10529 10839
f 10529 10811 10839
f 10697 10704 10669
f 10704 10668 10669
f 10529 10852 10811
f 10811 10852 10819
f 10704 3890 10668
f 10522 10521 10529
f 3890 10684 10668
f 10668 10684 10624
f 10684 10660 10624
f 10521 10517 10529
f 10529 10517 10852
f 10852 10514 10819
f 10514 10515 10819
f 10684 10683 10660
f 10522 10523 10520
f 10522 10520 10521
f 10517 10514 10852
f 10683 10661 10660
f 10660 10661 10634
f 10515 10513 10820
f 10820 10513 10828
f 10683 10673 10661
f 10661 10673 10634
f 10635 10634 10645
f 10514 10512 10515
f 10512 10513 10515
f 10634 10673 10645
f 10645 10673 10657
f 10599 10645 10600
f 10599 10600 10598
f 10512 10511 10513
f 10513 10511 10828
f 10645 10657 10656
f 10645 10656 10600
f 10600 10590 10597
f 10598 10600 10597
f 10597 10590 10577
f 10577 10590 10519
f 10600 10656 10638
f 10600 10638 10590
f 10590 10591 10519
f 10511 10859 10827
f 10590 10625 10591
f 10591 10583 10519
f 10512 10510 10511
f 10827 10859 10847
f 10590 10638 10631
f 10631 10625 10590
f 10583 10578 10516
f 10516 10578 10518
f 10512 10518 10510
f 10510 10509 10511
f 10511 10509 10859
f 10631 10637 10625
f 10583 10589 10578
f 10625 10637 10591
f 10518 10578 10580
f 10509 10507 10859
f 10859 10507 10847
f 10637 10629 10591
f 10591 10629 10583
f 10583 10629 10608
f 10518 10580 10510
f 10507 10506 10847
f 10847 10506 10848
f 10583 10608 10589
f 10578 10589 10580
f 10506 10500 10848
f 10848 10500 10451
f 10629 10607 10608
f 10589 10608 10580
f 10500 10449 10451
f 10608 10607 10580
f 10607 10582 10580
f 10507 10505 10506
f 10506 10505 10500
f 10582 10504 10505
f 10505 10504 10500
f 10500 10504 10501
f 10500 10447 10449
f 10607 10636 10582
f 10636 10633 10582
f 10500 10501 10447
f 10633 10620 10582
f 10582 10620 10504
f 10620 10501 10504
f 10633 10630 10620
f 2432 4736 4735
f 4728 4635 4700
f 4728 4700 2431
f 4485 4519 4691
f 4691 4518 4751
f 4751 4558 4818
f 4332 4065 4448
f 4448 4065 4069
f 8999 8867 8869
f 8999 8869 9000
f 9000 8869 9025
f 9025 9110 9062
f 10234 10235 10202
f 10237 10235 10234
f 10226 7326 10237
f 7326 7321 10237
f 7298 7315 7321
f 9258 9319 9256
f 7333 7338 7354
f 7354 7364 10651
f 7354 10651 10199
f 10199 10651 10200
f 10651 10649 10650
f 10651 10650 10200
f 10649 10602 10650
f 10649 10646 10602
f 10646 10643 10602
f 4811 9338 9326
f 10602 10601 10595
f 10602 10643 10601
f 10601 10594 10595
f 10595 10594 5
f 5 10563 6
f 6 10563 4
f 10563 10581 4
f 5 10594 10563
f 10581 10563 10564
f 10564 10431 10435
f 10581 10564 10435
f 10643 10652 10601
f 4810 4775 4806
f 10563 10557 10564
f 10601 10593 10594
f 10594 10593 10563
f 10593 10558 10563
f 10563 10558 10557
f 10564 10557 10431
f 10431 10557 10565
f 10431 10565 10432
f 10432 10565 10436
f 10436 10565 10843
f 9339 4806 9334
f 10652 10644 10601
f 10601 10644 10593
f 10558 10593 10579
f 10557 10554 10565
f 10565 10554 10843
f 10843 10851 10749
f 10554 10552 10843
f 10843 10552 10851
f 10749 10805 10760
f 10593 10644 10609
f 10593 10609 10579
f 10851 10552 10551
f 10851 10551 10749
f 10749 10551 10805
f 4806 4804 9334
f 10644 10663 10609
f 10805 10806 10761
f 10806 10795 10761
f 10609 10663 10640
f 10806 10797 10795
f 4804 4768 4805
f 10640 10641 10592
f 10641 10610 10592
f 10806 10845 10797
f 10845 10842 10772
f 10797 10845 10772
f 10610 10641 10632
f 10610 10632 10603
f 10845 10858 10842
f 10842 10858 10857
f 10842 10857 10840
f 4783 4784 4805
f 10641 10659 10632
f 10858 10544 10857
f 10544 10539 10857
f 10857 10536 10840
f 10840 10536 10841
f 10841 10535 10793
f 10659 10658 10632
f 10632 10626 10603
f 10603 10626 10605
f 10539 10536 10857
f 10632 10658 10626
f 10626 10604 10605
f 10536 10535 10841
f 10658 10648 10626
f 10535 10533 10850
f 10535 10850 10796
f 10648 10604 10626
f 10850 10804 10796
f 10604 10621 10585
f 10850 10846 10804
f 10604 10648 10621
f 10533 10530 10850
f 10648 10669 10621
f 10621 10669 10584
f 10850 10530 10846
f 10846 10527 10526
f 10669 10668 10584
f 10668 10623 10584
f 10668 10624 10623
f 10623 10624 10587
f 10530 10527 10846
f 10624 10622 10587
f 10587 10622 10586
f 10527 10525 10526
f 10525 10522 10526
f 2422 2424 2421
f 10624 10660 10622
f 10531 10528 10530
f 10530 10528 10527
f 10527 10528 10525
f 10525 10524 10522
f 10522 10524 10523
f 2421 2424 2425
f 10622 10634 10586
f 10634 10572 10586
f 10572 10571 10531
f 10531 10571 10528
f 10528 10524 10525
f 2425 2424 2427
f 10634 10635 10572
f 10572 10635 10571
f 10528 10576 10524
f 10524 10576 10523
f 10521 10520 10517
f 10635 10645 10571
f 10571 10645 10599
f 10571 10599 10528
f 10576 10577 10523
f 10523 10577 10520
f 10528 10599 10598
f 10528 10598 10576
f 10598 10597 10576
f 10597 10577 10576
f 10577 10519 10520
f 10520 10519 10517
f 10519 10516 10517
f 10517 10516 10514
f 10516 10512 10514
f 10519 10583 10516
f 10516 10518 10512
f 10510 10508 10509
f 10508 10507 10509
f 10510 10582 10508
f 10582 10505 10508
f 10508 10505 10507
f 4756 4681 4736
f 4558 4490 4126
f 8867 8861 8869
f 9139 9224 9225
f 10235 10204 10202
f 10237 10236 10235
f 10235 10236 10204
f 10236 10185 10204
f 10237 7321 10236
f 4823 4815 9319
f 4815 4811 9326
f 9338 4811 4810
f 10558 10556 10557
f 10558 10579 10556
f 10557 10556 10554
f 10579 10555 10556
f 10556 10555 10554
f 10579 10609 10555
f 10554 10555 10553
f 10554 10553 10552
f 4806 4758 4804
f 10609 10592 10555
f 10555 10592 10562
f 10555 10562 10553
f 10552 10553 10549
f 10552 10549 10551
f 10551 10549 10550
f 10551 10550 10805
f 10805 10550 10806
f 10592 10610 10562
f 10562 10549 10553
f 4805 4768 4783
f 10562 10588 10549
f 10549 10548 10547
f 10549 10547 10550
f 10550 10547 10806
f 10547 10845 10806
f 10549 10588 10548
f 10610 10603 10562
f 10562 10603 10588
f 10548 10545 10547
f 10547 10545 10546
f 10547 10546 10845
f 10588 10605 10548
f 10548 10575 10545
f 10845 10546 10858
f 10588 10603 10605
f 10548 10605 10575
f 10546 10544 10858
f 10605 10604 10575
f 10575 10574 10545
f 10545 10543 10544
f 10546 10545 10544
f 10545 10542 10543
f 10544 10543 10539
f 4784 4571 4774
f 10604 10585 10575
f 10575 10585 10574
f 10545 10574 10542
f 10574 10573 10542
f 10543 10542 10539
f 10539 10538 10536
f 10536 10534 10535
f 10535 10534 10533
f 10542 10538 10539
f 10536 10538 10534
f 10621 10584 10585
f 10585 10584 10574
f 10574 10584 10573
f 10573 10538 10542
f 10534 10532 10533
f 10538 10570 10534
f 10532 10530 10533
f 10573 10587 10538
f 10534 10570 10532
f 10538 10587 10586
f 10538 10586 10570
f 10570 10572 10532
f 10570 10586 10572
f 10532 10531 10530
f 10572 10531 10532
f 4738 4429 4682
f 4487 4337 4515
f 764 857 8861
f 8861 8862 8869
f 9025 9144 9110
f 9110 9224 9139
f 9224 9259 9225
f 9225 9259 9221
f 9221 9259 9258
f 10236 7341 10185
f 9259 9327 9258
f 9258 9327 9319
f 9319 9327 4823
f 4758 4674 4768
f 4784 4734 4571
f 4430 4415 4315
f 4464 4465 4566
f 857 945 8861
f 8861 945 8862
f 8869 8862 8864
f 8869 8864 9025
f 9110 9144 9224
f 4823 9327 4786
f 4498 4488 4571
f 9025 8864 9144
f 9144 9322 9224
f 9224 9322 9259
f 9259 9341 9327
f 4555 4743 4759
f 4694 4674 4758
f 4674 4339 4499
f 4439 4296 4438
f 4215 4216 4196
f 8862 4752 8864
f 8864 4744 9144
f 9144 4719 9322
f 9322 4594 9341
f 9341 4584 4786
f 9341 4786 9327
f 4823 4786 4729
f 4179 4166 4138
f 4133 4131 4168
f 4299 4197 4224
f 4325 4093 4092
f 4752 4744 8864
f 4719 4594 9322
f 4163 4164 4152
f 5678 5498 5569
f 5569 5497 5733
f 5512 5279 5343
f 4956 4912 4911
f 4895 4899 4964
f 5733 5276 5719
f 5539 5332 5511
f 5539 5511 5619
f 5283 5282 5341
f 5325 5180 5179
f 4987 4956 932
f 4971 4964 4965
f 923 5733 922
f 923 922 890
f 922 5719 958
f 873 4987 932
f 798 865 923
f 798 923 890
f 890 922 845
f 958 5664 927
f 927 5664 5665
f 5707 5660 5619
f 5653 5577 5699
f 878 873 792
f 792 873 853
f 853 873 899
f 5732 5534 5731
f 5731 5534 5529
f 5515 4976 4975
f 4936 4905 4866
f 748 798 747
f 909 910 846
f 910 958 927
f 927 907 866
f 907 5660 5707
f 5707 5619 5705
f 11133 10430 9454
f 11130 11133 9454
f 938 5705 5699
f 11130 9454 11510
f 11510 9454 9458
f 11510 9458 9461
f 11510 9461 11509
f 5699 5644 1011
f 5691 5583 5724
f 955 873 878
f 792 853 793
f 853 899 793
f 11124 11123 11084
f 5515 4941 5513
f 5558 5515 5513
f 815 845 759
f 845 909 846
f 874 927 866
f 866 907 837
f 836 907 896
f 11160 9480 11159
f 11159 9480 9486
f 11140 11160 11159
f 11159 9486 11158
f 11158 9486 9487
f 896 5705 938
f 11140 11159 11158
f 11140 11164 11444
f 11164 11140 11132
f 11132 11140 11133
f 11133 11140 11158
f 11133 11158 9487
f 11205 11164 11132
f 11205 11132 11131
f 11132 11133 11130
f 11131 11132 11130
f 1011 5691 1010
f 11130 11510 11110
f 11110 11510 11509
f 11111 11131 11130
f 11111 11130 11110
f 11110 11509 9463
f 11110 9463 11203
f 11214 11205 11131
f 11214 11131 11111
f 11222 11110 11203
f 11214 11111 11195
f 11111 11110 11108
f 11110 11222 11109
f 11108 11110 11109
f 11195 11111 11108
f 11108 11109 11106
f 11106 11109 11107
f 11106 11107 11103
f 11195 11108 11120
f 11120 11108 11105
f 11105 11108 11106
f 918 955 878
f 11101 11106 11103
f 11120 11105 11118
f 11105 11106 11101
f 11118 11105 11104
f 11104 11105 11101
f 11101 11103 11102
f 871 899 902
f 11121 11118 11104
f 11104 11101 11100
f 11121 11104 11100
f 11100 11101 11098
f 11101 11102 11098
f 11121 11100 11141
f 11570 11121 11141
f 11102 11112 11098
f 11098 11112 11122
f 11123 11163 11117
f 11141 11100 11099
f 11099 11100 11098
f 11098 11122 11095
f 11095 11122 11124
f 11095 11124 11084
f 11084 11123 11081
f 11081 11123 11117
f 11095 11084 11080
f 11080 11084 11081
f 11081 11117 11116
f 11196 11141 11099
f 11099 11098 11097
f 11094 11098 11095
f 11080 11081 11076
f 11081 11116 11076
f 11196 11099 11097
f 11097 11098 11094
f 11094 11095 11080
f 11076 11116 11091
f 11091 11116 11152
f 11196 11097 11223
f 11093 11097 11094
f 11094 11080 11092
f 11074 11076 11091
f 11223 11097 11093
f 11093 11094 11092
f 11092 11080 11079
f 11079 11080 11076
f 11079 11076 11075
f 11075 11076 11074
f 11074 11091 11078
f 11211 11223 11093
f 11078 11091 11115
f 11211 11093 11126
f 11093 11092 11126
f 11126 11092 11079
f 11074 11078 11071
f 11213 11211 11126
f 11073 11075 11074
f 11079 11075 11073
f 11071 11078 11077
f 11212 11213 11126
f 11212 11126 11096
f 11126 11079 11096
f 11096 11079 11073
f 11073 11074 11071
f 11071 11077 11069
f 11096 11073 11119
f 11073 11071 11072
f 11212 11096 11199
f 11199 11096 11119
f 11119 11073 11087
f 11199 11119 11198
f 11087 11073 11072
f 11072 11071 11070
f 11071 11069 11070
f 11198 11119 11087
f 11198 11087 11563
f 11563 11087 11207
f 11207 11087 11072
f 11072 11070 11086
f 11070 11069 11068
f 5562 5515 5621
f 11207 11072 11086
f 11085 11086 11070
f 11085 11070 11068
f 711 815 759
f 723 845 846
f 10241 10242 11193
f 10240 10242 10241
f 11193 10242 10251
f 11193 10251 11194
f 11194 10251 9482
f 860 874 866
f 10239 10241 11512
f 11512 10241 11193
f 11193 11194 11192
f 11192 11194 9482
f 11192 9482 9476
f 11442 10239 11512
f 11441 11442 11512
f 11441 11512 11190
f 11512 11193 11190
f 11193 11192 11191
f 11190 11193 11191
f 11191 11192 9476
f 11191 9476 9485
f 837 907 836
f 11191 9485 9480
f 11432 11441 11190
f 11190 11191 9480
f 836 896 894
f 11160 11432 11190
f 11439 11434 11433
f 11433 11432 11160
f 894 896 938
f 11443 11439 11433
f 11443 11433 11444
f 11444 11433 11160
f 11444 11160 11140
f 11482 11443 11444
f 11482 11444 11164
f 831 938 5699
f 11575 11482 11164
f 11575 11164 11205
f 5724 5723 921
f 11575 11205 11574
f 11574 11205 11214
f 921 5723 957
f 11574 11214 11573
f 11573 11214 11195
f 957 5672 918
f 838 918 878
f 878 792 778
f 11573 11195 11572
f 7355 11573 11572
f 11572 11195 11120
f 756 793 871
f 11571 11572 11120
f 11571 11120 11118
f 11571 11118 11121
f 11163 11215 11363
f 11163 11363 11201
f 11571 11121 11570
f 11116 11163 11201
f 11569 11571 11570
f 11116 11201 11152
f 11152 11201 11200
f 11570 11141 11196
f 11152 11200 11151
f 11569 11570 11196
f 11091 11152 11151
f 11568 11569 11196
f 11568 11196 11223
f 11091 11151 11115
f 11115 11151 11153
f 11568 11223 11211
f 11115 11114 11078
f 11078 11114 11077
f 11077 11114 11082
f 11114 11139 11088
f 11568 11211 11567
f 11567 11211 11213
f 11082 11114 11088
f 11088 11139 11113
f 11567 11213 11566
f 11566 11213 11212
f 11082 11088 11083
f 11566 11212 11565
f 11069 11077 11082
f 11069 11082 11067
f 11083 11088 11089
f 11089 11088 11113
f 11565 11212 11199
f 11067 11082 11083
f 11089 11113 11050
f 11565 11199 11564
f 11564 11199 11198
f 11068 11069 11067
f 11083 11089 11065
f 11065 11089 11050
f 11067 11083 11065
f 11065 11050 11051
f 11050 11034 11048
f 11564 11198 11563
f 11068 11067 11066
f 11066 11067 11065
f 11051 11050 11048
f 11564 11563 11561
f 11561 11563 11559
f 11559 11563 11207
f 11559 11207 11221
f 11207 11086 11221
f 11221 11086 11085
f 11090 11068 11066
f 11090 11066 11063
f 11063 11066 11065
f 11063 11065 11062
f 11062 11065 11051
f 11051 11048 11061
f 11048 11034 11033
f 11085 11068 11179
f 11221 11085 11179
f 11068 11090 11179
f 11179 11090 11178
f 11062 11051 11061
f 11559 11221 11557
f 11063 11062 11061
f 11063 11061 11064
f 11061 11048 11049
f 11049 11048 11033
f 11033 11034 11030
f 11557 11221 11179
f 11178 11090 11063
f 11064 11061 11049
f 11178 11063 11187
f 11187 11063 11064
f 11064 11049 11041
f 11029 11033 11030
f 11029 11030 11028
f 11027 11028 11031
f 5558 5514 5582
f 11557 11179 11555
f 11555 11179 11178
f 11555 11178 11187
f 11187 11064 11041
f 11041 11049 11033
f 11041 11033 11029
f 11029 11028 11025
f 11025 11028 11027
f 11555 11187 11556
f 11556 11187 11206
f 11206 11187 11041
f 11041 11029 11040
f 11027 11031 11024
f 11040 11029 11025
f 11024 11031 11032
f 11025 11027 11024
f 11024 11032 11021
f 11025 11024 11026
f 11026 11024 11023
f 11023 11024 11021
f 4958 4928 5503
f 11026 11023 11056
f 5503 4928 4961
f 10425 10281 10279
f 9689 9691 9686
f 9686 9691 9693
f 9686 9693 10411
f 10411 9693 10427
f 10425 10279 10424
f 10411 10427 10426
f 10426 10427 10425
f 10426 10425 10423
f 10423 10425 10424
f 9685 9686 10411
f 9681 9686 9685
f 10423 10424 10419
f 10419 10424 10275
f 9681 9685 9684
f 10419 10275 10271
f 9685 10411 10408
f 10408 10411 10426
f 10426 10423 10422
f 10422 10423 10419
f 9685 10408 10409
f 10408 10426 10422
f 10422 10419 10420
f 10419 10271 10420
f 10420 10271 10270
f 10408 10422 10407
f 10404 10408 10407
f 10422 10420 10407
f 10407 10420 10421
f 10421 10420 10270
f 10421 10270 10428
f 10428 10270 10266
f 10428 10266 10258
f 10421 10428 10429
f 10429 10428 10258
f 10413 10407 10421
f 10407 10413 10403
f 10403 10413 10399
f 10413 10421 10429
f 10413 10429 10262
f 10399 10413 10262
f 10262 10429 10254
f 10262 10254 10256
f 10254 10429 10258
f 8854 748 665
f 665 748 747
f 673 747 711
f 739 723 846
f 739 846 794
f 794 874 860
f 10240 10245 10246
f 860 866 814
f 10239 10243 10240
f 10239 10240 10241
f 10243 10239 10244
f 814 866 837
f 10244 10239 11442
f 814 837 784
f 11438 11437 11436
f 11436 11437 10244
f 11436 10244 11435
f 11435 10244 11442
f 11435 11442 11441
f 11440 11438 11436
f 11440 11436 11434
f 11434 11436 11435
f 11434 11435 11432
f 11432 11435 11441
f 7351 11440 11434
f 7351 11434 7360
f 7360 11434 11439
f 7329 7360 11439
f 7329 11439 11443
f 7329 11443 11482
f 831 5699 1011
f 7329 11482 11575
f 7337 7329 11575
f 7334 7337 11575
f 7334 11575 11574
f 7337 7334 7299
f 838 878 778
f 7334 11574 11573
f 778 792 757
f 7334 11573 7355
f 7334 7355 7332
f 756 871 813
f 11403 11282 11363
f 7331 11572 11571
f 7355 11572 7331
f 11363 11282 11201
f 11201 11282 11256
f 7331 11571 7350
f 11201 11256 11200
f 11200 11256 11253
f 812 924 872
f 924 908 872
f 7350 11571 11569
f 11200 11253 11218
f 11151 11200 11218
f 11151 11218 11153
f 11153 11218 11168
f 7350 11569 3883
f 3883 11569 11568
f 11153 11168 11114
f 11114 11168 11166
f 11139 11114 11166
f 3883 11568 3882
f 11166 11167 11113
f 11139 11166 11113
f 11113 11167 11161
f 5701 5646 5643
f 3882 11568 11567
f 3882 11567 3880
f 11050 11113 11161
f 11050 11161 11156
f 3880 11567 11566
f 11050 11156 11059
f 11059 11156 11060
f 3880 11566 11565
f 11059 11060 11034
f 11034 11060 11035
f 11035 11060 11052
f 11052 11060 11154
f 3880 11565 3887
f 3887 11565 11564
f 3887 11564 11562
f 11030 11034 11035
f 11036 11035 11052
f 11562 11564 11561
f 11030 11035 11028
f 11028 11035 11036
f 11036 11052 11039
f 11039 11052 11154
f 11039 11154 11155
f 11562 11561 11560
f 11560 11561 11559
f 11128 11039 11155
f 11560 11559 11558
f 11028 11036 11039
f 11028 11039 11031
f 11558 11559 11557
f 11039 11128 11031
f 11031 11128 11127
f 11554 11558 11557
f 11558 11554 11576
f 11031 11127 11043
f 11043 11127 11137
f 11554 11557 11555
f 11031 11043 11042
f 11043 11137 11042
f 11554 11555 11553
f 3872 11554 11553
f 11553 11555 11556
f 11032 11042 11044
f 11044 11042 11129
f 11045 11044 11129
f 11553 11556 11552
f 3878 11553 11552
f 11552 11556 11206
f 11206 11041 11186
f 11041 11040 11186
f 11040 11025 11054
f 11552 11206 11186
f 11186 11040 11054
f 11032 11044 11045
f 11032 11045 11038
f 11038 11045 11046
f 11550 11552 11186
f 11054 11025 11026
f 11550 11186 11549
f 11549 11186 11054
f 11549 11054 11180
f 11180 11054 11026
f 11032 11038 11037
f 11038 11046 11037
f 11549 11180 11547
f 11180 11026 11209
f 11209 11026 11056
f 11547 11180 11209
f 11056 11023 11055
f 11021 11032 11019
f 11032 11037 11019
f 11547 11209 11546
f 11546 11209 11210
f 11210 11209 11056
f 11210 11056 11055
f 11055 11023 11022
f 11022 11023 11021
f 11022 11021 11020
f 11020 11021 11019
f 11019 11037 11016
f 11037 11017 11016
f 11546 11210 11543
f 11543 11210 11055
f 11022 11020 11057
f 11057 11020 11015
f 11020 11019 11015
f 11015 11019 11016
f 11543 11055 11541
f 11541 11055 11022
f 11057 11015 11058
f 11015 11016 11011
f 11011 11016 11008
f 11016 11017 11008
f 11541 11022 11057
f 11208 11057 11058
f 11541 11057 11208
f 11058 11015 11013
f 11015 11011 11013
f 11541 11208 11539
f 11208 11058 11188
f 11058 11013 11188
f 9681 9689 9686
f 9690 9689 9681
f 9683 9681 9684
f 9684 9685 9687
f 10271 10269 10270
f 9687 9685 10409
f 10404 10409 10408
f 10404 10407 10403
f 10402 10404 10403
f 10399 10262 10400
f 10400 10262 10256
f 665 747 673
f 711 759 710
f 710 759 723
f 794 860 780
f 780 860 814
f 11459 11460 11437
f 11437 11460 10249
f 10249 10243 10244
f 7344 6546 11438
f 784 837 836
f 7344 11438 11440
f 7344 11440 7351
f 6544 7344 7304
f 7344 7351 7304
f 836 894 835
f 7314 7351 7360
f 7304 7351 7314
f 7329 7314 7360
f 831 1011 852
f 7327 7329 7337
f 852 1010 920
f 852 920 851
f 7327 7337 7299
f 850 921 882
f 839 882 838
f 762 838 778
f 7299 7334 7306
f 7306 7334 7332
f 757 792 763
f 763 793 756
f 755 756 813
f 11283 11288 11281
f 11283 11281 11282
f 11282 11281 11256
f 7332 7355 7331
f 7331 7350 7330
f 11253 11267 11218
f 872 908 781
f 783 5716 5743
f 7330 7350 7324
f 11166 11168 11252
f 11166 11252 11251
f 7324 7350 3861
f 3861 7350 3883
f 11166 11251 11167
f 3882 3861 3883
f 3861 3882 3808
f 11161 11167 11216
f 5701 5667 847
f 11161 11216 11182
f 11156 11161 11182
f 3882 3880 3803
f 11156 11182 11060
f 11060 11182 11175
f 11060 11175 11154
f 11154 11175 11189
f 3849 3880 3887
f 11154 11189 11155
f 3887 11562 3876
f 3887 3876 3805
f 11128 11155 11127
f 11127 11155 11176
f 11127 11176 11177
f 3876 11562 11560
f 11576 11560 11558
f 11137 11127 11177
f 11137 11177 11173
f 3873 11576 11554
f 11129 11137 11173
f 11042 11137 11129
f 3873 11554 3872
f 3872 11553 3878
f 11045 11129 11138
f 11045 11138 11046
f 11046 11138 11047
f 3878 11552 11551
f 11551 11552 11550
f 11551 11550 11548
f 11548 11550 11549
f 11046 11047 11037
f 11548 11549 11547
f 11037 11047 11018
f 11047 11136 11018
f 11545 11548 11547
f 11548 11545 3851
f 11018 11136 11142
f 11545 11547 11546
f 11018 11142 11125
f 11545 11546 11544
f 11544 11546 11543
f 11017 11018 11009
f 11009 11018 11053
f 11053 11018 11125
f 11544 11543 11542
f 11542 11543 11541
f 11008 11017 11009
f 11542 11541 11540
f 11540 11541 11539
f 11011 11008 11010
f 11008 11009 11010
f 11208 11188 11539
f 11013 11011 11012
f 11011 11010 11012
f 11540 11539 11536
f 11536 11539 11188
f 11536 11188 11537
f 11188 11013 11197
f 11537 11188 11197
f 11013 11012 11197
f 11009 11053 11134
f 11010 11009 11134
f 9680 9681 9682
f 9692 9680 9682
f 11536 11537 11533
f 11537 11197 11533
f 11012 11010 11014
f 9682 9681 9683
f 11536 11533 11535
f 11197 11012 11014
f 11010 11134 11014
f 9683 9684 9694
f 9684 9687 9694
f 9687 10409 10404
f 10402 10403 10399
f 10259 10255 10297
f 10398 10399 10400
f 10398 10400 10397
f 10397 10400 10256
f 10397 10256 10261
f 10256 10259 10260
f 10261 10256 10260
f 5609 5174 5444
f 603 665 673
f 739 794 740
f 11460 11461 10249
f 10249 11461 11462
f 10249 11462 10248
f 11474 11460 11459
f 11474 11459 11438
f 6546 11474 11438
f 6544 6546 7344
f 6544 7304 7285
f 7285 7304 7290
f 7290 7304 7314
f 818 835 831
f 7302 7314 7329
f 7314 7302 7290
f 7302 7329 7327
f 7302 7327 7299
f 7302 7299 7283
f 850 882 839
f 839 838 762
f 762 778 757
f 7306 7332 7307
f 11288 11289 11281
f 11281 11279 11256
f 7307 7332 7312
f 11256 11279 11253
f 7312 7332 7331
f 11267 11253 11312
f 812 872 754
f 11267 11312 11218
f 754 872 781
f 7312 7331 7330
f 11218 11313 11277
f 11218 11277 11252
f 783 856 751
f 11252 11277 11251
f 7313 7330 7324
f 11251 11277 11266
f 773 856 847
f 11251 11266 11167
f 11167 11266 11216
f 11216 11266 11273
f 11216 11273 11274
f 847 940 905
f 11216 11274 11182
f 11182 11274 11263
f 11182 11263 11175
f 11175 11263 11259
f 3808 3882 3803
f 3804 3808 3803
f 11175 11259 11189
f 3849 3803 3880
f 3803 3849 3802
f 3849 3887 3805
f 3805 3876 3776
f 3776 3876 3790
f 3876 11560 11576
f 3790 3876 11576
f 11138 11173 11181
f 3790 11576 3873
f 3791 3790 3873
f 11138 11181 11162
f 11047 11138 11162
f 11047 11162 11136
f 11136 11162 11172
f 3806 3878 3823
f 11136 11172 11142
f 4950 4954 4955
f 3823 3878 11551
f 3823 11551 3851
f 3851 11551 11548
f 11125 11174 11183
f 11125 11142 11174
f 3851 11545 3852
f 3852 11545 11544
f 11125 11183 11150
f 3852 11544 3825
f 11053 11125 11150
f 3825 11544 11542
f 3825 11542 3837
f 11146 11053 11150
f 3779 3837 3838
f 3837 11542 3838
f 3838 11542 11540
f 11134 11053 11146
f 9692 9682 9688
f 3838 11540 11536
f 3838 11536 3881
f 11148 9688 9683
f 9683 9688 9682
f 3838 3881 3800
f 11134 11146 11144
f 11134 11144 11143
f 11144 11148 11147
f 11143 11144 11147
f 11147 11148 9683
f 10273 10274 10272
f 5151 5162 5144
f 3881 11536 11535
f 11533 11197 11532
f 11531 11197 11014
f 11014 11134 11135
f 11135 11134 11143
f 11147 9683 9694
f 11535 11533 11534
f 11532 11197 11531
f 11135 11143 11145
f 11145 11143 11147
f 11145 11147 9694
f 10269 10272 10268
f 11534 11533 11532
f 11014 11135 11531
f 11145 9694 9687
f 11145 9687 10406
f 10406 9687 10404
f 5144 5162 5143
f 10405 10406 10404
f 10405 10404 10402
f 5329 5518 5328
f 5611 5518 5581
f 5328 5518 5680
f 10396 10402 10399
f 10396 10399 10398
f 5158 5163 5313
f 5680 5518 5310
f 10393 10396 10398
f 10393 10398 10397
f 10260 10259 10297
f 10260 10297 10326
f 5680 5310 5311
f 10394 10393 10397
f 10261 10260 10415
f 10415 10260 10326
f 5680 5311 8625
f 10397 10261 10401
f 10401 10261 10415
f 8625 5311 5316
f 10394 10397 10401
f 8625 5316 8629
f 10395 10394 10401
f 10414 10401 10415
f 10395 10401 10414
f 10414 10415 10321
f 10415 10326 10321
f 10325 10395 10414
f 10395 10325 8734
f 10325 10414 10321
f 8729 8730 10325
f 8729 10325 10324
f 10324 10325 10416
f 10416 10325 10321
f 10311 8729 10324
f 5524 5335 5541
f 8716 8718 8713
f 7997 5578 5634
f 8003 5634 5561
f 8004 5561 5491
f 8858 665 604
f 604 665 603
f 581 711 710
f 712 723 739
f 740 794 730
f 730 794 780
f 730 780 732
f 11464 11463 11460
f 11460 11463 11461
f 11463 11466 11461
f 780 814 731
f 11472 11464 6540
f 6540 11464 11460
f 731 814 784
f 6542 6540 11474
f 11474 6540 11460
f 6542 11474 6546
f 6544 6542 6546
f 6542 6544 6541
f 744 784 766
f 784 836 766
f 766 836 835
f 766 835 788
f 788 835 818
f 7285 7290 7176
f 852 851 782
f 808 851 850
f 7283 7299 7265
f 850 839 807
f 709 839 762
f 690 762 757
f 7265 7299 7306
f 11289 11331 11342
f 763 756 688
f 11281 11342 11349
f 11281 11349 11279
f 11279 11349 11352
f 11253 11279 11352
f 11253 11352 11312
f 755 812 754
f 753 754 781
f 11277 11313 11314
f 753 781 783
f 7313 7312 7330
f 11277 11314 11266
f 773 847 774
f 7308 7313 7324
f 7324 3861 3822
f 3822 3861 3808
f 11189 11259 11228
f 5676 5675 5717
f 11176 11189 11228
f 3802 3849 3805
f 11177 11228 11226
f 11177 11226 11173
f 5697 5652 5702
f 11173 11226 11181
f 11181 11227 11225
f 11181 11225 11162
f 5054 5056 1451
f 1451 5056 1452
f 11162 11225 11220
f 3791 3873 3872
f 3791 3872 3818
f 1455 1578 1467
f 11172 11220 11229
f 3818 3872 3878
f 11172 11229 11174
f 3818 3878 3806
f 11174 11229 11217
f 1465 1517 1524
f 1465 1524 1470
f 3768 3806 3823
f 3768 3823 3781
f 3823 3851 3781
f 11183 11174 11217
f 11183 11217 11169
f 1473 1524 5494
f 5494 5320 1503
f 3781 3851 3780
f 3780 3851 3852
f 11150 11183 11169
f 3780 3852 3825
f 11150 11169 11149
f 5067 5153 5154
f 1547 5105 1548
f 1481 1547 1548
f 3778 3825 3837
f 11146 11150 11149
f 11149 11171 11157
f 11157 11171 11391
f 1548 1523 1483
f 3778 3837 3779
f 11144 11146 11149
f 11144 11149 11148
f 11148 11149 9688
f 9688 11149 11157
f 9443 11219 9448
f 5154 5153 5139
f 1523 1522 1486
f 1486 1522 1489
f 3779 3838 3812
f 10274 9448 10276
f 1522 1539 1489
f 1490 1539 1497
f 3812 3838 3800
f 3812 3800 3757
f 10272 10274 10276
f 1497 5327 1496
f 3800 3881 3798
f 3757 3800 3798
f 3798 3881 11535
f 1496 5327 5765
f 3798 11535 3835
f 3835 11535 11534
f 3798 3835 3797
f 3835 11534 3871
f 3871 11534 11532
f 11529 11531 11135
f 11135 11145 11528
f 11529 11135 11528
f 5765 5327 5328
f 3871 11532 11530
f 11530 11532 11531
f 11530 11531 11529
f 11528 11145 10406
f 5765 5328 8624
f 11525 11528 10406
f 11525 10406 10405
f 5138 5158 5134
f 5616 5617 5706
f 5617 5618 5706
f 5706 5618 5169
f 5169 5618 5626
f 5169 5626 5611
f 5169 5611 5323
f 5323 5611 5581
f 8624 5328 5680
f 10405 10402 10396
f 10405 10396 10410
f 10412 10405 10410
f 5019 5006 5016
f 8624 5680 8622
f 10134 10410 10396
f 10134 10396 10393
f 8622 5680 8625
f 10392 10134 10393
f 10392 10393 10394
f 10134 10392 10133
f 10133 10392 8823
f 10392 10394 10395
f 8824 10392 10395
f 10392 8824 8823
f 8737 8824 8734
f 8734 8824 10395
f 10289 10288 10291
f 10416 10321 10314
f 10314 10321 10291
f 10314 10291 10294
f 10311 10324 10314
f 10314 10294 10295
f 10311 10314 10295
f 5523 5524 8016
f 8718 10301 10302
f 5542 5543 7995
f 5543 5584 7991
f 10302 8700 8710
f 7991 5584 5585
f 7991 5585 7989
f 7989 5585 5609
f 7989 5609 7987
f 5609 8007 7990
f 7990 8007 7997
f 7998 7997 5634
f 7998 5634 8003
f 8001 8003 5561
f 8001 5561 8004
f 8004 5491 8006
f 8006 5491 8012
f 1002 8858 604
f 673 711 581
f 710 723 646
f 646 723 712
f 11480 11471 6543
f 11465 11467 11466
f 732 780 731
f 6539 11471 11472
f 6543 11471 6539
f 11472 11471 11465
f 11472 11465 11464
f 11464 11465 11463
f 11463 11465 11466
f 6540 6539 11472
f 6539 6540 6536
f 6541 6540 6542
f 6536 6540 6541
f 744 731 784
f 6541 6544 7177
f 7177 6544 7285
f 7177 7285 7176
f 805 818 831
f 805 831 782
f 7290 7302 7227
f 7227 7302 7283
f 808 850 807
f 7226 7283 7265
f 807 839 709
f 709 762 690
f 11339 11341 11331
f 11342 11331 11341
f 11342 11345 11349
f 11349 11345 11358
f 11352 11349 11379
f 7284 7306 7307
f 11352 11370 11312
f 11312 11370 11375
f 7307 7312 7291
f 11312 11375 11313
f 11313 11375 11315
f 11313 11315 11314
f 11314 11315 11324
f 753 783 751
f 7312 7313 7308
f 11314 11324 11266
f 11266 11324 11319
f 11266 11319 11318
f 11266 11318 11273
f 11273 11318 11274
f 11274 11285 11263
f 797 940 875
f 875 940 941
f 3794 3822 3808
f 11259 11270 11269
f 3808 3804 3794
f 11259 11269 11228
f 3804 3803 3741
f 11228 11269 11271
f 3803 3802 3726
f 11228 11271 11226
f 3727 3802 3805
f 3727 3805 3795
f 11227 11226 11261
f 5123 5517 5674
f 5674 5517 5745
f 5745 5517 5467
f 3805 3776 3795
f 4952 5123 5614
f 3795 3776 3682
f 11227 11261 11225
f 11225 11261 11262
f 5754 1451 1449
f 1452 1578 1454
f 1454 1578 1455
f 3760 3790 3791
f 1457 1455 1467
f 3791 3818 3750
f 1457 1467 1461
f 1457 1461 1460
f 3750 3818 3806
f 3761 3750 3806
f 11229 11258 11217
f 11217 11258 11257
f 1461 1462 1460
f 1460 1462 1465
f 1462 1517 1465
f 3746 3806 3768
f 1473 1470 1524
f 3768 3781 3749
f 1474 1503 1476
f 1476 1503 1480
f 3749 3781 3780
f 11169 11170 11149
f 11149 11170 11171
f 3780 3825 3778
f 11171 11170 9447
f 9447 11170 11219
f 1483 1523 1486
f 9448 11219 11373
f 10276 9448 11373
f 1490 1497 1492
f 3779 3812 3757
f 1492 1497 1496
f 3757 3798 3716
f 3716 3798 3797
f 10268 10310 10307
f 3797 3835 3871
f 3797 3871 3828
f 3828 3871 11530
f 5140 5164 5169
f 5140 5169 5149
f 5169 5579 5161
f 5149 5169 5161
f 3828 11530 11538
f 11530 11529 11526
f 11538 11530 11526
f 11526 11529 11528
f 11526 11528 11525
f 11525 10405 10412
f 10412 10410 10417
f 10410 10134 10132
f 10417 10410 10132
f 10132 10134 10125
f 8622 8625 8626
f 10125 10134 10133
f 10285 10288 10287
f 8822 10133 8823
f 8625 8629 8403
f 8626 8625 8403
f 5463 5522 8018
f 10294 10291 10292
f 8010 5524 5541
f 5541 5542 7994
f 5542 7995 7994
f 7996 7990 7997
f 7996 7997 7998
f 8001 8004 8002
f 8002 8004 8006
f 8002 8006 8008
f 510 604 603
f 603 673 513
f 513 673 581
f 581 710 646
f 713 712 739
f 713 739 740
f 713 740 730
f 730 732 714
f 11480 11470 11471
f 11471 11470 11465
f 11465 11470 11469
f 11469 11473 11467
f 11465 11469 11467
f 11467 11473 11483
f 714 732 731
f 11467 11484 11468
f 6522 6543 6539
f 11468 11484 13585
f 6536 6522 6539
f 6522 6536 6523
f 6536 6541 7177
f 788 818 789
f 7227 7176 7290
f 782 808 729
f 11333 11336 11337
f 7227 7283 7226
f 11338 11333 11337
f 11338 11337 11339
f 11339 11337 11340
f 11340 11337 11344
f 11339 11340 11341
f 11340 11344 11343
f 11341 11340 11342
f 11342 11340 11343
f 7226 7265 7245
f 11342 11343 11345
f 690 757 689
f 689 757 763
f 689 763 688
f 688 756 715
f 7265 7306 7284
f 11352 11379 11382
f 756 755 715
f 715 755 716
f 11352 11382 11370
f 716 755 735
f 7284 7307 7291
f 735 755 754
f 11375 11376 11315
f 11376 11377 11315
f 11315 11377 11378
f 735 754 753
f 735 753 734
f 11315 11378 11325
f 11324 11315 11325
f 11325 11323 11324
f 11319 11324 11323
f 11319 11323 11005
f 734 753 751
f 734 751 719
f 7291 7312 7308
f 11319 11005 11320
f 719 751 718
f 11319 11320 11318
f 751 773 718
f 11274 11318 11322
f 773 774 743
f 11274 11322 11285
f 7310 7308 7324
f 11263 11285 11259
f 11259 11285 11270
f 3794 7324 3822
f 797 875 787
f 11270 11287 11269
f 941 5717 897
f 3794 3804 3741
f 11271 11269 11292
f 3741 3803 3726
f 11271 11292 11226
f 11226 11292 11293
f 3726 3802 3727
f 11226 11293 11261
f 5614 5674 5693
f 5693 5674 5756
f 5745 5467 5754
f 5745 5754 1445
f 1445 5754 1446
f 11261 11293 11262
f 1446 5754 1449
f 1449 1451 1450
f 3682 3776 3700
f 11262 11280 11220
f 1450 1451 1452
f 3700 3776 3699
f 11286 11220 11280
f 1450 1452 1453
f 1453 1452 1454
f 3699 3776 3790
f 1453 1454 1455
f 3790 3760 3699
f 11286 11291 11258
f 1455 1457 1456
f 3760 3791 3750
f 1460 1465 1463
f 1463 1465 1470
f 1463 1470 1468
f 3761 3806 3746
f 11217 11257 11230
f 1470 1473 1468
f 1468 1473 1469
f 11169 11217 11230
f 11169 11230 11231
f 1469 1473 1474
f 1469 1474 1475
f 11170 11169 11231
f 1475 1474 1476
f 1476 1480 1479
f 11170 11231 11233
f 1480 1481 1479
f 1479 1481 1482
f 3749 3780 3739
f 1482 1481 1483
f 11219 11233 11260
f 1482 1483 1484
f 3780 3778 3747
f 11373 11219 11260
f 1483 1486 1485
f 1484 1483 1485
f 1485 1486 1487
f 1487 1486 1489
f 3778 3779 3748
f 10276 11373 11260
f 10276 11260 11278
f 1487 1489 1490
f 3748 3779 3738
f 10276 11278 10313
f 1492 1496 1495
f 3779 3757 3738
f 10315 10276 10313
f 3738 3757 3693
f 1495 1496 5765
f 1495 5765 1494
f 3716 3744 3757
f 10307 10315 10313
f 1494 5765 8624
f 1494 8624 8622
f 3716 3797 3767
f 3797 3828 3767
f 3828 3783 3767
f 3783 3828 11538
f 3783 11538 11527
f 10130 10131 10135
f 11516 10130 10135
f 11527 11538 11526
f 11527 11526 11524
f 11524 11526 11525
f 11524 11525 10412
f 10418 10417 10132
f 10135 10131 10127
f 10287 10290 10286
f 11524 10412 11522
f 11522 10412 11519
f 11519 10412 10417
f 11519 10417 11517
f 10128 10125 10133
f 10128 10133 8822
f 10128 8822 8820
f 8821 8822 8823
f 8822 8821 8820
f 8820 8821 5728
f 13615 13617 5647
f 5647 5640 7726
f 13615 5647 7726
f 7726 5639 7725
f 7725 5639 5737
f 7712 5479 7707
f 8009 5541 7994
f 7993 7994 7991
f 7986 7989 7987
f 7986 7987 7988
f 7988 7987 7990
f 7988 7990 7996
f 7676 7681 7696
f 7996 7998 7999
f 7999 7998 8000
f 8000 8001 8002
f 8684 8685 8686
f 8008 8006 8012
f 510 603 513
f 713 730 714
f 6488 6545 11480
f 6545 6488 6485
f 11480 6545 11470
f 11473 11498 11483
f 6543 6488 11480
f 6522 6488 6543
f 6486 6488 6522
f 6486 6522 6523
f 731 722 708
f 722 731 744
f 6523 6536 6899
f 6899 6536 6934
f 6934 6536 6918
f 6536 7177 6918
f 6918 7177 6938
f 11306 11309 11495
f 682 788 789
f 6938 7177 7176
f 6938 7176 6925
f 6925 7176 7227
f 6925 7227 7203
f 11478 11457 11386
f 729 807 709
f 7203 7227 7226
f 11337 11386 11344
f 11343 11344 11346
f 694 709 690
f 11343 11346 11345
f 11345 11346 11358
f 7265 7284 7245
f 11375 11370 11394
f 11375 11394 11376
f 11005 11006 11007
f 11005 11007 11320
f 11318 11320 11321
f 11318 11321 11322
f 11285 11322 11354
f 743 774 750
f 11285 11354 11270
f 11270 11354 11371
f 3794 7310 7324
f 11270 11371 11287
f 11287 11371 11372
f 875 941 897
f 1041 1045 1043
f 11287 11372 11292
f 11292 11372 11389
f 11292 11389 11390
f 11292 11390 11366
f 11293 11292 11366
f 1441 5756 1443
f 11293 11366 11365
f 1443 1445 1444
f 1444 1445 1446
f 1444 1446 1447
f 3727 3795 3645
f 1446 1449 1448
f 1447 1446 1448
f 3645 3795 3682
f 1448 1449 1450
f 11280 11374 11286
f 11286 11374 11291
f 1511 1450 1453
f 1453 1455 1456
f 1456 1457 1458
f 1458 1457 1459
f 1457 1460 1459
f 3760 3750 3706
f 11257 11258 11230
f 1460 1463 1459
f 1459 1463 1464
f 1464 1463 1466
f 1463 1468 1466
f 1468 1469 1466
f 1466 1469 1471
f 11231 11230 11232
f 1471 1469 1472
f 1472 1469 1475
f 1475 1476 1477
f 3722 3746 3768
f 11233 11231 11232
f 1477 1476 1478
f 1476 1479 1478
f 11233 11232 11242
f 1478 1479 1493
f 1493 1479 1488
f 1479 1482 1488
f 11260 11233 11242
f 1498 1482 1484
f 3780 3747 3739
f 11260 11242 11246
f 1499 1484 1485
f 11278 11260 11246
f 1500 1485 1487
f 3747 3778 3748
f 11278 11246 11275
f 1487 1490 1491
f 10313 11278 11275
f 1491 1490 1492
f 1491 1492 1494
f 1516 1491 1494
f 1492 1495 1494
f 10313 11275 11284
f 3757 3744 3693
f 8627 1494 8621
f 3744 3716 3717
f 8621 1494 8622
f 10313 11284 10290
f 10290 11284 10319
f 3716 3767 3728
f 8621 8622 8623
f 3783 11527 3801
f 11514 10418 11515
f 11514 11515 11516
f 10286 10290 10319
f 10286 10319 10318
f 8622 8626 8353
f 8623 8622 8353
f 3801 11527 11524
f 8353 8626 8376
f 11522 11519 11520
f 11519 11517 11518
f 11520 11519 11518
f 8626 8403 8376
f 10128 8820 10136
f 10129 10128 10136
f 10286 10318 10283
f 10136 8820 10137
f 10137 8820 8819
f 8817 5728 2415
f 7733 13615 7726
f 7733 7726 7732
f 7732 7726 7725
f 8011 8010 8009
f 7705 7707 7701
f 8009 7994 8005
f 8005 7994 7993
f 7701 7688 7683
f 7993 7991 7992
f 7992 7991 7986
f 7668 7675 7659
f 7999 7988 7996
f 8000 8002 8013
f 8008 8012 8172
f 7695 5451 7698
f 511 510 513
f 517 646 712
f 712 713 544
f 13591 11513 6538
f 11511 13569 11498
f 6538 6545 6485
f 11498 13550 11483
f 6485 6488 6486
f 11484 13549 13553
f 6941 6486 6523
f 6941 6523 6899
f 744 766 670
f 682 670 788
f 789 818 805
f 789 805 664
f 11381 11477 11478
f 782 729 678
f 11344 11386 11369
f 709 694 695
f 7203 7226 7137
f 11344 11369 11346
f 11358 11346 11359
f 11358 11359 11360
f 7226 7245 7204
f 11358 11360 11379
f 11379 11360 11382
f 11382 11362 11370
f 11394 11395 11376
f 11376 11395 11420
f 11007 11350 11388
f 11007 11388 11320
f 11322 11321 11364
f 11322 11364 11354
f 11354 11364 11413
f 7288 7308 7310
f 11371 11354 11396
f 750 797 787
f 11371 11396 11372
f 875 897 675
f 1040 1045 1041
f 1041 1043 1042
f 898 1045 1040
f 1439 5755 1441
f 11366 11390 11365
f 1441 1443 1442
f 3646 3726 3727
f 1442 1443 1444
f 11280 11365 11397
f 11280 11397 11374
f 1511 1448 1450
f 11258 11291 11290
f 1511 1453 1514
f 1514 1453 1515
f 11258 11290 11245
f 1453 1456 1515
f 1515 1456 1458
f 3699 3760 3706
f 11258 11245 11230
f 11230 11245 11234
f 1509 1459 1464
f 3706 3750 3718
f 1509 1464 1466
f 3718 3750 3761
f 11232 11230 11234
f 11232 11234 11235
f 1551 1466 1471
f 11232 11235 8372
f 3718 3761 3746
f 3718 3746 3719
f 1472 1475 1477
f 3719 3746 3722
f 11242 11232 8372
f 3722 3768 3749
f 1493 1488 1498
f 11246 11242 8372
f 11246 8372 8369
f 1498 1488 1482
f 1498 1484 1499
f 1529 1498 1499
f 11246 8369 11275
f 11275 8369 8370
f 1499 1485 1500
f 1500 1487 1491
f 11275 8370 11276
f 1056 1491 1516
f 1516 1494 1544
f 11284 11275 11276
f 1545 1494 8627
f 11284 11276 8388
f 10319 11284 8388
f 8627 8621 8628
f 10319 8388 10323
f 8621 8623 8127
f 8275 8284 8158
f 8127 8623 8353
f 10318 10319 10323
f 8158 8156 8343
f 8343 8156 8353
f 3767 3783 3729
f 11514 11516 11521
f 11516 10135 10127
f 11521 11516 10127
f 10318 10323 10322
f 8330 8275 8158
f 8330 8158 8343
f 8343 8353 8376
f 3801 11524 3811
f 11518 11514 10129
f 11514 11521 10126
f 10129 11514 10126
f 8330 8343 8377
f 8377 8343 8376
f 3811 11524 11522
f 3811 11522 3834
f 11522 11520 11523
f 3834 11522 11523
f 11518 10129 10136
f 11520 11518 10136
f 13604 8339 8401
f 8339 8330 8401
f 8401 8330 8377
f 11523 11520 10136
f 11523 10136 10137
f 10318 10322 10320
f 10283 10318 10320
f 13605 8385 13604
f 10137 8819 3888
f 8819 8817 8818
f 3888 8819 8818
f 8405 7733 8220
f 7733 7732 8220
f 8215 7732 8214
f 7732 7725 8214
f 7725 7723 7735
f 8214 7725 7735
f 7702 7701 7683
f 8005 7993 7992
f 7683 7688 7669
f 7992 7986 8185
f 7986 7988 8183
f 7669 7668 7667
f 7988 7999 8181
f 8180 7999 8176
f 7999 8000 8176
f 7656 7676 7680
f 8176 8000 8013
f 8013 8002 8008
f 8171 8008 8172
f 8172 8168 8171
f 5770 8164 5768
f 7690 7698 7697
f 891 604 510
f 513 581 512
f 581 646 515
f 515 646 517
f 517 712 544
f 6484 6485 6486
f 707 722 744
f 707 744 671
f 13572 13554 13556
f 671 744 670
f 11495 13587 11496
f 682 789 663
f 664 805 782
f 11477 11489 11478
f 11478 11489 11457
f 6925 7203 6926
f 679 729 709
f 6926 7203 7137
f 695 694 668
f 11360 11359 11361
f 7137 7226 7204
f 11360 11361 11362
f 689 688 643
f 11382 11360 11362
f 11362 11393 11370
f 11370 11393 11394
f 688 715 667
f 7204 7245 7219
f 715 716 666
f 7219 7245 7284
f 11420 11406 11445
f 7219 7284 7254
f 11350 11416 11388
f 7254 7284 7291
f 11388 11404 11321
f 599 734 719
f 7291 7308 7288
f 11413 11429 11396
f 750 787 691
f 787 875 675
f 717 787 675
f 1038 1040 1039
f 1041 1042 1039
f 7310 3794 3759
f 11389 11419 11431
f 1042 1043 1044
f 3759 3794 3692
f 11389 11431 11430
f 703 897 898
f 703 898 720
f 898 1040 720
f 3692 3794 3741
f 1550 1520 1430
f 11390 11430 11426
f 11390 11426 11411
f 1501 1520 1438
f 1438 1439 1437
f 3741 3726 3670
f 1437 1439 1440
f 1440 1439 1441
f 3670 3726 3610
f 3610 3726 3646
f 1440 1441 1442
f 11365 11411 11397
f 11397 11407 11374
f 3646 3727 3645
f 1444 1447 1448
f 1541 1444 1448
f 11291 11374 11328
f 11291 11328 11290
f 1521 1448 1511
f 3682 3700 3643
f 11245 11290 11243
f 3643 3700 3699
f 3643 3699 3654
f 11245 11243 11234
f 11234 11243 11241
f 3654 3699 3706
f 11234 11241 11235
f 1515 1458 1512
f 1512 1458 1459
f 1512 1459 1510
f 1510 1459 1509
f 11235 11236 8372
f 8372 11236 11237
f 1509 1466 1549
f 1466 1551 1549
f 1551 1471 1552
f 1549 1551 1552
f 8372 11237 8368
f 1552 1471 1472
f 1552 1472 1606
f 1606 1472 1477
f 8372 8368 8369
f 8369 8368 8366
f 1606 1477 1478
f 1606 1478 1604
f 1604 1478 1493
f 3749 3739 3618
f 1604 1493 1498
f 1604 1498 1605
f 8369 8366 8365
f 8370 8369 8365
f 1605 1498 1529
f 1529 1499 1528
f 1528 1499 1500
f 1528 1500 1525
f 3747 3748 3656
f 8370 8365 8355
f 11276 8370 8371
f 8370 8355 8371
f 1525 1500 1491
f 1525 1491 1056
f 1544 1494 1545
f 8388 11276 8371
f 3693 3744 3717
f 8143 8148 8338
f 8628 8621 8103
f 3649 3717 3716
f 10323 8388 8389
f 8264 8338 8271
f 8338 8148 8271
f 8271 8148 8277
f 8148 8149 8277
f 8277 8149 8276
f 8149 8151 8276
f 8151 8153 8276
f 8276 8153 8284
f 8153 8159 8284
f 8103 8621 8127
f 8103 8127 8122
f 8264 8271 8270
f 8270 8271 8277
f 8274 8277 8276
f 8156 8127 8353
f 8270 8277 8274
f 8275 8274 8276
f 8275 8276 8284
f 3728 3767 3729
f 10322 10323 8389
f 8269 8270 8273
f 8273 8270 8274
f 8274 8275 8273
f 8273 8275 8330
f 3729 3783 3782
f 3782 3783 3801
f 8272 8269 8273
f 8272 8273 8331
f 8331 8273 8339
f 8273 8330 8339
f 3801 3811 3782
f 8272 8331 8385
f 8384 8272 8385
f 8385 8331 8339
f 13612 8384 8404
f 8384 8385 8404
f 3811 3834 3833
f 3833 3834 11523
f 3833 11523 10137
f 3833 10137 3888
f 8405 13613 13614
f 10283 10320 10317
f 10284 10283 10317
f 8212 8214 7735
f 10293 10284 10317
f 10293 10317 10316
f 7735 7723 7724
f 8211 8023 8015
f 8011 8009 8021
f 8021 8009 8005
f 8188 8005 7992
f 8183 8185 7986
f 8185 8183 8184
f 7664 7669 7667
f 8692 10298 10299
f 8181 8183 7988
f 8183 8181 8182
f 7789 7790 7788
f 7792 7788 7795
f 7667 7668 7659
f 7786 7788 7783
f 7667 7659 7658
f 8180 8181 7999
f 8179 8181 8180
f 7659 7675 7655
f 7655 7676 7656
f 8688 10300 8684
f 8175 8176 8013
f 8175 8013 8008
f 8175 8008 8171
f 8690 10304 8165
f 7677 7685 7679
f 7685 7697 7694
f 10000 7754 7759
f 511 513 512
f 512 581 515
f 556 713 557
f 6483 6485 6484
f 6484 6486 6496
f 6496 6486 6941
f 708 722 707
f 6918 6938 6890
f 663 789 664
f 6890 6938 6925
f 6890 6925 6888
f 664 782 678
f 678 729 679
f 6889 6925 6926
f 11359 11367 11361
f 668 690 644
f 11361 11402 11362
f 690 689 643
f 11362 11402 11393
f 643 688 641
f 641 688 667
f 11394 11393 11395
f 667 715 666
f 11416 11406 11451
f 598 666 735
f 735 734 599
f 7254 7291 7272
f 11404 11418 11364
f 11364 11418 11413
f 7272 7291 7271
f 11413 11418 11447
f 11413 11447 11453
f 718 743 613
f 7291 7288 7271
f 613 743 692
f 692 743 750
f 692 750 691
f 691 787 717
f 7288 7310 7289
f 11372 11412 11419
f 662 675 703
f 1039 1042 1506
f 1506 1042 1044
f 1430 1044 1550
f 1395 1430 1418
f 1418 1520 1501
f 3741 3670 3692
f 11397 11425 11407
f 1440 1442 1542
f 1542 1442 1444
f 3610 3646 3624
f 3646 3645 3624
f 11374 11407 11328
f 1542 1444 1541
f 11290 11328 11317
f 1541 1448 1521
f 3645 3682 3644
f 11290 11317 11243
f 11243 11247 11241
f 11241 11247 11240
f 1521 1511 1508
f 3644 3682 3643
f 1508 1511 1514
f 11241 11240 11235
f 11235 11240 11236
f 1514 1515 1512
f 1513 1512 1510
f 3685 3706 3595
f 1510 1509 1540
f 3706 3718 3586
f 11237 11244 11238
f 8368 11237 11238
f 3718 3719 3585
f 8368 11238 8360
f 1607 1552 1606
f 8366 8368 8360
f 1538 1606 1536
f 8366 8360 8357
f 1536 1606 1608
f 1608 1606 1604
f 3722 3749 3618
f 1608 1604 1533
f 3620 3618 3739
f 1533 1604 1605
f 1533 1605 1531
f 8365 8366 8357
f 1531 1605 1529
f 1531 1529 1528
f 3621 3739 3747
f 3621 3747 3656
f 8355 8365 8357
f 1527 1528 1525
f 1053 1525 1056
f 8371 8355 8356
f 1056 1516 1543
f 1057 1056 1543
f 3656 3748 3738
f 3656 3738 3693
f 1543 1516 1544
f 1543 1544 1545
f 8371 8356 8362
f 1545 8627 8097
f 3627 3693 3717
f 8388 8371 8380
f 8380 8371 8362
f 8338 8145 8143
f 8143 8147 8148
f 8148 8147 8149
f 8149 8147 8150
f 8627 8628 8097
f 8146 8145 8259
f 8259 8145 8264
f 8264 8145 8338
f 8097 8628 8103
f 8257 8259 8258
f 8255 8257 8258
f 8258 8259 8264
f 8157 8154 8122
f 3649 3716 3650
f 3716 3728 3650
f 8255 8258 8260
f 8260 8258 8264
f 8262 8255 8260
f 8263 8260 8264
f 8264 8270 8263
f 8262 8260 8263
f 8269 8263 8270
f 10322 8389 8393
f 8389 8380 8393
f 8262 8268 8250
f 8262 8263 8268
f 8263 8269 8268
f 8268 8269 8272
f 8373 8268 8382
f 8382 8268 8381
f 8381 8268 8272
f 8402 8373 8382
f 8382 8381 8384
f 3782 3811 3784
f 3784 3811 3833
f 8221 8402 8405
f 3862 3833 3888
f 10320 10322 8395
f 8395 10322 8393
f 8221 8405 8220
f 8217 8221 8220
f 3862 3888 8818
f 8813 3862 8818
f 3862 8813 8812
f 8215 8217 8220
f 8212 8217 8215
f 8810 8813 2397
f 10317 10320 8395
f 8212 8215 8214
f 5762 7837 7834
f 10316 10317 8392
f 10317 8395 8392
f 8212 7735 8213
f 7735 7724 8213
f 8213 7724 7719
f 10316 8392 8398
f 8188 8021 8005
f 10293 10316 8398
f 10298 10293 8397
f 8397 10293 8398
f 8187 8188 7992
f 7673 7683 7666
f 7673 7666 7672
f 8187 7992 8185
f 8187 8185 8186
f 8186 8185 8184
f 7666 7664 7663
f 7663 7664 7661
f 8184 8183 8182
f 10306 10298 10312
f 7798 7792 7795
f 7661 7667 7658
f 8179 8182 8181
f 7658 7659 7654
f 8178 8179 8180
f 7654 7659 7655
f 8178 8180 8176
f 8177 8178 8176
f 7652 7655 7656
f 10303 10305 8399
f 8173 8177 8176
f 8173 8176 8175
f 8175 8171 8173
f 10303 8399 8394
f 8170 8173 8171
f 8167 8170 8171
f 8165 10304 8174
f 8165 8174 8166
f 8174 8169 8166
f 8169 8170 8167
f 8166 8169 8167
f 7650 7677 7649
f 7646 7677 7679
f 9995 9994 9998
f 10109 10000 10108
f 10108 10000 7759
f 7749 7759 7754
f 7749 7754 7753
f 891 510 509
f 544 713 556
f 713 714 557
f 557 714 555
f 714 708 555
f 6899 6934 6898
f 6898 6934 6918
f 6888 6925 6889
f 679 709 669
f 709 695 669
f 11424 11410 11367
f 11367 11410 11361
f 11402 11361 11410
f 11395 11393 11405
f 11395 11405 11406
f 11404 11451 11418
f 719 718 614
f 11453 11490 11429
f 11412 11481 11452
f 11412 11452 11419
f 625 717 675
f 11419 11475 11431
f 7289 7310 3759
f 1038 1039 1037
f 1037 1039 1506
f 1506 1044 1405
f 661 703 720
f 1405 1044 1406
f 1406 1044 1430
f 1406 1430 1373
f 1373 1430 1395
f 11426 11479 11458
f 11411 11458 11425
f 1427 1438 1437
f 11407 11425 11414
f 1542 1541 1507
f 11240 11247 11250
f 1507 1541 1521
f 3624 3645 3644
f 11240 11250 11249
f 1521 1508 1504
f 11236 11249 11248
f 11237 11236 11248
f 11237 11248 11244
f 3654 3706 3685
f 3595 3706 3586
f 11238 11244 11254
f 1540 1509 1546
f 11238 11254 11255
f 1509 1549 1546
f 3718 3585 3586
f 11238 11255 11239
f 1583 1549 1607
f 8360 11238 11239
f 1607 1549 1552
f 3585 3719 3587
f 8360 11239 8344
f 1607 1606 1538
f 3587 3719 3722
f 1538 1536 1537
f 8357 8360 8344
f 1536 1608 1533
f 8357 8344 8334
f 1534 1533 1532
f 1533 1531 1532
f 3620 3739 3621
f 1531 1528 1530
f 1532 1531 1530
f 1530 1528 1526
f 1528 1527 1526
f 8355 8357 8334
f 1526 1527 1525
f 3621 3656 3655
f 8355 8334 8324
f 1055 1525 1053
f 3656 3693 3657
f 8356 8355 8324
f 8362 8356 8324
f 8139 8144 8146
f 8146 8144 8145
f 8144 8142 8145
f 8145 8142 8143
f 8143 8142 8141
f 8143 8141 8147
f 8097 1543 1545
f 1057 1543 8097
f 3657 3693 3627
f 8362 8324 8323
f 8140 8139 8257
f 8257 8139 8146
f 3627 3717 3649
f 8310 8362 8323
f 8140 8257 8255
f 8254 8140 8255
f 8152 8115 8105
f 8096 8097 8103
f 8254 8255 8256
f 8380 8362 8364
f 8248 8256 8255
f 8247 8248 8250
f 8248 8255 8250
f 8250 8255 8262
f 3650 3728 3669
f 8380 8364 8308
f 8380 8308 8393
f 8247 8250 8373
f 3729 3782 3696
f 8229 8247 8221
f 8247 8373 8221
f 8226 8229 8217
f 8229 8221 8217
f 3817 3833 3862
f 3817 3862 8812
f 3784 3833 3817
f 8226 8217 8212
f 8225 8226 8212
f 8812 8810 8809
f 8191 8190 5769
f 5769 8190 8189
f 8234 8226 8225
f 8194 8191 8193
f 8193 8191 5769
f 7834 7835 7825
f 8216 8225 8212
f 8395 8393 8302
f 8195 8194 8193
f 8196 8195 8193
f 7820 7834 7825
f 7820 7825 7819
f 8395 8302 8392
f 8202 8195 8196
f 8203 8202 8196
f 8216 8212 8213
f 8206 8202 8203
f 7811 7820 7819
f 8206 8203 8021
f 8213 7719 8222
f 8209 8206 8021
f 8209 8021 8188
f 8222 7719 7722
f 8398 8392 8391
f 8210 8209 8188
f 7722 7704 7674
f 8397 8398 8391
f 8397 8391 8383
f 8210 8188 8187
f 7674 7673 7672
f 8186 8210 8187
f 7672 7666 7665
f 7665 7666 7663
f 8397 8383 8363
f 8367 8186 8184
f 10312 8397 8363
f 8387 8367 8182
f 8182 8367 8184
f 7795 7806 9971
f 8367 8387 8340
f 8400 10312 8363
f 8387 8182 8179
f 8340 8387 8179
f 8345 8340 8179
f 8400 8363 8386
f 8386 8363 8350
f 8178 8345 8179
f 8342 8345 8346
f 8346 8345 8178
f 8348 8342 8347
f 8347 8342 8346
f 8399 8400 8386
f 8399 8386 8374
f 8386 8350 8349
f 8374 8386 8349
f 7763 7771 7797
f 8346 8178 8177
f 8347 8346 8177
f 8351 8347 8177
f 7652 7656 7650
f 8349 8348 8347
f 8349 8347 8351
f 8351 8177 8173
f 8394 8399 8374
f 8374 8349 8169
f 8169 8349 8352
f 8352 8349 8351
f 8394 8374 8375
f 8375 8374 8169
f 8352 8351 8170
f 8170 8351 8173
f 8174 8394 8375
f 8169 8352 8170
f 8174 8375 8169
f 7648 7686 7660
f 5744 5435 5763
f 5399 5394 5406
f 10101 10012 9995
f 10108 7759 7758
f 9995 9998 10106
f 10106 9998 10107
f 7758 7759 7747
f 7747 7759 7749
f 7749 7753 7750
f 7750 7753 6227
f 1018 1002 891
f 509 510 511
f 511 512 495
f 495 512 514
f 514 512 515
f 514 515 518
f 518 517 516
f 516 517 490
f 6537 13592 6538
f 6537 6538 6483
f 6482 6483 6484
f 578 707 671
f 6941 6899 6897
f 670 682 588
f 588 682 663
f 6898 6918 6890
f 13587 13561 13539
f 11477 13540 11489
f 669 695 668
f 6923 6889 6926
f 11424 11486 11410
f 11410 11486 11487
f 6923 6926 7137
f 644 690 643
f 7106 7137 7204
f 11405 11448 11406
f 11406 11448 11449
f 7204 7219 7150
f 11449 11492 11451
f 592 666 598
f 598 735 599
f 614 599 719
f 614 718 613
f 692 691 624
f 624 691 625
f 625 691 717
f 625 675 626
f 11431 11475 11500
f 626 675 662
f 1036 1038 1037
f 1037 1506 1502
f 11431 11500 11479
f 662 703 661
f 1413 1506 1405
f 1359 1373 1395
f 3759 3692 3653
f 1395 1418 1392
f 3611 3692 3670
f 11458 11499 11425
f 1418 1501 1427
f 1427 1501 1438
f 1427 1437 1431
f 1431 1437 1440
f 1440 1542 1507
f 11328 11414 11415
f 11328 11415 11317
f 11415 11427 11317
f 11427 11502 11250
f 11250 11417 11249
f 1507 1521 1504
f 11249 11417 11422
f 1504 1508 1432
f 11248 11422 11423
f 1434 1512 1513
f 1518 1513 1510
f 3654 3685 3595
f 13504 13460 13453
f 1540 1546 1609
f 11239 11255 11476
f 1583 1546 1549
f 11239 11476 11383
f 8344 11383 11384
f 3587 3722 3618
f 8344 11384 8337
f 8337 11384 11385
f 1537 1536 1534
f 1536 1533 1534
f 8344 8337 8317
f 8337 11385 8336
f 8334 8344 8317
f 8336 11385 8354
f 8337 8336 8317
f 8317 8336 8316
f 8316 8336 8354
f 1530 1526 1535
f 8316 8354 8321
f 8324 8334 8317
f 8324 8317 8315
f 8317 8316 8315
f 8315 8316 8314
f 1055 1526 1525
f 1055 1053 1052
f 8314 8316 8321
f 1053 1056 1054
f 1052 1053 1054
f 8314 8321 8309
f 8309 8321 8329
f 1054 1056 1057
f 3655 3656 3657
f 8314 8309 8292
f 8090 1054 1057
f 8324 8315 8323
f 8315 8314 8292
f 8133 8139 8140
f 8093 8090 8094
f 8090 1057 8094
f 8094 1057 8097
f 3592 3657 3627
f 8292 8323 8315
f 8253 8133 8140
f 8120 8089 8115
f 8115 8089 8095
f 8089 8093 8095
f 8093 8094 8095
f 8095 8094 8096
f 8094 8097 8096
f 8310 8323 8292
f 8251 8253 8254
f 8254 8253 8140
f 8105 8095 8096
f 8251 8254 8256
f 8248 8251 8256
f 8364 8362 8310
f 8249 8251 8248
f 8246 8249 8248
f 8246 8248 8247
f 8308 8364 8310
f 3728 3729 3669
f 8236 8246 8247
f 3669 3729 3696
f 8226 8236 8229
f 8236 8247 8229
f 3696 3782 3784
f 8236 8226 8234
f 8307 8393 8308
f 8197 8199 8192
f 8192 8199 8201
f 8192 8201 8205
f 3817 8812 9646
f 8200 8198 8194
f 8194 8198 8191
f 8191 8198 8197
f 8191 8197 8190
f 8190 8197 8192
f 8192 8205 7835
f 9646 8812 8809
f 8195 8200 8194
f 7835 8205 7825
f 7825 8205 8359
f 8204 8200 8195
f 7825 8359 7818
f 8227 8234 8225
f 8302 8393 8307
f 8202 8204 8195
f 7819 7825 7818
f 8227 8225 8216
f 7810 7819 7818
f 7810 7818 7817
f 8218 8227 8216
f 8207 8204 8206
f 8204 8202 8206
f 8218 8216 8213
f 8219 8218 8213
f 8392 8302 8390
f 7810 7817 7816
f 8219 8213 8222
f 8208 8206 8209
f 7808 7810 7816
f 8208 8333 8304
f 8333 8208 8210
f 8210 8208 8209
f 7808 7816 7815
f 8222 7722 8223
f 8219 8222 8223
f 8223 7722 7674
f 8304 8333 8332
f 8332 8333 8210
f 7674 7672 8231
f 8313 8304 8332
f 7799 7808 7814
f 8332 8210 8186
f 8231 7672 7665
f 7799 7814 9986
f 8322 8313 8332
f 7806 7799 9986
f 8322 8332 8367
f 8332 8186 8367
f 7665 7663 7662
f 9971 7806 9974
f 8328 8327 8322
f 8363 8327 8328
f 8328 8322 8340
f 8322 8367 8340
f 7662 7661 7657
f 7795 9971 9970
f 8341 8328 8340
f 7795 9970 7813
f 7657 7661 7658
f 8341 8340 8345
f 7798 7795 7813
f 7657 7658 7654
f 8363 8328 8342
f 8342 8328 8341
f 7798 7813 7804
f 8350 8363 8342
f 8341 8345 8342
f 8350 8342 8348
f 8349 8350 8348
f 7763 7796 7768
f 7652 7650 7651
f 7634 7650 7649
f 7762 7761 7765
f 7649 7646 7634
f 7634 7646 7636
f 7636 7646 7647
f 7636 7647 7639
f 7639 7647 7648
f 7639 7648 7641
f 7641 7648 7643
f 7643 7648 7660
f 7692 5438 7709
f 10103 10098 10104
f 10104 10098 10101
f 10104 10101 10105
f 10107 10108 10122
f 10122 10108 10124
f 10124 10108 7758
f 10101 9995 10105
f 10105 9995 10106
f 9998 10108 10107
f 509 511 495
f 490 517 544
f 577 555 708
f 577 708 578
f 578 708 707
f 671 670 589
f 563 664 678
f 561 678 679
f 561 679 669
f 11454 13563 11450
f 6923 7137 7106
f 579 667 666
f 7185 7219 7254
f 7254 7272 7252
f 7252 7272 7271
f 11481 13484 11452
f 7246 7271 7288
f 7246 7288 7277
f 7277 7288 7289
f 11500 13530 11479
f 626 662 661
f 7289 3759 3730
f 661 1036 627
f 1406 1373 1324
f 3730 3759 3653
f 1359 1395 1358
f 1358 1395 1356
f 1356 1395 1392
f 11458 13526 11499
f 3653 3692 3611
f 1393 1418 1427
f 3611 3670 3570
f 1394 1427 1431
f 3570 3670 3610
f 11414 11456 11455
f 3518 3610 3519
f 11415 11455 11427
f 11427 11455 11493
f 1431 1440 1507
f 3519 3610 3624
f 1391 1507 1504
f 3644 3643 3492
f 11423 11422 13541
f 1432 1508 1514
f 1514 1512 1434
f 3492 3643 3493
f 3643 3654 3493
f 1434 1513 1518
f 3654 3595 3490
f 1518 1510 1540
f 3488 3595 3586
f 1609 1546 1583
f 1583 1607 1538
f 1553 1583 1538
f 1553 1538 1537
f 3516 3587 3618
f 11385 13261 13245
f 1553 1537 1554
f 1554 1537 1534
f 1534 1532 8102
f 8354 11398 11408
f 8102 1532 8092
f 8092 1532 8163
f 8163 1532 1530
f 3576 3620 3621
f 1530 1535 8163
f 1535 1526 8111
f 3619 3621 3655
f 8354 11408 8379
f 8111 1526 1055
f 8111 1055 1052
f 8111 1052 8087
f 8354 8379 8329
f 8329 8379 8361
f 8088 8087 1052
f 8088 1052 1054
f 3655 3657 3578
f 8329 8361 8320
f 8320 8361 8335
f 8134 8133 8128
f 8119 8134 8128
f 8088 1054 8090
f 3578 3657 3592
f 8309 8329 8320
f 8320 8335 8318
f 8318 8335 8319
f 8129 8128 8133
f 8107 8086 8089
f 8089 8086 8088
f 8089 8088 8090
f 8089 8090 8093
f 8289 8309 8320
f 8358 8129 8252
f 8130 8129 8358
f 8252 8129 8253
f 8253 8129 8133
f 8289 8292 8309
f 8289 8320 8318
f 8286 8319 8282
f 8282 8319 8288
f 8261 8358 8252
f 8252 8253 8251
f 8293 8292 8290
f 8290 8292 8289
f 8289 8318 8286
f 8282 8288 8261
f 8261 8252 8249
f 8249 8252 8251
f 8293 8310 8292
f 8289 8286 8287
f 8286 8282 8285
f 8282 8261 8265
f 8265 8261 8239
f 8239 8261 8249
f 8290 8289 8287
f 8265 8285 8282
f 8239 8249 8246
f 3650 3669 3628
f 8296 8310 8293
f 8290 8287 8311
f 8311 8287 8312
f 8285 8265 8245
f 8308 8310 8296
f 8296 8293 8295
f 8295 8293 8294
f 8294 8293 8290
f 8294 8290 8311
f 8312 8287 8285
f 8265 8239 8245
f 8239 8246 8236
f 8245 8239 8238
f 8238 8239 8236
f 8295 8294 8299
f 8294 8311 8198
f 8199 8311 8312
f 8199 8312 8201
f 8325 8312 8285
f 8291 8285 8245
f 8298 8296 8295
f 8298 8295 8299
f 8299 8294 8198
f 8198 8311 8197
f 8197 8311 8199
f 8201 8312 8325
f 8325 8285 8291
f 8291 8245 8244
f 8244 8245 8238
f 8238 8236 8234
f 8297 8296 8298
f 8200 8299 8198
f 8205 8201 8325
f 8326 8325 8291
f 8326 8291 8244
f 3784 3817 3785
f 3785 3817 9646
f 8205 8325 8359
f 8359 8325 8326
f 8242 8244 8238
f 8242 8238 8237
f 8237 8238 8234
f 9646 8809 8808
f 8307 8308 8300
f 8300 8308 8296
f 8306 8298 8204
f 8204 8298 8299
f 8204 8299 8200
f 8326 8244 8242
f 8300 8296 8297
f 8297 8298 8306
f 8359 8326 9991
f 7818 8359 9991
f 9991 8326 8242
f 8237 8234 8227
f 8302 8307 8300
f 8301 8300 8297
f 7817 7818 9991
f 9991 8242 8243
f 8243 8242 8237
f 8243 8237 8235
f 8235 8237 8227
f 8301 8297 8306
f 8301 8306 8208
f 8208 8306 8207
f 7817 9991 8243
f 8235 8227 8219
f 8227 8218 8219
f 8302 8300 8301
f 8266 7817 8243
f 8228 8235 8219
f 8302 8301 8303
f 7816 7817 9981
f 7817 8266 9981
f 8303 8301 8304
f 8301 8208 8304
f 7815 7816 9981
f 8224 8228 8219
f 8223 8224 8219
f 8223 7674 8224
f 7814 7815 9981
f 8305 8303 8304
f 8305 8304 8313
f 7814 9981 9980
f 8224 7674 8231
f 9979 7814 9980
f 8305 8313 8322
f 9986 7814 9979
f 8232 8231 7665
f 8232 7665 8233
f 8305 8322 8327
f 7665 7662 9905
f 8233 7665 9905
f 9986 9979 9974
f 9905 7662 9906
f 9906 7662 7657
f 9970 9972 9969
f 7813 9970 9969
f 7653 7657 7654
f 7653 7654 7652
f 7653 7652 7651
f 7796 7797 7807
f 7651 7634 7638
f 7638 7634 7633
f 7633 7634 7635
f 7635 7634 7636
f 7770 7769 7773
f 7779 7773 7774
f 7639 7641 7640
f 7780 7774 7776
f 7660 7678 7645
f 7645 7678 7671
f 7693 7709 7710
f 10100 10017 10099
f 10099 10098 10102
f 10103 10104 10113
f 10113 10104 10117
f 10121 10106 10107
f 10121 10107 10122
f 10124 7758 7755
f 7755 7758 7747
f 7747 7749 7748
f 7746 7747 7748
f 7748 7749 7750
f 1018 891 509
f 494 514 518
f 6537 6483 6478
f 6484 6496 6495
f 6495 6496 6973
f 6973 6496 6941
f 6973 6941 6897
f 578 671 589
f 6897 6899 6898
f 587 663 664
f 6886 6890 6888
f 561 669 668
f 561 668 504
f 570 644 643
f 11448 11506 11449
f 641 667 579
f 7106 7204 7150
f 7150 7219 7185
f 11491 13502 11501
f 7185 7254 7252
f 613 692 624
f 11452 13567 13529
f 11475 13529 11500
f 1009 1037 1502
f 7277 7289 3730
f 627 1036 1009
f 1036 1037 1009
f 1502 1506 1413
f 1413 1405 1376
f 1376 1405 1324
f 1324 1405 1406
f 1324 1373 1359
f 1392 1418 1393
f 1393 1427 1394
f 3570 3610 3518
f 1431 1507 1389
f 1389 1507 1390
f 1390 1507 1391
f 1391 1504 1416
f 3484 3624 3491
f 3624 3644 3491
f 1416 1504 1432
f 3644 3492 3491
f 1432 1514 1434
f 3493 3654 3490
f 1518 1540 1610
f 3490 3595 3488
f 1610 1540 1609
f 1610 1609 1583
f 1610 1583 1611
f 3488 3586 3585
f 3488 3585 3489
f 1611 1583 1553
f 3585 3587 3489
f 3489 3587 3516
f 3516 3618 3495
f 1554 1534 8102
f 3495 3618 3620
f 3621 3619 3576
f 8080 8092 8163
f 8080 8163 8109
f 8109 8163 1535
f 11408 11494 11409
f 8080 8109 8081
f 8081 8109 1535
f 8081 1535 8111
f 8379 11409 8361
f 8080 8081 8075
f 8075 8081 8085
f 8085 8081 8111
f 8085 8111 8087
f 3577 3619 3655
f 8361 11409 11446
f 8114 8063 8104
f 8063 8069 8104
f 8104 8069 8083
f 8083 8069 8075
f 8083 8075 8084
f 8084 8075 8085
f 8084 8085 8086
f 8085 8087 8086
f 8335 11446 11497
f 8319 11497 8378
f 8318 8319 8286
f 8319 8378 8288
f 8288 8378 8358
f 8358 8378 8130
f 8288 8358 8261
f 3592 3627 3626
f 3626 3627 3649
f 3625 3649 3628
f 8287 8286 8285
f 3628 3669 3629
f 3629 3669 3647
f 3669 3696 3647
f 3696 3784 3708
f 3708 3784 3785
f 3785 9646 8808
f 8241 8243 8235
f 8241 8235 8228
f 8266 8243 8241
f 8266 8241 8240
f 8240 8241 8228
f 8240 8228 8230
f 8230 8228 8224
f 9980 8266 8267
f 8230 8224 8231
f 8230 8231 8232
f 9978 9980 8267
f 8230 8232 8233
f 9979 9980 9978
f 9974 9979 9978
f 9974 9978 9975
f 9972 9974 9975
f 9969 9972 9975
f 9906 7657 9907
f 7657 7653 9907
f 9968 9969 9975
f 7804 9969 9968
f 9907 7653 7670
f 7804 9968 9967
f 7804 9967 7807
f 7670 7653 7651
f 7670 7651 7638
f 7796 7807 7802
f 7635 7636 7637
f 7637 7636 7639
f 7637 7639 7640
f 7640 7641 7642
f 7643 7645 7644
f 7644 7671 7687
f 7671 7693 7687
f 7710 7711 7718
f 5595 5654 11780
f 5656 5657 7833
f 11780 5654 5655
f 5600 5598 5599
f 10100 10099 10102
f 10117 10104 10105
f 10117 10105 10118
f 10118 10106 7979
f 7979 10106 10121
f 7979 10121 7956
f 7957 10124 7984
f 10122 10124 7957
f 7984 10124 7755
f 7755 7747 7752
f 7750 6227 6229
f 494 518 516
f 556 557 483
f 6531 6537 6478
f 483 557 555
f 6478 6483 6482
f 6482 6484 6495
f 577 578 567
f 588 663 587
f 6898 6890 6891
f 587 664 563
f 6891 6890 6886
f 563 678 561
f 6888 6889 6887
f 562 561 504
f 504 668 644
f 11506 13521 11507
f 579 666 592
f 11491 13546 13440
f 11491 13440 13502
f 612 614 613
f 595 613 624
f 7252 7271 7246
f 626 661 627
f 1324 1359 1310
f 1310 1359 1358
f 13508 13443 13526
f 11499 13444 11504
f 1394 1431 1389
f 3519 3624 3484
f 1518 1610 1615
f 1614 1610 1611
f 1612 1553 1613
f 1613 1553 1554
f 1613 1554 8064
f 8064 1554 8102
f 3495 3620 3576
f 8064 8102 8070
f 8070 8102 8092
f 8070 8092 8080
f 8061 8062 8063
f 8062 8064 8063
f 8063 8064 8069
f 8069 8064 8070
f 8069 8070 8075
f 8075 8070 8080
f 3576 3619 3577
f 8071 8061 8063
f 8112 8106 8119
f 3577 3655 3578
f 3626 3649 3625
f 3628 3649 3650
f 3647 3696 3677
f 3708 3785 3707
f 3785 8808 8807
f 8808 8806 8807
f 8267 8266 8240
f 8278 8267 8240
f 8240 8230 8233
f 8278 8240 8279
f 8279 8240 8233
f 9978 8267 9990
f 9990 8267 8278
f 8279 8233 9927
f 9927 8233 9905
f 9927 9905 9906
f 9927 9906 9919
f 9978 9990 9982
f 9975 9978 9982
f 9919 9906 9907
f 9968 9975 9976
f 9967 9968 9976
f 7638 7633 9908
f 9908 7633 7635
f 9908 7635 9913
f 9913 7635 7637
f 7772 7767 7801
f 7772 7801 7803
f 7731 7637 7640
f 7731 7640 7734
f 7734 7640 7642
f 7642 7644 7730
f 7734 7642 7730
f 7730 7644 7729
f 7729 7644 7728
f 7644 7687 7728
f 7728 7687 7727
f 7687 7710 7720
f 7727 7687 7720
f 5602 5703 11787
f 11722 11789 11780
f 11722 11780 11711
f 11711 11780 11779
f 11711 11779 11713
f 11713 11779 5656
f 11713 5656 7833
f 10112 10111 10120
f 7976 10111 10119
f 10119 10103 10113
f 10119 10113 7982
f 7982 10113 10123
f 10123 10113 10117
f 10123 10117 7980
f 7980 10118 7979
f 7752 7747 7746
f 7746 7748 7751
f 7748 7750 6229
f 6222 6226 6225
f 508 509 495
f 494 495 514
f 544 556 483
f 6531 13580 6537
f 6481 6478 6482
f 507 555 577
f 13503 13309 13424
f 589 588 564
f 6887 6889 6923
f 504 644 503
f 503 644 570
f 11506 13522 13521
f 643 641 571
f 571 641 579
f 592 598 593
f 13546 13422 13440
f 596 599 614
f 596 614 612
f 624 625 597
f 1009 1502 1008
f 1008 1502 1413
f 726 627 1009
f 1376 1324 1322
f 1321 1376 1322
f 1322 1324 1310
f 1356 1392 1357
f 1392 1393 1357
f 11504 13463 13464
f 1416 1432 1417
f 1432 1434 1417
f 3493 3490 3458
f 3490 3488 3456
f 1615 1610 1614
f 1612 1611 1553
f 8162 1611 1612
f 1612 1613 8091
f 8065 8091 1613
f 8065 1613 8064
f 3496 3495 3576
f 8065 8064 8062
f 8065 8062 8061
f 8072 8066 8071
f 8066 8061 8071
f 8106 8072 8071
f 8074 8113 8116
f 8116 8113 8130
f 3677 3696 3684
f 3684 3696 3708
f 3707 3785 8807
f 8278 8279 8280
f 8280 8279 9927
f 8280 9927 9919
f 9982 9990 8281
f 8281 9990 8278
f 8281 8278 8280
f 8281 8280 8283
f 8283 8280 9919
f 8283 9919 9907
f 8281 8283 9920
f 9912 8283 9907
f 9920 8283 9912
f 9976 9975 9982
f 9976 9982 9983
f 9912 9907 7670
f 9967 9976 9983
f 9910 9912 7670
f 9967 9983 9984
f 9963 9967 9984
f 9910 7670 7638
f 9961 9963 9962
f 9962 9963 9984
f 9910 7638 9909
f 9909 7638 9908
f 9960 9961 9962
f 9909 9908 9911
f 9911 9908 9913
f 7801 9959 9958
f 9913 7637 7731
f 7803 7801 9958
f 9913 7731 9911
f 7731 7734 9914
f 7805 7803 9952
f 7805 9952 9951
f 7830 7805 9951
f 7830 9951 9956
f 7830 9956 7831
f 7720 7718 7978
f 11787 5703 11750
f 5703 5749 11750
f 11750 5749 11722
f 7978 7718 7977
f 5677 5602 11787
f 2725 2768 2767
f 7718 7714 7977
f 11711 11713 11712
f 11712 11713 11718
f 11718 11713 7833
f 11718 7833 2725
f 5726 5604 5677
f 5727 5603 5726
f 2563 5727 5726
f 10120 10111 7976
f 7982 7976 10119
f 7982 10123 7981
f 7981 10123 7980
f 7981 7980 7962
f 7962 7980 7979
f 7979 7956 7962
f 7956 7957 7942
f 7957 7984 7755
f 7942 7957 7755
f 7755 7752 7757
f 7757 7752 7746
f 6251 7748 6229
f 1018 509 659
f 6532 6531 6480
f 6479 6478 6481
f 483 555 507
f 6481 6482 6495
f 543 578 589
f 6897 6898 6891
f 559 587 563
f 6886 6888 6887
f 6936 7106 7150
f 580 592 593
f 593 598 599
f 7166 7185 7252
f 612 613 595
f 597 625 626
f 597 626 585
f 1412 1413 1376
f 626 627 584
f 584 627 726
f 3730 3653 3651
f 1327 1356 1357
f 1357 1393 1331
f 1393 1394 1331
f 3569 3611 3570
f 1331 1394 1355
f 1355 1394 1389
f 3570 3518 3569
f 1389 1390 1371
f 3518 3519 3484
f 1390 1391 1371
f 3460 3491 3492
f 1417 1434 1433
f 3492 3493 3457
f 1433 1434 1505
f 1505 1434 1518
f 3457 3493 3458
f 1518 1615 1580
f 3490 3456 3487
f 1580 1615 1614
f 1614 1611 8079
f 8079 1611 8162
f 8099 8162 1612
f 8068 8099 1612
f 8068 1612 8091
f 8068 8091 8067
f 8067 8091 8065
f 8066 8067 8065
f 8073 8066 8072
f 8074 8073 8072
f 8112 8074 8072
f 8113 8074 8112
f 13230 8132 8155
f 8126 8117 8116
f 3561 3625 3628
f 3566 3628 3629
f 3684 3708 3707
f 3707 8807 9645
f 8807 8805 8804
f 9645 8807 8804
f 9939 8281 9920
f 9982 8281 9939
f 9983 9982 9939
f 9939 9920 9932
f 9932 9920 9912
f 9930 9939 9932
f 9942 9983 9939
f 9942 9939 9930
f 9932 9912 9910
f 9983 9942 9984
f 9942 9930 9929
f 9930 9932 9910
f 9929 9930 9910
f 9984 9942 9938
f 9938 9942 9929
f 9962 9984 9985
f 9929 9910 9918
f 9985 9984 9944
f 9944 9984 9938
f 9928 9938 9929
f 9928 9929 9918
f 9918 9910 9909
f 9977 9962 9985
f 9923 9928 9918
f 9960 9962 9977
f 9977 9985 9992
f 9918 9909 9911
f 9977 9992 9973
f 9959 9960 9977
f 9917 9918 9911
f 9923 9918 9917
f 9959 9977 9973
f 9923 9917 9921
f 9958 9959 9957
f 9957 9959 9973
f 9957 9973 9966
f 9966 9973 9988
f 9914 9917 9911
f 9921 9917 9914
f 9914 9911 7731
f 9952 9958 9957
f 9957 9966 9954
f 9952 9957 9954
f 9914 7734 7730
f 9914 7730 9915
f 9951 9952 9953
f 9915 7730 7729
f 9915 7729 9916
f 9916 7729 7728
f 9956 9951 9955
f 7968 7728 7727
f 9916 7728 7968
f 9956 9955 9964
f 7968 7727 7967
f 7967 7727 7720
f 7967 7720 7978
f 7967 7978 7966
f 7966 7978 7977
f 11759 11787 11734
f 11734 11787 11750
f 11734 11750 11699
f 11699 11750 11722
f 11699 11722 11700
f 2767 7831 2722
f 2570 5677 11782
f 11782 5677 11787
f 11700 11722 11711
f 11700 11711 11702
f 2725 2767 2722
f 2718 2725 2722
f 7977 7714 7975
f 11702 11711 11712
f 7975 7714 10115
f 7972 7976 7982
f 7972 7982 7971
f 7971 7982 7981
f 7971 7981 7962
f 7951 7962 7950
f 7950 7962 7956
f 7950 7956 7941
f 7941 7956 7942
f 7942 7755 7757
f 7757 7746 7751
f 7751 7748 6356
f 6356 7748 6251
f 1050 1018 659
f 659 509 508
f 495 494 493
f 494 516 491
f 491 516 490
f 482 490 544
f 482 544 483
f 6534 6532 6480
f 567 578 543
f 543 589 564
f 6896 6897 6891
f 560 588 587
f 13491 13357 13490
f 560 587 559
f 6882 6887 6923
f 6936 6923 7106
f 580 579 592
f 7150 7185 7166
f 596 612 594
f 13415 13341 13335
f 7246 7277 7263
f 1005 1009 1008
f 1008 1413 1412
f 1412 1376 1319
f 7277 3730 7263
f 1319 1376 1321
f 1310 1358 1302
f 3651 3653 3652
f 1358 1356 1302
f 1302 1356 1327
f 3652 3653 3611
f 1355 1389 1371
f 3484 3491 3460
f 1391 1416 1375
f 1375 1416 1417
f 3458 3490 3487
f 1579 1518 1580
f 1580 1614 8079
f 3456 3488 3489
f 8099 8079 8162
f 3516 3495 3445
f 8073 8068 8066
f 8066 8068 8067
f 8074 8076 8073
f 8077 8076 8074
f 8116 8077 8074
f 3576 3577 3480
f 8131 8117 8126
f 8117 8077 8116
f 3577 3578 3482
f 3520 3578 3592
f 3608 3647 3677
f 3608 3677 3684
f 3668 3684 3707
f 3773 3707 9645
f 8804 8805 2341
f 9944 9938 9928
f 9941 9944 9928
f 9992 9944 9949
f 9949 9944 9941
f 9941 9928 9926
f 9926 9928 9923
f 9949 9941 9940
f 9973 9992 9948
f 9948 9992 9949
f 9948 9949 9940
f 9940 9941 9926
f 9988 9973 9948
f 9936 9940 9926
f 9926 9923 9921
f 9943 9948 9940
f 9943 9940 9936
f 9988 9948 9943
f 9936 9926 9925
f 9925 9926 9921
f 9988 9943 9946
f 9946 9943 9935
f 9935 9943 9936
f 9935 9936 9925
f 9966 9988 9987
f 9987 9988 9946
f 9925 9921 9922
f 9922 9921 9914
f 9954 9966 9987
f 9935 9925 9934
f 9922 9914 9915
f 9954 9987 9989
f 9924 9925 9922
f 9924 9922 9915
f 9953 9954 9955
f 9955 9954 9989
f 9924 9915 9916
f 9924 9916 9931
f 9955 9989 9947
f 9964 9955 9965
f 9931 9916 9933
f 9933 9916 7968
f 9965 9955 9950
f 9993 9964 9965
f 7968 7967 7959
f 7960 7968 7959
f 2722 9964 9993
f 7959 7967 7966
f 11782 11787 11735
f 11787 11759 11735
f 11735 11759 11706
f 11759 11734 11706
f 11706 11734 11699
f 2722 9993 2737
f 2721 2722 2737
f 2571 2570 11782
f 11700 11702 11701
f 2724 2725 2718
f 2718 2722 2721
f 7977 7975 7970
f 11702 11712 2724
f 11712 11718 2724
f 11718 2725 2724
f 2563 5726 2570
f 7975 7983 7974
f 7983 7976 7974
f 7974 7976 7973
f 7973 7976 7969
f 7976 7972 7969
f 7969 7972 7955
f 7955 7972 7971
f 7955 7971 7953
f 7953 7971 7962
f 7953 7962 7951
f 7920 7950 7941
f 7932 7941 7931
f 7941 7942 7931
f 7931 7942 7757
f 7756 7757 7751
f 7756 7751 6356
f 6218 6219 6217
f 508 495 493
f 341 483 486
f 6479 6530 6480
f 6530 6479 6487
f 6487 6479 6481
f 332 577 567
f 6973 6897 6896
f 564 588 560
f 6891 6886 6884
f 6886 6887 6882
f 505 562 504
f 13495 13410 13313
f 503 570 501
f 593 599 596
f 7166 7252 7180
f 595 624 597
f 7180 7252 7246
f 7246 7263 7229
f 585 626 584
f 1005 1008 1007
f 584 726 725
f 725 726 1005
f 3652 3611 3571
f 1327 1357 1331
f 3571 3611 3569
f 3462 3518 3484
f 3447 3484 3460
f 3460 3492 3459
f 1415 1417 1433
f 3459 3492 3457
f 1505 1518 1414
f 1414 1518 1579
f 8110 1580 8079
f 3445 3489 3516
f 8082 8079 8078
f 8078 8079 8073
f 8079 8099 8068
f 8073 8079 8068
f 8078 8073 8076
f 8077 8078 8076
f 11878 8132 11879
f 3480 3577 3482
f 3520 3592 3565
f 3592 3626 3565
f 3584 3625 3561
f 3561 3628 3566
f 3629 3647 3558
f 3608 3684 3609
f 3668 3707 3773
f 8804 2341 8799
f 9987 9946 9945
f 9945 9946 9935
f 9934 9925 9924
f 9989 9987 9945
f 9945 9935 9934
f 9947 9989 9945
f 9945 9934 9937
f 9934 9924 9937
f 9937 9924 9931
f 9947 9945 9937
f 9950 9955 9947
f 9950 9947 9937
f 9950 9937 7961
f 7961 9937 9931
f 7961 9931 9933
f 9965 9950 2738
f 7961 9933 7960
f 7960 9933 7968
f 9993 9965 2738
f 2737 9993 2738
f 2738 9950 7961
f 2738 7961 2739
f 7961 7960 2739
f 2739 7960 7958
f 7958 7960 7959
f 11782 11735 11754
f 2720 2721 2737
f 11698 11700 11701
f 2720 2718 2721
f 7966 7977 7970
f 11702 2724 2719
f 7964 7970 7963
f 7970 7975 7963
f 2539 2570 2548
f 7963 7975 7974
f 7954 7974 7973
f 7955 7953 7949
f 7953 7951 7937
f 7949 7953 7937
f 7937 7951 7914
f 7951 7950 7914
f 7914 7950 7920
f 7920 7941 7932
f 7920 7932 7921
f 7921 7932 7931
f 7921 7931 7757
f 7921 7757 7756
f 7922 7921 7756
f 6361 7756 6356
f 6338 6361 6356
f 6529 6530 6487
f 486 483 507
f 507 577 332
f 7002 6495 6973
f 6892 6891 6885
f 6885 6891 6884
f 559 563 506
f 506 561 562
f 506 562 505
f 503 501 502
f 501 570 571
f 6936 7150 7118
f 594 612 595
f 1319 1321 1252
f 1252 1321 1322
f 1252 1322 1310
f 7263 3730 3651
f 1302 1327 1300
f 3651 3652 3571
f 1327 1331 1299
f 1300 1327 1299
f 3568 3571 3569
f 1331 1355 1323
f 1355 1371 1353
f 1353 1371 1354
f 3462 3484 3447
f 1371 1391 1375
f 1433 1505 1415
f 1579 1580 8110
f 8082 8110 8079
f 3456 3489 3445
f 8082 8078 8098
f 8108 8101 8077
f 8108 8121 8125
f 8125 8121 11878
f 3482 3578 3520
f 3565 3626 3584
f 3626 3625 3584
f 3566 3629 3558
f 3647 3608 3558
f 3668 3773 3745
f 3773 9645 3745
f 9645 8804 8811
f 3745 9645 8811
f 8811 8804 8799
f 2712 2737 2738
f 11781 11782 11752
f 11752 11782 11754
f 11706 11699 11696
f 2720 2737 2712
f 7958 7959 7947
f 2571 11782 11781
f 7947 7959 7966
f 7947 7966 7965
f 2548 2570 2571
f 11701 11702 11703
f 11703 11702 2719
f 2719 2724 2718
f 7965 7966 7970
f 7965 7970 7964
f 7963 7974 7954
f 7954 7973 7948
f 7948 7973 7969
f 7948 7969 7946
f 7969 7955 7946
f 7946 7955 7940
f 7955 7949 7940
f 7940 7949 7937
f 7916 7914 7920
f 7919 7916 7920
f 6371 7919 7920
f 6371 7920 7921
f 6371 7921 7922
f 6371 7922 6338
f 6338 7922 6361
f 7922 7756 6361
f 6318 6367 6335
f 6367 6371 6335
f 6335 6371 6338
f 660 659 508
f 493 494 491
f 6481 6495 6498
f 6498 6495 7002
f 332 567 543
f 6900 6896 6892
f 6892 6896 6891
f 6884 6886 6882
f 6883 6923 6936
f 7118 7150 7166
f 586 597 585
f 7180 7246 7229
f 1007 1008 1006
f 1006 1008 1412
f 498 584 725
f 1252 1310 1278
f 1278 1310 1302
f 1299 1331 1323
f 1323 1355 1353
f 1354 1371 1372
f 1371 1375 1372
f 1375 1417 1415
f 1366 1414 1579
f 3455 3458 3487
f 3455 3487 3456
f 1365 1579 8100
f 8100 1579 8110
f 8100 8110 8082
f 8101 8100 8098
f 8100 8082 8098
f 3445 3495 3423
f 8125 8101 8108
f 8160 8101 8125
f 3423 3495 3496
f 3423 3496 3424
f 3424 3496 3480
f 3480 3496 3576
f 3579 3584 3561
f 3609 3684 3668
f 2712 2738 2710
f 2710 2738 2711
f 2738 2739 2711
f 11754 11735 11715
f 11715 11735 11706
f 11715 11706 11695
f 11695 11706 11696
f 11699 11700 11698
f 11696 11699 11698
f 2683 2720 2712
f 2683 2712 2684
f 2534 2571 11781
f 11705 11698 11701
f 2716 2720 2683
f 7952 7958 7947
f 2717 2719 2718
f 2717 2718 2716
f 11703 2719 11719
f 11719 2719 2717
f 7965 7964 7943
f 7964 7963 7943
f 7943 7963 7954
f 7935 7954 7948
f 7938 7948 7946
f 7946 7940 7936
f 7936 7940 7913
f 7940 7937 7913
f 7913 7937 7914
f 7913 7914 7908
f 7914 7916 7915
f 7908 7914 7915
f 7915 7916 7919
f 7915 7919 6371
f 6372 7915 6367
f 6367 7915 6371
f 6372 6318 6358
f 7917 6372 6358
f 6372 6367 6318
f 6140 6235 6234
f 6281 6358 6314
f 6358 6318 6314
f 1050 659 1019
f 1019 659 660
f 346 491 490
f 346 490 482
f 482 483 341
f 6516 6529 6487
f 6516 6487 6489
f 6489 6487 6481
f 6489 6481 6490
f 6490 6481 6498
f 333 507 332
f 7002 6973 7001
f 7001 6973 6896
f 7001 6896 6900
f 324 559 506
f 320 506 505
f 320 504 502
f 502 504 503
f 6882 6923 6883
f 106 579 580
f 6922 6936 7118
f 7118 7166 7127
f 1005 1007 1004
f 1004 1007 1006
f 1006 1412 1399
f 1399 1412 1319
f 498 725 737
f 737 725 1005
f 1302 1300 1278
f 3568 3569 3518
f 3568 3518 3462
f 1415 1505 1414
f 1366 1579 1365
f 3455 3456 3446
f 1365 8100 1385
f 1385 8100 8101
f 1385 8101 8160
f 8161 1385 8160
f 8160 8125 11874
f 11874 8125 11878
f 11874 11878 11873
f 3482 3520 3483
f 3668 3745 3734
f 3734 3745 8811
f 3734 8811 8799
f 11753 11781 11752
f 11752 11754 11715
f 11693 11695 11696
f 11697 11696 11698
f 2684 2712 2710
f 2711 2739 2723
f 2739 7958 2723
f 2723 7958 7952
f 11705 11701 11704
f 11704 11701 11703
f 7944 7952 7947
f 2521 2548 2524
f 7965 7943 7947
f 7947 7943 7929
f 7943 7954 7935
f 7935 7948 7938
f 7925 7938 7936
f 7938 7946 7936
f 7918 7936 7913
f 7907 7918 7913
f 7906 7907 7908
f 7907 7913 7908
f 7917 7908 7915
f 7923 7908 7917
f 7917 7915 6372
f 6322 6366 6281
f 6281 6366 6358
f 6366 7923 6358
f 7923 7917 6358
f 6139 6134 6140
f 6134 6235 6140
f 8825 1050 1019
f 660 508 576
f 576 508 493
f 415 493 491
f 343 482 341
f 6494 6547 13589
f 6524 6516 6491
f 6491 6516 6489
f 486 507 333
f 6900 6892 6998
f 327 560 559
f 327 559 324
f 6998 6892 6874
f 6874 6892 6885
f 324 506 322
f 505 504 320
f 571 579 106
f 6867 6936 6922
f 94 594 595
f 7127 7166 7126
f 595 597 586
f 7126 7166 7180
f 545 584 498
f 1323 1353 1341
f 3447 3460 3459
f 1415 1367 1375
f 1367 1415 1414
f 1367 1414 1366
f 3457 3458 3455
f 1365 1385 1349
f 3433 3456 3445
f 8161 8160 11881
f 3431 3445 3423
f 11881 8160 11874
f 3520 3565 3470
f 3469 3584 3579
f 3561 3566 3559
f 3609 3668 3648
f 3648 3668 3734
f 3648 3734 3786
f 3786 3734 8799
f 11672 11696 11697
f 2682 2683 2684
f 2684 2710 2691
f 2691 2710 2711
f 2691 2711 2723
f 7945 7952 7944
f 2502 2521 2524
f 7944 7947 7929
f 7929 7943 7934
f 7934 7943 7935
f 7934 7935 7925
f 7925 7935 7938
f 7925 7936 7909
f 7909 7936 7918
f 7909 7918 7907
f 7906 7909 7907
f 6366 7906 7923
f 7906 7908 7923
f 6263 6362 6322
f 576 493 415
f 346 482 343
f 6547 6494 6493
f 341 486 338
f 6494 6524 6491
f 338 486 333
f 330 564 560
f 330 560 327
f 6874 6885 6871
f 6871 6885 6884
f 322 506 320
f 6864 6884 6882
f 502 501 109
f 109 501 108
f 108 501 571
f 6883 6936 6867
f 93 596 594
f 545 586 585
f 7179 7180 7229
f 545 585 584
f 1270 1319 1252
f 1251 1252 1253
f 1253 1252 1278
f 7263 3651 3689
f 1279 1300 1299
f 3550 3571 3568
f 1353 1354 1340
f 3459 3457 3274
f 1429 1349 11887
f 3445 3431 3432
f 11881 11874 11872
f 11872 11874 11863
f 11863 11874 11873
f 3453 3424 3480
f 3481 3480 3482
f 3565 3584 3469
f 3579 3561 3560
f 3560 3561 3559
f 3559 3566 3558
f 3558 3608 3557
f 3608 3609 3557
f 11788 11781 11753
f 11753 11752 11716
f 11752 11715 11716
f 11716 11715 11695
f 2534 11781 11788
f 11729 11698 11705
f 2691 2723 2715
f 2715 2723 7952
f 11704 11703 11767
f 11767 11703 11719
f 2734 11719 2717
f 2734 2717 2708
f 7926 7929 7934
f 7926 7934 7925
f 7911 7925 7909
f 7910 7911 7909
f 7910 7909 7906
f 7924 7910 7906
f 6262 6362 6263
f 790 660 576
f 345 415 491
f 345 491 346
f 6493 6494 6491
f 6491 6489 6490
f 330 332 543
f 330 543 564
f 320 502 222
f 6863 6864 6882
f 6863 6882 6883
f 108 571 106
f 106 580 91
f 593 596 93
f 6922 7118 6921
f 95 94 595
f 99 595 586
f 7126 7180 7179
f 245 586 545
f 1270 1252 1251
f 7229 7263 7251
f 7251 7263 3689
f 1278 1300 1279
f 3651 3571 3591
f 3550 3568 3312
f 3462 3447 3297
f 1372 1375 1339
f 1375 1367 1339
f 1348 1367 1366
f 1366 1365 1348
f 1348 1365 1349
f 1348 1349 1342
f 3446 3456 3433
f 1342 1349 1429
f 11887 11881 11872
f 3423 3424 3421
f 3421 3424 3453
f 3453 3480 3481
f 3481 3482 3483
f 3483 3520 3467
f 3520 3470 3467
f 3469 3579 3560
f 3517 3558 3557
f 3648 3786 3754
f 3786 8795 8794
f 11708 11716 11695
f 11693 11696 11672
f 2532 2534 11788
f 11697 11698 11729
f 2652 2683 2682
f 2684 2691 2682
f 2687 2691 2715
f 2524 2534 2532
f 2708 2716 2652
f 2716 2683 2652
f 2715 7952 7945
f 11705 11704 11826
f 11826 11704 11767
f 11767 11719 11768
f 11768 11719 2734
f 7945 7944 7933
f 7939 7945 7933
f 7933 7944 7929
f 7933 7929 7928
f 7928 7929 7926
f 7928 7926 7911
f 7911 7926 7925
f 7912 7911 7910
f 7912 7910 7924
f 7912 7924 6369
f 6362 6369 7924
f 6261 6300 6328
f 6368 6369 6328
f 6328 6369 6362
f 13544 13493 13442
f 6871 6884 6864
f 222 502 109
f 13275 12589 13278
f 91 580 92
f 580 593 92
f 6921 7118 7127
f 363 545 498
f 1271 1399 1319
f 498 737 485
f 1253 1278 1277
f 3568 3462 3312
f 1341 1353 1340
f 3311 3462 3297
f 1354 1372 1338
f 3297 3447 3273
f 1338 1372 1339
f 3273 3447 3459
f 3459 3274 3273
f 1339 1367 1348
f 1342 1429 1336
f 1336 1429 11887
f 3433 3445 3432
f 3431 3423 3422
f 3422 3423 3421
f 3470 3565 3469
f 3559 3558 3517
f 3557 3609 3648
f 11727 11788 11753
f 11727 11753 11716
f 11675 11695 11693
f 2682 2691 2687
f 2703 2715 7945
f 2703 7945 7452
f 7452 7945 7939
f 11775 11767 11768
f 7927 7928 7911
f 7927 7911 7912
f 7985 7927 6369
f 7927 7912 6369
f 6368 7985 6369
f 6242 6315 6300
f 1019 660 888
f 888 660 790
f 6527 6493 6499
f 6493 6491 6492
f 6499 6493 6492
f 6492 6491 6490
f 6900 6998 6873
f 6998 6874 6873
f 6873 6874 6869
f 6869 6874 6871
f 6863 6883 6865
f 6883 6867 6865
f 92 593 93
f 90 594 94
f 6921 7127 6919
f 6919 7127 7126
f 7179 7229 7217
f 7217 7229 7251
f 12822 12864 12531
f 1278 1279 1277
f 3689 3651 3642
f 3651 3591 3642
f 3591 3571 3550
f 1279 1299 1298
f 1299 1323 1298
f 1340 1354 1338
f 3274 3457 3301
f 3457 3455 3301
f 3301 3455 3430
f 1334 1348 1342
f 3455 3446 3430
f 11887 11872 11880
f 11862 11872 11863
f 3453 3481 3417
f 3481 3483 3468
f 3465 3560 3559
f 3465 3559 3463
f 3463 3559 3517
f 3463 3517 3464
f 3557 3648 3623
f 3623 3648 3754
f 3754 3786 8794
f 11709 11716 11708
f 11708 11695 11675
f 2682 2687 2638
f 2638 2687 2703
f 2687 2715 2703
f 11729 11705 11826
f 11819 11767 11775
f 11768 2734 2750
f 2750 2734 2708
f 7452 7939 7425
f 7425 7939 7930
f 7930 7939 7933
f 7930 7933 7928
f 7930 7928 7927
f 7455 7930 7927
f 7455 7927 7985
f 6373 7455 6368
f 6368 7455 7985
f 6283 6373 6357
f 6357 6373 6368
f 6242 6241 6315
f 6315 6283 6357
f 6143 5950 6242
f 790 576 355
f 355 576 415
f 355 415 345
f 337 338 333
f 6497 6492 6490
f 6497 6490 6498
f 6498 7002 7001
f 6966 7001 6900
f 330 327 329
f 318 320 222
f 222 109 107
f 109 108 107
f 107 108 106
f 95 595 99
f 99 586 245
f 7125 7126 7179
f 245 545 363
f 7178 7179 7217
f 485 363 498
f 485 1004 468
f 468 1004 985
f 3642 7251 3689
f 1298 1323 1301
f 1323 1341 1301
f 3312 3462 3311
f 3430 3446 3429
f 3429 3446 3433
f 1336 11887 11880
f 11880 11872 11862
f 3428 3431 3422
f 3421 3453 3417
f 3468 3483 3467
f 3466 3560 3465
f 3623 3754 8793
f 3754 8794 8793
f 11727 11716 11709
f 11675 11693 11672
f 2562 2532 11788
f 11672 11697 11671
f 11671 11697 11729
f 2678 2708 2652
f 2678 2652 2645
f 2682 2638 2652
f 2638 2703 2685
f 2743 2708 2678
f 11819 11826 11767
f 2750 2708 2743
f 2703 7452 7451
f 2754 2703 7451
f 7425 7930 7455
f 6283 7426 6373
f 7426 6283 6270
f 6243 6117 6283
f 888 790 799
f 343 341 340
f 6527 11578 11579
f 6528 11578 6527
f 6527 6499 6501
f 340 341 338
f 340 338 337
f 6499 6492 6497
f 6497 6498 7082
f 332 330 331
f 329 327 328
f 328 327 323
f 323 327 324
f 323 324 322
f 322 320 318
f 6868 6871 6864
f 318 222 316
f 6867 6922 6866
f 6866 6922 6921
f 6919 7126 7125
f 7125 7179 7178
f 987 1399 986
f 364 485 468
f 1271 1319 1270
f 1270 1251 1254
f 1269 1279 1298
f 3006 3550 3312
f 1301 1341 1340
f 1301 1340 1338
f 1339 1348 1333
f 1333 1348 1334
f 3429 3433 3432
f 3467 3470 3439
f 3470 3469 3439
f 3469 3560 3466
f 3464 3517 3479
f 3479 3517 3521
f 3517 3557 3521
f 3557 3623 3622
f 3622 3623 3830
f 3830 3623 8816
f 3623 8793 8816
f 11709 11708 11675
f 11674 11675 11672
f 11671 11729 11828
f 2645 2652 2621
f 2621 2652 2638
f 11828 11729 11826
f 2685 2703 2754
f 11826 11819 11820
f 6413 2750 2743
f 11819 11775 11831
f 11768 2750 6427
f 6427 2750 6413
f 7451 7452 7416
f 7452 7425 7416
f 7425 7426 7415
f 7415 7426 6270
f 8828 1019 888
f 799 790 355
f 346 343 340
f 6526 6550 6528
f 6526 6528 6501
f 6525 6526 6501
f 6550 13590 11578
f 6528 6550 11578
f 11578 13590 13583
f 6501 6528 6527
f 6500 6499 6497
f 337 333 335
f 334 333 331
f 333 332 331
f 7082 6498 7001
f 7082 7001 6966
f 6966 6900 6873
f 6869 6871 6868
f 106 91 105
f 6860 6865 6867
f 363 485 364
f 986 1399 1411
f 1277 1279 1268
f 1268 1279 1269
f 3006 3312 3311
f 1301 1338 1311
f 3311 3297 3298
f 3298 3297 3084
f 3297 3273 3084
f 1311 1338 1312
f 1338 1339 1312
f 3273 3274 3252
f 1312 1339 1333
f 3274 3301 3252
f 1334 1342 1336
f 3429 3432 3428
f 3432 3431 3428
f 11828 11826 11825
f 7449 2754 7451
f 11819 11831 11817
f 11775 11768 6439
f 11831 11775 6439
f 6439 11768 6427
f 7416 7425 7415
f 6323 6325 6313
f 6325 5941 6313
f 6558 6549 6548
f 6525 6501 6502
f 6502 6501 6500
f 319 318 316
f 316 222 111
f 111 222 107
f 107 106 105
f 6860 6867 6866
f 105 91 88
f 89 91 92
f 6920 6866 6921
f 92 93 89
f 89 93 90
f 6921 6919 6920
f 1411 1399 1271
f 1271 1270 1254
f 7217 7251 7223
f 7278 3642 3631
f 3591 3550 3583
f 3583 3550 3008
f 3008 3550 3006
f 2959 3311 3298
f 3251 3301 3430
f 1335 1336 11880
f 11863 11865 11864
f 3417 3481 3418
f 3481 3468 3418
f 3439 3469 3440
f 3440 3469 3466
f 3521 3557 3582
f 3582 3557 3622
f 3830 8816 8815
f 8815 8816 8791
f 11727 11709 11678
f 11678 11709 11656
f 11656 11709 11675
f 11656 11675 11674
f 11660 11674 11672
f 11829 11671 11828
f 2620 2678 2645
f 2620 2645 2621
f 2621 2638 2624
f 2624 2638 2681
f 2638 2685 2681
f 11825 11826 11820
f 6403 6413 2743
f 11818 11820 11819
f 11818 11819 11817
f 6412 6427 6413
f 11817 11831 6439
f 6439 6427 6412
f 7449 7451 7416
f 5866 6344 6323
f 6323 6344 6325
f 5864 5866 6323
f 799 355 727
f 6558 6548 6551
f 6500 6497 6512
f 335 333 334
f 331 330 329
f 6966 6873 6872
f 321 323 322
f 321 322 318
f 6863 6865 6860
f 88 91 89
f 90 94 87
f 87 94 95
f 7178 7217 7221
f 1254 1251 1253
f 7251 3642 7278
f 3631 3642 3591
f 3631 3591 3583
f 1298 1301 1269
f 1269 1301 1285
f 3006 3311 2959
f 1285 1301 1311
f 3084 3273 3252
f 3252 3301 3250
f 1333 1334 1316
f 1317 1334 1335
f 1334 1336 1335
f 3430 3429 3254
f 11862 11863 11864
f 3582 3622 3799
f 8815 3622 3830
f 11660 11672 11671
f 11827 11828 11825
f 2742 2743 2678
f 2685 2754 2681
f 11825 11820 11822
f 6403 2743 2742
f 2754 7449 2773
f 2681 2754 2773
f 11822 11820 11818
f 11818 11817 11816
f 11816 11817 5865
f 7414 7449 7416
f 5866 5865 11817
f 5866 11817 6439
f 5866 6439 6344
f 6439 6412 6342
f 6344 6439 6342
f 7414 7416 7415
f 5862 5863 5861
f 5859 5862 5861
f 5862 5865 5864
f 5864 5865 5866
f 6497 7082 6515
f 6872 6873 6869
f 321 318 319
f 6859 6863 6860
f 110 107 105
f 6813 6919 7125
f 235 99 244
f 244 99 245
f 357 363 364
f 642 468 985
f 1253 1277 1268
f 1255 1253 1268
f 3006 2959 3005
f 3250 3301 3251
f 1316 1334 1317
f 3429 3428 3349
f 3421 3417 3420
f 3622 8815 8814
f 8815 8791 8790
f 8814 8815 8790
f 11756 11727 11739
f 11656 11674 11660
f 11829 11828 11827
f 2620 2621 2618
f 11822 11818 11821
f 2773 7449 7448
f 11821 11818 5868
f 11818 11816 5868
f 7448 7449 7414
f 5862 11816 5865
f 8831 8828 888
f 344 345 346
f 6551 6502 6521
f 6512 6497 6515
f 6972 7082 6966
f 339 329 328
f 6966 6872 6930
f 319 316 326
f 326 316 317
f 6864 6863 6862
f 317 316 111
f 6862 6863 6859
f 111 107 110
f 95 99 98
f 7128 7125 7178
f 244 363 357
f 7221 7217 7223
f 7223 7251 7278
f 3298 3084 2998
f 1312 1333 1316
f 3251 3430 3254
f 3307 3254 3429
f 1335 11880 11877
f 11877 11880 11862
f 3420 3422 3421
f 3417 3418 3419
f 3418 3468 3416
f 3416 3468 3467
f 3412 3467 3439
f 3441 3465 3463
f 3442 3464 3479
f 3799 3622 8814
f 11727 11678 11720
f 11656 11660 11655
f 11660 11671 11659
f 11659 11671 11829
f 11824 11829 11827
f 2671 2620 2617
f 2618 2621 2624
f 11827 11825 11822
f 5859 5868 11816
f 5859 11816 5862
f 7414 7415 7412
f 888 799 914
f 914 799 817
f 817 799 727
f 355 345 344
f 6502 6500 6503
f 339 331 329
f 6869 6868 6870
f 6868 6864 6862
f 6861 6860 6866
f 110 105 88
f 86 87 95
f 6813 7125 7128
f 245 363 244
f 1268 1269 1255
f 2959 3298 2998
f 1311 1312 1276
f 3084 3252 3083
f 3307 3429 3308
f 3429 3349 3308
f 11877 11862 11866
f 11864 11867 11868
f 3420 3417 3419
f 3412 3416 3467
f 3440 3466 3437
f 3466 3465 3437
f 3437 3465 3441
f 3463 3464 3442
f 3479 3521 3471
f 8790 2254 8788
f 11739 11727 11720
f 2565 2562 11755
f 11755 2562 11756
f 2742 2678 2679
f 2741 2742 2679
f 2679 2678 2671
f 2741 6403 2742
f 11822 11821 11823
f 11823 11821 5867
f 5867 11821 5868
f 7413 7448 7414
f 5858 5868 5859
f 5867 5868 5858
f 727 355 353
f 353 355 344
f 344 346 347
f 6552 6551 6521
f 340 337 342
f 337 335 342
f 6972 6966 6930
f 12598 12611 12688
f 12598 12688 12600
f 226 323 321
f 6870 6868 6862
f 317 111 304
f 304 111 110
f 6866 6920 6807
f 87 89 90
f 6920 6919 6786
f 364 468 460
f 460 468 642
f 1411 1271 1258
f 1254 1253 1250
f 1253 1255 1250
f 3590 3583 3012
f 3583 3008 3012
f 3008 3006 3007
f 3007 3006 3005
f 3005 2959 2957
f 1285 1311 1275
f 1275 1311 1276
f 1276 1312 1281
f 3252 3250 3083
f 1281 1312 1316
f 1317 1335 1384
f 1384 1335 11877
f 3428 3422 3426
f 3426 3422 3420
f 3438 3440 3437
f 3442 3479 3471
f 3521 3582 3543
f 3543 3582 3546
f 3546 3582 3799
f 8788 3799 8814
f 11678 11656 11649
f 11649 11656 11655
f 11659 11829 11654
f 2617 2620 2618
f 2623 2618 2624
f 2623 2624 2658
f 2658 2624 2681
f 11827 11822 11824
f 2658 2681 2773
f 2658 2773 2772
f 11824 11822 11823
f 2772 2773 7448
f 5857 11823 5867
f 7414 7412 7413
f 8831 888 914
f 347 340 342
f 6872 6869 6870
f 227 321 319
f 227 319 210
f 210 319 326
f 210 326 211
f 211 326 317
f 211 317 140
f 140 317 304
f 6859 6860 6861
f 85 110 88
f 83 88 89
f 6904 6866 6807
f 6807 6920 6786
f 6786 6919 6813
f 357 364 460
f 983 986 1411
f 642 985 984
f 7222 7221 7223
f 1255 1269 1263
f 3012 3008 3007
f 1269 1285 1263
f 1263 1285 1275
f 3349 3428 3348
f 3348 3428 3426
f 3438 3439 3440
f 3444 3442 3471
f 3471 3521 3543
f 3546 3799 8788
f 11654 11829 11669
f 11669 11829 11824
f 11835 11824 5847
f 11824 11823 5847
f 5847 11823 5857
f 2772 7448 7445
f 7448 7413 7445
f 5851 5857 5867
f 5857 5851 5848
f 5848 5844 5826
f 7412 6271 6301
f 5821 5826 5844
f 347 346 340
f 6503 6500 6504
f 6504 6500 6512
f 342 335 336
f 6504 6512 6515
f 335 334 336
f 336 334 348
f 348 334 331
f 348 331 349
f 6514 6515 7082
f 7082 6972 6931
f 349 331 339
f 6972 6930 6931
f 325 328 323
f 226 321 227
f 6875 6872 6870
f 115 110 85
f 6861 6866 6904
f 85 88 83
f 83 89 82
f 82 89 87
f 86 95 98
f 97 99 235
f 6813 7128 6812
f 1271 1254 1249
f 7178 7221 7222
f 7222 7223 7278
f 7222 7278 3630
f 3630 7278 3631
f 2958 3005 2957
f 1281 1316 1308
f 1308 1316 1317
f 3085 3250 3251
f 3253 3254 3307
f 3420 3419 3426
f 3418 3416 3425
f 3435 3439 3438
f 3438 3437 3436
f 3543 3546 3449
f 3449 3546 9679
f 9679 8788 8787
f 11755 11756 11739
f 11655 11660 11659
f 2679 2671 2648
f 2648 2671 2617
f 11669 11824 11830
f 11830 11824 11835
f 5857 5848 5826
f 6301 6271 6210
f 6514 7082 6931
f 6930 6872 6875
f 325 323 226
f 6861 6904 6881
f 6881 6904 6779
f 6779 6904 6777
f 6777 6904 7130
f 7130 6904 6807
f 82 87 86
f 3630 3631 3583
f 3630 3583 3590
f 2957 2959 2930
f 3084 3083 2999
f 3083 3250 3085
f 1384 11877 11885
f 3308 3349 3348
f 3425 3416 3413
f 3413 3416 3412
f 3412 3439 3435
f 3471 3543 3444
f 3444 3543 3449
f 3449 9679 9678
f 9678 9679 8787
f 5847 5857 5826
f 5826 5821 5820
f 817 727 816
f 727 353 354
f 816 727 354
f 353 344 350
f 915 8831 914
f 347 342 351
f 351 342 362
f 362 342 336
f 6879 6870 6862
f 210 211 140
f 115 304 110
f 98 99 97
f 244 357 243
f 1258 1271 1249
f 7212 7178 7222
f 1249 1254 1250
f 1255 1263 1260
f 3007 3005 2958
f 1263 1275 1264
f 2930 2959 2998
f 2998 3084 2999
f 1308 1317 1099
f 3251 3254 3253
f 1099 1317 1384
f 11885 11877 11870
f 3426 3419 3427
f 3419 3418 3415
f 3415 3418 3425
f 3350 3437 3441
f 3441 3463 3442
f 11649 11655 11641
f 11653 11655 11659
f 11653 11659 11654
f 2731 2741 2679
f 2616 2617 2618
f 2658 2772 2771
f 2657 2658 2771
f 5847 5826 5822
f 5820 5821 5813
f 915 914 817
f 350 344 347
f 362 336 420
f 420 336 348
f 373 349 328
f 373 328 325
f 6880 6870 6879
f 115 140 304
f 82 86 80
f 7128 7178 7158
f 460 642 575
f 575 642 984
f 7158 7178 7212
f 1264 1275 1276
f 2930 2998 2999
f 2951 3085 3251
f 3308 3348 3309
f 3444 3449 3448
f 3448 3449 9678
f 9678 8787 9676
f 11677 11720 11678
f 11641 11655 11653
f 2618 2623 2609
f 2623 2658 2657
f 2626 2623 2657
f 11830 11835 11836
f 2771 2772 7445
f 11835 5847 5818
f 7445 7413 7417
f 5818 5847 5822
f 5822 5820 5812
f 5812 5820 5813
f 354 353 350
f 420 348 374
f 348 349 373
f 6514 6931 6971
f 6971 6931 6929
f 6929 6931 6930
f 6875 6870 6880
f 6854 6859 6853
f 6853 6859 6861
f 80 86 98
f 6812 7128 7158
f 1248 1249 1250
f 2957 2930 2956
f 3253 3307 3039
f 3039 3307 3308
f 3427 3419 3415
f 3435 3438 3436
f 3436 3437 3350
f 3442 3444 3443
f 3448 9678 9675
f 9678 9676 9675
f 11653 11654 11642
f 2648 2617 2616
f 11836 11835 5818
f 7417 7413 7390
f 7412 6301 6302
f 6301 6210 6114
f 457 351 362
f 6505 6503 6504
f 6504 6515 6514
f 6929 6930 6875
f 6880 6879 6850
f 210 140 119
f 6862 6859 6854
f 6853 6861 6881
f 6853 6881 6778
f 6778 6881 6779
f 84 85 83
f 6778 6779 6777
f 6777 7130 6771
f 7130 6807 6771
f 6771 6807 6786
f 80 98 96
f 983 1411 982
f 982 1411 1258
f 3630 3590 3639
f 1263 1264 1173
f 2958 2957 2956
f 1173 1264 1267
f 1264 1276 1267
f 1267 1276 1281
f 1267 1281 1282
f 1281 1308 1282
f 3251 3253 3038
f 3249 3348 3426
f 3249 3426 3257
f 3351 3350 3441
f 3443 3444 3448
f 11739 11720 11721
f 11721 11720 11677
f 11677 11678 11649
f 11677 11649 11643
f 11654 11669 11668
f 2609 2623 2626
f 11669 11830 11832
f 2670 2657 2771
f 11832 11830 11836
f 2771 7445 7431
f 7431 7445 7417
f 5812 5813 5811
f 6302 6301 6114
f 915 817 685
f 685 817 816
f 369 350 347
f 369 347 351
f 209 227 210
f 6850 6879 6858
f 6858 6879 6862
f 6858 6862 6854
f 114 115 85
f 6771 6786 6769
f 98 97 96
f 6786 6813 6812
f 243 357 358
f 574 460 575
f 3012 3007 2958
f 1260 1263 1173
f 1282 1308 1309
f 2999 3083 2952
f 2952 3083 3085
f 1309 1308 1097
f 1308 1099 1097
f 2951 3251 3038
f 1099 1384 11885
f 3309 3348 3249
f 3426 3427 3257
f 3259 3415 3425
f 3279 3412 3435
f 3347 3436 3350
f 3351 3441 3442
f 3443 3448 3461
f 9677 3448 9675
f 11643 11649 11641
f 11641 11653 11642
f 11642 11654 11668
f 2731 2679 2680
f 2680 2679 2648
f 2616 2618 2609
f 11668 11669 11832
f 5818 5822 5812
f 457 362 458
f 6505 6504 6506
f 459 362 420
f 459 420 374
f 6511 6504 6514
f 374 348 368
f 348 373 368
f 209 226 227
f 119 140 115
f 119 115 121
f 79 82 80
f 97 235 244
f 358 357 460
f 982 1258 1396
f 7158 7212 7211
f 7211 7212 7222
f 7211 7222 7231
f 1248 1250 1256
f 1250 1255 1256
f 1256 1255 1260
f 3672 3630 3639
f 2936 3590 3012
f 2930 2999 2898
f 1099 11885 1098
f 3039 3308 3309
f 3413 3412 3266
f 3346 3435 3436
f 3442 3443 3351
f 3461 3448 9677
f 3461 9677 8785
f 8785 9677 8786
f 11643 11641 11635
f 2670 2771 7443
f 7443 2771 7431
f 11836 5818 5824
f 354 350 371
f 370 350 369
f 369 351 457
f 6520 6503 6505
f 458 362 459
f 6506 6504 6511
f 368 373 367
f 6511 6514 6993
f 6993 6514 6971
f 373 325 183
f 6971 6929 6928
f 183 325 225
f 225 325 226
f 6875 6880 6849
f 6849 6880 6850
f 209 210 141
f 114 85 84
f 83 82 78
f 97 244 243
f 358 460 461
f 981 983 982
f 461 460 574
f 575 984 988
f 984 983 981
f 988 984 981
f 1258 1249 1239
f 7159 7158 7211
f 1239 1249 1248
f 3672 7222 3630
f 2936 3012 2958
f 2911 2958 2956
f 2898 2999 2952
f 2952 3085 2951
f 3253 3039 3038
f 3039 3309 3073
f 3309 3249 3072
f 3427 3415 3258
f 3258 3415 3259
f 3425 3413 3264
f 3264 3413 3266
f 3266 3412 3279
f 3279 3435 3346
f 3346 3436 3347
f 2745 2731 2680
f 2680 2648 2651
f 2651 2648 2616
f 6557 6554 6555
f 12840 12858 12841
f 378 374 368
f 367 373 183
f 6993 6971 6928
f 6928 6929 6875
f 225 226 209
f 141 210 119
f 116 115 114
f 6776 6778 6777
f 84 83 78
f 6786 6812 6770
f 758 575 988
f 3639 3590 2936
f 1172 1260 1173
f 2956 2930 2902
f 2902 2930 2897
f 3072 3073 3309
f 3257 3427 3258
f 3259 3425 3264
f 3352 3443 3353
f 3443 3461 3353
f 3816 3461 8785
f 3353 3461 3816
f 11721 11755 11739
f 11641 11642 11636
f 2626 2657 2670
f 2626 2670 2625
f 11837 11832 11836
f 11837 11836 5824
f 6398 6400 6399
f 685 816 354
f 916 915 685
f 379 370 369
f 6552 6521 6520
f 6556 6552 6520
f 459 374 378
f 6849 6850 6848
f 6848 6850 6858
f 6858 6854 6855
f 6777 6771 6775
f 78 82 79
f 6775 6771 6765
f 6765 6771 6769
f 80 96 81
f 6769 6786 6770
f 6812 7158 7159
f 574 575 758
f 1257 1248 1256
f 7231 7222 3672
f 1256 1260 1261
f 3639 2936 2960
f 1172 1173 1171
f 2936 2958 2911
f 1272 1173 1267
f 2897 2930 2898
f 2899 2898 2952
f 2949 2951 3038
f 1098 11885 11875
f 11875 11870 11871
f 3351 3443 3352
f 8784 3816 8785
f 8784 2240 8783
f 11676 11677 11643
f 11635 11641 11636
f 11642 11668 11638
f 2616 2609 2608
f 11790 11668 11832
f 11790 11832 11833
f 11833 11832 11837
f 5824 5818 5814
f 5818 5812 5814
f 5812 5811 5809
f 685 354 372
f 372 354 371
f 371 350 370
f 303 368 367
f 182 367 183
f 6928 6875 6877
f 6877 6875 6849
f 6855 6854 6852
f 121 115 116
f 6854 6853 6852
f 113 114 84
f 6852 6853 6778
f 6776 6777 6775
f 6770 6812 7157
f 7157 6812 7159
f 1261 1260 1172
f 2911 2956 2902
f 2899 2952 2951
f 1097 1099 1098
f 3038 3039 2950
f 3039 3073 2950
f 3257 3258 3256
f 3256 3258 3259
f 3263 3259 3264
f 3265 3264 3266
f 3347 3350 3304
f 3302 3351 3352
f 11636 11642 11638
f 2625 2670 2727
f 2727 2670 7443
f 7443 7431 7419
f 7419 7431 7422
f 7422 7431 7417
f 5811 5813 5807
f 6519 6520 6505
f 6505 6506 6507
f 378 368 303
f 303 367 184
f 184 367 182
f 147 209 146
f 77 84 78
f 55 80 81
f 7157 7159 7183
f 7183 7159 7211
f 2900 2936 2911
f 1272 1267 1282
f 2949 3038 2950
f 3037 3072 3249
f 3265 3266 3279
f 3279 3346 3306
f 3346 3347 3306
f 3303 3350 3351
f 3352 3353 3305
f 3353 3816 3815
f 3815 3816 8784
f 3815 8784 8783
f 2608 2609 2607
f 11638 11668 11790
f 5808 5814 5809
f 5809 5811 5807
f 6556 6557 6555
f 386 369 457
f 6556 6520 6519
f 377 458 459
f 6507 6506 6508
f 6508 6506 6511
f 181 225 209
f 77 113 84
f 47 78 79
f 6765 6769 6760
f 6760 6769 6770
f 81 96 58
f 58 96 97
f 97 243 100
f 7183 7211 7231
f 2960 2936 2900
f 1171 1173 1272
f 1309 1097 1096
f 2951 2949 2929
f 2899 2951 2929
f 1097 1098 1083
f 2950 3073 3036
f 3036 3073 3072
f 3233 3263 3264
f 3278 3279 3306
f 3306 3347 3304
f 3304 3350 3303
f 3303 3351 3302
f 3302 3352 3305
f 3305 3353 3815
f 2567 2565 11755
f 2612 2616 2608
f 7442 7443 7419
f 7422 7417 7388
f 7388 7417 7390
f 7388 7390 7389
f 7389 6302 6308
f 379 369 386
f 386 457 377
f 377 457 458
f 6519 6505 6507
f 377 459 378
f 297 378 303
f 146 209 141
f 6848 6858 6855
f 120 119 121
f 6852 6778 6776
f 1396 1258 1259
f 3672 3639 3614
f 2911 2902 2878
f 1171 1272 1169
f 2890 2898 2899
f 1282 1309 1096
f 3036 3072 3037
f 3037 3249 3217
f 3249 3257 3217
f 3233 3264 3265
f 3305 3815 3875
f 3815 8783 8782
f 3875 3815 8782
f 2609 2626 2625
f 2727 7443 7442
f 5808 5809 5807
f 356 371 370
f 6508 6511 7015
f 6511 6993 7015
f 181 209 147
f 6847 6849 6848
f 6775 6765 6761
f 6761 6765 6760
f 7136 6770 7157
f 981 982 980
f 980 982 1396
f 988 981 979
f 1239 1248 1257
f 3614 3639 2960
f 2878 2902 2897
f 2897 2898 2890
f 1096 1097 1083
f 1083 1098 11875
f 3217 3257 3256
f 3256 3259 3263
f 3265 3279 3278
f 3278 3306 3275
f 11755 11721 11746
f 11635 11636 11633
f 2625 2727 2646
f 11833 11837 5816
f 11837 5824 5816
f 5816 5824 5814
f 5816 5814 5808
f 386 377 384
f 12684 12854 12614
f 377 378 297
f 297 303 215
f 182 183 181
f 181 183 225
f 6927 6928 6877
f 208 181 147
f 141 119 118
f 46 78 47
f 55 79 80
f 58 56 81
f 7182 7183 7224
f 7224 7183 7231
f 1262 1256 1261
f 2911 2878 2900
f 2929 2949 2950
f 3304 3303 3248
f 11707 11721 11677
f 2567 11755 11746
f 11643 11635 11634
f 11634 11635 11633
f 11633 11636 11638
f 881 895 864
f 864 895 685
f 356 370 379
f 273 377 297
f 303 184 178
f 6993 6928 6974
f 6974 6928 6927
f 118 119 120
f 77 78 46
f 47 79 55
f 6770 7136 6755
f 462 358 461
f 979 981 980
f 7136 7157 7182
f 7231 3672 3614
f 2905 2960 2900
f 2878 2897 2877
f 1169 1272 1273
f 2897 2890 2877
f 1272 1282 1274
f 1273 1272 1274
f 11876 11871 11914
f 3275 3306 3304
f 3247 3304 3248
f 3248 3303 3302
f 3302 3305 3255
f 3255 3305 3641
f 3305 3875 3829
f 3641 3305 3829
f 3829 3875 8782
f 11676 11643 11647
f 2607 2609 2625
f 2607 2625 2619
f 2619 2625 2646
f 11638 11790 11786
f 11790 11833 11834
f 6518 6519 6507
f 257 297 215
f 215 303 178
f 147 146 143
f 112 116 114
f 63 77 46
f 56 55 81
f 59 58 97
f 97 100 59
f 6760 6770 6755
f 461 574 462
f 462 574 608
f 608 574 758
f 1258 1239 1237
f 7182 7157 7183
f 1257 1256 1262
f 1261 1172 1170
f 2962 2960 2905
f 1170 1172 1171
f 1170 1171 1169
f 1282 1096 1315
f 2884 2899 2929
f 3037 3217 3041
f 3082 3217 3256
f 3233 3265 3225
f 3265 3278 3225
f 3225 3278 3275
f 3275 3304 3247
f 3248 3302 3223
f 11707 11677 11676
f 2530 2535 2567
f 2606 2608 2607
f 864 685 684
f 684 685 372
f 8907 8840 8843
f 379 386 385
f 384 377 273
f 257 273 297
f 184 182 179
f 179 182 181
f 6847 6848 6846
f 6856 6855 6852
f 1259 1258 1237
f 1238 1237 1239
f 1238 1239 1257
f 7224 7231 3614
f 3614 2960 2962
f 2900 2878 2871
f 1274 1282 1313
f 1081 11875 11876
f 2950 3036 2948
f 3035 3036 3037
f 3082 3256 3209
f 3208 3256 3263
f 3223 3302 3255
f 3641 3829 3640
f 3829 8782 8778
f 3640 3829 8778
f 2744 2745 2680
f 6291 7389 6308
f 385 386 384
f 6518 6507 6509
f 6507 6508 6509
f 178 184 179
f 7015 6993 6974
f 6877 6849 6847
f 6846 6848 6855
f 112 114 113
f 113 77 63
f 6774 6775 6761
f 980 1396 1397
f 1397 1396 1259
f 608 758 702
f 702 758 988
f 1261 1170 1167
f 2877 2890 2883
f 2890 2899 2884
f 2884 2929 2910
f 2929 2950 2948
f 2948 3036 3035
f 3041 3217 3082
f 3208 3263 3233
f 11746 11721 11717
f 11717 11721 11707
f 11647 11643 11634
f 11639 11638 11786
f 2651 2612 2611
f 2606 2607 2605
f 2605 2607 2600
f 11834 11833 5816
f 5816 5808 5781
f 5777 5808 5807
f 356 379 385
f 6561 6560 6468
f 12567 12514 12485
f 6974 6927 6903
f 6903 6927 6877
f 143 146 142
f 142 141 118
f 6846 6855 6856
f 6761 6760 6754
f 6754 6760 6755
f 7136 7182 7160
f 1238 1257 1262
f 7262 7224 3614
f 1262 1261 1265
f 1265 1261 1266
f 2878 2877 2871
f 1313 1282 1315
f 3209 3256 3208
f 3225 3275 3224
f 3247 3248 3222
f 3255 3641 3640
f 11633 11638 11639
f 2680 2651 2649
f 2649 2651 2611
f 2646 2727 2733
f 2733 2727 7442
f 11834 5816 5781
f 7419 7422 7386
f 7386 7422 7388
f 5777 5807 5805
f 684 372 352
f 352 372 300
f 372 371 300
f 385 384 272
f 261 273 257
f 6513 6509 6510
f 6509 6508 6510
f 6510 6508 7015
f 179 181 180
f 142 146 141
f 6856 6852 6773
f 6773 6852 6776
f 6776 6775 6772
f 6772 6775 6774
f 47 55 48
f 48 55 56
f 6754 6755 6753
f 6753 6755 7136
f 702 988 989
f 989 988 979
f 7208 7182 7224
f 7262 3614 3665
f 2984 3614 2962
f 2905 2900 2876
f 2876 2900 2871
f 2871 2877 2872
f 1096 1083 1080
f 1080 1083 1081
f 3035 3037 3040
f 3040 3037 3041
f 3208 3233 3207
f 3233 3225 3207
f 3224 3275 3247
f 3222 3248 3221
f 3221 3248 3223
f 3223 3255 3220
f 3220 3255 3640
f 2612 2608 2606
f 7442 7419 7418
f 7418 7419 7386
f 6465 6468 6466
f 6466 6518 6475
f 272 384 273
f 6475 6518 6513
f 272 273 261
f 6513 6518 6509
f 12854 12615 12614
f 6773 6776 6772
f 104 100 243
f 7160 7182 7208
f 3665 3614 2984
f 1170 1169 1166
f 1169 1273 1168
f 1168 1273 1274
f 2877 2883 2872
f 1315 1096 1080
f 3207 3225 3206
f 3819 3220 3640
f 3819 3640 8778
f 2744 2680 2695
f 2695 2680 2649
f 2607 2619 2600
f 2733 7442 7438
f 864 684 683
f 683 684 352
f 300 371 301
f 301 371 356
f 6467 6562 6465
f 6464 6465 6466
f 6475 6464 6466
f 6475 6513 6477
f 6974 6903 6987
f 6987 6903 6902
f 6902 6903 6877
f 117 120 121
f 121 116 117
f 6772 6774 6764
f 54 48 56
f 1266 1261 1167
f 2872 2883 2881
f 2883 2890 2884
f 2910 2929 2948
f 3223 3220 3218
f 8775 3819 8778
f 8775 8776 8777
f 11707 11676 11689
f 2611 2612 2610
f 2610 2612 2606
f 7438 7442 7418
f 5805 5807 5833
f 6470 6467 6469
f 276 385 272
f 6464 6469 6467
f 6464 6467 6465
f 6474 6464 6475
f 6471 6464 6474
f 6474 6475 6477
f 6477 6513 6517
f 6517 6513 6510
f 261 257 256
f 6510 7015 7005
f 7005 7015 6987
f 7015 6974 6987
f 6902 6877 6845
f 6845 6877 6847
f 142 118 122
f 122 118 120
f 6857 6846 6856
f 6764 6774 6761
f 6764 6761 6762
f 57 56 58
f 57 58 59
f 59 100 104
f 978 979 980
f 1397 1259 1247
f 7122 7136 7160
f 2962 2905 2904
f 1166 1169 1168
f 1080 1081 1078
f 1078 1081 11882
f 3035 3040 3032
f 3209 3208 3185
f 3206 3225 3172
f 3224 3247 3177
f 3177 3247 3222
f 3221 3223 3218
f 3218 3220 3219
f 2761 2744 2695
f 6405 2744 2761
f 881 864 683
f 356 385 276
f 6471 6470 6469
f 6472 6470 6471
f 6472 6471 6473
f 6473 6471 6476
f 6476 6471 6474
f 6476 6474 7017
f 6474 6477 7049
f 7017 6474 7049
f 7049 6477 6517
f 215 178 177
f 176 178 179
f 181 208 206
f 6857 6856 6773
f 54 56 57
f 6762 6761 6754
f 6753 7136 6751
f 359 358 462
f 1247 1259 1237
f 1236 1237 1238
f 1238 1262 1225
f 2876 2871 2870
f 2910 2948 2907
f 11882 11876 11883
f 2953 2948 3035
f 3082 3209 3074
f 3207 3206 3184
f 3225 3224 3172
f 3160 3222 3221
f 3220 3819 3752
f 3219 3220 3752
f 3752 3819 8775
f 11647 11634 11629
f 2619 2646 2615
f 2615 2646 2733
f 11790 11834 11811
f 11834 5781 5776
f 7386 7388 7385
f 7385 7388 7389
f 6517 6510 7014
f 7014 6510 7005
f 117 116 112
f 112 113 63
f 46 47 41
f 6751 7136 7122
f 2904 2905 2876
f 1167 1170 1166
f 2870 2871 2872
f 2907 2948 2953
f 11920 11918 11923
f 3040 3041 3031
f 3031 3041 3082
f 3177 3222 3160
f 3159 3221 3218
f 3752 8775 8777
f 11689 11676 11646
f 11646 11676 11647
f 2567 11746 11777
f 11629 11634 11633
f 6404 6405 2761
f 11811 11834 5776
f 302 683 352
f 256 257 215
f 12559 12557 12558
f 214 215 177
f 6845 6847 6846
f 122 120 117
f 6773 6772 6766
f 41 47 48
f 104 243 358
f 104 358 359
f 978 980 1397
f 1225 1262 1265
f 7270 7262 3665
f 2984 2962 2903
f 2903 2962 2904
f 2869 2870 2872
f 1174 1168 1274
f 2883 2884 2881
f 2881 2884 2882
f 1314 1313 1315
f 2882 2884 2910
f 3052 3082 3074
f 3185 3208 3183
f 3183 3208 3207
f 3594 3219 3752
f 11717 11707 11689
f 11639 11786 11640
f 2615 2733 2669
f 2669 2733 7438
f 11786 11790 11811
f 7437 7438 7418
f 5776 5781 5777
f 301 356 277
f 277 356 276
f 6655 6472 6473
f 7017 7049 7016
f 7016 7049 6517
f 260 261 256
f 177 178 176
f 6987 6902 6901
f 6857 6773 6766
f 53 54 57
f 1247 1237 1236
f 1174 1274 1313
f 1314 1315 1318
f 1318 1315 1080
f 2882 2910 2907
f 1078 11882 11884
f 2953 3035 3034
f 3052 3031 3082
f 3074 3209 3185
f 3183 3207 3184
f 3184 3206 3172
f 3218 3219 3158
f 3752 8777 8780
f 2530 2567 11777
f 11777 11746 11749
f 11647 11629 11646
f 11640 11633 11639
f 2600 2619 2615
f 2669 7438 7437
f 7418 7386 7384
f 7384 7386 7385
f 956 881 880
f 302 352 300
f 256 215 214
f 7003 7005 6987
f 176 179 180
f 6987 6901 7003
f 172 181 206
f 6846 6857 6842
f 6752 6762 6754
f 6752 6754 6753
f 359 462 467
f 7160 7208 7207
f 7207 7208 7224
f 7247 7224 7262
f 2872 2881 2853
f 1075 1078 11884
f 11884 11883 11921
f 3034 3035 3032
f 3032 3040 3031
f 3172 3224 3177
f 3132 3177 3160
f 3160 3221 3159
f 3132 3160 3159
f 11749 11746 11717
f 2606 2605 2599
f 2605 2600 2599
f 880 683 810
f 810 683 302
f 6655 6473 6654
f 6654 6473 6476
f 6654 6476 7039
f 272 261 260
f 180 181 172
f 6901 6902 6845
f 117 112 124
f 6842 6857 6766
f 6766 6772 6742
f 6742 6772 6764
f 45 46 41
f 41 48 42
f 42 48 54
f 43 54 53
f 53 57 59
f 467 462 608
f 7207 7224 7247
f 7247 7262 7270
f 3666 7270 3665
f 3666 3665 2982
f 2982 3665 2984
f 2869 2872 2853
f 1077 1080 1078
f 3030 3032 3031
f 3170 3172 3177
f 3159 3218 3158
f 3158 3219 3215
f 3215 3219 3594
f 3594 3752 8780
f 2610 2606 2601
f 2601 2606 2599
f 7437 7418 7384
f 11838 11811 5776
f 5773 5777 5805
f 282 301 277
f 13343 13377 12915
f 7016 6517 7014
f 7014 7005 7004
f 255 256 214
f 7004 7005 7003
f 208 147 206
f 147 143 206
f 6845 6846 6842
f 123 122 117
f 63 46 45
f 6752 6753 6751
f 702 989 990
f 990 989 979
f 7122 7160 7123
f 7123 7160 7207
f 2904 2876 2903
f 2853 2881 2864
f 2864 2881 2882
f 2868 2882 2867
f 2882 2907 2867
f 1077 1078 1075
f 3031 3052 3029
f 3176 3184 3172
f 3132 3159 3145
f 2603 2611 2610
f 2600 2615 2604
f 2604 2615 2669
f 2668 2669 7437
f 5776 5777 5773
f 5806 5805 5833
f 286 302 300
f 12915 13377 12913
f 275 276 272
f 7039 6476 7012
f 6476 7017 7012
f 7012 7017 7016
f 112 63 64
f 42 54 43
f 1225 1265 1224
f 2982 2984 2903
f 1266 1167 1203
f 1162 1167 1166
f 2874 2876 2870
f 1318 1080 1077
f 3027 3052 3074
f 3215 3594 3860
f 3860 3594 8780
f 8780 2086 8781
f 2604 2669 2668
f 11786 11811 11802
f 11802 11811 11838
f 7437 7384 7383
f 7384 7385 7382
f 5773 5805 5806
f 300 301 282
f 277 276 275
f 275 272 260
f 7004 7003 7006
f 175 177 176
f 7003 6901 6985
f 6901 6845 6851
f 143 142 122
f 143 122 123
f 6844 6845 6842
f 6842 6766 6767
f 6741 6766 6742
f 6751 7122 6806
f 467 608 676
f 676 608 702
f 676 702 700
f 700 702 990
f 6806 7122 7123
f 1236 1238 1227
f 1227 1238 1225
f 1224 1265 1266
f 2903 2876 2885
f 1162 1166 1147
f 2874 2870 2873
f 1174 1313 1314
f 2864 2882 2868
f 2953 3034 2931
f 3034 3032 3030
f 3030 3031 3029
f 3029 3052 3027
f 3171 3176 3172
f 3170 3177 3146
f 3146 3177 3132
f 3145 3159 3158
f 3201 3158 3215
f 3478 3215 3860
f 3860 8780 8781
f 2531 2530 11813
f 11640 11786 11776
f 6395 6404 2761
f 1012 956 880
f 300 282 286
f 6653 6655 6654
f 7012 7016 7010
f 7010 7016 7014
f 7010 7014 7008
f 7008 7014 7004
f 214 177 175
f 6851 6845 6844
f 123 117 124
f 6763 6764 6762
f 6763 6762 6752
f 6750 6752 6751
f 236 104 360
f 104 359 360
f 360 359 467
f 6805 6751 6806
f 1225 1224 1226
f 2873 2870 2869
f 2908 2907 2953
f 2908 2953 2931
f 3064 3074 3185
f 3185 3183 3164
f 3183 3184 3176
f 3171 3172 3170
f 3201 3215 3478
f 11689 11646 11645
f 11629 11633 11627
f 2598 2600 2604
f 2759 2761 2695
f 11776 11786 11802
f 7008 7004 7006
f 6844 6842 6843
f 6767 6766 6741
f 64 63 45
f 6742 6764 6763
f 6763 6752 6750
f 990 979 976
f 1224 1266 1203
f 2885 2876 2874
f 1166 1168 1154
f 2853 2864 2845
f 1174 1314 1284
f 1284 1314 1318
f 1075 11884 1069
f 3064 3185 3163
f 3163 3185 3164
f 3145 3158 3144
f 11813 2530 11777
f 2599 2600 2598
f 2695 2649 2650
f 2650 2649 2603
f 2668 7437 2753
f 2753 7437 7383
f 11838 5776 5775
f 7382 7385 7391
f 5775 5776 5773
f 7391 7385 7409
f 6985 7006 7003
f 171 176 180
f 206 143 207
f 6843 6842 6768
f 6768 6842 6767
f 53 59 60
f 1226 1227 1225
f 1203 1167 1162
f 1147 1166 1154
f 1154 1168 1174
f 2867 2907 2908
f 3064 3027 3074
f 3164 3183 3176
f 3170 3146 3130
f 3144 3158 3201
f 2604 2668 2663
f 2663 2668 2753
f 11627 11633 11640
f 6395 2761 6417
f 810 302 285
f 285 302 286
f 1012 8847 956
f 260 256 255
f 213 214 175
f 144 143 123
f 60 59 104
f 7248 7247 7255
f 7255 7247 7270
f 7255 7270 3666
f 2874 2873 2875
f 2852 2869 2853
f 1100 1318 1077
f 1077 1075 1070
f 1070 1075 1069
f 11922 11920 11924
f 3030 2931 3034
f 3023 3030 3029
f 3171 3170 3143
f 3143 3170 3130
f 3146 3132 3126
f 3132 3145 3124
f 3201 3478 3477
f 3477 3478 3860
f 3477 3860 8781
f 11749 11717 11714
f 11714 11717 11689
f 809 880 810
f 1012 880 887
f 278 277 275
f 175 176 173
f 7006 6985 6997
f 207 143 144
f 124 112 64
f 6742 6763 6743
f 6750 6751 6739
f 6739 6751 6805
f 977 978 1397
f 1247 1236 1241
f 7207 7247 7248
f 2982 2903 2912
f 2912 2903 2885
f 2885 2874 2875
f 2873 2869 2852
f 1154 1174 1157
f 2864 2868 2846
f 1284 1318 1100
f 2931 3030 3023
f 3064 3163 3025
f 3176 3171 3161
f 3161 3171 3143
f 3126 3132 3124
f 3124 3145 3144
f 3144 3201 3175
f 3175 3201 3477
f 2603 2610 2601
f 809 810 285
f 283 286 282
f 283 282 279
f 279 282 277
f 6654 7039 7038
f 7038 7039 7012
f 7038 7012 7011
f 7011 7012 7010
f 7011 7010 7009
f 7009 7010 7008
f 7009 7008 7006
f 172 206 150
f 6844 6843 7100
f 145 123 124
f 7100 6843 6768
f 64 45 52
f 6741 6742 6743
f 45 41 44
f 41 42 40
f 40 42 43
f 101 104 236
f 1157 1174 1283
f 2845 2864 2846
f 1283 1174 1284
f 2868 2867 2846
f 2846 2867 2843
f 1069 11884 11886
f 2880 2908 2931
f 3028 3029 3027
f 3028 3027 3026
f 3025 3027 3064
f 3130 3146 3126
f 3124 3144 3125
f 11839 11838 5775
f 255 214 213
f 7007 7006 6997
f 173 176 171
f 171 180 172
f 6844 7100 6937
f 6933 6844 6937
f 6745 6763 6750
f 361 360 467
f 1240 1236 1227
f 3667 7255 3666
f 3667 3666 2982
f 2852 2853 2847
f 2847 2853 2845
f 2880 2931 3023
f 3023 3029 3028
f 3026 3027 3025
f 3164 3176 3161
f 3125 3144 3175
f 3175 3477 3434
f 3434 3477 8781
f 11645 11646 11628
f 11628 11646 11629
f 2662 2664 2665
f 2604 2663 2662
f 2664 2753 7383
f 285 286 283
f 7011 7009 7013
f 259 260 255
f 7009 7006 7037
f 7037 7006 7007
f 6997 6985 6935
f 6935 6985 6901
f 6935 6901 6851
f 6851 6844 6933
f 144 123 145
f 6933 6937 6804
f 6804 6937 7100
f 6804 7100 6800
f 6800 7100 6815
f 6815 7100 6768
f 6743 6763 6745
f 977 1397 1374
f 1374 1397 1247
f 6805 6806 6811
f 1221 1227 1226
f 1222 1226 1224
f 1100 1077 1070
f 2867 2908 2880
f 2597 2601 2599
f 2664 7383 7427
f 7427 7383 7381
f 11802 11838 11839
f 7381 7383 7382
f 278 275 274
f 6745 6750 6738
f 101 60 104
f 236 360 361
f 6810 6805 6811
f 6806 7123 6811
f 7123 7207 6811
f 7189 7207 7248
f 7248 7255 3683
f 3683 7255 3667
f 1148 1147 1145
f 2843 2867 2844
f 3163 3164 3075
f 3164 3161 3162
f 3162 3161 3142
f 3142 3161 3143
f 3143 3130 3131
f 3142 3143 3131
f 3125 3175 3174
f 3174 3175 3434
f 11777 11749 11748
f 11628 11629 11627
f 5773 5806 5804
f 259 255 253
f 150 206 207
f 6815 6768 6748
f 6738 6750 6739
f 1221 1226 1222
f 7189 7248 7249
f 7249 7248 3683
f 3683 3667 2985
f 1205 1224 1203
f 1203 1162 1161
f 1162 1147 1148
f 2885 2875 2803
f 2845 2846 2832
f 2844 2867 2880
f 3023 3028 3024
f 3024 3028 3026
f 3075 3025 3163
f 3130 3126 3127
f 3131 3130 3127
f 11748 11749 11714
f 2665 2664 7427
f 11637 11640 11776
f 5774 5773 5804
f 7038 7011 7013
f 173 171 170
f 151 150 207
f 148 207 144
f 6748 6768 6767
f 6744 6741 6743
f 43 53 19
f 19 53 16
f 53 60 17
f 700 990 991
f 991 990 976
f 2986 3683 2985
f 2985 3667 2982
f 1161 1162 1148
f 2799 2875 2873
f 2798 2873 2852
f 2847 2845 2840
f 2840 2845 2832
f 2861 2880 2901
f 3010 2880 3023
f 2666 2662 2665
f 2599 2598 2597
f 11839 5775 5778
f 7040 7013 7009
f 7040 7009 7037
f 255 213 253
f 6933 6804 6803
f 6803 6804 6800
f 6814 6815 6748
f 124 64 125
f 6748 6767 6741
f 19 40 43
f 6745 6738 6737
f 1374 1247 1241
f 7173 6811 7189
f 7249 3683 7188
f 1222 1224 1205
f 7188 3683 2986
f 2986 2985 2980
f 1145 1147 1146
f 1146 1147 1154
f 2846 2843 2832
f 1070 1069 1068
f 2844 2880 2848
f 1068 1069 1067
f 1067 11886 11929
f 11926 11925 11927
f 2901 2880 3010
f 3010 3023 3011
f 3157 3164 3162
f 3127 3126 3114
f 3126 3124 3114
f 3133 3174 3434
f 3133 3434 3691
f 2666 2665 2667
f 2759 2695 2694
f 2694 2695 2650
f 11802 11839 11840
f 11840 11839 5778
f 7409 6309 6295
f 6092 6061 6062
f 1013 1012 887
f 6659 13565 6660
f 7038 7013 7040
f 253 213 212
f 7019 7037 7007
f 6935 6851 6932
f 6851 6933 6932
f 145 124 126
f 6800 6815 6814
f 126 124 125
f 6748 6741 6744
f 6743 6745 6737
f 16 53 17
f 7188 7189 7249
f 2980 2985 2983
f 2983 2985 2982
f 1205 1203 1161
f 2981 2982 2912
f 2912 2885 2803
f 2799 2873 2798
f 2798 2852 2847
f 1100 1070 1076
f 1076 1070 1068
f 3011 3023 3024
f 3024 3026 3025
f 3075 3164 3157
f 3116 3125 3174
f 2596 2598 2604
f 11627 11640 11637
f 7427 7381 7380
f 7379 7381 7382
f 7379 7382 7391
f 887 809 299
f 299 809 285
f 279 277 278
f 7020 7040 7037
f 7020 7037 7019
f 150 171 172
f 151 207 148
f 6916 6933 6803
f 17 60 101
f 6810 6739 6805
f 991 976 975
f 6810 6811 7131
f 7131 6811 7173
f 2983 2982 2981
f 2803 2875 2799
f 2832 2843 2831
f 1103 1100 1076
f 2831 2843 2844
f 2848 2880 2861
f 3157 3162 3141
f 3162 3142 3141
f 11797 11813 11777
f 2597 2598 2596
f 7380 7381 7379
f 5778 5775 5774
f 7025 7040 7020
f 7020 7019 7018
f 212 213 175
f 6932 6933 6916
f 44 41 39
f 6738 6739 6733
f 6733 6739 6810
f 361 467 466
f 974 977 1374
f 676 700 698
f 698 700 991
f 1241 1236 1240
f 7173 7189 7188
f 2912 2803 2895
f 2796 2798 2847
f 1157 1283 1156
f 1283 1284 1155
f 3024 3025 3017
f 3017 3025 3046
f 3077 3075 3157
f 3141 3142 3140
f 3142 3131 3129
f 3114 3124 3115
f 3124 3125 3115
f 3116 3174 3133
f 3133 3691 3698
f 3698 3691 8796
f 11714 11689 11688
f 11797 11777 11748
f 11626 11628 11627
f 2604 2662 2613
f 2667 2665 7428
f 7428 2665 7427
f 7428 7427 7380
f 274 275 259
f 7038 7040 7025
f 258 259 253
f 7019 7007 7018
f 7007 6997 6996
f 6924 6935 6932
f 148 144 145
f 6814 6748 6749
f 6749 6748 6744
f 39 41 40
f 6735 6743 6737
f 6737 6738 6731
f 466 467 465
f 465 467 676
f 465 676 697
f 697 676 698
f 6808 6810 7131
f 1154 1157 1156
f 1284 1100 1103
f 1068 1067 1065
f 1065 1067 1066
f 3046 3025 3075
f 3076 3075 3077
f 3140 3142 3129
f 3131 3127 3129
f 3115 3125 3116
f 3698 8796 8797
f 11688 11689 11645
f 11645 11628 11644
f 11644 11628 11626
f 2596 2604 2613
f 6393 6395 6417
f 7379 7391 7392
f 7392 7391 7409
f 912 887 883
f 883 887 299
f 299 285 284
f 284 285 283
f 174 175 173
f 7018 7007 6996
f 6996 6997 6924
f 6924 6997 6935
f 125 64 52
f 6731 6738 6733
f 2980 2983 2981
f 1156 1283 1155
f 2833 2832 2830
f 1155 1284 1103
f 3010 3011 2947
f 3129 3127 3114
f 11797 11748 11766
f 284 283 280
f 6653 6654 6652
f 274 259 258
f 6652 6654 7038
f 205 148 145
f 6744 6743 6735
f 6735 6737 6732
f 6732 6737 6731
f 6733 6810 6808
f 1240 1227 1219
f 1219 1227 1221
f 7173 7188 7187
f 1223 1222 1205
f 2987 2986 2980
f 1204 1205 1161
f 2978 2981 2895
f 2895 2981 2912
f 1149 1148 1145
f 1154 1156 1130
f 2833 2840 2832
f 2861 2901 2916
f 2916 2901 3010
f 3011 3024 3017
f 3046 3075 3076
f 3077 3157 3078
f 3114 3115 3113
f 11688 11645 11644
f 2700 2667 2698
f 11626 11627 11623
f 11623 11627 11637
f 2603 2601 2602
f 2602 2601 2597
f 11776 11802 11801
f 11802 11840 11801
f 5774 5804 5802
f 280 283 279
f 6652 7038 7155
f 7025 7020 7021
f 7021 7020 7018
f 170 171 150
f 6916 6803 6795
f 6795 6803 6800
f 6802 6814 6749
f 236 361 305
f 7146 7131 7173
f 7186 7173 7187
f 7191 7188 2986
f 7191 2986 3580
f 3580 2986 2987
f 2803 2799 2797
f 1146 1154 1135
f 2799 2798 2797
f 2797 2798 2796
f 1130 1156 1155
f 2830 2832 2831
f 2831 2844 2838
f 2916 3010 2947
f 3078 3157 3141
f 3113 3115 3116
f 11766 11748 11747
f 11747 11748 11714
f 2698 2667 7428
f 5778 5774 5779
f 6651 6653 6652
f 7155 7038 7025
f 6924 6932 6916
f 6800 6814 6802
f 16 17 8
f 101 236 102
f 305 361 466
f 1229 1241 1240
f 7146 7173 7186
f 7187 7188 7191
f 1128 1155 1103
f 1076 1068 1074
f 2838 2844 2848
f 1074 1068 1065
f 3113 3116 3117
f 3117 3116 3133
f 2602 2597 2595
f 2760 2759 2694
f 274 258 264
f 7024 7025 7021
f 6795 6800 6796
f 6796 6800 6802
f 52 45 44
f 6740 6744 6735
f 973 974 1374
f 991 975 972
f 6808 7131 6809
f 6809 7131 7146
f 1135 1154 1130
f 2796 2847 2841
f 2847 2840 2841
f 3050 3076 3077
f 3078 3141 3093
f 3141 3140 3093
f 3140 3129 3096
f 3129 3114 3110
f 3110 3114 3113
f 3117 3133 3134
f 3134 3133 3698
f 2699 2700 2698
f 7429 7428 7380
f 252 258 253
f 7021 7018 7022
f 212 175 174
f 7018 6996 7035
f 6996 6924 6995
f 6915 6924 6916
f 145 126 128
f 3011 3017 3015
f 3050 3077 3078
f 3095 3140 3096
f 2650 2603 2602
f 2595 2597 2596
f 2595 2596 2593
f 2593 2596 2613
f 2760 2694 2660
f 2660 2694 2650
f 11841 11801 11840
f 5780 11840 5778
f 5779 5774 5802
f 883 299 481
f 7155 7025 7033
f 7022 7018 7035
f 174 173 170
f 7035 6996 6995
f 152 151 148
f 152 148 195
f 195 148 205
f 205 145 128
f 6735 6732 6730
f 40 19 20
f 8 19 16
f 9 8 17
f 6733 6808 6783
f 7146 7186 7165
f 2987 2980 2976
f 2980 2981 2978
f 2976 2980 2978
f 2895 2803 2802
f 2894 2895 2802
f 2802 2803 2797
f 2792 2797 2796
f 2841 2840 2833
f 1130 1155 1128
f 1128 1103 1074
f 1103 1076 1074
f 2915 2947 2946
f 2947 3011 2946
f 3046 3076 3050
f 3093 3140 3095
f 2593 2613 2614
f 11667 11776 11801
f 11841 11840 5780
f 7033 7025 7024
f 6995 6924 6915
f 149 150 151
f 6802 6749 6747
f 34 44 39
f 9 17 101
f 102 236 305
f 6719 6733 6783
f 972 974 973
f 6783 6808 6809
f 1221 1222 1220
f 1220 1222 1223
f 1223 1205 1204
f 2978 2895 2894
f 1065 1066 1063
f 2916 2947 2915
f 2946 3011 3015
f 3096 3129 3099
f 3099 3129 3110
f 3110 3113 3111
f 3111 3113 3117
f 3134 3698 3793
f 3698 8797 8800
f 3793 3698 8800
f 11652 11644 11626
f 2660 2650 2602
f 11667 11637 11776
f 7380 7379 7369
f 7369 7379 7373
f 5780 5778 5779
f 912 883 884
f 911 912 884
f 7022 7035 7036
f 155 170 150
f 149 151 152
f 6914 6916 6795
f 126 125 127
f 6747 6749 6744
f 6747 6744 6740
f 9 101 102
f 1374 1241 1246
f 1204 1161 1160
f 1161 1148 1149
f 2802 2797 2792
f 2791 2796 2841
f 11930 11928 11931
f 3044 3046 3050
f 11670 11688 11644
f 7430 2698 7428
f 7379 7392 7399
f 884 883 481
f 281 278 274
f 13573 6659 6657
f 252 253 254
f 7024 7021 7023
f 7023 7021 7022
f 127 128 126
f 139 125 52
f 52 44 34
f 19 8 20
f 6731 6733 6719
f 698 991 972
f 1246 1241 1229
f 1229 1240 1219
f 6809 7146 7165
f 1143 1145 1146
f 2792 2796 2791
f 2860 2848 2861
f 3015 3017 3044
f 3044 3017 3046
f 3089 3078 3093
f 3094 3093 3095
f 11747 11714 11690
f 11690 11714 11688
f 11670 11644 11651
f 11651 11644 11652
f 2602 2595 2594
f 2589 2593 2614
f 7430 7428 7429
f 7373 7379 7399
f 298 299 284
f 280 279 278
f 221 212 174
f 7036 7035 6995
f 138 127 125
f 138 125 139
f 6736 6740 6734
f 6734 6740 6735
f 6730 6732 6731
f 6709 6731 6719
f 305 466 465
f 697 698 699
f 699 698 972
f 1149 1145 1144
f 1128 1074 1082
f 1082 1074 1071
f 1071 1074 1065
f 3016 2946 3015
f 3095 3096 3097
f 11690 11688 11670
f 2569 11797 11766
f 2500 2488 2569
f 2594 2595 2593
f 2760 2660 2706
f 280 278 281
f 281 274 264
f 6746 6747 6736
f 6736 6747 6740
f 6730 6731 6700
f 6700 6731 6709
f 1220 1223 1204
f 2974 2987 2976
f 1144 1145 1143
f 1135 1130 1132
f 1130 1128 1131
f 1071 1065 1061
f 1061 1065 1063
f 3050 3078 3089
f 3097 3096 3098
f 3099 3110 3100
f 3110 3111 3100
f 3793 8800 8801
f 8801 8800 8798
f 2697 2699 2698
f 2697 2698 2696
f 2696 2698 7430
f 2706 2660 2661
f 2661 2660 2602
f 481 299 298
f 253 212 254
f 197 195 205
f 6734 6735 6730
f 6784 6783 6809
f 7164 7165 7186
f 2975 2978 2969
f 1160 1161 1149
f 2887 2894 2802
f 2858 2848 2860
f 3089 3093 3094
f 3122 3111 3117
f 3134 3793 3510
f 3136 3134 3510
f 3510 3793 8801
f 2636 2589 2614
f 2661 2602 2637
f 2637 2602 2594
f 11637 11667 11666
f 7429 7380 7366
f 7366 7380 7369
f 5779 5802 5801
f 6651 6652 6650
f 7156 7155 7033
f 7032 7033 7024
f 7024 7023 7026
f 7029 7022 7036
f 6796 6802 6792
f 6792 6802 6747
f 6792 6747 6746
f 7 8 9
f 6809 7165 7164
f 7164 7186 7187
f 7187 7191 7190
f 2976 2978 2975
f 2969 2978 2894
f 2790 2802 2792
f 2842 2791 2841
f 2914 2916 2915
f 3015 3044 3045
f 3100 3111 3112
f 3112 3111 3122
f 3135 3117 3134
f 11666 11667 11801
f 6652 7155 7156
f 251 258 252
f 7032 7024 7027
f 7027 7024 7026
f 254 212 221
f 7026 7023 7029
f 7029 7023 7022
f 7036 6995 7048
f 6995 6915 6994
f 155 150 149
f 153 152 195
f 6915 6916 6914
f 21 39 40
f 20 8 7
f 6719 6783 6784
f 465 697 677
f 677 697 699
f 7190 7191 7192
f 7192 7191 3580
f 2974 2976 2975
f 1163 1204 1160
f 2828 2831 2838
f 2861 2916 2914
f 2860 2861 2914
f 2946 3016 2919
f 3016 3015 3014
f 3094 3095 3097
f 3099 3100 3101
f 3122 3117 3135
f 3135 3134 3136
f 3136 3510 3509
f 3894 8801 8798
f 3894 8798 8802
f 2636 2614 2677
f 11623 11637 11622
f 11622 11637 11666
f 11801 11841 11842
f 11842 11841 5780
f 7372 7373 7399
f 5782 5780 5779
f 869 884 481
f 6649 6651 6650
f 251 264 258
f 7156 7033 7032
f 169 170 155
f 7048 6995 6994
f 204 205 128
f 21 40 20
f 464 465 677
f 677 699 701
f 701 699 972
f 1143 1146 1136
f 2790 2792 2791
f 1146 1135 1136
f 1136 1135 1132
f 2842 2841 2833
f 1132 1130 1131
f 2833 2830 2826
f 1129 1128 1082
f 2915 2946 2919
f 3045 3044 3050
f 2594 2593 2586
f 5782 5779 5783
f 5783 5779 5801
f 911 884 869
f 6650 6652 7156
f 7029 7036 7048
f 149 152 153
f 6913 6915 6914
f 6795 6796 6791
f 129 128 127
f 6791 6796 6792
f 139 52 34
f 6734 6730 6696
f 10 9 102
f 973 1374 1369
f 1369 1374 1246
f 1246 1229 1228
f 2842 2833 2834
f 2834 2833 2826
f 2838 2848 2858
f 2919 3016 3014
f 3014 3015 3018
f 3045 3050 3051
f 3051 3050 3089
f 3098 3096 3099
f 11760 11766 11747
f 2569 11766 11760
f 11626 11623 11620
f 11842 5780 11843
f 5828 5832 6236
f 287 298 284
f 8894 8900 8889
f 174 170 169
f 6994 6915 6913
f 195 197 196
f 6791 6792 6746
f 6703 6746 6736
f 6697 6736 6734
f 6696 6730 6700
f 7 9 10
f 1228 1229 1230
f 1230 1229 1219
f 6809 7164 7139
f 1219 1221 1220
f 2801 2802 2790
f 1127 1128 1129
f 3092 3094 3097
f 3098 3099 3102
f 2586 2593 2589
f 6379 6393 6389
f 5783 5801 5799
f 288 280 281
f 153 195 196
f 6791 6746 6703
f 6703 6736 6697
f 6697 6734 6699
f 6699 6734 6696
f 305 465 464
f 1280 1246 1228
f 7164 7187 7181
f 1219 1220 1218
f 1220 1204 1218
f 2969 2894 2887
f 2887 2802 2801
f 2789 2791 2842
f 1131 1128 1127
f 2826 2830 2828
f 2828 2830 2831
f 3015 3045 3018
f 3089 3094 3092
f 3102 3099 3101
f 3118 3112 3122
f 11683 11690 11670
f 2677 2697 2659
f 2659 2697 2696
f 2586 2589 2587
f 2587 2589 2636
f 2709 2706 2661
f 11666 11801 11800
f 11800 11801 11842
f 11843 5780 5785
f 5785 5780 5782
f 262 281 264
f 103 102 305
f 1230 1219 1217
f 7181 7187 7190
f 2836 2842 2834
f 1082 1071 1072
f 1061 1063 1060
f 1060 1063 11911
f 2860 2914 2913
f 2913 2914 2915
f 3087 3089 3092
f 3100 3112 3118
f 3119 3100 3118
f 3122 3135 3138
f 3138 3135 3137
f 3137 3135 3136
f 11747 11690 11732
f 11732 11690 11683
f 2659 2696 2577
f 2696 7430 7429
f 11621 11623 11622
f 2696 7429 7365
f 7365 7429 7366
f 7369 7373 7372
f 7372 7399 7403
f 913 911 869
f 7028 7027 7026
f 7028 7026 7029
f 7028 7029 7041
f 7041 7029 7042
f 6913 6914 6878
f 6784 6809 7139
f 7139 7164 7181
f 1160 1149 1144
f 1071 1061 1072
f 1059 1061 1060
f 2913 2915 2918
f 2918 2915 2919
f 3051 3089 3087
f 2637 2594 2586
f 185 174 169
f 7029 7048 7050
f 7042 7029 7050
f 7096 7048 6994
f 6709 6719 6720
f 1143 1136 1137
f 2789 2790 2791
f 2789 2842 2836
f 2858 2860 2859
f 2859 2860 2913
f 3101 3100 3119
f 3118 3122 3123
f 3123 3122 3138
f 3136 3509 3508
f 3137 3136 3508
f 3508 3509 3894
f 3508 3894 8774
f 8774 3894 8802
f 11760 11747 11732
f 11622 11666 11665
f 287 284 280
f 287 280 288
f 288 281 262
f 262 264 251
f 155 149 154
f 6878 6914 6795
f 6793 6791 6702
f 6702 6791 6703
f 6697 6699 6695
f 6695 6699 6696
f 972 973 968
f 971 972 968
f 968 973 1369
f 1163 1218 1204
f 2801 2790 2793
f 1060 11911 11912
f 2918 2919 3013
f 3013 2919 3014
f 3018 3045 3049
f 3049 3045 3051
f 11651 11652 11626
f 5784 5782 5783
f 481 298 311
f 7027 7028 7030
f 254 221 220
f 220 221 174
f 156 155 154
f 32 34 39
f 701 972 971
f 6784 7139 6785
f 2974 2975 2973
f 2973 2975 2970
f 11683 11670 11650
f 11650 11670 11651
f 2677 2659 2574
f 2574 2659 2577
f 2500 2569 2568
f 11620 11623 11621
f 311 869 481
f 901 913 869
f 298 287 311
f 250 251 252
f 7154 7156 7032
f 250 252 254
f 7032 7027 7030
f 7030 7028 7031
f 7031 7028 7041
f 6994 6913 7081
f 154 149 153
f 127 138 130
f 32 39 21
f 6708 6709 6720
f 1163 1160 1159
f 2793 2790 2789
f 2917 2859 2913
f 3018 3049 3019
f 3086 3087 3092
f 11665 11666 11800
f 7366 7369 7367
f 7367 7369 7372
f 6650 7156 7154
f 262 251 263
f 7034 7032 7030
f 7031 7041 7044
f 7041 7042 7043
f 7044 7041 7043
f 7043 7042 7047
f 197 205 204
f 6694 6696 6700
f 10 102 12
f 6720 6719 6784
f 7194 7181 7190
f 7192 3580 2988
f 2988 3580 2987
f 2975 2969 2970
f 2969 2887 2968
f 1132 1131 1133
f 1129 1082 1084
f 2866 2859 2917
f 2938 2918 3013
f 3019 3014 3018
f 3051 3087 3069
f 3098 3102 3103
f 2568 2569 11760
f 2585 2586 2587
f 2661 2637 2672
f 7435 2696 7365
f 11800 11842 11814
f 11814 11842 11843
f 7365 7366 7367
f 289 288 262
f 7154 7032 7034
f 7047 7042 7050
f 7096 6994 7081
f 203 204 128
f 138 139 33
f 33 139 34
f 6691 6697 6695
f 12 102 103
f 6720 6784 6785
f 6785 7139 6817
f 6817 7139 7140
f 7140 7139 7181
f 2987 2974 2988
f 2988 2974 2973
f 1136 1132 1134
f 1134 1132 1133
f 1133 1131 1127
f 1082 1072 1073
f 1073 1072 1059
f 3014 3019 3013
f 3049 3051 3070
f 3148 3092 3097
f 2587 2677 2574
f 11651 11626 11625
f 11650 11651 11625
f 11625 11626 11620
f 2709 2661 2701
f 2701 2661 2672
f 2577 2696 7435
f 5785 5782 5784
f 5784 5783 5787
f 901 869 311
f 169 155 156
f 197 204 203
f 6794 6795 6791
f 6793 6702 6705
f 7 10 11
f 11 10 12
f 6700 6709 6708
f 1369 1246 1280
f 7140 7181 7194
f 2970 2969 2968
f 1142 1159 1160
f 1142 1160 1144
f 1137 1136 1134
f 2826 2828 2814
f 1084 1082 1073
f 2856 2859 2866
f 2913 2918 2921
f 2921 2918 2938
f 3092 3148 3090
f 3097 3098 3103
f 2583 2586 2585
f 11814 11843 5786
f 5786 11843 5785
f 289 287 288
f 7046 7030 7031
f 220 174 185
f 7047 7050 7096
f 7081 6913 6970
f 6794 6791 6705
f 6705 6791 6793
f 6702 6703 6701
f 6703 6697 6691
f 6701 6703 6691
f 6695 6696 6694
f 6694 6700 6708
f 7194 7190 7193
f 7193 7190 7192
f 1142 1144 1143
f 2793 2789 2794
f 2917 2913 2921
f 2938 3013 3020
f 3020 3013 3019
f 3070 3051 3069
f 3103 3102 3101
f 3104 3101 3119
f 2672 2637 2588
f 2637 2586 2588
f 2588 2586 2583
f 7372 7403 7402
f 6648 6649 6650
f 6650 7154 6656
f 263 251 250
f 7034 7030 7109
f 7109 7030 7046
f 249 254 220
f 7046 7031 7044
f 186 185 169
f 6705 6702 6701
f 33 34 32
f 1206 1218 1163
f 1206 1163 1164
f 2858 2859 2856
f 3086 3092 3090
f 3148 3097 3091
f 3120 3118 3123
f 3123 3138 3139
f 3139 3138 3137
f 2574 2577 2575
f 6648 6650 6656
f 6656 7154 7110
f 7154 7034 7110
f 7110 7034 7109
f 7046 7044 7045
f 7045 7044 7043
f 154 153 196
f 6878 6795 6794
f 203 128 129
f 103 305 306
f 2801 2793 2800
f 2800 2793 2794
f 2795 2789 2836
f 1073 1059 1058
f 1058 1059 1060
f 3019 3049 3047
f 3047 3049 3070
f 3069 3087 3086
f 3105 3097 3103
f 3103 3101 3104
f 6380 6389 6388
f 7367 7372 7371
f 5799 5828 5829
f 6463 6648 6462
f 6648 6656 6458
f 6656 7110 7107
f 7108 7046 7045
f 6970 6913 6912
f 6912 6913 6878
f 6690 6695 6694
f 18 21 20
f 20 7 11
f 62 12 103
f 6706 6708 6720
f 6718 6720 6785
f 1219 1218 1217
f 1217 1218 1206
f 2887 2801 2886
f 2886 2801 2800
f 2794 2789 2795
f 2795 2836 2835
f 2836 2834 2835
f 1127 1129 1084
f 2828 2838 2837
f 2837 2838 2858
f 2837 2858 2856
f 1058 1060 1062
f 1060 11912 11913
f 1062 1060 11913
f 3091 3097 3105
f 3120 3123 3139
f 11730 11732 11683
f 11683 11650 11631
f 7371 7372 7402
f 6460 6463 6459
f 6458 6656 7107
f 7110 7109 7108
f 7107 7110 7108
f 7045 7043 7047
f 220 185 187
f 7047 7096 7098
f 7098 7096 7095
f 7095 7096 7081
f 129 127 130
f 130 138 33
f 6706 6720 6718
f 306 305 464
f 463 464 677
f 6817 7140 6816
f 2989 2988 2973
f 2970 2968 2967
f 2968 2887 2886
f 3109 3119 3118
f 8774 8802 8803
f 11760 11732 11730
f 11761 11760 11730
f 11616 11665 11800
f 885 901 311
f 310 311 287
f 268 262 263
f 6459 6462 6458
f 6458 7107 6451
f 7107 7108 7045
f 6710 6694 6708
f 677 701 674
f 674 701 971
f 6785 6817 6816
f 1231 1228 1230
f 1164 1163 1159
f 2973 2970 2971
f 2971 2970 2967
f 2834 2826 2825
f 2835 2834 2825
f 2856 2866 2857
f 2857 2866 2917
f 2921 2938 2939
f 3109 3118 3120
f 3139 3137 3187
f 3187 3137 3508
f 2573 2585 2587
f 5798 5787 5799
f 913 901 930
f 930 901 885
f 287 289 291
f 268 289 262
f 6450 6460 6459
f 6450 6459 6458
f 6450 6458 6449
f 6449 6458 6451
f 7107 7045 6451
f 6451 7045 7051
f 7045 7047 7051
f 7051 7047 7098
f 168 169 156
f 7095 7081 6970
f 156 154 157
f 6704 6705 6701
f 6710 6708 6706
f 306 464 463
f 6718 6785 6816
f 6816 7140 7141
f 7141 7140 7194
f 7141 7194 7198
f 1755 1735 1746
f 3090 3148 3091
f 3106 3103 3104
f 3104 3119 3109
f 3187 3508 3766
f 3766 3508 8774
f 2495 2500 2568
f 11622 11665 11616
f 310 287 291
f 291 289 290
f 6450 6452 6460
f 6449 6451 6441
f 6441 6451 7052
f 6451 7051 7052
f 186 169 168
f 154 196 193
f 193 196 197
f 968 1369 1332
f 1332 1369 1280
f 1208 1217 1206
f 7198 7194 7193
f 1159 1142 1141
f 1126 1137 1134
f 2814 2828 2829
f 2829 2828 2837
f 2917 2921 2939
f 2938 3020 3022
f 3107 3104 3109
f 2573 2574 2575
f 6382 6380 6388
f 7367 7371 7370
f 7370 7371 7387
f 7387 7371 7402
f 290 289 268
f 6452 6450 6448
f 6453 6452 6448
f 6448 6450 6449
f 6448 6449 6441
f 7056 6441 7052
f 193 197 198
f 6912 6878 6910
f 203 129 131
f 1244 1280 1228
f 2804 2800 2794
f 2794 2795 2805
f 1134 1133 1127
f 2825 2826 2814
f 3022 3020 3021
f 3106 3104 3107
f 11631 11650 11625
f 2575 2577 2764
f 2764 2577 7435
f 7368 7365 7367
f 7368 7367 7370
f 5787 5786 5784
f 1048 913 930
f 268 263 250
f 6440 6448 6441
f 6440 6441 6442
f 6442 6441 7056
f 7065 7056 7055
f 7056 7052 7055
f 250 254 249
f 7098 7095 7093
f 7093 7095 6970
f 6704 6701 6692
f 132 130 33
f 6691 6695 6690
f 22 32 21
f 11 12 13
f 1244 1228 1231
f 7170 7141 7198
f 7193 7192 7195
f 1207 1206 1164
f 7195 7192 2988
f 2972 2973 2971
f 1164 1159 1158
f 1158 1159 1141
f 2965 2968 2886
f 1142 1143 1137
f 2857 2917 2920
f 3021 3019 3047
f 3048 3047 3070
f 3070 3069 3048
f 3088 3086 3090
f 3169 3139 3187
f 3766 8774 8773
f 8773 8774 8803
f 6415 2709 2749
f 2749 2709 2701
f 11814 5786 5788
f 6446 6440 6443
f 6440 6446 6453
f 6443 6440 6442
f 6442 7056 7064
f 7064 7056 7065
f 7052 7051 7053
f 7053 7051 7098
f 7053 7098 7093
f 157 154 193
f 6794 6705 6797
f 6797 6705 6704
f 129 130 131
f 6692 6701 6691
f 6690 6694 6693
f 22 21 18
f 6694 6710 6693
f 6790 6718 6816
f 6816 7141 6820
f 6820 7141 7170
f 1141 1142 1139
f 1139 1142 1137
f 2805 2795 2827
f 2827 2795 2835
f 2829 2837 2839
f 1073 1058 1064
f 2854 2837 2856
f 1064 1058 1062
f 3020 3019 3021
f 3048 3069 3068
f 3068 3069 3086
f 3105 3103 3106
f 3120 3139 3169
f 11730 11683 11680
f 2585 2573 2579
f 2568 11761 11808
f 2576 2575 2764
f 2764 7435 7434
f 7387 7402 7406
f 6630 6629 13535
f 6447 6446 6443
f 6447 6443 6445
f 6445 6443 6444
f 6444 6443 6442
f 6444 6442 7064
f 198 197 203
f 6910 6878 6794
f 18 20 11
f 6693 6710 6706
f 13 12 62
f 6717 6718 6790
f 970 971 968
f 1231 1230 1232
f 1232 1230 1217
f 1232 1217 1216
f 7195 2988 2990
f 2990 2988 2989
f 2989 2973 2972
f 1084 1073 1079
f 2839 2837 2854
f 1079 1073 1064
f 2856 2857 2855
f 2917 2939 2920
f 2920 2939 2955
f 2939 2938 2954
f 2938 3022 2954
f 3021 3047 3048
f 2573 2575 2576
f 7435 7365 7368
f 7054 7065 7055
f 7064 7065 7054
f 7055 7052 7054
f 7054 7052 7053
f 187 185 186
f 168 156 158
f 158 156 157
f 14 11 13
f 6706 6718 6717
f 1332 1280 1244
f 463 677 654
f 654 677 674
f 2886 2800 2819
f 2819 2800 2804
f 2804 2794 2805
f 1126 1134 1124
f 1134 1127 1124
f 1127 1084 1085
f 2854 2856 2855
f 1064 1062 11901
f 3068 3086 3088
f 3091 3105 3108
f 3108 3105 3106
f 8773 8803 2037
f 11680 11683 11631
f 2583 2585 2579
f 2584 2588 2583
f 6097 6072 6089
f 7060 7064 7054
f 188 186 168
f 198 203 199
f 9271 9243 9277
f 2827 2835 2825
f 1085 1084 1079
f 2955 2939 2954
f 3088 3090 3091
f 3109 3120 3121
f 3121 3120 3128
f 3128 3120 3169
f 2495 2568 11808
f 7434 7435 7368
f 11616 11800 11799
f 11799 11800 11814
f 295 310 291
f 6445 6444 7068
f 7068 6444 7064
f 6692 6691 6689
f 132 33 31
f 7161 6820 7170
f 1216 1217 1208
f 2967 2968 2965
f 3108 3106 3149
f 3149 3106 3107
f 3149 3107 3150
f 3107 3109 3121
f 3128 3169 3187
f 3187 3766 3765
f 3765 3766 8773
f 2581 2583 2579
f 903 930 885
f 7068 7064 7066
f 7066 7064 7060
f 7060 7054 7057
f 6704 6692 6689
f 31 33 32
f 6689 6691 6690
f 6816 6820 6818
f 7198 7193 7196
f 1206 1207 1208
f 2971 2967 2966
f 2809 2827 2825
f 2814 2829 2839
f 1124 1127 1085
f 2857 2920 2892
f 3043 3048 3068
f 3088 3091 3080
f 3147 3091 3108
f 11808 11761 11762
f 11624 11631 11625
f 11621 11622 11615
f 11615 11622 11616
f 11814 5788 11844
f 11799 11814 11844
f 7054 7053 7057
f 7057 7053 7058
f 7058 7053 7093
f 6917 6912 6910
f 193 198 194
f 6799 6794 6797
f 131 130 132
f 6698 6693 6706
f 14 13 62
f 417 463 654
f 6818 6820 7161
f 7170 7198 7161
f 7161 7198 7199
f 7196 7193 7195
f 2979 2989 2972
f 2972 2971 2966
f 2966 2967 2965
f 2879 2965 2886
f 2879 2886 2819
f 1137 1126 1138
f 2825 2814 2809
f 2855 2857 2892
f 2955 2954 3003
f 3003 2954 3022
f 3033 3022 3021
f 3021 3048 3043
f 3080 3091 3147
f 3150 3107 3121
f 2673 2672 2588
f 2673 2588 2584
f 2755 2576 2764
f 11620 11621 11615
f 7406 6312 6350
f 6454 6447 6445
f 269 268 267
f 268 250 267
f 267 250 265
f 7093 6970 6969
f 6970 6912 6917
f 6917 6910 6876
f 27 32 22
f 18 11 15
f 15 11 14
f 6790 6816 6818
f 7199 7198 7196
f 2819 2804 2808
f 2805 2827 2809
f 11942 11940 11943
f 3033 3003 3022
f 3033 3021 3043
f 3080 3068 3088
f 3108 3149 3154
f 3128 3187 3485
f 3485 3187 3765
f 3765 8773 8772
f 8772 8773 2037
f 2584 2583 2581
f 2579 2573 2578
f 2578 2573 2576
f 11844 5788 5790
f 7387 7406 7400
f 885 310 519
f 519 310 295
f 6454 6445 6455
f 6455 6445 7068
f 265 250 249
f 7057 7058 7059
f 7097 7058 7093
f 6969 6970 6917
f 6910 6794 6911
f 6797 6704 6672
f 133 131 132
f 1214 1216 1209
f 1208 1207 1209
f 2990 2989 2979
f 2979 2972 2977
f 2977 2972 2966
f 1139 1137 1138
f 2808 2804 2806
f 2806 2804 2805
f 1125 1124 1090
f 1090 1124 1085
f 2892 2920 2955
f 3079 3043 3068
f 3079 3068 3080
f 3121 3128 3151
f 8772 2037 1972
f 11762 11730 11731
f 11731 11730 11680
f 2764 7434 7444
f 7375 7387 7400
f 903 885 519
f 187 186 188
f 7097 7093 7094
f 6911 6794 6799
f 6689 6690 6684
f 6707 6706 6717
f 307 306 463
f 1232 1216 1214
f 1216 1208 1209
f 1126 1124 1125
f 2839 2854 2850
f 1079 1064 11901
f 2850 2854 2855
f 3186 3108 3156
f 3156 3108 3154
f 3150 3121 3151
f 11680 11631 11679
f 7374 7368 7370
f 291 290 292
f 292 290 268
f 265 249 248
f 7060 7057 7061
f 7062 7057 7059
f 7059 7058 7097
f 7094 7093 6969
f 31 32 27
f 6684 6690 6693
f 23 22 18
f 6707 6698 6706
f 307 463 417
f 969 970 968
f 7161 7199 7200
f 7199 7196 7197
f 7197 7196 7195
f 2966 2965 2963
f 2807 2805 2809
f 2813 2809 2814
f 1090 1085 1086
f 1086 1085 1079
f 11901 11902 11897
f 2850 2855 2892
f 2850 2892 2891
f 2997 2892 2955
f 3179 3079 3080
f 3178 3080 3147
f 3154 3149 3153
f 11615 11616 11614
f 296 291 292
f 292 268 269
f 7061 7057 7062
f 219 249 220
f 6799 6797 6798
f 6798 6797 6672
f 6672 6704 6686
f 6686 6704 6689
f 6684 6693 6698
f 62 103 76
f 76 103 306
f 654 674 655
f 655 674 969
f 6818 7161 7129
f 1209 1207 1210
f 7197 7195 2990
f 2990 2979 2991
f 2991 2979 2977
f 1153 1138 1126
f 2813 2814 2849
f 2814 2839 2850
f 1086 1079 1087
f 1087 1079 11901
f 11900 11901 11897
f 3066 3033 3043
f 3043 3079 3081
f 3081 3079 3179
f 3179 3080 3180
f 3178 3147 3186
f 3186 3147 3108
f 3152 3150 3151
f 11764 11762 11731
f 11614 11616 11799
f 519 295 296
f 295 291 296
f 7066 7060 7067
f 7067 7060 7061
f 157 193 189
f 202 203 131
f 6686 6689 6684
f 61 14 62
f 76 306 307
f 6717 6790 6788
f 7129 7161 7200
f 7200 7199 7237
f 7197 2990 7281
f 7281 2990 2991
f 2806 2805 2807
f 1125 1090 1088
f 2891 2892 2997
f 2997 2955 3003
f 3155 3154 3153
f 3153 3149 3150
f 3572 3128 3485
f 3485 3765 3573
f 3573 3765 8771
f 11619 11625 11620
f 2749 2701 2730
f 2755 2764 7444
f 11614 11799 11796
f 7433 7434 7368
f 1015 1051 903
f 292 269 270
f 6911 6799 6801
f 6801 6799 6798
f 6788 6790 6818
f 7199 7197 7206
f 7206 7197 7281
f 2977 2966 2991
f 2817 2819 2808
f 1153 1126 1125
f 2814 2850 2849
f 2851 2850 2891
f 3066 3043 3067
f 3152 3153 3150
f 3236 3128 3572
f 11630 11631 11624
f 2578 2576 2755
f 11619 11620 11615
f 269 267 270
f 7094 6969 6967
f 6911 6876 6910
f 202 131 133
f 61 62 76
f 7281 2991 7206
f 2992 2991 2966
f 2963 2965 2879
f 2879 2819 2817
f 1141 1139 1140
f 2815 2808 2806
f 2849 2850 2851
f 1088 1086 1087
f 11900 11897 11896
f 2997 3003 3042
f 3003 3033 3042
f 3042 3033 3066
f 3067 3043 3081
f 3572 3485 3573
f 2581 2579 2580
f 11808 11762 11764
f 7444 7434 7433
f 7374 7370 7375
f 8879 1051 9343
f 7068 7066 7069
f 7069 7066 7067
f 158 157 159
f 159 157 189
f 194 198 199
f 133 132 134
f 6684 6698 6711
f 51 14 61
f 1214 1209 1213
f 7237 7199 7238
f 7206 2991 2992
f 2992 2966 2963
f 2817 2808 2815
f 1288 1125 1088
f 2996 2891 2997
f 3180 3080 3178
f 3182 3178 3186
f 3186 3156 3182
f 3182 3156 3168
f 3573 8771 8763
f 2580 2579 2578
f 11624 11625 11619
f 11613 11615 11614
f 876 903 519
f 520 519 296
f 7062 7059 7074
f 219 220 187
f 7074 7059 7097
f 187 188 167
f 160 168 158
f 7097 7094 6967
f 6672 6686 6671
f 6671 6686 6684
f 6707 6717 6716
f 965 969 968
f 6819 6788 6818
f 6819 6818 7129
f 7238 7199 7206
f 1207 1164 1210
f 2807 2809 2810
f 1153 1125 1289
f 3168 3156 3154
f 3168 3154 3155
f 3152 3151 3165
f 3165 3151 3166
f 3166 3151 3236
f 3572 3573 3575
f 3575 3573 8764
f 8764 3573 8763
f 11679 11631 11630
f 11809 2494 11808
f 11619 11615 11613
f 7433 7368 7374
f 1015 903 876
f 296 292 293
f 6455 7068 7071
f 7071 7068 7069
f 7067 7061 7063
f 266 265 248
f 7063 7061 7062
f 248 249 219
f 7063 7062 7074
f 6967 6969 6917
f 193 194 189
f 199 203 202
f 24 15 14
f 1231 1232 1233
f 7238 7206 2992
f 1139 1138 1140
f 1140 1138 1150
f 2810 2809 2813
f 1288 1088 1091
f 1087 11900 11896
f 2888 2851 2891
f 11896 11897 11895
f 2996 2997 3055
f 11895 11897 11944
f 3197 3067 3081
f 3081 3179 3188
f 3197 3081 3188
f 3236 3572 3574
f 3574 3572 3575
f 7069 7067 7070
f 167 188 168
f 167 168 160
f 6669 6911 6801
f 6798 6672 6668
f 6668 6672 6671
f 27 22 23
f 23 18 24
f 18 15 24
f 6715 6707 6716
f 309 417 654
f 1244 1231 1233
f 1243 1244 1233
f 1233 1232 1214
f 7129 7200 7205
f 1210 1164 1158
f 1091 1088 1089
f 1089 1088 1087
f 1089 1087 11906
f 11906 1087 11896
f 3055 2997 3053
f 2997 3042 3053
f 3053 3042 3054
f 3054 3042 3066
f 3066 3067 3197
f 3188 3179 3180
f 3212 3182 3168
f 3166 3236 3237
f 3237 3236 3574
f 2582 2584 2581
f 7375 7400 7376
f 312 296 293
f 293 292 270
f 267 265 266
f 7070 7067 7063
f 6876 6911 6669
f 6683 6671 6684
f 6711 6698 6715
f 6715 6698 6707
f 6716 6717 6788
f 965 968 967
f 968 1332 1243
f 967 968 1243
f 1243 1332 1244
f 655 969 965
f 2961 2992 2963
f 2932 2963 2879
f 1158 1141 1140
f 2815 2806 2812
f 2811 2806 2807
f 2811 2807 2810
f 2849 2851 2888
f 3180 3178 3181
f 3167 3153 3152
f 3167 3152 3165
f 11809 11808 11764
f 11796 11799 11844
f 876 519 749
f 749 519 520
f 767 1015 876
f 6456 6454 6455
f 271 267 266
f 7074 7097 6967
f 6669 6801 6663
f 6801 6798 6663
f 6663 6798 6668
f 6668 6671 6664
f 6663 6668 6664
f 6683 6684 6685
f 6685 6684 6711
f 24 14 51
f 7132 6819 7134
f 7134 6819 7129
f 7134 7129 7135
f 7135 7129 7205
f 7200 7237 7205
f 7205 7237 7239
f 7239 7237 7238
f 2961 2963 2932
f 2816 2815 2812
f 2812 2806 2811
f 2862 2813 2849
f 2888 2891 2941
f 2941 2891 2996
f 3198 3197 3188
f 3181 3178 3182
f 3155 3153 3173
f 3173 3153 3167
f 3574 3575 3740
f 3740 3575 8764
f 3740 8764 8762
f 8762 8764 8763
f 11731 11680 11681
f 11681 11680 11679
f 11796 11844 5860
f 11844 5790 5791
f 5791 5790 5789
f 7405 6350 6319
f 8887 8888 8884
f 7063 7074 7073
f 219 187 166
f 6967 6917 6876
f 6876 6669 6666
f 6666 6669 6663
f 6664 6671 6683
f 307 417 309
f 6788 6819 7132
f 1211 1209 1210
f 2932 2879 2818
f 2818 2879 2817
f 2817 2815 2816
f 1150 1138 1153
f 2810 2813 2862
f 2862 2849 2889
f 2889 2849 2888
f 3213 3182 3212
f 3205 3212 3168
f 11630 11624 11618
f 7444 7433 7441
f 5860 11844 5791
f 520 296 312
f 312 293 313
f 6456 6455 6457
f 6457 6455 7071
f 271 270 267
f 7070 7063 7073
f 7074 6967 7086
f 7086 6967 6968
f 159 160 158
f 6876 6666 6667
f 28 31 27
f 1211 1213 1209
f 7239 7238 7280
f 1153 1289 1291
f 1089 11906 11893
f 11893 11906 11896
f 2941 2996 3055
f 3059 3054 3066
f 3181 3182 3213
f 3205 3168 3155
f 3205 3155 3173
f 3202 3167 3165
f 3237 3574 3740
f 8761 8762 8763
f 2582 2581 2580
f 2580 2578 2641
f 2656 2673 2584
f 2641 2578 2732
f 2732 2578 2755
f 11618 11624 11619
f 7433 7374 7377
f 7374 7375 7376
f 5792 5789 5796
f 7073 7074 7075
f 6666 6663 6665
f 134 132 31
f 61 76 75
f 76 307 75
f 309 654 566
f 566 654 655
f 1233 1214 1215
f 1215 1214 1213
f 7280 7238 2992
f 1151 1140 1150
f 3066 3197 3200
f 3195 3180 3181
f 3227 3165 3230
f 3230 3165 3166
f 2751 2749 2730
f 2755 7444 2732
f 2732 7444 7441
f 11614 11796 11795
f 11612 11614 11795
f 7441 7433 7377
f 7377 7374 7376
f 7376 7400 7405
f 294 293 270
f 294 270 271
f 7069 7070 7071
f 7070 7073 7072
f 7072 7073 7077
f 7075 7074 7086
f 166 187 167
f 6968 6967 6893
f 6893 6967 6876
f 6667 6666 6665
f 6665 6663 6662
f 6662 6663 6664
f 6685 6711 6712
f 1242 1243 1233
f 7280 2992 2995
f 2995 2992 2961
f 1151 1158 1140
f 2818 2817 2816
f 2863 2810 2862
f 1290 1289 1288
f 2862 2889 2909
f 1288 1091 1092
f 2889 2888 2928
f 1092 1091 1089
f 1092 1089 1093
f 1093 1089 11893
f 2928 2888 2941
f 11893 11896 11895
f 3056 3053 3054
f 3200 3197 3198
f 3195 3188 3180
f 3213 3212 3205
f 3173 3167 3202
f 3277 3166 3237
f 3237 3740 3638
f 3740 8762 8760
f 3638 3740 8760
f 8760 8762 8761
f 8761 8763 1872
f 2592 2580 2641
f 11618 11619 11613
f 749 520 449
f 449 520 312
f 450 312 313
f 7071 7070 7072
f 7076 7073 7075
f 189 194 199
f 202 133 135
f 134 31 35
f 6712 6711 6713
f 6714 6711 6715
f 49 24 51
f 51 61 49
f 6715 6716 6714
f 6789 6716 6788
f 75 307 309
f 1215 1213 1211
f 1211 1210 1212
f 2821 2810 2863
f 1291 1289 1290
f 2863 2862 2909
f 2927 2889 2928
f 11893 11895 11894
f 11895 11949 11950
f 3055 3053 3056
f 3059 3066 3200
f 3214 3181 3213
f 3202 3165 3227
f 3230 3166 3277
f 3277 3237 3638
f 8760 8761 8759
f 2656 2584 2622
f 2622 2584 2582
f 2751 2730 2656
f 11613 11614 11612
f 449 312 450
f 7077 7073 7076
f 7079 7075 7086
f 6975 7086 6968
f 6683 6685 6682
f 6682 6685 6712
f 27 23 26
f 23 24 25
f 6713 6711 6714
f 1235 1233 1234
f 1234 1233 1215
f 7205 7239 7244
f 1210 1158 1165
f 1151 1150 1152
f 2811 2810 2821
f 2909 2889 2927
f 3192 3188 3195
f 3205 3173 3204
f 2582 2580 2590
f 6319 6288 6264
f 767 749 623
f 623 749 449
f 313 293 294
f 6461 6456 6457
f 6457 7071 6647
f 6647 7071 7092
f 7092 7071 7072
f 247 266 248
f 7078 7077 7076
f 7079 7076 7075
f 6893 6876 6667
f 189 199 200
f 200 199 202
f 6662 6664 6680
f 6664 6683 6680
f 25 24 36
f 36 24 49
f 6789 6788 7132
f 967 1243 1320
f 1320 1243 1242
f 1242 1233 1235
f 1165 1158 1151
f 1152 1150 1153
f 2928 2941 2940
f 3057 3055 3056
f 3198 3188 3192
f 3195 3181 3196
f 3196 3181 3214
f 2590 2580 2592
f 11618 11613 11617
f 745 767 623
f 623 449 484
f 6461 6457 6646
f 6646 6457 6647
f 6646 6647 6645
f 6645 6647 7092
f 7072 7077 7078
f 7092 7072 7078
f 6975 6968 6893
f 159 189 190
f 49 61 75
f 7132 7134 7138
f 7138 7134 7135
f 7138 7135 7205
f 7244 7239 7280
f 2820 2816 2812
f 2820 2812 2821
f 2821 2812 2811
f 1152 1153 1178
f 1153 1291 1178
f 1288 1092 1095
f 2927 2928 2926
f 2941 3055 3057
f 3056 3054 3059
f 3204 3173 3203
f 3203 3173 3202
f 3231 3230 3277
f 3277 3638 3671
f 2641 2732 2642
f 11617 11613 11611
f 11611 11613 11612
f 11795 11796 5860
f 7407 7441 7377
f 7377 7376 7378
f 745 623 622
f 622 623 484
f 449 450 448
f 6644 6646 6645
f 6644 6645 6643
f 6645 7092 7151
f 7151 7092 7078
f 216 248 219
f 7079 7086 7085
f 167 160 162
f 133 134 135
f 656 655 965
f 1212 1210 1165
f 2933 2961 2932
f 2924 2927 2926
f 1094 1092 1093
f 2926 2928 2940
f 2940 2941 3058
f 3199 3200 3198
f 3213 3205 3234
f 3227 3230 3231
f 7407 7377 7378
f 5792 5796 5797
f 484 449 448
f 313 294 315
f 294 271 315
f 6643 6645 6642
f 6645 7151 7080
f 6642 6645 7080
f 7080 7151 7078
f 7080 7078 7076
f 7080 7076 7079
f 190 189 200
f 6670 6667 6665
f 6680 6683 6682
f 35 31 28
f 28 27 26
f 26 23 25
f 49 75 72
f 566 655 656
f 2935 2995 2961
f 2935 2961 2933
f 2932 2818 2933
f 2933 2818 2823
f 2823 2818 2816
f 2823 2816 2820
f 2896 2821 2863
f 2896 2863 2909
f 2909 2927 2924
f 3058 2941 3057
f 3194 3192 3195
f 3234 3205 3204
f 3277 3671 3407
f 3671 8760 8747
f 8747 8760 8759
f 2622 2582 2591
f 2591 2582 2590
f 2590 2592 2639
f 2639 2592 2642
f 2592 2641 2642
f 2735 2751 2656
f 2642 2732 2770
f 2770 2732 7441
f 6640 6644 6643
f 6640 6643 6642
f 6642 7080 6641
f 6641 7080 7083
f 7083 7080 7079
f 7083 7079 7103
f 6991 7085 7086
f 162 160 161
f 161 160 159
f 6893 6667 6670
f 6675 6662 6680
f 38 26 25
f 25 36 37
f 7132 7138 7142
f 1177 1152 1178
f 1290 1288 1095
f 3057 3056 3059
f 3199 3198 3192
f 3235 3214 3213
f 3235 3213 3234
f 3203 3202 3228
f 3228 3202 3227
f 3227 3231 3229
f 3231 3277 3232
f 3232 3277 3407
f 3407 3671 3824
f 3824 3671 8747
f 8747 8759 2311
f 2770 7441 7407
f 7393 7405 6319
f 6640 6642 6641
f 6641 7083 7260
f 247 248 216
f 7079 7085 7103
f 6991 7086 6975
f 6674 6665 6662
f 6674 6662 6675
f 6712 6713 6722
f 1190 1215 1211
f 1095 1092 1094
f 1094 1093 1102
f 11894 11952 11953
f 11892 11894 11953
f 3190 3199 3192
f 3194 3195 3196
f 3234 3204 3241
f 11681 11679 11682
f 2591 2590 2639
f 6384 6390 6391
f 7407 7378 7408
f 870 745 622
f 619 622 484
f 315 271 314
f 7000 7103 7085
f 7000 7085 6991
f 161 159 190
f 6670 6665 6673
f 6673 6665 6674
f 136 134 35
f 75 309 308
f 308 309 566
f 7205 7244 7215
f 1188 1212 1165
f 2822 2821 2896
f 3057 3059 3063
f 3071 3059 3199
f 3190 3192 3191
f 3241 3204 3240
f 3240 3204 3203
f 3232 3407 3408
f 3408 3407 3824
f 8746 3824 8747
f 8746 8747 8745
f 2312 8747 2311
f 11731 11681 11682
f 7421 2770 7407
f 7421 7407 7410
f 7410 7407 7408
f 7378 7376 7393
f 870 622 619
f 447 484 448
f 448 450 446
f 446 450 313
f 313 315 418
f 6619 6640 6637
f 6640 6641 6637
f 6637 6641 7260
f 7260 7083 7104
f 271 266 247
f 7083 7103 7104
f 7104 7103 7000
f 219 166 216
f 216 166 165
f 6893 6670 6673
f 135 134 136
f 6681 6680 6682
f 6722 6713 6714
f 37 36 49
f 6725 6714 6716
f 6725 6716 6728
f 6789 7132 7133
f 7142 7138 7143
f 7143 7138 7205
f 7143 7205 7215
f 7267 7244 7280
f 7267 7280 2995
f 2893 2823 2820
f 2820 2821 2822
f 3063 3059 3071
f 3191 3192 3193
f 3193 3192 3194
f 3193 3194 3226
f 3226 3194 3196
f 3226 3196 3214
f 3234 3241 3296
f 3203 3228 3240
f 3228 3227 3229
f 3229 3231 3232
f 3408 3824 8746
f 2639 2642 2705
f 2705 2642 2770
f 5793 5792 5797
f 6611 6619 6637
f 6991 6975 6965
f 6975 6893 6894
f 6965 6975 6894
f 200 202 137
f 137 202 135
f 137 135 136
f 38 25 37
f 50 37 49
f 6728 6716 6789
f 6728 6789 7133
f 7215 7244 7267
f 7267 2995 3563
f 1179 1177 1178
f 3058 3057 3062
f 3062 3057 3063
f 3071 3199 3190
f 3235 3234 3285
f 3285 3234 3296
f 3240 3228 3276
f 11679 11630 11632
f 11809 11764 11763
f 11611 11612 11608
f 11608 11612 11795
f 2705 2770 7421
f 11845 11795 5860
f 5794 5860 5791
f 619 484 447
f 447 448 445
f 6617 6616 6615
f 7104 7000 6999
f 166 167 162
f 165 166 162
f 6999 7000 6991
f 6999 6991 6965
f 6894 6893 6673
f 190 200 201
f 6682 6712 6721
f 6721 6712 6722
f 6722 6714 6725
f 7133 7132 7142
f 965 967 966
f 966 967 1320
f 3563 2995 2935
f 1188 1165 1176
f 2935 2933 2934
f 2933 2823 2934
f 2893 2820 2824
f 1104 1291 1290
f 2923 2909 2924
f 1104 1290 1095
f 11891 11892 11953
f 3313 3241 3240
f 3272 3276 3228
f 3272 3228 3229
f 3229 3232 3270
f 3270 3232 3408
f 3540 3408 8746
f 8744 8746 8745
f 2656 2622 2628
f 2591 2639 2640
f 5791 5792 5793
f 446 313 418
f 6637 7260 6636
f 314 271 247
f 6636 7260 7104
f 6636 7104 7105
f 7104 6999 7105
f 163 162 161
f 6673 6674 6676
f 6674 6675 6677
f 6677 6675 6680
f 6681 6682 6787
f 656 965 964
f 1190 1211 1212
f 1177 1151 1152
f 2865 2822 2896
f 1179 1178 1286
f 1286 1178 1291
f 2896 2909 2922
f 2922 2909 2923
f 2923 2924 2925
f 2924 2926 2925
f 2926 2940 2942
f 3061 3058 3062
f 3210 3063 3071
f 3210 3071 3189
f 3226 3214 3282
f 3282 3214 3284
f 3284 3214 3235
f 3313 3296 3241
f 3313 3240 3276
f 3229 3270 3271
f 3270 3408 3540
f 3540 8746 8744
f 11763 11731 11736
f 11736 11731 11682
f 2676 2656 2628
f 2640 2639 2654
f 2654 2639 2705
f 11608 11795 11804
f 11804 11795 11845
f 5794 5791 5793
f 721 870 619
f 445 448 446
f 6615 6611 6612
f 418 315 314
f 6611 6637 6608
f 6608 6637 6636
f 314 247 218
f 218 247 216
f 7116 7105 6999
f 7084 6999 6965
f 6895 6894 6673
f 6677 6680 6681
f 136 35 30
f 6722 6725 6724
f 75 308 239
f 1190 1212 1193
f 3617 7267 3563
f 1175 1176 1165
f 1165 1151 1175
f 2934 2823 2893
f 1095 1094 1101
f 1101 1094 1102
f 2940 3058 3060
f 3060 3058 3061
f 3189 3071 3190
f 3189 3190 3191
f 3193 3226 3283
f 3284 3235 3285
f 3338 3285 3296
f 3272 3229 3271
f 3737 3540 8744
f 11632 11630 11618
f 2628 2622 2627
f 2627 2622 2591
f 2735 2656 2676
f 11845 5860 5794
f 7393 6319 6324
f 721 619 620
f 620 619 447
f 418 314 419
f 6636 7105 7116
f 6895 6965 6894
f 161 190 163
f 163 190 191
f 191 190 192
f 6895 6673 6906
f 192 190 201
f 35 28 30
f 28 26 29
f 66 38 37
f 6726 6725 6728
f 72 75 237
f 239 308 566
f 7201 7143 7215
f 7274 7267 3617
f 3563 2935 2964
f 2964 2935 2934
f 1175 1151 1177
f 2824 2820 2822
f 2824 2822 2865
f 2865 2896 2922
f 2925 2926 2942
f 2942 2940 3009
f 3062 3063 3210
f 3238 3189 3191
f 3283 3226 3282
f 3284 3285 3338
f 3296 3313 3356
f 3357 3313 3276
f 3333 3276 3272
f 3333 3272 3271
f 3271 3270 3540
f 3737 8744 8743
f 8743 8744 1896
f 11632 11618 11610
f 11618 11617 11610
f 11607 11617 11611
f 7420 7421 7410
f 7116 6999 7084
f 164 162 163
f 7090 7084 6965
f 7090 6965 6964
f 6676 6674 6677
f 6787 6682 6757
f 6724 6725 6726
f 6726 6728 7133
f 239 566 565
f 565 566 656
f 7133 7142 7143
f 1234 1215 1190
f 7201 7215 7241
f 1193 1212 1188
f 3617 3563 2964
f 1175 1177 1179
f 3009 2940 3060
f 3238 3191 3193
f 11810 11809 11763
f 2591 2640 2629
f 2629 2640 2654
f 2654 2705 2713
f 11610 11617 11607
f 2705 7421 7420
f 7410 7408 7394
f 7394 7408 7378
f 7394 7378 7393
f 8876 721 806
f 806 721 620
f 620 447 444
f 419 314 416
f 6608 6636 6635
f 416 314 218
f 218 216 217
f 217 216 165
f 6906 6673 6780
f 6780 6673 6676
f 201 200 137
f 66 37 50
f 565 656 733
f 7133 7143 7153
f 7241 7215 7274
f 7215 7267 7274
f 2964 2934 2993
f 2934 2893 2824
f 2906 2824 2865
f 1286 1291 1104
f 3310 3283 3282
f 3356 3313 3357
f 3333 3271 3375
f 3375 3271 3376
f 3376 3271 3377
f 3377 3271 3540
f 3377 3540 3737
f 11682 11679 11684
f 11684 11679 11632
f 2627 2591 2629
f 2629 2654 2655
f 2655 2654 2713
f 11607 11611 11608
f 2713 2705 7432
f 7432 2705 7420
f 5793 5797 5800
f 6635 7116 6639
f 164 165 162
f 6964 6965 6895
f 29 26 38
f 71 49 72
f 6726 7133 7153
f 733 656 964
f 7153 7143 7201
f 2994 2934 2824
f 1104 1095 1101
f 11889 11888 11891
f 3189 3238 3239
f 3356 3338 3296
f 3357 3276 3333
f 3357 3333 3359
f 5794 5793 5795
f 444 447 445
f 6607 6609 6608
f 419 416 541
f 6613 6608 6635
f 6639 7116 7115
f 7115 7116 7084
f 66 50 71
f 1201 1235 1234
f 1189 1234 1190
f 7275 7274 3617
f 3556 3617 2964
f 2993 2934 2994
f 2994 2824 2945
f 2943 2922 2923
f 2925 2942 3001
f 3065 2942 3009
f 3211 3061 3062
f 3284 3338 3342
f 3736 3737 3821
f 3737 8743 8742
f 3821 3737 8742
f 8742 8743 2334
f 8742 2334 1897
f 7420 7410 7394
f 7395 7393 6324
f 806 620 621
f 621 620 444
f 6607 6608 6606
f 218 217 423
f 191 192 246
f 228 137 136
f 30 28 29
f 6757 6682 6721
f 6757 6721 6756
f 71 50 49
f 6729 6724 6726
f 6729 6726 7119
f 7240 7241 7274
f 1191 1190 1193
f 2146 9304 2144
f 2944 2865 2922
f 2944 2922 2943
f 3000 2923 2925
f 3001 2942 3065
f 3060 3061 3211
f 3062 3210 3260
f 3295 3283 3310
f 1924 1977 1976
f 3452 3375 3376
f 3452 3376 3377
f 6635 6639 6638
f 6613 6635 6638
f 7115 7084 7091
f 217 165 422
f 163 191 246
f 6676 6677 6678
f 6678 6677 6681
f 6756 6721 6723
f 65 29 38
f 6723 6721 6722
f 38 66 65
f 6723 6722 6724
f 7119 6726 7153
f 237 75 239
f 7153 7201 7202
f 7145 7153 7202
f 7202 7201 7240
f 7201 7241 7240
f 3337 2964 2993
f 1176 1175 1181
f 2824 2906 2937
f 2906 2865 2944
f 2943 2923 3000
f 3000 2925 3001
f 1105 1104 1101
f 1106 1101 11890
f 3065 3009 3246
f 3246 3009 3262
f 3262 3009 3060
f 3211 3062 3260
f 3210 3189 3239
f 3193 3283 3295
f 3310 3284 3342
f 8742 1897 8741
f 2675 2676 2628
f 2627 2629 2630
f 11610 11607 11609
f 6385 6391 6392
f 7395 6324 6334
f 431 445 446
f 443 446 418
f 418 419 443
f 541 416 554
f 6639 7115 7163
f 455 218 423
f 7163 7115 7091
f 6963 7090 6964
f 380 163 246
f 6907 6895 6832
f 6832 6895 6906
f 201 137 232
f 6679 6676 6678
f 232 137 228
f 228 136 223
f 136 30 223
f 6687 6681 6787
f 73 72 237
f 1189 1190 1191
f 3556 7275 3617
f 3556 2964 3337
f 3337 2993 3336
f 1181 1175 1180
f 1180 1175 1179
f 1105 1101 1106
f 3001 3065 3216
f 3216 3065 3246
f 3262 3060 3261
f 3261 3060 3211
f 3260 3210 3239
f 3294 3238 3193
f 3294 3193 3295
f 3361 3338 3356
f 3356 3357 3360
f 3359 3333 3368
f 3368 3333 3375
f 3452 3377 3564
f 3564 3377 3634
f 3634 3377 3736
f 3736 3821 3756
f 3756 3821 8750
f 8750 3821 8742
f 8750 8742 8740
f 8740 8742 8741
f 2675 2628 2632
f 2632 2628 2627
f 2629 2655 2644
f 2735 2676 2675
f 2644 2655 2702
f 2702 2655 2713
f 11608 11804 11798
f 11798 11804 11845
f 11845 5794 5803
f 444 445 431
f 431 446 443
f 443 419 541
f 416 218 554
f 423 217 422
f 7091 7084 7090
f 414 165 164
f 164 163 380
f 6964 6895 6907
f 6963 6964 6907
f 6780 6676 6679
f 6678 6681 6687
f 6687 6787 6757
f 6723 6724 6727
f 6727 6724 6729
f 7119 7153 7145
f 966 1320 1245
f 1320 1242 1245
f 1245 1242 1201
f 1242 1235 1201
f 1183 1188 1176
f 3336 2993 2994
f 3331 2994 2945
f 1180 1179 1184
f 2937 2906 2944
f 1185 1179 1286
f 1286 1104 1105
f 3261 3211 3260
f 3293 3238 3294
f 3295 3310 3341
f 3341 3310 3342
f 3342 3338 3361
f 3361 3356 3360
f 3374 3452 3564
f 2630 2629 2644
f 2729 2735 2675
f 11607 11608 11606
f 11606 11608 11798
f 11798 11845 5803
f 7420 7394 7396
f 621 444 606
f 440 444 431
f 6604 6613 6638
f 6638 6639 7163
f 422 165 414
f 380 246 376
f 246 192 240
f 6832 6906 6908
f 6908 6906 6780
f 232 228 230
f 228 223 229
f 30 29 67
f 1183 1176 1181
f 3634 3736 3756
f 11632 11610 11605
f 11605 11610 11609
f 7432 7420 7396
f 606 444 440
f 6603 6606 6613
f 6603 6613 6604
f 554 218 455
f 421 422 414
f 7091 7090 6963
f 414 164 380
f 233 192 201
f 233 201 232
f 6678 6687 6688
f 6687 6757 6759
f 71 72 73
f 963 966 1410
f 1410 966 1245
f 13199 13233 13257
f 3331 2945 3004
f 2944 2943 3002
f 11898 1106 11889
f 3294 3295 3324
f 3362 3342 3361
f 3358 3357 3359
f 3368 3375 3374
f 3756 8750 8748
f 8748 8750 8740
f 8740 8741 2180
f 11609 11607 11601
f 11601 11607 11606
f 2689 2702 2769
f 2769 2702 2713
f 2769 2713 7432
f 1003 621 606
f 6638 7163 7214
f 554 455 454
f 455 423 421
f 423 422 421
f 7163 7091 7099
f 6963 6907 6962
f 224 30 67
f 6757 6756 6758
f 6758 6756 6723
f 69 65 66
f 70 71 73
f 6781 6729 7119
f 7213 7145 7202
f 7275 3556 3555
f 3555 3556 3337
f 3337 3336 3410
f 1182 1181 1180
f 3004 2945 2937
f 2937 2944 3002
f 3002 2943 3000
f 3002 3000 3242
f 1286 1105 1287
f 3242 3000 3001
f 3242 3001 3216
f 11889 11955 11956
f 3318 3239 3323
f 3362 3341 3342
f 3360 3357 3358
f 3358 3359 3368
f 3634 3756 3713
f 3713 3756 3874
f 3874 3756 8748
f 8748 8740 8739
f 8739 8740 2180
f 2644 2702 2689
f 2769 7432 7436
f 7436 7432 7396
f 7397 7395 6334
f 6083 6100 6057
f 583 606 440
f 431 443 430
f 430 443 428
f 443 541 427
f 427 541 456
f 541 554 456
f 7214 7163 7099
f 454 455 421
f 7091 6963 6962
f 376 246 375
f 375 246 240
f 240 192 233
f 230 228 229
f 6759 6757 6758
f 6758 6723 6782
f 6723 6727 6781
f 6782 6723 6781
f 66 71 70
f 6727 6729 6781
f 565 733 779
f 779 733 964
f 1201 1234 1189
f 7213 7202 7240
f 7240 7274 7275
f 1191 1193 1183
f 1193 1188 1183
f 3555 3337 3410
f 1183 1181 1182
f 3330 2994 3331
f 1185 1286 1287
f 1287 1105 1109
f 1105 1106 1107
f 1107 1106 11898
f 11898 11889 11899
f 3246 3262 3280
f 3262 3261 3289
f 3261 3260 3299
f 3372 3564 3634
f 3713 3874 3843
f 11728 11736 11682
f 11605 11609 11601
f 11601 11606 11600
f 11600 11606 11798
f 11798 5803 11590
f 5815 5803 5810
f 5810 5795 5800
f 428 443 427
f 456 554 454
f 240 233 241
f 6832 6908 6830
f 6831 6832 6830
f 6830 6908 6780
f 6830 6780 6679
f 6688 6687 6759
f 223 30 224
f 67 29 65
f 239 565 382
f 382 565 779
f 779 964 959
f 3336 2994 3330
f 3004 2937 3244
f 1182 1180 1184
f 3244 2937 3002
f 1109 1105 1108
f 1108 1105 1107
f 11899 11889 11903
f 3299 3260 3318
f 3317 3323 3293
f 3363 3361 3360
f 3374 3564 3372
f 3843 3874 8749
f 8749 3874 8748
f 8749 8748 8739
f 11684 11632 11648
f 11812 11810 11763
f 2632 2627 2631
f 2631 2627 2630
f 2630 2644 2633
f 2633 2644 2689
f 11600 11798 11589
f 11589 11798 11590
f 11590 5803 5815
f 1003 606 696
f 696 606 583
f 583 440 437
f 437 440 431
f 429 431 430
f 412 456 454
f 454 421 409
f 7099 7091 6962
f 414 380 405
f 405 380 403
f 6962 6907 6961
f 6961 6907 6833
f 6907 6832 6833
f 6833 6832 6831
f 6830 6679 6678
f 1200 1245 1201
f 7213 7240 7242
f 1184 1179 1185
f 3243 3002 3242
f 3280 3216 3246
f 1107 11898 11899
f 3280 3262 3289
f 3289 3261 3299
f 3320 3299 3318
f 3343 3324 3295
f 3343 3295 3341
f 3370 3368 3374
f 3372 3634 3713
f 3842 3843 8749
f 8749 8739 8738
f 11763 11736 11728
f 11682 11684 11685
f 2631 2630 2633
f 5819 5815 5810
f 5810 5800 5817
f 437 431 434
f 434 431 432
f 432 431 429
f 6603 6604 6599
f 427 456 425
f 6638 7214 7114
f 425 456 412
f 412 454 409
f 409 421 414
f 403 380 376
f 6831 6830 6828
f 241 233 234
f 233 232 234
f 234 232 230
f 6678 6688 6821
f 229 223 231
f 231 223 224
f 67 65 68
f 68 65 69
f 69 66 70
f 6781 7119 7144
f 7144 7119 7145
f 238 237 239
f 1410 1245 1200
f 1195 1201 1192
f 1201 1189 1192
f 3494 3555 3410
f 3244 3002 3243
f 3216 3280 3268
f 3318 3323 3317
f 3343 3341 3344
f 3344 3341 3362
f 3344 3362 3364
f 1960 1962 1957
f 3362 3361 3363
f 1926 1958 1959
f 3370 3374 3372
f 3713 3843 3842
f 11648 11632 11605
f 11648 11605 11657
f 11657 11605 11604
f 11604 11605 11601
f 2675 2632 2631
f 11598 11601 11600
f 2769 7436 7439
f 11589 11590 5856
f 5856 11590 5815
f 7439 7436 7396
f 6600 6603 6599
f 7114 7214 7099
f 375 240 241
f 6688 6759 6905
f 6759 6758 6905
f 9101 9169 9170
f 7145 7213 7171
f 1200 1201 1195
f 1189 1191 1192
f 7240 7275 3555
f 3330 3331 3300
f 1186 1182 1184
f 3300 3331 3004
f 3004 3244 3269
f 1292 1287 1109
f 3289 3299 3320
f 3293 3294 3315
f 3315 3294 3324
f 3363 3360 3365
f 3365 3360 3366
f 3366 3360 3358
f 3366 3358 3368
f 2032 2043 2033
f 3369 3368 3370
f 3842 8749 8751
f 8751 8749 8738
f 11728 11682 11685
f 11685 11684 11648
f 11601 11598 11604
f 2674 2675 2631
f 2631 2633 2634
f 11586 11600 11589
f 11584 11589 5856
f 5856 5815 5830
f 906 1003 696
f 411 412 409
f 406 414 405
f 6833 6831 6828
f 6828 6830 6823
f 6688 6905 6822
f 231 224 67
f 6905 6758 6841
f 6758 6782 6841
f 6841 6782 6992
f 6992 6782 6781
f 70 73 74
f 73 237 238
f 238 239 382
f 7171 7213 7216
f 3581 3555 3494
f 1186 1183 1182
f 3245 3244 3243
f 1292 1185 1287
f 3268 3242 3216
f 3290 3289 3320
f 3316 3317 3293
f 3324 3343 3345
f 3371 3370 3372
f 3372 3713 3606
f 3713 3842 3753
f 3753 3842 3884
f 3884 3842 8751
f 2707 2729 2675
f 2707 2675 2692
f 2692 2675 2674
f 2633 2689 2688
f 11598 11600 11586
f 2688 2689 2762
f 2762 2689 2769
f 11586 11589 11584
f 2762 2769 7446
f 7446 2769 7439
f 7439 7396 7397
f 5825 5830 5819
f 5819 5810 5823
f 5823 5810 5817
f 8873 8874 906
f 429 430 428
f 7232 6599 6638
f 424 425 412
f 409 414 406
f 6821 6688 6822
f 6822 6905 6837
f 7171 7144 7145
f 7242 7240 3555
f 3410 3336 3332
f 3300 3004 3269
f 3267 3242 3268
f 1108 1107 11899
f 3316 3293 3315
f 3366 3368 3369
f 3606 3713 3753
f 2065 2066 2104
f 2065 2104 2106
f 8751 8738 8752
f 8752 8738 2381
f 11765 11763 11728
f 11812 11763 11794
f 11794 11763 11765
f 11603 11604 11598
f 2634 2633 2688
f 5856 5830 10161
f 7440 7439 7397
f 5825 5819 5823
f 7397 6334 6333
f 6334 6320 6265
f 5827 5823 5817
f 438 437 434
f 6597 6600 6599
f 428 427 426
f 427 425 426
f 7232 6638 7114
f 6959 7099 6962
f 6962 6961 6960
f 399 375 241
f 6823 6678 6821
f 394 230 229
f 229 231 392
f 6992 6781 7120
f 6781 7144 7120
f 7120 7144 7171
f 7213 7242 7216
f 1187 1192 1191
f 7242 3555 3581
f 1187 1191 1183
f 1187 1183 1186
f 3494 3410 3332
f 1198 1186 1295
f 3332 3336 3330
f 3332 3330 3329
f 3329 3330 3300
f 3269 3244 3245
f 3243 3242 3267
f 1117 1292 1109
f 1110 1109 1108
f 3281 3268 3280
f 11905 1108 11899
f 11905 11904 11910
f 3280 3289 3290
f 11903 11960 11962
f 11910 11903 11962
f 1948 1965 1963
f 3316 3318 3317
f 3315 3324 3345
f 3343 3344 3355
f 3400 3364 3362
f 3362 3363 3400
f 2041 2042 2063
f 3373 3372 3606
f 3753 3884 3877
f 3884 8751 8752
f 2179 2104 2181
f 11603 11598 11597
f 2674 2631 2643
f 11597 11598 11586
f 11586 11584 11583
f 11583 11584 5856
f 11583 5856 10163
f 7446 7439 7440
f 10163 5856 10161
f 7440 7397 7398
f 10166 5830 5831
f 6333 6334 6265
f 696 583 582
f 582 583 437
f 429 428 426
f 426 425 424
f 412 411 413
f 7114 7099 6959
f 6959 6962 6960
f 376 375 399
f 234 230 394
f 388 231 67
f 74 73 238
f 7184 7171 7216
f 1294 1295 1186
f 1294 1186 1184
f 1184 1185 1292
f 1117 1109 1112
f 1112 1109 1110
f 3291 3280 3290
f 3290 3320 3321
f 3319 3320 3318
f 3319 3318 3316
f 3400 3363 3365
f 3371 3372 3373
f 3877 3884 8752
f 11648 11657 11661
f 2537 2497 11812
f 2537 11812 11794
f 11597 11586 11595
f 11595 11586 11591
f 11591 11586 11583
f 7398 7397 6333
f 5831 5825 5823
f 5831 5823 5843
f 5843 5823 5827
f 6598 6600 6597
f 410 411 409
f 407 406 405
f 405 403 404
f 404 403 402
f 399 241 398
f 398 241 234
f 6824 6821 6822
f 392 231 388
f 6837 6905 6841
f 68 69 387
f 366 69 70
f 70 74 365
f 382 779 959
f 7216 7242 7279
f 7279 7242 3581
f 1187 1186 1198
f 1294 1184 1293
f 1293 1184 1292
f 3267 3268 3288
f 1110 1108 1111
f 1111 1108 11905
f 3281 3280 3291
f 3345 3343 3355
f 3394 3366 3369
f 3606 3753 3735
f 3753 3877 3735
f 8754 3877 8752
f 8754 8752 8753
f 8753 8752 2381
f 11604 11603 11658
f 2631 2634 2635
f 2643 2631 2635
f 2634 2688 2690
f 2496 2497 2537
f 2757 2707 2692
f 2690 2688 2762
f 2690 2762 2763
f 11583 10163 11582
f 10164 10163 10162
f 7398 6333 7401
f 1046 906 607
f 607 906 696
f 582 437 438
f 438 434 435
f 435 434 432
f 432 429 433
f 433 429 426
f 7232 7114 7088
f 7088 7114 6959
f 424 412 413
f 410 409 408
f 408 409 406
f 405 404 407
f 402 403 376
f 6960 6961 6833
f 401 376 400
f 6833 6828 6827
f 6834 6833 6827
f 6827 6828 6823
f 398 234 394
f 394 229 393
f 393 229 392
f 388 67 68
f 387 69 366
f 959 963 961
f 961 963 1410
f 1200 1195 1199
f 1195 1192 1194
f 1194 1192 1187
f 3292 3269 3245
f 1292 1117 1123
f 3321 3320 3322
f 3322 3320 3319
f 1962 1966 1967
f 3315 3345 3378
f 3364 3400 3472
f 3367 3400 3365
f 3735 3877 3841
f 3841 3877 8754
f 2267 8753 2381
f 2267 2381 2232
f 11661 11657 11658
f 11657 11604 11658
f 2674 2643 2647
f 2635 2634 2690
f 2763 2762 7446
f 7440 7398 7411
f 7411 7398 7404
f 7404 7398 7401
f 7401 6333 6316
f 6316 6333 6265
f 435 432 436
f 451 426 424
f 413 411 410
f 6960 6833 6834
f 376 399 400
f 6824 6822 6836
f 6836 6822 6837
f 7120 7171 7152
f 365 74 242
f 7152 7171 7172
f 7172 7171 7184
f 74 238 242
f 961 1410 1305
f 1305 1410 1200
f 724 382 960
f 960 382 959
f 3581 3494 3562
f 3494 3332 3405
f 3405 3332 3404
f 3404 3332 3329
f 1297 1198 1295
f 3328 3329 3300
f 3292 3300 3269
f 3292 3245 3286
f 3286 3245 3243
f 3286 3243 3287
f 3287 3243 3267
f 3287 3267 3288
f 3325 3281 3291
f 3291 3290 3335
f 3378 3316 3315
f 3355 3364 3472
f 3371 3373 3391
f 3612 3606 3735
f 3751 3735 3841
f 8754 8753 8755
f 8755 8753 2267
f 11794 11765 11792
f 11658 11603 11597
f 2647 2643 2635
f 2693 2692 2674
f 11592 11591 11583
f 11583 11582 11587
f 11587 11582 11585
f 11582 10164 11580
f 7446 7440 7447
f 11580 10164 10165
f 7447 7440 7411
f 5831 5843 5849
f 5850 5827 5846
f 433 426 453
f 453 426 451
f 6599 7232 7233
f 7232 7088 7087
f 452 424 413
f 7088 6959 6983
f 406 407 408
f 6976 6960 6834
f 402 376 401
f 6823 6821 6824
f 388 68 389
f 6840 6841 6992
f 70 365 366
f 238 382 381
f 242 238 381
f 381 382 724
f 1305 1200 1199
f 1199 1195 1194
f 1197 1187 1198
f 3562 3494 3405
f 9301 9303 2148
f 1325 1295 1294
f 3328 3300 3292
f 1325 1294 1326
f 1326 1294 1293
f 1123 1293 1292
f 3314 3288 3268
f 3314 3268 3281
f 3314 3281 3325
f 3335 3290 3321
f 3378 3345 3411
f 3411 3345 3355
f 3411 3355 3472
f 3472 3400 3414
f 3414 3400 3367
f 3365 3366 3367
f 3395 3366 3394
f 3391 3606 3612
f 3612 3735 3751
f 3751 3841 3879
f 3879 3841 8754
f 3879 8754 8755
f 11792 11765 11737
f 2533 2537 11794
f 11597 11595 11599
f 2693 2674 2647
f 11596 11595 11591
f 11596 11591 11592
f 11592 11583 11587
f 2763 7446 7447
f 11580 10165 10171
f 7450 7447 7411
f 5852 5849 10178
f 7401 6316 6340
f 5850 5846 6015
f 607 696 582
f 6594 6599 7233
f 451 424 452
f 7233 7232 7087
f 7087 7088 6983
f 6959 6960 6958
f 6958 6960 6976
f 394 393 395
f 6837 6841 6840
f 6840 6992 7121
f 7121 6992 7120
f 7184 7216 7230
f 7172 7184 7230
f 7273 7216 7279
f 3633 3581 3562
f 1123 1117 1114
f 1114 1117 1112
f 1112 1110 1113
f 1113 1110 1111
f 3319 3316 3339
f 3369 3371 3393
f 3393 3371 3392
f 11805 11794 11792
f 11663 11658 11597
f 2647 2635 2653
f 11663 11597 11599
f 2653 2635 2690
f 2757 2692 2728
f 11587 11585 11588
f 11585 11580 11581
f 11585 11581 11815
f 11577 6411 6410
f 7450 7411 7423
f 7423 7411 7404
f 7423 7404 7424
f 10169 10177 10176
f 436 432 433
f 6957 6983 6959
f 400 399 397
f 6827 6823 6825
f 6825 6823 6824
f 393 392 391
f 392 388 391
f 389 68 390
f 390 68 387
f 365 242 383
f 1305 1199 1304
f 1194 1187 1196
f 1196 1187 1197
f 1296 1197 1198
f 3404 3329 3403
f 3403 3329 3328
f 3379 3292 3286
f 1328 1326 1293
f 1328 1293 1123
f 3287 3288 3387
f 1122 1123 1114
f 1114 1112 1113
f 3291 3335 3327
f 3339 3316 3378
f 3473 3411 3472
f 3367 3366 3395
f 3394 3369 3393
f 3392 3371 3391
f 8757 3879 8755
f 8757 8755 8756
f 11737 11728 11685
f 11737 11685 11686
f 11685 11648 11673
f 11673 11648 11661
f 11662 11661 11658
f 2693 2647 2686
f 2686 2647 2653
f 2533 11794 11805
f 11599 11595 11596
f 2653 2690 2714
f 11594 11592 11593
f 2714 2690 2763
f 2714 2763 2765
f 11593 11592 11587
f 11593 11587 11588
f 2765 2763 7447
f 2765 7447 7450
f 11815 11581 11577
f 11815 11577 11807
f 11807 11577 6410
f 7424 6340 6363
f 6363 6340 6307
f 439 438 435
f 439 435 441
f 441 435 436
f 436 433 442
f 442 433 453
f 6592 6594 6584
f 6584 6594 7233
f 452 413 476
f 6835 6834 6827
f 6829 6827 6825
f 397 399 398
f 397 398 394
f 397 394 396
f 396 394 395
f 391 388 389
f 7121 7120 7152
f 961 1305 1346
f 7230 7216 7273
f 1297 1296 1198
f 3562 3405 3507
f 3507 3405 3404
f 1325 1297 1295
f 1325 1326 1350
f 1981 1980 1979
f 1328 1123 1122
f 3385 3288 3314
f 3385 3314 3325
f 11908 1113 1111
f 11908 11963 11966
f 3327 3335 3334
f 3334 3335 3321
f 3334 3321 3322
f 3339 3322 3319
f 3339 3378 3409
f 2036 2035 2050
f 3367 3395 3396
f 3395 3394 3397
f 3397 3394 3393
f 3751 3879 8757
f 11673 11661 11662
f 11662 11658 11663
f 11663 11599 11664
f 2736 2693 2686
f 2704 2686 2653
f 2728 2693 2736
f 11596 11592 11594
f 2758 2757 2728
f 2477 2473 2496
f 11593 11588 11773
f 11773 11588 11815
f 11806 6410 2758
f 2758 6410 2757
f 11807 6410 11806
f 7453 7450 7423
f 8449 7423 7454
f 7423 7424 7454
f 7454 7424 6363
f 6206 5850 6017
f 607 582 496
f 582 438 496
f 496 438 439
f 441 436 442
f 453 451 471
f 471 451 452
f 6581 6584 7233
f 6581 7233 7089
f 7089 7233 7087
f 7089 7087 6982
f 7087 6983 6982
f 410 408 499
f 499 408 407
f 6824 6836 6909
f 6909 6836 6939
f 6836 6837 6840
f 383 242 381
f 7220 7172 7230
f 1199 1194 1202
f 7279 3633 3673
f 3507 3404 3406
f 3406 3404 3403
f 3403 3328 3292
f 3379 3286 3354
f 3354 3286 3287
f 3354 3287 3388
f 3287 3387 3388
f 1328 1122 1352
f 1352 1122 1116
f 3387 3288 3385
f 1116 1122 1114
f 3385 3325 3384
f 1115 1113 1120
f 11909 11908 11966
f 3334 3322 3340
f 3409 3378 3500
f 3401 3414 3367
f 3399 3393 3392
f 3391 3612 3486
f 3612 3751 3486
f 3486 3751 3787
f 3787 3751 8757
f 8757 8756 2292
f 11686 11685 11673
f 11664 11599 11687
f 2736 2686 2746
f 2704 2653 2726
f 2726 2653 2714
f 2726 2714 2740
f 11772 11594 11593
f 11772 11593 11773
f 2740 2714 2765
f 2477 2496 2528
f 11773 11815 11807
f 11807 11806 11785
f 11785 11806 2758
f 2740 2765 7453
f 8435 7454 6363
f 6213 6307 5963
f 591 607 496
f 558 442 453
f 6981 7089 6982
f 6957 6959 6958
f 6958 6976 6977
f 6977 6976 6834
f 6952 6834 6835
f 6939 6836 6840
f 365 383 470
f 7152 7172 7220
f 1202 1194 1196
f 7273 7279 3673
f 1196 1197 1296
f 3633 3562 3507
f 1329 1297 1325
f 1343 1325 1350
f 3403 3292 3379
f 1363 1350 1326
f 1363 1326 1328
f 3387 3385 3386
f 1116 1114 1115
f 1114 1113 1115
f 1113 11908 11909
f 3326 3291 3327
f 3340 3322 3339
f 3396 3395 3397
f 2265 2174 2266
f 8758 8757 2292
f 11662 11663 11664
f 2686 2704 2747
f 2746 2686 2747
f 2747 2704 2748
f 11805 11792 11737
f 2704 2726 2748
f 11599 11596 11602
f 2756 2728 2736
f 2726 2740 2752
f 11773 11807 11778
f 11778 11807 11785
f 2752 2740 8449
f 8449 8436 8442
f 1047 1046 607
f 558 453 472
f 6580 6581 7089
f 6579 6580 7089
f 6579 7089 6981
f 6982 6983 6957
f 6952 6977 6834
f 6835 6827 6829
f 391 389 521
f 387 366 523
f 366 365 470
f 523 366 470
f 7152 7220 7218
f 960 961 962
f 962 961 1346
f 488 381 724
f 488 724 960
f 1304 1199 1202
f 1379 1363 1328
f 1379 1328 1378
f 3380 3379 3354
f 1378 1328 1352
f 3354 3388 3389
f 1378 1352 1121
f 1121 1352 1116
f 3386 3385 3384
f 3326 3325 3291
f 1120 1113 11909
f 3327 3334 3383
f 3500 3411 3522
f 3397 3393 3398
f 3402 3486 3604
f 2078 2100 2173
f 3486 3787 3788
f 3788 3787 3853
f 3853 3787 8757
f 3853 8757 8758
f 11686 11673 11662
f 11687 11599 11602
f 2752 2748 2726
f 2536 2533 11805
f 11596 11594 11602
f 11742 11772 11773
f 11742 11773 11778
f 8456 8449 8442
f 8442 8436 8440
f 8440 8436 8430
f 590 439 441
f 441 442 558
f 568 441 558
f 6575 6579 6981
f 6575 6981 7256
f 6955 6957 6958
f 401 400 549
f 400 397 535
f 532 397 396
f 396 395 497
f 497 393 391
f 389 390 522
f 7167 6840 7121
f 387 523 524
f 7167 7121 7152
f 469 383 381
f 469 381 488
f 1304 1202 1306
f 1329 1296 1297
f 3381 3403 3379
f 3381 3379 3380
f 1121 1116 1118
f 1116 1115 1118
f 1118 1115 1119
f 3384 3325 3326
f 1119 1115 1120
f 3383 3334 3340
f 3340 3339 3474
f 3537 3339 3409
f 3409 3500 3523
f 3523 3500 3522
f 3396 3401 3367
f 3399 3392 3402
f 8765 3853 8758
f 2747 2748 2777
f 2777 2748 8461
f 2746 2747 2777
f 2774 2746 2777
f 2748 2752 8461
f 2536 11805 11803
f 11602 11594 11733
f 11594 11772 11733
f 11733 11772 11742
f 2756 2736 2766
f 8056 2752 8456
f 11742 11778 11757
f 11757 11778 11785
f 11757 11785 11769
f 11785 2758 2756
f 11769 11785 2756
f 8448 8442 8440
f 1047 607 841
f 496 439 590
f 410 499 500
f 549 400 535
f 6829 6825 6826
f 6825 6824 6826
f 395 393 497
f 6909 6939 6838
f 497 391 521
f 7124 6840 7167
f 521 389 522
f 522 390 524
f 390 387 524
f 470 383 469
f 488 960 992
f 7220 7230 7257
f 7230 7273 7257
f 1202 1196 1303
f 3632 3673 3633
f 3545 3633 3507
f 1343 1329 1325
f 3380 3354 3389
f 1403 1378 1121
f 1403 1121 1404
f 1404 1121 1118
f 1119 1120 9877
f 1120 11909 9710
f 9877 1120 9710
f 3326 3327 3382
f 3474 3339 3537
f 3522 3411 3473
f 3472 3414 3476
f 3476 3414 3401
f 3398 3396 3397
f 3402 3604 3544
f 3604 3486 3605
f 3789 3788 3853
f 3789 3853 3854
f 3854 3853 8765
f 8758 2292 2326
f 2778 2777 8463
f 8463 2777 8461
f 11737 11686 11751
f 11751 11686 11710
f 11692 11686 11662
f 11692 11662 11664
f 8461 2752 8460
f 11803 11805 11737
f 11803 11737 11751
f 11664 11687 11691
f 11769 2756 2766
f 2499 2528 2536
f 8457 8442 8448
f 8439 8428 8427
f 8428 8412 8427
f 841 607 591
f 472 453 471
f 471 452 474
f 474 452 475
f 7256 6981 6980
f 6981 6982 6979
f 6980 6981 6979
f 487 476 413
f 6979 6982 6957
f 551 407 404
f 404 402 548
f 548 402 401
f 6952 6835 6943
f 6943 6835 6829
f 6826 6824 6838
f 6824 6909 6838
f 530 396 497
f 524 523 525
f 7169 7152 7218
f 523 470 525
f 1305 1304 1306
f 1346 1305 1306
f 7273 3673 7287
f 7287 3673 3632
f 1330 1296 1329
f 3632 3633 3545
f 3539 3507 3406
f 3539 3406 3403
f 1364 1343 1350
f 1364 1350 1363
f 1400 1379 1378
f 1400 1378 1402
f 1402 1378 1403
f 3389 3388 3390
f 3390 3388 3387
f 1581 1403 1404
f 1404 1118 1435
f 1435 1118 9747
f 9712 1119 9877
f 3327 3383 3382
f 3383 3340 3474
f 3537 3409 3538
f 3538 3409 3523
f 3473 3472 3476
f 3401 3396 3475
f 3544 3399 3402
f 3544 3604 3605
f 3605 3486 3681
f 3486 3788 3789
f 3681 3486 3789
f 8765 8758 2384
f 8463 8461 8462
f 8462 8461 8460
f 11710 11686 11692
f 11691 11687 11694
f 11687 11602 11694
f 11694 11602 11733
f 2572 2536 11803
f 11694 11733 11742
f 11694 11742 11726
f 11726 11742 11757
f 11769 2766 11771
f 8457 8448 8455
f 8439 8433 8451
f 8433 8410 8438
f 572 591 496
f 590 441 569
f 569 441 568
f 568 558 478
f 478 558 472
f 473 471 474
f 452 476 475
f 475 476 487
f 487 413 500
f 413 410 500
f 6950 6955 6958
f 6950 6958 6977
f 499 407 551
f 6950 6977 6952
f 6950 6952 6943
f 533 397 532
f 6838 6939 6940
f 526 522 524
f 526 524 525
f 7234 7218 7220
f 531 470 469
f 1368 1346 1347
f 1347 1346 1306
f 469 488 645
f 1303 1196 1296
f 1329 1343 1361
f 3545 3507 3539
f 1361 1343 1364
f 3506 3403 3381
f 1581 1404 9872
f 9747 9712 9746
f 3451 3384 3326
f 3525 3473 3476
f 3476 3401 3475
f 3454 3396 3398
f 3398 3399 3530
f 3530 3399 3544
f 8768 3854 8765
f 2781 8463 8462
f 8462 8460 8054
f 8054 8460 8459
f 2775 2774 2780
f 11738 11710 11692
f 2766 2774 2775
f 11771 2766 2776
f 8055 8056 8059
f 11726 11757 11743
f 11743 11757 11769
f 11743 11769 11771
f 8059 8056 8456
f 8059 8456 8470
f 8470 8456 8457
f 8470 8457 8469
f 2523 2499 2536
f 8469 8457 8455
f 8451 8445 8458
f 8445 8433 8438
f 929 841 639
f 639 841 591
f 496 590 572
f 572 590 569
f 536 568 478
f 472 471 473
f 548 401 549
f 6943 6829 6826
f 535 397 534
f 6826 6838 6839
f 532 396 530
f 497 521 528
f 521 522 527
f 7124 7167 7168
f 7168 7167 7169
f 7169 7218 7234
f 962 1346 993
f 993 1346 1368
f 7235 7220 7257
f 1306 1202 1303
f 7257 7273 7287
f 1303 1296 1330
f 1330 1329 1362
f 1362 1329 1361
f 3539 3403 3506
f 3506 3381 3502
f 1380 1363 1379
f 1401 1379 1400
f 3502 3381 3501
f 3501 3381 3380
f 3380 3389 3499
f 1402 1403 1582
f 1582 1403 1581
f 3498 3389 3390
f 3386 3384 3450
f 3451 3326 3382
f 3382 3383 3533
f 3523 3522 3524
f 3525 3476 3527
f 3475 3396 3454
f 3771 3789 3854
f 3771 3854 3892
f 3892 3854 8768
f 2782 2781 8464
f 8464 8462 9570
f 9570 8462 8054
f 8054 8459 8052
f 11751 11710 11738
f 11803 11751 11791
f 11791 11751 11738
f 11738 11692 11740
f 11740 11692 11691
f 11740 11691 11724
f 11724 11691 11723
f 11691 11694 11723
f 8469 8455 8468
f 8468 8455 8451
f 8468 8451 8458
f 8458 8445 8450
f 8445 8438 8450
f 8438 8417 8443
f 569 568 538
f 538 568 536
f 6571 6575 7256
f 6979 6957 6956
f 500 499 552
f 534 397 533
f 533 532 530
f 530 497 529
f 529 497 528
f 7111 6940 7124
f 528 521 527
f 9182 9173 9192
f 527 522 526
f 525 470 531
f 7234 7220 7235
f 605 469 645
f 7287 3632 3678
f 3678 3632 3589
f 3589 3632 3545
f 1383 1364 1363
f 1383 1363 1380
f 1380 1379 1401
f 3501 3380 3499
f 1428 1400 1402
f 9879 1402 1582
f 3499 3389 3498
f 1581 9872 9870
f 9870 1435 9864
f 3450 3384 3451
f 9711 9710 9713
f 3383 3474 3533
f 3474 3537 3538
f 3454 3398 3529
f 3529 3398 3530
f 3681 3789 3771
f 3892 8768 8766
f 8766 8768 8765
f 8766 8765 2384
f 2782 8464 9600
f 2785 2780 2783
f 11741 11738 11740
f 2561 2572 11803
f 2561 11803 11791
f 2561 11791 4825
f 11723 11694 11725
f 11725 11694 11726
f 11725 11726 11743
f 8055 8059 8057
f 8057 8059 8470
f 8057 8470 8480
f 8480 8470 8469
f 2523 2561 2566
f 8469 8468 8479
f 8479 8468 8474
f 8474 8468 8458
f 8458 8450 8465
f 8465 8450 8443
f 8443 8441 8444
f 8444 8441 8423
f 5993 5998 5997
f 478 472 473
f 7256 6980 6571
f 6571 6980 6984
f 6980 6979 6956
f 6984 6980 6956
f 475 487 477
f 6956 6957 6955
f 6953 6955 6950
f 6953 6950 6946
f 6946 6950 6943
f 6943 6826 6942
f 6942 6826 6839
f 6839 6838 6940
f 7111 7124 7174
f 7174 7124 7168
f 617 525 647
f 647 525 531
f 531 469 605
f 1000 992 994
f 994 992 993
f 1347 1306 1307
f 1307 1306 1303
f 1307 1303 1337
f 3589 3545 3539
f 1420 1380 1401
f 1401 1400 1428
f 9879 1582 1574
f 1574 1582 1581
f 1574 1581 9870
f 3390 3387 3386
f 9866 9864 9849
f 3514 3451 3382
f 9717 9711 9716
f 9716 9711 9715
f 3527 3476 3526
f 3476 3475 3526
f 3526 3454 3529
f 3599 3544 3605
f 8766 2384 2399
f 9567 8050 8036
f 8050 9567 8039
f 8039 8044 8032
f 8044 8052 8032
f 8032 8052 8051
f 8052 8055 8051
f 11774 11738 11741
f 11758 11740 11724
f 2787 2776 2779
f 8051 8055 8057
f 11791 11738 11774
f 11724 11723 11745
f 11745 11723 11725
f 11725 11743 11744
f 11743 11771 11744
f 11771 2776 2787
f 11744 11771 2787
f 2566 2561 4825
f 8480 8469 8481
f 8481 8469 8479
f 8473 8465 8466
f 8466 8465 8443
f 8466 8443 8454
f 8454 8444 8452
f 8452 8444 8432
f 8426 8418 8422
f 591 572 573
f 540 569 538
f 477 487 542
f 542 487 500
f 551 404 548
f 6946 6943 6944
f 617 526 525
f 647 531 649
f 531 605 648
f 7257 7287 3697
f 3697 7287 3678
f 1337 1303 1344
f 1344 1303 1330
f 3678 3589 3674
f 1362 1361 1382
f 1382 1361 1364
f 1382 1364 1383
f 1398 1383 1380
f 1420 1401 1428
f 1428 9879 1574
f 3390 3386 3497
f 3511 3386 3450
f 9871 9864 9866
f 3535 3474 3538
f 3524 3522 3525
f 3528 3525 3527
f 3475 3454 3526
f 3588 3529 3530
f 3598 3530 3544
f 3605 3681 3679
f 3679 3681 3771
f 3775 3892 3893
f 3893 3892 8766
f 9558 9560 9559
f 9631 9630 9572
f 8036 8039 8033
f 8033 8039 8029
f 8029 8032 8030
f 8030 8032 8051
f 4825 11791 11774
f 11774 11741 11783
f 11741 11740 11783
f 11783 11740 11784
f 11784 11740 11758
f 11758 11724 11745
f 2566 4825 4675
f 11745 11725 11770
f 8481 8479 8488
f 8479 8474 8488
f 8488 8474 8487
f 8474 8473 8487
f 8487 8473 8482
f 8482 8473 8466
f 8482 8466 8476
f 8476 8466 8454
f 8476 8454 8471
f 8471 8454 8452
f 8471 8452 8467
f 8452 8447 8467
f 8447 8426 8434
f 8437 8425 7744
f 8425 8421 7744
f 7744 8421 6374
f 639 591 636
f 636 591 573
f 573 572 540
f 572 569 540
f 500 552 542
f 552 499 551
f 6944 6943 6942
f 6942 6839 6989
f 616 527 618
f 527 526 618
f 618 526 617
f 7168 7169 7234
f 649 531 648
f 7235 7257 7243
f 995 994 993
f 1388 993 1368
f 605 645 1000
f 1388 1368 1347
f 1347 1307 1351
f 1307 1337 1351
f 3697 3678 3674
f 1330 1362 1370
f 3600 3589 3539
f 3600 3539 3506
f 1409 1382 1383
f 1409 1383 1398
f 1398 1380 1420
f 3536 3499 3498
f 3498 3390 3497
f 1566 9870 9880
f 9880 9870 9871
f 3497 3386 3511
f 9871 9866 9873
f 3513 3450 3451
f 3513 3451 3514
f 3514 3382 3531
f 9751 9744 9729
f 3533 3474 3535
f 3535 3538 3523
f 3535 3523 3534
f 3588 3526 3529
f 3588 3530 3593
f 3593 3530 3598
f 3598 3544 3599
f 3679 3599 3605
f 3679 3771 3775
f 3893 8766 8767
f 8767 8766 2399
f 8042 8040 8041
f 8038 8037 8025
f 8025 8037 8026
f 8037 8036 8026
f 8026 8029 8028
f 8029 8030 8028
f 8028 8030 8031
f 8030 8051 8035
f 8051 8057 8058
f 8035 8051 8058
f 4827 4825 11774
f 4827 11774 11783
f 8058 8057 8060
f 8057 8480 8060
f 11783 11784 4800
f 11793 11758 11745
f 11793 11745 4819
f 4819 11745 11770
f 11725 11744 11770
f 8060 8480 8489
f 2547 2566 4675
f 8489 8480 8481
f 8489 8481 8490
f 8490 8481 8491
f 8491 8481 8488
f 8491 8488 4849
f 4849 8488 8487
f 4666 2551 2547
f 8482 8476 8483
f 8483 8476 8471
f 8483 8471 8484
f 8484 8471 8478
f 8478 8471 8467
f 8478 8467 8472
f 8472 8467 8447
f 8472 8447 8453
f 2564 4712 4659
f 8446 8437 7742
f 7742 8437 7744
f 6175 6249 6280
f 7744 6374 7742
f 7742 6374 7738
f 6148 6121 6147
f 7738 6374 6349
f 6946 6944 6947
f 549 535 550
f 535 534 550
f 6989 6839 7112
f 6839 6940 7111
f 7112 6839 7111
f 7234 7235 7243
f 7236 7234 7243
f 649 648 650
f 995 993 1419
f 993 1388 1419
f 648 605 1000
f 1377 1347 1351
f 1344 1330 1370
f 1370 1362 1386
f 1386 1362 1382
f 1408 1382 1409
f 2164 2231 2149
f 3504 3506 3502
f 3501 3499 3503
f 1574 1570 1568
f 1570 1574 1566
f 3511 3450 3512
f 9854 9856 9869
f 3534 3523 3524
f 3613 3526 3588
f 3857 3775 3893
f 8767 2399 2367
f 8048 8046 8047
f 8047 8046 8041
f 8034 8025 8027
f 8025 8026 8027
f 8027 8026 8028
f 7504 9597 9598
f 8031 8030 8035
f 11744 2787 2788
f 4742 4825 4827
f 4742 4827 4757
f 4827 11783 4757
f 4757 11783 4800
f 11784 11758 11793
f 4800 11784 11793
f 4800 11793 4801
f 4801 11793 4819
f 4834 11770 11744
f 4834 11744 7506
f 8490 8491 10391
f 10391 8491 4849
f 4666 2547 4675
f 4849 8487 4852
f 8487 8482 4852
f 8482 8483 4852
f 4852 8483 8484
f 8484 8478 8485
f 8485 8478 8472
f 8485 8472 8477
f 8472 8453 8477
f 4712 4666 4630
f 4712 4630 4659
f 8453 8446 7745
f 7745 8446 7743
f 8446 7742 7743
f 6282 4652 4802
f 7743 7742 7737
f 7737 7742 7738
f 7738 6349 7741
f 7741 6349 6238
f 638 929 639
f 489 536 478
f 6571 6984 6567
f 474 475 477
f 6567 6984 6956
f 6953 6946 6947
f 6988 6942 6989
f 533 530 629
f 629 530 529
f 615 529 528
f 615 528 616
f 616 528 527
f 7168 7234 7236
f 650 648 651
f 1000 994 996
f 996 994 995
f 996 995 997
f 1001 648 1000
f 1001 1000 996
f 1388 1347 1377
f 1351 1337 1360
f 1360 1337 1345
f 1345 1337 1344
f 3674 3589 3601
f 3601 3589 3600
f 1386 1382 1408
f 2261 2337 2302
f 1408 1409 1436
f 3547 3600 3506
f 1409 1420 1575
f 1573 1420 1428
f 3504 3502 3501
f 1573 1428 1574
f 1566 9880 1569
f 9880 9871 1569
f 1569 9871 1584
f 9871 9873 1584
f 9873 9854 9869
f 9869 9856 9863
f 3532 3514 3531
f 9856 9808 9863
f 9808 9857 9863
f 3531 3533 3554
f 9857 9815 9868
f 3554 3533 3535
f 9373 9360 9350
f 3527 3526 3613
f 9853 9816 9844
f 3676 3588 3593
f 3599 3679 3732
f 3732 3679 3733
f 3733 3679 3775
f 3857 3893 8767
f 2367 2416 8767
f 9634 9524 9633
f 9520 9523 9521
f 9624 9636 9633
f 9540 9546 9595
f 10347 9540 9595
f 10345 9548 10352
f 9548 8053 10352
f 10352 8053 10355
f 8053 8048 10355
f 10355 8048 8047
f 10372 8027 8028
f 10372 8028 10378
f 10386 8028 8031
f 10386 8031 8035
f 8035 8058 10385
f 10390 8060 8489
f 4675 4742 4622
f 4742 4757 4621
f 4622 4742 4621
f 4757 4800 4617
f 4800 4801 4617
f 4801 4819 4625
f 4819 11770 4821
f 4821 11770 4834
f 10390 8489 8490
f 10391 4849 4778
f 4778 4849 4808
f 4808 4849 4809
f 4849 4852 4809
f 4675 4622 4666
f 4666 4622 4623
f 4844 4852 4854
f 4852 8484 4854
f 4630 4666 4623
f 4854 8484 4855
f 4855 8484 8485
f 8485 8477 4855
f 8477 8453 7745
f 4659 4630 4626
f 4659 4626 4652
f 4652 4626 4627
f 4798 4799 6257
f 4812 6257 4799
f 6167 4812 6290
f 538 536 537
f 479 478 473
f 6956 6955 6954
f 6954 6955 6953
f 6948 6947 6944
f 548 549 600
f 600 549 550
f 609 550 534
f 534 533 609
f 533 629 628
f 7112 7111 7149
f 629 529 615
f 7149 7111 7174
f 7174 7168 7225
f 616 618 634
f 634 618 635
f 635 618 617
f 617 647 686
f 686 647 687
f 687 647 649
f 687 649 650
f 7243 3697 3743
f 997 995 1419
f 1377 1351 1360
f 1345 1344 1370
f 3743 3697 3674
f 1407 1386 1408
f 1575 1436 1409
f 1575 1420 1519
f 1519 1420 1573
f 1573 1574 1568
f 1566 1569 1567
f 3536 3498 3497
f 3567 3497 3511
f 1584 9873 9878
f 3512 3450 3513
f 9878 9873 9869
f 3513 3514 3532
f 9884 9869 9863
f 9863 9857 9868
f 9851 9807 9874
f 3534 3524 3607
f 3607 3524 3528
f 9344 9376 9352
f 3527 3613 3661
f 10097 9853 9344
f 3613 3588 3662
f 3598 3676 3593
f 3598 3599 3731
f 3731 3599 3732
f 3733 3775 3807
f 3857 8767 8769
f 8769 8767 2416
f 9508 9517 10140
f 9517 9525 10139
f 10140 9517 10139
f 9525 9577 10139
f 10139 9577 9588
f 9588 9589 10347
f 10342 10347 9595
f 10345 10352 10351
f 10352 10355 10351
f 10356 10355 8047
f 10356 8047 10363
f 10363 8047 8041
f 10363 8041 10365
f 8041 8034 10365
f 10372 8034 8027
f 10378 8028 10386
f 10386 8035 10387
f 10387 8035 10385
f 10389 10385 8058
f 10389 8058 8060
f 10389 8060 10390
f 4613 4821 4629
f 4629 4821 4834
f 4629 4834 4790
f 4757 4617 4621
f 4617 4801 4625
f 4625 4819 4613
f 4819 4821 4613
f 4777 10390 8490
f 4620 4622 4621
f 4618 4621 4617
f 4617 4625 4614
f 4614 4625 4613
f 4777 8490 10391
f 4777 10391 4778
f 4623 4622 4620
f 4620 4621 4618
f 4618 4617 4616
f 4616 4617 4614
f 4616 4614 4615
f 4809 4852 4844
f 4623 4620 4619
f 4619 4620 4618
f 4844 4854 4822
f 4854 4855 4822
f 4630 4623 4626
f 4626 4623 4619
f 4855 8477 4851
f 4626 4619 4627
f 4627 4619 4624
f 4627 4624 4637
f 4624 4628 4637
f 4628 4716 4799
f 4799 4716 4698
f 4812 4698 4764
f 7736 7737 7738
f 7736 7738 7739
f 6163 6155 6160
f 7738 7741 7740
f 7739 7738 7740
f 7740 7741 6238
f 639 636 638
f 537 536 489
f 489 478 479
f 473 474 480
f 480 474 492
f 492 474 477
f 547 477 542
f 6986 6956 6954
f 547 542 553
f 553 542 552
f 552 551 602
f 6948 6944 6945
f 601 548 600
f 6944 6942 6945
f 6945 6942 6988
f 600 550 611
f 550 609 610
f 609 533 628
f 7149 7174 7175
f 615 616 633
f 633 616 634
f 7225 7168 7236
f 635 617 686
f 7236 7243 7261
f 7296 7243 3743
f 1001 996 998
f 998 996 997
f 997 1419 1022
f 939 651 1001
f 1388 1377 1023
f 1419 1388 1023
f 1377 1360 1025
f 1345 1370 1381
f 1387 1370 1386
f 1387 1386 1407
f 1423 1408 1436
f 1436 1575 1425
f 3515 3503 3499
f 1564 1570 1566
f 3499 3536 3515
f 1569 1584 1577
f 3512 3513 3532
f 9878 9869 9884
f 3596 3532 3531
f 3596 3531 3597
f 3597 3531 3554
f 9894 9868 9881
f 9881 9851 9882
f 2097 2082 2159
f 3535 3534 3635
f 9859 9772 9867
f 3661 3613 3662
f 9848 9861 10095
f 10095 9861 10096
f 3662 3588 3675
f 3675 3588 3676
f 3715 3676 3598
f 9516 9515 9503
f 9383 9395 9643
f 9385 9392 9395
f 9384 9392 9385
f 9389 9392 9382
f 9504 9505 8661
f 8661 9505 8663
f 8663 9507 10329
f 10329 9507 9508
f 10330 9508 10331
f 9508 10140 10331
f 10140 10139 10340
f 10338 10139 9588
f 10338 9588 10342
f 10342 9588 10347
f 7468 7508 7474
f 10342 9595 10345
f 10351 10355 10356
f 10361 10356 10363
f 10363 10365 10364
f 10365 8034 10372
f 10365 10372 10371
f 10371 10372 10376
f 10376 10372 10378
f 10378 10386 10384
f 10384 10386 10387
f 10385 10389 10388
f 10388 10389 10390
f 10388 10390 4513
f 4629 4790 4638
f 4513 10390 4777
f 4613 4629 4611
f 4611 4629 4638
f 4521 4513 4777
f 4513 4521 4450
f 4614 4613 4610
f 4613 4611 4610
f 4521 4777 4778
f 4521 4778 4533
f 4533 4778 4808
f 4618 4616 4619
f 4615 4614 4610
f 4533 4808 4536
f 4536 4808 4809
f 4536 4809 4772
f 4536 4772 4554
f 4809 4844 4772
f 4844 4822 4772
f 4624 4616 4615
f 4651 4822 4837
f 4822 4855 4851
f 4822 4851 4837
f 4837 4851 4841
f 4851 8477 4841
f 4841 8477 4832
f 4832 8477 7745
f 4624 4615 4610
f 4624 4610 4628
f 4628 4610 4600
f 7745 7743 4842
f 4832 7745 4842
f 4600 4645 4716
f 4716 4645 4557
f 4716 4557 4698
f 4698 4557 4475
f 4698 4475 4483
f 4842 7743 7737
f 4842 7737 7736
f 4764 4483 4632
f 7740 6238 6250
f 637 636 573
f 539 540 538
f 479 473 480
f 6567 6956 6986
f 492 477 547
f 6954 6953 6951
f 6951 6953 6947
f 553 552 602
f 6949 6947 6948
f 602 551 601
f 601 551 548
f 611 550 610
f 6989 7112 7113
f 7113 7112 7117
f 7117 7112 7149
f 629 615 630
f 630 615 633
f 7175 7174 7225
f 7261 7243 7296
f 687 650 832
f 650 651 842
f 842 651 939
f 1022 1419 1023
f 1377 1025 1023
f 1025 1360 1381
f 1381 1360 1345
f 3743 3674 3742
f 3742 3674 3690
f 1381 1370 1387
f 3674 3601 3690
f 1029 1407 1421
f 3602 3601 3600
f 1421 1407 1408
f 1421 1408 1423
f 1423 1436 1425
f 3603 3600 3547
f 3603 3547 3551
f 1425 1575 1519
f 1573 1568 1559
f 3505 3501 3503
f 1568 1570 1564
f 1564 1566 1565
f 1565 1566 1567
f 1567 1569 1572
f 1577 1584 1603
f 3567 3511 3512
f 1584 9878 9886
f 1584 9886 9887
f 9885 9878 9884
f 3554 3535 3636
f 9904 9882 9874
f 3636 3535 3635
f 3635 3534 3607
f 9902 9859 9867
f 3607 3528 3660
f 9876 9862 9860
f 9860 9773 9775
f 9860 9775 7459
f 3660 3528 3659
f 3659 3528 3527
f 2093 2191 2094
f 3527 3661 3659
f 9858 9441 9429
f 9429 9441 9439
f 10090 10095 10092
f 10095 10096 10093
f 10093 10096 9347
f 9347 10096 10097
f 9441 9674 9673
f 9439 9441 9673
f 9673 9674 9499
f 9499 9674 10091
f 9674 9848 10090
f 10091 9674 10090
f 9739 9591 9587
f 3675 3676 3715
f 9533 9532 9536
f 9586 9578 9590
f 3715 3598 3731
f 3731 3732 3763
f 3763 3732 3772
f 3732 3733 3772
f 3772 3807 3858
f 3858 3807 3857
f 3858 3857 8769
f 9384 9385 9380
f 2388 8769 2416
f 9386 9382 9379
f 9388 9389 9386
f 9393 9391 9388
f 8611 9835 8619
f 9641 9638 9396
f 9397 9641 9396
f 8657 8663 10329
f 10330 10329 9508
f 10332 10331 10334
f 9830 9832 9833
f 10331 10140 10334
f 10140 10340 10334
f 9834 9832 8551
f 10338 10340 10139
f 10339 10338 10341
f 9836 8551 8552
f 10338 10342 10341
f 10342 10344 10341
f 10344 10342 10345
f 10344 10345 10351
f 10353 10351 10358
f 10358 10351 10356
f 10358 10356 10361
f 10362 10363 10364
f 10364 10365 10368
f 10368 10365 10371
f 10376 10378 10384
f 10384 10387 10385
f 4583 10384 10385
f 4583 10385 10388
f 4512 4583 10388
f 4583 4512 4404
f 4638 4762 4612
f 4512 10388 4513
f 4406 4512 4513
f 4406 4513 4450
f 4611 4638 4612
f 4611 4612 4599
f 4408 4406 4409
f 4409 4406 4450
f 4610 4611 4599
f 4409 4450 4457
f 4457 4450 4521
f 4457 4521 4533
f 4610 4599 4600
f 4457 4533 4459
f 4459 4533 4536
f 4459 4536 4461
f 4461 4536 4554
f 4554 4772 4525
f 4525 4772 4538
f 4538 4772 4822
f 4599 4589 4600
f 4600 4589 4645
f 4645 4589 4567
f 4462 4408 4409
f 4462 4409 4458
f 4458 4409 4457
f 4458 4457 4459
f 4458 4459 4460
f 4460 4459 4461
f 4461 4554 4478
f 4460 4461 4478
f 4478 4554 4481
f 4481 4554 4525
f 4538 4822 4651
f 4651 4837 4841
f 4651 4841 4699
f 4699 4841 4816
f 4816 4841 4832
f 4832 4842 4833
f 4557 4462 4475
f 4475 4462 4458
f 4475 4458 4460
f 4475 4460 4476
f 4476 4460 4477
f 4460 4478 4477
f 4483 4475 4476
f 4483 4476 4480
f 4480 4476 4477
f 4632 4483 4480
f 4632 4480 4631
f 4631 4480 4537
f 4631 4537 4660
f 4660 4537 4676
f 4676 4537 4568
f 638 636 637
f 539 538 537
f 6576 6567 6986
f 6978 6948 6945
f 601 600 611
f 6988 6989 6990
f 6990 6989 7113
f 628 629 632
f 632 629 631
f 631 629 630
f 7225 7236 7261
f 819 635 686
f 686 687 833
f 7261 7296 7286
f 832 650 843
f 843 650 842
f 998 997 999
f 999 997 1022
f 7296 3743 3742
f 1387 1407 1029
f 1423 1425 1424
f 1425 1519 1426
f 1426 1519 1555
f 3547 3504 3548
f 1555 1573 1559
f 3505 3504 3501
f 1562 1559 1568
f 1562 1568 1564
f 1585 1572 1577
f 1603 1584 9887
f 9886 9885 9887
f 9885 9884 9888
f 9888 9884 9894
f 9888 9894 9893
f 9893 9881 9882
f 9893 9882 9904
f 9904 9874 9900
f 9900 9874 9865
f 9865 9902 9903
f 3635 3607 3663
f 9903 9902 9867
f 3663 3607 3660
f 9867 9862 9876
f 9876 9860 9875
f 9875 9860 7459
f 10680 9434 9433
f 9433 9434 9417
f 9434 9429 9417
f 10085 10086 10083
f 10086 10092 10093
f 7459 7463 7457
f 9417 9429 9428
f 9428 9429 9439
f 9428 9439 9440
f 9496 9499 10091
f 9795 9766 9583
f 3715 3731 3763
f 8606 8617 8607
f 8615 8589 8591
f 3809 3763 3772
f 3809 3772 3867
f 3772 3858 10711
f 9390 9644 9596
f 9390 9596 9410
f 9381 9390 9410
f 3858 8769 8770
f 9378 9380 9381
f 9384 9380 9377
f 8670 8658 8649
f 8586 8604 7580
f 9388 9386 9387
f 9387 9386 9379
f 9387 9379 9408
f 7580 8604 8611
f 9398 9393 9394
f 9394 9393 9388
f 9394 9388 9387
f 7580 8611 7568
f 9398 9397 9393
f 7568 8611 8619
f 8657 8661 8663
f 8662 8657 10329
f 7568 8619 7567
f 7567 8619 8620
f 10329 10330 10332
f 10330 10331 10332
f 8620 9709 7583
f 10334 10340 10338
f 10346 10341 10344
f 10344 10353 10346
f 10353 10344 10351
f 10358 10361 10360
f 10361 10363 10360
f 10360 10363 10362
f 10362 10364 10366
f 10366 10364 10368
f 10366 10368 10369
f 10369 10368 10371
f 10377 10369 10371
f 10377 10371 10376
f 10383 10377 10376
f 10383 10376 10384
f 4511 10383 10384
f 4511 10384 4583
f 4511 4583 4404
f 4612 4668 4527
f 4612 4527 4492
f 4405 4404 4406
f 4406 4404 4512
f 4599 4612 4492
f 4410 4405 4407
f 4407 4405 4406
f 4407 4406 4408
f 4599 4492 4491
f 4599 4491 4589
f 4589 4491 4567
f 4567 4491 4410
f 4567 4410 4407
f 4481 4525 4482
f 4525 4538 4482
f 4482 4538 4542
f 4482 4542 4540
f 4542 4538 4651
f 4540 4542 4543
f 4542 4651 4543
f 4543 4651 4699
f 4833 4842 4710
f 4477 4478 4479
f 4480 4477 4479
f 4478 4481 4479
f 4479 4481 4482
f 4842 7736 4585
f 4537 4479 4482
f 4537 4482 4539
f 4568 4537 4539
f 4568 4539 4544
f 4585 7736 7739
f 4693 4568 4544
f 4693 4544 4653
f 4693 4653 4796
f 6160 4796 4722
f 7739 7740 4679
f 4679 7740 6250
f 637 573 546
f 573 540 546
f 546 540 539
f 6576 6986 7162
f 7162 6986 7228
f 706 492 547
f 7228 6986 6954
f 6951 6947 6949
f 6949 6948 6978
f 610 609 742
f 742 609 741
f 741 609 628
f 7149 7175 7266
f 7175 7225 7266
f 633 634 802
f 802 634 801
f 801 634 635
f 801 635 819
f 819 686 833
f 833 687 832
f 1021 1022 1023
f 843 842 892
f 1025 1381 1026
f 1029 1421 1422
f 1421 1423 1422
f 3602 3600 3603
f 1422 1423 1424
f 1424 1425 1426
f 1426 1555 1556
f 1556 1555 1558
f 1558 1555 1559
f 3548 3504 3541
f 3541 3504 3505
f 1563 1562 1564
f 3542 3503 3515
f 1563 1564 1565
f 1565 1567 1571
f 1571 1567 1572
f 3515 3536 3552
f 3552 3497 3615
f 10478 10482 10483
f 1585 1577 1589
f 1589 1577 1603
f 3615 3497 3567
f 1603 9887 1593
f 3637 3512 3532
f 3680 3532 3596
f 3680 3596 3597
f 9890 9888 9893
f 9657 9662 9663
f 9657 9663 9658
f 3703 3636 3635
f 9896 9904 9900
f 9663 10494 10628
f 9903 9867 9901
f 9901 9867 9876
f 9883 9876 9875
f 9883 9875 7456
f 9436 9433 9420
f 9420 9433 9417
f 3661 3662 3675
f 9417 9428 9419
f 9426 9428 9440
f 9419 9428 9426
f 7457 7463 7462
f 3675 3715 3762
f 9419 9426 9425
f 3832 3762 3763
f 8613 8615 8591
f 8613 8591 8584
f 3836 3763 3809
f 3867 3772 3868
f 10327 7632 7624
f 10711 3858 11850
f 10327 7624 10328
f 11850 3858 8770
f 11850 8770 11859
f 9410 10327 10328
f 9410 10328 9413
f 8770 2388 2389
f 9378 9410 9413
f 9412 9378 9413
f 9412 9413 9414
f 9409 9378 9411
f 8598 8586 7580
f 9408 9379 9409
f 9408 9409 9406
f 9404 9408 9406
f 8649 8658 8648
f 9399 9398 9402
f 9402 9398 9394
f 9394 9387 9404
f 9387 9408 9404
f 8658 8661 8657
f 8648 8658 8657
f 7580 7568 7575
f 7575 7568 7551
f 7568 7567 7551
f 10333 8662 10329
f 7567 8620 7583
f 7583 9709 7588
f 10336 10334 10338
f 7588 9706 7587
f 9706 9707 9705
f 10339 10341 10343
f 10343 10341 10346
f 10346 10353 10354
f 10354 10353 10358
f 10354 10358 10359
f 10359 10358 10360
f 10362 10366 10373
f 10374 10373 10366
f 10373 10374 4531
f 10374 10366 10369
f 10382 10374 10369
f 10382 10369 10377
f 4510 10382 10377
f 4510 10377 10383
f 4510 10383 4511
f 4803 4633 4668
f 4402 4510 4511
f 4402 4404 4393
f 4404 4402 4511
f 4668 4505 4399
f 4394 4393 4404
f 4527 4668 4399
f 4527 4399 4400
f 4395 4394 4410
f 4410 4394 4405
f 4394 4404 4405
f 4492 4527 4400
f 4492 4400 4491
f 4400 4395 4410
f 4400 4410 4491
f 4581 4699 4816
f 4816 4832 4581
f 4581 4832 4833
f 4581 4833 4710
f 4540 4543 4541
f 4541 4543 4553
f 4543 4699 4553
f 4553 4699 4581
f 4710 4842 4585
f 4482 4540 4539
f 4539 4540 4541
f 4544 4539 4541
f 4544 4541 4545
f 4585 7739 4552
f 4653 4544 4545
f 4722 4653 4545
f 4722 4636 6187
f 4552 7739 4679
f 4596 4679 6250
f 489 479 657
f 479 480 658
f 480 492 658
f 658 492 706
f 706 547 736
f 736 547 553
f 736 553 602
f 771 602 772
f 772 602 601
f 791 601 785
f 785 601 611
f 611 610 785
f 785 610 742
f 741 628 632
f 7149 7266 7276
f 800 630 633
f 7266 7225 7286
f 9254 9299 9309
f 999 1022 1021
f 1020 999 1021
f 893 939 998
f 893 998 1020
f 892 842 893
f 1027 1021 1024
f 1021 1023 1024
f 1024 1023 1025
f 1024 1025 1026
f 3690 3601 3602
f 1026 1381 1387
f 1026 1387 1029
f 1029 1422 1030
f 3664 3603 3551
f 1557 1426 1556
f 3664 3551 3549
f 3549 3551 3548
f 3549 3548 3541
f 1559 1562 1561
f 1560 1559 1561
f 3541 3505 3503
f 1561 1562 1563
f 3542 3515 3553
f 3515 3552 3553
f 1571 1572 1585
f 1589 1603 1591
f 1589 1591 1590
f 1591 1603 1593
f 1593 9887 1594
f 3637 3532 3686
f 3532 3680 3686
f 3701 3597 3705
f 9659 9657 9653
f 9660 9659 9653
f 9653 9657 9656
f 9653 9656 9654
f 3597 3636 3705
f 3705 3636 3703
f 9892 9904 9896
f 9654 9656 9661
f 9654 9661 9664
f 9896 9900 9898
f 3703 3635 3704
f 3704 3635 3695
f 9664 9661 9668
f 9899 9900 9903
f 3695 3635 3663
f 9901 9876 7465
f 7465 9876 9883
f 9424 9420 9421
f 9423 9424 9421
f 3660 3659 3694
f 3694 3659 3661
f 9421 9420 9416
f 7459 7457 7456
f 9416 9420 9417
f 9416 9417 9418
f 3714 3675 3762
f 9418 9417 9419
f 7457 7462 7460
f 9418 9419 9425
f 9418 9425 9427
f 3886 3832 3836
f 8613 8584 7610
f 3809 3867 10689
f 8654 8650 8631
f 10689 3868 10690
f 8506 8504 8512
f 10690 10711 11849
f 8631 8634 8633
f 11849 10711 11850
f 8632 8633 8636
f 9415 9412 9414
f 9407 9411 7618
f 9403 9404 9405
f 9405 9404 9406
f 9405 9406 9407
f 9402 9394 9403
f 9394 9404 9403
f 8648 8657 8647
f 8493 7872 8496
f 7577 7580 7575
f 7519 9397 9399
f 8657 8662 8647
f 10333 8651 8662
f 7575 7551 7572
f 7551 7567 7549
f 7567 7583 7566
f 7549 7567 7566
f 10335 10332 10336
f 10332 10334 10336
f 7566 7583 7545
f 7545 7588 7543
f 7543 7588 7587
f 10336 10338 10339
f 7552 7587 7585
f 7585 9705 9703
f 10343 10346 10348
f 7586 9702 7589
f 10346 10354 10348
f 7589 9700 7578
f 10367 10359 10360
f 10367 10360 10370
f 10370 10360 10362
f 7491 7518 7530
f 10375 10370 10362
f 10375 10362 10373
f 4531 10375 10373
f 4471 4531 10374
f 7533 4807 4560
f 4471 4455 4381
f 4826 4560 4417
f 4471 10374 10382
f 4455 4471 10382
f 4455 10382 4510
f 4417 4389 4398
f 4633 4826 4417
f 4383 4381 4387
f 4381 4455 4402
f 4387 4381 4402
f 4402 4455 4510
f 4633 4417 4398
f 4389 4383 4388
f 4388 4383 4387
f 4633 4398 4505
f 4398 4389 4388
f 4393 4387 4402
f 4399 4398 4388
f 4387 4393 4388
f 4505 4398 4399
f 4388 4393 4394
f 4399 4388 4400
f 4400 4388 4395
f 4395 4388 4394
f 4550 4581 4710
f 4541 4553 4546
f 4546 4553 4548
f 4553 4581 4548
f 4548 4581 4550
f 4550 4710 4585
f 4550 4585 4551
f 4545 4546 4547
f 4546 4548 4547
f 4548 4550 4549
f 4547 4548 4549
f 4551 4585 4552
f 4636 4547 4549
f 4636 4549 4596
f 4596 4552 4679
f 928 1017 638
f 640 638 637
f 652 539 537
f 537 489 657
f 657 479 658
f 6593 7162 7347
f 7347 7162 7228
f 7347 7228 7297
f 7297 7228 6954
f 7297 6954 7102
f 7102 6954 6951
f 772 601 791
f 6978 6945 7147
f 6945 6988 7147
f 7147 6988 7148
f 6988 6990 7148
f 821 785 811
f 6990 7113 7148
f 7148 7113 7117
f 7117 7149 7250
f 769 631 770
f 631 630 770
f 770 630 800
f 800 633 802
f 7266 7286 7293
f 833 832 868
f 7319 7296 3742
f 868 832 843
f 904 843 892
f 1035 893 1020
f 1027 1020 1021
f 3742 3690 3774
f 943 892 944
f 944 892 893
f 3690 3602 3709
f 1024 1026 1028
f 1028 1026 1029
f 1028 1029 1030
f 1030 1422 1424
f 1032 1030 1033
f 1030 1424 1033
f 3658 3603 3664
f 1033 1424 1426
f 1033 1426 1557
f 1557 1556 1576
f 1576 1556 1558
f 4034 1558 1560
f 1558 1559 1560
f 3541 3503 3542
f 1560 1561 4034
f 3994 1561 1563
f 1602 1565 1571
f 1571 1585 1586
f 1586 1585 1587
f 1587 1585 1588
f 1585 1589 1588
f 1588 1589 1590
f 3637 3615 3567
f 1590 1591 1592
f 1592 1591 1593
f 2167 2166 2168
f 1592 1593 1594
f 1592 1594 1595
f 3725 3637 3686
f 1595 1601 1598
f 3680 3597 3701
f 9660 9653 9652
f 9890 9892 4754
f 9652 9653 9654
f 9895 9896 9897
f 9652 9654 9655
f 9655 9654 9664
f 4053 4111 4052
f 4052 4111 4123
f 9664 9668 10089
f 10089 10138 10088
f 9664 10089 10088
f 10138 10067 10064
f 10088 10138 10064
f 9898 9900 9899
f 9899 9903 9901
f 3695 3663 3721
f 4052 4123 4177
f 4049 4053 4052
f 4049 4052 4048
f 4048 4052 4177
f 9437 9438 9423
f 3711 3660 3694
f 9437 9423 9422
f 9437 9422 9435
f 3694 3661 3714
f 9421 9416 9422
f 9422 9416 9431
f 9431 9416 9418
f 9431 9418 9430
f 9430 9418 9427
f 9430 9427 9432
f 9432 9427 9672
f 9432 9672 9651
f 11846 10160 11847
f 11846 11847 11852
f 11852 11847 11851
f 11851 11847 11848
f 7610 8584 7609
f 11851 11848 11849
f 7609 8583 8582
f 7609 8582 7608
f 8630 8631 8632
f 7608 8574 7603
f 2403 11849 11850
f 2356 2395 2389
f 7607 9415 9414
f 7607 9414 7619
f 7616 9407 7618
f 7614 9401 9403
f 7614 9403 9405
f 7614 9405 7615
f 7615 9405 9407
f 7615 9407 7616
f 9400 9399 9401
f 9399 9402 9401
f 8648 8647 8645
f 7577 7575 7572
f 10335 10333 10332
f 7549 7566 7545
f 10339 10343 10349
f 7552 7585 7553
f 10348 10349 10343
f 7569 7586 7570
f 10357 10348 10354
f 7570 7589 7578
f 7578 9700 7579
f 7579 9697 7581
f 10357 10354 10367
f 7581 9697 9698
f 10367 10354 10359
f 4532 10375 4531
f 4807 7536 4582
f 4807 4582 4503
f 4376 4532 4531
f 4807 4503 4560
f 4560 4503 4385
f 4384 4385 4379
f 4379 4377 4380
f 4377 4376 4381
f 4380 4377 4381
f 4381 4376 4531
f 4381 4531 4471
f 4560 4385 4417
f 4417 4385 4384
f 4384 4379 4380
f 4389 4417 4384
f 4383 4384 4380
f 4389 4384 4383
f 4383 4380 4381
f 4549 4550 4551
f 4549 4551 4552
f 928 638 640
f 693 546 539
f 680 658 704
f 704 658 705
f 658 706 705
f 7297 7102 7292
f 706 736 752
f 7102 6951 7101
f 6951 6949 7101
f 752 736 771
f 771 736 602
f 6949 6978 7210
f 7210 6978 7209
f 7209 6978 7147
f 791 785 820
f 785 742 811
f 7148 7117 7258
f 811 742 795
f 7258 7117 7250
f 7250 7149 7276
f 765 741 632
f 746 632 631
f 7276 7266 7294
f 7294 7266 7293
f 802 801 834
f 834 801 819
f 7286 7319 7320
f 7293 7286 7320
f 819 833 854
f 867 833 868
f 9309 9332 9331
f 7319 3742 3774
f 868 843 904
f 904 892 943
f 1035 1020 4677
f 1020 1027 4677
f 3774 3690 3709
f 4677 1027 4720
f 4720 1027 1024
f 4720 1024 1034
f 1034 1024 1028
f 3709 3602 3658
f 3658 3602 3603
f 1034 1028 1031
f 1031 1028 1030
f 1031 1030 1032
f 1032 1033 4035
f 3720 3664 3549
f 4035 1033 1576
f 1033 1557 1576
f 3549 3541 3712
f 1576 1558 4034
f 3541 3542 3687
f 3994 4034 1561
f 3994 1563 4678
f 4678 1563 1565
f 4678 1565 1602
f 3553 3552 3616
f 3616 3552 3615
f 1602 1571 1586
f 3615 3637 3724
f 3724 3637 3725
f 1590 1592 1600
f 1600 1592 1596
f 1596 1592 1595
f 1596 1595 1597
f 1595 1598 1597
f 1597 1598 1599
f 1599 1598 4840
f 2169 2225 2226
f 3686 3680 3702
f 4840 1598 9889
f 4840 9889 9891
f 3702 3680 3701
f 4340 4331 4112
f 4331 4319 4111
f 4112 4331 4111
f 4111 4319 4217
f 4217 4306 4305
f 4494 4340 4112
f 4305 4306 4309
f 4309 4306 4326
f 4309 4326 4496
f 4112 4111 4053
f 4111 4217 4123
f 4123 4217 4305
f 4309 4496 4334
f 4494 4112 4053
f 4310 4305 4309
f 4310 4309 4334
f 3755 3704 3695
f 9897 9899 7466
f 7467 9897 7466
f 4495 4494 4053
f 4177 4123 4305
f 4177 4305 4310
f 4310 4334 4559
f 7466 9899 9901
f 7466 9901 7465
f 3721 3663 3711
f 7461 7465 9883
f 3663 3660 3711
f 4495 4053 4049
f 4177 4310 4524
f 4524 4310 4559
f 7461 9883 7456
f 3758 3711 3694
f 7461 7456 7458
f 4047 4495 4049
f 4048 4177 4524
f 4047 4049 4048
f 3796 3694 3714
f 4047 4048 4046
f 4046 4048 4504
f 4504 4048 4524
f 7456 7457 4294
f 7458 7456 4294
f 4045 4047 4046
f 4046 4504 4050
f 10144 10156 10150
f 10144 10150 10147
f 4045 4046 4044
f 4044 4046 4050
f 4294 7457 7460
f 4294 7460 4789
f 10147 10150 10151
f 4789 7460 7464
f 11846 11852 11856
f 11852 11851 11854
f 8666 8667 8631
f 8631 8667 8669
f 8631 8669 8654
f 8669 13644 8654
f 8666 8631 8630
f 11851 11849 11853
f 11853 11849 2410
f 8492 8493 8494
f 4749 7577 4750
f 7515 7519 7521
f 7577 7572 7548
f 10337 8651 10333
f 8652 8651 10337
f 7548 7572 7551
f 10337 10333 10335
f 7549 7548 7551
f 7546 7549 7545
f 10350 10336 10339
f 7543 7552 7541
f 10349 10350 10339
f 10349 10348 4391
f 7553 7569 7554
f 7554 7569 7570
f 7554 7570 7557
f 7570 7578 7560
f 7557 7570 7560
f 7578 7579 7560
f 7560 7579 7563
f 7563 7579 7581
f 4369 4401 10367
f 4369 10367 10370
f 4374 4369 10370
f 4374 10370 10375
f 4828 7538 4432
f 4828 4432 4431
f 4532 4374 10375
f 4375 4374 4376
f 4376 4374 4532
f 4431 4386 4382
f 4382 4386 4375
f 4828 4431 4582
f 4582 4431 4382
f 4385 4382 4379
f 4379 4382 4375
f 4377 4375 4376
f 4503 4582 4382
f 4503 4382 4385
f 4379 4375 4377
f 637 546 693
f 693 539 672
f 672 539 652
f 657 658 680
f 7343 7297 7292
f 7292 7102 7253
f 705 706 752
f 7253 7102 7101
f 7101 6949 7210
f 827 771 772
f 820 785 821
f 795 742 741
f 795 741 765
f 7295 7276 7294
f 802 834 858
f 854 834 819
f 854 833 867
f 3774 3709 3813
f 4020 4677 4720
f 4020 4720 1034
f 2329 2360 2390
f 3709 3658 3764
f 4020 1034 4000
f 4020 4000 4001
f 4000 1034 1031
f 3764 3658 3664
f 3987 4000 1031
f 3987 1031 1032
f 3987 1032 3964
f 3964 1032 4035
f 3720 3549 3712
f 3964 4035 3981
f 3981 4035 1576
f 3712 3541 3710
f 3964 3981 3973
f 3973 3981 3982
f 3982 3981 3983
f 3981 1576 3983
f 1576 4034 3983
f 2163 2262 2263
f 3687 3542 3688
f 3687 3688 3777
f 3983 4034 3985
f 3985 4034 3994
f 3982 3983 3984
f 4100 3982 3984
f 3983 3985 3984
f 3688 3553 3616
f 3965 3982 4100
f 3985 3994 3984
f 3984 3994 4202
f 4202 3994 4678
f 3616 3615 3723
f 3965 4100 3990
f 3990 4100 4101
f 4202 4678 4214
f 4214 4678 1602
f 3723 3615 3724
f 3965 3990 3972
f 4214 1602 4336
f 4336 1602 1586
f 3990 4101 4013
f 4336 1586 4695
f 4695 1586 1587
f 4695 1587 1588
f 2166 2203 2168
f 4013 4101 4117
f 4695 1588 4696
f 4696 1588 1590
f 4696 1590 1600
f 3725 3686 3769
f 3990 4013 3979
f 3769 3686 3702
f 3979 4013 4331
f 4319 4013 4117
f 4440 4118 4424
f 4331 4013 4319
f 4319 4117 4118
f 4306 4118 4440
f 4440 4424 4423
f 4840 9891 4791
f 2226 2283 2227
f 4011 3979 4340
f 3979 4331 4340
f 4319 4118 4217
f 4217 4118 4306
f 4326 4440 4423
f 4326 4423 4425
f 4791 9891 4754
f 3702 3701 3705
f 3702 3705 3810
f 4306 4440 4326
f 4496 4326 4425
f 4496 4425 4642
f 4754 9895 4785
f 3770 3705 3703
f 4011 4340 4494
f 4785 9895 4835
f 3770 3703 3704
f 4037 4011 4494
f 4334 4496 4642
f 4835 9897 7467
f 3848 3770 3755
f 3755 3770 3704
f 4334 4642 4733
f 3755 3695 3721
f 7466 7465 4846
f 4037 4494 4495
f 4559 4334 4687
f 4687 4334 4733
f 4853 7465 7461
f 4853 7461 4838
f 2229 2230 2282
f 4838 7461 4730
f 3758 3694 3814
f 4051 4037 4495
f 4524 4559 4687
f 4730 7461 7458
f 3814 3694 3796
f 4524 4687 4508
f 4051 4495 4047
f 4051 4047 4042
f 10159 10158 10157
f 10157 10158 10141
f 10141 10158 10142
f 4042 4047 4045
f 10143 10142 10144
f 4504 4524 4501
f 10145 10144 10147
f 4041 4042 4045
f 4050 4504 4500
f 4041 4045 4044
f 10151 11856 11857
f 11858 10151 11857
f 4044 4050 4043
f 4043 4050 4500
f 11854 11857 11856
f 4041 4044 4043
f 8666 8676 8668
f 8672 8676 8666
f 8672 8666 8671
f 8668 8679 8669
f 8669 8679 13643
f 2317 2400 2355
f 2355 2400 2420
f 11003 11854 11855
f 8664 8666 8630
f 8664 8630 8640
f 11855 11854 11853
f 11855 11853 11001
f 2395 2413 2401
f 11001 11853 2410
f 4830 4064 4831
f 4064 4830 4449
f 4103 4064 4449
f 4449 4829 4747
f 4747 8585 4748
f 4749 4750 4669
f 7577 7548 4750
f 4750 7548 7547
f 7548 7549 7546
f 7547 7548 7546
f 10381 10337 10335
f 10336 10381 10335
f 10379 10381 10336
f 7546 7545 7544
f 7545 7543 7544
f 10379 10336 10350
f 7543 7541 7540
f 7544 7543 7540
f 10380 10379 10350
f 10380 10350 10349
f 7501 7512 4820
f 10380 10349 4391
f 7552 7553 7550
f 7541 7552 7550
f 4605 7501 4820
f 4390 4391 10348
f 7550 7553 7554
f 4390 10348 10357
f 7557 7560 7559
f 4365 4390 10357
f 4365 10357 10367
f 7563 7581 7565
f 7565 7581 7582
f 4836 4392 4371
f 4401 4365 10367
f 4366 4365 4369
f 4369 4365 4401
f 4836 4371 4432
f 4432 4371 4372
f 4432 4372 4378
f 4378 4372 4366
f 4373 4378 4366
f 4366 4369 4373
f 4373 4369 4374
f 4432 4378 4386
f 4386 4378 4373
f 4431 4432 4386
f 4386 4373 4375
f 4375 4373 4374
f 640 637 693
f 652 537 653
f 653 537 657
f 680 704 738
f 704 705 777
f 10217 7292 7349
f 777 705 752
f 7292 7253 7318
f 7349 7292 7318
f 7253 7101 7318
f 7318 7101 7268
f 752 771 826
f 826 771 827
f 7268 7101 7210
f 7259 7210 7209
f 7259 7209 7264
f 7264 7209 7147
f 7147 7148 7282
f 7282 7148 7258
f 820 821 848
f 7258 7250 7303
f 811 795 855
f 7303 7250 7301
f 7301 7250 7276
f 7301 7276 7300
f 765 632 746
f 7276 7295 7300
f 746 631 768
f 631 769 768
f 7322 7295 7294
f 803 800 802
f 7316 7293 7328
f 7328 7293 7320
f 858 834 854
f 7320 7319 7346
f 9332 9315 9325
f 7319 3774 7345
f 867 868 946
f 9332 2437 9331
f 4753 904 943
f 3813 3709 3764
f 3813 3764 3850
f 4731 943 944
f 4731 944 4654
f 944 1035 4654
f 4654 1035 4029
f 4029 1035 4677
f 4677 4020 4029
f 4029 4020 4026
f 4026 4020 4001
f 3971 4000 3987
f 4001 4000 3971
f 3964 3971 3987
f 3961 3964 3973
f 3961 3973 3966
f 3966 3973 3982
f 3777 3688 3616
f 3777 3616 3831
f 3966 3982 3965
f 3961 3966 3959
f 3960 3961 3959
f 3959 3966 3965
f 3723 3724 3845
f 4101 3984 4109
f 4109 3984 4202
f 4109 4202 4214
f 4109 4214 4114
f 3959 3965 3956
f 3956 3965 3972
f 4113 4101 4109
f 4114 4214 4200
f 4200 4214 4336
f 3724 3725 3769
f 3724 3769 3846
f 3960 3959 3958
f 3958 3959 3956
f 4113 4109 4114
f 4114 4200 4199
f 4336 4695 4335
f 3956 3972 3957
f 3957 3972 3979
f 3972 3990 3979
f 4118 4113 4114
f 4118 4114 4199
f 4199 4200 4203
f 4200 4336 4203
f 4336 4335 4203
f 4335 4695 4696
f 4424 4118 4199
f 4203 4335 4205
f 4335 4696 4561
f 4205 4335 4561
f 4696 1600 4561
f 4561 1600 4670
f 4670 1600 1596
f 4670 1596 1597
f 3769 3820 3855
f 4199 4203 4204
f 4203 4205 4204
f 4670 1597 4684
f 4684 1597 1599
f 3957 3979 4011
f 4424 4199 4423
f 4423 4199 4204
f 4684 1599 4840
f 3956 3957 3955
f 3955 3957 4011
f 4425 4423 4204
f 4425 4204 4206
f 4684 4840 4791
f 4684 4791 4683
f 4683 4791 4754
f 4010 3955 4011
f 4641 4425 4206
f 3810 3770 3847
f 4642 4425 4641
f 3847 3770 3848
f 4642 4641 4721
f 4835 7467 4845
f 4010 4011 4037
f 4845 7466 4846
f 3755 3721 3792
f 3755 3792 3864
f 3792 3711 3758
f 4687 4733 4650
f 4036 4037 4038
f 4038 4037 4051
f 10667 10708 10694
f 10159 10157 10149
f 4036 4038 4039
f 10149 10157 10141
f 10149 10141 10148
f 4038 4051 4042
f 4730 7458 4294
f 10141 10142 10143
f 10141 10143 10148
f 4501 4508 4507
f 10143 10144 10145
f 10148 10143 10146
f 10143 10145 10146
f 4038 4042 4041
f 11858 10145 10147
f 10146 10145 11858
f 4039 4038 4040
f 11004 11857 11854
f 11004 11854 11002
f 4040 4038 4041
f 8673 8672 8671
f 8673 8671 8677
f 11002 11854 11003
f 4040 4041 4043
f 4043 4500 4342
f 4500 4501 4342
f 4501 4507 4342
f 8671 8664 8665
f 2395 2420 4740
f 2395 4740 2413
f 4060 4040 4043
f 4060 4043 4061
f 4043 4342 4061
f 8665 8664 8640
f 11003 11855 11001
f 4059 4040 4060
f 4060 4061 4064
f 4064 4061 4343
f 4061 4342 4343
f 2409 11001 2410
f 4103 4059 4060
f 4060 4064 4103
f 13623 9802 13627
f 4453 4064 4343
f 4121 4103 4506
f 4506 4103 4449
f 4506 4449 4747
f 4452 4453 4343
f 4121 4506 4747
f 4452 4343 4442
f 4493 4121 4748
f 4748 4121 4747
f 4749 4493 4748
f 4470 4452 4442
f 4493 4749 4669
f 8652 4413 8646
f 4354 4413 10337
f 10337 4413 8652
f 4608 4750 7547
f 4353 4354 10337
f 4353 10337 10381
f 4468 4353 10381
f 7576 7546 7562
f 4468 10381 10379
f 4358 4468 10379
f 7562 7546 7544
f 4358 10379 4360
f 4360 10379 10380
f 4820 4427 4368
f 7540 7541 7542
f 4359 4360 4361
f 4361 4360 4391
f 4391 4360 10380
f 4820 4368 4451
f 4362 4359 4361
f 4605 4820 4451
f 7541 7550 7542
f 4368 4359 4362
f 4361 4391 4390
f 4605 4451 4367
f 4451 4368 4367
f 4367 4368 4362
f 7550 7554 7555
f 4604 4605 4367
f 7555 7554 7556
f 4362 4361 4363
f 4363 4361 4390
f 7556 7554 7557
f 4364 4362 4363
f 7556 7557 7558
f 4392 4604 4367
f 7558 7557 7559
f 4364 4367 4362
f 4363 4390 4365
f 4392 4367 4370
f 4370 4367 4364
f 7559 7560 7563
f 4364 4363 4365
f 7893 7895 7905
f 7564 7563 7565
f 4370 4364 4366
f 4366 4364 4365
f 4371 4392 4370
f 7893 7905 7890
f 7565 7582 4705
f 4705 7582 7584
f 4371 4370 4366
f 4372 4371 4366
f 653 657 681
f 681 657 680
f 738 704 777
f 10215 10217 7349
f 828 752 826
f 7268 7210 7259
f 827 772 840
f 772 791 840
f 840 791 820
f 840 820 849
f 849 820 848
f 7282 7258 7303
f 821 811 848
f 848 811 855
f 844 795 765
f 786 765 746
f 7295 7322 7300
f 775 769 770
f 796 770 800
f 7322 7294 7323
f 803 802 859
f 859 802 858
f 7342 7346 7358
f 7346 7319 7345
f 854 867 925
f 7345 3774 3865
f 1014 946 868
f 3865 3774 3813
f 1014 868 904
f 3865 3813 3850
f 1014 904 4753
f 4689 4753 943
f 4689 943 4731
f 4689 4731 4732
f 4731 4654 4655
f 4732 4731 4655
f 4029 4026 4018
f 4018 4026 4004
f 4004 4026 4001
f 3974 4004 4001
f 4001 3971 3974
f 2263 2421 2260
f 3969 3974 3971
f 3971 3964 3963
f 3963 3964 3961
f 3969 3971 3963
f 3831 3616 3844
f 3962 3963 3961
f 3844 3723 3845
f 3969 3963 3967
f 3967 3963 3962
f 3962 3961 3960
f 3845 3724 3846
f 3967 3962 3960
f 3846 3769 3855
f 3967 3960 3954
f 3954 3960 3958
f 3954 3958 3956
f 4226 4205 4561
f 4561 4670 4341
f 4341 4670 4684
f 3955 3954 3956
f 4204 4205 4206
f 4206 4205 4225
f 4205 4226 4225
f 4561 4341 4226
f 4341 4684 4683
f 4225 4226 4227
f 4226 4341 4228
f 4228 4341 4269
f 4341 4683 4269
f 3891 3847 10709
f 4641 4206 4328
f 4328 4206 4327
f 4327 4206 4225
f 4327 4225 4227
f 4227 4226 4228
f 4269 4683 4530
f 4683 4754 4530
f 4474 4641 4328
f 4228 4269 4230
f 4229 4228 4230
f 4230 4269 4268
f 4269 4530 4268
f 4530 4754 4570
f 4570 4754 4785
f 2228 2286 2318
f 10709 3848 3864
f 4721 4641 4474
f 4231 4227 4229
f 4229 4227 4228
f 4268 4530 4237
f 4530 4570 4237
f 4570 4785 4658
f 4658 4785 4835
f 4658 4835 4657
f 4009 3955 4010
f 4721 4474 4724
f 4657 4835 4845
f 4845 4846 4657
f 4846 4853 4792
f 4657 4846 4792
f 4009 4010 4036
f 4650 4721 4724
f 4792 4853 4838
f 3870 3814 10702
f 10702 3863 10701
f 4054 4009 4036
f 4508 4687 4580
f 4687 4650 4580
f 4257 4730 4258
f 2320 2374 2344
f 10155 10149 10152
f 4242 4241 4243
f 4243 4241 4244
f 4258 4730 4294
f 4258 4294 4277
f 10152 10148 10153
f 4039 4054 4036
f 10153 10146 10154
f 4058 4054 4039
f 4508 4580 4445
f 4507 4508 4445
f 2361 4755 2400
f 2400 4755 2420
f 4058 4039 4040
f 4788 4293 4294
f 4788 4294 4789
f 2420 4755 4706
f 2420 4706 4740
f 4059 4058 4040
f 4507 4445 4412
f 4426 4293 13625
f 13625 4293 4788
f 4740 4707 2413
f 2413 4707 4741
f 4342 4507 4412
f 8677 8671 8665
f 4607 4426 13625
f 2413 4741 2412
f 11002 11003 11000
f 4085 4058 4086
f 4086 4058 4059
f 8665 8640 8653
f 11003 11001 11000
f 11000 11001 8564
f 8536 8526 8524
f 8524 8526 8508
f 4087 4085 4086
f 4342 4412 4344
f 4412 4411 4344
f 4344 4411 4356
f 4086 4059 4103
f 4342 4344 4343
f 4086 4103 4121
f 4346 4344 4356
f 4345 4343 4344
f 4087 4086 4120
f 4120 4086 4121
f 4442 4343 4345
f 4346 4356 4355
f 4122 4087 4120
f 4493 4120 4121
f 4345 4344 4346
f 4346 4355 4348
f 4348 4355 4403
f 4403 4355 4514
f 4514 4355 4441
f 4514 4441 8644
f 4122 4120 4493
f 4442 4345 4349
f 4349 4345 4347
f 4347 4345 4346
f 4347 4346 4348
f 4122 4493 4669
f 4443 4442 4349
f 4347 4348 4413
f 4413 4348 4403
f 4413 4403 4514
f 4350 4349 4347
f 4354 4347 4413
f 4608 4122 4669
f 4351 4349 4350
f 4443 4349 4351
f 4350 4347 4354
f 4353 4350 4354
f 7576 4608 7547
f 4351 4350 4352
f 4352 4350 4353
f 7576 7547 7546
f 4443 4351 4357
f 4357 4351 4352
f 4352 4353 4468
f 4428 4443 4357
f 4427 4428 4357
f 4352 4468 4358
f 4357 4352 4358
f 4359 4357 4358
f 7562 7544 7573
f 4427 4357 4368
f 4368 4357 4359
f 7544 7540 7561
f 4359 4358 4360
f 7540 7542 7561
f 7561 7542 7571
f 7571 7542 7555
f 7542 7550 7555
f 7555 7556 7574
f 7574 7556 7558
f 7558 7559 4590
f 7564 7559 7563
f 7559 7564 4569
f 7564 7565 4705
f 4569 7564 4705
f 4843 4766 4718
f 4737 4705 7584
f 640 693 672
f 728 640 672
f 681 680 738
f 777 752 828
f 829 777 828
f 7349 7268 7348
f 828 826 863
f 7348 7268 7269
f 7268 7259 7269
f 863 826 861
f 826 827 861
f 7311 7259 7264
f 861 827 840
f 7264 7147 7282
f 7303 7301 7325
f 848 855 879
f 7325 7301 7300
f 862 855 795
f 862 795 844
f 10910 10798 10799
f 844 765 786
f 7335 7300 7322
f 768 769 775
f 775 770 796
f 796 800 803
f 9325 9308 9298
f 7352 7328 7342
f 925 859 858
f 925 858 854
f 925 867 946
f 3865 3850 3866
f 2390 2436 2391
f 3850 3764 3859
f 4703 4753 4689
f 3859 3764 3720
f 3720 3839 3856
f 3859 3720 3856
f 3839 3712 3856
f 4655 4654 4030
f 4030 4654 4029
f 4030 4029 4018
f 3856 3840 3889
f 4014 4018 4004
f 4014 4004 3974
f 2260 2421 2425
f 3986 4014 3974
f 3986 3974 3969
f 3844 3845 10695
f 3978 3969 3968
f 3968 3969 3967
f 10705 3846 10706
f 3950 3968 3967
f 3950 3967 3954
f 3950 3954 3953
f 3953 3954 3955
f 4288 4328 4327
f 4273 4327 4227
f 3996 3953 3955
f 4474 4328 4288
f 4273 4227 4232
f 4232 4227 4231
f 3996 3955 4009
f 4273 4232 4272
f 4268 4237 4230
f 4237 4570 4556
f 4556 4570 4658
f 4556 4658 4657
f 4556 4657 4300
f 10666 10691 10685
f 4473 4724 4474
f 4229 4230 4236
f 4236 4230 4237
f 4237 4556 4300
f 4300 4657 4301
f 4301 4657 4792
f 4650 4724 4473
f 4231 4229 4235
f 4229 4236 4239
f 4236 4237 4253
f 4237 4300 4253
f 4300 4301 4253
f 4253 4301 4256
f 4301 4792 4256
f 4256 4792 4838
f 4256 4838 4730
f 10615 10567 10662
f 4056 4009 4054
f 4235 4229 4239
f 4239 4236 4241
f 4241 4236 4253
f 4253 4256 4255
f 4255 4256 4257
f 4256 4730 4257
f 10566 10568 10672
f 4241 4253 4254
f 10568 10569 10619
f 10672 10568 10619
f 4580 4650 4562
f 4562 4650 4473
f 4272 4232 4233
f 4233 4232 4231
f 4238 4235 4239
f 4254 4253 4255
f 4233 4231 4234
f 4234 4231 4235
f 4234 4235 4238
f 4239 4241 4240
f 4241 4254 4244
f 4244 4254 4255
f 4255 4257 4258
f 8542 8519 8531
f 4238 4239 4240
f 4255 4258 4248
f 4058 4067 4054
f 4307 4233 4234
f 4234 4238 4276
f 4240 4241 4242
f 4244 4255 4248
f 4248 4258 4277
f 4307 4234 4606
f 4234 4291 4606
f 4291 4234 4276
f 4276 4238 4274
f 4238 4240 4274
f 4243 4244 4247
f 4247 4244 4248
f 2361 4708 4755
f 4097 4067 4085
f 4445 4580 4517
f 4276 4274 4275
f 4275 4274 4261
f 4755 4708 4706
f 4085 4067 4058
f 4261 4274 4240
f 4240 4242 4249
f 4249 4242 4245
f 4242 4243 4245
f 4246 4243 4247
f 4247 4248 4293
f 4248 4277 4294
f 4293 4248 4294
f 4445 4517 4420
f 4261 4240 4249
f 4245 4243 4246
f 4246 4247 4293
f 4097 4085 4104
f 4412 4445 4411
f 4445 4420 4411
f 4252 4245 4246
f 4252 4246 4426
f 4246 4293 4426
f 4411 4420 4418
f 4250 4249 4245
f 4250 4245 4252
f 4250 4252 4607
f 4607 4252 4426
f 4411 4418 4396
f 8682 8653 8659
f 13593 8682 8659
f 4251 4250 4760
f 4250 4607 4761
f 4760 4250 4761
f 4105 4104 4085
f 4356 4411 4396
f 4396 4418 4397
f 4105 4085 4087
f 4563 4397 4419
f 4356 4396 4355
f 4355 4396 4397
f 4441 4397 4563
f 4355 4397 4441
f 4105 4087 4122
f 4502 4105 4122
f 4502 4122 4608
f 4502 4608 7576
f 4502 7576 4588
f 4588 7576 7562
f 4588 7562 7573
f 7561 7573 7544
f 7571 7555 7574
f 7574 7558 4590
f 4569 4590 7559
f 4590 4569 4497
f 4467 4569 4705
f 4766 4509 4718
f 4467 4705 4737
f 4467 4737 4437
f 681 738 776
f 776 738 777
f 830 777 829
f 886 828 863
f 7359 7269 7311
f 7305 7311 7264
f 7264 7282 7298
f 7309 7282 7317
f 926 840 849
f 7282 7303 7317
f 7317 7303 7325
f 937 848 879
f 879 855 862
f 935 879 862
f 7325 7300 7336
f 7336 7300 7335
f 7357 7336 7335
f 844 786 889
f 786 746 768
f 7323 7352 7362
f 954 859 925
f 2437 9340 4817
f 10707 7345 3865
f 4745 925 946
f 3866 3850 3859
f 4703 946 1014
f 4703 1014 4753
f 2365 2419 2418
f 4689 4732 4688
f 4688 4732 4655
f 4030 4018 4017
f 4017 4018 4014
f 2259 2260 2425
f 4008 4014 3986
f 2204 2425 2428
f 3978 3986 3969
f 10678 10705 10674
f 2284 2434 2283
f 2283 2434 2435
f 10670 10686 10671
f 2283 2435 2285
f 2285 2435 2286
f 3949 3950 3953
f 2286 2435 4771
f 4288 4327 4273
f 4473 4474 4288
f 4286 4288 4273
f 4286 4273 4284
f 4284 4273 4272
f 3996 4009 4056
f 4473 4288 4286
f 4562 4473 4304
f 4304 4473 4286
f 4284 4272 4233
f 4282 4284 4233
f 4324 4282 4233
f 2361 2431 4708
f 4097 4056 4067
f 4517 4562 4304
f 4324 4233 4307
f 4282 4324 4285
f 4285 4324 4307
f 4708 4700 4640
f 4708 4640 4706
f 4706 4640 4597
f 4597 4609 4707
f 4706 4597 4707
f 4517 4304 4446
f 4285 4307 4606
f 4285 4606 4290
f 4606 4291 4290
f 4290 4291 4289
f 4289 4291 4276
f 4707 4609 4691
f 4420 4517 4446
f 4289 4276 4275
f 4707 4691 4741
f 4446 4287 4418
f 4418 4287 4313
f 4289 4275 4260
f 4260 4275 4261
f 4420 4446 4418
f 4260 4261 4249
f 4264 4260 4262
f 4259 4260 4249
f 4418 4313 4279
f 4262 4260 4259
f 4259 4249 4251
f 4251 4249 4250
f 4419 4418 4279
f 4419 4279 4522
f 4262 4259 4263
f 4263 4259 4436
f 4436 4259 4251
f 4419 4522 4672
f 4793 4278 4601
f 4278 4263 4601
f 4601 4263 4436
f 4106 4105 4502
f 4081 4106 4502
f 4116 4081 4502
f 4116 4502 4588
f 4520 4116 4588
f 4520 4588 7573
f 4520 7573 7561
f 4520 7561 7571
f 4520 7571 7574
f 4102 4520 7574
f 4590 4102 7574
f 4102 4590 4090
f 4090 4590 4497
f 4107 4090 4497
f 4107 4497 4569
f 4509 4422 4108
f 4509 4108 4437
f 4108 4107 4437
f 4437 4107 4467
f 764 728 672
f 672 652 761
f 760 652 653
f 653 681 760
f 776 777 823
f 830 823 777
f 829 828 886
f 7356 7311 7326
f 7326 7311 7305
f 7305 7264 7298
f 7298 7282 7309
f 7309 7317 7338
f 952 926 849
f 7317 7325 7364
f 7364 7325 7363
f 952 849 937
f 937 849 848
f 937 879 4767
f 4767 879 4779
f 4779 879 935
f 935 862 844
f 889 786 768
f 900 796 803
f 931 803 859
f 10699 7358 7361
f 4773 954 925
f 7361 7345 10707
f 10707 3865 3866
f 2391 2436 2419
f 10697 3856 10704
f 10704 3856 3890
f 4673 4703 4689
f 4673 4689 4665
f 4665 4689 4688
f 4665 4688 4646
f 4646 4688 4643
f 4688 4655 4643
f 4643 4655 4030
f 4643 4030 4017
f 4017 4014 4015
f 4017 4015 4016
f 4015 4014 4008
f 4008 3986 3989
f 3989 3986 3978
f 3989 3978 3942
f 3942 3978 3934
f 3934 3978 3968
f 10629 10671 10607
f 3934 3968 3950
f 3949 3934 3950
f 2319 4771 4756
f 3988 3949 3953
f 10620 10630 10501
f 3988 3953 3996
f 2319 4756 2345
f 2345 4756 2432
f 3997 3988 3996
f 2432 4735 2364
f 3997 3996 4056
f 4057 3997 4056
f 4283 4286 4284
f 2364 4728 2431
f 4057 4056 4097
f 4304 4286 4283
f 4283 4284 4282
f 2431 4700 4708
f 4304 4283 4287
f 4281 4283 4282
f 4700 4634 4640
f 4098 4057 4097
f 4640 4573 4597
f 4597 4485 4609
f 4446 4304 4287
f 4287 4283 4281
f 4280 4281 4282
f 4280 4282 4285
f 4280 4285 4271
f 4271 4285 4265
f 4265 4285 4290
f 4741 4691 4751
f 4098 4097 4104
f 4313 4287 4281
f 4279 4281 4280
f 4290 4289 4265
f 4313 4281 4279
f 4279 4280 4271
f 4279 4271 4270
f 4270 4271 4265
f 4260 4265 4289
f 4818 4741 4751
f 4270 4265 4264
f 4265 4260 4264
f 4098 4104 4063
f 4279 4270 4523
f 4522 4279 4523
f 4523 4270 4267
f 4267 4270 4264
f 4267 4264 4266
f 4266 4264 4262
f 2407 4818 4656
f 4266 4262 4278
f 4063 4104 4106
f 4106 4104 4105
f 2440 2408 2442
f 4063 4106 4081
f 4839 2442 4709
f 4839 4709 4664
f 4824 4839 4664
f 4081 4078 4066
f 4824 4664 4770
f 4078 4081 4116
f 4770 4663 4713
f 4813 4770 4713
f 4077 4078 4116
f 4089 4077 4116
f 4769 4713 4648
f 4089 4116 4520
f 4074 4077 4089
f 4782 4769 4648
f 4782 4648 4082
f 4780 4782 4082
f 4074 4089 4102
f 4102 4089 4520
f 4780 4082 4083
f 4781 4780 4083
f 4076 4075 4079
f 4079 4075 4074
f 4781 4083 4317
f 4083 4076 4080
f 4080 4076 4079
f 4079 4074 4102
f 4090 4079 4102
f 4781 4317 4765
f 4317 4083 4084
f 4084 4083 4080
f 4080 4079 4090
f 4765 4317 4422
f 4422 4317 4084
f 4084 4080 4107
f 4107 4080 4090
f 4422 4084 4108
f 4108 4084 4107
f 8861 8863 764
f 764 672 761
f 761 652 760
f 681 776 760
f 760 776 804
f 804 776 822
f 822 776 823
f 10203 10233 10202
f 886 863 951
f 7326 7305 7321
f 950 863 861
f 7321 7305 7298
f 7298 7309 7315
f 7315 7309 7333
f 7333 7309 7338
f 953 861 926
f 861 840 926
f 7354 7338 7364
f 10651 7364 10649
f 952 937 4767
f 4715 952 4767
f 4779 935 4763
f 4763 935 949
f 949 935 844
f 9298 9338 9339
f 949 844 948
f 844 889 948
f 948 889 947
f 889 768 877
f 877 768 775
f 877 775 900
f 900 775 796
f 900 803 931
f 10640 10663 10641
f 931 859 954
f 4773 925 4745
f 4704 4745 946
f 4704 946 4703
f 4005 4703 4673
f 10622 10660 10634
f 2425 2427 2428
f 4644 4646 4643
f 4016 4643 4017
f 2428 4787 2430
f 3991 4016 4015
f 3991 4015 4008
f 2434 4415 2435
f 10510 10580 10582
f 2435 4738 4771
f 3933 3934 3929
f 4771 4738 4739
f 3929 3934 3949
f 4756 4771 4739
f 3929 3949 3988
f 2432 4756 4736
f 3998 3988 3997
f 2364 4735 4728
f 3998 3997 4057
f 4635 4634 4700
f 4572 4534 4573
f 4634 4572 4573
f 4573 4534 4485
f 4634 4573 4640
f 4573 4485 4597
f 4098 3998 4057
f 4609 4485 4691
f 4062 3998 4098
f 4818 4558 4656
f 4063 4062 4098
f 2442 4656 4333
f 2442 4333 4332
f 2442 4332 4709
f 4709 4332 4448
f 4069 4065 4066
f 4065 4063 4066
f 4066 4063 4081
f 4664 4709 4448
f 4664 4448 4069
f 4664 4069 4663
f 4663 4069 4070
f 4070 4069 4066
f 4663 4070 4713
f 4070 4066 4071
f 4072 4070 4071
f 4071 4066 4078
f 4071 4078 4077
f 4648 4070 4072
f 4082 4648 4072
f 4072 4071 4073
f 4082 4072 4073
f 4073 4071 4074
f 4075 4073 4074
f 4082 4073 4076
f 4076 4073 4075
f 4082 4076 4083
f 823 830 919
f 919 830 829
f 919 829 886
f 919 886 951
f 951 863 950
f 950 861 953
f 7353 7333 7354
f 7353 7354 10183
f 10183 7354 10199
f 953 926 952
f 9305 9326 9338
f 4725 4767 4779
f 10435 10431 10433
f 10431 10432 10433
f 4763 4725 4779
f 9339 9338 4810
f 10433 10432 10434
f 10432 10436 10434
f 9339 4810 4806
f 947 889 877
f 917 877 900
f 10592 10609 10640
f 933 900 931
f 931 954 4717
f 954 4773 4032
f 4817 4784 2436
f 2436 4784 4774
f 4704 4028 4745
f 2419 2436 4774
f 10584 10623 10573
f 10573 10623 10587
f 4027 4704 4703
f 4027 4703 4005
f 2418 2422 2421
f 4673 4665 3999
f 3999 4665 3992
f 3992 4665 4646
f 4644 4643 4019
f 4019 4643 4016
f 2430 4787 2434
f 4019 4016 3991
f 2435 4415 4430
f 3943 3991 4008
f 2435 4430 4738
f 4008 3989 3943
f 3943 3989 3942
f 3943 3942 3933
f 3933 3942 3934
f 4756 4739 4681
f 4735 4602 4728
f 4728 4602 4603
f 3930 3929 3988
f 3930 3988 3998
f 4728 4603 4635
f 4634 4635 4572
f 4572 4515 4534
f 4515 4484 4534
f 4484 4421 4485
f 4534 4484 4485
f 4485 4421 4519
f 4691 4519 4518
f 3930 3998 4062
f 4012 3930 4062
f 4751 4518 4490
f 4558 4751 4490
f 4126 4088 4055
f 4055 4012 4062
f 4055 4062 4063
f 4558 4126 4119
f 4656 4558 4119
f 4119 4126 4055
f 4119 4055 4110
f 4656 4119 4333
f 4333 4119 4110
f 4110 4055 4065
f 4065 4055 4063
f 4333 4110 4332
f 4332 4110 4065
f 825 761 760
f 825 760 824
f 824 760 804
f 822 823 4795
f 823 919 4727
f 10236 7321 7341
f 7321 7315 7339
f 7341 7321 7339
f 7315 7333 7339
f 7339 7333 7340
f 7340 7333 7353
f 4746 953 952
f 9319 4815 9326
f 4715 4746 952
f 4715 4767 4714
f 4714 4767 4725
f 4587 4725 4763
f 4587 4763 4711
f 4711 4763 949
f 949 948 4711
f 4711 948 4723
f 4723 948 947
f 917 900 934
f 4804 4758 4768
f 934 900 933
f 933 931 4717
f 4717 954 4032
f 4032 4773 4745
f 4032 4745 4028
f 2419 4774 2423
f 4028 4704 4027
f 2418 2419 2423
f 2418 2423 2422
f 4005 4673 3999
f 3992 4646 4644
f 3992 4644 4019
f 2434 4787 4415
f 3992 4019 3948
f 3948 4019 3991
f 3948 3991 3914
f 3914 3991 3943
f 4738 4682 4739
f 3914 3943 3913
f 4739 4682 4681
f 3913 3943 3933
f 3910 3913 3933
f 4681 4639 4736
f 3910 3933 3929
f 4736 4639 4735
f 4639 4602 4735
f 4318 3903 3905
f 4318 3905 4421
f 4421 3905 4314
f 4603 4565 4635
f 4565 4535 4635
f 4535 4487 4515
f 4515 4337 4484
f 4337 4318 4484
f 3897 3910 3929
f 3897 3929 3930
f 4635 4535 4572
f 4572 4535 4515
f 4484 4318 4421
f 4421 4314 4519
f 4519 4314 4211
f 3899 3897 3930
f 4211 3895 4212
f 3895 3897 3899
f 3899 3930 4012
f 4519 4211 4518
f 4518 4211 4212
f 4212 3895 4210
f 4518 4212 4210
f 4210 3895 3899
f 4210 3899 4088
f 4518 4210 4490
f 4210 4088 4126
f 3899 4012 4055
f 4088 3899 4055
f 4490 4210 4126
f 764 761 857
f 4794 804 822
f 4697 4795 4727
f 4795 823 4727
f 4726 4727 919
f 4726 919 951
f 4726 951 4692
f 4692 951 950
f 7341 7339 7340
f 4692 950 953
f 4692 953 4702
f 4701 953 4746
f 4701 4746 4715
f 4811 4759 4810
f 4810 4759 4776
f 4667 4701 4715
f 4667 4715 4714
f 4775 4810 4776
f 4667 4714 4219
f 4219 4714 4586
f 4586 4714 4725
f 4586 4725 4587
f 4586 4587 4220
f 4806 4775 4758
f 4587 4711 4576
f 4576 4711 4690
f 4690 4711 4723
f 1016 947 877
f 4690 4723 4649
f 4649 4723 1016
f 4723 947 1016
f 1016 877 917
f 4783 4768 4680
f 933 4717 4031
f 4784 4783 4680
f 4784 4680 4734
f 4031 4717 4032
f 4003 4031 4032
f 4002 4003 4032
f 4002 4032 4028
f 4002 4028 4006
f 4007 4006 4028
f 4007 4028 4027
f 2424 4662 2427
f 3995 4027 4005
f 2428 2427 4662
f 2428 4662 4661
f 3995 4005 3980
f 3980 4005 3999
f 2428 4661 4787
f 4787 4661 4321
f 3977 3980 3999
f 4787 4321 4415
f 3977 3999 3992
f 3947 3977 3992
f 3947 3992 3948
f 4738 4430 4429
f 3935 3947 3912
f 3912 3947 3948
f 4682 4429 4434
f 3908 3912 3948
f 3908 3948 3909
f 3909 3948 3914
f 4682 4434 4464
f 4682 4464 4681
f 3906 3908 3902
f 3908 3909 3902
f 3909 3914 3913
f 4464 4566 4681
f 3902 3909 3901
f 3909 3913 3901
f 3906 3902 3904
f 3904 3902 3903
f 3903 3902 3900
f 3901 3913 3910
f 4681 4566 4639
f 4639 4566 4574
f 3900 3902 3901
f 3901 3910 3898
f 4318 3904 3903
f 3905 3903 3900
f 3900 3901 3898
f 4639 4574 4602
f 4602 4574 4564
f 4337 4095 3907
f 3907 3904 4337
f 4337 3904 4318
f 3905 3900 3896
f 3896 3900 3898
f 4602 4564 4603
f 4603 4564 4565
f 4564 4535 4565
f 4095 4337 4487
f 4314 3905 3896
f 3898 3910 3897
f 3896 3898 3897
f 4314 3896 4211
f 3895 3896 3897
f 4211 3896 3895
f 857 761 825
f 936 824 804
f 936 804 4794
f 4794 822 4795
f 4685 4727 4726
f 4685 4726 4686
f 4686 4726 4692
f 4702 953 4701
f 4775 4776 4743
f 4170 4667 4219
f 4178 4220 4587
f 4178 4587 4165
f 4165 4587 4576
f 4576 4690 4649
f 4576 4649 4575
f 4649 1016 4024
f 4575 4649 4024
f 1016 917 4023
f 1016 4023 4024
f 4023 917 934
f 4023 934 4025
f 4680 4768 4674
f 4025 934 4033
f 4033 934 933
f 4033 933 4031
f 4680 4498 4734
f 4734 4498 4571
f 4033 4031 3993
f 4571 4488 4489
f 3993 4031 4003
f 4774 4571 4489
f 2423 4774 4489
f 2423 4489 4469
f 3976 4002 4006
f 2423 4469 2422
f 2422 4469 4598
f 2424 2422 4598
f 3952 4007 4027
f 2424 4598 4662
f 4662 4598 4486
f 3952 4027 3995
f 4662 4486 4661
f 4486 4222 4322
f 4661 4486 4322
f 4322 4222 4221
f 4221 4207 4208
f 4322 4221 4321
f 4661 4322 4321
f 4221 4208 4316
f 3970 3995 3980
f 4321 4221 4316
f 4315 4208 4209
f 4316 4208 4315
f 4209 4308 4315
f 4321 4316 4415
f 4415 4316 4315
f 3980 3977 3935
f 3970 3980 3935
f 4429 4430 4315
f 4429 4315 4308
f 4429 4308 4416
f 4434 4429 4416
f 3935 3977 3947
f 3915 3935 3912
f 4464 4434 4433
f 4464 4433 4465
f 3915 3912 3911
f 3915 3911 3916
f 3911 3912 3908
f 4566 4465 4516
f 3911 3908 3906
f 4574 4566 4516
f 4096 3911 4095
f 4095 3911 3907
f 3907 3911 3906
f 3907 3906 3904
f 4574 4516 4564
f 4564 4516 4456
f 4564 4456 4466
f 4444 4096 4095
f 4466 4444 4487
f 4487 4444 4095
f 4564 4466 4535
f 4535 4466 4487
f 857 825 936
f 936 825 824
f 936 4794 4671
f 4647 4794 4795
f 4647 4795 4697
f 4685 4697 4727
f 4815 4823 4729
f 4811 4815 4729
f 4811 4729 4759
f 4157 4702 4701
f 4157 4701 4158
f 4158 4701 4159
f 4159 4701 4667
f 4776 4759 4743
f 4170 4159 4667
f 4775 4743 4694
f 4775 4694 4758
f 4156 4170 4219
f 4219 4586 4220
f 4156 4219 4220
f 4156 4220 4141
f 4141 4220 4178
f 4165 4576 4218
f 4218 4576 4575
f 4218 4575 4130
f 4674 4499 4680
f 4130 4575 4024
f 4680 4499 4498
f 4498 4499 4447
f 3945 4023 4025
f 4498 4447 4439
f 4498 4439 4488
f 4488 4439 4438
f 4438 4323 4330
f 4488 4438 4489
f 4489 4438 4469
f 4469 4438 4330
f 4185 4195 4187
f 4187 4195 4215
f 4469 4330 4472
f 4472 4330 4320
f 4187 4215 4196
f 3993 4003 3975
f 4472 4320 4193
f 4184 4185 4186
f 3975 4003 4002
f 4469 4472 4193
f 4191 4188 4192
f 4192 4188 4184
f 4185 4187 4186
f 4186 4187 4190
f 4190 4187 4196
f 3975 4002 3976
f 4192 4184 4186
f 4196 4216 4201
f 4469 4193 4598
f 4191 4192 4223
f 4190 4196 4201
f 4598 4193 4191
f 4598 4191 4486
f 4486 4191 4223
f 3976 4006 4007
f 4222 4223 4192
f 4222 4192 4207
f 4207 4192 4186
f 4207 4186 4190
f 3952 3976 4007
f 4486 4223 4222
f 4222 4207 4221
f 4207 4190 4208
f 4208 4190 4209
f 4190 4201 4209
f 4209 4201 4297
f 3952 3995 3970
f 4297 4298 4308
f 3951 3952 3970
f 4209 4297 4308
f 4308 4298 4299
f 4308 4299 4416
f 4299 4329 4416
f 3951 3970 3919
f 4416 4329 4433
f 3919 3970 3935
f 4434 4416 4433
f 4433 4435 4465
f 3916 3919 3915
f 3915 3919 3935
f 4465 4435 4463
f 4465 4463 4516
f 3917 3916 3911
f 4096 3917 3911
f 4516 4463 4456
f 4456 4091 4466
f 4091 3917 4466
f 4466 3917 4444
f 3917 4096 4444
f 4752 8862 945
f 945 857 936
f 4671 4794 4647
f 4578 4647 4697
f 9259 9322 9341
f 4578 4697 4685
f 4577 4578 4685
f 4577 4685 4686
f 4577 4686 4579
f 4579 4686 4692
f 4579 4692 4153
f 4153 4692 4702
f 4157 4153 4702
f 4759 4729 4555
f 4157 4158 4144
f 4743 4555 4526
f 4143 4159 4170
f 4743 4526 4694
f 4143 4170 4156
f 4140 4143 4156
f 4694 4526 4339
f 4674 4694 4339
f 4140 4156 4141
f 4136 4140 4141
f 4142 4141 4178
f 4339 4454 4499
f 4136 4134 4135
f 4136 4141 4134
f 4134 4141 4142
f 4142 4178 4165
f 4499 4454 4447
f 4454 4312 4447
f 4132 4142 4165
f 4134 4142 4132
f 4165 4218 4129
f 4447 4312 4311
f 4132 4165 4129
f 4129 4218 4130
f 4130 4024 4022
f 4022 4024 4023
f 4447 4311 4439
f 3945 4022 4023
f 4296 4311 4179
f 4131 4129 4128
f 4439 4311 4296
f 4179 4138 4180
f 4128 4129 4127
f 4127 4129 4130
f 4130 4022 4127
f 4127 4022 4021
f 4021 4022 3945
f 4021 3945 3944
f 3941 3945 4025
f 4296 4179 4181
f 4181 4179 4180
f 4131 4128 4168
f 3941 4025 3940
f 3940 4025 4033
f 4182 4138 4133
f 4182 4133 4168
f 4168 4128 4125
f 4125 4128 4127
f 4438 4296 4323
f 4323 4296 4181
f 4194 4181 4180
f 4180 4138 4182
f 3940 4033 3993
f 4182 4168 4195
f 4125 4127 4021
f 4183 4194 4180
f 4183 4180 4182
f 4182 4195 4185
f 4195 4168 4215
f 4215 4168 4125
f 3946 3940 3993
f 4330 4323 4181
f 4183 4182 4188
f 4181 4194 4183
f 4183 4188 4189
f 4330 4181 4320
f 4320 4181 4183
f 4188 4182 4184
f 4184 4182 4185
f 4216 4125 4124
f 3946 3993 3975
f 4193 4183 4189
f 4215 4125 4216
f 3936 3946 3975
f 4320 4183 4193
f 4189 4188 4191
f 4193 4189 4191
f 4201 4216 4124
f 3975 3976 3936
f 4201 4124 4297
f 3936 3976 3926
f 4295 4297 4115
f 3926 3976 3952
f 4297 4295 4298
f 3926 3952 3923
f 4298 4295 4299
f 3923 3952 3951
f 4299 4295 4197
f 3922 3923 3951
f 3921 3923 3922
f 4329 4299 4224
f 3921 3922 3920
f 3922 3951 3919
f 3920 3922 3919
f 4433 4329 4224
f 4433 4224 4435
f 3921 3920 3918
f 3925 3921 3918
f 3918 3920 3919
f 4435 4224 4093
f 3918 3919 3916
f 3925 3918 4092
f 4463 4435 4093
f 4463 4093 4325
f 4325 4092 4091
f 4091 4092 3918
f 4091 3918 3917
f 3917 3918 3916
f 4325 4091 4456
f 4463 4325 4456
f 4752 945 936
f 4595 4752 936
f 4595 936 4671
f 4595 4671 4591
f 9144 4744 4719
f 4529 4591 4671
f 4529 4671 4647
f 4529 4647 4578
f 4528 4529 4578
f 9341 4594 4584
f 4167 4528 4578
f 4167 4578 4577
f 4167 4577 4152
f 4786 4584 4414
f 4152 4577 4579
f 4152 4579 4151
f 4786 4414 4169
f 4786 4169 4729
f 4151 4579 4153
f 4729 4169 4164
f 4152 4151 4148
f 4150 4151 4153
f 4150 4153 4147
f 4147 4153 4157
f 4729 4164 4555
f 4164 4163 4555
f 4163 4152 4148
f 4151 4150 4148
f 4555 4163 4161
f 4161 4163 4148
f 4148 4150 4147
f 4148 4147 4145
f 4147 4157 4144
f 4145 4147 4144
f 4555 4161 4292
f 4292 4161 4160
f 4160 4161 4148
f 4148 4145 4149
f 4555 4292 4526
f 4160 4148 4149
f 4158 4159 4144
f 4292 4160 4213
f 4144 4159 4143
f 4144 4143 4145
f 4526 4292 4338
f 4338 4292 4213
f 4160 4149 4162
f 4154 4149 4145
f 4213 4160 4162
f 4162 4149 4154
f 4154 4145 4146
f 4145 4143 4139
f 4139 4143 4140
f 4526 4338 4339
f 4146 4145 4139
f 4339 4338 4213
f 4339 4213 4198
f 4198 4213 4162
f 4198 4162 4154
f 4154 4146 4155
f 4139 4140 4136
f 4155 4146 4139
f 4339 4198 4454
f 4454 4198 4312
f 4137 4155 4139
f 4198 4154 4171
f 4312 4198 4171
f 4171 4154 4155
f 4139 4136 4137
f 4137 4136 4135
f 4312 4171 4311
f 4179 4171 4155
f 4166 4155 4137
f 4179 4155 4166
f 4311 4171 4179
f 4138 4166 4137
f 4138 4137 4135
f 4138 4135 4133
f 4135 4134 4133
f 4133 4134 4132
f 4133 4132 4131
f 4131 4132 4129
f 3944 3945 3941
f 4021 3944 4068
f 4125 4021 4124
f 4124 4021 4068
f 3944 3941 3939
f 3939 3941 3940
f 4068 3944 3939
f 3939 3940 3937
f 3940 3946 3937
f 4068 3939 3938
f 3938 3939 3937
f 4297 4124 4068
f 3937 3946 3936
f 4068 3938 4115
f 4297 4068 4115
f 3938 3937 3932
f 4115 3938 4099
f 3938 3932 4099
f 3932 3937 3936
f 3932 3936 3927
f 4099 3932 3931
f 3936 3926 3927
f 3931 3932 3927
f 4115 4099 4295
f 4295 4099 4197
f 3928 3931 3927
f 3928 3927 3924
f 4197 4099 3931
f 3924 3927 3926
f 3924 3926 3923
f 4197 3931 4094
f 3931 3928 4094
f 3924 3923 3921
f 3928 3924 3925
f 3925 3924 3921
f 4224 4197 4094
f 4094 3928 4093
f 4093 3928 3925
f 4224 4094 4093
f 4093 3925 4092
f 4744 4752 4595
f 4744 4595 4719
f 4592 4595 4591
f 4719 4595 4593
f 4593 4595 4592
f 4303 4592 4591
f 4593 4592 4303
f 4176 4303 4591
f 4176 4591 4529
f 4594 4719 4593
f 4594 4593 4303
f 4594 4303 4302
f 4174 4176 4529
f 4302 4303 4176
f 4174 4529 4528
f 4594 4302 4584
f 4302 4176 4175
f 4584 4302 4175
f 4175 4176 4174
f 4174 4528 4172
f 4173 4175 4174
f 4173 4174 4172
f 4172 4528 4167
f 4584 4175 4414
f 4414 4175 4173
f 4172 4167 4169
f 4173 4172 4169
f 4414 4173 4169
f 4164 4169 4167
f 4164 4167 4152

