# https://github.com/mikedh/trimesh
v -0.25690088 0.00974944 0.28057557
v -0.25821334 -0.01373028 0.28364459
v -0.25938028 -0.04075328 0.28578240
v -0.12741153 0.03291939 -0.20191325
v -0.12744215 0.04231995 -0.20532256
v -0.12730430 0.03159191 -0.20104332
v -0.02053341 -0.03707742 0.05578868
v -0.03541497 -0.03729964 0.07211120
v -0.04205263 -0.03692336 0.07910953
v -0.01606374 -0.05251906 -0.18978895
v 0.01646804 -0.05339196 -0.19925565
v 0.07746357 -0.05256031 -0.18898141
v 0.06314775 -0.05379036 -0.21030311
v -0.00849569 -0.05405305 -0.21176863
v -0.08393174 -0.05337979 -0.20680417
v -0.08393651 -0.05430970 -0.22910389
v -0.11974170 -0.05272346 -0.20750931
v -0.12438778 -0.05387060 -0.23010735
v 0.07530536 -0.05456056 -0.23631664
v 0.10095948 -0.05396201 -0.22880131
v 0.12143978 -0.05221931 -0.18783176
v 0.04433493 -0.05458924 -0.23662302
v -0.04127671 -0.05466280 -0.23684640
v 0.12909019 -0.05338242 -0.22854446
v 0.14662267 -0.05239653 -0.19621302
v 0.14411551 -0.05306112 -0.21413536
v 0.15271606 -0.05245152 -0.19125302
v -0.14506811 -0.05342555 -0.20288506
v -0.08408467 -0.05480111 -0.23631456
v -0.11152703 -0.05459741 -0.23561724
v 0.11623954 -0.05459569 -0.23552746
v -0.09228280 -0.05130457 -0.18809839
v -0.12611082 -0.05097525 -0.19036879
v 0.14941251 -0.05336044 -0.20908400
v -0.14048100 -0.05141893 -0.19061431
v -0.14349668 -0.05521869 -0.22572486
v 0.14190069 -0.05422901 -0.22512372
v 0.09257158 -0.05176961 -0.18483785
v 0.13056861 -0.05161037 -0.18518314
v 0.14799339 -0.05183251 -0.18753505
v -0.15419696 -0.05332404 -0.19258344
v 0.03975260 -0.05156014 -0.18582220
v -0.15243548 -0.05680668 -0.22360238
v -0.15750243 -0.05693843 -0.21205610
v -0.15828340 -0.05616084 -0.20021598
v -0.15070730 -0.05703743 -0.22764184
v -0.14063399 -0.05645043 -0.23174086
v -0.12908973 -0.05579822 -0.23533681
v -0.13216408 -0.05661892 -0.23420490
v -0.15585969 -0.05189005 -0.18837301
v 0.13007864 -0.05606765 -0.23553582
v 0.14078051 -0.05648389 -0.23151606
v 0.14910708 -0.05628716 -0.22033332
v 0.14629637 -0.05648215 -0.22746417
v 0.15691996 -0.05463034 -0.19421104
v -0.16145660 -0.05664443 -0.19070861
v 0.15628442 -0.04991828 -0.18805729
v -0.09887999 -0.04789045 -0.18457976
v -0.07324173 -0.04937209 -0.18503246
v 0.03460664 -0.05068611 -0.18503770
v -0.16182154 -0.05127022 -0.18388331
v 0.16299641 -0.05519515 -0.18895417
v -0.13056016 -0.04399765 -0.18453957
v -0.14387019 -0.04412313 -0.18455093
v -0.15192294 -0.04471627 -0.18340109
v -0.15142229 -0.06271046 -0.23219842
v -0.13887951 -0.06581257 -0.23826876
v -0.14710681 -0.07060922 -0.23695220
v -0.08049197 -0.04519790 -0.18271613
v 0.15296592 -0.04141115 -0.18274044
v 0.15889916 -0.03665940 -0.17917971
v 0.15321369 -0.03878796 -0.18132693
v 0.12202781 -0.02447271 -0.17500983
v 0.11671626 -0.04569954 -0.18220450
v 0.01242619 -0.04574218 -0.18266630
v 0.07266372 -0.04545802 -0.18198720
v -0.10703597 -0.03049116 -0.17649904
v -0.13489108 -0.03268883 -0.17901412
v -0.15073246 -0.02218208 -0.17278621
v 0.15701759 -0.02064549 -0.17160174
v 0.14433593 -0.02133379 -0.17341511
v -0.16195415 -0.02226725 -0.17045256
v 0.11121219 -0.02079605 -0.17356971
v 0.06018962 -0.02061240 -0.17427748
v -0.07192024 -0.03020714 -0.17643598
v -0.03337513 -0.02691529 -0.17547187
v -0.03818543 -0.02144774 -0.17301905
v 0.02175978 -0.02052612 -0.17428181
v 0.01541138 -0.04115688 -0.18094152
v 0.20030770 0.00483343 0.12987138
v 0.19929716 0.00201742 0.13574611
v 0.20010439 0.00246162 0.11198871
v 0.20175305 0.00471315 0.11189806
v 0.20454697 0.00667683 0.13997211
v 0.19429637 -0.00003015 0.12011686
v 0.19613586 -0.00034216 0.10477453
v 0.19608544 0.00016422 0.14220455
v 0.20580326 0.00470252 0.14446172
v 0.20719151 0.00435326 0.10112509
v 0.20498922 0.00312614 0.14923930
v 0.20621391 0.00022913 0.08865365
v 0.21198061 0.00534418 0.09619143
v 0.21795502 0.00788958 0.09424546
v 0.22203714 0.01121945 0.10085240
v 0.22386168 0.00839833 0.08915770
v 0.21906783 0.00370562 0.07937908
v 0.21805842 -0.00104993 0.07013910
v 0.21979351 -0.00125237 0.06799840
v 0.22177105 0.00886888 0.15263423
v 0.21807641 0.00976109 0.14555630
v 0.22700919 0.00959132 0.09770599
v 0.22865465 0.01239935 0.10554072
v 0.21153744 0.01548008 0.11206353
v 0.21175562 0.01263056 0.10609388
v 0.20413645 0.01274325 0.11210363
v 0.21095052 0.01635154 0.11516736
v 0.20567673 0.01515650 0.11598259
v 0.20543511 0.01526955 0.12925316
v 0.21063472 0.01622268 0.13483551
v 0.20232578 0.01320988 0.11936761
v 0.20374772 0.01240143 0.13585179
v 0.22808784 0.01504439 0.12568861
v 0.23167612 0.01324969 0.11289307
v 0.22438368 0.01413716 0.13629399
v 0.23344782 0.01365994 0.13512141
v 0.23330767 0.01232612 0.14485542
v 0.22227256 0.01254165 0.14155185
v 0.21040915 0.01379802 0.13849178
v 0.22182310 0.00214904 0.07856377
v 0.20949212 0.01003879 0.14166012
v -0.03149724 0.00039276 0.09735996
v -0.00704078 -0.00038123 0.08597027
v -0.01965707 0.00117842 0.10650682
v 0.00896774 -0.00056101 0.09370492
v -0.01288207 0.00108702 0.12096579
v 0.02333486 -0.00320362 0.06969094
v 0.03381183 -0.00308633 0.07980442
v 0.04164869 -0.00313269 0.08889390
v 0.04297154 -0.00280075 0.11180565
v 0.05766720 -0.00366916 0.10683578
v 0.04239594 -0.00261853 0.12747920
v 0.07722825 -0.00330406 0.12417461
v -0.04013689 0.00150714 0.12479729
v -0.04267100 0.00109750 0.14517404
v -0.02140402 0.00040268 0.14354390
v 0.00612820 -0.00172021 0.15161799
v 0.03980748 -0.00277826 0.14608976
v 0.02325032 -0.00267968 0.16777301
v 0.09117316 -0.00321324 0.13746715
v 0.05484152 -0.00312780 0.16706392
v -0.00885876 -0.00198393 0.16747287
v -0.02546555 -0.00187663 0.20142752
v -0.03222468 -0.00153258 0.17472461
v -0.06523245 -0.00175510 0.20121579
v -0.07629701 -0.00140698 0.18263845
v -0.07583337 0.00056482 0.14795239
v 0.10834507 -0.00268226 0.17574568
v 0.07789531 -0.00266122 0.19678928
v 0.10336890 -0.00318343 0.15121144
v 0.03413196 -0.00241577 0.19891036
v -0.12299827 -0.00178991 0.20381801
v -0.10156534 -0.00143253 0.22340654
v -0.04303106 -0.00109281 0.22233513
v 0.01335939 -0.00155392 0.22716418
v 0.04367429 -0.00149188 0.22310355
v -0.11726927 -0.00172481 0.17305854
v -0.10177059 -0.00113927 0.15907985
v -0.14385764 -0.00214042 0.17477021
v -0.15745774 -0.00115572 0.21259543
v -0.12966067 -0.00106184 0.22295743
v 0.12588780 -0.00289554 0.15687287
v 0.14982732 -0.00246697 0.17061587
v 0.15876190 -0.00188792 0.19222623
v 0.15902844 -0.00205074 0.18598765
v 0.12939824 -0.00074644 0.22339043
v 0.08858404 -0.00121542 0.22315621
v -0.13566796 -0.00229878 0.16713531
v -0.13839123 -0.00229572 0.16819809
v -0.11911628 -0.00225916 0.15095687
v -0.11800282 -0.00222030 0.15341805
v -0.14558744 -0.00198965 0.16652824
v -0.12865217 -0.00292517 0.12663984
v -0.17017163 -0.00202475 0.13726966
v -0.16789073 -0.00188046 0.18940359
v -0.17436664 -0.00187852 0.19570558
v -0.11538406 -0.00221976 0.14563046
v -0.10568413 -0.00221355 0.13369323
v -0.10143270 -0.00214211 0.12864335
v -0.14780074 -0.00384965 0.09443440
v -0.18877183 -0.00122571 0.14133801
v -0.17927445 -0.00207855 0.09900874
v -0.15783644 -0.00207707 0.18965501
v -0.16863942 -0.00214801 0.19881020
v 0.17811815 -0.00109655 0.19685031
v 0.16489463 -0.00248557 0.16096920
v 0.15381244 -0.00458847 0.11807820
v 0.11242764 -0.00356520 0.14147516
v 0.10816329 -0.00430820 0.10350054
v 0.08623410 -0.00354177 0.11360957
v 0.07677006 -0.00398063 0.10287654
v 0.09293197 -0.00489969 0.07254238
v 0.15682773 -0.00610872 0.08041205
v 0.11193808 -0.00654422 0.02811164
v 0.07597832 -0.00525129 0.04306501
v 0.04766399 -0.00427261 0.06971319
v 0.11304583 -0.00923546 -0.04014242
v 0.16940801 -0.00761381 0.02727049
v 0.17796454 -0.01068731 -0.03703893
v 0.08489157 -0.00884959 -0.03904293
v 0.08978282 -0.01266694 -0.10606126
v 0.05772228 -0.01244338 -0.10381220
v 0.02923253 -0.00492225 0.04662600
v 0.06357134 -0.00699853 0.00692873
v 0.02073117 -0.01333114 -0.10213867
v 0.03564336 -0.00870869 -0.01500270
v 0.01647064 -0.00681642 0.01979942
v 0.01843743 -0.00544899 0.04022916
v 0.18072976 -0.00935505 -0.00802660
v 0.17585140 -0.00594674 0.07498035
v 0.19652544 -0.00679269 0.03666914
v 0.20606084 -0.01024122 -0.04182488
v 0.00249258 -0.00620876 0.02701756
v -0.17776608 -0.00142053 0.21009354
v -0.10634232 -0.00334207 0.10907468
v -0.12930804 -0.00422931 0.09764782
v -0.09432190 -0.00882148 0.03496576
v -0.12381871 -0.00831554 0.02897698
v -0.07530358 -0.00816724 0.04182463
v -0.08153555 -0.00432139 0.09082749
v 0.17635635 -0.00485940 0.09257779
v 0.14574842 -0.00096138 0.21252170
v 0.16458902 -0.00177924 0.19719125
v 0.13813072 -0.01345872 -0.09156974
v 0.16422379 -0.01203614 -0.06188980
v 0.12634696 -0.01740000 -0.14552091
v 0.11591806 -0.01414613 -0.11263134
v 0.11198998 -0.01715320 -0.15079196
v 0.10755366 -0.01860338 -0.17067446
v 0.09623192 -0.01486447 -0.13194716
v 0.18258992 -0.01294617 -0.07777957
v 0.15416230 -0.01906781 -0.16771097
v 0.20210101 -0.01264717 -0.08077111
v 0.20781653 -0.01153827 -0.06363411
v 0.19099122 -0.01420522 -0.10977272
v 0.21158652 -0.01062542 -0.04694930
v 0.08478290 -0.01832645 -0.17142293
v 0.08418585 -0.01692085 -0.15020505
v 0.01831408 -0.01722452 -0.14559107
v 0.03942994 -0.01855150 -0.17249966
v -0.08207196 -0.02018974 -0.16643301
v -0.00022906 -0.01899715 -0.17098455
v -0.01793016 -0.01762847 -0.13755263
v -0.04848293 -0.01856950 -0.13963538
v -0.08569563 -0.01929416 -0.14825523
v -0.12374762 -0.01958188 -0.14998674
v -0.12670220 -0.02042696 -0.16731386
v -0.15796384 -0.01993336 -0.16687420
v -0.14897504 -0.01926318 -0.14836276
v -0.09787232 -0.01782519 -0.07886565
v -0.12922350 -0.01916608 -0.12250806
v -0.06775692 -0.01718163 -0.07620386
v -0.07817080 -0.01631825 -0.05362920
v -0.09443481 -0.01533174 -0.03752563
v -0.07987078 -0.01414662 -0.02247638
v -0.12461987 -0.01718264 -0.08702507
v -0.02966494 -0.01661501 -0.11003406
v -0.04410871 -0.01516045 -0.05234436
v -0.15080135 -0.01856703 -0.12101146
v -0.04980560 -0.01103322 0.00520704
v -0.07559305 -0.01155487 0.00561926
v -0.04322394 -0.01359494 -0.02868479
v -0.09490265 -0.01160232 0.00395685
v -0.12572497 -0.01034797 0.00254475
v 0.21047865 -0.00758851 -0.00697926
v 0.16016063 -0.01509640 -0.09945534
v 0.20301944 -0.00784570 0.00214867
v 0.01227885 -0.01543981 -0.12512560
v 0.00125586 -0.01293621 -0.07323319
v 0.00962098 -0.00964017 -0.01498138
v -0.01216112 -0.00825508 0.01422991
v -0.02567692 -0.00560374 0.04787987
v -0.05322472 -0.00435664 0.07446178
v -0.08544637 -0.00234431 0.11033090
v 0.18121110 -0.01530318 -0.14379191
v -0.10951500 -0.00208211 0.14598328
v -0.10115318 -0.00165680 0.13845301
v 0.15485398 -0.01734602 -0.15013628
v 0.15496114 -0.01605360 -0.11437191
v 0.12273992 -0.01543800 -0.12130172
v -0.06408593 0.00015240 0.12296621
v 0.14461412 -0.00006071 0.22324196
v -0.14385878 -0.00587631 0.05116761
v 0.02770663 0.00039145 0.24280545
v 0.19678164 -0.00542183 0.06036006
v 0.21671854 -0.00608564 0.03480279
v 0.21394160 -0.00667231 0.01130808
v -0.09279267 -0.00210029 0.12102474
v 0.16935305 -0.01751326 -0.15851787
v 0.21883681 -0.00493167 0.04871450
v 0.17705029 -0.00272701 0.13255002
v 0.17793646 -0.00363590 0.10747354
v 0.19204877 -0.00019830 0.17909577
v -0.01481012 -0.00313828 0.06274547
v 0.00105231 -0.00488409 0.04596172
v -0.14129558 -0.00821679 0.01099811
v -0.07111634 -0.00362847 0.09203043
v -0.17100504 -0.01866180 -0.16010323
v -0.16589308 -0.01781596 -0.14203562
v 0.00369562 0.00028178 0.24267744
v -0.03091167 0.00059599 0.23496242
v 0.18807471 -0.01472548 -0.13501687
v -0.03349491 -0.00250812 0.07370450
v -0.12463769 -0.01352841 -0.04180818
v -0.13937338 -0.01461694 -0.07114303
v -0.16514780 -0.01602910 -0.10513552
v 0.17015980 -0.00037205 0.20687681
v 0.06399103 0.00125214 0.23935065
v 0.19262743 -0.01475555 -0.12446353
v 0.10951795 -0.00380310 0.14754243
v 0.10045227 -0.00436317 0.13812760
v -0.14263897 -0.00083554 0.22029373
v -0.04282722 -0.00226644 0.08096896
v -0.09821006 -0.00202838 0.13143241
v -0.06955976 -0.00233588 0.10307461
v -0.07634116 -0.00225386 0.10986004
v -0.06429137 -0.00225166 0.09910399
v -0.05751907 -0.00226317 0.09303059
v -0.08232364 -0.00212987 0.11606289
v -0.10494085 -0.00223516 0.13900897
v -0.08256540 -0.00277167 0.10342593
v -0.07744748 -0.00007967 0.22806825
v -0.16988476 -0.00421201 0.02077217
v -0.18929183 -0.00127364 0.10039631
v -0.18810871 -0.00077319 0.18368809
v -0.18313396 -0.00139782 0.20448051
v -0.16751154 -0.01696868 -0.12429913
v -0.14353378 -0.00922830 -0.00924871
v -0.14980119 -0.01109932 -0.04413422
v 0.15172002 0.00014082 0.21762772
v -0.19422697 -0.00124025 0.06188167
v -0.16834804 -0.01159807 -0.06992975
v 0.18809716 0.00051581 0.20743513
v -0.15516080 -0.00600589 0.02322822
v -0.14655626 -0.00237214 0.17486565
v -0.15360165 -0.00249724 0.17910957
v 0.21260388 -0.00334723 0.06520756
v 0.19786207 -0.00293852 0.08102442
v -0.17975149 -0.01514946 -0.11938227
v -0.15792833 -0.00657545 -0.00582356
v -0.19587484 -0.01034593 -0.08641612
v -0.08853538 -0.00212664 0.12179759
v -0.09310042 -0.00211769 0.12589172
v 0.19627886 -0.01496987 -0.11103728
v 0.19923145 -0.01452904 -0.09982911
v -0.02768736 0.00470283 0.25790575
v -0.05421782 0.00513091 0.25737002
v -0.07645041 0.00289258 0.24243930
v 0.02794407 -0.00538278 0.05234566
v 0.02279048 -0.00561011 0.04607588
v -0.18838146 -0.00154329 0.02212784
v -0.20870186 -0.00000317 0.02187324
v -0.20977135 0.00032043 0.05805720
v -0.22412069 0.00036951 0.02709594
v -0.21983369 -0.00005101 0.01265454
v -0.22706141 0.00107609 0.04944377
v -0.22608376 0.00203107 0.06618761
v -0.21519741 0.00336036 0.08322117
v -0.22735316 0.00398186 0.08371101
v -0.21743985 0.00041443 -0.00417695
v -0.19849862 0.00094795 -0.01700058
v -0.21596846 0.00113391 -0.02535122
v -0.21383607 0.00108639 -0.03048507
v -0.19249296 0.00017770 -0.04136575
v -0.21252099 0.00054666 -0.04368581
v -0.18901135 0.00013615 -0.02774048
v -0.20480022 -0.00076421 -0.05152223
v -0.18840370 0.00009309 -0.01011731
v -0.20281743 0.00124626 0.08317340
v -0.22843212 0.00737980 0.10144714
v -0.21592543 0.00675125 0.10024750
v 0.10029026 -0.00351240 0.12888630
v -0.16710384 -0.00529697 -0.01737181
v -0.16751570 -0.00882668 -0.04804774
v -0.17638075 -0.00380385 -0.02886396
v -0.18334086 -0.00342051 -0.04271270
v -0.18138742 -0.00832787 -0.06147141
v -0.19426376 -0.00874821 -0.07485159
v -0.19296899 -0.00450787 -0.05676996
v -0.20901877 -0.00361595 -0.06330800
v -0.19689421 -0.01114795 -0.10240047
v -0.20078185 -0.01111474 -0.09591500
v -0.20280316 -0.01009208 -0.08691657
v -0.22913121 0.00236365 0.08308253
v 0.16987845 -0.01815129 -0.16135311
v -0.04930073 -0.00485807 0.07457612
v -0.02566888 -0.00573673 0.05387346
v -0.01956871 -0.00594067 0.04756758
v -0.01241916 -0.00590686 0.04089287
v -0.00663714 -0.00622639 0.03569309
v 0.11690331 0.00347968 0.24386291
v 0.12549946 0.00343922 0.24233872
v 0.07545372 0.00441340 0.25143200
v -0.00106734 0.00477282 0.26182973
v -0.04782632 0.00710410 0.26590064
v -0.08041342 -0.00318009 0.10497639
v 0.00805993 -0.00563905 0.04673920
v -0.08104500 0.00764526 0.26138756
v -0.06364090 0.00755399 0.26475656
v 0.04235420 0.00646557 0.26579186
v 0.20326447 0.00249191 0.18918335
v 0.20309244 0.00201925 0.16532084
v -0.19498794 0.00023968 0.10345417
v -0.21123989 -0.00191961 -0.05297396
v -0.15937559 -0.00230520 0.18353328
v -0.20392054 -0.00721108 -0.07719447
v 0.18367246 -0.01780127 -0.14649458
v -0.18011980 -0.01507161 -0.14654176
v -0.11669287 -0.00257677 0.15031870
v 0.05980166 -0.00465066 0.10353138
v 0.06672578 -0.00516307 0.10833859
v -0.05455511 -0.00507634 0.08005075
v 0.14534347 0.00186984 0.22611919
v -0.10918187 0.00390719 0.24066174
v -0.18715927 -0.01298050 -0.12656227
v -0.17755516 -0.01446648 -0.13732219
v -0.18542223 -0.01345041 -0.13540310
v -0.19198480 -0.01375648 -0.12623934
v -0.19132370 -0.01187011 -0.11621206
v 0.20532152 0.00439854 0.20609534
v -0.12111960 0.00053560 0.22763598
v -0.06396247 -0.02085423 -0.17061479
v -0.11282085 -0.02198956 -0.17137064
v -0.00735868 -0.00542061 0.04886737
v -0.14344250 -0.02187883 -0.17280051
v -0.07592383 -0.00471664 0.10091737
v -0.20547189 0.00447830 0.10288297
v -0.19315147 -0.00005765 0.12538099
v -0.18404967 -0.01512741 -0.14375575
v 0.09349088 -0.00522421 0.13161452
v 0.09494330 -0.00446475 0.12733611
v 0.09195193 -0.00512336 0.12538053
v -0.19197571 0.00043887 0.18790501
v 0.19861452 0.00426851 0.21521196
v 0.01169691 -0.00606216 0.03653132
v 0.08773758 -0.00488468 0.12935522
v -0.05958861 -0.00511923 0.08550874
v 0.22343969 0.00772633 0.17915174
v 0.22669740 0.00907400 0.19166362
v 0.22284363 0.00952387 0.21081664
v 0.23769544 0.01158611 0.20471019
v 0.23717472 0.01310848 0.22097656
v 0.22332002 0.01307314 0.22706629
v 0.21820168 0.00979945 0.21749905
v 0.23602229 0.01411920 0.23047401
v 0.21529973 0.01422292 0.23126647
v 0.22213604 0.01583082 0.24409527
v 0.21692748 0.01719421 0.25162709
v 0.19237098 0.01548297 0.22706437
v 0.18516216 0.01672201 0.23587269
v 0.17385083 0.01722035 0.25441170
v 0.17498186 0.01758922 0.27858317
v 0.19420190 0.01747177 0.27721983
v 0.20920481 0.01769165 0.27275220
v 0.16052704 0.01616323 0.24167688
v 0.21746734 0.01743342 0.26794454
v 0.17054601 0.01561689 0.22918470
v 0.16018720 0.01658251 0.26477185
v 0.15394641 0.01698879 0.27795178
v 0.13153307 0.01379602 0.26399979
v 0.14887714 0.01469429 0.25565720
v 0.11857218 0.01585848 0.27705577
v 0.15841110 0.01404999 0.22961074
v 0.11896371 0.01320333 0.26547837
v 0.06533553 0.01517253 0.27509114
v 0.14351882 0.01590714 0.28060943
v 0.08790524 0.01685495 0.28440669
v 0.15382153 0.01338127 0.23293328
v 0.21089382 0.01016521 0.22268063
v 0.05004307 0.01722567 0.27915892
v 0.04569747 0.01812253 0.28820777
v -0.00351200 0.01739782 0.27857697
v -0.04410735 0.01736574 0.27906612
v -0.05429761 0.01789906 0.28429830
v 0.14846097 0.01332692 0.24438283
v 0.14158680 0.01272881 0.25357383
v 0.23697971 0.01184498 0.17693305
v 0.07369174 0.01335671 0.26890939
v 0.17096026 0.01366910 0.22311382
v 0.18656316 0.01374180 0.22110207
v 0.20116629 0.01332439 0.22449727
v -0.10745172 0.00852725 0.25550142
v 0.11264610 0.00736181 0.25565469
v 0.08367676 0.00750190 0.25923282
v 0.05289362 0.00720248 0.26525122
v -0.15915889 0.00002484 0.21562289
v -0.05251345 0.01541930 0.27617607
v -0.06593101 0.01593331 0.28120667
v -0.08574004 0.01589092 0.27739647
v -0.09072074 0.01754939 0.28506076
v -0.11938451 0.01685112 0.28009361
v -0.11202716 0.01389125 0.26654419
v -0.14164293 0.01526689 0.26266307
v -0.15533169 0.01696557 0.27637556
v -0.15986210 0.01727880 0.27906194
v -0.16492671 0.01684611 0.25596949
v -0.18687105 0.01766867 0.27778289
v -0.17966689 0.01735309 0.24454951
v -0.15972158 0.01638921 0.23715444
v -0.17396522 0.01665736 0.22986494
v -0.20242015 0.01723941 0.23757803
v -0.19458109 0.01631100 0.22781926
v -0.21644627 0.01757910 0.25871411
v -0.21019052 0.01762892 0.26637477
v -0.20039873 0.01769183 0.27348459
v -0.14686891 0.01430848 0.24655502
v -0.22177629 0.01510268 0.23970920
v -0.18785423 0.01436374 0.22087696
v -0.13843767 0.01314825 0.25160661
v -0.12269506 0.01323418 0.26197699
v -0.21141011 0.01439418 0.23166661
v -0.21127434 0.01369671 0.21530966
v -0.23217171 0.01497547 0.22385904
v -0.20334378 0.01342016 0.22047058
v -0.21383269 0.01281205 0.19822681
v -0.23742233 0.01545580 0.19800164
v -0.22396590 0.01443185 0.20460953
v -0.21973695 0.01443769 0.18412992
v -0.19835344 0.01410241 0.22289473
v -0.23368628 0.01631914 0.17354333
v -0.23692802 0.01472823 0.21638674
v -0.21178932 0.01625631 0.15938157
v -0.21862665 0.01726354 0.14189738
v -0.20513539 0.01662072 0.14831561
v -0.20731115 0.01659541 0.13106944
v -0.23358814 0.01683527 0.12273160
v -0.23685502 0.01716833 0.12612823
v -0.23682012 0.01709058 0.16742411
v -0.22048950 0.01486019 0.11902278
v -0.21163969 0.01267710 0.18584672
v -0.23001876 0.01416096 0.11489300
v -0.07293947 0.01349010 0.27223268
v -0.16130817 0.01463063 0.23013769
v -0.23449522 0.01380799 0.23027913
v -0.12512627 0.00555835 0.23893397
v 0.12594578 0.00757801 0.25304064
v 0.04795154 0.01303553 0.27204573
v 0.16404253 -0.02207716 -0.17006759
v -0.14776574 0.01613350 0.28060851
v -0.20846291 0.01427614 0.12353150
v 0.00096537 0.00685475 0.26722878
v -0.21818048 0.01016789 0.10896222
v -0.23244277 0.00709394 0.10276524
v -0.23101437 0.00452714 0.09312813
v 0.02339165 -0.00556471 0.06121787
v 0.01719929 -0.00582653 0.05536278
v 0.01294788 -0.00575979 0.05086951
v -0.15259105 0.01368428 0.23469888
v 0.20180635 0.00794443 0.22123578
v 0.23081063 0.01071074 0.16585733
v 0.23543303 0.01229436 0.15486899
v -0.19475064 -0.01244751 -0.11316548
v -0.01709166 -0.00571983 0.05599337
v -0.02409272 -0.00547000 0.06218750
v -0.23716636 0.01514252 0.17233175
v -0.19786717 0.00966950 0.21026886
v 0.20710163 -0.01349418 -0.07577952
v 0.20247152 -0.01413968 -0.08875214
v 0.03541983 -0.00578057 0.06312472
v 0.14262789 0.00374335 0.23286977
v -0.20183425 0.00862205 0.19858566
v -0.20268762 0.00837950 0.18727581
v -0.22597727 0.01359891 0.24112827
v 0.21342105 -0.00871273 -0.00646433
v 0.04535426 -0.00433388 0.08890674
v 0.04237615 -0.00547882 0.08203737
v -0.20121181 0.00383541 0.11225493
v -0.21050346 0.00979821 0.11353940
v 0.14207567 0.00718911 0.24149373
v -0.23330873 0.01322336 0.11413640
v -0.17372473 0.01385251 0.22384164
v -0.13870586 0.00793465 0.23587702
v 0.23469657 0.01371863 0.23468874
v 0.03930494 -0.00592728 0.06781098
v 0.04286205 -0.00565281 0.07150393
v 0.04763042 -0.00564742 0.07652532
v 0.05200394 -0.00573808 0.08110737
v -0.20617093 -0.00695963 -0.07428550
v -0.22965725 0.01366566 0.23598468
v -0.20821525 0.01298004 0.17403322
v -0.20540802 0.01366660 0.16150364
v 0.21749713 -0.00708425 0.03040378
v 0.23064050 0.01371258 0.24090835
v 0.05877939 -0.00532070 0.08778409
v 0.06592057 -0.00518452 0.09441893
v 0.03801908 -0.00555278 0.07747256
v 0.03328994 -0.00553681 0.07295436
v 0.01589568 0.01356266 0.27334958
v -0.01828313 0.01435700 0.27400768
v -0.07027083 -0.00482237 0.09505450
v -0.06509633 -0.00506546 0.09046251
v 0.21223977 -0.00685650 -0.00415845
v 0.02956901 -0.00560651 0.06823785
v 0.16495326 0.00338151 0.21474986
v 0.17549032 0.00229556 0.21069132
v 0.07147441 -0.00559519 0.11238650
v -0.05196022 -0.00259276 0.08776119
v -0.17647849 -0.01892488 -0.15680419
v 0.24046592 0.01005955 0.20499045
v -0.23902735 0.01446395 0.20030804
v 0.07872228 -0.00552468 0.11029413
v 0.08812555 -0.00513757 0.12072039
v 0.08402682 -0.00533815 0.11614758
v 0.22390987 0.01388026 0.24758233
v -0.18807189 -0.01576830 -0.13815248
v -0.23611455 0.01371589 0.11863805
v -0.16301182 -0.00261722 0.19303726
v 0.07207182 -0.00599850 0.10262200
v -0.15465041 0.00444459 0.22260223
v -0.03333789 -0.00582819 0.06150822
v -0.04238849 -0.00572489 0.07012326
v -0.17308939 -0.00262065 0.20255464
v 0.17517743 0.00768874 0.21452616
v -0.22389488 -0.00157922 0.01753079
v -0.22255467 -0.00205983 0.01004399
v 0.23778631 0.01117260 0.17241904
v 0.03047198 -0.00607237 0.05746786
v 0.16858006 -0.00209417 0.20140463
v -0.23815580 0.01400643 0.21482550
v 0.21940947 0.01530439 0.25286430
v -0.17074783 0.00422339 0.21731989
v -0.18138741 0.00237209 0.21483125
v -0.19835915 -0.01294990 -0.10455123
v -0.08430945 -0.02335316 -0.17223571
v 0.07580580 -0.00574565 0.11756894
v 0.07792145 -0.00511313 0.11984079
v 0.08141267 -0.00493252 0.12359728
v 0.08413813 -0.00506989 0.12653728
v 0.18163300 -0.00148082 0.20307246
v 0.19581994 0.00206714 0.21521656
v -0.15475133 0.01498141 0.27946490
v -0.15402697 0.01516865 0.28135303
v -0.03036393 0.00941336 0.26901975
v 0.04945969 -0.00537012 0.09154523
v 0.05646001 -0.00529364 0.09855361
v -0.17030199 -0.02145484 -0.16400792
v 0.18455474 0.00979942 0.21698414
v 0.15542971 0.00992636 0.22636122
v -0.22330925 0.01374972 0.25056541
v -0.22048303 0.01478546 0.25804317
v 0.20035018 0.00280930 0.22119331
v 0.16737947 -0.00224119 0.19151291
v 0.17018306 -0.00212457 0.19451882
v -0.21834393 0.01372140 0.26248530
v -0.19850469 0.01166013 0.22166200
v -0.20275833 0.01415965 0.15177789
v -0.20276213 0.01375743 0.13425390
v -0.19820398 0.00585786 0.14737266
v -0.19845530 0.00484667 0.13089851
v -0.19798325 0.00515558 0.15491848
v -0.20349990 0.00972678 0.17052799
v -0.20438327 0.00855286 0.12032160
v -0.19090693 0.00361564 0.20784703
v -0.19813323 0.01012109 0.21620138
v -0.19169295 0.00144055 0.21363197
v -0.19764894 0.00728976 0.21962596
v -0.03544753 0.09253092 -0.25635502
v -0.00031053 0.09406662 -0.25762936
v -0.00239251 0.07489172 -0.25406000
v -0.02565982 0.07289273 -0.25301367
v -0.05692370 0.09169883 -0.25545013
v -0.00134247 0.13513421 -0.26250619
v -0.06007825 0.13742763 -0.26109913
v -0.05834430 0.10400975 -0.25686994
v -0.06017134 0.16185753 -0.26477203
v -0.00094745 0.15785262 -0.26606646
v -0.02585968 0.19857590 -0.27326030
v -0.00096496 0.19762382 -0.27411816
v -0.06078066 0.19030936 -0.26980785
v -0.04815000 0.06401026 -0.24976940
v 0.01976424 0.15630625 -0.26499218
v 0.02428329 0.09461948 -0.25718063
v 0.06436215 0.13564143 -0.26072711
v 0.06439640 0.16324748 -0.26462427
v 0.02570597 0.19475707 -0.27239850
v 0.02992198 0.07366414 -0.25299722
v 0.06500742 0.09367768 -0.25544825
v 0.06221009 0.19661541 -0.27062708
v -0.01930406 0.23549889 -0.28165641
v 0.00023890 0.24186704 -0.28396150
v 0.03294487 0.26397240 -0.28711995
v -0.00109265 0.27174774 -0.29007816
v 0.03924700 0.32152897 -0.29970720
v 0.03841237 0.30176580 -0.29511568
v -0.00106289 0.31253693 -0.29911318
v 0.06215117 0.23712777 -0.27924338
v 0.06328318 0.28576192 -0.28973803
v 0.07078128 0.34160277 -0.30228564
v -0.00164892 0.35870180 -0.30859944
v 0.04453681 0.35697272 -0.30709520
v -0.03349655 0.36040077 -0.30823931
v -0.04380611 0.31948590 -0.29911235
v -0.05284145 0.35651419 -0.30672872
v -0.02319212 0.28733417 -0.29265574
v -0.06217315 0.24098146 -0.28030920
v -0.06323702 0.27279571 -0.28694680
v -0.00044461 0.38491568 -0.31455693
v 0.03892457 0.39099669 -0.31528613
v 0.03605551 0.43283144 -0.32405052
v 0.02955493 0.47745356 -0.33387876
v 0.02822930 0.45915312 -0.32983923
v 0.00019276 0.47488713 -0.33370456
v -0.00101737 0.42987987 -0.32406691
v -0.02976843 0.44353497 -0.32647899
v -0.02501561 0.46271032 -0.33051297
v -0.06790111 0.33510005 -0.30104467
v -0.06438305 0.31375316 -0.29643899
v -0.07642592 0.38237119 -0.31127796
v -0.05189691 0.39598191 -0.31557402
v -0.02521517 0.38418034 -0.31394640
v -0.06246574 0.29889938 -0.29292461
v -0.02826357 0.47781035 -0.33389732
v -0.05343955 0.46049300 -0.32884023
v -0.00236028 0.06052690 -0.25051433
v 0.03011891 0.06094889 -0.24996738
v -0.02773191 0.05959541 -0.24964634
v 0.07478476 0.38325912 -0.31171697
v 0.07249188 0.39352635 -0.31403410
v 0.06798154 0.45839861 -0.32731077
v 0.07400102 0.42084807 -0.31933177
v -0.07419343 0.48079962 -0.33244470
v 0.07435074 0.48103300 -0.33197588
v 0.06877026 0.06669084 -0.24914727
v -0.08163131 0.45640343 -0.32602969
v -0.10098819 0.46220219 -0.32550421
v -0.09559691 0.39999533 -0.31314939
v -0.12793198 0.44115570 -0.31857222
v -0.08807176 0.07664198 -0.24932133
v -0.09375055 0.09151788 -0.25215161
v 0.10037211 0.42713293 -0.31834918
v 0.12963063 0.44656229 -0.31968191
v 0.12920955 0.39605704 -0.30912930
v 0.12375972 0.37840366 -0.30577067
v 0.11989865 0.47484189 -0.32598862
v 0.08714703 0.46062171 -0.32629666
v 0.15893345 0.45513973 -0.31917277
v 0.15896447 0.44058719 -0.31611726
v 0.15569763 0.41314381 -0.31063789
v 0.07528270 0.47281495 -0.32997337
v 0.13714725 0.47442916 -0.32447165
v 0.16381568 0.48644421 -0.32461306
v 0.13677783 0.49104467 -0.32795036
v 0.08666236 0.07015012 -0.24819832
v 0.10120696 0.36703345 -0.30524042
v 0.12639976 0.34268039 -0.29695731
v 0.09469050 0.32929853 -0.29661110
v 0.12093598 0.31490707 -0.29047590
v 0.09362765 0.28950468 -0.28731215
v 0.09829932 0.09960723 -0.25298634
v 0.11134774 0.09086129 -0.24964318
v 0.14797968 0.37852633 -0.30289084
v 0.10561536 0.49094844 -0.33155701
v 0.05363844 0.49125606 -0.33642611
v 0.02794052 0.49147981 -0.33821696
v 0.00456732 0.49162468 -0.33876646
v 0.10129298 0.21608299 -0.27013549
v 0.08481932 0.19398710 -0.26745665
v 0.11812298 0.18859060 -0.26235878
v 0.09929379 0.25532308 -0.27882549
v 0.12163648 0.26663399 -0.27835211
v 0.12115840 0.22103967 -0.26843596
v 0.11957449 0.28155035 -0.28208330
v 0.08993839 0.17337710 -0.26331443
v 0.11490160 0.16400479 -0.25882486
v 0.14074756 0.34865141 -0.29613253
v 0.09961887 0.14582962 -0.25844720
v -0.04699108 0.49108216 -0.33740687
v 0.08024929 0.49175960 -0.33413360
v 0.11400023 0.13730177 -0.25546941
v 0.11679258 0.11537382 -0.25211304
v 0.11273322 0.06621850 -0.24299093
v -0.06253688 0.49418473 -0.33661452
v -0.10202786 0.49160257 -0.33232963
v 0.17874563 0.46415639 -0.31744984
v -0.13042592 0.48896465 -0.32832783
v -0.15020752 0.42001170 -0.31161207
v -0.09630854 0.37227771 -0.30676633
v -0.14670995 0.39914855 -0.30719596
v -0.08832224 0.06462990 -0.24608825
v -0.14066863 0.47363824 -0.32335547
v -0.14771822 0.46016243 -0.32005054
v -0.16030975 0.48783579 -0.32379460
v -0.09927338 0.17063406 -0.26177049
v -0.09530637 0.13725275 -0.25762168
v -0.11005577 0.19583961 -0.26492503
v -0.09032872 0.25010270 -0.27888244
v -0.11027924 0.28720120 -0.28426480
v -0.12115286 0.35007790 -0.29833061
v -0.15163529 0.36363941 -0.29782274
v -0.14436629 0.32545039 -0.28891185
v -0.09194233 0.30217063 -0.29022530
v -0.12859984 0.26209503 -0.27588546
v -0.13933942 0.29200822 -0.28119168
v -0.11174177 0.09216646 -0.24979264
v -0.12392405 0.18125805 -0.26008675
v -0.12502971 0.22203445 -0.26786551
v -0.12016919 0.14551474 -0.25492156
v -0.10934085 0.06649777 -0.24343637
v -0.17304839 0.44054794 -0.31192219
v -0.17599803 0.48335421 -0.31980470
v -0.17156939 0.39416549 -0.30180702
v -0.17321958 0.37400588 -0.29649681
v -0.17015289 0.34689298 -0.28959537
v -0.15600844 0.29822254 -0.27941710
v -0.08443361 0.04962185 -0.24077472
v -0.14485206 0.25393540 -0.27071258
v -0.15594158 0.24061532 -0.26508862
v 0.10068624 0.05112158 -0.23955528
v 0.17327975 0.48700103 -0.32288834
v -0.13523126 0.49222091 -0.32778338
v -0.15765984 0.49132776 -0.32392341
v 0.14344645 0.26245663 -0.27296868
v 0.15858567 0.29155809 -0.27681226
v 0.14611712 0.31071022 -0.28440467
v 0.16415372 0.31969330 -0.28305086
v 0.16372547 0.36683038 -0.29657015
v 0.07472529 0.05052278 -0.24217193
v 0.03823733 0.05319074 -0.24578986
v -0.16450675 0.18826377 -0.25171259
v -0.15662390 0.15588997 -0.24796826
v -0.11439889 0.04838578 -0.23573734
v -0.17214389 0.32099602 -0.28199396
v -0.13242094 0.12476502 -0.24913806
v 0.18523543 0.48373386 -0.31956053
v 0.19010341 0.45093778 -0.31160003
v 0.17275462 0.43370020 -0.31131464
v 0.19179597 0.47913435 -0.31682202
v 0.17823052 0.37501687 -0.29512733
v 0.17096438 0.39188117 -0.30142289
v 0.14434670 0.06408088 -0.23529881
v 0.16781610 0.24535365 -0.26308131
v 0.14975630 0.23503669 -0.26509449
v 0.14628731 0.20058700 -0.25808072
v 0.14308500 0.17213993 -0.25308415
v 0.15713713 0.07106130 -0.23375677
v 0.17875755 0.28286260 -0.26957953
v 0.13726948 0.09205506 -0.24330439
v 0.14654693 0.10266972 -0.24278167
v 0.14078639 0.14789681 -0.24997932
v 0.11141981 0.04815523 -0.23633489
v 0.13019715 0.05086503 -0.23373586
v 0.14869983 0.05114171 -0.22960153
v -0.14068165 0.06090343 -0.23446965
v 0.18614100 0.41576120 -0.30295616
v 0.18042134 0.32242280 -0.27955213
v 0.17723453 0.34242541 -0.28582683
v 0.18278347 0.26478383 -0.26393935
v 0.19086458 0.21917820 -0.25019988
v 0.17060786 0.17670074 -0.24621931
v 0.16238475 0.15122680 -0.24433550
v -0.13920875 0.05116136 -0.23164545
v -0.17635521 0.26476648 -0.26592919
v -0.17753440 0.29263118 -0.27246350
v -0.16274264 0.22602797 -0.26009238
v -0.14744893 0.07326960 -0.23571965
v -0.13375124 0.09338105 -0.24423262
v -0.14841202 0.11930114 -0.24405621
v -0.03932516 0.49667013 -0.33726841
v -0.03556074 0.04815239 -0.24332042
v 0.18979436 0.18377747 -0.24212834
v 0.19123305 0.15731455 -0.23623286
v -0.18806203 0.46186480 -0.31205067
v -0.18648206 0.48280424 -0.31672636
v -0.19125476 0.23108874 -0.25336814
v -0.19370024 0.18770927 -0.24343342
v -0.18215372 0.12969634 -0.23571905
v -0.12053042 0.03687745 -0.22919720
v -0.00190534 0.04799674 -0.24377081
v 0.03443949 0.04259071 -0.24007328
v 0.19638565 0.28704789 -0.26513124
v 0.17275766 0.10136963 -0.23435634
v 0.18548010 0.13223125 -0.23460785
v -0.14802805 0.03402909 -0.22173126
v -0.16755258 0.09011652 -0.23318158
v -0.16760629 0.06355890 -0.22689158
v 0.10040621 0.03420722 -0.23039787
v 0.07598273 0.03486814 -0.23337254
v -0.16480520 0.04739454 -0.22271419
v -0.09519986 0.03277129 -0.23040929
v -0.07634274 0.02377505 -0.22702180
v 0.18976435 0.34578258 -0.28254449
v 0.12279141 0.03630085 -0.22802669
v 0.14548716 0.03212298 -0.22087431
v 0.01225997 0.49523851 -0.33819225
v 0.11077920 0.01279428 -0.21660246
v 0.13210207 0.01301755 -0.21258587
v 0.09354365 0.01289876 -0.21875870
v 0.19880006 0.25388730 -0.25556675
v 0.19023722 0.39929309 -0.29719687
v 0.07170504 0.01833971 -0.22385298
v 0.02841434 0.01795506 -0.22550939
v -0.00834320 0.02067099 -0.22742103
v -0.03795084 0.02121212 -0.22720221
v 0.05064072 0.49513578 -0.33618933
v 0.17663014 0.04650666 -0.21842262
v 0.18315403 0.09067173 -0.22837974
v 0.19595364 0.32312000 -0.27397490
v 0.18876649 0.06331024 -0.21963197
v -0.11020962 0.01338622 -0.21701963
v -0.13337928 0.01367805 -0.21362123
v -0.07934920 0.01655776 -0.22227314
v -0.08061292 0.01311192 -0.22015657
v -0.00754855 0.01326316 -0.22176456
v 0.16540921 0.49165654 -0.32379511
v 0.16663271 0.03876949 -0.21806391
v 0.20292634 0.22996904 -0.24807973
v 0.21072070 0.18451238 -0.23394528
v 0.19969134 0.16934437 -0.23503627
v -0.02251275 0.01689365 -0.22471133
v 0.19751246 0.13084894 -0.22942898
v 0.19665194 0.35856614 -0.28289673
v 0.14977570 0.01312891 -0.20847765
v 0.21593690 0.16836484 -0.22739589
v 0.19859718 0.08706840 -0.22101189
v 0.20998359 0.12062772 -0.22135812
v 0.20518066 0.47318870 -0.30986470
v 0.07948796 0.49666002 -0.33259720
v -0.15578948 0.01407413 -0.20844117
v 0.21085021 0.31067151 -0.26422083
v 0.07265568 0.01283097 -0.22002847
v 0.17015475 0.01326407 -0.20240436
v 0.10899477 0.01183519 -0.21801206
v 0.21324849 0.25090167 -0.24832068
v 0.21936662 0.20035845 -0.23366213
v 0.21380939 0.43706518 -0.29559767
v 0.20406285 0.45895803 -0.30701563
v 0.03175043 0.01432569 -0.22221358
v 0.20948827 0.33380204 -0.27012977
v 0.20869613 0.36938387 -0.27991676
v 0.22197196 0.28013894 -0.25072560
v 0.19299600 0.05119666 -0.21242923
v 0.10603611 0.49377108 -0.33089855
v 0.21084905 0.39854982 -0.28628382
v 0.22226582 0.42089739 -0.28610960
v 0.19189721 0.03264019 -0.20394340
v 0.18537526 0.01307931 -0.19562639
v 0.21396476 0.46773967 -0.30388969
v -0.10417731 0.49451250 -0.33144066
v 0.22157088 0.34118274 -0.26530871
v -0.08915145 0.49615037 -0.33272615
v 0.20723803 0.08980632 -0.21674132
v 0.22398767 0.38575193 -0.27523685
v 0.21913815 0.44891882 -0.29550716
v 0.19763592 0.48453736 -0.31383938
v 0.20457661 0.06677911 -0.21157777
v -0.18169636 0.48742265 -0.31754470
v 0.20705000 0.47804725 -0.30873376
v 0.22563139 0.22993708 -0.23633456
v 0.22622436 0.26644334 -0.24452603
v 0.23017439 0.31009117 -0.25238287
v 0.20554730 0.04657834 -0.20288022
v 0.18745339 0.48849440 -0.31773511
v 0.17870046 0.49178344 -0.31943029
v 0.19798358 0.01299948 -0.18866915
v 0.22412398 0.42611593 -0.28602338
v 0.13747074 0.49389389 -0.32699832
v 0.15668781 0.49447405 -0.32406607
v 0.23211785 0.35915610 -0.26314148
v 0.21635838 0.12533295 -0.21821699
v 0.22815017 0.19796842 -0.22721457
v 0.22354597 0.15620136 -0.21970545
v 0.23855528 0.29350919 -0.24277461
v 0.23500521 0.24077249 -0.23234990
v 0.23988186 0.32678333 -0.24922951
v 0.23623727 0.35236630 -0.25819084
v 0.20445332 0.01261808 -0.18411285
v 0.21222872 0.03077200 -0.18918644
v 0.24121578 0.27546418 -0.23574731
v 0.22059166 0.07927176 -0.20375764
v 0.23669210 0.18558307 -0.21767737
v 0.21320935 0.04885341 -0.19806224
v 0.21852322 0.06451289 -0.20033200
v 0.22325006 0.10098518 -0.20734991
v 0.22829890 0.39736646 -0.27486014
v 0.23202640 0.37482354 -0.26637536
v 0.23319685 0.15670766 -0.21195549
v 0.23174173 0.13515039 -0.20764472
v 0.21934460 0.01244049 -0.17222364
v -0.16152938 0.49275377 -0.32182711
v 0.22539431 0.03561829 -0.18035918
v 0.24288321 0.19932355 -0.21554600
v 0.24380429 0.29909655 -0.23944816
v 0.02534802 0.49720916 -0.33657679
v 0.24565813 0.23991340 -0.22237061
v 0.22350815 0.44139335 -0.28989765
v 0.22863419 0.07392527 -0.19415972
v 0.23087318 0.00699871 -0.15818910
v 0.24025570 0.15262114 -0.20361446
v 0.23362954 0.04026158 -0.17417063
v 0.23148943 0.11073378 -0.20156322
v 0.22123049 0.45618090 -0.29464617
v 0.21388383 0.47308025 -0.30293676
v 0.11117522 0.49745297 -0.32758752
v -0.13904284 0.49656546 -0.32386008
v -0.10816378 0.49723563 -0.32868382
v -0.06431594 0.49817041 -0.33308792
v 0.20444909 0.48425397 -0.30593303
v 0.21786502 0.46560746 -0.29721040
v 0.22634867 -0.46022028 -0.27088359
v 0.23076589 -0.46622679 -0.25959799
v 0.22971264 -0.48134035 -0.27193433
v 0.23373422 -0.49898437 -0.26762718
v 0.22642878 -0.44727248 -0.26776674
v 0.23107563 -0.44725591 -0.25212362
v 0.22623546 -0.43040168 -0.26161116
v 0.23076813 -0.43255770 -0.24880640
v 0.22733399 -0.41090846 -0.25385261
v 0.23538023 -0.49350408 -0.26201594
v 0.23646504 -0.50000989 -0.26065144
v 0.23378813 -0.47574511 -0.25788233
v 0.23068698 -0.50031120 -0.27279180
v 0.23167491 -0.41513515 -0.24669157
v 0.22570489 -0.40086997 -0.25199679
v 0.22265977 -0.41767132 -0.26231980
v 0.23483141 -0.46674907 -0.25443044
v 0.24007010 -0.49948835 -0.25810701
v 0.22337735 -0.43415743 -0.26626736
v 0.23182411 -0.40405402 -0.24641439
v 0.22285435 -0.39319050 -0.25311196
v 0.24768841 -0.49851191 -0.25246605
v 0.21766680 -0.39977744 -0.25729355
v 0.22843871 -0.49905226 -0.27408561
v 0.21384062 -0.38152179 -0.25679073
v 0.20853183 -0.39155370 -0.26414028
v 0.21333909 -0.40585366 -0.26284671
v 0.20990318 -0.37319344 -0.26208586
v 0.21152268 -0.36068717 -0.25698221
v 0.20596546 -0.33259270 -0.26110116
v 0.20581880 -0.35980853 -0.26530606
v 0.20971295 -0.33417988 -0.25728914
v 0.20352714 -0.31495288 -0.26168859
v 0.20120046 -0.33358204 -0.26581290
v 0.21351603 -0.33698890 -0.25479874
v 0.21342707 -0.36014786 -0.25502965
v 0.21760897 -0.38093668 -0.25507322
v 0.21023957 -0.30164120 -0.25735623
v 0.19735879 -0.31427774 -0.26526532
v 0.24240081 -0.46563080 -0.24981952
v 0.24216843 -0.44634062 -0.24685517
v 0.25604233 -0.48579571 -0.24058194
v 0.25329462 -0.46973234 -0.23977317
v 0.24815047 -0.44255248 -0.24076653
v 0.24240164 -0.42807373 -0.24527022
v 0.24493234 -0.42418620 -0.24354078
v 0.24106438 -0.40074489 -0.24541226
v 0.24396606 -0.39861009 -0.24327689
v 0.24042031 -0.38648033 -0.24517041
v 0.20083457 -0.29741120 -0.26168469
v 0.20639965 -0.28117046 -0.25712982
v 0.20496553 -0.39334047 -0.26604119
v 0.20860454 -0.41098538 -0.26546019
v 0.20055237 -0.35984671 -0.26789936
v 0.19956535 -0.34171554 -0.26717040
v 0.23523706 -0.43128294 -0.24736699
v 0.22843362 -0.38484418 -0.25076964
v 0.19150510 -0.28262192 -0.26374859
v 0.20014788 -0.25965270 -0.25663045
v 0.22716866 -0.36714771 -0.25218883
v 0.23483610 -0.38725007 -0.24698487
v 0.23481247 -0.36453846 -0.24654530
v 0.22888343 -0.34747812 -0.25163129
v 0.23668268 -0.33647496 -0.24427788
v 0.23392357 -0.30798224 -0.24354459
v 0.22486845 -0.35002309 -0.25425121
v 0.22687455 -0.32543844 -0.25221038
v 0.23911181 -0.35097966 -0.24354932
v 0.22663647 -0.30166230 -0.25027505
v 0.22793497 -0.27297455 -0.24678026
v 0.22478357 -0.26535079 -0.24869363
v 0.22066917 -0.28923148 -0.25244349
v 0.21989475 -0.30748558 -0.25341511
v 0.22295031 -0.24480535 -0.24660741
v 0.22686997 -0.25824791 -0.24519026
v 0.18875441 -0.25802645 -0.26037189
v 0.20460540 -0.23088340 -0.25006750
v 0.18575013 -0.24073544 -0.25871652
v 0.18233967 -0.22432566 -0.25718337
v 0.19120221 -0.19678365 -0.25121629
v 0.21755013 -0.22377440 -0.24512787
v 0.22279094 -0.22762963 -0.24299024
v 0.21979934 -0.20939298 -0.24205422
v 0.21677579 -0.17836022 -0.23880611
v 0.20484121 -0.17714605 -0.24372816
v 0.21275963 -0.14864179 -0.23498328
v 0.19496337 -0.14561634 -0.24167198
v 0.19599576 -0.11427703 -0.23621598
v 0.21014988 -0.12429874 -0.23214766
v 0.20821403 -0.10315626 -0.22869924
v 0.19121671 -0.08484291 -0.23087184
v 0.20642075 -0.08207917 -0.22303341
v 0.18424021 -0.12313046 -0.24151081
v 0.18917857 -0.15596670 -0.24528031
v 0.17800421 -0.20564154 -0.25640008
v 0.17293294 -0.18833059 -0.25489536
v 0.17947684 -0.10235091 -0.23910193
v 0.18654026 -0.03095195 -0.21480633
v 0.20525470 -0.06064123 -0.21599421
v 0.20647551 -0.03997437 -0.20715037
v 0.19774070 -0.02553856 -0.20703191
v 0.19407579 0.00415837 -0.19916739
v 0.20479558 -0.02160061 -0.20089576
v 0.20698738 0.00303826 -0.18976112
v 0.21084373 -0.02679122 -0.19728485
v 0.17448300 0.00440909 -0.20839413
v 0.22145116 -0.20095414 -0.23813698
v 0.17900775 -0.04401834 -0.22214429
v 0.16668217 -0.01718265 -0.21787778
v 0.15835191 0.00097373 -0.21544024
v 0.17199685 -0.07703289 -0.23498604
v 0.22141099 -0.36570412 -0.25394958
v 0.17633544 0.00944325 -0.20517905
v 0.22143252 -0.00768909 -0.17848589
v 0.19555312 0.00937925 -0.19516893
v 0.16080433 0.00929972 -0.21133433
v 0.16378513 -0.04294235 -0.22616364
v 0.22412276 -0.47519881 -0.27270445
v 0.16153654 -0.12777679 -0.24769828
v 0.20694222 -0.41636795 -0.26600465
v 0.14767370 -0.00868856 -0.22048223
v 0.15443499 -0.04864036 -0.22979368
v 0.14488365 -0.07408217 -0.23972847
v 0.16908740 -0.17006929 -0.25250754
v 0.16551356 -0.14824721 -0.24932894
v 0.22188884 -0.33286607 -0.25369900
v 0.15594433 -0.10334517 -0.24450921
v 0.16056553 -0.12601617 -0.24777444
v 0.14467794 0.00652724 -0.21713491
v 0.15433455 -0.09677771 -0.24328700
v 0.14998940 -0.08420056 -0.24075051
v 0.11453874 0.00495194 -0.22227462
v 0.20810196 -0.44545165 -0.26997426
v 0.20734495 -0.43419582 -0.26852274
v 0.12589467 -0.02142801 -0.22615738
v 0.20228969 -0.38241991 -0.26687154
v 0.13229957 -0.04269956 -0.23043039
v 0.11028523 -0.02171256 -0.22749405
v 0.09692002 -0.00244547 -0.22530618
v 0.11588473 -0.04196529 -0.23123890
v 0.20951010 -0.45830271 -0.27179199
v 0.13092220 -0.05107962 -0.23323752
v 0.08933011 -0.03001496 -0.22997810
v 0.07220113 0.00191529 -0.22597574
v 0.04650242 0.00086177 -0.22712010
v 0.04408199 -0.02348292 -0.23040423
v -0.01241402 -0.00119437 -0.22826667
v 0.04197121 -0.03930575 -0.23292203
v 0.04498391 -0.05037919 -0.23505887
v -0.00424082 -0.02950711 -0.23157993
v -0.04361671 -0.03612683 -0.23240755
v -0.00895267 0.00702675 -0.22678053
v 0.21277198 -0.48179880 -0.27311760
v 0.21738844 -0.50016612 -0.27437472
v -0.04984257 -0.00365061 -0.22807939
v -0.04238920 -0.04971140 -0.23486955
v -0.04183771 0.00715359 -0.22643115
v -0.09795125 -0.02654811 -0.22918159
v -0.09071865 -0.03980220 -0.23180546
v -0.13033797 -0.04821421 -0.23196915
v -0.08608221 0.00214356 -0.22543529
v -0.11258815 -0.05039815 -0.23351651
v -0.12420379 -0.01552176 -0.22541010
v 0.05456900 0.00966048 -0.22448669
v 0.07660154 0.00932775 -0.22343111
v -0.12333008 0.00225182 -0.22203404
v -0.14552540 -0.02229867 -0.22463787
v -0.14269270 0.00348845 -0.21917132
v -0.14921114 -0.04441296 -0.22970837
v -0.08170130 0.00949345 -0.22359894
v -0.15134156 -0.05759671 -0.23340394
v -0.12172332 0.00982531 -0.21987344
v 0.13574088 -0.06236412 -0.23662543
v -0.15807009 0.00340108 -0.21625598
v -0.17482392 -0.03062174 -0.22127944
v -0.16539878 -0.06071951 -0.23231684
v -0.17430526 -0.04676607 -0.22630244
v -0.14684400 -0.07710751 -0.24063165
v -0.17766678 -0.07951768 -0.23525360
v -0.15399192 -0.09687731 -0.24434106
v -0.18315732 -0.10715367 -0.24035171
v -0.15599376 -0.10765535 -0.24596579
v -0.16215450 -0.12949377 -0.24796408
v -0.18115750 -0.13495405 -0.24536945
v -0.18452264 -0.14989567 -0.24647200
v -0.16623351 -0.14909810 -0.24905154
v -0.16704912 -0.16074787 -0.25079772
v -0.18681096 -0.16469832 -0.24790084
v -0.17236006 -0.19024740 -0.25506455
v -0.02216964 0.01054031 -0.22521375
v -0.19004352 -0.19963764 -0.25109392
v -0.17496945 -0.20796537 -0.25719631
v -0.15637337 0.00962921 -0.21419276
v -0.17316931 0.00303487 -0.21210347
v -0.18124267 -0.24105991 -0.25847122
v -0.17645396 -0.22945726 -0.25888765
v -0.17788810 -0.24984780 -0.26060313
v 0.11507761 0.00997218 -0.21973611
v -0.18564652 -0.06095548 -0.22699262
v -0.17892772 -0.27616131 -0.26279390
v 0.14347765 0.00945025 -0.21578015
v -0.18938595 -0.03576346 -0.21753180
v -0.20730320 -0.19568075 -0.24351919
v -0.20333128 -0.16534793 -0.24106301
v -0.21066676 -0.23029435 -0.24507336
v -0.22166704 -0.21437809 -0.23909351
v -0.22367305 -0.23937871 -0.24037656
v -0.20612803 -0.26304865 -0.24899647
v -0.22637072 -0.28618774 -0.24277470
v -0.20881316 -0.28380007 -0.24990506
v -0.20725507 -0.30284625 -0.25219265
v -0.18202376 -0.30360624 -0.26406249
v -0.19179161 -0.08962085 -0.23229285
v -0.18632267 -0.00335068 -0.20897402
v -0.20348448 -0.14172943 -0.23684803
v -0.22731218 -0.31479043 -0.24436843
v -0.21832295 -0.17970432 -0.23643753
v -0.21545008 -0.15318289 -0.23288715
v -0.21037555 -0.35424352 -0.25594690
v -0.22738381 -0.33902481 -0.24713123
v -0.22850665 -0.36561471 -0.24951157
v -0.21986105 -0.40315184 -0.25626057
v -0.19323987 -0.37337369 -0.26508471
v -0.20302702 -0.39872518 -0.26219597
v -0.18978646 -0.38763294 -0.26670146
v -0.18796477 -0.37731016 -0.26660472
v -0.18580896 -0.35540137 -0.26700589
v -0.19386157 -0.41651917 -0.26513365
v -0.20897767 -0.41783947 -0.26198214
v -0.19631197 -0.43920746 -0.26882178
v -0.20446154 -0.43897185 -0.26678696
v -0.20148972 -0.45906958 -0.27159482
v -0.20037702 -0.47097760 -0.27263790
v -0.20360793 -0.48939893 -0.27362919
v -0.21507770 -0.49149758 -0.27109087
v -0.20580044 -0.49907485 -0.27475220
v -0.22109492 -0.50000697 -0.27081820
v -0.22828425 -0.48044544 -0.26476136
v -0.22282401 -0.43265203 -0.25856242
v -0.22672853 -0.46524999 -0.26295406
v -0.18704186 -0.33327878 -0.26534343
v -0.18386991 -0.34453985 -0.26717597
v -0.18237175 -0.31923291 -0.26542181
v -0.23161820 -0.49961957 -0.26675099
v -0.23063304 -0.48462078 -0.26405734
v -0.23068675 -0.39173239 -0.25064716
v -0.23103739 -0.43008840 -0.25362623
v 0.21173736 -0.48839942 -0.27238172
v 0.21253291 -0.49911097 -0.27320638
v -0.21415724 -0.13595901 -0.23097736
v -0.21277747 -0.11315428 -0.22739580
v -0.18268993 0.00905208 -0.20599152
v -0.19861846 -0.07630517 -0.22516257
v -0.21272087 -0.08938999 -0.22149414
v -0.22821184 -0.44792134 -0.25846460
v -0.19496681 -0.43325755 -0.26742548
v -0.19226889 -0.41111910 -0.26464316
v -0.21193203 -0.05874427 -0.21160555
v -0.19706979 -0.00222839 -0.20207229
v -0.21122313 -0.04006633 -0.20525515
v -0.19106288 0.00930703 -0.20101216
v 0.20457892 -0.40085056 -0.26423901
v -0.21373957 -0.03272648 -0.20070742
v -0.16035147 -0.12578359 -0.24824005
v -0.21055330 0.00130235 -0.18959244
v -0.21839286 -0.01620912 -0.18991837
v -0.20948854 0.00908717 -0.18629771
v -0.17401010 0.01454656 -0.20306496
v 0.03949067 0.01172534 -0.22246873
v 0.21387413 0.01061330 -0.17767155
v 0.19262868 -0.29343092 -0.26338574
v -0.20709336 0.01448956 -0.18293317
v -0.18349269 0.01396700 -0.19934861
v -0.19630094 0.01474964 -0.19058594
v 0.24835102 -0.49995053 -0.25086322
v -0.19109251 0.01468396 -0.19364640
v -0.20643660 -0.15884103 -0.20081510
v -0.21514188 -0.18289666 -0.20387892
v -0.18778101 -0.18159252 -0.20348695
v -0.18933360 -0.21276605 -0.20695767
v -0.18514389 -0.16760689 -0.20169204
v -0.22719061 -0.18458742 -0.20386505
v -0.22563745 -0.15713264 -0.20038201
v -0.22874403 -0.20992750 -0.20633481
v -0.19028093 -0.24108085 -0.20942116
v -0.21677537 -0.23132126 -0.20836321
v -0.19117615 -0.26459166 -0.21177043
v -0.21688680 -0.27059364 -0.21270594
v -0.19075195 -0.29392835 -0.21465446
v -0.23029523 -0.21943761 -0.20690173
v -0.23178811 -0.23951739 -0.20884444
v -0.21047565 -0.30308437 -0.21652439
v -0.23732492 -0.30540058 -0.21660255
v -0.23396428 -0.26638216 -0.21219046
v -0.23835281 -0.32194537 -0.21885696
v -0.22905493 -0.33107173 -0.22007065
v -0.19325648 -0.33211601 -0.21984288
v -0.19177291 -0.32153845 -0.21867289
v -0.19666280 -0.35830784 -0.22226600
v -0.21693367 -0.35435048 -0.22214252
v -0.23883198 -0.33883315 -0.22034651
v -0.24135621 -0.38143975 -0.22388086
v -0.21978994 -0.39829445 -0.22486325
v -0.19889601 -0.38968140 -0.22417720
v -0.24233745 -0.40031284 -0.22490697
v -0.22756143 -0.19203515 -0.20421802
v -0.22525835 -0.13503632 -0.19712581
v -0.21113549 -0.09940704 -0.19158120
v -0.22533660 -0.10616832 -0.19257288
v -0.18338960 -0.15035699 -0.19899242
v -0.18128726 -0.13434340 -0.19645947
v -0.17937918 -0.10555558 -0.19144388
v -0.22432207 -0.08305998 -0.18834011
v -0.20244810 -0.41457769 -0.22494946
v -0.21519566 -0.08699746 -0.18902989
v -0.24332644 -0.41948840 -0.22514209
v -0.20644665 -0.44980386 -0.22513260
v -0.23517136 -0.46759933 -0.22563100
v -0.20805670 -0.47760701 -0.22516635
v -0.24555467 -0.44464189 -0.22503987
v -0.24751268 -0.46505967 -0.22476293
v -0.24977568 -0.48117149 -0.22433929
v -0.22208887 -0.49914172 -0.22453171
v -0.25129467 -0.49899182 -0.22342570
v -0.20913935 -0.49916527 -0.22478768
v -0.22529219 -0.07300013 -0.18533804
v -0.18940568 -0.09050991 -0.18776587
v -0.17613821 -0.09320872 -0.18836074
v -0.17721604 -0.11162976 -0.19313544
v -0.19422057 -0.08218601 -0.18447541
v -0.17668380 -0.08368793 -0.18413906
v -0.19512691 -0.35598263 -0.22260875
v -0.19361496 -0.07571913 -0.18064784
v -0.17877185 -0.07225851 -0.17753021
v -0.24993540 -0.50055212 -0.22445054
v -0.18611670 -0.18294938 -0.20461302
v -0.22618654 -0.06666329 -0.18156493
v -0.19293533 -0.06869530 -0.17548160
v -0.20788980 -0.06542682 -0.17546311
v -0.22787684 -0.05831051 -0.17463048
v -0.19005807 -0.26722017 -0.21286568
v -0.18250310 -0.06304469 -0.16947854
v -0.20694676 -0.05973590 -0.16866368
v -0.22575185 -0.14582968 -0.19825029
v -0.04218706 0.00671427 0.27935097
v 0.04617440 -0.00417576 0.27874932
v -0.04263875 -0.00378770 0.27878606
v -0.10522044 0.00635569 0.27871665
v 0.05307136 0.00718660 0.27945352
v 0.12154440 0.00034256 0.27830786
v -0.05432523 -0.01559351 0.27851421
v -0.13764843 -0.01568329 0.27833399
v -0.16293749 -0.00257959 0.27842009
v 0.08307222 -0.01560624 0.27797911
v -0.18007120 -0.01543225 0.27776498
v 0.13953274 -0.01587333 0.27716780
v 0.14806303 0.00874023 0.27831173
v -0.15410733 0.01122916 0.27945271
v -0.18212713 -0.00387637 0.27764541
v -0.17921449 0.01444538 0.27886483
v 0.12517166 0.00763603 0.27893472
v 0.16308142 0.00501336 0.27715448
v 0.18503873 0.00950807 0.27678356
v 0.17922495 -0.01777766 0.27526367
v 0.19547865 -0.00638829 0.27451146
v 0.19679400 -0.01869043 0.27447787
v -0.19851999 -0.01757527 0.27580512
v -0.04886642 0.01056000 0.27996248
v 0.05796298 0.01062089 0.28003246
v 0.10644908 0.01031236 0.28004369
v -0.10002720 0.00994919 0.27953809
v -0.19332834 0.00272648 0.27634692
v -0.19149873 0.01498655 0.27739626
v 0.20084663 0.00830180 0.27414924
v 0.12990277 -0.01912144 0.27806693
v -0.11098762 -0.01945769 0.27901924
v -0.17826566 -0.01945763 0.27887326
v 0.05605533 -0.01837645 0.27876070
v 0.15122144 0.01491776 0.27975684
v 0.15014333 0.01127376 0.27947617
v 0.21118523 0.01478254 0.27388206
v 0.20163828 -0.01427299 0.27316576
v 0.20321588 -0.00293160 0.27348441
v 0.20292847 -0.02063503 0.27347839
v 0.20658775 -0.01750598 0.27230513
v -0.13393997 0.01375045 0.28049988
v 0.20334338 0.00120882 0.27248317
v -0.19989653 0.00800513 0.27390185
v -0.20265101 -0.01016046 0.27405673
v -0.20373373 0.01475506 0.27309036
v 0.20864746 0.00225322 0.27107534
v 0.20971757 0.00798206 0.26895648
v 0.20808895 -0.02396430 0.27055025
v 0.08429814 -0.02049973 0.27935010
v 0.12611261 -0.02078207 0.27931622
v 0.21324334 0.01214296 0.27092499
v -0.20169158 -0.02083442 0.27791712
v 0.19477874 -0.02120290 0.27775192
v 0.21268909 0.01598703 0.27221116
v 0.21988842 0.01382186 0.26963809
v 0.20329750 -0.01304017 0.27523661
v 0.20892385 -0.00461063 0.26675048
v 0.20623523 -0.00830987 0.27086073
v 0.20774284 -0.01304613 0.26957148
v 0.21381021 0.00943205 0.26549935
v -0.20198633 -0.04907777 0.22313222
v -0.18967442 -0.04796331 0.21254954
v -0.20116518 -0.05448078 0.22427851
v -0.22047164 -0.05584074 0.23711795
v -0.22007950 -0.04796697 0.23604518
v -0.21288829 -0.02501742 0.23177116
v -0.19925538 -0.02985908 0.22103691
v -0.19891641 -0.00609640 0.22186112
v -0.20643057 0.00663758 0.22867575
v -0.21613272 -0.00180462 0.23555362
v -0.22116525 -0.02027441 0.23727234
v -0.21591589 0.01031502 0.23482391
v -0.18731514 -0.03059247 0.20996627
v -0.18071207 -0.01373866 0.20440713
v -0.16861948 -0.01213290 0.19220288
v -0.17231295 -0.04457096 0.19465365
v -0.14970040 -0.00800848 0.17452304
v -0.14813557 -0.04222066 0.17120773
v -0.15997986 -0.04452218 0.18250051
v -0.17892142 -0.04473806 0.20151688
v -0.14036798 -0.00933234 0.16658485
v -0.13727418 -0.03750328 0.16165049
v -0.12586333 -0.01308462 0.15216324
v -0.12060276 -0.03789982 0.14521080
v -0.17734933 -0.00351893 0.20052806
v -0.16759522 -0.00336253 0.19072986
v -0.18802987 -0.00560272 0.21104637
v -0.11054512 -0.00930505 0.13617985
v -0.10920570 -0.03820930 0.13310272
v -0.09850825 -0.00701547 0.12272508
v -0.08642288 -0.02319090 0.11015540
v -0.09195010 -0.00875389 0.11593627
v -0.09086388 -0.03813512 0.11478221
v -0.08247697 -0.00900161 0.10668042
v -0.06105563 -0.02398025 0.08586755
v -0.07186060 -0.00877234 0.09644359
v -0.05511701 -0.00854351 0.08071928
v -0.04080401 -0.01177981 0.06754792
v -0.04251866 -0.03325143 0.06944849
v -0.01880725 -0.01722418 0.04591652
v -0.06206045 -0.03788861 0.08776605
v -0.05163783 -0.03723150 0.07824253
v -0.02697558 -0.02983292 0.05444617
v -0.00669979 -0.02867051 0.03321967
v -0.00731262 -0.01288999 0.03421080
v -0.01579304 -0.00889116 0.04383330
v -0.13230035 -0.04418658 0.15803957
v -0.10283221 -0.04109890 0.12723733
v -0.04835334 -0.00825882 0.07484499
v -0.08758592 -0.00425924 0.11311573
v -0.11344323 -0.04401863 0.13949397
v -0.12027711 -0.00646379 0.14763033
v -0.13253520 -0.00491242 0.16049477
v -0.08427701 -0.04126318 0.10946396
v -0.00385504 -0.00781312 0.03183081
v -0.03406276 -0.03679002 0.06296640
v -0.02316462 -0.03603942 0.05295568
v -0.14272802 -0.00433913 0.17019464
v -0.07009996 -0.04111756 0.09632416
v -0.09584618 -0.04182644 0.12102553
v -0.21135226 0.01118361 0.23229995
v -0.22273932 0.00067293 0.23914590
v -0.22153623 0.00628884 0.23799646
v -0.20402959 0.01067783 0.22807014
v -0.00042867 -0.00948402 0.03021417
v -0.04129123 -0.03755166 0.07025283
v -0.10963876 -0.00237214 0.13874939
v -0.11334095 -0.00337763 0.14288597
v -0.11651751 -0.00382979 0.14658096
v -0.01099955 -0.03645456 0.04126072
v -0.00738276 -0.03723899 0.03693327
v -0.00494890 -0.01340288 0.02921515
v -0.00375333 -0.02589132 0.02980483
v 0.00067194 -0.01763254 0.02682449
v -0.21828136 0.01061904 0.23737736
v -0.14482559 -0.04489884 0.16981012
v -0.05424372 -0.04010151 0.08330785
v 0.00444567 -0.01225002 0.02848257
v -0.21060684 -0.05949933 0.23344697
v -0.21767047 -0.06202259 0.23958255
v -0.22437578 0.01043938 0.23827322
v -0.12597585 -0.00396711 0.15641147
v 0.00390238 -0.02588987 0.02968727
v -0.00132069 -0.03423708 0.03716462
v 0.26966625 -0.01534150 0.09906742
v 0.27152842 -0.02356591 0.13751306
v 0.26967508 -0.02899249 0.10374855
v 0.27242091 -0.00484557 0.14040136
v 0.27142745 0.00127964 0.10197403
v 0.27229530 -0.02125779 0.16105935
v 0.27295104 -0.00994956 0.16430572
v 0.27241114 0.01447321 0.13685924
v 0.27284759 0.01509587 0.16145919
v 0.27027279 0.01153894 0.08357122
v 0.26897612 0.00255282 0.05797987
v 0.26761401 -0.03140446 0.08556833
v 0.26742625 -0.01921635 0.07792129
v 0.26489237 -0.03363733 0.06361547
v 0.26209244 -0.03511465 0.04256386
v 0.26482055 -0.01681588 0.05230582
v 0.26278743 -0.01542463 0.02245221
v 0.25999999 -0.03696920 0.02206008
v 0.25946975 -0.02271033 -0.00064824
v 0.25802773 -0.03843902 0.00788634
v 0.26164624 -0.00979357 -0.00479416
v 0.27159041 -0.01168351 0.21173833
v 0.27178532 -0.00490882 0.22141732
v 0.27149346 -0.02080413 0.23154858
v 0.27026609 -0.02041858 0.21313368
v 0.27178040 -0.02347726 0.24167593
v 0.27114853 -0.02973264 0.23767114
v 0.26616415 -0.00027041 0.01931962
v 0.26608688 0.00319155 0.01085061
v 0.26289794 0.00641730 -0.02175738
v 0.25886112 0.00252551 -0.05411045
v 0.26071706 0.00865343 -0.04376071
v 0.25511721 0.00436568 -0.08706345
v 0.27250874 -0.04235940 0.25268692
v 0.25351468 -0.04118526 -0.01951556
v 0.25359246 -0.02068990 -0.05127192
v 0.24827436 -0.04149758 -0.05983687
v 0.25025913 -0.01910310 -0.08228315
v 0.24464603 -0.04126410 -0.08942044
v 0.27091429 -0.02611021 0.13890731
v 0.24581206 -0.01885649 -0.10932475
v 0.24953748 -0.00355595 -0.11017220
v 0.24257100 -0.04016886 -0.10652888
v 0.27005598 -0.02216581 0.22561304
v 0.24161455 -0.02032516 -0.12661324
v 0.23679626 -0.04186004 -0.13461597
v 0.25327155 0.00570046 -0.10448537
v 0.25585178 0.02906729 -0.10768504
v 0.25313938 0.02331925 -0.12763812
v 0.25646907 0.05190589 -0.12682553
v 0.25611880 0.01765595 -0.08447217
v 0.25349402 0.03692339 -0.13480119
v 0.25716174 0.05632664 -0.11606864
v 0.25783074 0.06325189 -0.12727802
v 0.25914678 0.08574181 -0.14292701
v 0.25787133 0.01348940 -0.06369937
v 0.25896251 0.08028873 -0.13159302
v 0.25645706 0.04064343 -0.10573360
v 0.25976112 0.09785038 -0.14162016
v 0.25868741 0.10334533 -0.15379103
v 0.26008108 0.11092497 -0.14839233
v 0.26008555 0.11917734 -0.15503630
v 0.25423676 0.05588995 -0.14029421
v 0.25911036 0.12365666 -0.16227865
v 0.25958902 0.13567510 -0.15997815
v 0.25871345 0.13649637 -0.16754271
v 0.25848517 0.16264099 -0.17749886
v 0.25905651 0.15401788 -0.16852264
v 0.27221596 0.01706250 0.21116194
v 0.27224985 0.02196150 0.20003715
v 0.27101994 -0.00216797 0.23651190
v 0.26624286 0.01578512 0.03589501
v 0.25070500 0.01072629 -0.12489401
v 0.24572347 -0.00140709 -0.12519492
v 0.23565556 -0.03136195 -0.14420675
v 0.23333699 -0.04513188 -0.15052050
v 0.27076420 0.02365325 0.22980139
v 0.26290303 0.01409244 -0.01349217
v 0.25976157 0.01671208 -0.04564234
v 0.26358956 0.01674418 -0.00214628
v 0.24987730 0.02937571 -0.14288656
v 0.23621935 -0.00853165 -0.14778066
v 0.25748277 0.17244479 -0.17473651
v 0.23133171 -0.02593608 -0.15895632
v 0.23014826 -0.05202232 -0.16475144
v 0.25455514 0.07945926 -0.15206632
v 0.24978571 0.02012947 -0.13636680
v 0.24050458 0.00172687 -0.14005543
v 0.25813183 0.18024196 -0.18454537
v 0.26837572 0.00247558 0.25165698
v 0.26887307 0.02576088 0.24111678
v 0.24780561 0.06346347 -0.15992951
v 0.26950592 -0.03534295 0.23858470
v 0.27241531 -0.04922449 0.25130123
v 0.27342007 -0.06155277 0.25889537
v 0.27394608 -0.07382572 0.25780150
v 0.27430698 -0.07901212 0.26339850
v 0.27718031 -0.11129991 0.26400036
v 0.27764806 -0.11830741 0.26683664
v 0.27973774 -0.14146742 0.26693988
v 0.28162399 -0.16411096 0.27048680
v 0.27037612 0.01575127 0.10204522
v 0.25706652 0.19478838 -0.18775669
v 0.25614545 0.19958438 -0.19448955
v 0.25591409 0.20854145 -0.19515418
v 0.25446960 0.21441275 -0.20295535
v 0.25377500 0.23447812 -0.20765775
v 0.22542281 -0.03844338 -0.17608815
v 0.22532301 -0.04990560 -0.18063381
v 0.27077687 -0.02218227 0.18629333
v 0.26625612 0.02546217 0.25326610
v 0.25028199 0.18526581 -0.20323375
v 0.22506915 -0.02004410 -0.17342310
v 0.22905378 -0.00261267 -0.16377431
v 0.25083238 0.23901933 -0.21483624
v 0.25164855 0.25526530 -0.21460088
v 0.25039268 0.26725975 -0.22172132
v 0.25295091 0.24087876 -0.20734823
v 0.24975365 0.26901895 -0.21701065
v 0.24921438 0.28404397 -0.22525151
v 0.22891183 -0.05994722 -0.17555986
v 0.26874980 -0.01921782 0.25812596
v 0.27115327 0.02164715 0.15998714
v 0.25273424 0.22919317 -0.19975045
v 0.22065450 -0.02255058 -0.18254003
v 0.23377803 0.00595860 -0.15422589
v 0.24652328 0.09767792 -0.17685372
v 0.22773483 -0.07148980 -0.18386360
v 0.25576043 0.16768849 -0.18437336
v 0.25320280 0.13599364 -0.17712387
v 0.27022609 0.01981302 0.13172969
v 0.27151871 -0.05501144 0.26329070
v 0.26313084 0.02893034 0.26184997
v 0.24703926 0.27241302 -0.22837265
v 0.24697568 0.29370406 -0.23328973
v 0.24595812 0.31295466 -0.23612832
v 0.24402070 0.32177687 -0.24331123
v 0.24256271 0.32791272 -0.23857708
v 0.24215235 0.33611977 -0.24545817
v 0.23974308 0.34323001 -0.25226083
v 0.23791039 0.35776460 -0.25452513
v 0.26746291 0.01972892 0.08614331
v 0.23357971 0.37551877 -0.26387620
v 0.23419149 0.37166205 -0.25674570
v 0.23376569 0.37774888 -0.26155820
v 0.23025361 0.40133950 -0.27131873
v 0.22732465 0.41765991 -0.27984518
v 0.22626290 0.42126569 -0.27552590
v 0.22554517 0.43209830 -0.28360620
v 0.26267156 -0.00296038 0.27104503
v 0.25832003 0.14812958 -0.16299245
v 0.23887107 0.05426411 -0.17311110
v 0.22870624 0.40392312 -0.26846960
v 0.23028515 0.39548424 -0.26609674
v 0.25594619 0.01783152 -0.07258578
v 0.25550988 0.02079443 -0.08274502
v 0.25499588 0.03123790 -0.09343963
v 0.25712895 0.01725797 -0.05657465
v 0.27473548 -0.10202702 0.26029179
v 0.26149830 0.01748041 -0.00931368
v 0.21354830 -0.05786422 -0.20292975
v 0.24546319 0.02264766 -0.14730012
v 0.24036199 0.03420279 -0.16191885
v 0.24946223 0.25032195 -0.20606616
v 0.24127984 0.11782818 -0.19164388
v 0.24307905 0.14118609 -0.19555601
v 0.25014877 0.15416706 -0.18697628
v 0.24674845 0.15854046 -0.19591826
v 0.23868027 0.34674773 -0.24553448
v 0.22718672 -0.08479892 -0.19010545
v 0.23110774 0.38486972 -0.26075500
v 0.22341962 -0.10571359 -0.20351268
v 0.21697350 -0.12020812 -0.21816038
v 0.22192539 -0.14152373 -0.21469508
v 0.22732477 -0.18539257 -0.22125232
v 0.23202837 -0.20462976 -0.21914347
v 0.23960836 -0.22645041 -0.21145424
v 0.23632607 -0.24531808 -0.22261186
v 0.24166006 -0.25272679 -0.21297812
v 0.24359517 -0.27152303 -0.21416384
v 0.23449513 -0.27615073 -0.23609459
v 0.23769461 -0.28523672 -0.23127888
v 0.24520206 -0.32535318 -0.21926369
v 0.23844044 -0.31540531 -0.23608042
v 0.24281740 -0.36116540 -0.23234145
v 0.24281219 -0.38386959 -0.23986730
v 0.24779882 -0.40678683 -0.22914615
v 0.24684627 -0.41235840 -0.23366764
v 0.24596553 -0.41760397 -0.24019790
v 0.25015581 -0.43323606 -0.22755532
v 0.24940011 -0.41183230 -0.22490034
v 0.24970689 -0.43831226 -0.23358078
v 0.24993888 -0.43765122 -0.22477122
v 0.25075155 -0.45433652 -0.22499871
v 0.24762937 -0.36315912 -0.22263277
v 0.25252637 -0.45423380 -0.23678741
v 0.25360483 -0.48270789 -0.22635770
v 0.24842030 -0.41783044 -0.22405805
v 0.25564867 -0.47867650 -0.23792285
v 0.25568610 -0.49939331 -0.22883642
v 0.25705439 -0.49874634 -0.24014823
v 0.24620244 -0.34016064 -0.22011045
v 0.23495923 -0.30302802 -0.24089259
v 0.24489690 -0.32610679 -0.21845402
v 0.24424247 -0.30150455 -0.21656565
v 0.24822742 -0.39399832 -0.22288111
v 0.23035061 -0.17637858 -0.21289407
v 0.22921470 -0.13565250 -0.20169583
v 0.25358215 0.21292639 -0.19235952
v 0.23624259 -0.19291744 -0.20943174
v 0.23836973 -0.20763895 -0.20998000
v 0.25361186 -0.50009787 -0.24540959
v 0.23620188 0.35920879 -0.25124171
v 0.23499329 0.08089804 -0.18904184
v 0.22969341 -0.13956308 -0.20209493
v 0.23163429 -0.15631807 -0.20456743
v 0.22273594 0.00966867 -0.16845156
v 0.22798024 -0.10748553 -0.19708511
v 0.22727627 -0.09209494 -0.19330481
v 0.25774729 0.12041669 -0.14883396
v 0.24529730 0.30272728 -0.22830027
v 0.24423862 0.31353348 -0.23279943
v 0.23409766 -0.17200755 -0.20634681
v 0.25749379 0.08723438 -0.13217086
v 0.25772661 0.10240448 -0.14007546
v 0.27905694 -0.17257112 0.26747912
v 0.26474565 0.01782967 0.03341090
v 0.24614641 0.28800952 -0.22155932
v 0.23978648 0.33557987 -0.24026519
v 0.25462246 0.04085452 -0.10183562
v 0.25519952 0.05444793 -0.11248726
v 0.22362624 0.43202966 -0.27938896
v 0.22367713 0.43863040 -0.28359288
v 0.22012237 0.45005319 -0.28722763
v 0.25624233 0.06902561 -0.12159838
v 0.25416860 -0.50036371 -0.22640122
v 0.24805720 -0.04218877 -0.05728153
v 0.26204416 0.02951514 0.25919363
v 0.24702883 0.27519697 -0.21603337
v 0.24725592 0.26588848 -0.21196394
v 0.25649914 0.16702336 -0.17068505
v 0.23910642 -0.04095920 -0.11604643
v 0.26826048 -0.02661112 0.14330560
v -0.02700680 -0.02119917 0.30533117
v 0.04293913 -0.02074645 0.30996028
v -0.03046347 -0.02053652 0.31161723
v -0.10935989 -0.01964710 0.31162146
v -0.13143025 -0.02001539 0.30009925
v -0.14595108 -0.01913797 0.30899823
v 0.03996418 -0.02118642 0.29695138
v -0.03436104 -0.02122238 0.29319578
v -0.14981309 -0.02003307 0.29262069
v -0.19280292 -0.01959692 0.30460301
v -0.10723703 -0.02036818 0.28870636
v -0.18848616 -0.02021280 0.29123896
v 0.09087270 -0.02191132 0.30760837
v 0.08657961 -0.02204260 0.29205728
v 0.12753242 -0.02179443 0.29042387
v 0.13563071 -0.02126757 0.30435106
v 0.19765455 -0.02195247 0.29191393
v 0.19855382 -0.02100746 0.30424663
v 0.12928572 -0.02150315 0.28433138
v 0.08937307 -0.02157627 0.28408903
v 0.19105275 -0.02186840 0.28004259
v -0.15317942 -0.01934902 0.27974606
v 0.04063815 -0.02038852 0.28462401
v -0.02966825 -0.02051329 0.28434107
v -0.20320617 -0.02092638 0.29308781
v -0.21393995 -0.01990306 0.30858919
v 0.20592886 -0.02331384 0.27761114
v -0.07594804 -0.01965567 0.27987182
v 0.21675861 -0.02253765 0.30363712
v 0.20896749 -0.02355858 0.29141513
v 0.03705998 -0.01953404 0.27995253
v 0.01307046 -0.01963247 0.31693617
v -0.20866713 -0.02194723 0.29166186
v -0.08448164 -0.01944975 0.31416726
v -0.19268492 -0.01839464 0.31016785
v 0.06612239 -0.01934656 0.31495902
v 0.08546099 -0.02139219 0.30913246
v 0.12929043 -0.01992062 0.30877602
v 0.16949277 -0.01962802 0.30845982
v 0.21296680 -0.01964503 0.30862597
v -0.20841004 -0.02342716 0.27764121
v -0.21227895 -0.02344516 0.28998488
v -0.21792385 -0.02302093 0.30122480
v -0.22050399 -0.02168783 0.30731806
v 0.22319143 -0.02282069 0.30643204
v -0.20372969 -0.01943464 0.27282858
v 0.21459174 -0.02721579 0.28957206
v 0.21272008 -0.02923169 0.27698198
v 0.19235508 -0.01847243 0.31017938
v 0.22350419 -0.02752015 0.30209789
v -0.20846792 -0.02315404 0.26948991
v 0.03261288 -0.01563150 0.32061324
v -0.01790742 -0.01519833 0.32076645
v 0.10132007 -0.01512998 0.31633797
v 0.13345237 -0.01421348 0.31443015
v 0.17592993 -0.00428141 0.19887520
v 0.17924966 -0.02932491 0.19975118
v 0.16269965 -0.03037751 0.18381050
v 0.18182026 -0.00466414 0.20426919
v 0.15938888 -0.01127974 0.18344052
v 0.15406494 -0.03072063 0.17602678
v 0.14921060 -0.01359340 0.17384446
v 0.13848999 -0.03258162 0.16217427
v 0.14052215 -0.01752113 0.16607459
v 0.13235311 -0.03064837 0.15661852
v 0.13192210 -0.01370834 0.15900826
v 0.12409095 -0.03046606 0.14952405
v 0.12506485 -0.01400536 0.15367554
v 0.11620551 -0.01520991 0.14513309
v 0.10812360 -0.02973778 0.13434261
v 0.10455746 -0.01500205 0.13344699
v 0.09576319 -0.01428577 0.12410722
v 0.09385826 -0.03078730 0.12029611
v 0.08802953 -0.01381892 0.11605246
v 0.06897090 -0.01329521 0.09548374
v 0.07842989 -0.01368303 0.10581286
v 0.07677535 -0.02999912 0.10229149
v 0.05955702 -0.03007144 0.08550537
v 0.06082211 -0.01440445 0.08772261
v 0.05287885 -0.01357043 0.07942047
v 0.04539337 -0.01511382 0.07194629
v 0.04325806 -0.03103560 0.06979731
v 0.18760768 -0.03268030 0.20869701
v 0.19520055 -0.03229002 0.21606964
v 0.20145047 -0.03160753 0.22187188
v 0.19534206 -0.00212292 0.21639964
v 0.20775741 0.00587353 0.22770184
v 0.02786404 -0.02682300 0.05344712
v 0.03169908 -0.01484698 0.05749135
v 0.01626977 -0.01517785 0.03965648
v 0.02233580 -0.00788299 0.04709482
v 0.01269128 -0.02139625 0.03641969
v 0.01605936 -0.00785491 0.04099837
v 0.11568203 -0.03334351 0.14205657
v 0.10324073 -0.03314466 0.13011879
v 0.06610955 -0.03329962 0.09248617
v 0.08580540 -0.03335211 0.11240294
v 0.07469968 -0.03361676 0.10127118
v 0.02495631 -0.03286851 0.05166878
v 0.03436037 -0.03298291 0.06128041
v 0.01463816 -0.03319350 0.04112158
v 0.05465842 -0.03338286 0.08157490
v 0.00941990 -0.02619722 0.03443270
v 0.16820262 -0.03334454 0.18994468
v 0.20983468 -0.02882636 0.22745945
v 0.20626783 -0.04116914 0.22591491
v 0.15143596 -0.03401654 0.17449541
v 0.15945266 -0.03449355 0.18199651
v 0.05734154 -0.00783146 0.08673494
v 0.06524794 -0.00786489 0.09455696
v 0.01131514 -0.00993599 0.03735505
v 0.14020535 -0.00925064 0.16877133
v 0.00689361 -0.01756821 0.02878667
v 0.17498288 -0.03399384 0.19694032
v 0.00660034 -0.00919400 0.03228315
v 0.12368676 -0.03455045 0.15050817
v 0.13043438 -0.03443538 0.15617369
v 0.19671097 -0.03936190 0.22000390
v 0.20851965 -0.05185391 0.22843103
v 0.21572642 0.00286296 0.23194222
v 0.09003703 -0.00761357 0.12146547
v 0.09527399 -0.00828476 0.12697674
v 0.10130671 -0.00921920 0.13265461
v 0.10734907 -0.00964014 0.13907242
v 0.15276761 -0.00503619 0.18077949
v 0.14672862 -0.00883676 0.17403066
v 0.15852967 -0.00359015 0.18589912
v 0.21627299 -0.04995303 0.23101158
v 0.18344866 -0.03630988 0.20755012
v 0.11846155 -0.00916928 0.15064287
v 0.11303724 -0.00908971 0.14571466
v 0.13166767 -0.00883739 0.16181685
v 0.12249392 -0.00866150 0.15491249
v 0.09411852 -0.03436973 0.12260263
v 0.04228551 -0.03445631 0.07095315
v 0.00634641 -0.03011275 0.03430324
v 0.12440491 -0.00770171 0.15884267
v 0.00933136 -0.03658015 0.03957940
v 0.20159629 0.00666908 0.22482592
v 0.14479245 -0.03724237 0.17150477
v 0.13070416 -0.03701480 0.15919714
v 0.20586076 0.00790309 0.22575620
v 0.20816353 0.00660004 0.22927159
v 0.10934855 -0.03648781 0.14017843
v 0.04387420 -0.03644415 0.07518086
v 0.02658252 -0.03604131 0.05817856
v 0.09707943 -0.03661138 0.12913799
v 0.08237230 -0.03663150 0.11405183
v 0.05854740 -0.03661525 0.08992597
v 0.00198646 -0.03727275 0.03882008
v 0.09470619 -0.00623907 0.13259885
v -0.22975938 -0.00253899 0.08066262
v -0.23087361 -0.00823266 0.09366417
v -0.22884504 -0.02229772 0.06783621
v -0.23202218 -0.02214110 0.09693905
v -0.22603354 -0.00129323 0.04411105
v -0.22555460 -0.02656844 0.03739741
v -0.22368965 -0.02370937 0.02076628
v -0.23370144 0.00696284 0.11169049
v -0.22413795 -0.03061146 0.01981341
v -0.23500769 -0.01918388 0.13187018
v -0.23473386 -0.00444101 0.13021338
v -0.21916732 -0.02439726 -0.00339687
v -0.21907602 -0.00168268 -0.00667417
v -0.21624820 -0.02977159 -0.02043393
v -0.21027426 -0.01857944 -0.05792273
v -0.21232222 -0.03042497 -0.04778188
v -0.20956665 -0.03043464 -0.06493931
v -0.21933700 -0.03218161 -0.00467661
v -0.20710459 -0.03078367 -0.07769468
v -0.23489098 -0.01439087 0.13685970
v -0.23826635 0.01515837 0.15954463
v -0.23769045 -0.00330851 0.16609031
v -0.23784591 -0.01393392 0.16494358
v -0.23889667 -0.02096217 0.16516162
v -0.23824416 0.01335999 0.17500156
v -0.23858538 -0.01490271 0.20119487
v -0.23837274 0.00697097 0.20398876
v -0.22791509 -0.02711633 0.05431958
v -0.23951744 -0.02259651 0.18796401
v -0.23965949 -0.02572676 0.20313746
v -0.20374051 -0.03267514 -0.09575138
v -0.23791331 -0.02521151 0.21147934
v -0.23781838 0.01563375 0.13110413
v -0.19558348 -0.01476618 -0.11548825
v -0.20104085 -0.03564418 -0.11005742
v -0.19815616 -0.03510902 -0.12009234
v -0.22764084 -0.03061681 0.04515787
v -0.21647502 -0.03226254 -0.02357622
v -0.23116659 -0.02929567 0.07068957
v -0.21202329 -0.03330845 -0.05447092
v -0.19593443 -0.03396938 -0.12524270
v -0.18892042 -0.03660543 -0.14525163
v -0.20818053 -0.03617514 -0.08135372
v -0.20491473 -0.03685667 -0.09707877
v -0.19649883 -0.04113949 -0.12990661
v -0.23639265 0.00724323 0.21684755
v -0.23619774 -0.01377723 0.21672003
v -0.23692092 -0.00812729 0.21812440
v -0.23642202 0.00352472 0.22023016
v -0.23573419 -0.01405906 0.22034854
v -0.23540106 -0.02314404 0.21870549
v -0.23533733 0.00692062 0.22449948
v -0.23540601 -0.02485587 0.11679424
v -0.21170814 -0.03546014 -0.06438743
v -0.22458708 -0.03224136 0.01808311
v -0.23703021 -0.02319502 0.13398433
v -0.23860304 -0.03152030 0.21708512
v -0.20359448 -0.03861736 -0.10978320
v -0.23482314 0.01033256 0.22544645
v -0.23412316 0.00399855 0.22496428
v -0.19355667 -0.04524662 -0.14238723
v -0.21684456 -0.03522931 -0.03858317
v -0.18240400 -0.02425831 -0.15149510
v -0.18250577 -0.04554515 -0.16007584
v -0.23439197 -0.02706208 0.09561295
v -0.19062279 -0.04755476 -0.14836976
v -0.18631867 -0.05402254 -0.15874524
v -0.24092917 -0.02452830 0.16487281
v -0.23407069 -0.01003375 0.22230513
v -0.22313313 -0.03481394 0.00247798
v -0.22545785 -0.00214374 0.23716423
v -0.22461605 -0.02107408 0.23726414
v -0.22687301 0.00791724 0.23657413
v -0.23103511 -0.02164274 0.22764717
v -0.23364247 -0.03354540 0.22547175
v -0.23249051 -0.03913350 0.22969586
v -0.24242842 -0.02576238 0.18530966
v -0.23919718 -0.02573666 0.13330215
v -0.19610806 -0.05475527 0.22374567
v -0.19884887 -0.05032255 0.22799979
v -0.20447132 -0.05984279 0.23391539
v -0.20905961 -0.05789829 0.24043491
v -0.21443996 -0.06451532 0.24613126
v -0.18656059 -0.04776465 0.21481743
v -0.19339429 -0.03329564 0.22217281
v -0.17601418 -0.04205981 0.20389889
v -0.18890339 -0.00680669 0.22014834
v -0.17352712 -0.01458271 0.20314230
v -0.17778552 -0.00450329 0.20786136
v -0.18523693 -0.00051481 0.21673493
v -0.18750554 0.00818641 0.21910043
v -0.16290922 -0.02432533 0.19281957
v -0.16938882 -0.04436234 0.19663008
v -0.15963422 -0.04453795 0.18683355
v -0.20456652 -0.02384777 0.23235430
v -0.21319631 -0.03321172 0.24002187
v -0.21394193 -0.00971346 0.24139059
v -0.20573004 0.00605984 0.23388562
v -0.14919628 -0.01018297 0.18169741
v -0.13403136 -0.02230864 0.16808961
v -0.13425682 -0.00953556 0.16883716
v -0.11448085 -0.02428243 0.14950167
v -0.11838413 -0.00835576 0.15409987
v -0.10707618 -0.00886761 0.14274943
v -0.08603410 -0.02386831 0.12110873
v -0.09116082 -0.00878694 0.12627463
v -0.07656983 -0.01030702 0.11219919
v -0.06036097 -0.02585896 0.09739882
v -0.04624167 -0.01053660 0.08428326
v -0.04331437 -0.02750806 0.08195710
v -0.02478966 -0.01295511 0.06484570
v -0.01486676 -0.02550000 0.05617898
v -0.00785503 -0.01300062 0.04916706
v -0.02183644 -0.03330704 0.06195432
v -0.09251566 -0.03634412 0.12600869
v -0.15326864 -0.00231531 0.18465364
v -0.14234620 -0.03921734 0.17333521
v -0.12298252 -0.03960453 0.15548313
v -0.06223480 -0.03511164 0.09789713
v -0.05710608 -0.03735180 0.09286214
v -0.04846105 -0.03685630 0.08534428
v -0.01405753 -0.03359852 0.05426520
v -0.00697086 -0.03296752 0.04695109
v -0.12703486 -0.00431052 0.16158882
v -0.02981152 -0.03660906 0.06786724
v -0.08421135 -0.00492070 0.11883384
v -0.11128619 -0.00437204 0.14627703
v -0.14317940 -0.00569960 0.17588910
v -0.22028491 -0.01960821 0.24908860
v -0.22033544 -0.00236194 0.24792603
v -0.14842165 -0.00255981 0.17950171
v -0.21737956 -0.03465392 0.24558809
v -0.00179348 -0.02985594 0.04022293
v -0.00236971 -0.01393865 0.04213141
v -0.07196519 -0.00491439 0.10691632
v -0.21764125 0.00985911 0.24177320
v -0.13181594 -0.00404659 0.16558850
v -0.00837474 -0.00761751 0.04854176
v -0.13792142 -0.00445945 0.17071091
v -0.21243879 0.01041480 0.23849274
v -0.03721583 -0.00881193 0.07534871
v -0.21721603 -0.04666767 0.24818525
v -0.21275054 -0.06017395 0.24563928
v -0.02914638 -0.00560396 0.06679074
v -0.03271132 -0.00573808 0.07004561
v -0.03669376 -0.00512005 0.07391879
v -0.04434557 -0.00442886 0.08050048
v -0.12266507 -0.00423976 0.15719327
v -0.11880538 -0.00344432 0.15317371
v -0.22111687 0.01010291 0.24505228
v -0.11015335 -0.04144232 0.14212367
v -0.09360647 -0.04107193 0.12568456
v -0.08298134 -0.04105873 0.11520432
v -0.13489845 -0.04391516 0.16511331
v -0.14425252 -0.04479742 0.17326200
v -0.12445521 -0.04410524 0.15486242
v -0.20476861 0.01047183 0.23161632
v -0.19591096 0.01061070 0.22485772
v -0.19250956 0.01223519 0.22169694
v -0.07602827 -0.04072006 0.10881543
v -0.06790951 -0.04037614 0.10072262
v -0.17473930 -0.04548303 0.20023911
v -0.00002490 -0.00916349 0.04270653
v -0.00280810 -0.03479236 0.03873360
v -0.00520309 -0.03684852 0.04065198
v -0.18666960 -0.04973091 0.21245462
v 0.00089488 -0.03067687 0.04012111
v 0.00226240 -0.03604192 0.04064699
v -0.18231881 -0.30218700 -0.26043898
v -0.18354428 -0.27635750 -0.24682099
v -0.18658771 -0.29984519 -0.24507995
v -0.18876266 -0.31807268 -0.24735858
v -0.19049579 -0.33657461 -0.24874130
v -0.19105282 -0.32720655 -0.24186580
v -0.19524714 -0.35743958 -0.24363708
v -0.19725937 -0.37113690 -0.24360359
v -0.18170591 -0.25030804 -0.24670376
v -0.18209168 -0.21166639 -0.23453790
v -0.18651746 -0.22797973 -0.22350657
v -0.17425218 -0.20353341 -0.25550303
v -0.18922450 -0.21273056 -0.20793404
v -0.18617924 -0.20143262 -0.21399812
v -0.17788701 -0.18943402 -0.23452218
v -0.16887015 -0.15272501 -0.24050137
v -0.17168435 -0.18666010 -0.25351617
v -0.17874393 -0.16582350 -0.21858907
v -0.16982120 -0.13273500 -0.23113085
v -0.17484881 -0.12776472 -0.21225166
v -0.16568890 -0.10860568 -0.23222226
v -0.16670226 -0.10662494 -0.22835872
v -0.16206346 -0.08168741 -0.23097970
v -0.16563375 -0.14702609 -0.24642359
v -0.18883835 -0.38129652 -0.26452404
v -0.19683126 -0.40679660 -0.25450209
v -0.20010789 -0.39761230 -0.24430388
v -0.17203857 -0.09281015 -0.19660774
v -0.16749039 -0.08053991 -0.20313373
v -0.16640495 -0.08953063 -0.21542567
v -0.15979201 -0.06846928 -0.22491519
v -0.16343769 -0.13261069 -0.24548653
v -0.18633248 -0.26448724 -0.23038170
v -0.16743058 -0.07386766 -0.19665073
v -0.17071739 -0.07363188 -0.18841845
v -0.18692097 -0.29323819 -0.23529750
v -0.20288837 -0.41702875 -0.24539390
v -0.20375572 -0.42858091 -0.24913068
v -0.20622383 -0.43796599 -0.24460027
v -0.20344493 -0.44824204 -0.25451958
v -0.20795748 -0.47019681 -0.24758162
v -0.20407049 -0.47114170 -0.26059258
v -0.20739856 -0.50024945 -0.25999606
v -0.19922091 -0.45702323 -0.26816180
v -0.20932417 -0.48417452 -0.24536765
v -0.20906623 -0.49915209 -0.25198948
v -0.18886940 -0.29413724 -0.22138278
v -0.15983137 -0.06054775 -0.20985644
v -0.15760125 -0.06368809 -0.22772951
v -0.19221458 -0.33114356 -0.22517517
v -0.16407035 -0.06166609 -0.19257388
v -0.20343679 -0.42343020 -0.22541258
v -0.16059381 -0.11713240 -0.24299704
v -0.15738975 -0.07037721 -0.23218489
v -0.17042249 -0.06267459 -0.18273596
v -0.15798230 -0.09705959 -0.23946688
v -0.17461796 -0.04859542 -0.17143653
v -0.16982420 -0.04279898 -0.17370985
v -0.15849468 -0.08237618 -0.23439372
v -0.16096565 -0.04108196 -0.17879808
v 0.21766281 -0.28993827 -0.21666124
v 0.20681418 -0.31345528 -0.21891709
v 0.22117770 -0.31062731 -0.21949051
v 0.20574252 -0.29892391 -0.21667500
v 0.20385212 -0.29049560 -0.21503308
v 0.20030516 -0.26782101 -0.21207844
v 0.20985490 -0.22010003 -0.20829959
v 0.19670323 -0.23142858 -0.20785108
v 0.21495830 -0.25593448 -0.21255016
v 0.23291500 -0.24237731 -0.21192706
v 0.23680219 -0.20247149 -0.20938361
v 0.20662443 -0.19174296 -0.20551589
v 0.22485146 -0.16200510 -0.20488004
v 0.19285493 -0.19112818 -0.20358448
v 0.20754118 -0.15856314 -0.20201372
v 0.19028278 -0.18753377 -0.20313260
v 0.18972275 -0.16126892 -0.20037518
v 0.20623420 -0.12981999 -0.19779080
v 0.18608642 -0.13427764 -0.19669077
v 0.17894685 -0.11115424 -0.19212097
v 0.20824018 -0.10434621 -0.19364980
v 0.23496351 -0.27658772 -0.21499892
v 0.20858742 -0.31690979 -0.21908233
v 0.20883887 -0.35193992 -0.22193326
v 0.22286950 -0.34794819 -0.22213702
v 0.21012340 -0.36665174 -0.22320715
v 0.21230498 -0.38142473 -0.22479126
v 0.23155724 -0.38760144 -0.22471036
v 0.23821858 -0.36148712 -0.22273028
v 0.21757914 -0.42163062 -0.22769770
v 0.23482792 -0.31485936 -0.21906604
v 0.23229018 -0.41550922 -0.22635457
v 0.18285049 -0.13874298 -0.19779399
v 0.19529876 -0.09140337 -0.18849371
v 0.17885497 -0.09516921 -0.18807855
v 0.19120824 -0.19481419 -0.20440485
v 0.24103722 -0.45093188 -0.22584234
v 0.22573282 -0.45000899 -0.22724819
v 0.24563842 -0.36503747 -0.22212295
v 0.23383111 -0.48975271 -0.22620788
v 0.25005132 -0.48218298 -0.22583389
v 0.24802542 -0.49919781 -0.22486012
v 0.23532948 -0.49884972 -0.22583033
v 0.22044343 -0.08115084 -0.18889020
v 0.18163623 -0.08620823 -0.18464182
v 0.19736977 -0.08177018 -0.18460436
v 0.22906303 -0.48328662 -0.22757529
v 0.17669664 -0.08836127 -0.18702173
v 0.21906799 -0.07181216 -0.18339053
v 0.19295926 -0.07434399 -0.17913501
v 0.18129197 -0.07662418 -0.17938945
v 0.23141152 -0.50026292 -0.22770695
v 0.18517411 -0.15961623 -0.20235550
v 0.22480497 -0.45812690 -0.22825707
v 0.21957241 -0.43824893 -0.22933707
v 0.19537759 -0.06324917 -0.17009622
v 0.20555878 -0.05890677 -0.16789354
v 0.18458518 -0.06681572 -0.17259814
v 0.18899152 -0.05786398 -0.16371612
v 0.21216469 -0.05279341 -0.16088672
v 0.19670783 -0.04574777 -0.14571743
v 0.20353135 -0.04255724 -0.13602395
v 0.19935231 -0.27941924 -0.22701980
v 0.20045295 -0.29940647 -0.23718736
v 0.20341280 -0.30999273 -0.23381867
v 0.19724774 -0.28423238 -0.23868212
v 0.18946195 -0.27039602 -0.25962782
v 0.19945513 -0.32169572 -0.25401840
v 0.20344102 -0.34030002 -0.25015682
v 0.20708865 -0.35458517 -0.24372633
v 0.18836820 -0.24435768 -0.25072363
v 0.19283840 -0.24371000 -0.23302349
v 0.19723040 -0.24075627 -0.20926224
v 0.19451281 -0.22156893 -0.20894559
v 0.18751934 -0.21700189 -0.23392019
v 0.18793541 -0.19773507 -0.21644820
v 0.20577674 -0.32896382 -0.23294102
v 0.19642426 -0.31395298 -0.26383764
v 0.20603481 -0.35976803 -0.24897663
v 0.18016957 -0.19863947 -0.24346763
v 0.17325412 -0.16672990 -0.23995434
v 0.18267435 -0.17175844 -0.21486507
v 0.17339559 -0.14702265 -0.22866912
v 0.17921986 -0.12499920 -0.19882479
v 0.21184288 -0.38858077 -0.24577682
v 0.20134367 -0.34679347 -0.25848532
v 0.17115876 -0.12074384 -0.21844879
v 0.16757078 -0.13540386 -0.23744987
v 0.17035834 -0.08853175 -0.19956584
v 0.16303788 -0.08641826 -0.21771811
v 0.15853074 -0.08975568 -0.23237698
v 0.15725280 -0.07951851 -0.23106386
v 0.16262092 -0.10720351 -0.23205361
v 0.15918091 -0.07243685 -0.21611167
v 0.16488743 -0.07304940 -0.20065309
v 0.16590080 -0.15161690 -0.24907641
v 0.20449942 -0.37709925 -0.25516948
v 0.20768319 -0.39525619 -0.25237623
v 0.20840038 -0.41500750 -0.25973698
v 0.21385925 -0.43701953 -0.25423643
v 0.21005499 -0.45125341 -0.26563138
v 0.21435708 -0.48430493 -0.26308721
v 0.21571526 -0.45937148 -0.25517571
v 0.21539815 -0.50005686 -0.26183558
v 0.21485759 -0.41311827 -0.24592687
v 0.21273927 -0.40696838 -0.24848516
v 0.20919150 -0.36439431 -0.23841892
v 0.17012897 -0.07077800 -0.18985723
v 0.21951626 -0.48441759 -0.25405845
v 0.22079816 -0.49898067 -0.25250620
v 0.15325888 -0.06759587 -0.22755136
v 0.21600400 -0.41584736 -0.22794133
v 0.21862172 -0.43286142 -0.24685648
v 0.22072454 -0.44890642 -0.24871722
v 0.22171682 -0.44916865 -0.24500041
v 0.22368161 -0.46145254 -0.24706578
v 0.22440355 -0.46100274 -0.23110905
v 0.22833343 -0.48822069 -0.23270862
v 0.22921427 -0.49913481 -0.23113102
v 0.22705238 -0.49323791 -0.24616615
v 0.22749665 -0.49972680 -0.24484010
v 0.15528479 -0.05819021 -0.20581299
v 0.16254956 -0.06299783 -0.19579343
v 0.17772084 -0.07074564 -0.18038851
v 0.17694665 -0.05741037 -0.17505287
v 0.15219553 -0.07320756 -0.23338611
v 0.16603617 -0.04788504 -0.18119967
v 0.16942243 -0.02314339 -0.16622023
v 0.17789684 -0.02056425 -0.15568215
v 0.18551695 -0.04825737 -0.16081196
v 0.14729045 -0.07258947 -0.23641403
v 0.01994951 0.04467933 0.33240226
v -0.00807684 0.03759638 0.33192080
v 0.03016740 0.03743691 0.33196217
v -0.01476471 0.04419153 0.33199966
v 0.03799088 0.04495618 0.33180624
v -0.05877623 0.03606321 0.32996431
v -0.04356207 0.04790188 0.33083606
v -0.07823858 0.04786124 0.32867724
v -0.08432018 0.03781493 0.32841614
v -0.10591779 0.04377357 0.32621941
v -0.12469424 0.04881637 0.32403800
v 0.01466165 0.05073368 0.33168855
v -0.12887862 0.04431021 0.32412085
v -0.14551564 0.04836641 0.32149518
v 0.04021277 0.05042648 0.33095932
v 0.07601065 0.04897750 0.32864380
v 0.08342691 0.04466841 0.32859024
v 0.11088062 0.04909039 0.32531878
v -0.01999593 0.06123979 0.32706267
v 0.11983221 0.04458630 0.32484818
v 0.14590557 0.04791914 0.32019472
v 0.14118336 0.04011543 0.32180598
v 0.16390789 0.03863062 0.31821164
v 0.07943659 0.03632237 0.32884449
v 0.11521120 0.03662508 0.32536650
v -0.10489029 0.03455592 0.32575476
v 0.05924021 0.03172899 0.32935971
v 0.18733469 0.04390393 0.31412941
v 0.18791352 0.03615157 0.31435424
v -0.04215822 0.03191549 0.32987371
v -0.13961872 0.03857899 0.32228214
v 0.09549037 0.02942450 0.32616523
v 0.13466318 0.03193367 0.32175207
v 0.01957152 0.02965962 0.33038723
v -0.17492327 0.04754270 0.31630942
v -0.17023303 0.04138343 0.31713781
v -0.18600486 0.03824168 0.31379431
v -0.19639555 0.04824936 0.31145999
v 0.15621878 0.02967069 0.31784627
v 0.17671797 0.03012220 0.31494093
v -0.08673570 0.02991346 0.32663149
v 0.12147956 0.02971716 0.32322812
v -0.15922178 0.03402447 0.31802821
v -0.13308010 0.03269411 0.32168481
v -0.17165329 0.03013473 0.31467572
v 0.19062841 0.02576612 0.31108913
v 0.20212768 0.03095351 0.31045997
v 0.20114705 0.02628819 0.30955535
v -0.14875738 0.02910926 0.31753930
v -0.12555993 0.02939461 0.32101542
v -0.09978400 0.02846368 0.32372913
v 0.13263480 0.02818974 0.32019088
v 0.16034023 0.02516425 0.31417200
v 0.05741354 0.02856435 0.32757586
v -0.18940812 0.02888442 0.30975908
v -0.19955720 0.03582064 0.30973682
v -0.05231057 0.02869170 0.32742724
v 0.21196070 0.02749950 0.30667791
v -0.17363542 0.02555333 0.31132889
v -0.20709570 0.02763109 0.30346945
v -0.21414469 0.03517955 0.30471098
v -0.22154367 0.02893144 0.29994357
v -0.03384629 0.02625007 0.32490733
v 0.02547013 0.02565931 0.32528737
v -0.03299998 0.02519853 0.32478246
v -0.07469400 0.02532040 0.32220092
v 0.21250981 0.03416774 0.30796123
v 0.22320056 0.02928559 0.30374488
v 0.12634988 0.02502126 0.31788734
v -0.17636724 0.02557095 0.31025022
v -0.19042175 0.02592080 0.30867922
v -0.14805394 0.02520384 0.31441581
v -0.11255672 0.02536944 0.31834647
v -0.20620593 0.04171825 0.30855921
v -0.19390367 0.02659909 0.30650520
v 0.06860920 0.02639108 0.32465744
v 0.09111535 0.02502458 0.32210609
v 0.06311855 0.02509512 0.32468435
v -0.22713979 0.03801948 0.29960352
v -0.23215449 0.03149982 0.29566777
v -0.27377069 -0.17350641 0.28319702
v -0.27861840 -0.21010347 0.28132612
v -0.27282795 -0.18830021 0.29109842
v -0.27853084 -0.18156244 0.27129254
v -0.28038144 -0.20829596 0.27577072
v -0.26911849 -0.17361827 0.29787520
v -0.26906165 -0.12430830 0.28397509
v -0.26658586 -0.13765465 0.29521704
v -0.27707180 -0.15570155 0.27075216
v -0.26365331 -0.08554935 0.28660044
v -0.26313838 -0.10309533 0.29319549
v -0.26024282 -0.10123641 0.30281588
v -0.25703499 -0.07593575 0.30435556
v -0.25272596 -0.02842058 0.30000818
v -0.26147765 -0.06148677 0.28539896
v -0.27208751 -0.20439592 0.30066133
v -0.26530415 -0.18905053 0.31361017
v -0.26542684 -0.20474911 0.31819716
v -0.26422501 -0.15384096 0.30993140
v -0.27744833 -0.21529026 0.29041353
v -0.26516601 -0.14080988 0.30259717
v -0.26073432 -0.12261387 0.30937269
v -0.28469357 -0.22280534 0.27048463
v -0.27049261 -0.23437205 0.31737143
v -0.27725485 -0.23491023 0.30133530
v -0.28093490 -0.25356811 0.30038750
v -0.27651307 -0.25875431 0.31124112
v -0.28262025 -0.24266471 0.29098427
v -0.28760210 -0.28261611 0.29088986
v -0.29151860 -0.27336460 0.27450776
v -0.29484546 -0.30848512 0.27817574
v -0.29268855 -0.31789538 0.28798258
v -0.28946280 -0.25092310 0.27038026
v -0.28438661 -0.29115546 0.30131245
v -0.28722733 -0.31591934 0.29991573
v -0.29757905 -0.32545826 0.27893683
v -0.29450962 -0.34691897 0.29216075
v -0.29969540 -0.35212246 0.28087109
v -0.29889905 -0.33913073 0.27898276
v -0.29235983 -0.27691308 0.27260700
v -0.27292013 -0.10317143 0.27082798
v -0.27511972 -0.12770869 0.27081215
v -0.29030010 -0.36474833 0.30412194
v -0.25706851 -0.10216223 0.30983078
v -0.28134593 -0.20288791 0.26758265
v -0.27789521 -0.30446929 0.31740308
v -0.27143073 -0.26703420 0.32363448
v -0.28161794 -0.32558584 0.31060168
v -0.27925727 -0.33614469 0.32115844
v -0.28377500 -0.35599095 0.31641158
v -0.28767669 -0.35299024 0.30719930
v -0.28519204 -0.37897351 0.31893817
v -0.29271907 -0.39360189 0.30458713
v -0.29253858 -0.42109910 0.31612420
v -0.29631186 -0.41806278 0.30423799
v -0.29933012 -0.45270765 0.30571082
v -0.29574496 -0.46012747 0.31835687
v -0.29118833 -0.45018598 0.32713813
v -0.29852718 -0.49236083 0.32350609
v -0.30707482 -0.48709840 0.29643458
v -0.30709818 -0.46995753 0.29030076
v -0.28765208 -0.41703689 0.32631108
v -0.30267316 -0.43108284 0.28599489
v -0.29109213 -0.45820498 0.32830518
v -0.30436403 -0.49929705 0.31074280
v -0.30007547 -0.50018960 0.32316336
v -0.30907193 -0.49906039 0.29481295
v -0.27605283 -0.32260603 0.32497460
v -0.30813462 -0.48404837 0.29072058
v -0.29439199 -0.37586805 0.29391444
v -0.29516932 -0.38459986 0.29144719
v -0.28271893 -0.38600954 0.32591984
v -0.27941397 -0.36217111 0.32593557
v -0.24999049 -0.01368245 0.30085048
v -0.25245607 0.03648724 0.28003198
v -0.24930336 0.01629943 0.29276583
v -0.25954634 0.02907220 0.26749250
v -0.25652623 0.04004144 0.27037457
v -0.26387820 0.03579708 0.25165001
v -0.26243761 0.04438976 0.25486982
v -0.26828501 0.01866588 0.25168815
v -0.27144632 -0.00029789 0.25566748
v -0.26715401 0.00060637 0.26560169
v -0.27242681 -0.01853050 0.25934616
v -0.25301901 -0.04828560 0.30453309
v -0.26736671 -0.22719721 0.32093668
v -0.24750459 0.03334190 0.29005727
v -0.26577207 0.04227781 0.24134153
v -0.29683810 -0.40350315 0.29006359
v -0.27278885 -0.31127161 0.32707930
v -0.27622199 -0.34551370 0.32744852
v -0.26122642 -0.14679861 0.31343639
v -0.26893270 -0.26095685 0.32557315
v -0.29427204 -0.48555338 0.32888377
v -0.26071635 -0.17787956 0.31756708
v -0.25415307 -0.07691348 0.30863732
v -0.26692232 0.03130824 0.24315220
v -0.29589489 -0.50017405 0.32857868
v -0.29825306 -0.36574009 0.28208727
v -0.29628101 -0.38198757 0.28343916
v -0.30018139 -0.41637504 0.28384000
v -0.29642460 -0.39631677 0.28355402
v -0.26417226 0.04632480 0.24286129
v -0.26586193 0.04653820 0.23749721
v -0.29504815 -0.30930385 0.27620688
v -0.24348982 0.03173548 0.29528645
v -0.26425588 -0.21162309 0.32111523
v -0.27841076 -0.17978622 0.26600930
v -0.27732146 -0.15917386 0.26775289
v -0.28451386 -0.22176015 0.26737583
v -0.30413979 -0.44399795 0.28685209
v -0.27058974 -0.30165899 0.32767281
v -0.26998872 -0.31034142 0.32891968
v -0.25602484 -0.18565789 0.32114884
v -0.26323411 -0.23315614 0.32478547
v -0.28751218 -0.42883381 0.32753444
v -0.30829281 -0.50029105 0.29305679
v -0.30636498 -0.46823961 0.28893700
v -0.25703168 -0.03770620 0.01413844
v -0.23042107 -0.03729405 0.01195294
v -0.23284574 -0.03491534 0.04005051
v -0.24460135 -0.03951448 -0.01052192
v -0.25343400 -0.03560916 0.04452595
v -0.26252925 -0.03526245 0.04733128
v -0.23455353 -0.03985743 -0.02480896
v -0.24517582 -0.04141405 -0.04684960
v -0.25191924 -0.03112891 0.09044711
v -0.26384121 -0.03343204 0.06676984
v -0.26789674 -0.03059902 0.09955496
v -0.25082844 -0.02893913 0.12080107
v -0.23848099 -0.03041920 0.08725594
v -0.26374486 -0.02777804 0.16143781
v -0.24899383 -0.02766879 0.14436978
v -0.24750939 -0.02676021 0.18171866
v -0.26695117 -0.02735623 0.18918732
v -0.27004582 -0.02718109 0.17021729
v -0.25330392 -0.03948341 -0.01460212
v -0.24819273 -0.04075309 -0.03968567
v -0.22703640 -0.03772980 -0.00254920
v -0.22195855 -0.03959175 -0.07353219
v -0.24552771 -0.04095684 -0.07023444
v -0.22051834 -0.03877576 -0.04946243
v -0.22386499 -0.03815820 -0.02307085
v -0.24004698 -0.02747908 0.11669445
v -0.21680306 -0.03864101 -0.06974503
v -0.21016966 -0.03792191 -0.08469445
v -0.22134154 -0.03998682 -0.09600420
v -0.20461240 -0.03992264 -0.11622225
v -0.22246505 -0.04103661 -0.11990096
v -0.24553916 -0.04055520 -0.07728229
v -0.23845795 -0.03967711 -0.10368537
v -0.25450343 -0.02805320 0.20264888
v -0.24437574 -0.02774633 0.20290814
v -0.20042662 -0.04290509 -0.13130870
v -0.22023876 -0.04303167 -0.13427772
v -0.26671925 -0.02685239 0.20460895
v -0.24075878 -0.03930835 -0.12117168
v -0.23702493 -0.04102814 -0.13638589
v -0.24330822 -0.02596455 0.16414404
v -0.24397126 -0.03877812 -0.10505295
v -0.20976117 -0.04614145 -0.14431633
v -0.22884732 -0.04510690 -0.14870374
v -0.23567371 -0.02940755 0.08905854
v -0.23233488 -0.03199743 0.05884612
v -0.27106053 -0.02897712 0.11933392
v -0.26839146 -0.03110374 0.08438816
v -0.23311418 -0.04443378 -0.15085332
v -0.25785339 -0.03055689 0.21472256
v -0.24640383 -0.03194435 0.21663679
v -0.26513293 -0.02993317 0.22051312
v -0.22936545 -0.05167714 -0.16446868
v -0.26046002 -0.03625043 0.02628084
v -0.20576246 -0.05265902 -0.15763195
v -0.25699082 -0.03411804 0.22267820
v -0.26850596 -0.02546113 0.20381744
v -0.25422463 -0.04035962 0.23096642
v -0.19885288 -0.05772753 -0.16429409
v -0.26503173 -0.03224534 0.05828744
v -0.23684619 -0.04116278 0.23170573
v -0.24246974 -0.04035865 0.23307969
v -0.23519255 -0.04179538 0.23584187
v -0.26869521 -0.02592365 0.22141480
v -0.25769505 -0.03593731 0.00082077
v -0.26319325 -0.03635328 0.22978356
v -0.23252746 -0.04545417 0.23543662
v 0.23405142 -0.00723811 0.13461052
v 0.22996655 0.00295503 0.11050194
v 0.22933488 -0.01078121 0.10473905
v 0.23477519 0.00985177 0.13721314
v 0.23744261 0.00925831 0.15912327
v 0.23803078 -0.01211250 0.15478061
v 0.23952286 0.00468836 0.17987415
v 0.24058288 -0.01323621 0.17598595
v 0.23452504 -0.01834529 0.12906434
v 0.24135074 0.00552736 0.20514569
v 0.24269289 -0.01509509 0.20553963
v 0.22692360 0.00063439 0.09816284
v 0.24079044 -0.01968233 0.16251650
v 0.22347496 -0.00716810 0.07554741
v 0.23206647 -0.02182328 0.10418926
v 0.24437395 -0.02098905 0.20592377
v 0.22799817 -0.01936933 0.08052418
v 0.23617579 0.01039365 0.15128183
v 0.23891148 0.01044283 0.22120854
v 0.24064796 -0.00609052 0.21602859
v 0.24163373 -0.01634518 0.21982175
v 0.24278027 -0.02163765 0.22182401
v 0.22411948 -0.01935879 0.03856292
v 0.23638789 -0.02401129 0.12638101
v 0.23979504 -0.02545626 0.13893035
v 0.22930114 -0.03131397 0.03602874
v 0.23236325 -0.02871367 0.07563307
v 0.21518202 -0.01132173 -0.00377528
v 0.22301587 -0.02969471 -0.00195734
v 0.21964429 -0.02305075 -0.00430484
v 0.21826054 -0.02729860 -0.04726901
v 0.21107829 -0.01380391 -0.06004082
v 0.21596235 -0.02752738 -0.06253533
v 0.21140988 -0.02420451 -0.07488144
v 0.20499428 -0.03733647 -0.10672401
v 0.20136093 -0.03585323 -0.11543144
v 0.19743916 -0.04024579 -0.12984852
v 0.18939763 -0.01866906 -0.13777924
v 0.18959062 -0.03527225 -0.14634396
v 0.21740149 -0.03751832 -0.07633654
v 0.19506295 -0.04437668 -0.14284076
v 0.23819059 -0.00068496 0.22344925
v 0.24249879 -0.02311288 0.16096395
v 0.24527882 -0.02303110 0.17834458
v 0.21092892 -0.03689901 -0.09130523
v 0.22132091 -0.03738685 -0.06344835
v 0.22419734 -0.03766737 -0.04722175
v 0.19164453 -0.05118556 -0.15502365
v 0.20215869 -0.03856785 -0.11794998
v 0.23199841 -0.03202812 0.05435375
v 0.22786833 -0.03722356 -0.00624128
v 0.23635502 -0.02877555 0.09888462
v 0.23056163 -0.03295163 0.03412202
v 0.23345466 -0.03481789 0.02711469
v 0.22709917 -0.03961125 -0.04895386
v 0.23580325 -0.03241721 0.06494533
v 0.23973463 -0.03121063 0.08737767
v 0.22305615 -0.03890333 -0.07426913
v 0.24089840 -0.02794072 0.12228729
v 0.21200494 -0.03783192 -0.09505015
v 0.24666680 -0.02253112 0.22056037
v 0.24896607 -0.02341148 0.18270768
v 0.24473697 -0.02816878 0.12637125
v 0.24944939 -0.02207196 0.20688277
v 0.23203151 -0.03757278 -0.00148038
v 0.23393977 -0.03931792 -0.02072362
v 0.22118659 -0.03958302 -0.11033726
v 0.24922374 -0.04179851 -0.04021629
v 0.21886142 -0.04035827 -0.12314743
v 0.24971357 -0.03382106 0.05776718
v 0.25536922 -0.02290377 0.22131084
v 0.26429108 -0.03025831 0.10311639
v 0.26249346 -0.02312917 0.18656328
v 0.26756671 -0.02192351 0.20228314
v 0.26702091 -0.02248934 0.22317886
v -0.26780418 -0.02338770 0.27000883
v -0.27098098 -0.07503489 0.26992407
v -0.27196419 -0.05622171 0.26554781
v -0.27254876 -0.03836601 0.26298073
v -0.27156904 -0.07966011 0.26793531
v -0.23386778 -0.49885264 -0.25620794
v -0.23046289 -0.47762561 -0.26136386
v -0.23464769 -0.49068806 -0.25169343
v -0.23069273 -0.45513463 -0.25525761
v -0.24706279 0.02770550 -0.08364688
v -0.25013384 0.02014535 -0.07865850
v -0.25039521 0.02010653 -0.06543458
v -0.24712533 0.03392059 -0.06763530
v -0.25002852 0.03589528 -0.03855135
v -0.24696779 0.04372450 -0.04647267
v -0.25342986 0.02177226 -0.02713479
v -0.25004244 0.04778918 -0.01888963
v -0.25353861 0.04493718 -0.00148855
v -0.25575590 0.02258385 -0.00392126
v -0.25873339 0.04817836 0.04615403
v -0.25745043 0.03077431 0.01958553
v -0.25866583 0.02533196 0.02767666
v -0.25935778 0.02657327 0.04148100
v -0.26054347 0.03628051 0.05688857
v -0.26094019 0.04883125 0.06723201
v -0.26285902 0.04904912 0.09043352
v -0.26347375 0.03545715 0.09910427
v -0.26653650 0.04603836 0.12638612
v -0.26685932 0.04947124 0.13528161
v -0.26944044 0.04671730 0.16713920
v -0.26095751 0.02921192 0.06558472
v -0.26176649 0.03044999 0.07911491
v -0.26434892 0.03329482 0.10816576
v -0.26707247 0.03457445 0.14626083
v -0.26883480 0.03621055 0.17499250
v -0.26989055 0.03328223 0.18693906
v -0.26822752 0.04646333 0.21479085
v -0.26785162 0.03671042 0.21057265
v -0.26820272 0.05016388 0.19510713
v -0.26851699 0.05022915 0.17001124
v -0.26869771 0.03311357 0.21659261
v -0.27092114 0.02211929 0.20756929
v -0.27140382 0.02365666 0.17402405
v -0.27070722 0.03018017 0.15570197
v -0.27074984 0.02830560 0.14284772
v -0.27277005 0.00589793 0.13336478
v -0.27234036 0.00620982 0.11206629
v -0.26906437 0.01570365 0.07304850
v -0.27056453 0.00278952 0.07223274
v -0.26942587 0.00221413 0.04766412
v -0.26456133 0.00653939 0.00108272
v -0.26679325 0.00206979 0.01544413
v -0.26603186 0.01775948 0.04588699
v -0.26910883 0.02421887 0.10553848
v -0.26646280 0.02476546 0.07320763
v -0.26233441 0.00276583 -0.03022404
v -0.25826320 0.01337194 -0.04324123
v -0.25414026 0.04861804 0.01326709
v -0.25917253 0.01693076 -0.02340994
v -0.26303917 0.01320323 0.00333695
v -0.26285309 0.02089970 0.02707225
v -0.25808883 0.00537355 -0.08198238
v -0.25538155 0.01732544 -0.06457549
v -0.25506714 0.01775360 -0.07804073
v -0.26652163 0.02917795 0.09519180
v -0.26692536 0.03250431 0.11912193
v -0.25943831 0.02031343 -0.00381695
v -0.25543928 0.01925787 -0.08805915
v -0.25668940 0.00874913 -0.09491315
v -0.25452101 0.02103280 -0.08298354
v -0.26719955 0.04925304 0.21601582
v -0.27119428 0.00868768 0.24065939
v -0.27241781 0.00914624 0.19630419
v -0.25589547 0.01704144 -0.09757490
v -0.27217093 0.00702139 0.16636297
v -0.25531858 0.03334736 -0.10124994
v -0.25391132 0.02907072 -0.09098154
v -0.25338465 0.01435473 -0.11238539
v -0.25588298 0.03194081 -0.10965055
v -0.27106604 -0.00659358 0.23302510
v -0.25637454 0.04816416 -0.11353516
v -0.25693819 0.05252613 -0.12389316
v -0.27153745 -0.00401494 0.20920505
v -0.27093515 -0.00808083 0.16225585
v -0.25822648 0.07075152 -0.12808371
v -0.25887823 0.07877882 -0.13887568
v -0.25945646 0.08786502 -0.13869667
v -0.25993517 0.10419064 -0.14806055
v -0.27032733 -0.01708781 0.19912860
v -0.27051482 -0.02247230 0.18374203
v -0.27086979 -0.01811421 0.13139184
v -0.27045804 -0.01392704 0.12461093
v -0.26804659 -0.01706782 0.08499051
v -0.27155027 -0.02697667 0.12537766
v -0.26961643 -0.02728650 0.09331064
v -0.26532075 -0.01574603 0.05748075
v -0.26195520 -0.03304688 0.02545935
v -0.26319015 -0.01530145 0.01879363
v -0.26266718 -0.00999018 -0.00125025
v -0.25711519 -0.02933281 -0.01900132
v -0.26926446 -0.02818935 0.23646022
v -0.27136105 -0.03167386 0.25333264
v -0.25937191 0.10631490 -0.15377773
v -0.25986204 0.12763810 -0.16048868
v -0.25967312 0.12070893 -0.15403403
v -0.25987217 -0.02919480 0.00161895
v -0.25935286 0.14377652 -0.16641334
v -0.26613224 0.03596259 0.23351656
v -0.25300160 0.02503468 -0.12078202
v -0.25856227 0.08982178 -0.14754309
v -0.25105560 0.00857016 -0.12060577
v -0.26970354 -0.04898065 0.25487167
v -0.26824030 -0.04120818 0.24499168
v -0.26766568 -0.03149977 0.22910433
v -0.25512409 -0.00773758 -0.08499668
v -0.25298047 -0.00707439 -0.09835673
v -0.25511768 -0.01335899 -0.06746031
v -0.25705928 -0.01551718 -0.04227112
v -0.25362405 -0.02723749 -0.04698685
v -0.26931280 -0.06638771 0.26022038
v -0.25248539 0.05176494 -0.14160158
v -0.25803599 0.13110566 -0.16738789
v -0.25812367 0.16604525 -0.17887610
v -0.25875458 0.16270943 -0.17420948
v -0.25726318 0.18982087 -0.18887542
v -0.25753236 0.18944624 -0.18530376
v -0.25683808 0.20343451 -0.19384511
v -0.25631201 0.20697863 -0.19158755
v -0.25545049 0.22063288 -0.19994803
v -0.24986562 -0.02693050 -0.08264904
v -0.24745944 -0.01714584 -0.11290412
v -0.24940884 0.01018347 -0.12405510
v -0.24252911 -0.02356846 -0.12669627
v -0.24496679 -0.00495527 -0.12991001
v -0.24774401 0.02468948 -0.13677122
v -0.25077537 -0.03469958 -0.04843350
v -0.26731914 -0.08611552 0.25840935
v -0.25775093 0.16771930 -0.17307076
v -0.25771999 0.14758056 -0.16331528
v -0.26415735 -0.06092674 0.24891347
v -0.27311918 -0.10656950 0.26890084
v -0.25333589 0.04030322 -0.10066308
v -0.25831765 0.10324413 -0.14288345
v -0.26484329 -0.04582963 0.24015918
v -0.25725552 0.13272659 -0.15532130
v -0.26509053 -0.06761245 0.25233567
v -0.26745844 -0.10618058 0.25902644
v -0.26303098 0.02524244 0.05116574
v -0.27071750 -0.13072863 0.26185483
v -0.25737146 0.08351602 -0.13196892
v -0.25579116 0.01834784 -0.04056282
v -0.26353696 -0.07966620 0.25395355
v -0.25343829 0.04832416 -0.10716463
v -0.25372958 0.05815005 -0.11364181
v -0.25477076 0.18980327 -0.18057068
v -0.25730795 0.11943246 -0.14931135
v -0.25540295 0.07329103 -0.12481757
v -0.25970972 0.02198694 0.00947850
v -0.25440443 0.02146522 -0.02379583
v -0.25362492 0.17836414 -0.17420536
v -0.25342831 0.16593865 -0.16837960
v -0.25427797 0.15310773 -0.16328317
v -0.25171998 0.03657126 -0.09550258
v -0.25090492 0.03237562 -0.09057747
v -0.25021157 0.02760355 -0.08567222
v -0.25597361 0.10816023 -0.14337417
v -0.25589317 0.09327341 -0.13596530
v -0.22983448 -0.04778570 -0.16353765
v -0.23104669 -0.02999623 -0.16133867
v -0.22529323 -0.02863073 -0.17729707
v -0.22569121 -0.05459019 -0.17935398
v -0.22577827 -0.00724591 -0.17607726
v -0.22254097 -0.02128144 -0.18356276
v -0.21946582 -0.04379910 -0.19365795
v -0.21665524 -0.06445354 -0.20418499
v -0.23296908 0.00320967 -0.15896514
v -0.23683991 -0.01701525 -0.14650838
v -0.22368644 -0.08020511 -0.19075461
v -0.21396983 -0.07615257 -0.21417670
v -0.22328494 -0.10414337 -0.19731268
v -0.21426986 -0.10560592 -0.22248636
v -0.22063325 -0.14869396 -0.21156743
v -0.21893772 -0.16461764 -0.22069974
v -0.22220486 -0.18249904 -0.21975474
v -0.22941010 -0.21716630 -0.20894574
v -0.22978358 -0.26836398 -0.22957523
v -0.23174258 -0.30408764 -0.23204599
v -0.23458292 -0.28085807 -0.21697289
v -0.23649485 -0.33448187 -0.22574471
v -0.23417532 -0.44311559 -0.24860658
v -0.24367981 -0.43787625 -0.22753623
v -0.23915170 -0.46853152 -0.24256839
v -0.23892325 -0.48440892 -0.24658795
v -0.24589311 -0.49072304 -0.23531243
v -0.25051469 -0.49275422 -0.22542500
v -0.24784234 -0.49918050 -0.23556128
v -0.24122003 -0.50007731 -0.24558660
v -0.23798400 0.00479640 -0.14831232
v -0.23555240 0.00995837 -0.15147153
v -0.24388658 0.00628363 -0.13648908
v -0.24525183 0.00992044 -0.13334440
v -0.23558851 -0.46956950 -0.24809773
v -0.23726353 -0.49918664 -0.24972272
v -0.22714536 0.01248231 -0.16294186
v -0.22190264 0.00731535 -0.17391002
v -0.24434385 0.03785770 -0.15340915
v -0.25301841 0.07524280 -0.15388240
v -0.25235575 0.11025675 -0.17138085
v -0.25332621 0.16872822 -0.18914327
v -0.25369903 0.20638663 -0.20132269
v -0.25313720 0.23280241 -0.20885073
v -0.25303301 0.24434623 -0.20890519
v -0.25259313 0.24462333 -0.21215104
v -0.25103727 0.26134315 -0.21795309
v -0.24459310 0.06018840 -0.16493526
v -0.24451925 0.09061921 -0.17856559
v -0.24895787 0.26043868 -0.22177665
v -0.24935594 0.27913681 -0.22456115
v -0.25000888 0.26974195 -0.21850330
v -0.24804881 0.28834960 -0.22522901
v -0.24548228 0.30797121 -0.23527946
v -0.24599928 0.30259934 -0.23139340
v -0.24891113 0.25989008 -0.21073496
v -0.24334189 0.31445524 -0.23379397
v -0.24243911 0.32732207 -0.24333881
v -0.24213476 0.33014959 -0.24252191
v -0.23952420 0.34542060 -0.25093114
v -0.25279292 0.23133050 -0.19961232
v -0.25366902 0.21914709 -0.19348985
v -0.23818986 0.03700370 -0.16523740
v -0.23792514 0.05344355 -0.17433748
v -0.25015965 0.24504051 -0.20384103
v -0.24675009 0.27821359 -0.21788822
v -0.24731679 -0.50034529 -0.23448122
v -0.24307677 0.30552724 -0.22888823
v -0.24337725 0.29654151 -0.22460389
v 0.30321428 -0.50023532 0.30599388
v 0.30050963 -0.50017339 0.31695113
v 0.27454701 -0.50024396 0.32284674
v 0.29213035 -0.50028461 0.32875052
v 0.30052829 -0.50006914 0.29371130
v 0.27373174 -0.50026709 0.29399765
v 0.30469066 -0.50004619 0.29692611
v 0.28076497 -0.49958876 0.32856488
v 0.29355389 -0.49924123 0.33082694
v 0.28914809 -0.49918532 0.29191387
v 0.27215257 -0.49919513 0.30510825
v 0.28598392 -0.49893734 0.33025113
v 0.27467048 -0.49900985 0.29217666
v 0.27299401 -0.49922577 0.31814000
v -0.21118499 -0.50035024 -0.25083703
v -0.23506139 -0.49996430 -0.24489149
v -0.21614733 -0.49985659 -0.23464005
v -0.20750856 -0.50042212 -0.27287892
v -0.23237728 -0.50011855 -0.25502560
v -0.21113090 -0.50033605 -0.22705153
v -0.14235455 0.03001995 -0.19707869
v -0.13845070 0.03079941 -0.19650052
v -0.15135230 0.02916564 -0.19278631
v -0.15318735 0.02928049 -0.19319554
v -0.23747335 0.04593043 -0.08088885
v -0.24284235 0.03686369 -0.08438222
v -0.24357928 0.04470260 -0.06231150
v -0.24318974 0.04863036 -0.04981719
v -0.24453920 0.03083509 -0.08850699
v -0.24014631 0.03120939 -0.09791546
v -0.23946199 0.04296851 -0.08261118
v -0.23004857 0.03675364 -0.10694689
v -0.23268698 0.02901741 -0.11357971
v -0.23634720 0.05459950 -0.05144153
v -0.22785769 0.02742502 -0.12315555
v -0.22279465 0.04164873 -0.10980540
v -0.21807149 0.03457642 -0.12626590
v -0.22543618 0.02570700 -0.12945677
v -0.22037825 0.05041517 -0.09756639
v -0.22036061 0.05800856 -0.08137882
v -0.22261380 0.06079543 -0.06763619
v -0.20832105 0.03266243 -0.13933453
v -0.20552474 0.05941998 -0.09752195
v -0.18772238 0.06172961 -0.11513507
v -0.20817336 0.04084982 -0.12728228
v -0.19964905 0.04794724 -0.12399705
v -0.18458055 0.05885209 -0.12428616
v -0.17514563 0.06300746 -0.12551199
v -0.17279062 0.06036157 -0.13363692
v -0.17157215 0.05639529 -0.14185949
v -0.20919482 0.06246684 -0.08326545
v -0.18303579 0.04570138 -0.14421110
v -0.19707450 0.03352847 -0.14856146
v -0.18308835 0.03336628 -0.16194977
v -0.15923536 0.04902665 -0.16427150
v -0.15760528 0.05509047 -0.15652777
v -0.16621314 0.03505086 -0.17647243
v -0.14277565 0.05225173 -0.17069492
v -0.15056503 0.05832560 -0.15499933
v -0.14910328 0.03829907 -0.18527430
v -0.17707245 0.02258706 -0.18003771
v -0.19710100 0.02260022 -0.16030824
v -0.15829222 0.02813511 -0.19012415
v -0.21458057 0.02209713 -0.14388199
v -0.12664394 0.04898825 -0.18448199
v -0.12678321 0.05635639 -0.17252894
v -0.21158791 0.02108886 -0.14992855
v -0.19043387 0.02123330 -0.17127971
v -0.17390016 0.02429550 -0.18076009
v -0.16448019 0.02656969 -0.18792856
v -0.12984771 0.03737991 -0.19582361
v -0.12776980 0.06248652 -0.15832281
v -0.10256772 0.05166870 -0.18929522
v -0.10409074 0.04699869 -0.19538316
v -0.10172219 0.04220084 -0.20097709
v -0.11297967 0.03483152 -0.20397660
v -0.08125831 0.04902416 -0.19610454
v -0.24550016 0.03088971 -0.09146203
v -0.20498854 0.02128911 -0.15857945
v -0.29444158 -0.50015742 0.29291385
v -0.27794775 -0.50024748 0.32238224
v -0.27517992 -0.49997485 0.30779734
v -0.30375347 -0.50030667 0.30949092
v -0.27581486 -0.50023782 0.29048380
v -0.28253222 -0.50014091 0.32642055
v -0.29915261 -0.49906686 0.29152441
v -0.29180658 -0.49893788 0.32979831
v -0.27343309 -0.49858081 0.29073420
v 0.22888781 -0.50037819 -0.24580465
v -0.02208559 0.03618959 -0.20963268
v 0.04599684 0.03550172 -0.21031873
v -0.02012677 0.02952962 -0.21217778
v 0.05820757 0.02991605 -0.21215816
v -0.04457687 0.03642402 -0.20981766
v -0.06139276 0.03085198 -0.21180786
v -0.06396370 0.03245186 -0.21140249
v 0.00435106 0.03751012 -0.20918833
v -0.09262305 0.03484507 -0.20940845
v 0.09188314 0.03424249 -0.20701361
v 0.07773534 0.03049854 -0.21020760
v -0.02189115 0.02838548 -0.21326676
v 0.04227457 0.02999010 -0.21298455
v 0.08661582 -0.03675480 0.12633541
v 0.06337036 -0.03695844 0.09961709
v 0.11644036 -0.03713621 0.14969148
v 0.04822911 -0.03657370 0.08492762
v 0.02201046 -0.03613815 0.05778489
v 0.00993892 -0.03631937 0.04442387
v 0.10877880 -0.03659337 0.14695142
v 0.13516904 -0.03688608 0.17078137
v 0.15508913 -0.03783869 0.18191436
v 0.06993511 -0.03645241 0.10905650
v 0.14121147 -0.03647679 0.17631577
v 0.15936612 -0.03705646 0.18868439
v 0.17482753 -0.03672155 0.20120035
v 0.08022864 -0.03399940 0.12486561
v 0.08954576 -0.03316563 0.13474463
v 0.01178621 -0.03448718 0.04961720
v 0.06388812 -0.03438015 0.10523026
v 0.05317983 -0.03364481 0.09440631
v 0.07280470 -0.03324671 0.11763986
v 0.03706437 -0.03312054 0.07754917
v 0.02564811 -0.03323407 0.06571607
v 0.04481676 -0.03323861 0.08545505
v -0.25001284 -0.04244844 0.23375405
v -0.25344121 -0.04370399 0.23449780
v -0.25221375 -0.05252049 0.24097496
v -0.24867207 -0.04924742 0.23896639
v -0.24169309 -0.05194363 0.23956861
v -0.24908243 -0.06195276 0.24572137
v -0.23061164 -0.05268449 0.23849344
v -0.22147781 -0.06568149 0.24306111
v -0.24839373 -0.06888489 0.24826975
v -0.21357292 -0.06498306 0.24270965
v -0.21766785 -0.07139265 0.24714282
v -0.22888029 -0.07573556 0.24719828
v -0.22097489 -0.07678549 0.24785568
v -0.23487388 -0.04634430 0.23718357
v -0.22305089 -0.09274419 0.25252551
v -0.25872937 -0.09000812 0.25450769
v -0.24042474 -0.09427808 0.25240770
v -0.22750615 -0.09258185 0.25128186
v -0.26633981 -0.10441519 0.25804088
v -0.23319481 -0.11673051 0.25440079
v -0.25741330 -0.11170451 0.25672781
v -0.22516425 -0.11438859 0.25500292
v -0.22389419 -0.05126643 0.23729829
v -0.22719441 -0.04458891 0.23584628
v -0.25150296 -0.14171390 0.25824931
v -0.26838419 -0.14997581 0.26083139
v -0.23570387 -0.18340561 0.25890097
v -0.27427325 -0.17909065 0.26293132
v -0.27664793 -0.21562412 0.26581636
v -0.23665458 -0.19369726 0.25984749
v -0.24213260 -0.22128001 0.26334351
v -0.26112503 -0.23004827 0.26652545
v -0.26873264 -0.25653160 0.27032107
v -0.28749943 -0.24332854 0.26912531
v -0.28493488 -0.27409270 0.27239248
v -0.26756987 -0.28961432 0.27357107
v -0.27656931 -0.33767918 0.27948749
v -0.28296542 -0.38005787 0.28405836
v -0.26882184 -0.36427400 0.28165841
v -0.27136031 -0.33957577 0.27914023
v -0.25857222 -0.35700151 0.27971858
v -0.24624127 -0.25953743 0.26821959
v -0.25367418 -0.31421718 0.27469623
v -0.26209128 -0.38118181 0.28227949
v -0.26400089 -0.38972276 0.28305224
v -0.25570661 -0.34059203 0.27720270
v -0.27949822 -0.41302943 0.28510854
v -0.24723394 -0.28293535 0.27107769
v -0.23028460 -0.12936801 0.25535539
v -0.23786639 -0.21882369 0.26325569
v -0.28924823 -0.41172311 0.28499979
v -0.28489929 -0.44818661 0.28801927
v -0.26855808 -0.43307081 0.28576940
v -0.27117187 -0.45572755 0.28743726
v -0.27850038 -0.48475987 0.28957555
v -0.26683635 -0.41041458 0.28373012
v -0.29299721 -0.45500544 0.28875038
v -0.29543632 -0.42395332 0.28570735
v -0.27933344 -0.19989029 0.26546669
v -0.23904696 -0.23413420 0.26569688
v -0.24106166 -0.24908692 0.26729318
v -0.24281844 -0.26822844 0.27042282
v -0.23094790 -0.17590937 0.25922960
v -0.24617057 -0.29238707 0.27288836
v -0.25202930 -0.31793246 0.27562770
v -0.22733691 -0.13190436 0.25664073
v -0.24868548 -0.04595371 0.23962866
v -0.27236018 -0.15356237 0.26253012
v -0.23522359 -0.20569938 0.26233906
v -0.24142070 -0.04885328 0.24091274
v 0.22925700 -0.16243888 0.26030821
v 0.23130237 -0.16847265 0.25908217
v 0.23015502 -0.17547037 0.26458195
v 0.23374122 -0.19132748 0.26215065
v 0.23464110 -0.21325476 0.26859280
v 0.23825820 -0.21639501 0.26396623
v 0.23860051 -0.23485269 0.26859650
v 0.24163336 -0.24015796 0.26678520
v 0.24175023 -0.25889739 0.27230603
v 0.24623400 -0.26546466 0.26893324
v 0.24515733 -0.27865216 0.27278847
v 0.24684273 -0.28266266 0.27185512
v 0.23065662 -0.14313687 0.25648683
v 0.22700974 -0.13190936 0.25912678
v 0.22638094 -0.10580722 0.25522196
v 0.22413783 -0.10028537 0.25820524
v 0.23523028 -0.18802032 0.26031202
v 0.24558517 -0.28705934 0.27851886
v 0.22329532 -0.08916673 0.25405198
v 0.25071105 -0.30983251 0.27634862
v 0.22633713 -0.13388236 0.26207611
v 0.22366476 -0.09949676 0.26141998
v 0.23778281 -0.23589486 0.27440628
v 0.22202367 -0.08427268 0.25976649
v 0.24154015 -0.25920537 0.27721363
v 0.21987349 -0.07625907 0.25387755
v 0.22016735 -0.07574739 0.24989553
v 0.21531232 -0.06619947 0.24884066
v 0.21520957 -0.06384193 0.24069199
v 0.22666317 -0.08982043 0.25102681
v 0.22440563 -0.08332337 0.24996945
v 0.22106141 -0.07290977 0.24564408
v 0.22536176 -0.07070308 0.24373122
v 0.27056405 -0.46167031 0.29177171
v 0.27193618 -0.46344209 0.29005593
v 0.27251267 -0.48659298 0.29441053
v 0.27073172 -0.44448182 0.28830481
v 0.26860690 -0.43859830 0.29334572
v 0.26635775 -0.41130412 0.28943014
v 0.26684558 -0.40944141 0.28667498
v 0.26311669 -0.38554639 0.28759146
v 0.26304334 -0.37645310 0.28258750
v 0.25823987 -0.34894219 0.28227469
v 0.25956953 -0.35108113 0.27875787
v 0.25602058 -0.32944936 0.27620685
v 0.26999965 -0.46111977 0.30664662
v 0.26244882 -0.37873578 0.29241738
v 0.26877716 -0.43476558 0.31090820
v 0.27006200 -0.45396346 0.31952330
v 0.26684669 -0.40551072 0.30646497
v 0.26689708 -0.40934896 0.31934592
v 0.27261180 -0.48593658 0.31960222
v 0.26508787 -0.38855341 0.30691427
v 0.26280349 -0.35781792 0.31969020
v 0.25858882 -0.34457088 0.29169142
v 0.26388150 -0.36408943 0.30946803
v 0.26187566 -0.35377702 0.29902494
v 0.26224148 -0.34528393 0.30748898
v 0.26192820 -0.34673080 0.32105416
v 0.25920802 -0.31063110 0.31409889
v 0.25900570 -0.30536160 0.32023796
v 0.25381655 -0.26217619 0.30798748
v 0.25801319 -0.30433658 0.30549559
v 0.25158304 -0.23164760 0.31861502
v 0.25220212 -0.24551335 0.30734056
v 0.25495556 -0.26718512 0.31950462
v 0.24822371 -0.20378317 0.31577307
v 0.27007541 -0.44581634 0.32375419
v 0.24630310 -0.20920418 0.29790407
v 0.25042337 -0.24301247 0.29726550
v 0.24498059 -0.17584895 0.31207767
v 0.25332746 -0.26780367 0.30078349
v 0.25793111 -0.31762409 0.29822582
v 0.25425589 -0.32495055 0.28744864
v 0.25446135 -0.32986915 0.27956560
v 0.25054002 -0.31084979 0.28191304
v 0.24254358 -0.18265994 0.29544756
v 0.23632576 -0.11457229 0.30436414
v 0.23580047 -0.12940769 0.29352838
v 0.23979020 -0.14054890 0.30637380
v 0.23380156 -0.10919798 0.29322678
v 0.23209664 -0.07787728 0.29359844
v 0.23426345 -0.07160690 0.30468103
v 0.25414041 -0.28843534 0.29709956
v 0.23062310 -0.11129189 0.28076574
v 0.23299670 -0.13751358 0.28087118
v 0.22832273 -0.08136681 0.28018615
v 0.25915247 -0.29947871 0.32291079
v 0.22919396 -0.06549723 0.28978050
v 0.23189025 -0.05026272 0.30569220
v 0.23546439 -0.15897754 0.28129160
v 0.23847730 -0.11952329 0.30975607
v 0.26716211 -0.39980692 0.32286623
v 0.26951057 -0.42418504 0.32428658
v 0.22112086 -0.07567002 0.26029915
v 0.24722670 -0.22655615 0.29385418
v 0.25233597 -0.30552360 0.28977728
v 0.23949236 -0.19078170 0.28385144
v 0.25191027 -0.22165258 0.32213083
v 0.24376945 -0.15064946 0.31459299
v 0.24590917 -0.27906615 0.28328985
v 0.24840076 -0.19243725 0.31856853
v 0.23558436 -0.06143027 0.31003708
v 0.24210407 -0.25199220 0.28104761
v 0.22661309 -0.13071409 0.26668179
v 0.22065650 -0.06001532 0.26770625
v 0.21636812 -0.05339877 0.25822616
v 0.26446000 -0.35912868 0.32378250
v 0.22613081 -0.05335898 0.28820327
v 0.21648669 -0.04113958 0.27042553
v 0.21258970 -0.03375583 0.26331773
v 0.21340759 -0.04654193 0.25138912
v 0.21270648 -0.06121628 0.24696378
v 0.23777694 -0.22564612 0.27733496
v 0.23438342 -0.20977364 0.27281108
v 0.24108860 -0.21334717 0.28353420
v 0.23767984 -0.08634051 0.31076092
v 0.25477603 -0.24303471 0.32359657
v 0.22838600 -0.03460124 0.30535015
v 0.21195847 -0.05139996 0.24690092
v 0.21137992 -0.04151251 0.24340719
v 0.21098980 -0.02249858 0.24569431
v 0.21149817 -0.02555498 0.25147465
v 0.22965278 -0.16836910 0.26751551
v 0.25616494 -0.26625168 0.32247144
v 0.22244845 -0.04298378 0.28633609
v 0.24713896 -0.16550905 0.31797183
v 0.21176331 -0.01279825 0.25192559
v 0.23336187 -0.17727551 0.27414307
v 0.23289983 -0.19694117 0.26946476
v 0.24002440 -0.11547334 0.31305775
v 0.26169220 -0.30409673 0.32538915
v 0.20798412 -0.03696818 0.23792228
v 0.20839797 -0.01971766 0.24162920
v 0.23374295 -0.03575595 0.31064811
v 0.21173966 -0.06198368 0.24127710
v 0.27133217 -0.44554392 0.32574466
v 0.27438179 -0.48777983 0.32390219
v 0.21852191 -0.03247400 0.28870824
v 0.24253079 -0.12249900 0.31521896
v 0.26491931 -0.34124568 0.32593656
v 0.20728152 -0.04553068 0.23756649
v 0.26700515 -0.37099147 0.32597759
v 0.20992249 -0.02259726 0.26111254
v 0.27082106 -0.41635066 0.32585251
v 0.21202429 -0.00513103 0.24479955
v 0.21425837 -0.00072886 0.24744537
v 0.21410759 0.00187714 0.25472769
v 0.20821375 -0.01818131 0.26764041
v 0.20879386 -0.01784982 0.26399967
v 0.25988379 -0.26838201 0.32580453
v 0.21036865 -0.00816222 0.26176813
v 0.21136335 -0.00194244 0.26290593
v 0.21040556 -0.01332253 0.26554862
v 0.21219231 -0.00895785 0.26386115
v 0.22867048 -0.02176495 0.30997258
v 0.21588700 0.00512837 0.24096180
v 0.25150210 -0.19392823 0.32175097
v 0.21030030 -0.00055778 0.26571181
v 0.21886538 0.00847970 0.24415137
v 0.21440351 0.00843332 0.26167271
v 0.21188255 0.00218761 0.26686627
v -0.23327801 0.02897346 0.30208486
v -0.21094733 0.02509573 0.30944505
v -0.19255546 0.02425413 0.31326801
v -0.17004129 0.02383774 0.31424803
v -0.24075662 0.03289852 0.28996804
v -0.24863808 0.03633307 0.28102890
v -0.12295253 0.02302773 0.31975570
v -0.11732836 0.02193178 0.32148108
v -0.25387913 0.04175818 0.27103817
v -0.25773761 0.04536786 0.25905618
v -0.24750267 0.05115667 0.27071610
v -0.24074543 0.04794127 0.28544363
v -0.24470536 0.04284209 0.28382552
v -0.23022120 0.04678443 0.29620230
v -0.23822378 0.03755241 0.29238582
v -0.21237481 0.04817216 0.30607003
v 0.25401917 0.01918711 -0.04268609
v 0.25763452 0.01887319 -0.03413972
v 0.25591749 0.01998187 -0.01040465
v 0.25259122 0.01917010 -0.07606350
v 0.24791297 0.01957636 -0.06773009
v 0.25191456 0.01992740 -0.04018240
v 0.25408918 0.02084203 -0.02694532
v 0.24448107 0.02085721 -0.08371232
v 0.24795291 0.02123487 -0.08310388
v 0.24400610 0.02282813 -0.09151027
v 0.25766557 0.02038389 0.00227879
v 0.26187345 0.01937460 0.01946942
v 0.25987157 0.02015156 0.03785318
v 0.26198837 0.02050590 0.04699650
v 0.26364908 0.02149075 0.08554427
v 0.26538765 0.02087893 0.08762474
v 0.26752353 0.02211756 0.13362870
v 0.26934889 0.02463112 0.16430470
v 0.26952589 0.02482402 0.19412526
v 0.26794070 0.02578654 0.22505520
v 0.26614431 0.02773616 0.23731333
v 0.26424578 0.02363822 0.08898219
v 0.25997609 0.02377387 0.04104498
v 0.24222696 0.02285795 -0.09397710
v 0.24612164 0.03015507 -0.06819689
v 0.25637802 0.02376386 -0.00554924
v 0.25375336 0.03513168 -0.02329026
v 0.25705710 0.03437390 0.00364210
v 0.25949833 0.03245329 0.03163796
v 0.26260346 0.04014359 0.07086860
v 0.27504662 -0.31386292 0.32716712
v 0.27205735 -0.29062778 0.32637969
v 0.27282903 -0.31582147 0.32853350
v 0.27598017 -0.34534895 0.32960141
v 0.27850246 -0.33160421 0.32673424
v 0.27969640 -0.36098877 0.32981223
v 0.26918504 -0.29225141 0.32754913
v 0.26877278 -0.26968509 0.32609186
v 0.28599441 -0.41622612 0.32756254
v 0.28304359 -0.41732866 0.32846090
v 0.28882310 -0.43114975 0.32651269
v 0.28461027 -0.43531370 0.32777309
v 0.28298780 -0.39240056 0.32950887
v 0.27986372 -0.38706776 0.33033791
v 0.28802094 -0.45152980 0.32844847
v 0.29170805 -0.45111233 0.32630038
v 0.28428096 -0.38297337 0.32746002
v 0.29038838 -0.45600072 0.32964897
v 0.25338587 -0.11022957 0.31484994
v 0.25062612 -0.13325043 0.31788942
v 0.25355688 -0.13933468 0.31808171
v 0.24813607 -0.08351703 0.31373647
v 0.24532072 -0.10592336 0.31560093
v 0.24856311 -0.15512948 0.31869376
v 0.24186985 -0.08907036 0.31381539
v 0.24131562 -0.05569524 0.31225231
v 0.24563639 -0.04985299 0.31063157
v 0.25360548 -0.17005609 0.32088557
v 0.23972753 -0.02755022 0.31042090
v 0.23697340 -0.03745815 0.31149939
v 0.22490656 -0.01613698 0.30992541
v 0.23113757 -0.00770139 0.30910057
v 0.21013926 -0.00843793 0.31121239
v 0.20805721 0.01913389 0.31146049
v 0.21823503 0.02544836 0.30924585
v 0.23547721 0.00045056 0.30730054
v 0.20102981 0.02486755 0.31131920
v 0.18664013 0.02224671 0.31491047
v 0.23225948 0.02610564 0.30527234
v 0.18554360 -0.00158390 0.31443128
v 0.16503175 0.02227214 0.31755990
v 0.13987848 0.01871884 0.32001293
v 0.13610728 0.02269948 0.31966284
v 0.25768030 -0.15780611 0.31849045
v 0.25766823 -0.18653750 0.32187882
v 0.20760019 -0.01401318 0.31107354
v 0.14913446 0.00126466 0.31786022
v 0.18696949 -0.01410395 0.31290233
v 0.09294175 0.01912980 0.32496020
v 0.09878390 -0.00025975 0.32196617
v 0.16560026 -0.01039929 0.31490269
v 0.25289825 -0.18779187 0.32149810
v 0.07273958 0.01897150 0.32627854
v 0.12953293 0.02178598 0.32156885
v 0.09293969 0.02331761 0.32386282
v 0.24232793 -0.00975683 0.30603406
v 0.25713244 -0.21671923 0.32426539
v 0.26108208 -0.21614322 0.32450840
v 0.26097843 -0.19318600 0.32205629
v 0.25934622 -0.24178492 0.32596880
v 0.26475984 -0.24261889 0.32574809
v 0.26539040 -0.27157572 0.32691789
v 0.04504783 -0.00220051 0.32430211
v 0.01648663 0.01460612 0.32727069
v 0.00589781 -0.00536043 0.32455590
v -0.03362263 -0.00382698 0.32393983
v -0.04001665 0.01917115 0.32650322
v -0.06151177 0.00229887 0.32348418
v -0.08457009 0.01933485 0.32369238
v -0.11119760 0.00341408 0.32043573
v -0.07485248 0.02313081 0.32358488
v 0.26531246 -0.30849251 0.32701111
v -0.12552378 0.01887651 0.32023612
v -0.17250930 0.00754460 0.31561464
v -0.17669983 0.02155709 0.31554741
v -0.20066181 -0.00655510 0.31209531
v -0.18426612 -0.01160072 0.31326482
v -0.14904164 -0.00403182 0.31652746
v -0.22561322 0.00008892 0.30833647
v -0.22025862 -0.01736009 0.30895671
v -0.23018351 -0.01353304 0.30821019
v -0.22651732 -0.02247868 0.30984637
v -0.24027865 -0.04185914 0.30944604
v -0.23260659 -0.04268352 0.31065217
v -0.22582841 -0.03525624 0.30981556
v -0.23380613 -0.05926740 0.31143540
v -0.23825125 -0.07474251 0.31313375
v -0.10280932 -0.00988863 0.31886858
v -0.06653335 -0.01235006 0.32035261
v 0.23779331 -0.06893992 0.31149146
v 0.03340977 -0.01056863 0.32305506
v 0.01939325 0.01937597 0.32822788
v 0.05430073 0.02446862 0.32685661
v 0.01673756 0.02294127 0.32811007
v 0.08978032 0.02174736 0.32584089
v -0.02308682 0.02437606 0.32661918
v -0.06840166 0.02195387 0.32521626
v -0.13565923 -0.01063075 0.31596023
v -0.01717577 -0.01102924 0.32287961
v 0.24713326 -0.14092365 0.31732425
v 0.10284680 -0.00979540 0.31957293
v 0.13641652 -0.01109917 0.31644514
v 0.26901385 -0.31842369 0.32829183
v 0.27275345 -0.37349659 0.32905903
v -0.22651151 0.02629069 0.30533516
v 0.27639562 -0.41468683 0.32828528
v 0.27453861 -0.45640504 0.32659802
v 0.28843158 -0.46871045 0.33021134
v 0.29219002 -0.46616149 0.33019069
v -0.24785842 -0.05422989 0.30854419
v -0.24276651 -0.10848646 0.31621158
v -0.23924121 -0.08870012 0.31429249
v -0.23895146 -0.10526610 0.31503296
v -0.25142980 -0.09901283 0.31250095
v -0.24928455 -0.12001404 0.31634450
v -0.24894913 -0.13406453 0.31794202
v -0.24525604 -0.13379413 0.31753224
v -0.25090027 -0.15877534 0.31980357
v 0.27575269 -0.47127056 0.32620350
v 0.28219220 -0.48620522 0.32848167
v -0.23998509 -0.00167727 0.30349034
v -0.22935876 -0.06289720 0.30985239
v -0.25604632 -0.14925599 0.31715533
v -0.25314143 -0.18777008 0.32115328
v -0.25549737 -0.21150063 0.32381251
v -0.25966129 -0.22755204 0.32511222
v -0.23297580 -0.07302094 0.31089863
v -0.17912658 -0.01466565 0.31250003
v -0.23911405 -0.11606271 0.31450394
v -0.24327859 0.01003240 0.30017018
v -0.26407802 -0.25786594 0.32693836
v -0.26697052 -0.27276728 0.32755783
v -0.26127890 -0.25265464 0.32580027
v -0.26399338 -0.28772864 0.32578608
v 0.07973348 -0.01230975 0.31974292
v -0.11464436 -0.01322957 0.31646919
v -0.24656665 -0.14799561 0.31789970
v -0.24960311 -0.17193741 0.31910485
v -0.14283848 -0.01545048 0.31299469
v -0.25503764 -0.22997913 0.32255536
v 0.24056749 0.02903530 0.29983473
v 0.17182182 0.02399219 0.31537861
v 0.23355544 0.02898655 0.30294529
v -0.26643902 -0.31611773 0.32617038
v -0.26993814 -0.32336986 0.32870594
v -0.27412379 -0.35328227 0.32879946
v -0.27553341 -0.36816812 0.32842693
v -0.27904767 -0.39758906 0.32780379
v -0.27520651 -0.38386625 0.32782528
v -0.28301105 -0.40482196 0.32758358
v -0.28368965 -0.42853701 0.32749805
v -0.28363472 -0.47082686 0.32759637
v -0.27794430 -0.45113006 0.32617208
v -0.28840002 -0.45722237 0.32825962
v -0.27415884 -0.41208947 0.32540330
v -0.28087661 -0.48249671 0.32631597
v -0.27537173 -0.44626445 0.32488823
v -0.27092701 -0.35994795 0.32633126
v -0.27160841 -0.38312298 0.32531133
v -0.27717710 -0.48810139 0.32330531
v 0.26782200 -0.40714630 0.28510958
v 0.27066600 -0.41100657 0.28522781
v 0.27404419 -0.45359915 0.28847513
v 0.27617678 -0.48588315 0.29094937
v 0.25828034 -0.32376692 0.27449840
v 0.26136419 -0.35354725 0.27827632
v 0.25299290 -0.30193305 0.27247414
v 0.26678535 -0.38056648 0.28237858
v 0.25598204 -0.29787713 0.27174786
v 0.24944329 -0.26972455 0.26906410
v 0.26281333 -0.34033853 0.27659047
v 0.25164613 -0.25734398 0.26863292
v 0.29017064 -0.38944769 0.28552359
v 0.29412895 -0.44258428 0.28975892
v 0.28047881 -0.38191617 0.28417751
v 0.28863478 -0.35280019 0.28221908
v 0.27959904 -0.35817128 0.28176406
v 0.27763161 -0.33601320 0.27914068
v 0.28854865 -0.31932560 0.27921596
v 0.24626681 -0.24512112 0.26649261
v 0.26007384 -0.29572666 0.27251345
v 0.30095482 -0.47053972 0.29191980
v 0.28553629 -0.27616531 0.27669170
v 0.27213100 -0.29996377 0.27633786
v 0.26518211 -0.26870152 0.27325517
v 0.28462836 -0.24260941 0.27489805
v 0.28180113 -0.22443433 0.27307537
v 0.27122566 -0.22979860 0.27129117
v 0.26176590 -0.21014042 0.26864511
v 0.25513437 -0.21273004 0.26769006
v 0.29884887 -0.42051989 0.28943649
v 0.30222288 -0.44403535 0.29151970
v 0.24528541 -0.22278029 0.26448849
v 0.24228404 -0.22750129 0.26449099
v 0.24287289 -0.20896691 0.26263759
v 0.27640557 -0.19040178 0.26819283
v 0.26261657 -0.18585102 0.26562610
v 0.27146575 -0.15638407 0.26412326
v 0.25172198 -0.20804697 0.26629677
v 0.25345957 -0.17747828 0.26248738
v 0.25610787 -0.10635070 0.25654510
v 0.27563465 -0.13992432 0.26347971
v 0.27225542 -0.10842740 0.25961122
v 0.25048304 -0.13548629 0.25793776
v 0.23906183 -0.11063915 0.25355738
v 0.23439823 -0.10404367 0.25246334
v 0.24045950 -0.16447203 0.25705040
v 0.27079794 -0.07359898 0.25467086
v 0.24950811 -0.08060399 0.25173071
v 0.23235512 -0.08664625 0.24936593
v 0.29351863 -0.35000584 0.28324565
v 0.29731712 -0.38105491 0.28703380
v 0.23454955 -0.16044639 0.25653011
v 0.24352098 -0.18974444 0.26047838
v 0.23840216 -0.18839504 0.25964880
v 0.29113710 -0.27972555 0.27864778
v 0.23066747 -0.11034701 0.25335813
v 0.26181161 -0.06116217 0.24969080
v 0.23117088 -0.07611316 0.24645545
v 0.27164394 -0.06046881 0.25259855
v 0.30544871 -0.48407406 0.29441455
v 0.28672391 -0.22953372 0.27520025
v 0.28263250 -0.20661378 0.27205902
v 0.28284195 -0.19540595 0.27120522
v 0.23527086 -0.06437440 0.24370594
v 0.28292030 -0.18425453 0.27095589
v 0.29135162 -0.30168334 0.27986085
v 0.23260626 -0.04966540 0.23696622
v 0.22161920 -0.05655323 0.23595887
v 0.26079249 -0.04594645 0.24252626
v 0.23328742 -0.04472762 0.23495053
v 0.22134551 -0.04100638 0.23177160
v 0.21927932 -0.02928932 0.23105955
v 0.22568069 -0.03022669 0.23138355
v 0.22284496 0.00170566 0.23456372
v 0.22523414 -0.01837095 0.23216437
v 0.23441757 -0.03620841 0.23164067
v 0.26987103 -0.04864918 0.24744718
v 0.22748415 0.00158699 0.23458801
v 0.29071400 -0.24456480 0.27871814
v 0.30295843 -0.42742819 0.29195517
v 0.29901332 -0.37615642 0.28827366
v 0.29610232 -0.35620508 0.28542855
v 0.29438317 -0.31352878 0.28310308
v 0.24626076 -0.03166902 0.22955036
v 0.21663238 -0.06053199 0.23726746
v 0.23222812 -0.02849745 0.23002593
v 0.21796802 0.00637260 0.23417589
v 0.21362478 0.00610206 0.23231532
v 0.23888122 -0.02898247 0.22783011
v 0.25606322 -0.03183180 0.23094846
v 0.30518010 -0.45310757 0.29452357
v 0.22258942 0.00682160 0.23709396
v 0.28610191 -0.20629731 0.27577108
v 0.29398826 -0.29029790 0.28372240
v 0.28985164 -0.23127459 0.27918100
v 0.26494536 -0.02925223 0.23072755
v 0.29823133 -0.35483456 0.28896773
v 0.30163696 -0.39215270 0.29174769
v 0.20100656 0.00907542 0.11863533
v 0.26152220 -0.18531907 0.31949490
v 0.26412514 -0.21766163 0.32299110
v 0.26740664 -0.24385828 0.32278925
v 0.27560046 -0.29930225 0.32210556
v 0.26142985 -0.16314290 0.31361467
v 0.25760829 -0.13585088 0.31492803
v 0.27643532 -0.27098382 0.31234294
v 0.27259746 -0.22702631 0.30841988
v 0.27709538 -0.23285964 0.30271590
v 0.28256527 -0.28341681 0.30454579
v 0.27493432 -0.20710072 0.29796168
v 0.26777264 -0.18473487 0.30451435
v 0.26917291 -0.12730187 0.28538895
v 0.27842572 -0.15102598 0.27457142
v 0.27339301 -0.18224768 0.29314357
v 0.26548019 -0.13493644 0.29496130
v 0.28186202 -0.17238532 0.27502146
v 0.25909814 -0.08319967 0.29620418
v 0.25714105 -0.10877316 0.30886808
v 0.26281932 -0.07414642 0.28540796
v 0.26760808 -0.06828347 0.27481198
v 0.27536398 -0.11478032 0.27121079
v 0.25331429 -0.06026568 0.30214599
v 0.25288665 -0.08490230 0.31058791
v 0.25940129 -0.01963848 0.28214192
v 0.25203651 0.02964506 0.28556260
v 0.25423360 -0.01370269 0.29060131
v 0.25841799 0.02965630 0.27330765
v 0.28313100 -0.32098499 0.31052604
v 0.24942496 -0.01998146 0.30011222
v 0.24877496 -0.06293467 0.31029651
v 0.28428739 -0.20274544 0.28160474
v 0.28533962 -0.23206137 0.29076761
v 0.28883818 -0.23243892 0.28330001
v 0.29060012 -0.26562986 0.29039448
v 0.29136467 -0.29833484 0.29571640
v 0.28781423 -0.34600022 0.30849761
v 0.29395759 -0.29687756 0.29027840
v 0.29565549 -0.33584955 0.29553595
v 0.28557426 -0.34981290 0.31300715
v 0.29025561 -0.38532984 0.31217271
v 0.27988824 -0.33124712 0.32449329
v 0.28266281 -0.36149865 0.32590863
v 0.28533053 -0.19754893 0.27659971
v 0.28784990 -0.40782189 0.32390392
v 0.29425916 -0.42720926 0.31208608
v 0.29303470 -0.43063304 0.31472829
v 0.29661372 -0.45971718 0.31284851
v 0.30240446 -0.46319425 0.30415896
v 0.29999149 -0.48648623 0.31454927
v 0.30427253 -0.49893025 0.30549955
v 0.30481878 -0.44375443 0.29546788
v 0.29686368 -0.47727430 0.31958801
v 0.29709440 -0.49889818 0.32392740
v 0.30303869 -0.42511356 0.29819381
v 0.30068904 -0.41810715 0.30221388
v 0.30163482 -0.39385754 0.29547691
v 0.29784307 -0.37828392 0.30155924
v 0.30066538 -0.37747601 0.29488492
v 0.29706410 -0.35525960 0.29848567
v 0.29693490 -0.34255502 0.29358837
v 0.29239935 -0.26050019 0.28285277
v 0.24562271 -0.02271656 0.30590498
v 0.24517655 0.02974901 0.29470870
v 0.29562020 -0.31833583 0.28963226
v 0.30611172 -0.49081531 0.29808030
v 0.29609680 -0.33817944 0.28651652
v 0.22900361 0.00968105 0.23706950
v 0.23205967 0.00483020 0.23319456
v 0.23515925 -0.00151042 0.22913320
v 0.23098890 -0.01564444 0.23049521
v 0.23702736 -0.02013058 0.22671510
v 0.22146346 0.00928455 0.24064925
v 0.21952127 0.01171296 0.25218156
v -0.22590378 0.42675737 -0.27845326
v -0.22781451 0.42059335 -0.28034568
v -0.23063450 0.40422225 -0.27318057
v -0.22412606 0.44169411 -0.28736982
v -0.22353971 0.43982509 -0.28375012
v -0.22864774 0.40432233 -0.26882184
v -0.23120385 0.39372644 -0.26587659
v -0.23319550 0.38551369 -0.26509535
v -0.23289025 0.37329981 -0.25629491
v -0.23467223 0.37483701 -0.26085281
v -0.23734356 0.35716143 -0.25253841
v -0.21893887 0.45438689 -0.29009813
v -0.21728963 0.46149126 -0.29637051
v -0.21435119 0.46450800 -0.29507419
v -0.23415905 0.35723618 -0.24927822
v -0.23735847 0.34993312 -0.24796598
v -0.21915825 0.44795871 -0.28578416
v -0.22553302 0.41760957 -0.27354777
v -0.23867413 0.33646625 -0.24140170
v -0.23951399 0.32460359 -0.23612526
v -0.22971374 0.38570035 -0.26072130
v -0.20757206 0.47487527 -0.30265415
v -0.21169853 0.46372461 -0.29311991
v -0.20330086 0.47672403 -0.30068251
v 0.15148628 0.03713082 -0.18818638
v 0.14325573 0.03137733 -0.19650649
v 0.13290045 0.03290181 -0.19981828
v 0.15264608 0.03115672 -0.19388232
v 0.16348663 0.03099392 -0.18996044
v 0.12194768 0.04500433 -0.18970154
v 0.10508239 0.04712573 -0.19295761
v 0.11292482 0.03453620 -0.20341299
v 0.12413128 0.03311224 -0.20202431
v 0.08857368 0.03937970 -0.20345311
v 0.09020380 0.04838709 -0.19411594
v 0.05128727 0.04272326 -0.20430227
v 0.04777204 0.04792562 -0.19859594
v -0.00178813 0.04319811 -0.20430896
v -0.04954439 0.04251752 -0.20489514
v -0.08139485 0.04255950 -0.20353785
v -0.05048900 0.04706333 -0.19979237
v 0.11655714 0.03332923 -0.20527278
v -0.11295431 0.03440759 -0.20576783
v 0.10392865 0.03380924 -0.20808634
v 0.09271794 0.03359335 -0.20950776
v 0.08400273 0.03199808 -0.20943004
v 0.22286059 0.02772464 -0.13825025
v 0.22449061 0.03715298 -0.12515153
v 0.22891639 0.03073950 -0.12581690
v 0.21090089 0.03253003 -0.14774577
v 0.21093692 0.03837726 -0.13963388
v 0.20180193 0.02622877 -0.16358747
v 0.19727454 0.03254621 -0.16160214
v 0.18806610 0.02701340 -0.17581199
v 0.18123530 0.03280983 -0.17523551
v 0.20364712 0.03777166 -0.14746736
v 0.22107591 0.04661361 -0.11442199
v 0.18049411 0.02793370 -0.18075946
v 0.17111522 0.02988182 -0.18608154
v 0.17595665 0.03718093 -0.17316233
v 0.19401821 0.03736166 -0.15665314
v 0.21051027 0.04710285 -0.12419075
v 0.19732283 0.05881590 -0.11394346
v 0.19871277 0.05260988 -0.12396736
v 0.17831637 0.05760614 -0.13289340
v 0.18816948 0.04602917 -0.14097026
v 0.17145209 0.06271122 -0.12864107
v 0.17420879 0.04537140 -0.15343924
v 0.16161919 0.04484516 -0.16621457
v 0.16129431 0.05785291 -0.14541292
v 0.14367454 0.05409768 -0.16391093
v 0.14498976 0.04476014 -0.17907754
v 0.18467934 0.06270838 -0.11636838
v 0.21789262 0.05644894 -0.09422928
v 0.12492474 0.05359670 -0.17490010
v 0.13993187 0.05948695 -0.15506807
v 0.15304497 0.06183345 -0.14186832
v 0.22951445 0.04787603 -0.09797524
v 0.10753595 0.05732497 -0.17430633
v 0.20114923 0.06240937 -0.09569638
v 0.10935574 0.06191503 -0.16209070
v 0.22755823 0.05463691 -0.08168275
v 0.21921785 0.06177317 -0.06819632
v 0.17385697 0.06595042 -0.11310252
v 0.08441687 0.05746616 -0.17825064
v 0.22844040 0.05849244 -0.06102253
v 0.07894656 0.06198682 -0.16714829
v 0.05037054 0.05356577 -0.18955743
v 0.05932507 0.05914223 -0.17596656
v -0.00238201 0.05951675 -0.17628953
v -0.02989409 0.05473207 -0.18760419
v 0.00325945 0.06258539 -0.16682020
v -0.04723500 0.06043524 -0.17375626
v -0.08048190 0.05359204 -0.18925788
v -0.08189330 0.06024463 -0.17281325
v -0.10298198 0.05688462 -0.17887120
v -0.10738321 0.06119016 -0.16655487
v -0.09639617 0.06433236 -0.15843722
v 0.21172895 0.02681384 -0.15327165
v -0.03512773 0.05183102 -0.19302414
v 0.19982611 0.02633663 -0.16685556
v 0.21972102 0.06317922 -0.05456211
v 0.23650298 0.05792312 -0.02897295
v 0.23283382 0.06143318 -0.00798392
v 0.24389474 0.05846070 0.01330850
v 0.24107604 0.06209576 0.04574410
v 0.25105742 0.05775373 0.06282424
v 0.25539392 0.05821276 0.11435604
v 0.24431491 0.05478705 -0.01740086
v 0.23559643 0.05428914 -0.05937470
v 0.25096026 0.05469386 0.02603637
v 0.23520879 0.04788162 -0.08437489
v 0.25542963 0.05495695 0.07306691
v 0.26092499 0.05504571 0.13192399
v 0.24200620 0.04866244 -0.05719897
v 0.24956836 0.04734585 -0.02292552
v 0.25417534 0.04723172 0.00589216
v 0.26245821 0.04754870 0.08497079
v 0.26679379 0.04786053 0.13365786
v 0.25811049 0.04816829 0.04681243
v 0.26859036 0.04753136 0.17763844
v 0.26207778 0.05509789 0.17732054
v 0.26829571 0.04769896 0.20523730
v 0.26597953 0.04526550 0.11741608
v -0.03513360 0.08010305 0.02769317
v 0.00694961 0.08106024 0.07158146
v 0.03762495 0.08003859 0.03187941
v 0.08053626 0.07829766 -0.01262763
v 0.08399022 0.07915078 0.02293704
v 0.11059272 0.07786635 0.00156772
v 0.12292210 0.07630797 -0.03201177
v 0.07604368 0.08000195 0.12647645
v 0.05695464 0.07939225 0.19742963
v 0.07469388 0.07904252 0.19190761
v 0.01360627 0.08098866 0.15096200
v 0.01104406 0.08004868 0.19496933
v -0.03464274 0.08115671 0.14402448
v -0.04869853 0.08033075 0.17417319
v -0.04356254 0.07962896 0.19762306
v 0.00959020 0.08132403 0.10335824
v 0.04275751 0.08076997 0.07887500
v 0.08093458 0.07986346 0.07988346
v -0.03688301 0.08095357 0.06769965
v -0.08048196 0.07973631 0.03511684
v -0.04144356 0.08129265 0.09809539
v -0.07993840 0.08032763 0.07408433
v -0.07916766 0.07890759 0.00459936
v -0.05124723 0.07866962 -0.00898142
v 0.03257192 0.07913223 0.00026453
v 0.01793918 0.07829533 -0.01721606
v 0.08169897 0.07615779 -0.05056326
v -0.00288704 0.07625559 -0.05013802
v -0.03805757 0.07707451 -0.03904997
v -0.08190296 0.07771741 -0.02513693
v -0.07868056 0.07594603 -0.05285851
v -0.03976663 0.07205100 -0.10220566
v -0.00093628 0.07292569 -0.09330702
v -0.02769645 0.07041548 -0.12083516
v 0.01336632 0.07051164 -0.12419719
v 0.03746784 0.07238864 -0.10167395
v 0.07441563 0.07057030 -0.12659810
v 0.07626241 0.07285454 -0.09520152
v 0.09350674 0.07164659 -0.10938592
v 0.12458538 0.07356796 -0.07360014
v 0.12214625 0.07529281 -0.05270448
v 0.04713974 0.07585505 -0.05341993
v -0.07366497 0.06978858 -0.12488315
v -0.07974150 0.07264320 -0.09102874
v -0.11098994 0.07143950 -0.09843583
v -0.10224438 0.07393944 -0.06984157
v -0.12478143 0.07470347 -0.05359670
v -0.13234802 0.07144914 -0.09075779
v -0.12798642 0.06821746 -0.12756571
v -0.09857888 0.06941546 -0.12517683
v -0.09956791 0.07788888 -0.00650164
v -0.11663157 0.07766170 0.00766784
v -0.12679312 0.07589568 -0.02888070
v -0.07811199 0.08042990 0.11935697
v -0.08185616 0.07983448 0.16775441
v -0.15188563 0.07346307 -0.05172341
v -0.14824799 0.07447336 -0.03608668
v -0.14789921 0.07014615 -0.09753485
v -0.14813507 0.07540298 0.00067522
v 0.15089181 0.07427616 -0.04763006
v 0.13704178 0.07658762 0.00263685
v 0.11361761 0.07800210 0.02316218
v 0.16464666 0.07460807 0.07757342
v 0.14036186 0.07626911 0.13872068
v 0.16237167 0.07461718 0.12727253
v 0.13875143 0.07667045 0.03624028
v 0.17617634 0.07374869 0.03280705
v 0.17570154 0.07344709 -0.00027624
v 0.17267314 0.07235467 -0.04997363
v 0.11452681 0.07790344 0.14324473
v 0.09787546 0.07791913 0.19213924
v 0.10486694 0.06986506 -0.12653874
v 0.15153427 0.07092702 -0.09407049
v 0.12936015 0.07021575 -0.11329098
v -0.11614104 0.07821758 0.06643888
v -0.11116447 0.07877175 0.07919786
v -0.16873336 0.07380202 0.01545440
v -0.15111612 0.07559682 0.04216134
v -0.17620187 0.07323153 0.05578788
v -0.17134608 0.07332534 -0.00178402
v -0.17215307 0.07250705 -0.03501798
v -0.14477021 0.07630683 0.12407351
v -0.17414556 0.07405595 0.16276655
v -0.16374002 0.07465457 0.17521787
v -0.11285347 0.07846531 0.13255344
v -0.10887222 0.07830637 0.17404364
v -0.16901359 0.07443558 0.07443081
v -0.17432877 0.07424493 0.12607065
v -0.13104501 0.07703211 0.02914184
v -0.09315132 0.07826975 0.19376114
v -0.17366895 0.07146101 -0.05723073
v -0.17396690 0.06869408 -0.08989397
v -0.10580937 0.07481129 0.24492855
v -0.04713060 0.07718510 0.23650070
v -0.04465370 0.07602328 0.26050249
v -0.07548646 0.07455537 0.27686396
v -0.02399059 0.07584535 0.28738433
v -0.08270375 0.07417581 0.29886243
v -0.03013459 0.07598846 0.30301800
v -0.00006348 0.07632088 0.30228591
v 0.00602194 0.07619858 0.27878970
v 0.03895363 0.07565746 0.29035658
v 0.04257247 0.07615980 0.30298030
v -0.00279436 0.07707495 0.24505797
v 0.02710188 0.07692272 0.24612045
v 0.06002694 0.07671074 0.23921362
v 0.06591147 0.07497989 0.27229694
v 0.06608107 0.07482465 0.29633090
v -0.10184920 0.07326963 0.27959758
v -0.12928842 0.07331245 0.25179544
v -0.16475330 0.07120536 0.24740548
v 0.10630928 0.07245677 0.28248838
v 0.10873861 0.07351743 0.25935256
v 0.09631265 0.07669490 0.21865703
v 0.12572192 0.07581194 0.19609575
v 0.15668823 0.07369633 0.19825609
v 0.13091213 0.07423272 0.22524373
v 0.16420263 0.07014871 0.25483322
v 0.14172447 0.06926616 0.28713533
v 0.17624021 0.07078634 0.22604749
v 0.09884459 0.07226875 0.30376551
v 0.07253124 0.07467963 0.30885309
v 0.04640867 0.07713680 0.31076810
v -0.12858205 0.07076768 0.29297379
v -0.12939429 0.07044709 0.30407703
v 0.18837520 0.07202773 0.13806254
v 0.22022556 0.06805041 0.16815716
v 0.19074903 0.07047156 0.19669542
v 0.19644348 0.07144405 0.07447998
v 0.20306000 0.07078630 0.03696012
v 0.22062151 0.06847345 0.12688120
v 0.22172348 0.06804579 0.07442213
v 0.17219421 0.06940629 -0.09122059
v 0.16013488 0.06922143 -0.10556852
v -0.19139063 0.07011250 0.22609936
v -0.20585358 0.06971568 0.19979849
v -0.23115756 0.06599598 0.22631443
v -0.20047258 0.07152861 0.15277471
v -0.22063926 0.06573028 0.25104627
v -0.17819603 0.06980065 0.25142720
v -0.20725389 0.06985042 0.07150396
v -0.20857196 0.07048743 0.12752239
v -0.20607741 0.06934942 0.02503183
v -0.16374706 0.06900589 0.27816027
v -0.15231045 0.06846282 -0.10960907
v -0.16723634 0.06666277 0.29497814
v -0.08522305 0.07462552 0.30818224
v -0.07004412 0.07564437 0.30730039
v -0.05221614 0.07650102 0.31105441
v -0.02499372 0.07828583 0.31123519
v -0.01607845 0.06810892 -0.14105640
v 0.08066504 0.06771027 -0.14535730
v 0.02366942 0.06780277 -0.14457616
v 0.19224872 0.06761053 0.25178578
v -0.23412053 0.06648913 0.19615220
v -0.23263325 0.06732709 0.16514501
v 0.22245908 0.06693892 0.19374895
v 0.21956751 0.06379013 0.26135767
v 0.22528589 0.06517367 0.22905497
v 0.17384091 0.06661288 0.28567418
v 0.20146313 0.06389789 0.28365132
v 0.20308393 0.07006355 0.00071503
v 0.18551233 0.07050718 -0.05302386
v -0.20678036 0.06871962 0.00136340
v -0.23151363 0.06720693 0.12858841
v -0.22847596 0.06590949 0.04808782
v -0.23147647 0.06662942 0.09867828
v -0.08603378 0.06697011 -0.14499913
v -0.20264901 0.06773413 -0.05224827
v -0.21554489 0.06443545 0.26865646
v 0.12643881 0.06842402 -0.12820008
v -0.12666200 0.06623704 -0.14081812
v 0.23426032 0.06381024 0.22953415
v 0.23772942 0.06450035 0.19330575
v 0.23799787 0.06519086 0.15720303
v 0.14521508 0.06753132 -0.12345023
v 0.12059551 0.06981135 0.30375025
v 0.16372679 0.06506079 0.30186599
v 0.20303717 0.06777636 -0.05200920
v 0.02383690 0.07826688 0.30954161
v 0.02406104 0.07798989 0.31331801
v 0.00479288 0.07891057 0.31232116
v -0.02064871 0.07884720 0.30998105
v -0.17362781 0.06610634 -0.11065625
v -0.15756477 0.06537940 -0.12600827
v -0.01764165 0.06539752 -0.15634212
v 0.22100428 0.06756650 0.02740256
v 0.22039409 0.06670214 0.00725543
v -0.20286082 0.06508561 -0.07758673
v -0.16622336 0.06579226 0.30336303
v -0.18525137 0.06354900 0.30036607
v 0.09964508 0.06602049 -0.14872456
v -0.23273091 0.06363049 0.25082886
v 0.22390826 0.06167983 0.27318445
v 0.24057525 0.06166383 0.24151914
v 0.19796233 0.06200803 0.29757166
v 0.07146876 0.06555411 -0.15519676
v 0.20214383 0.06598723 -0.07090864
v 0.23785757 0.06452232 0.09615155
v 0.24626920 0.06172792 0.21882795
v -0.01037473 0.07813407 0.31425744
v 0.20911016 0.06132349 0.29200232
v 0.24772434 0.06267291 0.16353531
v 0.24669681 0.06250239 0.11816530
v -0.12720662 0.07024463 0.30623212
v 0.09539719 0.07149430 0.30843797
v 0.24121554 0.05887457 0.25962687
v 0.25686967 0.05825575 0.20575655
v 0.23438618 0.05809258 0.27492985
v 0.22207083 0.05822150 0.28923613
v 0.24911316 0.05776253 0.24735466
v 0.25548863 0.05759918 0.22462963
v 0.25799349 0.05830325 0.16214181
v 0.17224243 0.06328362 0.30315590
v 0.03703519 0.07506889 0.31727716
v -0.13153051 0.06838507 0.30790839
v -0.03411087 0.07454044 0.31743997
v 0.12242549 0.06713155 0.30849811
v 0.25200897 0.05371701 0.25737035
v 0.24428862 0.05382958 0.27164659
v 0.21344993 0.05826744 0.29531863
v 0.23467810 0.05364813 0.28566182
v 0.25970611 0.05362788 0.23314762
v 0.06642426 0.07048029 0.31734854
v 0.01039203 0.07435183 0.31961811
v 0.15937896 0.06054117 0.30979130
v 0.26180902 0.05466856 0.20801573
v 0.08930394 0.06688702 0.31669810
v -0.07486203 0.07057267 0.31570855
v 0.11971284 0.06019216 0.31784320
v 0.18040657 0.05767736 0.30803740
v 0.20032875 0.05646830 0.30357832
v 0.25208986 0.04852490 0.26931646
v 0.22158055 0.05091057 0.29925504
v 0.23833117 0.04977119 0.28748384
v -0.04971324 0.07038303 0.31952396
v 0.25777462 0.04835032 0.25627241
v 0.26644412 0.04722650 0.22566098
v 0.26431188 0.04458767 0.24172303
v 0.03402402 0.07150172 0.32081440
v 0.15749739 0.05668867 0.31364721
v 0.09532335 0.05889811 0.32279173
v -0.10068086 0.05924614 0.32124168
v -0.02433282 0.07058998 0.32118407
v 0.24467459 0.04402266 0.28566152
v 0.12518859 0.05654625 0.31959176
v 0.23433511 0.04259400 0.29662523
v 0.18627040 0.04827515 0.31305107
v 0.20683992 0.04570366 0.30867752
v 0.01148857 0.06475030 0.32595816
v -0.06090397 0.05944250 0.32558164
v 0.04066271 0.06179699 0.32647985
v 0.25527143 0.04426053 0.26822719
v 0.22157884 0.04518138 0.30288425
v 0.26737329 0.04369921 0.22714312
v 0.24562122 0.03820799 0.28730202
v 0.25515968 0.03831497 0.27168518
v 0.26164749 0.03794977 0.25556061
v 0.26948130 0.03893805 0.21425688
v -0.25502402 0.05418114 0.05559585
v -0.25921470 0.05503530 0.10873102
v -0.24827990 0.05386844 0.01061610
v -0.24049710 0.05508555 -0.02612960
v -0.26177976 0.05588736 0.17465948
v -0.25032610 0.05867795 0.06679958
v -0.25577918 0.05927087 0.14615285
v -0.24055138 0.05796021 0.00349280
v -0.25923887 0.05523483 0.21905807
v -0.25568211 0.05934801 0.18953551
v -0.22184721 0.06285084 -0.05467655
v -0.23076507 0.06207199 -0.00672356
v -0.23190372 0.06267728 0.01232297
v -0.25187507 0.05884997 0.23205428
v -0.24525119 0.06278677 0.12576349
v -0.24177352 0.06214082 0.06729507
v -0.24714331 0.06268859 0.20148176
v -0.24560454 0.06237273 0.22620116
v -0.24508646 0.06333887 0.16232753
v -0.22319464 0.06492233 -0.00410073
v -0.23925264 0.06189503 0.25196004
v -0.24599707 0.05838136 0.25429198
v -0.22926782 0.06130318 0.27230573
v -0.20863533 0.06155243 0.29214680
v -0.14602081 0.06174065 -0.14782365
v -0.22154649 0.05864873 0.28908139
v -0.23389892 0.05843182 0.27610263
v -0.25294012 0.05336312 0.25414294
v -0.25507441 0.05502205 0.24139075
v -0.23285753 0.05369487 0.28674719
v -0.20580325 0.05600430 0.30202121
v -0.19147572 0.05781708 0.30529618
v -0.22165987 0.05330726 0.29606813
v -0.26330134 0.05173275 0.21476629
v -0.16876453 0.05763900 0.31185663
v -0.15022799 0.05905572 0.31410998
v -0.12868738 0.06224421 0.31323951
v -0.14588499 0.05460889 0.31806219
v -0.11265677 -0.04411010 0.14202538
v -0.10326200 -0.04315333 0.13111912
v -0.07817380 -0.04234190 0.10643981
v 0.19736707 0.48868707 -0.30830678
v 0.18691048 0.49287155 -0.31098527
v 0.16989620 0.49623537 -0.31552067
v 0.14888562 0.49727356 -0.32167292
v 0.12275183 0.49901673 -0.32146585
v 0.08560775 0.49968308 -0.32653144
v 0.15134795 0.49780622 -0.31574667
v 0.05135847 0.49973071 -0.33000332
v 0.03948605 0.49996245 -0.32780588
v 0.08962279 0.49965903 -0.32362574
v -0.04483437 0.49989298 -0.33068916
v -0.07266980 0.49982041 -0.32694063
v 0.17759737 0.49436313 -0.31017548
v 0.18882129 0.48992288 -0.30590761
v -0.01728905 0.49880108 -0.33442926
v 0.20173228 0.48311833 -0.30204028
v -0.11119685 0.49905559 -0.32408038
v -0.14050451 0.49759305 -0.31978515
v -0.15804763 0.49563062 -0.31832689
v -0.17557365 0.49249792 -0.31357953
v -0.18680438 0.48868686 -0.31037271
v 0.01592066 0.49898779 -0.32405832
v -0.09175597 0.49923363 -0.32324454
v -0.12342883 0.49786252 -0.31796154
v -0.15788643 0.49527705 -0.31411767
v -0.05661437 0.49787539 -0.32095566
v -0.01015470 0.49790883 -0.32112297
v 0.04148436 0.49800992 -0.32116637
v 0.10286022 0.49802253 -0.31769881
v -0.17740132 0.48955956 -0.30786905
v -0.14223048 0.49453372 -0.31296363
v 0.14614268 0.49497855 -0.31162605
v -0.19183816 0.48557672 -0.30653581
v 0.15909117 0.49380064 -0.30985755
v -0.11044502 0.49379626 -0.31359091
v -0.08689833 0.49500629 -0.31660464
v -0.04431741 0.49349496 -0.31706092
v 0.04346670 0.49545616 -0.31831661
v 0.02308510 0.49327070 -0.31664819
v 0.08255757 0.49390653 -0.31486049
v -0.19236860 0.48177269 -0.30254787
v -0.14433101 0.48994222 -0.30902773
v -0.00686972 0.49285102 -0.31681809
v 0.17376831 0.48987344 -0.30623096
v -0.06913838 0.48796830 -0.31256130
v -0.19834295 0.48105904 -0.30970034
v 0.21114384 0.47719803 -0.30113482
v 0.21786658 0.46148047 -0.29271165
v 0.21089420 0.47292900 -0.29731300
v 0.13012268 0.03365720 -0.20134750
v 0.12105990 0.13560228 -0.22921969
v 0.07983986 0.14965692 -0.23699188
v 0.08269393 0.11990256 -0.23045366
v 0.12118693 0.16818811 -0.23644960
v 0.07847738 0.18513916 -0.24454314
v 0.12023050 0.20412429 -0.24365139
v 0.08416324 0.22002661 -0.25065443
v 0.12181806 0.23924717 -0.25052407
v 0.07372587 0.26543805 -0.26046932
v 0.10525833 0.27180690 -0.25850263
v -0.02488235 0.23802528 -0.25889936
v -0.04767491 0.21359351 -0.25291395
v -0.00306291 0.25508338 -0.26282552
v -0.00110231 0.18375605 -0.24831751
v -0.00020894 0.15151295 -0.24207883
v -0.01872432 0.15182096 -0.24132578
v -0.00284875 0.11664720 -0.23437957
v -0.02662173 0.09923032 -0.22994673
v -0.00202571 0.08483364 -0.22748809
v -0.05608172 0.16467564 -0.24237621
v -0.05309658 0.19410609 -0.24869083
v -0.02512119 0.25764060 -0.26282102
v -0.05741392 0.13340154 -0.23539951
v -0.04908670 0.09050546 -0.22712696
v -0.05104224 0.07125088 -0.22265568
v -0.04864317 0.27046716 -0.26481611
v -0.07957260 0.08520088 -0.22331636
v -0.08392010 0.15418929 -0.23740558
v -0.07390338 0.20887363 -0.24969319
v -0.06153693 0.26291373 -0.26206261
v -0.05059054 0.31700516 -0.27493522
v -0.03040542 0.29265323 -0.27048939
v -0.02923759 0.31812787 -0.27603367
v -0.00252647 0.28610748 -0.26962605
v -0.00122481 0.32410744 -0.27772161
v -0.00237079 0.37028173 -0.28831977
v -0.02936472 0.36460218 -0.28675276
v -0.04760966 0.35339326 -0.28347892
v -0.03030553 0.39245141 -0.29242781
v -0.00181418 0.39017823 -0.29232493
v -0.04996227 0.39768597 -0.29277566
v -0.04998900 0.42432934 -0.29879749
v -0.00297249 0.42915612 -0.30094934
v -0.02638667 0.44976836 -0.30498362
v -0.00349811 0.47689748 -0.31190860
v -0.05300602 0.47446829 -0.30922607
v -0.07409327 0.45648879 -0.30412042
v -0.08770893 0.47785839 -0.30841234
v -0.07377406 0.29788399 -0.26824540
v -0.09795114 0.27051732 -0.25912386
v -0.10687918 0.21573730 -0.24722528
v -0.07597707 0.25199625 -0.25822398
v -0.11218531 0.26475528 -0.25613904
v -0.12541457 0.23436852 -0.24827874
v -0.12593046 0.17199692 -0.23580475
v -0.10692619 0.15979007 -0.23591308
v -0.10570482 0.11793834 -0.22714344
v -0.12966925 0.27452546 -0.25566298
v -0.07087328 0.37315920 -0.28524938
v -0.08146728 0.41168830 -0.29325655
v -0.08940820 0.43603146 -0.29804868
v -0.12388135 0.43503091 -0.29483181
v -0.12904531 0.40856624 -0.28734958
v -0.08132422 0.35730135 -0.28034976
v -0.11514000 0.31573209 -0.26683006
v -0.12843108 0.29912546 -0.26143891
v -0.11226001 0.36221397 -0.27812999
v -0.12827043 0.33860114 -0.27064303
v -0.13027559 0.38212273 -0.28052598
v -0.14763209 0.39020893 -0.27980649
v -0.13907601 0.32161102 -0.26488557
v -0.09800521 0.08609725 -0.22104260
v -0.08498196 0.05190980 -0.21439570
v -0.05541397 0.05008839 -0.21677065
v -0.07404639 0.04212088 -0.21349320
v -0.04950898 0.03331237 -0.21352914
v -0.15274744 0.43138003 -0.29078317
v -0.13171753 0.47606698 -0.30507722
v -0.15575831 0.45496783 -0.29749805
v -0.15964186 0.47391465 -0.30228239
v -0.11403957 0.04600151 -0.20879570
v -0.17337780 0.47618899 -0.30139375
v -0.02797483 0.05011981 -0.21774931
v 0.00060372 0.06794097 -0.22320010
v -0.13048707 0.11021163 -0.22154357
v -0.03772196 0.48738456 -0.31341949
v -0.00099923 0.48789108 -0.31486079
v -0.11569083 0.48779705 -0.30955216
v 0.00177830 0.04839424 -0.21775930
v 0.00666694 0.03021241 -0.21381925
v -0.17663008 0.43992814 -0.29030454
v -0.17786004 0.46695209 -0.29824248
v -0.19691730 0.47392786 -0.29828638
v 0.00971463 0.46041667 -0.30760419
v 0.02353776 0.08224556 -0.22663169
v 0.04364767 0.12030840 -0.23416305
v 0.02268354 0.14801411 -0.24091119
v 0.04456026 0.41550151 -0.29694396
v 0.01977368 0.36971352 -0.28787047
v 0.02682374 0.34575826 -0.28220996
v 0.04512579 0.37327746 -0.28793076
v 0.02262639 0.21171382 -0.25327030
v 0.03501723 0.26789713 -0.26411131
v 0.04848888 0.19486451 -0.24915187
v 0.05108481 0.15655403 -0.24152417
v 0.04303206 0.32846341 -0.27724525
v 0.04628783 0.04981983 -0.21711929
v 0.04078892 0.07688591 -0.22478898
v 0.03279680 0.45814458 -0.30624512
v 0.07228928 0.37745231 -0.28696132
v 0.07184081 0.41801852 -0.29589272
v 0.07042244 0.46054378 -0.30499896
v 0.07447118 0.36542690 -0.28385413
v 0.03714447 0.48801842 -0.31366241
v 0.07348709 0.47647288 -0.30856067
v 0.05279458 0.21526854 -0.25267264
v 0.05035632 0.25803065 -0.26109618
v 0.04698371 0.30512354 -0.27155867
v 0.07222504 0.32606909 -0.27398744
v 0.07494520 0.21218623 -0.25037339
v -0.16670720 0.48666152 -0.30611554
v 0.07395718 0.05043805 -0.21535851
v 0.07512689 0.48739469 -0.31159422
v 0.07381473 0.08858913 -0.22484949
v 0.07092790 0.14277460 -0.23685251
v 0.11872061 0.47214147 -0.30405667
v 0.10349084 0.44290087 -0.29826456
v 0.12567352 0.44005632 -0.29620042
v 0.15778644 0.46974844 -0.30127087
v 0.10445458 0.40132412 -0.28901896
v 0.14486143 0.47983673 -0.30476242
v 0.11761791 0.48777056 -0.30862972
v 0.16434754 0.48745510 -0.30584046
v 0.15788202 0.45559397 -0.29775426
v 0.13976790 0.42904389 -0.29215574
v 0.13633390 0.39055133 -0.28278080
v 0.12299415 0.37836328 -0.28149167
v 0.12160978 0.34154233 -0.27256432
v 0.10324109 0.33326712 -0.27236187
v 0.12256435 0.31313500 -0.26567158
v 0.09772522 0.29432404 -0.26412648
v 0.12317161 0.28323457 -0.25952154
v 0.09714261 0.06813336 -0.21678402
v 0.08569199 0.08816273 -0.22297016
v 0.14681989 0.29587284 -0.25918397
v 0.14108901 0.33357689 -0.26791662
v 0.13944998 0.25245526 -0.25074449
v 0.12196357 0.11113066 -0.22337782
v 0.19098037 0.47407770 -0.29867855
v 0.17159820 0.45570764 -0.29583231
v 0.16721660 0.44583192 -0.29369476
v 0.15691099 0.41456944 -0.28585264
v 0.15105408 0.36997253 -0.27521789
v 0.12388632 0.08035100 -0.21550046
v 0.19231737 0.48298079 -0.30161175
v 0.13980605 0.23033114 -0.24543156
v 0.17150171 0.33017504 -0.26181826
v 0.13817154 0.20528448 -0.24027482
v 0.15726806 0.27148581 -0.25184688
v 0.16996332 0.28558564 -0.25245675
v 0.20439570 0.47125372 -0.29580352
v 0.20426957 0.44912812 -0.28798833
v 0.21703720 0.44595620 -0.28510511
v 0.18857929 0.43845880 -0.28750578
v 0.18627343 0.41283807 -0.27982777
v 0.16990726 0.37789562 -0.27366701
v 0.17058775 0.34569970 -0.26528275
v 0.19076344 0.34843177 -0.26077569
v 0.18686660 0.29807830 -0.25074205
v 0.18453622 0.39305526 -0.27448535
v 0.13852793 0.16946244 -0.23289676
v 0.12684891 0.16376963 -0.23406534
v 0.13875349 0.13526028 -0.22566132
v 0.14291140 0.10728403 -0.21876596
v 0.13277081 0.08517299 -0.21476029
v 0.12483149 0.04671374 -0.20699528
v 0.15575273 0.11625506 -0.21777768
v 0.15343049 0.17658983 -0.23052926
v 0.15071006 0.07396024 -0.20740236
v 0.16189194 0.22317879 -0.23832211
v 0.22168478 0.42192283 -0.27432954
v 0.20922311 0.41906524 -0.27597451
v 0.17022157 0.25815019 -0.24498469
v 0.20491222 0.39822257 -0.27091786
v 0.20153852 0.37261060 -0.26407611
v 0.20249681 0.34569648 -0.25651735
v 0.22137426 0.40511116 -0.26773542
v 0.22620338 0.40964320 -0.26990083
v 0.22708699 0.39497367 -0.26340410
v 0.21995284 0.38442871 -0.26063126
v 0.22514179 0.37807658 -0.25724223
v 0.17252415 0.20455356 -0.23107165
v 0.16876006 0.13028367 -0.21638830
v 0.16659690 0.17721196 -0.22687893
v 0.23109342 0.37319550 -0.25524321
v 0.23234747 0.36452469 -0.25143355
v 0.22906290 0.35811675 -0.24956685
v 0.23427159 0.35076642 -0.24611336
v 0.23379241 0.33698359 -0.24083561
v 0.23665799 0.32358426 -0.23515488
v 0.21764684 0.35020930 -0.25127935
v 0.20222014 0.31009948 -0.24781944
v 0.18198787 0.22328059 -0.23209277
v 0.18422921 0.26985380 -0.24356991
v 0.15653379 0.04939015 -0.19802399
v 0.18775080 0.20290790 -0.22555465
v 0.19104542 0.23301789 -0.23111285
v 0.18783982 0.17054948 -0.21759646
v 0.16993479 0.06656506 -0.19870602
v 0.16817144 0.10188586 -0.20936884
v 0.22561303 0.33567730 -0.24334405
v 0.23661761 0.30657500 -0.22898205
v 0.24040918 0.31562155 -0.23219413
v 0.24162395 0.30012625 -0.22589533
v 0.23990603 0.28432557 -0.21952455
v 0.24243066 0.27181354 -0.21456830
v 0.24485733 0.25087425 -0.20595531
v 0.24838541 0.23441847 -0.19917536
v 0.23634262 0.26245669 -0.21338470
v 0.23946208 0.23199341 -0.20130582
v 0.24913436 0.22059850 -0.19413590
v 0.24843839 0.21238543 -0.19116992
v 0.19296108 0.26637056 -0.23907547
v 0.20288302 0.20239744 -0.21915676
v 0.24105407 0.20613447 -0.19209161
v 0.23302437 0.29581270 -0.22657362
v 0.17909892 0.06410795 -0.19396244
v 0.18170086 0.09805708 -0.20241112
v 0.18631604 0.13208279 -0.20900960
v 0.20441407 0.22895433 -0.22406508
v 0.25268978 0.20305754 -0.18706378
v 0.24841493 0.19311610 -0.18328232
v 0.25407842 0.18841797 -0.18047935
v 0.25398198 0.18121123 -0.17659879
v 0.25272867 0.17537966 -0.17384551
v 0.25197604 0.16537565 -0.16928729
v 0.25634941 0.15040036 -0.16269723
v 0.25277057 0.14672785 -0.16108814
v 0.25603881 0.13636054 -0.15560852
v 0.25089225 0.13229817 -0.15502624
v 0.25272083 0.11731499 -0.14717485
v 0.25270662 0.10330670 -0.14023094
v 0.25251409 0.08566763 -0.13095398
v 0.22339265 0.31508142 -0.23822442
v -0.21285653 0.44949573 -0.28620988
v -0.22147870 0.42772207 -0.27683216
v 0.20244381 0.17233492 -0.21087281
v 0.20814337 0.26495972 -0.23107833
v 0.25347134 0.07530848 -0.12446290
v 0.21853335 0.28214505 -0.23035313
v 0.22026433 0.25742406 -0.22203012
v 0.21423170 0.23029551 -0.21854079
v 0.22809596 0.22434001 -0.20705335
v 0.24731621 0.15288442 -0.16666086
v 0.18874376 0.06736896 -0.18971638
v 0.19622852 0.10530373 -0.19651273
v 0.20091727 0.14117469 -0.20322824
v 0.24813627 0.09636428 -0.13978349
v -0.22179917 0.41280761 -0.27095246
v -0.22517191 0.40220588 -0.26661545
v -0.22495814 0.39180577 -0.26238728
v -0.22474723 0.38010764 -0.25811878
v -0.23010705 0.37023592 -0.25374395
v -0.22821003 0.35317785 -0.24788579
v -0.23397201 0.34399551 -0.24368238
v -0.23484860 0.32812619 -0.23727553
v -0.23817256 0.31161156 -0.23059927
v 0.25248554 0.06080068 -0.11586674
v 0.25228035 0.05138196 -0.10931023
v 0.25127432 0.04249131 -0.10274951
v 0.25102198 0.03345045 -0.09452230
v 0.25120315 0.02737634 -0.08847535
v 0.22531426 0.02963204 -0.13531545
v 0.23001021 0.04543845 -0.13838683
v 0.23157816 0.03076848 -0.12347516
v 0.23773977 0.04230922 -0.12084192
v 0.23666301 0.02881994 -0.11271068
v 0.24190435 0.04132090 -0.11301251
v 0.23863536 0.02709960 -0.10765652
v 0.24214225 0.07063897 -0.13163301
v 0.24125549 0.02637161 -0.10284358
v 0.24608177 0.03495381 -0.10049208
v 0.23874752 0.08365142 -0.14367555
v 0.24054742 0.10148197 -0.15012144
v 0.22451814 0.04331473 -0.14524989
v 0.22197606 0.07578718 -0.16273186
v 0.23012537 0.09160738 -0.15868349
v 0.21144336 0.03693328 -0.15862252
v 0.21740878 0.08121493 -0.17030773
v 0.22039892 0.09489742 -0.17275071
v 0.23298493 0.12834331 -0.17031084
v 0.20729563 0.06059473 -0.17337324
v 0.24196501 0.12031289 -0.15706488
v 0.24792400 0.06801857 -0.12340614
v 0.24800837 0.05021488 -0.11134006
v 0.24099396 0.14332786 -0.16770066
v 0.21049482 0.08901198 -0.18057799
v 0.21855552 0.12374237 -0.18437238
v 0.22666891 0.15613167 -0.18666649
v 0.23958321 0.17535308 -0.18215486
v 0.20774397 0.12007818 -0.19273359
v 0.21161845 0.16496277 -0.20254357
v 0.23381725 0.18610062 -0.19088677
v 0.22038876 0.17237674 -0.19794483
v 0.20196785 0.09525018 -0.18977027
v 0.21592961 0.18910079 -0.20701286
v 0.19755933 0.06468216 -0.18291388
v 0.19560151 0.03084544 -0.17175707
v -0.14911444 0.08458683 -0.20932147
v -0.13026029 0.07826302 -0.21345417
v -0.14574930 0.10578971 -0.21656273
v -0.14175075 0.14713435 -0.22696279
v -0.15788002 0.13964282 -0.22067498
v -0.15616226 0.16957830 -0.22812721
v -0.17597203 0.16267037 -0.22015126
v -0.17702141 0.20293970 -0.22871755
v -0.17550717 0.13326506 -0.21252367
v -0.18883230 0.15526658 -0.21312439
v -0.19265516 0.19678096 -0.22164391
v -0.19163643 0.23553203 -0.23021202
v -0.17986088 0.24798939 -0.23664401
v -0.15553807 0.20064233 -0.23466764
v -0.15153630 0.24273793 -0.24399124
v -0.14037600 0.20855168 -0.24002540
v -0.17617357 0.26071095 -0.24081638
v -0.18877701 0.27407250 -0.24033558
v -0.16272677 0.27347243 -0.24752609
v -0.17654115 0.29644930 -0.25004217
v -0.19166638 0.31541157 -0.25047699
v -0.17392549 0.33624685 -0.26091701
v -0.15334807 0.28374997 -0.25265941
v -0.20953257 0.30559358 -0.24169424
v -0.20765755 0.26728383 -0.23170008
v -0.20814170 0.24387863 -0.22559443
v -0.20718552 0.34927711 -0.25501806
v -0.19170985 0.36072353 -0.26280695
v -0.17485242 0.37761706 -0.27163622
v -0.20773029 0.37531552 -0.26267144
v -0.19207378 0.38603833 -0.27031967
v -0.15926453 0.35872802 -0.26994982
v -0.16361265 0.39433926 -0.27836525
v -0.17603675 0.41113931 -0.28116736
v -0.21396944 0.42508203 -0.27706677
v -0.19525686 0.41449955 -0.27851108
v -0.20009324 0.45696735 -0.29131824
v -0.20672207 0.20646933 -0.21778241
v -0.15631120 0.05348539 -0.19791637
v -0.17216174 0.09144683 -0.20178337
v -0.17592570 0.06777863 -0.19389243
v -0.17303394 0.04054879 -0.18753159
v -0.17674218 0.10038333 -0.20262162
v -0.22786549 0.33605427 -0.24232596
v -0.23472226 0.31340995 -0.23201112
v -0.22115028 0.30640247 -0.23639479
v -0.20847145 0.16531365 -0.20589627
v -0.22012843 0.28183094 -0.22950701
v -0.23616073 0.29546556 -0.22503491
v -0.19473602 0.13842954 -0.20531102
v -0.18868923 0.09421551 -0.19472989
v -0.18543877 0.05629294 -0.18537739
v -0.21943168 0.24546453 -0.21985517
v -0.21552007 0.20419574 -0.21186751
v -0.22636257 0.26992986 -0.22228900
v -0.20681067 0.13506414 -0.19756101
v -0.18615259 0.03589709 -0.17854287
v -0.19907574 0.09072843 -0.18756440
v -0.20714661 0.10158636 -0.18603051
v -0.21952492 0.18564610 -0.20421766
v -0.23705073 0.27098343 -0.21576774
v -0.23801826 0.24750029 -0.20712592
v -0.24147683 0.28434592 -0.21931644
v -0.24063861 0.26406345 -0.21166384
v -0.24034275 0.23239557 -0.20045866
v -0.24570763 0.24851476 -0.20436418
v -0.24849379 0.23168407 -0.19754539
v -0.24873438 0.21864448 -0.19201668
v -0.24094518 0.21175900 -0.19303513
v -0.25174475 0.21008548 -0.18833746
v -0.24860880 0.19133607 -0.18092750
v -0.24310380 0.19289261 -0.18469304
v -0.24297141 0.17064530 -0.17632347
v -0.19886549 0.03632693 -0.16962555
v -0.20700026 0.05136019 -0.16866511
v -0.22707371 0.22681865 -0.20923258
v -0.21751022 0.14396620 -0.19239737
v -0.25234765 0.19581185 -0.18213518
v -0.24952255 0.17395478 -0.17283107
v -0.24841072 0.15054896 -0.16346744
v -0.22205937 0.12914602 -0.18344694
v -0.24356796 0.12752511 -0.15772752
v -0.21938223 0.09225632 -0.17213687
v -0.25227457 0.13993858 -0.15711680
v -0.24795447 0.11423387 -0.14789788
v -0.25274619 0.12665576 -0.15127103
v -0.25245968 0.11376189 -0.14546385
v -0.25231484 0.09973756 -0.13871640
v -0.24771130 0.08870430 -0.13477877
v -0.25263822 0.08628583 -0.13145143
v -0.24256337 0.09387565 -0.14266141
v -0.22656885 0.17572136 -0.19474460
v -0.24308927 0.06957932 -0.12564625
v -0.24780430 0.07362193 -0.12440947
v -0.24844167 0.05925770 -0.11331616
v -0.24416342 0.04715245 -0.10702360
v -0.24820428 0.04631938 -0.10356072
v -0.24729730 0.03612974 -0.09568273
v -0.25224537 0.07321284 -0.12309790
v -0.24537009 0.26987615 -0.21378495
v -0.22672030 0.02987636 -0.13025570
v -0.23807873 0.04157426 -0.11166792
v -0.22133839 0.02574207 -0.13824043
v -0.22789700 0.04796584 -0.13814154
v -0.23813346 0.06591984 -0.13054530
v -0.22200802 0.05981264 -0.15414631
v -0.23024826 0.07824625 -0.15143515
v -0.21339060 0.03451274 -0.15506735
v -0.23346348 0.10716781 -0.16178650
v -0.21396835 0.05784667 -0.16363789
v -0.22835457 0.11633655 -0.17191541
v -0.21983163 0.00533836 0.25494391
v -0.22051628 -0.08150424 0.25290468
v -0.25048268 -0.31434679 0.27693537
v -0.25335944 -0.31520748 0.29042605
v -0.25899091 -0.34756827 0.29285115
v -0.26249281 -0.37252617 0.29437736
v -0.26284581 -0.35816330 0.30473149
v -0.26624295 -0.39243412 0.30738616
v -0.26592550 -0.40379432 0.28801158
v -0.26928580 -0.42292863 0.30724722
v -0.27051568 -0.46136999 0.28916758
v -0.27259737 -0.46689990 0.30302125
v -0.26984236 -0.40218547 0.31879863
v -0.26632884 -0.36846504 0.31816545
v -0.27335456 -0.43440425 0.32150403
v -0.26206145 -0.31624925 0.31803828
v -0.25753096 -0.31254655 0.30424428
v -0.24263716 -0.26710334 0.27245101
v -0.26038924 -0.32800087 0.30700397
v -0.24283162 -0.25840783 0.27613741
v -0.25140342 -0.29357350 0.29239756
v -0.23669723 -0.21582600 0.26666459
v -0.23946755 -0.22292580 0.27542424
v -0.23727141 -0.19957824 0.27632210
v -0.23103161 -0.17698237 0.26235318
v -0.23312801 -0.15299338 0.27715147
v -0.22730757 -0.13717918 0.26256964
v -0.23031618 -0.13032188 0.27597326
v -0.22294801 -0.09657886 0.26019776
v -0.22767620 -0.10104521 0.27590719
v -0.21969990 -0.07182401 0.25871783
v -0.22360244 -0.07149326 0.27389666
v -0.21931276 -0.05496921 0.26768672
v -0.21597157 -0.05748625 0.25259084
v -0.21563470 -0.04805264 0.25648412
v -0.22310103 -0.05944104 0.28002405
v -0.22640802 -0.13530272 0.25832966
v -0.22748455 -0.08281751 0.28119257
v -0.25851625 -0.27331087 0.32019296
v -0.23137283 -0.10499813 0.28627288
v -0.23467545 -0.13079832 0.28881222
v -0.24013045 -0.17755531 0.28955382
v -0.23821485 -0.14223523 0.29949895
v -0.24442154 -0.18737024 0.30128479
v -0.24668239 -0.22483483 0.29300606
v -0.24999285 -0.25127918 0.29578441
v -0.24990001 -0.22239710 0.30772662
v -0.25444248 -0.25509939 0.31335437
v -0.25452086 -0.23825450 0.31985721
v -0.24970084 -0.20368734 0.31341574
v -0.24760878 -0.17562290 0.31598598
v -0.24241123 -0.14943618 0.31031227
v -0.25376031 -0.29168800 0.29945743
v -0.23858553 -0.12294427 0.31139538
v -0.23534383 -0.10812372 0.30690002
v -0.25109887 -0.19828433 0.31883064
v -0.23495030 -0.09630971 0.31054738
v -0.23156987 -0.07927388 0.30660659
v -0.22047269 -0.04491628 0.28354067
v -0.22735812 -0.05688931 0.30708244
v -0.22377263 -0.03767969 0.30639675
v -0.24273510 -0.14006273 0.31449762
v -0.21392873 -0.03807577 0.26218802
v -0.21935664 -0.03427482 0.29313684
v -0.27629042 -0.49916634 0.31897438
v -0.21360946 -0.02898072 0.28068757
v -0.21149802 -0.02960834 0.26558101
v -0.26218435 -0.30264008 0.32090700
v -0.21718282 -0.04809307 0.25275484
v -0.21995378 -0.03129611 0.25073346
v -0.21287920 -0.03048080 0.26159760
v -0.20879975 -0.02051298 0.26490289
v -0.20875408 0.47073203 -0.30486944
v -0.21521521 0.46021762 -0.29938820
v -0.22045475 0.44616818 -0.29322913
v -0.19934881 0.47363958 -0.31046486
v -0.21411805 0.45334888 -0.29884449
v -0.20515028 0.43062213 -0.29743242
v -0.19222890 0.44853121 -0.30736819
v -0.18938307 0.39695203 -0.29654744
v -0.20910761 0.40563366 -0.28907141
v -0.20620956 0.37131941 -0.28123435
v -0.18856601 0.36376277 -0.28762838
v -0.18965428 0.33829263 -0.28054515
v -0.20746076 0.33854651 -0.27140447
v -0.19204998 0.32100376 -0.27483523
v -0.19351758 0.29131991 -0.26676333
v -0.19189158 0.25579277 -0.25874168
v -0.20539229 0.27392408 -0.25634620
v -0.20836644 0.31422919 -0.26490676
v -0.20692725 0.24952061 -0.25070563
v -0.20754132 0.23083991 -0.24640447
v -0.20670147 0.17069417 -0.23433350
v -0.19375087 0.14581399 -0.23494130
v -0.20512396 0.13250454 -0.22661757
v -0.21470813 0.18300781 -0.23286663
v -0.18888372 0.09160884 -0.22591753
v -0.20545864 0.09119222 -0.21770072
v -0.18817973 0.05849519 -0.21775569
v -0.22215915 0.21582939 -0.23564285
v -0.21300732 0.26766095 -0.25088575
v -0.22177437 0.31580597 -0.25690913
v -0.22120054 0.34839654 -0.26605165
v -0.22670297 0.41001564 -0.27990121
v -0.22278279 0.37961537 -0.27352926
v -0.22291017 0.14401650 -0.21860109
v -0.20879552 0.08868358 -0.21500437
v -0.22552654 0.19336367 -0.22857530
v -0.22743273 0.17430200 -0.22277667
v -0.23299451 0.24110089 -0.23385812
v -0.23773891 0.27681765 -0.23720518
v -0.23168340 0.27097610 -0.23998286
v -0.23655351 0.31306219 -0.24628566
v -0.23502101 0.34856418 -0.25657105
v -0.23175907 0.36922401 -0.26456299
v -0.21026888 0.05842203 -0.20447832
v -0.22769773 0.39609632 -0.27497840
v -0.22302139 0.10200267 -0.20809852
v -0.20436552 0.04365286 -0.20241518
v -0.22145797 0.07538801 -0.20168141
v -0.18408190 0.04777446 -0.21557075
v -0.19404998 0.03427003 -0.20382328
v -0.17706481 0.03411621 -0.21241595
v -0.23943585 0.32821617 -0.24764742
v -0.23607311 0.18981914 -0.21851003
v -0.22134803 0.03654179 -0.18519595
v -0.22387813 0.04856841 -0.18865587
v -0.24349563 0.30736357 -0.23842937
v -0.18125525 0.01482806 -0.19966242
v -0.24647167 0.28373098 -0.22992982
v -0.24422003 0.21378164 -0.21560630
v -0.23482862 0.14930390 -0.20852295
v -0.20820095 0.02337639 -0.18795025
v -0.16883887 0.01630858 -0.20568396
v -0.23064543 0.08165022 -0.19411977
v -0.23806357 0.11762905 -0.19643421
v -0.23205034 0.38734636 -0.26842043
v -0.22074035 0.01340531 -0.17070585
v -0.20193413 0.01482115 -0.18651316
v -0.23913476 0.14656375 -0.20296292
v -0.24263458 0.16846047 -0.20512648
v -0.22379619 0.43053639 -0.28676552
v -0.23215130 0.03359552 -0.17164847
v -0.23732175 0.35814479 -0.25555369
v -0.23769552 0.08258016 -0.18592353
v -0.24844834 0.15704566 -0.19334388
v 0.18403140 -0.03733269 0.21448627
v 0.19141756 -0.03994943 0.21806745
v 0.19070104 -0.04067468 0.22032280
v 0.24271107 0.03159977 0.29083756
v 0.23431093 0.03048713 0.29849657
v 0.25004953 0.03202811 0.28107426
v 0.25653708 0.03144201 0.26919541
v 0.25978619 0.03080139 0.26083919
v 0.26332307 0.02899076 0.24984431
v 0.20567581 0.00690519 0.22612567
v 0.20756178 0.00583922 0.23313089
v 0.19855511 0.00548159 0.22699939
v 0.21055430 0.00696441 0.23233154
v 0.19780791 0.00939225 0.22185692
v 0.19304945 0.00968338 0.22011530
v 0.20228931 -0.05449183 0.23012152
v 0.20378862 -0.05675325 0.23555413
v 0.19859993 -0.04993878 0.23281376
v 0.19629471 -0.04637474 0.22548060
v 0.19674633 -0.04695468 0.22984917
v 0.19218612 -0.04049027 0.22505696
v 0.17922060 -0.03292474 0.21312468
v 0.20628637 -0.05597277 0.24073491
v 0.17209366 -0.03384102 0.20361489
v 0.18842915 -0.03298771 0.22343984
v 0.16319044 -0.02617197 0.19843528
v 0.16654152 -0.03278320 0.19931026
v 0.15911038 -0.03323421 0.19270539
v 0.18052953 -0.02076564 0.21694238
v 0.19471285 -0.03708510 0.22809546
v 0.16754685 -0.01746134 0.20356403
v 0.15210448 -0.01427236 0.18820718
v 0.19142340 -0.01360137 0.22745502
v 0.20033379 -0.02531039 0.23386508
v 0.20317625 -0.01122855 0.23712192
v 0.20283367 -0.03968864 0.23255253
v 0.14489685 -0.02993680 0.18259946
v 0.14133947 -0.01307166 0.17880918
v 0.13312107 -0.02972205 0.17318633
v 0.12600487 -0.01746934 0.16705707
v 0.12155635 -0.03257553 0.16274439
v 0.10834332 -0.01299333 0.15281336
v 0.11133692 -0.02988293 0.15484412
v 0.09909945 -0.01447982 0.14508155
v 0.08735833 -0.02994274 0.13378556
v 0.09182318 -0.01391188 0.13826187
v 0.07812148 -0.02984205 0.12455249
v 0.08514597 -0.01337299 0.13126372
v 0.12782760 -0.03308350 0.16796707
v 0.06242933 -0.01149814 0.10636296
v 0.06724213 -0.02986803 0.11208937
v 0.17547385 -0.00096684 0.20979235
v 0.15026392 -0.03321110 0.18610324
v 0.05895570 -0.02970105 0.10173343
v 0.05680723 -0.01245420 0.10015076
v 0.04761349 -0.01226187 0.09074319
v 0.03962770 -0.02606452 0.08149829
v 0.03970679 -0.01260142 0.08155285
v 0.03223198 -0.01134157 0.07385865
v 0.01345742 -0.01270910 0.05409515
v 0.01633913 -0.02965834 0.05718559
v 0.00852620 -0.03097559 0.04803787
v 0.00667650 -0.01279729 0.04625986
v 0.10008322 -0.03291516 0.14401487
v 0.10776602 -0.03307577 0.15068004
v 0.19207305 -0.00197421 0.22589016
v 0.10866529 -0.00930264 0.15232910
v 0.16319720 -0.01120472 0.19803295
v 0.10294165 -0.00877777 0.14711772
v 0.09674587 -0.00860273 0.14127606
v 0.05556829 -0.00784646 0.09757914
v 0.06333864 -0.00779968 0.10536706
v 0.13644442 -0.00892367 0.17375287
v 0.12818033 -0.00917047 0.16773140
v 0.12001789 -0.01298692 0.16141027
v 0.07835185 -0.00991083 0.12303554
v 0.04528224 -0.00789599 0.08670276
v 0.11475971 -0.03409157 0.15578204
v 0.15401483 -0.00847230 0.18822461
v 0.16068569 -0.00324426 0.19246942
v 0.20523445 -0.00307329 0.23628409
v 0.02377976 -0.00944561 0.06350073
v 0.09088219 -0.00848898 0.13511761
v 0.18542847 0.00584113 0.21655332
v 0.12070870 -0.00871412 0.16023372
v 0.08710152 -0.00816828 0.13088956
v 0.14342558 -0.00839695 0.17843297
v 0.20294902 -0.05152011 0.23685114
v 0.07141330 -0.01035731 0.11525062
v 0.15691736 -0.00379546 0.18745823
v 0.14639919 -0.00561411 0.17774370
v 0.14342153 -0.00574124 0.17489795
v -0.20620625 -0.01494720 0.26797888
v -0.20296234 -0.01670330 0.27195564
v -0.20666322 -0.01011395 0.26582125
v -0.20510340 -0.01539355 0.27229291
v -0.20993914 0.00847161 0.26500395
v -0.20722771 -0.00018095 0.26599833
v -0.21753173 0.00899727 0.25874642
v -0.21324420 -0.01020668 0.26009199
v -0.21580638 -0.02395498 0.25705248
v -0.20263717 -0.00294574 0.27342668
v -0.20455620 0.00198740 0.27128488
v -0.20410642 0.00812346 0.27049381
v -0.20821130 0.00161042 0.26708657
v -0.20896672 0.01453851 0.26879558
v -0.05619401 -0.03972955 0.08886350
v 0.19801597 -0.04607335 0.22389998
v -0.24867097 -0.04105660 0.23542698
v 0.23471016 0.03488628 -0.10827160
v 0.24072149 0.04348055 -0.07394192
v 0.23987147 0.03252858 -0.09293190
v 0.24547298 0.03779654 -0.06317668
v 0.25749183 0.04507518 0.02862002
v -0.13085979 -0.00290033 0.16207056
v 0.26672640 0.03696463 0.11093821
v 0.26893473 0.03650701 0.13655648
v 0.26289701 0.03119812 0.06888148
v 0.27043527 0.03075905 0.17790733
v 0.26995942 0.03915659 0.16418442
v 0.27032778 0.03864286 0.19168070
v 0.26991072 0.03055078 0.20966974
v 0.26851240 0.03375907 0.22643963
v 0.26590139 0.03398835 0.24107899
v 0.23697670 0.03581563 0.29624256
v 0.22537108 0.03783708 0.30293101
v 0.11674959 -0.00748830 0.15491465
v 0.12658770 -0.00736774 0.16246802
v 0.11241469 -0.00731665 0.15095523
v 0.10872407 -0.00711519 0.14717448
v 0.10718832 -0.00794156 0.14256006
v 0.10271951 -0.00677672 0.14125612
v 0.09881455 -0.00658059 0.13720605
v 0.13203883 -0.00756193 0.16618924
v 0.13653757 -0.00751176 0.17029899
f 2509 3019 3016
f 3016 4709 2509
f 2509 2963 3019
f 2509 2510 2963
f 1939 1959 1938
f 1950 1959 1939
f 1938 1959 1940
f 1939 1942 1950
f 654 1476 2048
f 1487 1493 2026
f 1487 2026 2030
f 1424 1487 2030
f 1473 1424 2030
f 1473 2030 2047
f 2047 2048 1476
f 654 2048 2049
f 1476 1473 2047
f 4695 4702 1396
f 4702 4695 4698
f 4693 4695 4696
f 4705 4703 4698
f 4696 4695 1396
f 4702 4698 4703
f 500 1378 1393
f 499 1375 1378
f 1387 1377 475
f 1386 1387 475
f 1378 500 499
f 483 1375 499
f 483 480 1375
f 1393 548 500
f 1393 1365 548
f 1378 1365 1393
f 548 1365 641
f 480 1376 1375
f 480 476 1376
f 476 1377 1376
f 476 475 1377
f 1494 2014 2038
f 1494 1465 2014
f 1481 418 2017
f 4685 1872 4727
f 4685 1876 1872
f 4673 1851 4735
f 4691 4690 1864
f 4690 1866 1864
f 3480 3475 3176
f 4612 1878 4614
f 1878 4612 4610
f 4610 1826 1881
f 4613 3476 1882
f 4613 4611 3176
f 4614 1878 558
f 3476 4613 3475
f 4610 1882 1826
f 4611 4610 4612
f 4610 4611 1882
f 4613 3176 3475
f 4610 1881 1878
f 1826 1878 1881
f 4613 1882 4611
f 1392 1408 1411
f 1398 1409 1390
f 3172 3174 1409
f 1411 3173 3168
f 3172 1409 3178
f 3178 1409 1398
f 3178 1398 3181
f 1410 1390 1409
f 1411 3168 1392
f 3174 3173 1409
f 1411 1410 3173
f 1410 1409 3173
f 1410 1411 1408
f 1408 1390 1410
f 3479 3539 3553
f 3479 3553 3448
f 3448 3553 2832
f 3539 3536 3538
f 3539 3538 3553
f 3553 3538 2832
f 3486 3544 3539
f 3486 3539 3468
f 3468 3539 3479
f 3468 3479 3419
f 3544 3542 3539
f 3543 3536 3542
f 3542 3536 3539
f 3536 3535 3537
f 3536 3537 3538
f 3537 2827 3538
f 3469 3485 3486
f 3469 3486 3468
f 3469 3468 3418
f 3468 3419 3418
f 3485 3548 3546
f 3485 3546 3486
f 3486 3546 3544
f 3548 3547 3546
f 3546 3547 3545
f 3546 3545 3544
f 3545 3543 3544
f 3544 3543 3542
f 3545 3528 3543
f 3543 3533 3536
f 3533 3535 3536
f 3535 3540 3537
f 3540 3541 3537
f 3537 3541 2827
f 3471 3482 3552
f 3552 3554 3471
f 3471 3554 3470
f 3470 3554 3485
f 3485 3469 3470
f 3469 3439 3470
f 3482 3525 3552
f 3554 3552 3548
f 3554 3548 3485
f 3525 3523 3526
f 3525 3526 3552
f 3552 3526 3548
f 3526 3547 3548
f 3526 3524 3547
f 3545 3547 3528
f 3543 3528 3533
f 3534 3535 3533
f 3534 3243 3535
f 3535 3243 3540
f 3243 3336 3540
f 3336 3541 3540
f 3336 2834 3541
f 3483 3549 3467
f 3483 3521 3549
f 3467 3549 3443
f 3443 3549 3482
f 3443 3482 3454
f 3454 3482 3471
f 3454 3471 3438
f 3521 3522 3549
f 3522 3525 3549
f 3549 3525 3482
f 3522 3523 3525
f 3523 3524 3526
f 3547 3524 3528
f 3528 3532 3533
f 3532 3534 3533
f 3534 3532 3238
f 3534 3238 3243
f 3238 3242 3243
f 3243 3245 3336
f 3243 3242 3245
f 3245 3335 3336
f 3335 2837 2834
f 3336 3335 2834
f 3481 3531 3483
f 3481 3483 3449
f 3519 3521 3531
f 3519 3520 3521
f 3531 3521 3483
f 3521 3520 3522
f 3522 3496 3497
f 3522 3497 3523
f 3497 3516 3523
f 3523 3516 3524
f 3516 3527 3524
f 3524 3527 3528
f 3527 3530 3528
f 3530 3244 3528
f 3244 3532 3528
f 3244 3236 3532
f 3532 3236 3238
f 3236 3237 3238
f 3237 3239 3238
f 3238 3239 3242
f 3236 3240 3237
f 3335 3347 2837
f 1597 3504 3531
f 1597 3531 3453
f 3453 3531 3451
f 3451 3531 3481
f 3451 3481 3450
f 3450 3481 3449
f 3504 3519 3531
f 3520 3496 3522
f 3516 3529 3527
f 3529 3530 3527
f 3529 3232 3530
f 3530 3232 3233
f 3242 3334 3245
f 3245 3334 3335
f 3335 3334 3346
f 3335 3346 3347
f 3530 3233 3244
f 3233 3240 3244
f 3233 3241 3240
f 3244 3240 3236
f 3240 3241 3237
f 3347 2833 2837
f 1594 1595 1596
f 1722 1596 1597
f 1595 3509 3501
f 1596 1595 1597
f 1595 3501 1597
f 1597 3501 3504
f 3504 3502 3519
f 3502 3520 3519
f 3502 3498 3520
f 3520 3498 3496
f 3496 3495 3494
f 3496 3494 3497
f 3497 3494 3516
f 3494 3491 3516
f 3491 3529 3516
f 3491 3228 3232
f 3491 3232 3529
f 3232 3228 3231
f 3232 3231 3233
f 3237 3333 3239
f 3239 3333 3334
f 3239 3334 3242
f 3346 3157 3347
f 3157 2828 2833
f 3347 3157 2833
f 3233 3231 3241
f 3241 3333 3237
f 1591 1593 1592
f 1593 1594 1592
f 1592 1594 1655
f 1655 1594 1596
f 1655 1596 3429
f 1594 1593 1595
f 1593 3509 1595
f 3509 3500 3501
f 3501 3502 3504
f 3495 3496 3498
f 3491 3235 3229
f 3229 3228 3491
f 3228 3229 3230
f 3228 3230 3231
f 3331 3164 3333
f 3333 3164 3156
f 3333 3156 3334
f 3334 3156 3157
f 3334 3157 3346
f 3241 3231 3331
f 1506 1501 1507
f 1507 1501 1509
f 1501 1497 1509
f 1497 1499 1508
f 1598 1504 1506
f 1598 1638 1627
f 1506 1504 1501
f 1501 1500 1497
f 1501 1504 1500
f 1598 1627 1504
f 1497 1498 1499
f 1499 1498 1536
f 1497 1500 1498
f 1504 1627 1619
f 1500 1502 1498
f 1504 1505 1500
f 1505 1503 1500
f 1498 1502 1536
f 1500 1503 1502
f 1619 1566 1504
f 1505 1565 1503
f 1504 1566 1505
f 1503 1518 1502
f 1502 1606 1536
f 1566 1619 3216
f 1503 1519 1518
f 1505 1566 1565
f 1565 1519 1503
f 1518 1521 1502
f 1502 1521 1606
f 1573 1565 1566
f 1566 3216 1573
f 1565 1567 1519
f 1519 1520 1518
f 1518 1520 1521
f 1573 1567 1565
f 1521 1520 1540
f 1520 1523 1540
f 1523 1589 1540
f 1519 1567 1522
f 1519 1522 1520
f 1522 1523 1520
f 1573 1587 1567
f 1522 1530 1523
f 1523 1530 1589
f 1587 1586 1567
f 1567 1586 1522
f 1522 1586 1530
f 1589 1530 1590
f 1589 1590 3465
f 1590 3447 3465
f 1586 1618 1530
f 3447 1590 1592
f 3447 1592 3435
f 1530 1618 1591
f 1530 1591 1590
f 1590 1591 1592
f 1618 1628 1591
f 1591 1628 1593
f 1593 3508 3509
f 3508 3500 3509
f 3500 3499 3501
f 3501 3499 3502
f 3499 3498 3502
f 3499 3495 3498
f 3499 3489 3495
f 3495 3489 3494
f 3489 3490 3494
f 3494 3490 3491
f 3490 3288 3235
f 3490 3235 3491
f 3235 3234 3229
f 3234 3330 3230
f 3229 3234 3230
f 3230 3330 3231
f 3231 3330 3331
f 3331 3162 3164
f 1525 1507 1524
f 1524 1507 1513
f 1507 1512 1513
f 1568 1507 1525
f 1568 1723 1638
f 1568 1506 1507
f 1509 1508 1510
f 1507 1509 1512
f 1568 1638 1506
f 1509 1497 1508
f 1638 1598 1506
f 1638 3213 3214
f 1638 3214 1627
f 3685 4717 4716
f 3685 3680 4717
f 4717 3215 3214
f 3214 1619 1627
f 3680 4720 4717
f 4717 4719 3215
f 3214 3215 1619
f 4717 4720 4719
f 3680 3675 3682
f 3680 3682 4720
f 3682 4721 4720
f 4720 4721 4719
f 3215 3216 1619
f 3682 3683 3684
f 4719 3216 3215
f 3682 3684 4721
f 4721 4722 4719
f 4719 4722 3216
f 3684 3944 4721
f 4721 3944 4722
f 4722 3217 3216
f 3216 3217 1573
f 3923 3940 3944
f 3684 3923 3944
f 3944 4723 4722
f 4722 4723 3217
f 3940 4723 3944
f 3217 1587 1573
f 4723 3218 3217
f 3217 3218 1587
f 3218 4609 1587
f 1587 4609 1734
f 1587 1734 1607
f 1587 1607 1586
f 1607 1629 1586
f 1629 1618 1586
f 1629 1646 1618
f 1618 1646 1628
f 1646 3512 1628
f 3512 3508 1628
f 1628 3508 1593
f 3507 3500 3508
f 3503 3499 3500
f 3503 3492 3499
f 3488 3489 3499
f 3488 3286 3489
f 3490 3489 3288
f 3162 3127 3112
f 3235 3288 3289
f 3235 3289 3234
f 3234 3289 3299
f 3234 3299 3330
f 3299 3160 3330
f 3330 3160 3331
f 3331 3160 3162
f 1574 1576 1525
f 1574 1525 1526
f 1526 1525 1517
f 1525 1524 1517
f 1576 1656 3209
f 1524 1513 1517
f 1517 1513 1515
f 1576 1723 1568
f 1576 3209 1723
f 1568 1525 1576
f 1513 1511 1514
f 1513 1512 1511
f 1512 1509 1511
f 1723 3211 1638
f 1511 1509 1510
f 1638 3211 3212
f 1638 3212 3213
f 3679 3685 3227
f 3227 4716 4718
f 3685 4716 3227
f 4716 3219 4718
f 3679 3675 3680
f 3679 3680 3685
f 4716 4717 3219
f 3219 3214 3213
f 4717 3214 3219
f 3675 3683 3682
f 3912 3684 3683
f 3908 3923 3684
f 3912 3908 3684
f 3923 3924 3940
f 3924 4724 4723
f 3940 3924 4723
f 4723 4724 3218
f 4724 4609 3218
f 3924 3943 4724
f 4724 3943 4609
f 1607 1734 1629
f 3508 3512 3510
f 3510 3507 3508
f 3500 3505 3503
f 3505 3492 3503
f 3492 3488 3499
f 3286 3285 3489
f 3489 3285 3288
f 3285 3287 3288
f 3160 3151 3078
f 3160 3078 3127
f 3288 3287 3289
f 3289 3287 3170
f 3289 3170 3151
f 3289 3151 3299
f 1599 4268 1579
f 1599 1579 1585
f 1585 1579 1563
f 1579 1564 1563
f 1579 1737 1647
f 1579 1647 1564
f 1563 1564 1561
f 1563 1561 1562
f 1564 1647 1561
f 1561 1560 1562
f 1647 4272 4274
f 1561 1558 1560
f 1560 1558 1556
f 1561 1647 1716
f 1647 4274 1716
f 1561 1716 1557
f 1561 1557 1558
f 1558 1557 1556
f 1555 1551 1556
f 1557 1555 1556
f 1716 1721 1557
f 1557 1721 1555
f 1555 1553 1551
f 1721 1720 1555
f 1555 1720 1553
f 1553 1550 1551
f 1720 1731 1553
f 1720 4284 1731
f 1553 1731 1549
f 1553 1549 1550
f 1529 1528 1527
f 1552 1528 1529
f 1552 1575 1528
f 1654 3199 1575
f 1528 1526 1527
f 1527 1526 1517
f 1527 1517 1532
f 1575 1574 1528
f 1574 1526 1528
f 1575 1656 1574
f 1575 3199 3200
f 1575 3200 1656
f 1656 1576 1574
f 1656 3200 3208
f 1656 3208 3209
f 1515 1514 1516
f 3209 3208 3210
f 1513 1514 1515
f 3210 1723 3209
f 4714 3679 3227
f 4714 3681 3679
f 4714 3227 3225
f 3220 3211 3210
f 3210 3211 1723
f 3225 3227 3226
f 3226 4718 3220
f 3227 4718 3226
f 3220 3212 3211
f 4718 3212 3220
f 3674 3679 3681
f 3679 3674 3675
f 3675 3669 3898
f 3675 3898 3683
f 3683 3898 3893
f 3683 3893 3912
f 3912 3893 3897
f 3912 3897 3908
f 3908 3924 3923
f 3908 3922 3924
f 3922 3938 3924
f 3924 3938 3943
f 3943 4608 4609
f 4608 1734 4609
f 3938 3942 3943
f 4608 4607 1629
f 1734 4608 1629
f 1629 4607 3515
f 3424 3416 3426
f 1629 3515 1646
f 3510 3505 3507
f 3507 3505 3500
f 3505 3506 3492
f 3506 3493 3492
f 3493 3271 3492
f 3271 3488 3492
f 3271 3272 3488
f 3488 3272 3286
f 3286 3272 3285
f 3272 3284 3285
f 3284 3287 3285
f 3170 3144 3107
f 3170 3107 3151
f 1049 1697 1708
f 1049 1695 1697
f 1695 1696 1697
f 1695 1693 1696
f 1693 1732 1696
f 1602 1603 1601
f 1614 1620 1603
f 1603 1620 1601
f 1602 1601 1600
f 1620 1705 1601
f 1601 1705 1599
f 1601 1599 1600
f 1600 1599 1585
f 1705 4266 1599
f 4266 4268 1599
f 1585 1563 1625
f 1579 4268 4269
f 1625 1563 1626
f 4269 4270 1579
f 1563 1562 1626
f 1579 4270 1737
f 1737 4270 4271
f 1562 1560 1626
f 1737 4272 1647
f 1737 4271 4272
f 4272 4273 4274
f 1556 1582 1560
f 4274 4276 1716
f 1556 1551 1582
f 4276 4277 1721
f 1716 4276 1721
f 1582 1551 1559
f 4277 4278 1720
f 1721 4277 1720
f 1551 1546 1559
f 1559 1546 1548
f 1720 4278 4284
f 1548 1546 1545
f 1549 1544 1546
f 1550 1549 1546
f 1546 1544 1545
f 1731 1727 1549
f 1731 4303 1727
f 1727 4303 4304
f 1549 1727 1554
f 1549 1554 1544
f 1545 1544 1543
f 1727 1726 1554
f 1727 4304 1726
f 1554 1547 1544
f 1726 4306 1653
f 1554 1726 1653
f 1554 1653 1547
f 1544 1529 1543
f 1544 1547 1529
f 1653 1652 1547
f 1653 4307 1652
f 1652 1651 1547
f 1652 3201 1651
f 1547 1651 1552
f 1547 1552 1529
f 1529 1527 1534
f 1534 1527 1532
f 1651 1654 1552
f 1651 3201 1654
f 1654 3201 3198
f 1654 3198 3199
f 1532 1515 1531
f 1532 1517 1515
f 3199 3198 3200
f 3224 3225 3204
f 3204 3225 3223
f 1515 1516 1531
f 3223 3208 3200
f 3678 3225 3224
f 3678 4714 3225
f 3225 3226 3223
f 3226 3220 3223
f 3223 3220 3208
f 3220 3210 3208
f 3678 3681 4714
f 3678 3672 3681
f 3672 3674 3681
f 3674 3668 3669
f 3674 3669 3675
f 3897 3896 3908
f 3908 3904 3922
f 3922 3918 3938
f 3943 3942 4608
f 3942 4607 4608
f 4607 4606 3515
f 3515 4606 3513
f 3515 3513 1646
f 3513 3512 1646
f 3513 3514 3512
f 3514 3510 3512
f 3510 3518 3511
f 3510 3511 3505
f 3505 3511 3506
f 3511 3246 3506
f 3506 3246 3493
f 3246 3248 3493
f 3493 3248 3271
f 3248 3255 3271
f 3271 3255 3272
f 3255 3279 3272
f 3272 3279 3177
f 3272 3177 3284
f 3284 3118 3287
f 3287 3118 3137
f 3137 3144 3170
f 1050 1692 1695
f 1688 1690 1692
f 1692 1690 1693
f 1692 1693 1695
f 1688 1689 1690
f 1690 2159 1693
f 1693 2159 2160
f 1693 2160 1732
f 1616 1615 1613
f 1615 1612 1613
f 1613 1612 1611
f 1612 1603 1611
f 1615 1736 1660
f 1615 1660 1612
f 1612 1660 1614
f 1612 1614 1603
f 1603 1602 1611
f 1602 1608 1611
f 1660 1620 1614
f 1660 4253 1620
f 1602 1600 1608
f 1620 4253 4256
f 1608 1600 1585
f 1620 4256 1705
f 1585 1625 1608
f 1625 1664 1608
f 4256 4257 1705
f 1705 4257 4266
f 1664 1625 1663
f 4266 4267 4268
f 4267 4269 4268
f 1626 1560 1623
f 4271 4289 4273
f 1560 1582 1623
f 1623 1582 1588
f 1582 1559 1588
f 1588 1559 1577
f 4277 4293 4278
f 1559 1548 1577
f 1577 1548 1545
f 1577 1545 1583
f 4278 4329 4284
f 1583 1545 1569
f 1545 1543 1569
f 1543 1538 1569
f 4304 4305 1726
f 1726 4305 4306
f 1543 1529 1538
f 1653 4306 4307
f 1529 1534 1538
f 4307 3206 1652
f 1652 3206 3201
f 1532 1533 1534
f 3201 3202 3198
f 3198 3202 3203
f 1532 1531 1533
f 1533 1531 1733
f 3224 4713 3677
f 3224 3204 3203
f 3203 3204 3198
f 3223 3200 3204
f 3204 3200 3198
f 3677 3678 3224
f 3678 3670 3672
f 3672 3666 3668
f 3668 3674 3672
f 3669 3889 3898
f 3898 3889 3888
f 3898 3888 3893
f 3893 3885 3897
f 3897 3885 3896
f 3908 3896 3904
f 3922 3904 3918
f 3942 4606 4607
f 3116 3037 3095
f 3513 3517 3514
f 3517 3518 3510
f 3514 3517 3510
f 3511 3518 3249
f 3511 3249 3246
f 3246 3249 3247
f 3246 3247 3248
f 3247 3251 3248
f 3248 3251 3255
f 3251 3279 3255
f 3279 3121 3177
f 3177 3118 3284
f 1029 1049 1282
f 1685 1688 1051
f 1051 1688 1692
f 1684 1686 1685
f 1685 1686 1688
f 1632 1616 1631
f 1631 1616 1630
f 1683 1687 1684
f 1684 1687 1686
f 1632 1717 1616
f 1616 1613 1630
f 1683 1691 1687
f 1687 1694 1686
f 1694 1689 1686
f 1690 1689 2155
f 1690 2155 2159
f 2159 2158 2160
f 1717 1724 1616
f 1616 1724 1615
f 1613 1611 1630
f 1630 1611 993
f 1698 2157 1691
f 1691 2157 1702
f 1691 1702 1687
f 1702 1694 1687
f 1724 1735 1615
f 1700 1698 1679
f 1735 1736 1615
f 993 1611 990
f 1736 4252 1660
f 1611 1608 990
f 1660 4252 4253
f 1608 1664 997
f 4257 4260 4267
f 1664 1663 1662
f 1663 1626 1662
f 1661 1626 1623
f 4267 4271 4270
f 4289 4275 4273
f 4276 4275 4293
f 1577 1583 1658
f 4278 4293 4329
f 1583 1569 1570
f 1569 1538 1570
f 1570 1538 1537
f 1537 1534 1535
f 1538 1534 1537
f 3207 3205 3206
f 3205 3202 3201
f 1534 1533 1535
f 3222 3203 3202
f 4713 3224 3222
f 4713 3676 3677
f 3224 3203 3222
f 3672 3670 3666
f 3668 3666 3667
f 3667 3889 3669
f 3668 3667 3669
f 3888 3885 3893
f 3888 3859 3885
f 3885 3880 3896
f 3896 3892 3904
f 3892 3905 3904
f 3904 3905 3918
f 3918 3905 3920
f 3918 3930 3938
f 3918 3920 3930
f 3938 3930 3942
f 3930 3941 3942
f 3942 3941 4606
f 4606 4604 3513
f 3513 4604 3551
f 3551 3550 3513
f 3513 3550 3517
f 3517 3550 3518
f 3550 3254 3518
f 3254 3249 3518
f 3249 3250 3247
f 3250 3327 3247
f 3327 3119 3251
f 3251 3146 3279
f 3279 3146 3121
f 1052 1051 1048
f 1048 1051 1047
f 1635 1634 1633
f 1634 1632 1633
f 1053 1055 1685
f 1053 1685 1051
f 1053 1051 1052
f 1632 1631 991
f 1633 1632 991
f 1682 1683 1055
f 1683 1684 1055
f 1055 1684 1685
f 1634 1718 1632
f 1718 1634 4248
f 1631 1630 991
f 991 1630 977
f 1718 4248 4249
f 1718 1717 1632
f 1718 4249 1717
f 977 1630 993
f 1681 1691 1683
f 1681 1679 1698
f 1681 1698 1691
f 1694 2150 1689
f 1689 2150 2155
f 2158 2161 2160
f 1717 4249 1724
f 1724 4249 4250
f 2157 1698 2147
f 2157 2147 1702
f 4250 4251 1735
f 1724 4250 1735
f 1701 1700 1679
f 1735 4251 1736
f 1736 4251 4252
f 979 1608 997
f 4252 4255 4253
f 4253 4255 4256
f 4256 4255 4257
f 4257 4255 4260
f 997 1664 1662
f 4260 4335 4267
f 4267 4335 4271
f 4335 4331 4289
f 4271 4335 4289
f 1588 1577 1648
f 1648 1577 1659
f 1577 1658 1659
f 4328 4319 4293
f 4319 4318 4315
f 4319 4315 4293
f 1658 1583 1584
f 1583 1570 1584
f 1584 1570 1541
f 4329 4315 4313
f 1570 1537 1541
f 1537 1539 1541
f 4313 4314 4316
f 4314 3221 3207
f 4316 4314 3207
f 1537 1535 1539
f 3207 3221 3205
f 3222 3202 3205
f 4712 3222 3205
f 4713 3222 4712
f 4711 3676 4713
f 3676 3670 3677
f 3676 3671 3670
f 3670 3664 3666
f 3889 3667 3884
f 3889 3884 3860
f 3889 3860 3888
f 3860 3859 3888
f 3859 3858 3885
f 3880 3892 3896
f 3892 3894 3905
f 3941 4604 4606
f 3088 3117 3135
f 3551 3368 3550
f 3368 3283 3550
f 3550 3283 3256
f 3550 3256 3254
f 3256 3253 3254
f 3254 3253 3249
f 3253 3252 3249
f 3249 3252 3250
f 3252 3159 3250
f 3250 3159 3327
f 3327 3159 3119
f 1024 1047 1029
f 1024 1029 1025
f 1637 1709 1665
f 1637 1635 1636
f 1636 1635 1633
f 1636 1633 973
f 1048 1047 1024
f 1637 1665 1635
f 1633 991 973
f 1056 1055 1054
f 1665 1725 1635
f 1725 1634 1635
f 1075 1682 1056
f 1056 1682 1055
f 1725 4235 1634
f 1075 1680 1681
f 1075 1681 1682
f 1634 4235 4248
f 977 993 972
f 4248 4247 4249
f 1680 1679 1681
f 1676 1679 1678
f 1694 2146 2150
f 2155 2158 2159
f 4249 4247 4250
f 1677 1676 1678
f 1698 1700 2147
f 2147 2146 1702
f 972 990 979
f 1674 1673 1675
f 1674 1675 1676
f 1701 2149 1700
f 4250 4254 4251
f 1675 2140 1676
f 1676 2140 1701
f 4251 4254 4252
f 4254 4255 4252
f 979 997 985
f 4338 4335 4260
f 1661 1623 1710
f 1623 1648 1710
f 4331 4326 4328
f 1659 1658 1622
f 1658 1584 1622
f 1578 1541 1571
f 1584 1541 1578
f 1541 1542 1571
f 4313 4311 4312
f 1541 1539 1542
f 4314 4712 3221
f 4712 3205 3221
f 4711 4713 4712
f 3671 3664 3670
f 3666 3665 3667
f 3885 3858 3880
f 3894 3907 3905
f 3135 3148 3133
f 3905 3907 3920
f 3096 3110 3117
f 3930 3920 3932
f 3930 3932 3941
f 3941 3932 4725
f 3941 4725 4604
f 4725 4605 4604
f 4604 4605 3551
f 4605 3370 3368
f 3551 4605 3368
f 3368 3266 3283
f 3266 3263 3283
f 3283 3263 3256
f 3256 3257 3253
f 3253 3257 3317
f 3253 3317 3252
f 3317 3136 3252
f 3252 3136 3150
f 1011 1017 1018
f 1641 1640 1639
f 1639 1640 1637
f 1639 1637 974
f 1019 1025 1017
f 1640 1709 1637
f 1640 4230 1709
f 1709 4230 4231
f 1709 4231 4233
f 1709 4233 1665
f 4233 4234 1725
f 1665 4233 1725
f 1072 1699 1075
f 1072 1075 1071
f 1725 4234 4235
f 1677 1680 1699
f 1699 1680 1075
f 4235 4247 4248
f 1677 1678 1680
f 4247 4261 4250
f 2156 2158 2155
f 972 979 969
f 1672 1707 1673
f 1701 2140 2149
f 1707 1671 1706
f 1675 2128 2140
f 1706 2129 1707
f 1707 2128 1673
f 1673 2128 1675
f 985 997 986
f 1719 2129 1706
f 4255 4288 4260
f 997 1662 986
f 986 1662 999
f 1662 1661 999
f 1661 1710 999
f 4338 4334 4335
f 4331 4334 4326
f 1648 1659 998
f 998 1659 1622
f 4326 4322 4319
f 1622 1584 1578
f 1578 1571 1580
f 1571 1542 1572
f 4310 3610 4312
f 4312 4710 4314
f 4710 4712 4314
f 3673 4711 4710
f 4710 4711 4712
f 3673 3676 4711
f 3673 3671 3676
f 3671 3647 3664
f 3665 3666 3664
f 3665 3872 3667
f 3872 3884 3667
f 3859 3842 3858
f 3263 3259 3256
f 3136 3122 3097
f 3257 3154 3122
f 3257 3122 3317
f 1010 1020 1031
f 1010 1011 1020
f 1650 1641 1642
f 1642 1641 1639
f 984 1639 967
f 1009 1017 1011
f 1010 1009 1011
f 1641 1650 1667
f 1009 1019 1017
f 1667 1640 1641
f 1667 4230 1640
f 1024 1019 1009
f 4231 4232 4233
f 4232 4234 4233
f 1070 1072 1071
f 1070 1071 1069
f 971 977 958
f 1077 1082 1677
f 1077 1677 1699
f 1077 1699 1072
f 4247 4279 4261
f 1082 1089 1677
f 1089 1674 1677
f 1089 1673 1674
f 2148 2156 2155
f 2150 2148 2155
f 2158 2156 2165
f 2165 2170 2161
f 2158 2165 2161
f 4261 4285 4254
f 1672 1673 1089
f 2149 2121 1700
f 2121 2143 1700
f 1700 2143 2147
f 2140 2121 2149
f 1703 1706 1671
f 2128 2127 2140
f 1703 1712 1719
f 1707 2129 2128
f 4288 4338 4260
f 999 1710 995
f 1710 998 995
f 996 1622 1610
f 1610 1622 1578
f 1610 1578 1580
f 1580 1571 1572
f 1580 1572 1581
f 4318 4321 4320
f 3639 3673 4710
f 3673 3639 3643
f 3643 3671 3673
f 3671 3643 3647
f 3664 3663 3665
f 3665 3873 3872
f 3872 3817 3884
f 3884 3816 3860
f 560 486 559
f 3812 3842 3859
f 3860 3812 3859
f 582 3555 592
f 3555 613 592
f 3858 3843 3880
f 3880 3879 3892
f 3880 3843 3879
f 3892 3879 3894
f 3894 3895 3907
f 3101 3106 3100
f 3920 3919 3932
f 3932 4726 4725
f 4725 4726 4605
f 4605 2317 3370
f 3258 3175 3256
f 3259 3258 3256
f 3154 3138 3109
f 3256 3175 3257
f 3175 3154 3257
f 1645 1644 1643
f 1643 1644 1642
f 1643 1642 983
f 1644 4223 1649
f 1644 1649 1642
f 1642 1639 983
f 1639 984 983
f 1642 1649 1650
f 1649 4223 4224
f 1649 4224 1650
f 1008 1012 1009
f 1008 1009 1010
f 4224 1667 1650
f 1667 4224 4226
f 1667 4226 4230
f 1014 1013 1012
f 1012 1013 1009
f 4230 4226 4231
f 4231 4226 4232
f 1014 1016 1015
f 1014 1015 1013
f 1078 1077 1076
f 1076 1077 1072
f 1076 1072 1074
f 1070 1069 1067
f 1022 1027 1021
f 1022 1021 1016
f 1021 1015 1016
f 4234 4246 4235
f 4246 4279 4247
f 4235 4246 4247
f 4279 4285 4261
f 2156 2172 2165
f 2146 2148 2150
f 4254 4286 4255
f 2140 2119 2121
f 2127 2119 2140
f 1670 1712 1703
f 2129 2125 2128
f 986 999 982
f 1668 1704 1670
f 1670 1704 1711
f 1670 1711 1712
f 1712 2131 1719
f 1719 2131 2129
f 4288 4341 4338
f 1668 1714 1704
f 1711 2131 1712
f 982 999 995
f 4338 4339 4334
f 1605 1617 1624
f 4326 4333 4325
f 1609 1580 1604
f 1604 1581 1605
f 1605 1581 1617
f 998 996 989
f 1609 1610 1580
f 1580 1581 1604
f 4308 3610 4310
f 3609 4710 3610
f 3609 3639 4710
f 3647 3644 3663
f 3647 3663 3664
f 3665 3663 3873
f 2531 2537 2540
f 3884 3817 3816
f 3816 3812 3860
f 3842 3844 3858
f 3555 3560 613
f 3106 3043 3104
f 3919 3939 3932
f 3932 3939 4726
f 4726 2317 4605
f 3370 3262 3266
f 3266 3262 3263
f 3263 3262 3259
f 3175 1784 3138
f 3175 3138 3154
f 1000 1730 1645
f 1000 1645 994
f 1645 964 994
f 1645 1730 1729
f 1729 1730 1728
f 1645 1643 964
f 1729 1728 1645
f 1643 983 943
f 1728 1644 1645
f 1728 4216 1644
f 1644 4216 4223
f 4223 4222 4224
f 4224 4225 4226
f 1023 1014 1026
f 1023 1016 1014
f 4226 4236 4232
f 1022 1016 1023
f 4232 4236 4246
f 2234 2228 2238
f 2238 2228 2239
f 1081 1082 1077
f 1081 1089 1082
f 1114 1672 1089
f 1091 1671 1672
f 1091 1672 1114
f 2173 2172 2156
f 969 970 922
f 2145 2148 2146
f 4254 4285 4286
f 4286 4288 4255
f 2131 2130 2129
f 1666 1715 1668
f 1666 1657 1624
f 1666 2162 1715
f 1624 2167 2162
f 1624 2162 1666
f 1605 1621 1604
f 1617 2167 1624
f 1121 1609 1621
f 1621 1609 1604
f 1713 1610 1121
f 1121 1610 1609
f 1713 996 1610
f 3608 3609 3610
f 4308 3608 3610
f 3609 3618 3639
f 3618 3635 3639
f 3639 3635 3643
f 3643 3635 3644
f 3643 3644 3647
f 3480 3560 3555
f 3858 3844 3843
f 3560 3179 613
f 3179 3561 613
f 3894 3879 3895
f 3145 3125 3128
f 3919 3920 3907
f 3895 3919 3907
f 3895 3906 3919
f 3370 2317 3262
f 3262 3261 3259
f 3258 1784 3175
f 952 994 964
f 1007 4033 1000
f 4033 1730 1000
f 1730 4198 1728
f 4198 4216 1728
f 4222 4225 4224
f 928 959 939
f 4226 4225 4236
f 2232 2221 2234
f 2221 2227 2234
f 2231 2218 2232
f 1088 1089 1081
f 4246 4237 4279
f 1091 1114 1090
f 1090 1114 1089
f 1093 1671 1091
f 4285 4283 4286
f 1093 1670 1671
f 2143 2145 2146
f 2148 2145 2230
f 4286 4287 4288
f 4287 4341 4288
f 1669 1668 1670
f 2125 2127 2128
f 4338 4341 4339
f 1714 2136 1704
f 1704 2136 1711
f 4339 4337 4334
f 1714 1715 2139
f 981 989 980
f 1621 1605 1657
f 1121 1111 1713
f 1581 1572 2178
f 1542 2583 2180
f 2545 2560 2561
f 3663 3864 3873
f 3873 3815 3872
f 3872 3815 3817
f 105 104 103
f 3475 3480 3462
f 3480 3176 3560
f 3560 3176 3179
f 3179 3180 3561
f 3180 1412 1407
f 3561 3180 1407
f 3843 3846 3879
f 1407 1412 1403
f 3879 3846 3887
f 3879 3887 3895
f 1789 1786 3158
f 4726 2316 2317
f 3258 1779 1784
f 3259 3261 3260
f 3259 3260 3258
f 1001 1007 1000
f 1007 4032 4033
f 4216 4217 4222
f 4222 4219 4225
f 2218 2219 2221
f 1058 1079 1045
f 4236 4237 4246
f 1096 1670 1093
f 4286 4265 4287
f 922 968 924
f 1669 1670 1096
f 2141 2142 2121
f 2121 2142 2143
f 2142 2144 2143
f 2143 2144 2145
f 2119 2120 2121
f 2121 2120 2141
f 1097 1668 1669
f 2129 2130 2125
f 1657 1666 1668
f 2131 2133 2130
f 4341 4337 4339
f 1711 2133 2131
f 2139 2136 1714
f 4334 4337 4333
f 2162 2152 1715
f 4333 4336 4332
f 980 989 976
f 1112 1121 1621
f 4325 4332 4324
f 1111 1277 1713
f 4321 4327 4323
f 3611 3609 3608
f 3609 3612 3618
f 3635 3641 3644
f 591 296 2542
f 108 106 107
f 3895 3887 3906
f 3919 3917 3934
f 3919 3934 3939
f 2316 2307 2317
f 3939 3934 4726
f 4726 3934 2316
f 2317 2307 3262
f 3260 3273 3258
f 3273 1779 3258
f 1001 4032 1007
f 4032 4034 4033
f 4033 4034 4196
f 4033 4196 1730
f 4196 4198 1730
f 4198 4197 4216
f 4197 4217 4216
f 4222 4217 4219
f 1141 1127 1140
f 1035 1032 1033
f 1036 1032 1035
f 4285 4279 4237
f 4283 4265 4286
f 1097 1669 1096
f 1099 1668 1097
f 2119 2122 2120
f 4287 4259 4341
f 1099 1657 1668
f 2124 2123 2119
f 2127 2124 2119
f 4341 4282 4337
f 2167 2164 2162
f 2162 2164 2152
f 1617 2175 2168
f 1617 2168 2167
f 3612 3609 3611
f 3618 3624 3635
f 3883 3864 3644
f 3644 3864 3663
f 3873 3864 3847
f 601 274 573
f 3847 3815 3873
f 3816 3811 3812
f 3839 3843 3844
f 3167 3147 3171
f 3172 3171 3174
f 3174 3171 3173
f 1412 1399 1403
f 1403 1399 1388
f 956 1006 1001
f 956 946 925
f 1006 4032 1001
f 946 952 935
f 1006 4001 4032
f 4032 4001 4034
f 4196 4197 4198
f 1038 1037 1035
f 1038 1035 1033
f 1059 1033 1060
f 1059 1060 1127
f 4220 4221 4225
f 1037 1036 1035
f 4225 4221 4236
f 1040 1045 1039
f 1040 1039 1037
f 1037 1039 1036
f 2216 1269 2217
f 4221 4237 4236
f 2197 2216 2203
f 4237 4283 4285
f 2141 2120 2142
f 4287 4265 4259
f 4259 4282 4341
f 1106 1657 1099
f 2119 2123 2122
f 1107 1657 1106
f 2127 2126 2124
f 954 980 960
f 2130 2133 2134
f 4337 4292 4336
f 1107 1110 1112
f 2152 2139 1715
f 4336 4340 4332
f 1277 1122 975
f 4327 3662 4323
f 3662 3613 3660
f 3660 3613 3608
f 3641 3883 3644
f 601 296 274
f 3817 3815 3814
f 3176 4611 4681
f 3152 4636 3161
f 4681 4635 3165
f 3165 4635 3153
f 3161 4688 3139
f 3139 4688 4623
f 1399 1381 1388
f 3906 3917 3919
f 2296 2297 2307
f 2316 2296 2307
f 2307 2297 3262
f 3262 3264 3261
f 4001 4196 4034
f 1041 1037 1038
f 1040 1037 1041
f 2197 2187 2215
f 2125 2126 2127
f 4282 4292 4337
f 2130 2126 2125
f 4336 4291 4340
f 1122 963 975
f 2167 2168 2164
f 4332 4342 4327
f 4327 4343 3662
f 3611 3614 3617
f 3613 3611 3608
f 3611 3617 3612
f 3617 3627 3612
f 3627 3623 3612
f 3627 3625 3623
f 3625 3624 3623
f 3635 3624 3641
f 3817 3814 3816
f 99 115 93
f 93 92 99
f 4612 4666 4681
f 4611 4612 4681
f 4635 4634 3153
f 3153 4634 3152
f 3152 4634 4636
f 4636 4618 3161
f 3161 4618 4688
f 3843 3839 3846
f 1392 1389 1408
f 3846 3881 3887
f 3887 3881 3906
f 3881 3917 3906
f 3261 3265 3260
f 953 3986 1006
f 3986 4001 1006
f 942 938 898
f 4197 4199 4217
f 4237 4258 4283
f 4283 4258 4265
f 4265 4242 4259
f 2124 2181 2123
f 4282 4259 4243
f 2126 2191 2124
f 2130 2134 2132
f 2130 2132 2126
f 2133 2135 2134
f 4292 4291 4336
f 1109 1111 1110
f 2136 2135 2133
f 2139 2138 2136
f 2138 2137 2136
f 1111 1109 1122
f 4327 4342 4343
f 120 3487 115
f 115 3487 93
f 3487 90 93
f 90 91 92
f 93 90 92
f 120 90 3487
f 120 121 90
f 121 94 90
f 90 94 91
f 3813 3842 3812
f 490 4614 558
f 558 650 443
f 558 1878 650
f 4681 4666 4635
f 4634 4630 4636
f 4630 4620 4618
f 4636 4630 4618
f 4688 4618 4617
f 3839 3845 3846
f 1390 1408 1389
f 3934 2277 2278
f 3934 2278 2316
f 2316 2278 2296
f 2297 3264 3262
f 3275 1788 1779
f 3273 3275 1779
f 3264 3265 3261
f 3986 3999 4001
f 4001 4190 4196
f 4190 4184 4196
f 4184 4197 4196
f 4217 4199 4200
f 4217 4200 4219
f 4219 4205 4220
f 4220 4203 4221
f 4221 4203 4237
f 4203 4204 4237
f 1086 1084 1085
f 4237 4204 4258
f 4258 4242 4265
f 4242 4241 4259
f 4282 4264 4292
f 2132 2154 2126
f 4292 4264 4291
f 2137 2135 2136
f 4340 4291 4290
f 4342 3615 4343
f 2174 2169 2168
f 3662 3615 3613
f 3613 3615 3614
f 2175 2177 2174
f 3622 3617 3614
f 3622 3627 3617
f 3624 3634 3641
f 3641 3645 3883
f 3864 3848 3847
f 3842 3805 3844
f 490 489 4615
f 490 4615 4614
f 639 650 1825
f 4614 4615 4612
f 4635 4633 4634
f 4634 4633 4630
f 3844 3805 3839
f 3917 3933 3934
f 3934 3933 2277
f 2297 2295 3264
f 3265 3267 3260
f 3260 3267 3273
f 961 3986 953
f 961 3987 3986
f 3986 3987 3999
f 3999 4190 4001
f 4219 4200 4205
f 4258 4204 4239
f 2192 2193 2190
f 1122 945 963
f 2152 2138 2139
f 2164 2163 2152
f 2168 2163 2164
f 4343 3615 3662
f 3848 3754 3847
f 3847 3753 3815
f 3815 3753 3752
f 3815 3752 3814
f 3816 3814 3811
f 3813 3805 3842
f 489 646 4615
f 4635 4666 4633
f 4630 4633 4625
f 4630 4625 4621
f 2296 2278 2295
f 3264 2295 3369
f 3264 3369 3265
f 3273 3267 3275
f 4184 4185 4197
f 4197 4185 4199
f 4205 4203 4220
f 4258 4239 4242
f 4242 4238 4241
f 4264 4263 4291
f 2135 2171 2134
f 1109 1120 1122
f 2137 2151 2135
f 4291 4263 4290
f 2152 2153 2138
f 4290 3619 4342
f 2163 2153 2152
f 4342 3619 3615
f 2174 2176 2169
f 2177 2176 2174
f 3614 3621 3622
f 2562 2248 2177
f 3622 3629 3627
f 3627 3626 3625
f 3625 3626 3624
f 3634 3645 3641
f 3645 3818 3883
f 3818 3848 3864
f 3883 3818 3864
f 1798 1823 1822
f 342 639 638
f 1822 1857 1868
f 4615 646 4684
f 3846 3863 3881
f 3881 3916 3917
f 3999 4029 4190
f 4205 4201 4203
f 4203 4192 4204
f 4239 4238 4242
f 4243 4228 4264
f 2171 2200 2134
f 4263 4262 4290
f 2137 2138 2151
f 4290 4262 3619
f 2168 2169 2163
f 2248 2243 2176
f 2248 2176 2177
f 3621 3629 3622
f 3754 3753 3847
f 3814 3750 3811
f 3812 3811 3813
f 1796 1798 1822
f 1796 1822 1868
f 3839 3803 3845
f 3863 3899 3881
f 3881 3899 3916
f 3916 3933 3917
f 2278 2289 2295
f 3267 3274 3275
f 3988 3998 3987
f 3987 3998 3999
f 3999 3998 4029
f 4186 4200 4199
f 4203 4202 4192
f 4239 4218 4238
f 1118 1115 1098
f 1122 1120 945
f 2163 2166 2153
f 2169 2242 2166
f 2169 2166 2163
f 3619 3616 3615
f 2243 2169 2176
f 3621 3630 3629
f 3626 3628 3624
f 3624 3628 3634
f 3848 3818 3754
f 3752 3748 3814
f 1796 1868 1853
f 646 604 4684
f 4684 604 4652
f 4629 4626 4625
f 4625 4626 4622
f 3846 3845 3863
f 2295 2289 2302
f 2295 2302 3369
f 3369 3268 3265
f 3265 3268 3267
f 962 3988 3987
f 4029 4168 4190
f 4190 4168 4184
f 4200 4187 4205
f 4201 4202 4203
f 4192 4195 4204
f 4204 4195 4239
f 1126 1100 1101
f 4218 4215 4238
f 4215 4227 4238
f 4238 4227 4241
f 4241 4227 4243
f 4264 4228 4263
f 1120 930 945
f 4262 3620 3619
f 416 394 2247
f 3629 3626 3627
f 3634 3628 3645
f 3811 3801 3813
f 194 638 1795
f 604 316 4652
f 3813 3801 3805
f 3805 3803 3839
f 3916 3926 3933
f 3275 1778 1788
f 3274 3278 3275
f 962 966 3988
f 4168 4164 4184
f 4184 4164 4185
f 4185 4186 4199
f 4186 4187 4200
f 2199 1103 2198
f 4227 4229 4243
f 4243 4229 4228
f 1105 1116 1113
f 4228 4245 4263
f 1113 1123 1120
f 4245 4244 4262
f 4244 3590 4262
f 4262 3590 3620
f 2243 2226 2242
f 3619 3620 3616
f 3616 3620 3621
f 3631 3628 3626
f 3814 3748 3750
f 316 627 4652
f 3899 3911 3916
f 3911 3926 3916
f 3988 3992 3998
f 3998 4019 4029
f 4187 4201 4205
f 4195 4194 4218
f 1116 1115 1124
f 2246 547 2245
f 3645 3819 3818
f 1795 1796 1797
f 3933 2270 2277
f 2277 2270 2272
f 2277 2272 2278
f 2278 2272 2289
f 3992 4017 3998
f 3998 4017 4019
f 4019 4168 4029
f 4185 4169 4186
f 4187 4188 4201
f 4192 4180 4195
f 4218 4194 4215
f 847 881 880
f 4212 4214 4245
f 4245 4214 4244
f 1120 1123 930
f 4244 4240 3590
f 3590 3621 3620
f 3621 3633 3630
f 3630 3631 3629
f 3631 3626 3629
f 3631 3638 3628
f 3861 3645 3628
f 3861 3819 3645
f 3819 3758 3818
f 3818 3758 3754
f 3754 3758 3745
f 3754 3745 3753
f 3750 3749 3811
f 1797 1843 1847
f 232 4680 627
f 627 4680 4668
f 622 647 603
f 1370 1364 1387
f 3926 2270 3933
f 3268 3269 3267
f 966 3989 3988
f 3988 3989 3992
f 4164 4169 4185
f 4201 4188 4202
f 4188 4192 4202
f 4213 4229 4227
f 4228 4213 4212
f 4228 4212 4245
f 4244 4214 4240
f 4240 3589 3590
f 2245 57 62
f 2245 71 57
f 547 71 2245
f 547 80 71
f 3753 3746 3752
f 3752 3751 3748
f 3749 3801 3811
f 1800 1797 1847
f 4680 4679 4668
f 4668 4632 4631
f 4632 4626 4631
f 316 603 339
f 3805 3802 3803
f 3845 3803 3804
f 4168 4166 4164
f 4169 4170 4186
f 4186 4170 4187
f 821 840 841
f 4195 4180 4194
f 2210 2244 1138
f 2210 1138 2209
f 1123 921 930
f 3590 3589 3586
f 71 72 70
f 71 70 57
f 80 72 71
f 3630 3632 3631
f 3631 3637 3638
f 3638 3861 3628
f 1800 1847 1846
f 1864 1866 1799
f 4679 4632 4668
f 4626 4653 4628
f 3899 3863 3911
f 2270 2271 2272
f 2272 2288 2289
f 3269 3274 3267
f 4188 4181 4192
f 4181 4180 4192
f 2209 1138 1137
f 4215 4193 4213
f 2244 2249 1138
f 2229 2244 2210
f 1136 1208 1123
f 1123 1208 921
f 55 27 34
f 55 34 2240
f 80 81 72
f 3630 3633 3632
f 1846 1847 1879
f 4632 4637 4626
f 4626 4637 4653
f 3804 3863 3845
f 3275 1794 1778
f 1778 1794 1777
f 3926 3931 2270
f 3278 1794 3275
f 4019 4167 4168
f 4168 4167 4166
f 4194 4191 4215
f 4193 4206 4213
f 54 2244 2229
f 4213 4208 4212
f 4212 4209 4214
f 3587 3586 3589
f 70 40 57
f 57 40 27
f 3632 3637 3631
f 3861 3759 3819
f 3819 3759 3758
f 3745 3746 3753
f 3746 3751 3752
f 1801 1800 1802
f 4679 4638 4632
f 4632 4638 4637
f 3801 3802 3805
f 3911 3915 3926
f 3278 3329 1794
f 3369 3270 3268
f 3268 3270 3269
f 4164 4163 4169
f 4169 4163 4170
f 4170 4171 4187
f 4187 4171 4188
f 4180 4182 4194
f 4194 4182 4191
f 4215 4191 4193
f 52 2249 2244
f 4206 4208 4213
f 4208 4209 4212
f 4214 4211 4240
f 4211 3589 4240
f 70 39 40
f 208 206 233
f 3751 3749 3748
f 3748 3749 3750
f 1803 1801 1802
f 1865 1851 4692
f 4692 4691 1865
f 4692 4687 4691
f 3803 3798 3804
f 3863 3903 3911
f 2288 2318 2302
f 2302 2318 3369
f 2271 2282 2288
f 2272 2271 2288
f 2282 2301 2288
f 3274 3277 3278
f 3278 3277 3329
f 966 965 3989
f 3989 3990 3992
f 4161 4163 4164
f 4171 4172 4188
f 4188 4172 4181
f 1180 51 1129
f 52 1180 2249
f 4209 4210 4214
f 1208 895 921
f 3589 3588 3587
f 81 73 72
f 73 70 72
f 3758 3725 3745
f 1803 1802 1804
f 1851 4673 4692
f 4692 4673 4687
f 3749 3800 3801
f 4638 4639 4637
f 4637 4639 2938
f 3802 3798 3803
f 3804 3862 3863
f 3915 3931 3926
f 3369 2318 3270
f 3992 4014 4017
f 4017 4167 4019
f 4167 4161 4166
f 4166 4161 4164
f 4172 4173 4181
f 4208 4183 4209
f 4211 4035 3589
f 3589 4035 3588
f 3586 3591 3633
f 3633 3636 3632
f 3861 3856 3759
f 1804 1805 1803
f 1851 1803 1805
f 1879 2936 1880
f 1802 1879 1880
f 1851 4734 4735
f 3801 3800 3802
f 422 175 291
f 1364 1357 1368
f 3862 3903 3863
f 3270 3281 3269
f 4181 4175 4180
f 4180 4177 4182
f 4182 4043 4191
f 4191 4043 4193
f 4193 4041 4206
f 4041 4207 4206
f 52 51 1180
f 4183 4210 4209
f 4214 4189 4211
f 3633 3591 3636
f 81 83 73
f 3632 3636 3637
f 3759 3725 3758
f 3725 3726 3745
f 3726 3692 3745
f 3745 3692 3746
f 1804 1806 1805
f 4734 4674 4735
f 4735 4674 4673
f 4638 4640 4639
f 3911 3903 3915
f 2270 2269 2271
f 965 941 1002
f 4173 4175 4181
f 4175 4177 4180
f 4206 4207 4208
f 4207 4183 4208
f 1208 1205 895
f 4035 3594 3588
f 3637 3642 3638
f 3638 3856 3861
f 3692 3691 3746
f 3755 3749 3751
f 1871 1876 4728
f 3755 3800 3749
f 1871 4728 4674
f 1871 4674 4734
f 4673 4674 4640
f 3800 3799 3802
f 485 545 578
f 3277 3328 3329
f 2271 2269 2274
f 2271 2274 2282
f 3270 2318 3281
f 4170 4163 4171
f 4171 4163 4172
f 4177 4043 4182
f 4043 4041 4193
f 4041 4039 4207
f 4039 4036 4207
f 4207 4036 4183
f 4183 4189 4210
f 4211 3603 4035
f 4035 3603 3594
f 70 74 39
f 3636 3640 3637
f 3637 3640 3642
f 3746 3747 3751
f 3751 3747 3755
f 1872 1876 1805
f 1872 1805 1807
f 1876 4685 4728
f 4728 4685 4674
f 4674 4675 4640
f 4639 4641 4649
f 3798 3797 3804
f 3931 2267 2270
f 2270 2267 2269
f 2274 2291 2282
f 2282 2291 2301
f 3989 1002 3990
f 3990 4014 3992
f 4014 4025 4017
f 4017 4025 4167
f 1205 894 895
f 3638 3642 3856
f 3759 3757 3725
f 1806 1855 1833
f 1808 1807 1806
f 1869 1872 1807
f 1869 4727 1872
f 2935 4641 2934
f 4640 4641 4639
f 3756 3799 3800
f 3804 3797 3806
f 3903 3913 3915
f 3281 3276 3269
f 4163 4165 4172
f 4173 4174 4175
f 4174 4176 4175
f 4175 4176 4177
f 4177 4045 4043
f 4189 3605 4211
f 4211 3605 3603
f 3603 3593 3594
f 3591 3592 3636
f 3691 3747 3746
f 1809 1806 1833
f 1808 1806 1809
f 1869 1870 4729
f 1855 1880 2930
f 1869 4729 4727
f 4685 4667 4675
f 4641 4643 4678
f 3802 3799 3798
f 3804 3806 3862
f 3862 3891 3903
f 3329 1793 1794
f 3269 3276 3274
f 4161 4162 4163
f 4036 4038 4183
f 1205 931 894
f 3592 3640 3636
f 3642 3877 3856
f 3856 3877 3757
f 3725 3757 3724
f 1810 1808 1809
f 1870 4730 4729
f 4729 4667 4727
f 4667 4642 4675
f 4642 4643 4641
f 3800 3755 3756
f 3806 3891 3862
f 3329 3328 1793
f 3276 3277 3274
f 1002 3991 3990
f 4163 4162 4165
f 4176 4045 4177
f 4043 4042 4041
f 4041 4040 4039
f 4189 4178 3605
f 73 76 74
f 3755 3747 3703
f 1863 1808 1810
f 1870 4731 4730
f 4730 4667 4729
f 4643 4665 4678
f 3891 3913 3903
f 3915 3927 3931
f 3931 3927 2267
f 2326 3282 3281
f 2318 2326 3281
f 3281 3282 3276
f 3991 3995 3990
f 3990 3995 4014
f 4183 4179 4189
f 4179 4178 4189
f 74 38 39
f 3877 3837 3757
f 3725 3724 3723
f 3692 3689 3691
f 3691 3690 3747
f 1862 4732 1863
f 1862 1863 1810
f 1863 4732 4731
f 4731 4732 4669
f 4731 4669 4730
f 4730 4669 4667
f 4667 4644 4642
f 4643 4664 4665
f 4172 4148 4173
f 4045 4044 4043
f 4042 4040 4041
f 4039 4040 4037
f 4036 4037 4038
f 4178 3606 3605
f 3605 2924 3603
f 3603 2924 3593
f 3592 3596 3640
f 74 76 38
f 3725 3712 3726
f 3726 3712 3692
f 3692 3712 3689
f 1811 1810 1809
f 1862 4733 4732
f 4732 4733 4670
f 4732 4670 4669
f 1002 926 3991
f 4167 4150 4161
f 4173 4148 4174
f 4038 4179 4183
f 3605 3606 2924
f 3725 3723 3712
f 1811 1809 1812
f 1812 1809 1834
f 1834 1886 1873
f 1861 1862 1810
f 1861 1810 1811
f 1861 1890 1862
f 1862 1890 4733
f 4733 1890 4670
f 4670 4646 4644
f 4643 2942 4664
f 3328 3362 1793
f 2267 2266 2269
f 4025 4158 4167
f 4161 4147 4162
f 1205 1172 931
f 3596 3646 3640
f 83 84 73
f 3640 3646 3642
f 3747 3690 3703
f 3703 3693 3755
f 1813 1811 1812
f 1860 1861 1811
f 1860 441 1861
f 440 439 1890
f 440 1890 1861
f 1890 439 4683
f 1890 4683 4670
f 3755 3695 3756
f 3695 3799 3756
f 1357 1356 1368
f 3915 3913 3927
f 3927 2265 2267
f 2267 2265 2266
f 2266 2273 2274
f 2269 2266 2274
f 2274 2273 2281
f 4150 4147 4161
f 4147 4146 4165
f 4162 4147 4165
f 4165 4146 4148
f 4148 4154 4174
f 4178 4157 3606
f 3606 3607 2924
f 20 12 13
f 3837 3722 3757
f 1812 1873 1836
f 1860 1811 1813
f 1873 1886 1887
f 439 445 4686
f 439 4686 4683
f 4644 4646 4645
f 3792 3793 3797
f 3797 3793 3806
f 3806 3807 3891
f 3276 3280 3277
f 3282 3322 3276
f 4146 4145 4148
f 4176 4044 4045
f 4044 4042 4043
f 4179 4157 4178
f 3606 2925 3607
f 3646 3648 3642
f 3642 3648 3882
f 3642 3882 3877
f 3877 3882 3837
f 3757 3722 3724
f 1815 1813 1816
f 1816 1812 1836
f 612 1860 1813
f 445 637 4686
f 4648 4647 4646
f 4646 4647 4645
f 1793 1775 1777
f 3322 3280 3276
f 4158 4150 4167
f 4038 4159 4179
f 1139 1171 1172
f 1172 929 931
f 4157 2925 3606
f 3722 3723 3724
f 612 1813 1815
f 636 4676 637
f 4645 4647 2941
f 4645 2941 2942
f 3755 3693 3695
f 3806 3793 3807
f 4176 4154 4044
f 4042 4155 4040
f 4040 4160 4037
f 4037 4160 4038
f 4160 4159 4038
f 4179 4159 4157
f 4157 2918 2925
f 3607 2925 2924
f 76 60 38
f 38 60 42
f 73 84 76
f 3646 3650 3648
f 3689 3690 3691
f 635 634 4676
f 3799 3791 3798
f 3798 3792 3797
f 3807 3909 3891
f 3891 3909 3913
f 2325 2327 2326
f 2326 2327 3282
f 3277 3290 3328
f 3927 3937 2265
f 2273 2276 2281
f 926 3993 3991
f 4044 4155 4042
f 3646 3649 3650
f 1814 1815 1816
f 200 610 617
f 617 610 1815
f 634 605 4689
f 4647 2946 2941
f 3695 3694 3799
f 3791 3792 3798
f 3280 3290 3277
f 3290 3318 3328
f 3328 3318 3362
f 2276 2303 2281
f 4014 4023 4025
f 4155 4139 4040
f 4139 4140 4040
f 4040 4140 4160
f 3596 3649 3646
f 239 211 247
f 3723 3727 3712
f 1816 1837 1835
f 3799 3694 3791
f 487 494 493
f 3913 3909 3927
f 3362 1791 1793
f 3995 4013 4014
f 4014 4013 4023
f 4147 4133 4146
f 4148 4141 4154
f 4044 4151 4155
f 4159 4143 4157
f 211 277 247
f 3689 3711 3710
f 1817 1816 1835
f 1817 1814 1816
f 594 617 1849
f 1849 617 1814
f 1887 2929 1888
f 3703 3702 3693
f 420 4672 605
f 605 4672 4650
f 4651 2944 2937
f 476 479 474
f 2327 3320 3282
f 3937 2264 2265
f 3282 3320 3322
f 3322 3320 3280
f 4025 4149 4158
f 4149 4150 4158
f 4146 4133 4145
f 4154 4141 4153
f 4154 4153 4044
f 4152 4151 4044
f 4151 4139 4155
f 3597 3598 3596
f 3596 3598 3649
f 3689 3688 3690
f 1817 1835 1841
f 1818 1849 1814
f 1818 1814 1817
f 420 419 4672
f 2937 2944 2929
f 3793 3808 3807
f 3909 3925 3927
f 926 992 3993
f 3993 3994 3991
f 3994 4007 3995
f 3991 3994 3995
f 3995 4007 4013
f 4145 4141 4148
f 4157 4142 2918
f 3722 3721 3723
f 3721 3727 3723
f 3712 3711 3689
f 3690 3702 3703
f 593 1849 1848
f 1848 1849 1818
f 4671 4655 4650
f 3793 3788 3808
f 3925 3937 3927
f 3318 1791 3362
f 2265 2254 2266
f 2266 2254 2273
f 4025 4023 4149
f 4147 4144 4133
f 4133 4136 4145
f 4044 4153 4152
f 4140 4131 4160
f 4160 4131 4159
f 4131 4143 4159
f 1172 1171 1276
f 3837 3838 3722
f 2945 2931 2929
f 3693 3694 3695
f 474 546 487
f 3792 3787 3793
f 3909 3900 3925
f 2265 2264 2254
f 4145 4136 4141
f 4142 2927 2918
f 3882 3838 3837
f 3690 3688 3702
f 1821 1817 1841
f 1820 1819 1817
f 586 1848 1819
f 3793 3787 3788
f 2254 2252 2273
f 2273 2252 2276
f 4150 4144 4147
f 4153 4138 4152
f 4157 4143 4142
f 3722 3720 3721
f 3689 3710 3688
f 1821 1841 1874
f 585 586 1819
f 585 1819 1820
f 643 574 4677
f 3808 3900 3807
f 3807 3900 3909
f 4149 4144 4150
f 4152 4137 4151
f 4151 4137 4139
f 76 75 60
f 583 584 1820
f 584 585 1820
f 3693 3696 3694
f 3791 3790 3792
f 3792 3790 3787
f 1791 1771 1775
f 2325 2313 2327
f 2327 2313 3320
f 3320 3321 3319
f 3320 3319 3280
f 3280 3291 3290
f 2252 2283 2276
f 4133 4134 4136
f 4134 4135 4136
f 4136 4135 4141
f 4142 4124 2927
f 84 89 76
f 575 595 4658
f 3702 3701 3693
f 3694 3790 3791
f 3788 3865 3808
f 2276 2283 2303
f 3319 3291 3280
f 903 893 992
f 4141 4138 4153
f 4139 4132 4140
f 4140 4132 4131
f 4131 4130 4143
f 568 583 1828
f 1828 1820 1827
f 596 4659 595
f 2254 2250 2252
f 4023 4024 4149
f 4138 4137 4152
f 4131 4052 4130
f 4143 4119 4142
f 4142 4119 4124
f 3599 3602 3598
f 3598 3602 3661
f 76 89 75
f 84 88 89
f 3648 3653 3882
f 3727 3713 3712
f 3713 3711 3712
f 3702 3688 3687
f 626 568 1828
f 1827 1821 1839
f 1839 1884 1885
f 3693 3701 3696
f 3697 3790 3694
f 3937 2261 2264
f 4013 4024 4023
f 4133 4075 4134
f 4135 4070 4141
f 4130 4119 4143
f 2927 2917 2918
f 3649 3651 3650
f 3722 3836 3720
f 3721 3718 3727
f 626 1828 1830
f 602 554 4682
f 602 4682 4659
f 3694 3696 3697
f 3865 3866 3808
f 3808 3866 3900
f 3290 3292 3318
f 4149 4122 4144
f 4137 4049 4139
f 4049 4132 4139
f 4124 4125 2927
f 3650 3653 3648
f 3653 3871 3882
f 3882 3871 3838
f 1838 1831 1827
f 358 626 1830
f 359 358 1830
f 4657 4661 2948
f 3787 3785 3788
f 3866 3910 3900
f 3900 3910 3925
f 3925 3935 3937
f 3291 3292 3290
f 2264 2261 2254
f 4122 4129 4144
f 4129 4078 4133
f 4144 4129 4133
f 4141 4070 4069
f 4141 4069 4138
f 4138 4048 4137
f 4049 4050 4132
f 3650 3651 3653
f 3838 3836 3722
f 3720 3718 3721
f 1831 1838 1840
f 1829 1827 1831
f 554 555 4682
f 4682 4660 4659
f 4659 4660 4661
f 3790 3786 3787
f 3787 3786 3785
f 3865 3867 3866
f 3925 3910 3935
f 3937 3935 2261
f 2261 2250 2254
f 992 4000 3993
f 4069 4048 4138
f 4130 4054 4119
f 1171 1197 1276
f 4125 2926 2927
f 2927 2926 2917
f 3718 3713 3727
f 3710 3686 3688
f 217 359 1832
f 1832 1830 1829
f 4661 2943 2932
f 3318 1792 1791
f 2313 2314 3320
f 2250 2251 2252
f 2252 2251 2283
f 4024 4122 4149
f 4078 4075 4133
f 4134 4070 4135
f 4137 4048 4049
f 4050 4052 4132
f 4132 4052 4131
f 4052 4054 4130
f 3649 3652 3651
f 3686 3687 3688
f 556 4663 4660
f 3702 3687 3701
f 3788 3785 3865
f 3318 3326 1792
f 2314 3323 3320
f 3320 3323 3321
f 4024 4028 4122
f 4122 4080 4129
f 4075 4071 4134
f 4134 4071 4070
f 3661 3652 3649
f 1850 1831 1852
f 1852 1831 1842
f 4662 2057 2058
f 4662 2058 2943
f 3697 3789 3790
f 3790 3789 3786
f 3865 3868 3867
f 3867 3886 3866
f 3866 3886 3910
f 2313 2312 2314
f 2250 2253 2251
f 4013 4012 4024
f 4024 4012 4028
f 1197 912 1276
f 3711 3709 3710
f 444 1854 222
f 1490 1854 1852
f 1490 1477 1854
f 1852 1875 1495
f 406 304 2053
f 406 2053 4663
f 4663 2053 2057
f 136 132 304
f 3696 3698 3697
f 3318 3292 3326
f 3935 2268 2261
f 4007 4012 4013
f 4080 4078 4129
f 1490 1484 1477
f 2053 2024 2057
f 2057 2024 2023
f 2023 2054 2058
f 2057 2023 2058
f 3701 3698 3696
f 4000 3996 3993
f 3993 3996 3994
f 4050 4049 4051
f 88 75 89
f 3838 3871 3836
f 3836 3719 3720
f 3720 3719 3718
f 1484 1457 1477
f 433 2028 2053
f 304 433 2053
f 2053 2028 2024
f 3701 3706 3698
f 597 598 642
f 3786 3782 3785
f 3910 3929 3935
f 3321 3294 3319
f 3319 3294 3291
f 2251 2279 2283
f 4078 4074 4075
f 4057 4046 4048
f 4050 4051 4052
f 2054 2055 1483
f 2028 2003 2024
f 2003 2013 2023
f 2024 2003 2023
f 2023 2013 2054
f 3697 3700 3789
f 3902 3929 3910
f 3321 3323 3294
f 3291 3293 3292
f 2261 2253 2250
f 992 867 4000
f 4122 4121 4080
f 4075 4074 4071
f 4071 4068 4070
f 4067 4057 4069
f 4069 4057 4048
f 4046 4047 4048
f 4048 4047 4049
f 4051 4053 4052
f 4124 2926 4125
f 60 32 42
f 88 86 75
f 3719 3717 3718
f 3717 3713 3718
f 433 562 2028
f 2028 562 2003
f 2003 2002 2013
f 2013 2012 2055
f 2002 2012 2013
f 3789 3782 3786
f 3886 3902 3910
f 3929 2268 3935
f 2261 2256 2253
f 4028 4121 4122
f 4080 4079 4078
f 4052 4053 4054
f 4124 4118 2926
f 562 2001 2003
f 2003 2001 2002
f 2012 7 2055
f 2002 2004 2012
f 642 404 550
f 3782 3784 3785
f 3867 3868 3886
f 3294 3293 3291
f 2261 2268 2256
f 3996 3997 3994
f 3994 3997 4007
f 4074 4072 4071
f 4071 4072 4068
f 4070 4067 4069
f 4051 4055 4053
f 4054 4060 4119
f 4119 4118 4124
f 3713 3716 3714
f 3713 3714 3711
f 3686 3704 3687
f 562 563 2001
f 2012 2004 7
f 3784 3835 3785
f 4080 4121 4081
f 4068 4067 4070
f 4049 4047 4051
f 4054 4053 4060
f 4119 4060 4118
f 88 87 86
f 3653 3654 3871
f 2001 2000 2002
f 2002 2000 2004
f 2004 2015 7
f 3704 3701 3687
f 3698 3699 3697
f 3292 3293 3326
f 4012 4011 4028
f 4080 4081 4079
f 4079 4077 4078
f 4078 4077 4074
f 60 59 32
f 75 69 60
f 563 2034 2001
f 3704 3706 3701
f 3697 3699 3700
f 1792 1773 1771
f 2283 2279 2306
f 4011 4022 4028
f 4022 4121 4028
f 4053 4058 4059
f 4118 4109 2926
f 4109 4111 2926
f 2034 2035 2001
f 2035 2031 2001
f 2004 2000 2015
f 3789 3700 3779
f 3779 3780 3789
f 3780 3782 3789
f 3902 3921 3929
f 4007 4011 4012
f 4074 4073 4072
f 69 59 60
f 3652 3654 3651
f 3710 3709 3686
f 312 2036 2035
f 2035 2036 2031
f 2031 1999 2001
f 2001 1999 2000
f 2000 9 2015
f 2015 9 8
f 3835 3834 3902
f 3835 3902 3886
f 4081 4077 4079
f 4077 4076 4074
f 4072 4066 4068
f 4068 4066 4067
f 4057 4047 4046
f 4047 4056 4051
f 4051 4056 4055
f 4055 4058 4053
f 4053 4059 4060
f 4060 4109 4118
f 1450 620 619
f 322 2037 2036
f 312 322 2036
f 2036 2037 2031
f 2031 2037 1999
f 598 404 642
f 3784 3833 3835
f 3835 3833 3834
f 3929 3921 2268
f 2268 3921 3936
f 3323 3324 3294
f 3294 3295 3293
f 2253 2256 2255
f 2253 2255 2251
f 2251 2255 2279
f 867 1005 4000
f 4000 1005 3996
f 4074 4076 4073
f 4072 4073 4066
f 4066 4061 4067
f 4067 4061 4057
f 4057 4061 4047
f 4111 2920 2926
f 2926 2920 2917
f 75 86 69
f 252 266 253
f 2000 2011 9
f 4022 4030 4121
f 1197 1177 911
f 3836 3728 3719
f 3714 3709 3711
f 3705 3706 3704
f 322 606 2037
f 355 356 310
f 598 496 404
f 3780 3781 3782
f 4066 4065 4061
f 3871 3853 3836
f 3719 3728 3717
f 3717 3716 3713
f 2037 606 1999
f 2000 2010 2011
f 131 143 290
f 3706 3739 3698
f 3781 3783 3782
f 3997 4008 4007
f 4007 4008 4011
f 4081 4082 4077
f 4076 4094 4073
f 4061 4065 4047
f 4047 4064 4056
f 3661 3655 3652
f 87 85 86
f 3717 3729 3716
f 3709 3708 3686
f 3686 3705 3704
f 1999 1998 2000
f 2000 1998 2010
f 1998 2009 2010
f 3739 3740 3698
f 3782 3783 3784
f 3902 3914 3921
f 2314 3298 3323
f 3323 3298 3324
f 4011 4021 4022
f 4047 4065 4064
f 4109 4110 4111
f 4111 4110 2920
f 2902 3655 3661
f 3652 3655 3654
f 3654 3656 3871
f 606 1997 1999
f 1999 1997 1998
f 3699 3740 3700
f 3784 3783 3833
f 3293 3316 3326
f 3326 3316 1792
f 3996 1005 3997
f 4021 4030 4022
f 4077 4095 4076
f 4094 4099 4073
f 4073 4084 4066
f 4110 2921 2920
f 3654 3655 3656
f 87 633 85
f 3871 3659 3853
f 3836 3853 3728
f 3717 3728 3729
f 327 326 606
f 606 326 1997
f 2009 2051 2010
f 2010 2051 4707
f 3698 3740 3699
f 3834 3832 3902
f 3902 3832 3914
f 1792 3316 1773
f 3293 3295 3316
f 2255 2290 2279
f 2279 2290 2306
f 3936 2257 2256
f 2257 2255 2256
f 4121 4030 4081
f 4077 4096 4095
f 4066 4084 4065
f 4065 4087 4064
f 4055 4063 4058
f 4059 4062 4060
f 86 85 69
f 3656 3659 3871
f 3716 3715 3714
f 3715 3708 3709
f 3706 3705 3707
f 1447 1448 600
f 326 324 2025
f 326 2025 1997
f 3779 3778 3780
f 483 499 497
f 3833 3832 3834
f 3921 3928 3936
f 2312 2315 2314
f 2255 2258 2290
f 4082 4096 4077
f 4073 4099 4084
f 4064 4063 4056
f 4056 4063 4055
f 4058 4063 4062
f 4058 4062 4059
f 4060 4108 4109
f 3601 2902 3602
f 3708 3705 3686
f 3706 3707 3739
f 1997 1995 1998
f 2009 2050 2051
f 3775 3779 3700
f 3780 3778 3781
f 3914 3928 3921
f 2314 2315 3298
f 4030 4083 4081
f 4081 4083 4082
f 4076 4095 4094
f 4084 4087 4065
f 4062 4108 4060
f 4109 4108 4110
f 4110 2923 2921
f 324 325 2025
f 2025 325 1997
f 3740 3775 3700
f 3298 3296 3324
f 3324 3296 3294
f 2257 2258 2255
f 4021 4020 4030
f 325 328 1997
f 1998 2005 2009
f 2009 2005 2050
f 3775 3778 3779
f 3783 3832 3833
f 949 1004 1005
f 1005 1004 3997
f 4011 4009 4021
f 4099 4100 4084
f 4063 4092 4062
f 261 259 253
f 3729 3731 3716
f 328 2016 1997
f 1995 2005 1998
f 2005 2043 2050
f 3315 3363 3316
f 3316 3363 1773
f 3295 3315 3316
f 4095 4098 4094
f 85 77 69
f 633 77 85
f 3853 3735 3728
f 3728 3730 3729
f 3730 3731 3729
f 3715 3736 3708
f 328 351 2016
f 351 1996 2016
f 2016 1996 1997
f 1997 1996 1995
f 2005 2042 2043
f 3740 3771 3775
f 3781 3794 3783
f 3295 3297 3315
f 4030 4123 4083
f 4084 4085 4087
f 4085 4086 4087
f 4087 4086 4064
f 4092 4107 4062
f 4062 4107 4108
f 2899 2898 2902
f 3655 2898 3657
f 69 58 59
f 3655 3657 3656
f 431 432 633
f 351 352 1996
f 3778 3794 3781
f 3294 3296 3295
f 3296 3297 3295
f 3936 2260 2257
f 1004 4002 3997
f 3997 4002 4008
f 4011 4008 4009
f 4082 4083 4097
f 4082 4097 4096
f 4094 4102 4099
f 4091 4092 4063
f 4108 2923 4110
f 59 58 32
f 633 432 77
f 3657 3658 3656
f 3656 3658 3659
f 3731 3732 3716
f 3732 3736 3715
f 3716 3732 3715
f 352 323 1996
f 1996 1994 1995
f 3739 3770 3740
f 3298 3189 3296
f 2260 2259 2257
f 2257 2259 2258
f 2258 2259 2275
f 2258 2275 2290
f 4020 4123 4030
f 4094 4098 4102
f 4084 4101 4085
f 4108 4116 2923
f 77 58 69
f 3735 3730 3728
f 3708 3736 3737
f 3708 3737 3705
f 3707 3761 3739
f 1442 188 297
f 323 1994 1996
f 357 162 331
f 3936 3928 2260
f 2290 2275 2300
f 2315 3189 3298
f 3189 3297 3296
f 4096 4098 4095
f 4102 4100 4099
f 4084 4100 4101
f 4064 4086 4063
f 4108 4107 4116
f 58 33 32
f 3705 3760 3707
f 3761 3770 3739
f 323 286 329
f 323 329 1994
f 1994 1992 1995
f 1995 1992 2005
f 2005 2041 2042
f 3775 3795 3778
f 3783 3810 3832
f 3901 3928 3914
f 2322 3188 2315
f 3363 1743 1773
f 2315 3188 3189
f 4123 4113 4083
f 4083 4113 4097
f 4085 4088 4086
f 4063 4086 4091
f 1177 1173 1179
f 1179 908 911
f 2923 4116 3604
f 3604 2901 2923
f 3853 3857 3735
f 3760 3761 3707
f 329 2017 1994
f 3810 3890 3832
f 3832 3890 3914
f 4002 4009 4008
f 4021 4009 4020
f 4101 4088 4085
f 4086 4088 4089
f 2901 2896 2900
f 2898 2891 3657
f 3659 3857 3853
f 3857 3734 3735
f 3736 3738 3737
f 3984 3983 1463
f 329 285 2017
f 1992 2008 2005
f 2005 2008 2041
f 3740 3770 3771
f 3901 3981 3928
f 4086 4090 4091
f 4092 4120 4107
f 3735 3734 3730
f 3730 3733 3731
f 3732 3738 3736
f 3705 3737 3760
f 186 1481 2017
f 285 186 2017
f 2017 418 1993
f 2017 1993 1994
f 1994 1993 1992
f 3794 3809 3783
f 3783 3809 3810
f 2260 2262 2259
f 2275 2293 2299
f 2275 2299 2300
f 3189 3300 3297
f 4097 4098 4096
f 4102 4103 4100
f 4091 4090 4092
f 4092 4090 4120
f 4120 4345 4107
f 4107 4345 4116
f 4116 5 3604
f 3604 6 2901
f 2896 2890 2899
f 2899 2890 2898
f 2898 2890 2891
f 3658 2897 3659
f 3733 3732 3731
f 3761 3760 3770
f 1481 179 418
f 418 180 2039
f 418 2039 1993
f 2008 2046 2041
f 3778 3795 3794
f 3315 3325 3363
f 2259 2262 2275
f 1004 1003 4002
f 4098 4104 4102
f 4102 4104 4103
f 4086 4089 4090
f 1179 909 908
f 4345 5 4116
f 3604 5 4
f 3604 4 6
f 58 63 33
f 3659 2897 3857
f 3734 3733 3730
f 179 1494 2039
f 2041 2046 3983
f 2039 2038 1993
f 2039 1494 2038
f 1992 1990 2008
f 3928 3980 3982
f 3188 3300 3189
f 3297 3305 3315
f 3315 3305 3325
f 2262 2280 2275
f 2275 2280 2293
f 4002 4003 4009
f 4020 4027 4123
f 4100 4103 4101
f 4101 4093 4088
f 4093 4089 4088
f 432 78 77
f 2891 2897 3658
f 3737 3774 3760
f 3774 3763 3760
f 3760 3767 3770
f 2038 2014 1993
f 3928 3981 3980
f 819 1003 1004
f 947 819 1004
f 4009 4016 4020
f 4123 4027 4113
f 4089 4359 4090
f 432 434 78
f 3738 3744 3737
f 3763 3772 3760
f 1465 4715 2014
f 2046 2008 2044
f 4715 2027 2014
f 2014 2027 1991
f 2014 1991 1993
f 1991 1990 1992
f 1993 1991 1992
f 1990 2007 2008
f 2007 2044 2008
f 3795 3809 3794
f 3325 3366 3363
f 3363 3366 1743
f 4002 1003 4003
f 4020 4016 4027
f 4113 4114 4097
f 4097 4112 4098
f 4098 4105 4104
f 4103 4104 4105
f 4103 4106 4101
f 4089 4358 4359
f 4090 4359 4347
f 4090 4347 4120
f 4345 4344 5
f 4 5 6
f 2883 2884 2891
f 2897 3969 3857
f 3734 3830 3733
f 3767 3769 3770
f 3770 3769 3771
f 1465 177 2027
f 4715 1465 2027
f 177 2029 2027
f 2027 2029 1991
f 3796 3795 3775
f 2260 2263 2262
f 4105 4106 4103
f 4101 4106 4093
f 4089 4093 4358
f 48 49 67
f 4347 4346 4120
f 4120 4346 4345
f 4345 4346 4344
f 1179 1200 909
f 5 4344 2846
f 5 2846 6
f 6 2846 2847
f 33 64 35
f 63 64 33
f 78 64 63
f 2890 2883 2891
f 2897 2884 3969
f 3733 3743 3732
f 3732 3743 3741
f 3732 3741 3738
f 3738 3742 3744
f 3737 3744 3774
f 1465 178 177
f 177 178 2029
f 2007 2045 2044
f 2029 2018 1991
f 3771 3769 3775
f 3901 3980 3981
f 1743 3366 1745
f 2298 2321 2322
f 2263 2280 2262
f 4027 4156 4113
f 4112 4105 4098
f 49 68 67
f 47 66 49
f 78 79 64
f 434 79 78
f 3857 3870 3734
f 3830 3743 3733
f 1435 1434 1433
f 1470 168 2029
f 178 1470 2029
f 2029 168 2018
f 2321 3185 2322
f 2293 2298 2299
f 2322 3185 3188
f 3300 3301 3297
f 3982 2263 2260
f 4003 4010 4009
f 4009 4010 4016
f 4156 4115 4113
f 4113 4115 4114
f 4106 4366 4093
f 4093 4366 4362
f 4093 4362 4358
f 4359 4358 4357
f 67 68 1185
f 4359 4357 4349
f 4359 4349 4347
f 49 66 68
f 2846 4382 2849
f 2846 2848 2847
f 2847 2848 2896
f 2896 2848 2885
f 64 50 35
f 3741 3742 3738
f 3744 3763 3774
f 3767 3768 3769
f 1470 344 168
f 168 2021 2018
f 2018 1989 1991
f 1991 1989 1990
f 3775 3769 3796
f 3795 3796 3809
f 3297 3301 3305
f 1003 4004 4003
f 4003 4004 4010
f 4105 4375 4106
f 4347 4349 4348
f 4347 4348 4346
f 1200 927 909
f 2846 4344 4382
f 2846 2849 2848
f 64 65 50
f 79 65 64
f 2885 2880 2883
f 2883 2881 2884
f 3744 3762 3763
f 2021 1989 2018
f 2021 2006 1989
f 2007 1984 2045
f 3809 3831 3810
f 3810 3875 3901
f 2263 2284 2280
f 3185 3302 3188
f 3188 3302 3300
f 1003 988 4004
f 4097 4114 4112
f 4105 4376 4375
f 4106 4375 4366
f 1185 2114 1187
f 1185 2117 2114
f 66 2112 68
f 68 2117 1185
f 68 2112 2117
f 46 2107 66
f 2107 2112 66
f 1175 1181 1200
f 41 45 28
f 2849 2888 2848
f 2848 2888 2885
f 3734 3870 3830
f 3743 3776 3741
f 2006 616 1989
f 1990 1982 2007
f 557 542 618
f 3809 3829 3831
f 3831 3875 3810
f 2280 2292 2293
f 3300 3302 3301
f 4010 4015 4027
f 4016 4010 4027
f 4027 4015 4156
f 4105 4112 4377
f 1187 2114 1189
f 2107 2081 2112
f 46 43 2107
f 44 2106 2107
f 43 44 2107
f 4346 4348 4352
f 2888 2882 2885
f 2118 61 65
f 79 82 65
f 2883 2880 2881
f 3830 3777 3743
f 3741 3766 3742
f 3760 3772 3767
f 192 616 2006
f 1989 1982 1990
f 3809 3796 3829
f 640 641 1365
f 3875 3979 3901
f 3901 3979 3980
f 3980 3979 3982
f 3305 3304 3325
f 3325 3304 3355
f 3325 3355 3366
f 2284 2285 2280
f 2280 2285 2292
f 3301 3304 3305
f 4004 4005 4010
f 4114 4126 4112
f 4112 4126 4377
f 4105 4377 4376
f 4375 4365 4366
f 1189 2111 1271
f 4357 4358 4356
f 2081 2111 2114
f 2117 2081 2114
f 2112 2081 2117
f 2107 2089 2081
f 2107 2106 2089
f 4346 4352 4344
f 44 45 2106
f 45 56 2106
f 4382 2895 2849
f 2849 2895 2888
f 61 56 50
f 2884 2881 2874
f 3742 3765 3744
f 3767 3773 3768
f 616 1982 1989
f 1982 1984 2007
f 1982 1983 1984
f 2292 2294 2298
f 4010 4005 4015
f 4115 4117 4114
f 4114 4117 4126
f 4376 4372 4375
f 4366 4365 4363
f 1190 2090 2082
f 2111 2090 1271
f 2111 2079 2090
f 2081 2079 2111
f 2081 2080 2079
f 4349 4350 4348
f 2081 2088 2080
f 2089 2088 2081
f 2106 2087 2089
f 2089 2087 2088
f 4352 4383 4344
f 2106 2092 2087
f 4344 4383 4382
f 4382 4383 4384
f 2106 2109 2092
f 2888 2895 2894
f 2118 2116 61
f 82 2116 2118
f 2880 2875 2881
f 2881 2875 2874
f 2884 2874 3969
f 3870 3869 3830
f 3830 3869 3777
f 3743 3777 3776
f 3741 3776 3766
f 3742 3766 3765
f 3772 3773 3767
f 616 1978 1982
f 3796 3825 3829
f 2308 3185 2321
f 3366 3355 1745
f 3982 3979 2263
f 988 4005 4004
f 4156 4117 4115
f 4363 4362 4366
f 1194 2074 2075
f 1193 2082 1194
f 1194 2082 2074
f 4362 4360 4358
f 4358 4360 4356
f 2090 2079 2077
f 2090 2077 2082
f 2082 2077 2074
f 4356 4351 4357
f 4357 4351 4349
f 4351 4350 4349
f 4350 4352 4348
f 1181 1201 1200
f 2088 2087 2080
f 1200 1275 927
f 4382 4384 4385
f 2109 2093 2092
f 4385 2895 4382
f 2109 2113 2093
f 2109 56 2113
f 2895 2886 2894
f 61 2115 2113
f 61 2113 56
f 2116 2115 61
f 645 2116 82
f 2874 2873 3969
f 2873 3869 3870
f 382 384 383
f 3744 3765 3762
f 3763 3762 3764
f 193 1978 616
f 193 621 1978
f 1982 1978 1976
f 1982 1976 1983
f 3796 3769 3820
f 618 580 630
f 542 580 618
f 3979 2284 2263
f 2285 2286 2292
f 2292 2286 2294
f 955 4005 988
f 4117 4127 4126
f 4376 4377 4372
f 4375 4372 4365
f 4362 4363 4360
f 2074 2073 2075
f 2074 2077 2076
f 2079 2080 2078
f 2079 2078 2077
f 2080 2087 2086
f 2080 2086 2078
f 4352 4386 4383
f 1200 1259 1275
f 2092 2086 2087
f 2092 2093 2086
f 4385 2886 2895
f 2879 2877 2880
f 2882 2879 2880
f 3763 3764 3772
f 1976 2052 1983
f 3820 3825 3796
f 3875 3876 3979
f 4156 4015 4026
f 4156 4026 4117
f 2075 2070 1199
f 1196 2075 1199
f 1199 2070 1203
f 2075 2073 2070
f 2074 2076 2073
f 1275 1259 1280
f 2086 1336 2078
f 4383 4386 4384
f 2086 2093 1335
f 2086 1335 1336
f 2093 2113 1338
f 2093 1338 1335
f 2113 1341 1338
f 2113 2115 1341
f 645 607 2115
f 645 2115 2116
f 3762 3828 3764
f 3769 3821 3820
f 1976 1974 2052
f 621 223 1979
f 621 1979 1978
f 580 517 630
f 3831 3876 3875
f 2319 3185 2308
f 3355 1774 1745
f 4005 4006 4015
f 4026 4128 4117
f 4117 4128 4127
f 4377 4374 4372
f 1207 2059 1219
f 4365 4364 4363
f 1204 1203 2067
f 1204 2067 1207
f 4363 4361 4360
f 2070 2068 1203
f 1203 2068 2067
f 2070 2073 2068
f 4351 4354 4350
f 4354 4353 4350
f 4350 4353 4352
f 4352 4353 4386
f 2078 1317 2077
f 2077 1317 2076
f 4386 4353 4393
f 2078 1318 1317
f 4386 4394 4384
f 1336 1318 2078
f 1336 1319 1318
f 4384 4395 4385
f 1335 1319 1336
f 4385 4400 2886
f 2886 4400 2893
f 2115 1349 1341
f 2882 2886 2879
f 607 1953 2115
f 2115 1953 1954
f 3869 3874 3777
f 1974 2056 2052
f 631 1979 223
f 517 1981 631
f 3876 3976 3979
f 2319 2304 2320
f 3979 3976 2287
f 2319 2320 3185
f 3185 3184 3302
f 3301 3302 3303
f 3301 3303 3304
f 955 4006 4005
f 4006 4018 4015
f 4015 4018 4026
f 4126 4379 4377
f 4377 4379 4374
f 4372 4374 4371
f 4372 4371 4365
f 1219 2059 1250
f 4365 4371 4364
f 1250 2059 1249
f 1207 2060 2059
f 2061 2062 2059
f 1207 2067 2060
f 2059 2060 2061
f 4361 4356 4360
f 2067 2069 2060
f 2068 2069 2067
f 4355 4354 4351
f 2068 2072 2071
f 2073 2072 2068
f 2073 2076 2072
f 2076 1288 1343
f 2076 1343 2072
f 1317 1288 2076
f 1259 1268 1280
f 1335 1334 1319
f 1338 1334 1335
f 4395 4400 4385
f 1341 1340 1338
f 1954 1957 2115
f 2115 1957 1349
f 2879 2878 2877
f 1953 1932 1954
f 607 438 1953
f 2874 2872 2873
f 2873 2869 3869
f 2869 2876 3869
f 3773 3823 3768
f 3768 3821 3769
f 1981 1980 631
f 631 1980 1979
f 1980 1977 1979
f 1979 1977 1978
f 1978 1977 1976
f 3829 3855 3831
f 1367 1379 1380
f 2286 2304 2294
f 3185 2320 3184
f 3979 2287 2284
f 2284 2287 2286
f 2284 2286 2285
f 4128 4380 4127
f 4127 4380 4126
f 1249 2083 1234
f 1234 2083 1233
f 1249 2059 2063
f 2059 2062 2063
f 2060 2094 2061
f 2091 2094 2060
f 2069 2091 2060
f 4356 4355 4351
f 2094 2091 2105
f 2068 2071 2069
f 2069 1292 2091
f 1292 1348 2091
f 1343 1287 2072
f 2072 1287 2071
f 1343 1286 1287
f 4386 4393 4394
f 4394 4395 4384
f 1338 1337 1334
f 1340 1337 1338
f 1341 1345 1340
f 1341 1349 1345
f 1957 1954 1956
f 1932 1956 1954
f 438 614 1953
f 1953 614 1932
f 438 426 614
f 2872 2869 2873
f 3869 2876 3874
f 3777 3874 3776
f 3776 3874 3854
f 3772 3827 3773
f 517 2049 1981
f 1977 1975 1976
f 1976 1975 1974
f 3825 3855 3829
f 3355 3304 1774
f 955 4031 4006
f 4006 4031 4018
f 4126 4380 4379
f 1233 2083 1232
f 1232 2083 1264
f 1249 2063 2083
f 4363 4364 4361
f 2062 2064 2063
f 2061 2064 2062
f 2061 2094 2064
f 2094 2108 2064
f 2094 1305 2108
f 2091 1348 2105
f 2094 2105 1305
f 1348 1296 2105
f 2105 1296 1305
f 2071 1292 2069
f 1348 1294 1296
f 1287 1292 2071
f 1292 1294 1348
f 1318 1284 1317
f 1317 1284 1288
f 1268 1281 1280
f 4394 4401 4395
f 4400 4417 2893
f 2886 2893 2887
f 614 1931 1932
f 2872 2871 2869
f 3776 3854 3766
f 3765 3849 3762
f 3828 3826 3764
f 3827 3823 3773
f 3823 3821 3768
f 1974 1969 2056
f 2049 2048 1981
f 1981 2048 1988
f 1981 1988 1977
f 1980 1981 1977
f 1977 1985 1975
f 1974 1970 1969
f 3855 3876 3831
f 3976 3975 2287
f 2286 2305 2304
f 2320 2324 3184
f 4018 3585 4026
f 4026 3585 4128
f 4371 4374 4373
f 1234 1230 1248
f 1235 1264 1263
f 1264 2084 1263
f 4371 4370 4364
f 2083 2084 1264
f 2083 2066 2084
f 2063 2065 2066
f 2063 2064 2065
f 4364 4367 4361
f 4367 4368 4361
f 2064 2108 2065
f 4356 4361 4368
f 2108 1339 2065
f 4356 4369 4355
f 4355 4381 4354
f 2108 1305 1304
f 2108 1304 1339
f 1304 1306 1339
f 4353 4390 4393
f 4399 4394 4393
f 1319 1315 1318
f 1318 1315 1284
f 2893 2904 2892
f 2893 2892 2887
f 1932 1951 1956
f 1935 2483 1951
f 1932 1931 1935
f 1932 1935 1951
f 427 1931 614
f 427 1926 1931
f 427 561 1924
f 427 1924 1926
f 3766 3854 3765
f 3764 3826 3772
f 517 528 654
f 517 654 2049
f 1975 1970 1974
f 3876 3975 3976
f 2304 2305 2309
f 2287 2323 2286
f 2286 2323 2305
f 3184 3303 3302
f 4031 3583 4018
f 4018 3583 3585
f 4380 4378 4379
f 4379 4378 4374
f 1263 2102 1237
f 1237 2102 1240
f 1263 2098 2102
f 4371 4373 4370
f 2084 2096 1263
f 1263 2096 2098
f 2084 2066 2085
f 2085 2095 2084
f 2065 1339 2066
f 2066 1339 2085
f 4368 4369 4356
f 1339 1311 2085
f 1311 1321 2085
f 1339 1306 1311
f 1296 1299 1305
f 4354 4390 4353
f 1287 1293 1292
f 1288 1284 1286
f 4399 4402 4401
f 4399 4401 4394
f 1268 1279 1281
f 1334 1322 1319
f 1319 1322 1315
f 1337 1322 1334
f 4401 4400 4395
f 1346 1340 1345
f 4400 4418 4417
f 4417 2904 2893
f 2878 2870 2871
f 1931 1926 1935
f 1948 2477 1935
f 1926 1948 1935
f 1924 1925 1926
f 632 1921 1924
f 1924 1921 1925
f 632 391 1921
f 2869 2868 2876
f 390 391 632
f 3765 3854 3849
f 3762 3849 3828
f 3826 3827 3772
f 528 523 654
f 2048 2047 1988
f 1969 1970 1971
f 1374 4694 1396
f 3855 3968 3876
f 3975 3197 2287
f 2287 3197 2323
f 3585 3584 4128
f 4128 4280 4380
f 4374 4378 4373
f 2102 2100 1240
f 2102 2098 2100
f 4370 4367 4364
f 2085 2110 2095
f 2085 1321 2110
f 4355 4369 4381
f 1299 1304 1305
f 4354 4381 4390
f 1296 1294 1295
f 1295 1299 1296
f 1287 1291 1293
f 1292 1293 1294
f 1286 1285 1287
f 4390 4399 4393
f 1284 1285 1286
f 1315 1314 1284
f 1268 1274 1279
f 4401 4402 4400
f 4402 4418 4400
f 4417 4418 2904
f 2892 2889 2887
f 2869 2864 2868
f 1925 1921 1934
f 1925 1934 1948
f 391 1909 1921
f 391 392 1909
f 373 374 376
f 656 549 661
f 1977 1988 1985
f 1985 1986 1975
f 1975 1986 1970
f 1970 1972 1971
f 4694 4693 4696
f 1395 4704 1397
f 1395 1396 4702
f 4704 1395 4702
f 2324 2309 3184
f 3304 1765 1774
f 4128 3584 4280
f 4380 4280 4378
f 1240 2101 1241
f 1241 2101 1243
f 2100 2101 1240
f 2100 2099 2101
f 2100 2098 2099
f 2096 2097 2098
f 2097 2099 2098
f 2095 2097 2096
f 4367 4389 4368
f 1211 1225 1222
f 2095 2110 2097
f 2110 1324 2097
f 1321 1324 2110
f 1304 1303 1306
f 1299 1303 1304
f 1340 1333 1337
f 1346 1344 1340
f 4418 4453 4451
f 2870 2862 2871
f 2871 2862 2869
f 1921 1933 1934
f 392 587 1909
f 1909 1933 1921
f 587 1907 1909
f 2047 2030 1988
f 1988 1987 1985
f 1985 1987 1986
f 1970 1986 1972
f 1972 1973 1971
f 3825 3824 3855
f 4695 4693 4526
f 514 1397 513
f 4704 4697 4706
f 4704 4703 4705
f 4697 4704 4705
f 4526 1785 1790
f 2323 2310 2305
f 2309 3183 3184
f 3303 3307 3304
f 3304 3307 1765
f 3585 3575 3584
f 4370 4387 4367
f 2099 2103 2101
f 2101 2103 2104
f 2099 2097 2103
f 2103 1332 2104
f 2097 1324 2103
f 4368 4389 4391
f 1324 1326 2103
f 2103 1326 1332
f 4368 4391 4369
f 4369 4391 4396
f 1307 1310 1311
f 1311 1310 1321
f 4369 4396 4381
f 1303 1307 1306
f 4396 4397 4381
f 4381 4397 4390
f 1293 1295 1294
f 1287 1285 1291
f 4390 4420 4399
f 4399 4420 4402
f 1333 1322 1337
f 1340 1344 1333
f 4424 4426 4402
f 1274 4592 1279
f 4402 4426 4418
f 4418 4426 4453
f 4418 4451 2904
f 2862 2864 2869
f 587 1905 1907
f 1909 1907 1933
f 1933 1944 2475
f 587 389 1905
f 1907 1944 1933
f 3874 3955 3854
f 389 413 1905
f 1907 1930 1944
f 1905 1906 1907
f 1907 1906 1930
f 3955 3964 3854
f 3854 3964 3849
f 3820 3822 3824
f 3820 3824 3825
f 2030 2026 1988
f 1972 2033 1973
f 4700 4695 4526
f 4697 4705 4698
f 1790 4521 4525
f 4526 1790 4525
f 1790 4520 4521
f 1790 1780 4520
f 3968 3970 3975
f 2310 2311 2309
f 3575 3573 3584
f 3584 3573 3578
f 3584 3578 4280
f 4280 3578 4281
f 4280 4281 4378
f 4378 4281 4294
f 4378 4294 4296
f 4378 4296 4373
f 4373 4296 4297
f 4373 4297 4370
f 4299 4387 4370
f 1321 1310 1324
f 4397 4403 4390
f 4390 4403 4420
f 4420 4424 4402
f 1272 2794 1274
f 2904 4451 2892
f 2889 2863 2867
f 2863 2862 2867
f 2864 2865 2868
f 2868 2865 2876
f 2876 2866 3874
f 1930 1952 1944
f 1906 1952 1930
f 413 371 1905
f 1906 1928 1952
f 372 371 374
f 374 371 413
f 371 1904 1905
f 1905 1904 1906
f 1906 1904 1928
f 3827 3841 3823
f 3823 3841 3821
f 3841 3840 3821
f 3821 3822 3820
f 2026 2020 1987
f 1988 2026 1987
f 2020 2019 1987
f 2019 2022 1986
f 1987 2019 1986
f 1986 2032 1972
f 1986 2022 2032
f 2032 2033 1972
f 1973 2960 2959
f 2033 2032 4488
f 4488 1973 2033
f 4700 4526 4701
f 4525 4517 4523
f 4701 4525 4523
f 4523 4517 4489
f 4699 653 4697
f 4521 4517 4525
f 4521 4520 4517
f 3975 3970 3977
f 3197 2328 2323
f 2323 2328 2310
f 2311 3182 2309
f 3182 3332 3183
f 2309 3182 3183
f 3307 1783 1765
f 3183 3306 3184
f 3303 3306 3307
f 3578 3566 4281
f 4296 4294 4295
f 4370 4297 4299
f 4367 4387 4389
f 4391 4398 4396
f 1310 1323 1324
f 1324 1325 1326
f 1326 1330 1332
f 4396 4419 4397
f 1291 1297 1293
f 1290 1289 1284
f 1284 1289 1285
f 1314 1290 1284
f 1315 1316 1314
f 1322 1320 1315
f 1320 1316 1315
f 1333 1320 1322
f 1274 2794 4592
f 4453 4449 4451
f 4451 4446 2892
f 4446 2889 2892
f 2889 4446 2863
f 2876 2865 2866
f 2866 3955 3874
f 371 1903 1902
f 371 1902 1904
f 1908 2472 1952
f 1928 1908 1952
f 371 369 1903
f 1904 1908 1928
f 1904 1902 1908
f 3964 3851 3849
f 3849 3851 3828
f 3828 3851 3826
f 3827 3850 3841
f 2026 2040 2020
f 2019 4524 2022
f 4524 2032 2022
f 2032 4524 4523
f 4523 4488 2032
f 1973 4485 2960
f 4455 4700 4524
f 4700 4701 4524
f 4523 4489 4488
f 1973 4488 4485
f 2960 4485 4456
f 4699 649 653
f 4455 4699 4700
f 4489 4487 4488
f 4488 4487 4485
f 4489 4517 4513
f 4489 4513 4487
f 3855 3967 3968
f 3967 3970 3968
f 4517 4518 4513
f 4520 1782 4518
f 2310 2328 2311
f 3975 3977 3197
f 3183 3332 3306
f 3566 3562 4281
f 4281 3562 3579
f 4281 3579 4294
f 4294 3579 4295
f 4389 4392 4391
f 1310 1309 1312
f 1310 1312 1323
f 1323 1325 1324
f 1326 1325 1330
f 1301 1300 1295
f 1295 1300 1299
f 4419 4403 4397
f 1313 1291 1285
f 1297 1298 1295
f 1293 1297 1295
f 1285 1289 1313
f 4403 4435 4420
f 1314 1351 1290
f 4435 4424 4420
f 4426 4450 4449
f 4426 4449 4453
f 4449 4446 4451
f 2862 2860 2857
f 2864 2850 2865
f 1908 1960 2472
f 624 1902 1903
f 1902 1897 1908
f 624 1897 1902
f 1897 1899 1908
f 1908 1899 1945
f 1908 1945 1960
f 624 623 1897
f 3851 3852 3826
f 3826 3852 3827
f 3852 3850 3827
f 1493 572 2026
f 2026 572 2040
f 2040 572 648
f 648 4455 2040
f 2040 4455 2020
f 2020 4455 2019
f 2019 4455 4524
f 2962 4456 2964
f 648 649 4455
f 3824 3878 3855
f 4456 4483 2964
f 4485 4483 4456
f 4487 4486 4485
f 4513 4490 4487
f 4487 4490 4486
f 4518 4515 4513
f 3977 3195 3197
f 3197 3195 2328
f 4518 1782 4515
f 3306 3308 3307
f 3307 3309 1783
f 1782 1783 4515
f 1783 3312 4515
f 3562 3567 3579
f 3579 3567 4295
f 3567 3568 4296
f 4295 3567 4296
f 4296 3568 3582
f 4296 3582 4297
f 4297 3582 4298
f 4297 4298 4299
f 4387 4388 4389
f 4389 4388 4392
f 4391 4392 4398
f 1307 1309 1310
f 1299 1302 1303
f 4398 4405 4396
f 4396 4405 4419
f 1298 1301 1295
f 4403 4412 4435
f 4424 4454 4426
f 4452 4450 4426
f 4449 4447 4446
f 4447 4444 4446
f 4444 2863 4446
f 2857 2860 2858
f 2861 2850 2864
f 2866 2859 3955
f 3955 3956 3964
f 3956 3957 3964
f 1945 2449 1960
f 3964 3957 3851
f 363 1895 623
f 623 1895 1897
f 1897 1896 1899
f 1899 1927 1945
f 1895 1896 1897
f 363 365 1895
f 1896 1927 1899
f 1896 1918 1927
f 1896 1893 1918
f 3821 3840 3822
f 3822 3878 3824
f 1493 588 572
f 2964 4483 2971
f 4483 4491 2971
f 3878 3967 3855
f 4491 4483 4481
f 4485 4486 4484
f 4485 4484 4483
f 4483 4482 4481
f 3967 3971 3970
f 4486 4490 4492
f 4486 4492 4484
f 3971 3974 3970
f 3970 3974 3977
f 4513 4514 4490
f 4490 4514 4492
f 3977 3974 3195
f 2328 2329 2311
f 4513 4515 4514
f 3308 3309 3307
f 3349 4514 4515
f 1783 3309 3312
f 4515 3312 3349
f 3568 3570 3582
f 1245 1252 2596
f 3582 3570 4298
f 4298 3570 3576
f 3576 4299 4298
f 4299 3576 4300
f 4299 4300 4387
f 4387 4300 4301
f 4387 4301 4388
f 4398 4392 4404
f 1303 1308 1307
f 4398 4404 4405
f 1300 1302 1299
f 4419 4412 4403
f 4435 4416 4424
f 4452 4426 4454
f 4449 4448 4447
f 4444 2860 2863
f 4444 2858 2860
f 2858 2855 2857
f 2859 3948 3955
f 3955 3948 3956
f 2472 2468 2454
f 1918 1929 1927
f 1927 1929 2493
f 365 1891 1895
f 1895 1891 1893
f 1895 1893 1896
f 393 1891 365
f 1893 1929 1918
f 1891 1892 1893
f 1893 1894 1929
f 368 553 393
f 393 553 1891
f 553 1892 1891
f 1892 1894 1893
f 1961 1950 1963
f 1959 1961 1962
f 1959 1962 1964
f 1964 1962 1965
f 1965 1962 2973
f 2971 3015 2998
f 4491 3012 3015
f 3878 3965 3967
f 4491 4481 3012
f 3012 4481 4479
f 4481 4480 4479
f 4483 4484 4482
f 4481 4482 4480
f 4492 4494 4484
f 4484 4494 4482
f 4494 4495 4482
f 3195 3196 2328
f 2328 3196 2329
f 4514 4512 4492
f 4492 4512 4494
f 2329 3182 2311
f 3332 3348 3306
f 4514 3349 4512
f 3309 3311 3312
f 3312 3311 3313
f 3312 3313 3349
f 3313 3354 3349
f 3570 3571 3572
f 3570 3572 3576
f 2595 2792 2597
f 3576 3572 3577
f 3576 3577 4300
f 4300 3577 3580
f 4300 3580 4301
f 4301 3580 3581
f 4301 4302 4388
f 4388 4302 4392
f 1307 1308 1309
f 1302 1308 1303
f 4404 4407 4405
f 4405 4408 4419
f 4408 4412 4419
f 4425 4452 4454
f 2765 2787 2788
f 4450 4448 4449
f 4448 4445 4447
f 4447 4445 4444
f 4445 2858 4444
f 3956 3952 3957
f 2493 2492 2460
f 1929 1955 2492
f 552 1892 553
f 1892 1900 1894
f 1894 1943 1955
f 552 1898 1892
f 552 579 1898
f 1898 1901 1892
f 1892 1901 1900
f 579 615 1898
f 615 1901 1898
f 1894 1900 1943
f 1901 1910 1900
f 3850 3959 3841
f 1959 1964 1941
f 1941 1964 1965
f 1949 543 1950
f 4479 3018 3012
f 4479 4476 3018
f 4480 4478 4479
f 4482 4495 4480
f 3974 3193 3195
f 3196 3186 2329
f 3186 2435 2329
f 2329 2435 3182
f 4494 4509 4495
f 3182 3357 3332
f 3332 3357 3348
f 4512 4511 4494
f 4494 4511 4509
f 3306 3348 3308
f 3308 3310 3309
f 3309 3310 3311
f 3313 3314 3354
f 3349 3354 4512
f 3314 3339 3354
f 4512 3354 4511
f 3354 3339 4511
f 4301 3581 4302
f 3581 2813 4302
f 4302 2813 2824
f 4302 2824 2825
f 4302 2825 4392
f 1323 1327 1325
f 1329 1331 1325
f 1325 1331 1330
f 4392 2825 4406
f 4406 4404 4392
f 4404 4406 4407
f 4405 4407 4408
f 4412 4415 4435
f 4435 4415 4416
f 4424 4416 4454
f 4416 4425 4454
f 4425 4434 4452
f 4452 4434 4450
f 4434 4448 4450
f 4445 2855 2858
f 2850 2853 2859
f 2866 2850 2859
f 3957 3960 3851
f 3960 3852 3851
f 3852 3959 3850
f 1943 1946 1968
f 536 1923 615
f 1923 1901 615
f 1946 1958 1968
f 536 537 1923
f 1923 1911 1901
f 537 1911 1923
f 1911 1910 1901
f 1910 1913 1914
f 1910 1914 1900
f 1900 1914 1946
f 1911 1912 1910
f 1910 1912 1913
f 537 564 1911
f 1911 564 1915
f 1911 1915 1912
f 1912 1914 1913
f 1915 1916 1912
f 1912 1916 1914
f 1914 1916 1919
f 1916 1920 1919
f 1916 1917 1922
f 1916 1922 1920
f 1917 1936 1937
f 1917 1937 1922
f 3840 3962 3822
f 628 1936 1917
f 1937 1941 1922
f 1922 1941 1947
f 1936 1939 1938
f 1936 1938 1937
f 1938 1940 1937
f 1937 1940 1941
f 1941 1965 1947
f 543 1949 628
f 530 543 628
f 628 1949 1942
f 628 1942 1936
f 1936 1942 1939
f 3822 3962 3965
f 3822 3965 3878
f 2963 2954 3019
f 3965 3966 3967
f 3967 3966 3971
f 3018 4476 2999
f 2999 4476 3009
f 4479 4478 4476
f 4476 4478 4477
f 3971 3192 3974
f 3974 3192 3193
f 4480 4496 4478
f 4480 4495 4496
f 3186 2416 2435
f 4495 4497 4496
f 4495 4509 4497
f 3348 3310 3308
f 3311 3310 3313
f 3313 3310 3314
f 4509 4511 3356
f 4509 3356 4508
f 3339 3340 4511
f 4511 3340 3356
f 2815 2813 3581
f 1327 1328 1325
f 1325 1328 1329
f 2825 2822 4406
f 4406 2822 4443
f 4406 4443 4407
f 4407 4443 4409
f 4407 4409 4408
f 4408 4409 4410
f 4408 4410 4411
f 4408 4411 4412
f 4415 4414 4416
f 4425 4428 4434
f 4434 4432 4436
f 4434 4436 4448
f 4436 4445 4448
f 4436 4439 4445
f 4439 2855 4445
f 2855 2903 2854
f 2859 2853 3948
f 3948 3947 3952
f 3952 3950 3957
f 3957 3950 3960
f 3960 3959 3852
f 3959 3963 3841
f 1958 2488 1968
f 1958 1967 2488
f 1958 1919 1967
f 1915 1917 1916
f 3840 3963 3961
f 609 1917 1915
f 1919 1920 1967
f 609 628 1917
f 3840 3961 3962
f 3966 3192 3971
f 3009 4476 4472
f 3009 4472 3010
f 3010 4472 3011
f 4476 4477 4474
f 4476 4474 4472
f 3194 3187 3186
f 3187 2416 3186
f 4478 4496 4477
f 4496 4499 4477
f 3182 2435 3357
f 4497 4498 4496
f 4497 4506 4498
f 4508 4506 4497
f 3310 3337 3314
f 4508 4516 4506
f 3314 3338 3339
f 3339 3338 3340
f 3340 3338 3356
f 3356 3338 3344
f 4508 3356 4516
f 3356 3344 4516
f 2811 2809 2825
f 2825 2809 2822
f 2822 2812 4443
f 4443 2812 4409
f 2812 2821 4409
f 4409 2821 4410
f 4411 4413 4412
f 4412 4413 4414
f 4412 4414 4415
f 4414 4413 4421
f 4416 4414 4422
f 4422 2750 4423
f 4422 4423 4416
f 4416 4423 4425
f 4423 4427 4428
f 4423 4428 4425
f 4428 4432 4434
f 4428 4431 4432
f 4432 4433 4437
f 4432 4437 4436
f 4437 4438 4436
f 4437 4442 4438
f 4438 4439 4436
f 4438 4440 4439
f 4440 4441 2855
f 4439 4440 2855
f 4440 2752 4441
f 4441 2903 2855
f 2854 2903 2754
f 2854 2754 2599
f 2853 2606 3948
f 3948 2606 3947
f 3952 3947 3950
f 3960 3950 3959
f 2473 2462 2459
f 3961 3958 3962
f 3962 3958 3965
f 3965 3958 3966
f 3966 3972 3192
f 2980 3010 2991
f 3011 4472 3013
f 4472 4474 4458
f 4472 4458 3013
f 4477 4500 4474
f 4477 4499 4500
f 2435 2403 3357
f 4496 4498 4499
f 3357 2403 3348
f 4498 4501 4499
f 3348 2403 3310
f 2403 3337 3310
f 4498 4506 4505
f 4498 4505 4504
f 3341 3342 3338
f 3338 3342 3343
f 3338 3343 3344
f 4516 3364 4506
f 4506 3364 4505
f 3344 3343 3345
f 4516 3344 3364
f 3344 3345 3364
f 3345 3365 3364
f 2822 2808 2812
f 2821 2817 4410
f 4410 2817 2818
f 4410 2818 4411
f 4414 4421 2749
f 2749 4422 4414
f 4422 2749 2750
f 2750 2751 4423
f 4423 2751 4427
f 4427 4429 4428
f 4428 4429 4430
f 4430 4431 4428
f 4431 4433 4432
f 4433 4442 4437
f 4438 4442 2743
f 2743 4440 4438
f 2743 2742 4440
f 2742 2731 4440
f 4440 2731 2752
f 4441 2752 2753
f 4441 2753 2903
f 2753 2754 2903
f 2599 2754 2600
f 2600 2653 2601
f 2601 2653 2652
f 2603 2607 2606
f 3947 3945 3950
f 3950 3951 3959
f 3959 3951 3963
f 3963 3951 3954
f 3961 3954 3958
f 4709 3016 2950
f 2950 3016 2953
f 3958 3973 3972
f 3958 3972 3966
f 3190 2407 3187
f 3013 4457 3014
f 3187 2407 2404
f 2404 2416 3187
f 3013 4458 4457
f 4458 4474 4475
f 4500 4475 4474
f 4501 4500 4499
f 2403 2414 3337
f 2414 2425 3337
f 2425 3341 3337
f 4498 4504 4501
f 4505 4510 4504
f 3345 3351 3365
f 4505 3365 4510
f 3365 3351 4510
f 4413 2818 4421
f 2818 2744 4421
f 4421 2744 2749
f 2751 2734 4427
f 4427 2734 4429
f 2734 2745 4429
f 2745 4430 4429
f 2745 2755 4430
f 4430 2755 4431
f 2755 2756 4431
f 2756 4433 4431
f 2756 2739 4433
f 4433 2739 4442
f 2739 2746 4442
f 2746 2743 4442
f 2731 2666 2752
f 2752 2666 2753
f 2666 2659 2754
f 2753 2666 2754
f 2754 2659 2600
f 2600 2659 2653
f 2652 2740 2601
f 2601 2740 2605
f 2605 2740 2748
f 3947 2647 3945
f 3945 3946 3950
f 3950 3946 3951
f 3958 3954 3953
f 3958 3953 3973
f 4457 2995 3014
f 4457 4458 2995
f 4475 4507 4458
f 4475 4500 4507
f 4500 4502 4507
f 4500 4501 4502
f 2425 2373 3341
f 3341 2373 3342
f 2373 3350 3342
f 3342 3350 3343
f 4501 4504 4503
f 4501 4503 4502
f 3343 3350 3345
f 3345 3350 2443
f 3345 2443 3351
f 4504 4510 3367
f 4504 3367 4503
f 4510 3351 3352
f 3351 2443 3352
f 4510 3352 3367
f 2751 2727 2728
f 2745 2732 2755
f 2755 2732 2756
f 2732 2739 2756
f 2739 2674 2746
f 2748 2648 2656
f 2747 2650 2611
f 3946 3949 3951
f 3951 3949 3954
f 3949 3953 3954
f 3953 3978 2432
f 3953 2432 3973
f 3972 2432 3191
f 3191 2409 2407
f 2995 4459 2990
f 4458 4459 2995
f 4507 4471 4458
f 4458 4471 4459
f 2425 2342 2373
f 4507 4493 4471
f 2373 2421 3350
f 4507 4502 4493
f 3350 2424 2443
f 4502 4503 4493
f 2443 3353 3352
f 3352 3353 3367
f 3367 3353 3360
f 4503 3367 4493
f 3367 3360 4493
f 2612 2737 2620
f 2620 2654 2621
f 3946 2629 3949
f 3949 2628 3953
f 3978 2433 2432
f 2432 2409 3191
f 2406 2412 1
f 4459 4460 2990
f 2990 4460 2993
f 4460 4459 4461
f 2341 2350 2351
f 4471 4473 4461
f 4471 4461 4459
f 3350 2421 2424
f 4493 4470 4471
f 4471 4470 4473
f 2424 2347 2443
f 4493 4522 4470
f 2443 2436 3353
f 3353 2436 2444
f 4493 3361 4522
f 3353 2444 3358
f 3353 3358 3360
f 4493 3360 3361
f 3360 3358 3361
f 2642 2644 2737
f 2620 2644 2654
f 2622 2654 2655
f 2622 2655 2623
f 2618 2629 3946
f 3949 2629 2628
f 2481 2485 2464
f 2628 2660 3978
f 3978 2660 2433
f 2432 2433 2417
f 2697 2426 2408
f 2426 2410 2408
f 2993 4463 2994
f 2994 4463 3005
f 4463 2993 4462
f 4460 4462 2993
f 4460 4461 4462
f 4461 4468 4462
f 4461 4470 4468
f 2436 2415 2444
f 4470 4522 3371
f 4470 3371 4468
f 3371 3385 4468
f 2444 2422 3358
f 3358 2422 3359
f 3358 3359 3361
f 3361 3359 2442
f 3361 3371 4522
f 3361 2442 3371
f 2655 2643 2634
f 2344 2591 2370
f 2339 2370 2336
f 2337 2330 2335
f 3002 4463 4465
f 4463 4464 4465
f 4464 4466 4465
f 4463 4462 4464
f 4467 4466 4464
f 4468 4467 4462
f 4462 4467 4464
f 2415 2422 2444
f 4468 3385 3386
f 4468 3386 4467
f 3359 2422 2441
f 3359 2441 2442
f 3371 3372 3385
f 3372 3373 3385
f 2442 3372 3371
f 2336 2338 2330
f 3003 4465 2913
f 4465 4466 2913
f 4466 2907 2913
f 4466 4467 4469
f 2353 2376 2422
f 4467 3386 3382
f 4467 3382 4469
f 2376 2419 2441
f 3385 3373 3374
f 3385 3374 3376
f 3385 3376 3386
f 3386 3376 3382
f 3372 2442 3373
f 2977 2437 2438
f 2438 2333 2338
f 2333 2334 2331
f 4466 4469 3387
f 4466 3387 2907
f 3387 4519 2907
f 2375 2397 2419
f 3387 2906 4519
f 2420 2402 3373
f 3373 2402 3374
f 3376 3374 3375
f 3376 3375 3382
f 3382 3375 3384
f 3382 3384 4469
f 3375 3380 3384
f 4469 3384 3387
f 3380 3383 3384
f 3384 3383 3387
f 3387 3383 2906
f 2906 3383 2910
f 2354 2349 2355
f 2356 2355 2363
f 2375 2363 2377
f 2402 2401 3374
f 3374 2401 3375
f 2401 3377 3375
f 3377 3378 3375
f 3375 3378 3380
f 3378 3379 3380
f 3380 3379 3383
f 2439 2362 2352
f 2357 2358 2355
f 2377 2380 2379
f 3377 2401 2391
f 3377 2391 2445
f 3377 2445 3378
f 2445 3381 3379
f 3378 2445 3379
f 2910 3383 2912
f 2380 2372 2381
f 2381 2383 2391
f 2391 2387 2445
f 2445 2387 3381
f 2387 2393 3381
f 3381 2393 2912
f 3381 2912 3379
f 3379 2912 3383
f 2393 2423 2912
f 2423 2427 2912
f 2360 2434 2365
f 2423 2388 2427
f 2388 2395 2427
f 2385 2390 2389
f 3419 3479 3448
f 3448 2832 2830
f 2832 3538 2826
f 3419 3448 3409
f 3409 3448 2830
f 2826 3538 2827
f 3439 3469 3418
f 3418 3419 3401
f 3419 3409 3401
f 3401 3409 2835
f 2835 3409 2830
f 2830 2832 2826
f 2827 3541 2834
f 3438 3471 3470
f 3438 3470 3439
f 3438 3439 3400
f 3400 3439 3418
f 3400 3418 3401
f 3390 3401 2835
f 2827 2834 2829
f 3443 3454 3406
f 3406 3454 3438
f 3406 3438 3403
f 3438 3400 3403
f 3390 2835 3391
f 2830 2826 2828
f 2826 2827 2828
f 3483 3467 3449
f 3449 3467 3413
f 3413 3467 3443
f 3413 3443 3410
f 3443 3406 3410
f 3404 3403 3402
f 3402 3403 3400
f 2835 2830 2831
f 2831 2830 2828
f 2827 2829 2828
f 2828 2829 2833
f 2833 2829 2834
f 2833 2834 2837
f 1597 3453 1722
f 3414 3450 3449
f 3449 3413 3414
f 3410 3406 3405
f 3406 3403 3405
f 3405 3403 3404
f 3400 3401 3389
f 3389 3401 3390
f 3391 2835 2838
f 2838 2835 2831
f 3429 1596 1722
f 1722 3453 3423
f 3453 3451 3423
f 3423 3451 3450
f 3423 3450 3414
f 3414 3413 3412
f 3413 3410 3412
f 3411 3410 3405
f 3393 3404 3402
f 3395 3402 3400
f 3395 3400 3389
f 1655 3429 3430
f 3429 1722 3425
f 3425 1722 3423
f 3423 3414 3415
f 3415 3414 3412
f 3412 3410 3411
f 3398 3405 3404
f 3393 3402 3395
f 3389 3390 3056
f 3056 3390 3054
f 3390 3391 3054
f 3054 3391 2838
f 2836 2831 2828
f 2836 2828 2839
f 3241 3331 3333
f 1508 1499 1536
f 1508 1536 1739
f 1739 1536 1606
f 2588 1606 1521
f 2588 1521 2589
f 1521 1540 2589
f 3435 1592 1655
f 3435 1655 3430
f 3428 3430 3429
f 3428 3429 3425
f 3425 3423 3424
f 3411 3405 3398
f 3398 3404 3393
f 3395 3389 3388
f 3388 3389 3059
f 3059 3389 3056
f 3056 3054 3053
f 3053 3054 3055
f 3055 3054 2838
f 3055 2838 2831
f 3065 3053 3055
f 3055 2831 2836
f 3065 3055 2836
f 3067 3065 3068
f 3068 3065 3071
f 3071 3065 2836
f 3071 2836 2839
f 3087 3068 2828
f 2828 3068 3071
f 2828 3071 2839
f 3164 3113 3156
f 3113 3087 3156
f 3087 2828 3157
f 3156 3087 3157
f 1510 1508 2586
f 2586 1508 1739
f 2587 1739 1606
f 2587 1606 2588
f 2589 1540 3484
f 1540 1589 3484
f 1589 3465 3457
f 3447 3435 3445
f 3424 3423 3416
f 3423 3415 3416
f 3416 3415 3412
f 3408 3412 3411
f 3408 3411 3398
f 3393 3395 3061
f 3061 3395 3388
f 3058 3059 3056
f 3058 3056 3057
f 3057 3056 3053
f 3069 3058 3057
f 3065 3057 3053
f 3069 3057 3067
f 3067 3057 3065
f 3070 3069 3067
f 3070 3067 3068
f 3112 3070 3113
f 3113 3070 3087
f 3087 3070 3068
f 3162 3112 3164
f 3164 3112 3113
f 1514 1511 1510
f 4718 3219 3212
f 3219 3213 3212
f 2588 2589 2585
f 3484 1589 3478
f 3478 1589 3457
f 3457 3465 3447
f 3428 3425 3427
f 3427 3425 3424
f 3417 3416 3412
f 3399 3412 3408
f 3396 3408 3392
f 3392 3408 3398
f 3392 3398 3393
f 3063 3393 3061
f 3060 3061 3059
f 3059 3061 3388
f 3060 3059 3058
f 3066 3060 3058
f 3066 3058 3072
f 3072 3058 3069
f 3076 3066 3075
f 3075 3066 3072
f 3077 3076 3075
f 3077 3075 3078
f 3075 3073 3078
f 3073 3075 3072
f 3072 3069 3070
f 3073 3072 3070
f 3078 3073 3127
f 3127 3073 3112
f 3112 3073 3070
f 3299 3151 3160
f 3160 3127 3162
f 1551 1550 1546
f 1654 1575 1552
f 1514 1510 2584
f 2571 1510 2586
f 2571 2586 2577
f 2578 2588 2585
f 2585 2589 3484
f 2585 3484 3478
f 3457 3447 3445
f 3445 3435 3436
f 3436 3435 3428
f 3435 3430 3428
f 3431 3428 3427
f 3427 3424 3426
f 3426 3416 3417
f 3399 3417 3412
f 3399 3408 3396
f 3394 3396 3392
f 3394 3392 3064
f 3392 3393 3064
f 3064 3393 3063
f 3062 3063 3061
f 3062 3061 3060
f 3074 3062 3066
f 3066 3062 3060
f 3092 3074 3076
f 3074 3066 3076
f 3082 3092 3077
f 3092 3076 3077
f 3079 3082 3077
f 3078 3079 3077
f 3080 3079 3078
f 3107 3080 3151
f 3080 3078 3151
f 1050 1695 1049
f 1697 1696 1732
f 1708 1697 1732
f 1663 1625 1626
f 2584 1510 2571
f 2577 2586 1739
f 2577 1739 2576
f 1739 2587 2576
f 2576 2587 2578
f 2578 2587 2588
f 3472 3478 3457
f 3426 3417 3420
f 3417 3399 3420
f 3397 3399 3396
f 3397 3396 3394
f 3039 3394 3064
f 3094 3064 3062
f 3062 3064 3063
f 3093 3094 3062
f 3093 3062 3074
f 3116 3092 3103
f 3116 3093 3092
f 3092 3093 3074
f 3091 3103 3082
f 3103 3092 3082
f 3081 3091 3082
f 3081 3082 3079
f 3085 3081 3080
f 3080 3081 3079
f 3144 3085 3107
f 3085 3080 3107
f 3287 3137 3170
f 1049 1708 1282
f 1050 1049 1047
f 1051 1692 1050
f 1686 1689 1688
f 4272 4271 4273
f 4274 4273 4275
f 4274 4275 4276
f 1731 4284 4303
f 2582 1733 1531
f 3670 3678 3677
f 1531 1516 2579
f 2579 1516 2568
f 1516 1514 2568
f 2568 1514 2584
f 2578 2585 2575
f 2575 2585 3472
f 2585 3478 3472
f 3446 3445 3436
f 3436 3428 3433
f 3432 3428 3431
f 3431 3427 3434
f 3434 3427 3441
f 3441 3427 3426
f 3441 3426 3422
f 3422 3426 3420
f 3407 3420 3399
f 3407 3399 3029
f 3029 3399 3397
f 3029 3397 3031
f 3397 3394 3031
f 3031 3394 3039
f 3039 3064 3094
f 3095 3039 3094
f 3095 3094 3093
f 3116 3095 3093
f 3120 3116 3103
f 3089 3103 3091
f 3084 3089 3081
f 3089 3091 3081
f 3083 3084 3081
f 3083 3081 3085
f 3118 3083 3137
f 3083 3085 3144
f 3137 3083 3144
f 1047 1049 1029
f 1051 1050 1047
f 1708 1732 2170
f 2170 1732 2160
f 990 1608 979
f 4266 4257 4267
f 1662 1626 1661
f 4269 4267 4270
f 1648 1623 1588
f 4276 4293 4277
f 4284 4329 4303
f 4303 4329 4330
f 4303 4330 4304
f 4304 4330 4317
f 4305 4304 4317
f 4305 4317 4306
f 4306 4317 4307
f 4307 4317 3207
f 4307 3207 3206
f 3201 3206 3205
f 1535 1533 1733
f 2558 2576 2530
f 2576 2578 2530
f 2530 2578 2575
f 3458 3472 3457
f 3452 3445 3446
f 3437 3436 3433
f 3432 3431 3434
f 3422 3420 3421
f 3421 3420 3407
f 3421 3407 3027
f 3027 3407 3029
f 3028 3029 3030
f 3029 3031 3030
f 3037 3030 3031
f 3037 3031 3039
f 3037 3039 3095
f 3120 3037 3116
f 3123 3120 3103
f 3115 3123 3089
f 3089 3123 3103
f 3088 3115 3089
f 3086 3088 3084
f 3088 3089 3084
f 3083 3086 3084
f 3247 3327 3251
f 3121 3086 3118
f 3086 3083 3118
f 3177 3121 3118
f 1025 1029 1282
f 1054 1055 1053
f 1054 1053 1052
f 1282 1708 2170
f 1681 1683 1682
f 1676 1701 1679
f 4275 4289 4331
f 4275 4331 4328
f 4275 4328 4293
f 4293 4315 4329
f 4329 4313 4330
f 4330 4313 4317
f 1738 1539 1535
f 4317 4313 4316
f 4317 4316 3207
f 2582 1531 2580
f 2580 1531 2579
f 2584 2571 2570
f 2571 2577 2573
f 2573 2577 2539
f 2577 2576 2539
f 2539 2576 2558
f 2557 2558 2530
f 2525 2530 2535
f 2530 2575 2536
f 2535 2530 2536
f 2575 3472 3477
f 2536 2575 3477
f 3477 3472 3464
f 3464 3472 3458
f 3455 3457 3445
f 3455 3445 3452
f 3446 3436 3437
f 3433 3428 3432
f 3442 3434 3441
f 3442 3441 3422
f 3442 3422 3025
f 3422 3421 3025
f 3025 3421 3027
f 3028 3027 3029
f 3044 3028 3037
f 3037 3028 3030
f 3123 3044 3120
f 3044 3037 3120
f 3135 3123 3115
f 3088 3135 3115
f 3090 3096 3088
f 3090 3099 3096
f 3090 3088 3086
f 3251 3119 3146
f 3119 3090 3146
f 3146 3090 3121
f 3121 3090 3086
f 1017 1025 1018
f 974 1637 1636
f 974 1636 973
f 1024 1025 1019
f 1025 1282 1018
f 1068 1056 1054
f 1063 1052 1048
f 1063 1048 1013
f 973 991 971
f 1075 1056 1069
f 1027 1054 1052
f 1027 1052 1021
f 1021 1052 1063
f 1018 1282 2170
f 977 971 991
f 1678 1679 1680
f 972 993 990
f 1674 1676 1677
f 2170 2160 2161
f 2146 1694 1702
f 4315 4311 4313
f 1738 1542 1539
f 4313 4312 4314
f 2572 1535 1733
f 2570 2568 2584
f 2571 2573 2566
f 2566 2573 2539
f 2539 2557 2527
f 2557 2539 2558
f 2519 2520 2521
f 2522 2520 2527
f 2521 2520 2522
f 625 2519 2521
f 608 625 2521
f 486 625 608
f 2527 2557 2530
f 486 608 450
f 2524 2521 2522
f 2524 2522 2525
f 2525 2522 2527
f 2525 2527 2530
f 608 2521 2524
f 450 608 451
f 2524 2525 2534
f 2533 608 2524
f 608 2533 451
f 2533 2524 2534
f 2534 2525 2535
f 2533 2534 2556
f 2556 2534 2535
f 2556 2535 3559
f 2535 2536 3559
f 3559 2536 3477
f 3458 3457 3455
f 3433 3432 3434
f 3433 3434 3440
f 3440 3434 3442
f 3440 3442 3036
f 3036 3442 3023
f 3023 3442 3025
f 3025 3027 3026
f 3026 3027 3028
f 3042 3026 3028
f 3042 3028 3044
f 3148 3135 3117
f 3133 3042 3123
f 3042 3044 3123
f 3133 3123 3135
f 3096 3117 3088
f 3098 3110 3096
f 3099 3098 3096
f 3111 3099 3119
f 3119 3099 3090
f 3252 3150 3159
f 3150 3111 3159
f 3111 3119 3159
f 1639 974 967
f 1013 1048 1024
f 959 973 971
f 1069 1056 1068
f 1015 1063 1013
f 1071 1075 1069
f 1068 1054 1027
f 1018 2170 2914
f 958 977 972
f 1671 1707 1672
f 1719 1706 1703
f 1710 1648 998
f 4335 4334 4331
f 4328 4326 4319
f 4319 4322 4318
f 4315 4318 4309
f 4311 4315 4309
f 4312 4311 4310
f 1733 2582 2569
f 2582 2580 2569
f 2570 2571 2541
f 2541 2571 2566
f 2538 2566 2539
f 2515 2523 2520
f 2523 2538 2539
f 2532 2518 2519
f 2519 2518 2515
f 2519 2515 2520
f 2520 2523 2527
f 2527 2523 2539
f 126 2532 560
f 560 2532 2519
f 560 2519 625
f 486 560 625
f 447 486 448
f 486 450 448
f 454 451 2533
f 454 2533 2556
f 454 2556 3557
f 3557 2556 3559
f 3557 3559 3558
f 3558 3559 3474
f 3559 3477 3474
f 3474 3477 3464
f 582 454 3557
f 582 3557 3556
f 3455 3452 3456
f 3437 3433 3444
f 3444 3433 3032
f 3433 3440 3032
f 3032 3440 3021
f 3440 3036 3021
f 3021 3036 3023
f 3023 3025 3024
f 3024 3025 3026
f 3134 3024 3042
f 3024 3026 3042
f 3148 3134 3133
f 3134 3042 3133
f 3110 3148 3117
f 3105 3110 3098
f 3368 3370 3266
f 3097 3100 3098
f 3097 3098 3099
f 3136 3097 3111
f 3111 3097 3099
f 3122 3136 3317
f 3136 3111 3150
f 951 984 967
f 1020 1011 1018
f 967 974 948
f 948 974 973
f 948 973 959
f 1013 1024 1009
f 959 971 939
f 1072 1070 1074
f 1069 1068 1067
f 1067 1068 1064
f 1064 1068 1027
f 1015 1021 1063
f 939 971 958
f 958 972 957
f 2239 2914 2170
f 2239 2170 2237
f 957 972 969
f 969 979 970
f 4250 4261 4254
f 970 979 985
f 998 1622 996
f 4318 4320 4309
f 1572 1542 2180
f 4311 4309 4310
f 1542 1738 2583
f 4710 4312 3610
f 1738 1535 2572
f 2572 1733 2569
f 2565 2569 2580
f 2580 2579 2565
f 2579 2568 2565
f 2540 2568 2567
f 2568 2570 2564
f 2567 2568 2564
f 2541 2564 2570
f 2529 2541 2566
f 2517 2529 2523
f 2523 2529 2538
f 2529 2566 2538
f 2518 123 2516
f 125 123 2518
f 122 123 125
f 2518 2516 2515
f 2515 2517 2523
f 125 2518 2532
f 126 125 2532
f 559 486 447
f 449 450 451
f 449 451 452
f 452 451 454
f 3558 3474 3463
f 3461 3474 3464
f 3556 3557 3558
f 3466 3556 3558
f 3555 582 3556
f 3555 3556 3466
f 582 592 456
f 454 582 456
f 3456 3452 3052
f 3052 3452 3446
f 3052 3446 3049
f 3446 3437 3049
f 3049 3437 3444
f 3034 3444 3032
f 3033 3032 3020
f 3032 3021 3020
f 3020 3021 3022
f 3022 3021 3023
f 3022 3023 3024
f 3143 3022 3149
f 3022 3024 3149
f 3143 3149 3148
f 3148 3149 3134
f 3134 3149 3024
f 3143 3148 3110
f 3105 3143 3110
f 3104 3105 3098
f 3100 3104 3098
f 3108 3101 3102
f 3101 3100 3097
f 3109 3108 3102
f 3101 3097 3102
f 3109 3102 3122
f 3122 3102 3097
f 3109 3122 3154
f 983 984 951
f 1008 1010 1125
f 1125 1010 1031
f 951 967 948
f 1026 1014 1012
f 1074 1070 1073
f 1073 1070 1067
f 1067 1064 1028
f 1081 1077 1078
f 1028 1064 1027
f 1028 1027 1022
f 2236 2238 2239
f 957 969 933
f 2236 2239 2237
f 2165 2236 2237
f 2165 2237 2170
f 2143 2146 2147
f 1670 1703 1671
f 970 985 986
f 982 995 978
f 1715 1714 1668
f 995 998 989
f 981 995 989
f 987 989 996
f 4322 4326 4325
f 4322 4321 4318
f 4309 4308 4310
f 2583 1738 2581
f 2581 1738 2572
f 2569 2565 2561
f 2540 2565 2568
f 2540 2567 2564
f 2531 2540 2541
f 2540 2564 2541
f 2529 2531 2541
f 2528 2531 2529
f 112 111 2516
f 2516 111 2526
f 2517 2528 2529
f 2516 2526 2517
f 123 112 2516
f 2515 2516 2517
f 122 125 124
f 124 125 126
f 124 126 127
f 127 126 110
f 126 560 109
f 110 126 109
f 109 560 559
f 448 450 449
f 452 454 455
f 3466 3558 3463
f 3463 3474 3461
f 3461 3464 3459
f 3459 3464 3458
f 3459 3458 3455
f 3480 3555 3466
f 456 592 613
f 3051 3052 3050
f 3052 3049 3050
f 3038 3049 3034
f 3049 3444 3034
f 3034 3033 3035
f 3033 3034 3032
f 3040 3033 3020
f 3124 3040 3143
f 3143 3040 3020
f 3143 3020 3022
f 3105 3124 3143
f 3104 3124 3105
f 3106 3104 3100
f 3108 3106 3101
f 3138 3128 3109
f 3128 3108 3109
f 952 1000 994
f 964 1643 943
f 943 983 951
f 1161 1031 1020
f 1026 1012 1008
f 1020 1018 2222
f 1161 1020 2222
f 1030 1022 1023
f 1018 2914 2222
f 1078 1076 1079
f 1079 1076 1080
f 1076 1074 1080
f 1080 1074 1133
f 1074 1073 1133
f 1073 1067 1119
f 1119 1067 1044
f 1067 1028 1044
f 2222 2914 2228
f 2228 2914 2239
f 4234 4232 4246
f 932 958 957
f 2232 2234 2233
f 2234 2238 2236
f 2235 2233 2234
f 2235 2234 2236
f 933 969 922
f 2235 2236 2165
f 2172 2235 2165
f 970 986 968
f 968 986 982
f 981 978 995
f 1605 1624 1657
f 4334 4333 4326
f 976 989 987
f 987 996 1713
f 2175 1617 1581
f 4325 4324 4322
f 4322 4324 4321
f 4320 3608 4309
f 4309 3608 4308
f 2581 2572 2574
f 2560 2572 2569
f 2560 2569 2561
f 2543 2561 2565
f 2540 2543 2565
f 2537 2543 2540
f 108 2537 2531
f 2528 108 2531
f 105 129 2526
f 2517 129 2528
f 105 111 104
f 111 105 2526
f 2526 129 2517
f 111 112 104
f 104 112 113
f 113 112 123
f 453 449 452
f 3466 3463 3462
f 3462 3463 3460
f 3460 3463 3461
f 3460 3461 3459
f 3459 3455 1867
f 1867 3455 3456
f 455 454 456
f 3480 3466 3462
f 3473 3456 3052
f 3473 3052 3051
f 456 613 457
f 457 613 629
f 629 613 3561
f 3051 3050 3046
f 3046 3050 3038
f 3038 3050 3049
f 3035 3038 3034
f 3041 3035 3033
f 3041 3033 3040
f 3043 3041 3124
f 3124 3041 3040
f 3106 3114 3043
f 3043 3124 3104
f 3108 3114 3106
f 3138 3145 3128
f 1789 3145 3138
f 1784 1789 3138
f 946 1000 952
f 934 952 964
f 942 943 951
f 942 951 938
f 1160 1031 1161
f 1008 1125 1148
f 1125 1031 1160
f 4223 4216 4222
f 1127 1026 1140
f 1026 1008 1140
f 948 959 928
f 1060 1034 1023
f 1060 1023 1127
f 1023 1026 1127
f 1030 1023 1034
f 1032 1044 1028
f 1032 1028 1030
f 1028 1022 1030
f 1078 1079 1058
f 1042 1080 1133
f 1043 1133 1073
f 1073 1119 1043
f 1043 1119 1044
f 939 958 932
f 2234 2227 2228
f 1090 1089 1088
f 2233 2231 2232
f 932 957 933
f 2173 2231 2233
f 2173 2233 2235
f 2173 2235 2172
f 2148 2173 2156
f 922 970 968
f 968 982 950
f 2175 1581 2178
f 4320 4323 3660
f 3608 4320 3660
f 2574 2572 2554
f 2554 2572 2560
f 2545 2561 2543
f 2544 2545 2543
f 2542 2544 2543
f 2537 2542 2543
f 295 591 299
f 299 591 2537
f 299 2537 108
f 299 108 107
f 108 2528 129
f 108 129 106
f 105 106 129
f 106 105 103
f 113 123 116
f 123 122 116
f 122 124 119
f 119 124 127
f 109 559 411
f 411 559 447
f 447 448 410
f 3460 3459 1867
f 1859 3475 3462
f 1859 3462 3460
f 1867 3456 1858
f 1858 3456 3473
f 455 456 457
f 3473 3051 3048
f 3048 3051 3046
f 3045 3046 3038
f 3114 3045 3043
f 3045 3038 3043
f 3043 3038 3035
f 629 3561 1407
f 457 629 465
f 3043 3035 3041
f 465 629 1407
f 3125 3114 3108
f 465 1407 1406
f 1406 1407 1403
f 3128 3125 3108
f 3145 3129 3125
f 1789 3158 3145
f 1786 1789 1768
f 1789 1784 1768
f 1001 1000 946
f 934 964 943
f 938 951 948
f 938 948 937
f 1008 1148 1140
f 1148 1125 1160
f 937 948 928
f 1256 1161 2222
f 1032 1030 1033
f 1033 1030 1034
f 1045 1079 1080
f 1080 1042 1045
f 1036 1043 1044
f 1036 1044 1032
f 2221 2220 2227
f 2227 2220 2222
f 2227 2222 2228
f 1081 1078 1066
f 1042 1133 1043
f 2232 2218 2221
f 1088 1081 1084
f 1091 1090 1088
f 2230 2223 2231
f 933 922 916
f 2230 2231 2173
f 2230 2173 2148
f 924 968 950
f 950 982 978
f 950 978 954
f 978 981 954
f 1112 1621 1657
f 1111 1121 1112
f 4333 4332 4325
f 987 1713 1277
f 4321 4323 4320
f 2179 1572 2180
f 2574 2554 2559
f 2547 2554 2560
f 2545 2547 2560
f 2542 2545 2544
f 591 2542 2537
f 296 591 295
f 346 299 107
f 107 106 103
f 102 103 104
f 102 104 114
f 114 104 113
f 116 122 119
f 119 127 128
f 127 110 130
f 128 127 130
f 110 109 98
f 410 448 429
f 429 448 449
f 453 452 478
f 478 452 455
f 1844 3460 1867
f 3476 3475 1859
f 1859 3460 1844
f 458 455 457
f 3179 3176 3166
f 3047 3048 3046
f 3155 3048 3047
f 3179 3166 3167
f 3179 3167 3180
f 3047 3046 3045
f 3047 3045 3114
f 457 465 463
f 3126 3047 3125
f 3125 3047 3114
f 3129 3126 3125
f 463 465 1406
f 1787 3129 3145
f 3158 1787 3145
f 1787 3158 1786
f 1768 1784 1779
f 956 1001 946
f 935 952 934
f 1255 1160 1161
f 1255 1161 1256
f 1148 1160 1255
f 1033 1034 1060
f 2219 1255 2220
f 2220 1255 2222
f 1255 1256 2222
f 928 939 879
f 2221 2219 2220
f 879 939 932
f 1066 1078 1058
f 1045 1042 1039
f 1042 1043 1036
f 1039 1042 1036
f 1084 1081 1066
f 2224 2217 2223
f 2217 2218 2223
f 2223 2218 2231
f 915 932 933
f 1092 1091 1088
f 2203 2224 2223
f 915 933 916
f 2145 2203 2223
f 2145 2223 2230
f 954 981 980
f 1112 1657 1107
f 2133 1711 2136
f 1110 1111 1112
f 4333 4337 4336
f 975 976 987
f 975 987 1277
f 4324 4332 4327
f 4324 4327 4321
f 2179 2178 1572
f 3623 3618 3612
f 3624 3618 3623
f 2563 2583 2581
f 2548 2559 2554
f 2548 2554 2547
f 566 2548 2546
f 2546 2548 2547
f 245 2546 2545
f 2546 2547 2545
f 2542 245 2545
f 573 245 2542
f 245 573 274
f 601 573 296
f 296 573 2542
f 346 107 101
f 107 103 101
f 101 103 102
f 99 102 114
f 130 110 98
f 98 109 100
f 100 109 411
f 429 449 453
f 1882 3476 1859
f 1882 1859 1826
f 1859 1844 1826
f 1845 1844 1867
f 1845 1867 1858
f 4616 1858 3473
f 4616 3473 3048
f 4616 3048 3155
f 3166 3176 3165
f 3166 3165 3141
f 3141 3140 3131
f 3140 3139 3131
f 3132 3155 3047
f 3166 3141 3147
f 3167 3166 3147
f 3147 3141 3142
f 3142 3141 3131
f 3131 3139 3132
f 3142 3131 3130
f 3131 3132 3126
f 3126 3132 3047
f 3172 3167 3171
f 3180 3167 3178
f 3178 3167 3172
f 3130 3131 3126
f 1412 3180 1399
f 3180 3178 3181
f 1399 3180 3181
f 3130 3126 3129
f 1406 1403 1388
f 1787 3130 3129
f 1787 1786 1769
f 1786 1768 1769
f 925 946 935
f 934 943 898
f 920 938 937
f 1061 1038 1059
f 1059 1038 1033
f 1140 1148 1255
f 1140 1255 2219
f 1141 1140 2219
f 4225 4219 4220
f 1058 1045 1057
f 1057 1045 1040
f 897 879 932
f 2217 1141 2218
f 1141 2219 2218
f 897 932 915
f 2216 2217 2224
f 2203 2216 2224
f 2188 2197 2203
f 1092 1093 1091
f 2225 2188 2203
f 1096 1093 1095
f 917 916 922
f 2142 2188 2225
f 2225 2203 2145
f 922 924 919
f 2142 2225 2144
f 2225 2145 2144
f 923 924 950
f 960 980 976
f 1122 1277 1111
f 2168 2175 2174
f 4323 3662 3660
f 2563 2581 2549
f 2581 2574 2549
f 2549 2574 2559
f 566 2546 243
f 243 2546 245
f 243 245 221
f 245 274 221
f 221 274 276
f 276 274 296
f 220 296 295
f 294 295 299
f 294 299 346
f 347 346 101
f 101 102 99
f 99 114 115
f 114 113 115
f 115 113 116
f 115 116 117
f 117 116 118
f 118 116 119
f 118 119 121
f 121 119 128
f 121 128 130
f 121 130 94
f 94 130 98
f 411 447 410
f 429 453 443
f 453 478 558
f 443 453 558
f 558 478 490
f 650 1826 1824
f 1826 1844 1824
f 1844 1845 1824
f 490 478 455
f 490 455 458
f 4708 1858 4616
f 458 457 459
f 3176 4681 3165
f 4617 4616 3155
f 3165 3153 3141
f 3153 3152 3141
f 3141 3152 3140
f 3152 3161 3140
f 3140 3161 3139
f 4617 3155 4623
f 3139 4623 3132
f 4623 3155 3132
f 3171 3147 3169
f 3147 3142 3163
f 3169 3147 3163
f 3163 3142 3130
f 3173 3171 3169
f 3173 3169 3168
f 3168 3169 3163
f 3168 3163 1400
f 1400 3163 3130
f 1399 3181 1398
f 1399 1398 1394
f 1381 1399 1394
f 1394 1398 1390
f 463 1406 1388
f 1400 3130 1787
f 1400 1787 1766
f 1766 1787 1769
f 953 1006 956
f 935 934 834
f 898 943 942
f 890 920 937
f 890 937 928
f 890 928 906
f 906 928 879
f 1041 1038 1061
f 1061 1059 1143
f 1057 1040 1046
f 1040 1041 1046
f 1143 1059 1269
f 1269 1059 1127
f 1269 1127 2217
f 2217 1127 1141
f 2215 1269 2216
f 1092 1088 1087
f 1087 1088 1084
f 2197 2215 2216
f 2187 2197 2188
f 915 916 869
f 1095 1093 1094
f 1094 1093 1092
f 2183 2187 2188
f 869 916 917
f 2195 2183 2188
f 917 922 870
f 870 922 919
f 1095 1097 1096
f 2195 2188 2142
f 1099 1097 1098
f 2120 2183 2195
f 919 924 923
f 2120 2195 2142
f 2123 2183 2120
f 950 954 923
f 2123 2120 2122
f 1110 1107 1108
f 960 976 944
f 944 976 975
f 4332 4340 4342
f 3614 3611 3613
f 2177 2178 2179
f 2179 2180 2555
f 2180 2583 2563
f 2548 2549 2559
f 567 2549 2548
f 242 567 566
f 566 567 2548
f 242 566 243
f 296 220 276
f 220 295 294
f 101 99 96
f 96 99 92
f 115 117 120
f 120 117 118
f 120 118 121
f 94 98 91
f 91 98 97
f 97 98 100
f 97 100 411
f 410 429 342
f 1878 1826 650
f 1824 1845 1857
f 1857 1845 1858
f 1857 1858 4708
f 457 463 462
f 1389 1392 1391
f 1392 3168 1400
f 1392 1400 1391
f 462 463 1388
f 1391 1400 1766
f 1766 1769 1756
f 1756 1769 1768
f 1756 1768 1757
f 1757 1768 1779
f 953 956 836
f 836 956 925
f 925 935 834
f 1046 1041 1062
f 1062 1041 1061
f 1065 1057 1046
f 1066 1058 1065
f 1058 1057 1065
f 2215 1143 1269
f 1061 1143 2204
f 2204 1143 2215
f 1087 1084 1086
f 2186 2204 2187
f 2187 2204 2215
f 2182 2186 2183
f 2183 2186 2187
f 1098 1097 1095
f 2181 2182 2183
f 1105 1099 1098
f 1105 1106 1099
f 2181 2183 2123
f 923 954 907
f 1108 1107 1105
f 1107 1106 1105
f 907 954 940
f 954 960 940
f 940 960 944
f 1109 1110 1108
f 944 975 963
f 2175 2178 2177
f 2177 2179 2562
f 2555 2180 2551
f 2551 2180 2563
f 2550 2563 2549
f 353 2550 2549
f 354 353 2549
f 354 2549 567
f 354 567 242
f 208 243 221
f 347 101 96
f 96 92 95
f 92 91 95
f 95 91 97
f 97 411 302
f 411 410 302
f 639 443 650
f 650 1824 1825
f 1823 1824 1857
f 4602 1857 4708
f 4619 4708 4616
f 4619 4616 4618
f 4616 4617 4618
f 4688 4617 4623
f 1372 1394 1390
f 1372 1390 1389
f 1389 1391 1373
f 462 1388 1381
f 1381 1394 1372
f 1391 1766 1405
f 836 925 834
f 834 934 853
f 853 934 898
f 898 938 920
f 906 879 854
f 1278 1065 1046
f 1278 1046 2196
f 1046 1062 2196
f 1085 1084 1083
f 1084 1066 1083
f 1083 1066 1065
f 2204 1062 1061
f 2196 1062 2186
f 2186 1062 2204
f 857 897 915
f 1278 2196 2186
f 857 915 869
f 1101 1092 1087
f 1278 2186 2182
f 1094 1092 1101
f 2184 1278 2182
f 869 917 870
f 870 919 881
f 2190 2184 2181
f 2184 2182 2181
f 2191 2190 2181
f 2191 2181 2124
f 4340 4290 4342
f 318 2551 2550
f 2550 2551 2563
f 353 318 2550
f 353 354 244
f 244 354 242
f 208 242 243
f 218 221 276
f 294 346 347
f 302 410 342
f 342 429 443
f 342 443 639
f 1825 1824 1798
f 1798 1824 1823
f 1822 1823 1857
f 489 490 458
f 4602 4708 4619
f 4620 4619 4618
f 1372 1389 1373
f 1381 1372 1370
f 1373 1391 1405
f 1405 1766 1760
f 1760 1766 1756
f 2295 2297 2296
f 961 953 833
f 833 953 836
f 898 920 837
f 856 879 897
f 856 897 857
f 2185 1278 2184
f 2189 2185 2184
f 1095 1094 1100
f 2189 2184 2190
f 919 923 905
f 2192 2190 2191
f 4282 4243 4264
f 1109 1108 1105
f 2126 2192 2191
f 2154 2192 2126
f 2154 2132 2134
f 944 963 945
f 3614 3615 3616
f 2555 2562 2179
f 2552 2553 2551
f 2553 2555 2551
f 318 2552 2551
f 318 353 244
f 244 242 240
f 218 276 220
f 300 95 97
f 300 97 302
f 639 1825 638
f 638 1825 1798
f 1868 1857 4602
f 4612 4615 4684
f 4612 4684 4666
f 4602 4619 4603
f 4621 4619 4620
f 4603 4619 4621
f 4630 4621 4620
f 461 457 462
f 833 836 783
f 836 834 783
f 837 920 890
f 890 906 854
f 854 879 845
f 845 879 856
f 1083 1065 2185
f 2185 1065 1278
f 840 856 857
f 1087 1086 1102
f 1100 1094 1101
f 1104 1095 1100
f 1098 1095 1104
f 2193 2189 2190
f 881 919 880
f 1115 1105 1098
f 4259 4241 4243
f 2194 2193 2192
f 904 940 944
f 2154 2194 2192
f 3621 3614 3616
f 2553 2562 2555
f 416 2552 311
f 311 2552 318
f 311 318 244
f 242 208 240
f 221 218 208
f 218 220 207
f 219 294 230
f 230 294 347
f 347 96 230
f 301 96 95
f 301 95 300
f 4601 4602 4603
f 4601 4603 4621
f 4633 4629 4625
f 460 457 461
f 1372 1373 1371
f 462 1381 1370
f 1371 1373 1405
f 1757 1779 1778
f 1778 1779 1788
f 3987 961 962
f 853 898 837
f 855 890 854
f 2189 1083 2185
f 1103 1101 1087
f 1085 1083 2189
f 869 870 858
f 859 870 881
f 1118 1098 1104
f 880 919 905
f 905 923 907
f 907 940 904
f 2200 2194 2154
f 2134 2200 2154
f 1120 1109 1113
f 930 944 945
f 2151 2171 2135
f 2553 2248 2562
f 416 2248 2553
f 2552 416 2553
f 284 416 311
f 230 96 301
f 302 342 194
f 194 342 638
f 1868 4602 4601
f 622 646 489
f 4684 4652 4666
f 4622 4601 4621
f 488 489 458
f 4666 4652 4633
f 466 458 459
f 459 457 460
f 1370 1372 1371
f 962 961 818
f 818 961 833
f 818 833 783
f 783 834 746
f 835 834 853
f 838 853 837
f 837 890 855
f 1103 1087 1102
f 1132 1101 1131
f 1131 1101 1103
f 2193 1086 2189
f 1086 1085 2189
f 1104 1100 1126
f 2198 1086 2193
f 858 870 859
f 2194 2198 2193
f 1116 1105 1115
f 2200 2199 2194
f 2199 2198 2194
f 904 944 930
f 1109 1105 1113
f 2202 2200 2171
f 2202 2171 2151
f 416 2247 2248
f 234 240 208
f 220 294 219
f 638 1798 1795
f 1795 1798 1796
f 1853 1868 2940
f 1868 4601 2940
f 604 646 622
f 622 489 488
f 4652 4631 4633
f 4633 4631 4629
f 4625 4622 4621
f 488 458 466
f 461 462 1386
f 1386 462 1370
f 746 834 835
f 835 853 838
f 824 854 845
f 842 840 857
f 858 857 869
f 1126 1101 1132
f 2198 1102 1086
f 4239 4195 4218
f 844 905 907
f 2201 2199 2200
f 2202 2201 2200
f 914 904 930
f 2138 2202 2151
f 2153 2166 2138
f 2243 2242 2169
f 2247 2243 2248
f 2246 2243 2247
f 394 416 298
f 298 416 284
f 284 311 244
f 244 240 275
f 207 220 219
f 300 302 195
f 195 302 194
f 1843 1796 1853
f 652 194 1795
f 4624 2940 4601
f 4624 4601 4622
f 966 962 913
f 913 962 818
f 818 783 750
f 825 837 855
f 825 855 824
f 824 855 854
f 822 824 845
f 845 856 840
f 842 857 858
f 1103 1102 2198
f 1118 1104 1134
f 1124 1115 1118
f 844 907 904
f 2205 2201 2202
f 4263 4245 4262
f 2207 2138 2166
f 2242 2226 2166
f 2245 2243 2246
f 2246 2247 394
f 284 244 275
f 1797 1796 1843
f 652 1795 651
f 1843 1853 2940
f 4627 4624 4622
f 316 604 603
f 603 604 622
f 460 461 467
f 913 818 750
f 747 835 838
f 838 837 760
f 760 837 825
f 822 845 840
f 1132 1131 2214
f 1134 1104 1126
f 2199 1131 1103
f 880 905 844
f 2206 2199 2201
f 851 844 904
f 2205 2206 2201
f 1117 1113 1116
f 2207 2202 2138
f 2166 2213 2207
f 2226 2213 2166
f 547 2246 394
f 287 284 275
f 275 240 234
f 202 207 219
f 230 301 196
f 196 301 300
f 196 300 195
f 174 194 651
f 651 1795 1797
f 651 194 652
f 2939 2940 4624
f 4652 627 4631
f 4629 4631 4626
f 4626 4627 4622
f 466 459 464
f 459 460 464
f 464 460 467
f 467 461 468
f 1369 1370 1363
f 1370 1371 1363
f 1371 1405 1402
f 1386 1370 1387
f 1402 1405 1760
f 750 783 745
f 745 783 746
f 746 835 747
f 843 858 859
f 2214 1131 2199
f 1126 2214 2206
f 2206 2214 2199
f 2205 2211 2206
f 1123 1113 1117
f 2208 2205 2207
f 2205 2202 2207
f 2212 2208 2207
f 2213 2212 2207
f 2241 2213 2226
f 2241 2243 62
f 2243 2241 2226
f 2245 62 2243
f 298 284 287
f 208 218 207
f 219 230 202
f 195 194 172
f 172 194 174
f 651 1797 1799
f 1799 1797 1800
f 1847 1843 2936
f 174 651 1866
f 1866 651 1799
f 2936 1843 2940
f 2936 2940 2939
f 2939 4624 4627
f 232 627 316
f 627 4668 4631
f 647 622 488
f 647 488 472
f 488 466 472
f 472 466 464
f 1364 1370 1369
f 1363 1371 1382
f 1382 1371 1402
f 468 461 1386
f 2302 2289 2288
f 747 838 760
f 821 822 840
f 841 840 842
f 858 843 842
f 1134 1126 1135
f 1126 1132 2214
f 1135 1126 2206
f 847 880 844
f 1129 1118 1130
f 2211 1135 2206
f 4227 4215 4213
f 1124 1118 1129
f 851 904 914
f 1116 1124 1129
f 2209 2211 2205
f 4228 4229 4213
f 2208 2209 2205
f 55 2241 62
f 3621 3590 3586
f 3633 3621 3586
f 547 394 241
f 80 547 241
f 241 394 298
f 287 275 288
f 202 230 196
f 173 4680 232
f 4628 2939 4627
f 4626 4628 4627
f 232 316 231
f 231 316 339
f 859 881 847
f 1118 1134 1137
f 1134 1135 2211
f 1137 1134 2211
f 2209 1137 2211
f 1128 1116 1129
f 2210 2209 2208
f 851 914 892
f 1117 1116 1128
f 2210 2208 2212
f 892 914 930
f 1123 1117 1136
f 2240 2212 2213
f 2241 2240 2213
f 55 2240 2241
f 57 55 62
f 55 57 27
f 241 298 287
f 288 275 234
f 196 195 172
f 1801 1799 1800
f 1847 2936 1879
f 1864 1799 1801
f 174 1866 4690
f 173 174 4690
f 173 4690 4680
f 4680 4690 4679
f 173 232 231
f 603 647 422
f 647 472 477
f 472 464 470
f 477 472 470
f 464 467 470
f 1364 1369 1363
f 1760 1756 1758
f 1756 1757 1755
f 1757 1778 1777
f 1755 1757 1777
f 750 745 749
f 760 825 774
f 774 825 824
f 824 822 823
f 1130 1118 1138
f 1118 1137 1138
f 846 847 844
f 1136 1117 1128
f 2229 2210 2212
f 2240 2229 2212
f 288 234 233
f 208 207 206
f 1865 1864 1801
f 2938 2939 4653
f 4653 2939 4628
f 339 603 422
f 647 477 569
f 477 470 484
f 1758 1756 1754
f 966 913 751
f 751 913 750
f 774 824 823
f 859 847 779
f 839 844 851
f 1144 1129 1149
f 1128 1129 1142
f 53 54 2229
f 53 2229 2240
f 892 930 921
f 892 921 895
f 34 53 2240
f 34 27 25
f 241 287 235
f 233 234 208
f 1864 1865 4691
f 2936 2939 2938
f 172 174 173
f 4690 4691 4687
f 4690 4687 4679
f 339 422 291
f 422 647 569
f 569 477 484
f 569 484 578
f 484 470 485
f 469 467 468
f 468 1386 475
f 1402 1760 1758
f 1754 1756 1755
f 740 746 747
f 747 760 741
f 823 822 771
f 771 822 821
f 843 859 848
f 848 859 779
f 1180 1129 1130
f 1149 1129 51
f 2249 1130 1138
f 850 851 892
f 1142 1129 1144
f 54 52 2244
f 54 53 37
f 37 53 26
f 53 34 26
f 26 34 25
f 235 287 288
f 203 207 202
f 1802 1800 1846
f 1802 1846 1879
f 1865 1801 1851
f 1851 1801 1803
f 4679 4687 4638
f 231 339 291
f 578 484 485
f 470 467 469
f 471 468 475
f 965 966 751
f 751 750 749
f 740 745 746
f 774 823 756
f 767 842 843
f 839 851 850
f 1180 1130 2249
f 52 54 37
f 27 40 39
f 289 288 233
f 4637 2938 4653
f 485 470 469
f 469 468 471
f 1357 1364 1363
f 1387 1364 1368
f 2318 2288 2301
f 741 740 747
f 754 774 756
f 821 841 770
f 779 847 846
f 1147 1144 1149
f 24 52 37
f 1139 1136 1128
f 24 37 26
f 26 25 24
f 3586 3587 3588
f 25 27 21
f 21 27 39
f 198 202 196
f 1804 1802 1856
f 1871 1851 1805
f 1856 1802 1880
f 4734 1851 1871
f 1880 2936 2930
f 2930 2936 2935
f 2935 2936 2938
f 4687 4673 4638
f 175 173 231
f 422 569 401
f 175 422 401
f 741 760 742
f 760 774 754
f 756 823 771
f 770 841 842
f 770 842 767
f 779 846 759
f 850 892 891
f 51 52 24
f 1139 1128 1142
f 891 892 895
f 4210 4189 4214
f 24 25 21
f 3591 3586 3588
f 81 80 238
f 83 81 238
f 238 80 241
f 196 172 197
f 171 172 157
f 4639 2935 2938
f 157 172 173
f 231 291 175
f 569 578 401
f 941 965 751
f 3989 965 1002
f 743 749 745
f 743 745 740
f 742 760 754
f 771 821 769
f 769 821 770
f 773 767 843
f 843 848 773
f 780 839 850
f 1208 1136 1205
f 1806 1804 1856
f 1806 1856 1855
f 1807 1805 1806
f 1855 1856 1880
f 1876 1871 1805
f 4673 4640 4638
f 4639 4649 2935
f 401 578 545
f 545 485 469
f 1377 1387 1368
f 743 751 749
f 846 844 759
f 759 844 839
f 849 780 850
f 850 891 849
f 31 51 24
f 238 241 235
f 235 288 289
f 2934 2930 2935
f 4641 2935 4649
f 157 173 175
f 545 469 473
f 473 469 471
f 1755 1777 1752
f 2318 2301 2291
f 739 740 741
f 778 773 848
f 778 848 779
f 759 839 780
f 1139 1142 1145
f 1205 1136 1139
f 891 895 894
f 24 21 20
f 74 70 73
f 3757 3759 3856
f 289 233 236
f 236 233 206
f 202 198 201
f 198 196 197
f 197 172 171
f 1869 1807 1808
f 4674 4685 4675
f 175 401 400
f 401 545 400
f 941 751 761
f 761 751 743
f 743 740 744
f 765 769 770
f 1149 51 31
f 1142 1144 1147
f 31 24 20
f 3588 3594 3593
f 3592 3591 3588
f 238 235 237
f 235 289 236
f 206 207 203
f 1870 1869 1808
f 1883 1833 1855
f 1883 1855 2930
f 2934 4641 4678
f 492 400 545
f 492 545 473
f 1357 1363 1361
f 1754 1755 1752
f 1777 1794 1793
f 742 754 753
f 765 770 767
f 849 891 885
f 1145 1142 1147
f 1146 1139 1145
f 21 39 38
f 235 236 237
f 210 236 206
f 1809 1833 1834
f 1834 1833 1883
f 1870 1808 1863
f 319 197 171
f 4685 4727 4667
f 4640 4675 4642
f 4640 4642 4641
f 1361 1363 1382
f 1402 1758 1759
f 1759 1758 1754
f 761 743 731
f 4172 4165 4148
f 768 769 765
f 772 767 773
f 773 778 775
f 758 779 759
f 752 759 780
f 817 780 849
f 885 891 894
f 1205 1139 1172
f 896 894 931
f 3592 3588 3593
f 204 206 203
f 203 202 201
f 4731 1870 1863
f 2934 4678 4665
f 159 319 171
f 159 171 157
f 2326 2318 2291
f 2326 2291 2281
f 744 740 739
f 739 741 742
f 755 754 756
f 757 756 771
f 757 771 769
f 772 773 775
f 775 778 779
f 775 779 758
f 1147 1149 1156
f 83 238 246
f 237 236 239
f 239 236 210
f 209 206 204
f 199 198 197
f 199 197 381
f 1886 1834 1883
f 1886 1883 2930
f 197 319 320
f 320 319 159
f 175 400 317
f 317 400 402
f 402 400 492
f 402 492 493
f 2281 2291 2274
f 941 761 777
f 1002 941 926
f 731 743 744
f 726 742 753
f 817 849 885
f 1149 31 19
f 4039 4037 4036
f 19 31 20
f 1146 1145 1150
f 1145 1147 1150
f 3592 3593 3595
f 246 238 237
f 381 197 320
f 1886 2930 2928
f 2928 2930 2934
f 4667 4669 4644
f 4642 4644 4643
f 4664 2934 4665
f 158 157 175
f 158 175 176
f 473 471 474
f 1382 1402 1401
f 1759 1754 1753
f 1754 1752 1753
f 1776 1752 1777
f 744 739 728
f 726 739 742
f 753 754 755
f 755 756 757
f 757 769 768
f 766 765 767
f 758 759 752
f 752 780 817
f 1156 1149 19
f 885 894 896
f 3595 3593 2924
f 3596 3592 3595
f 20 21 12
f 1812 1834 1873
f 440 381 439
f 381 320 439
f 439 320 149
f 149 320 159
f 4669 4670 4644
f 149 159 157
f 493 492 473
f 1361 1382 1385
f 1385 1382 1401
f 474 471 475
f 474 475 476
f 1401 1402 1759
f 766 767 772
f 12 21 38
f 84 83 246
f 246 237 247
f 247 237 239
f 200 201 198
f 200 198 199
f 199 381 441
f 381 440 441
f 441 440 1861
f 1887 1886 2928
f 2928 2934 2942
f 2942 2934 4664
f 4644 4645 4643
f 4643 4645 2942
f 493 473 487
f 487 473 474
f 1377 1368 1356
f 926 941 777
f 731 744 748
f 4174 4154 4176
f 732 752 817
f 817 885 826
f 1150 1147 1156
f 1151 1139 1146
f 210 206 209
f 204 203 201
f 1816 1813 1812
f 1836 1873 1887
f 199 441 611
f 441 1860 611
f 445 439 149
f 4670 4683 4646
f 1376 1377 1356
f 728 739 729
f 695 768 765
f 826 885 886
f 886 885 896
f 19 20 13
f 929 896 931
f 199 611 612
f 611 1860 612
f 637 445 142
f 142 445 149
f 4683 4686 4648
f 4683 4648 4646
f 1776 1777 1775
f 777 761 762
f 762 761 731
f 729 739 726
f 753 755 697
f 726 753 697
f 757 768 695
f 695 765 687
f 687 765 766
f 682 775 758
f 758 752 686
f 732 817 826
f 1151 1146 1150
f 1171 1139 1151
f 3596 3595 3597
f 1816 1836 1837
f 1837 1836 1887
f 610 612 1815
f 199 612 610
f 636 637 142
f 4686 637 4648
f 2928 2942 2941
f 176 175 317
f 2325 2326 2281
f 729 726 727
f 697 755 757
f 696 757 695
f 772 775 683
f 686 752 732
f 886 896 899
f 899 896 929
f 211 210 209
f 209 204 213
f 200 199 610
f 2929 1887 2928
f 2929 2928 2937
f 636 635 4676
f 635 636 142
f 2937 2928 2941
f 637 4676 4648
f 687 766 772
f 687 772 683
f 683 775 682
f 682 758 686
f 239 210 211
f 594 200 617
f 617 1815 1814
f 634 635 142
f 605 634 142
f 4676 4650 4648
f 4648 4650 4647
f 2937 2941 2946
f 149 157 150
f 2325 2281 2303
f 748 744 728
f 728 729 708
f 697 757 696
f 1156 19 22
f 1155 1150 1156
f 204 201 205
f 205 201 200
f 1835 1837 1888
f 1888 1837 1887
f 420 605 142
f 634 4689 4676
f 4676 4689 4650
f 4650 4651 4647
f 4647 4651 2946
f 150 157 158
f 165 176 317
f 402 493 494
f 1357 1361 1353
f 1775 1793 1791
f 732 826 827
f 1153 1150 1155
f 878 886 899
f 929 1172 1276
f 13 12 11
f 12 38 42
f 246 247 248
f 205 200 594
f 605 4650 4689
f 4651 2937 2946
f 158 176 165
f 1356 1357 1353
f 1770 1401 1759
f 479 476 480
f 926 777 762
f 903 926 762
f 3595 2924 2916
f 84 246 249
f 211 209 215
f 209 213 215
f 213 204 212
f 1841 1835 1888
f 593 205 594
f 593 594 1849
f 419 420 140
f 140 420 142
f 4651 4650 4654
f 140 142 141
f 142 149 147
f 992 926 903
f 731 748 728
f 707 726 697
f 699 697 692
f 692 697 693
f 693 697 696
f 690 696 695
f 685 686 732
f 724 732 827
f 826 886 878
f 827 826 878
f 1152 1151 1150
f 1171 1151 1152
f 900 899 936
f 936 899 929
f 2924 2925 2918
f 2916 2924 2918
f 3597 3595 2916
f 1818 1817 1819
f 644 4671 4672
f 419 644 4672
f 4672 4671 4650
f 2945 2929 2944
f 4650 4655 4654
f 4651 4654 2944
f 141 142 147
f 147 149 150
f 1752 1776 1741
f 1741 1776 1775
f 762 731 709
f 709 731 728
f 707 697 699
f 682 686 681
f 1152 1150 1153
f 248 247 277
f 204 205 212
f 586 205 593
f 586 593 1848
f 1848 1818 1819
f 1884 1841 1888
f 1888 2929 2931
f 4654 2945 2944
f 150 158 160
f 494 487 546
f 1759 1753 1762
f 1762 1753 1746
f 763 762 709
f 708 729 727
f 707 727 726
f 693 696 690
f 684 687 683
f 685 732 724
f 19 13 14
f 249 246 248
f 1820 1817 1821
f 585 205 586
f 1874 1841 1884
f 1884 1888 2931
f 644 643 4671
f 643 644 419
f 4671 643 4656
f 4671 4656 4655
f 4655 4656 4654
f 139 140 141
f 160 158 165
f 293 317 402
f 546 474 479
f 1385 1401 1770
f 1770 1759 1762
f 1746 1753 1752
f 1746 1752 1741
f 709 728 710
f 900 878 899
f 88 84 249
f 584 205 585
f 643 4677 4656
f 2931 2945 2949
f 574 643 419
f 574 419 138
f 138 419 140
f 138 140 139
f 293 402 409
f 409 402 494
f 710 728 708
f 708 727 707
f 684 690 695
f 684 695 687
f 583 205 584
f 574 575 4677
f 575 574 138
f 4677 4658 4656
f 4656 4658 4657
f 4656 4657 4654
f 4654 4657 2949
f 4654 2949 2945
f 165 317 293
f 409 494 546
f 1353 1361 1358
f 1358 1361 1385
f 903 762 763
f 681 686 685
f 212 205 358
f 358 205 568
f 583 1820 1828
f 1827 1820 1821
f 1839 1821 1874
f 568 205 583
f 1839 1874 1884
f 2932 1884 2931
f 595 575 137
f 575 138 137
f 4677 575 4658
f 2931 2949 2947
f 148 150 160
f 2313 2325 2303
f 2313 2303 2283
f 893 903 763
f 684 683 680
f 680 683 682
f 1159 1171 1152
f 936 929 912
f 912 929 1276
f 3597 2916 2922
f 3599 3597 2922
f 3598 3597 3599
f 3649 3598 3661
f 277 211 214
f 214 211 215
f 215 213 212
f 215 212 216
f 216 212 217
f 626 358 568
f 596 595 137
f 2932 2931 2947
f 595 4659 4658
f 4657 2947 2949
f 164 165 293
f 1741 1775 1771
f 684 680 675
f 14 13 11
f 10 11 12
f 88 249 251
f 1827 1839 1838
f 1838 1839 1885
f 1885 1884 2932
f 602 596 137
f 4658 4659 4657
f 2932 2947 2948
f 134 138 139
f 147 150 148
f 409 546 597
f 597 546 479
f 680 682 671
f 1157 1153 1155
f 2916 2918 2917
f 10 12 42
f 359 212 358
f 1830 1828 1829
f 1829 1828 1827
f 554 602 137
f 596 602 4659
f 4657 2948 2947
f 137 138 134
f 160 165 164
f 597 479 481
f 764 763 709
f 698 699 692
f 689 690 684
f 279 215 216
f 217 212 359
f 136 554 137
f 4659 4661 4657
f 136 137 134
f 141 147 146
f 706 708 707
f 694 698 692
f 682 681 671
f 1152 1153 1154
f 359 1830 1832
f 1840 1838 1877
f 1877 1838 1885
f 555 554 136
f 135 139 141
f 146 147 148
f 148 160 152
f 164 293 309
f 403 409 550
f 550 409 597
f 1352 1356 1353
f 1375 1376 1356
f 712 708 706
f 692 693 694
f 694 693 691
f 691 693 690
f 689 684 677
f 667 681 685
f 685 724 723
f 827 878 877
f 877 878 900
f 1197 1171 1159
f 22 19 14
f 918 900 936
f 214 215 278
f 222 216 217
f 444 217 1832
f 1877 1885 2933
f 2933 1885 2932
f 556 555 136
f 4682 555 4660
f 4661 2932 2948
f 152 160 164
f 293 409 403
f 1352 1353 1354
f 481 479 480
f 1770 1762 1763
f 1763 1762 1746
f 706 707 699
f 706 699 698
f 901 900 918
f 279 278 215
f 222 217 444
f 1850 1829 1831
f 1842 1831 1840
f 1842 1840 1875
f 1875 1840 1877
f 444 1832 1850
f 1832 1829 1850
f 406 556 136
f 555 556 4660
f 2943 2933 2932
f 309 293 403
f 1354 1353 1358
f 1740 1746 1741
f 764 709 711
f 709 710 711
f 711 710 712
f 710 708 712
f 691 690 689
f 677 684 675
f 675 680 671
f 671 681 667
f 667 685 668
f 668 685 723
f 724 827 723
f 723 827 877
f 877 900 901
f 1159 1152 1154
f 23 22 14
f 279 216 280
f 1854 1850 1852
f 1852 1842 1875
f 444 1850 1854
f 1875 1877 1889
f 1889 1877 2933
f 556 406 4663
f 2933 2943 2058
f 406 136 304
f 4660 4663 4662
f 4660 4662 4661
f 4661 4662 2943
f 136 134 132
f 134 139 135
f 135 141 146
f 3868 3865 3785
f 1742 1741 1771
f 893 763 764
f 1154 1153 1157
f 918 936 912
f 2922 2916 2915
f 2915 2916 2917
f 1490 1852 1486
f 1486 1852 1495
f 222 1854 1477
f 1495 1875 1496
f 1496 1875 1889
f 2058 1889 2933
f 4663 2057 4662
f 146 148 151
f 151 148 152
f 1375 1356 1352
f 1771 1791 1792
f 2312 2313 2283
f 251 249 248
f 277 214 266
f 214 278 266
f 280 216 222
f 1484 1490 1486
f 1486 1495 1485
f 222 1477 1467
f 1485 1495 1496
f 2058 1496 1889
f 1496 2058 2054
f 355 309 403
f 271 278 279
f 1484 1486 1485
f 399 222 1467
f 1467 1477 1457
f 1456 1485 1496
f 1456 1496 1483
f 1483 1496 2054
f 303 304 132
f 132 134 133
f 133 134 135
f 153 151 152
f 164 309 310
f 550 597 642
f 598 597 481
f 776 764 711
f 714 711 712
f 703 694 691
f 691 689 688
f 3599 2922 2915
f 252 248 277
f 252 277 266
f 222 399 281
f 1484 1485 1456
f 1457 1484 1456
f 1467 1457 399
f 1483 2055 1482
f 2055 2054 2013
f 433 304 303
f 135 146 145
f 867 992 893
f 776 711 721
f 721 711 714
f 714 712 713
f 712 706 713
f 706 698 719
f 689 677 688
f 677 675 676
f 666 667 668
f 669 668 723
f 877 901 868
f 1158 1155 1156
f 14 11 15
f 10 42 32
f 87 88 251
f 251 248 252
f 1458 1457 1452
f 1452 1457 1456
f 281 399 398
f 398 399 1458
f 399 1457 1458
f 1482 2055 7
f 562 433 303
f 145 146 151
f 1763 1746 1747
f 867 893 764
f 719 698 700
f 700 698 694
f 666 671 667
f 666 668 669
f 1156 22 23
f 1158 1157 1155
f 1197 1159 1164
f 15 11 10
f 271 279 280
f 280 222 281
f 1452 1456 1455
f 1456 1483 1482
f 1456 1482 1469
f 281 398 397
f 397 398 1458
f 131 132 133
f 152 164 163
f 403 550 404
f 1747 1746 1740
f 1740 1741 1742
f 713 706 719
f 703 691 688
f 688 677 676
f 673 671 666
f 669 723 725
f 723 877 725
f 1164 1159 1154
f 1154 1157 1158
f 902 901 918
f 87 251 431
f 1469 1482 7
f 562 303 563
f 303 132 131
f 598 481 482
f 1385 1770 1767
f 482 481 480
f 3868 3785 3835
f 676 675 674
f 725 877 868
f 1163 1156 23
f 1158 1156 1163
f 267 278 271
f 396 397 1458
f 396 1458 1452
f 1455 1456 1469
f 281 397 396
f 563 303 312
f 143 133 135
f 135 145 144
f 145 151 153
f 482 480 483
f 3886 3868 3835
f 2312 2283 2306
f 867 764 776
f 701 694 703
f 704 688 676
f 672 671 673
f 868 901 902
f 3654 3653 3651
f 269 280 281
f 2034 563 312
f 312 303 131
f 144 145 153
f 163 164 310
f 310 309 355
f 355 403 404
f 700 694 701
f 669 725 679
f 1164 1154 1162
f 2919 2915 2917
f 3602 3599 3600
f 250 251 252
f 619 396 1450
f 1450 396 1452
f 1452 1455 1451
f 1455 1469 1468
f 1468 1469 7
f 2035 2034 312
f 7 2015 8
f 143 135 144
f 1767 1770 1763
f 2268 3936 2256
f 713 719 718
f 702 719 700
f 701 703 720
f 673 666 670
f 911 912 1197
f 3599 2915 2919
f 3600 3599 2919
f 431 251 250
f 271 280 269
f 396 619 395
f 281 396 395
f 1450 1452 1451
f 322 312 131
f 131 133 143
f 1358 1385 1383
f 1383 1385 1767
f 721 714 722
f 700 701 702
f 704 703 688
f 666 669 670
f 1162 1154 1158
f 281 395 282
f 1451 1455 1468
f 1451 1468 1478
f 395 619 620
f 1468 7 1478
f 7 8 9
f 152 163 154
f 598 482 496
f 722 714 713
f 719 702 718
f 674 675 671
f 670 669 679
f 2919 2917 2920
f 266 278 267
f 1461 620 1450
f 1478 7 1489
f 7 9 4707
f 1489 7 4707
f 322 131 327
f 356 355 404
f 722 713 718
f 716 701 720
f 720 703 705
f 676 674 678
f 674 671 672
f 1177 1197 1164
f 250 252 253
f 253 266 267
f 269 281 228
f 395 620 1461
f 1451 1478 1454
f 606 322 327
f 4707 9 2011
f 327 131 290
f 155 144 153
f 1742 1771 1773
f 776 721 730
f 730 721 722
f 717 718 702
f 704 676 678
f 16 23 14
f 2921 2919 2920
f 261 253 267
f 3709 3714 3715
f 228 281 282
f 1454 1478 1489
f 4707 2011 2010
f 153 152 154
f 1767 1763 1747
f 867 776 781
f 705 703 704
f 868 902 889
f 2902 3661 3602
f 250 253 254
f 262 267 271
f 1447 1451 1454
f 421 395 1461
f 282 395 421
f 421 1461 1449
f 1461 1450 1449
f 1449 1450 1447
f 1450 1451 1447
f 327 290 326
f 156 143 144
f 155 153 154
f 331 310 357
f 357 310 356
f 496 482 483
f 1005 867 781
f 702 701 715
f 715 701 716
f 679 725 814
f 814 725 868
f 902 918 910
f 889 902 910
f 910 918 912
f 910 912 911
f 1447 1454 1453
f 1454 1489 1453
f 446 421 1449
f 282 421 446
f 446 1449 600
f 600 1449 1447
f 356 404 408
f 408 404 496
f 408 496 541
f 496 483 497
f 814 868 889
f 29 23 16
f 1168 1164 1162
f 3602 3600 3601
f 633 87 431
f 264 271 269
f 282 446 306
f 306 446 600
f 1453 1489 1471
f 1489 4707 2051
f 331 163 310
f 357 356 407
f 407 356 408
f 541 496 498
f 498 496 497
f 733 718 717
f 717 702 715
f 674 672 792
f 793 672 673
f 670 679 737
f 738 670 737
f 788 679 814
f 1163 23 29
f 261 267 262
f 264 269 270
f 1471 1489 3985
f 1489 2051 3985
f 324 326 290
f 290 143 156
f 2315 2312 2306
f 781 776 730
f 722 718 733
f 792 678 674
f 793 673 738
f 737 679 788
f 1166 1158 1163
f 1165 1162 1158
f 1177 1164 1168
f 16 14 15
f 2919 2921 2923
f 3601 3600 2919
f 3601 2919 2923
f 262 271 264
f 270 269 228
f 306 600 599
f 599 600 1448
f 324 290 325
f 3985 2051 2050
f 162 163 331
f 2315 2306 2290
f 949 1005 781
f 720 705 800
f 705 704 795
f 704 678 795
f 673 670 738
f 1169 1163 29
f 228 282 229
f 282 306 229
f 1443 1447 1453
f 1443 1453 1445
f 1466 1453 1471
f 435 599 1448
f 306 599 435
f 435 1448 1446
f 156 144 155
f 1355 1352 1354
f 1740 1742 1743
f 1743 1742 1773
f 949 781 782
f 782 781 730
f 730 722 734
f 734 722 733
f 800 716 720
f 792 672 793
f 1165 1158 1166
f 1166 1163 1169
f 1168 1162 1165
f 306 435 330
f 229 306 330
f 1446 1448 1447
f 1446 1447 1443
f 1445 1453 1466
f 330 435 405
f 405 435 1446
f 1471 3985 1466
f 325 290 328
f 3985 2050 2043
f 328 290 323
f 407 408 501
f 501 408 541
f 1355 1354 1358
f 498 497 499
f 1378 1375 1352
f 735 733 717
f 814 889 888
f 254 253 259
f 261 262 259
f 264 270 272
f 330 405 283
f 283 405 1446
f 1466 3985 3984
f 3985 2043 3984
f 351 328 323
f 290 156 286
f 323 290 286
f 166 155 154
f 1767 1747 1750
f 717 715 786
f 795 678 794
f 678 792 794
f 888 889 910
f 2898 3655 2902
f 15 10 32
f 259 262 263
f 263 262 264
f 272 270 226
f 226 270 228
f 1462 283 1446
f 1462 1446 1444
f 3984 2043 2042
f 351 323 352
f 286 156 167
f 1747 1740 1744
f 947 949 782
f 796 800 705
f 705 795 796
f 1169 29 30
f 888 910 908
f 908 910 911
f 1179 911 1177
f 2900 3601 2923
f 2899 2902 3601
f 432 431 250
f 263 264 272
f 226 228 224
f 228 229 224
f 229 330 283
f 1444 1446 1443
f 297 283 1462
f 156 155 167
f 166 154 161
f 161 154 162
f 154 163 162
f 1355 1358 1359
f 1359 1358 1383
f 1744 1740 1743
f 2300 2315 2290
f 734 733 735
f 786 735 717
f 786 715 797
f 797 715 716
f 797 716 800
f 2899 3601 2900
f 250 254 255
f 224 229 283
f 1445 1466 1472
f 297 1462 1444
f 1442 297 1444
f 1466 3984 1472
f 167 155 166
f 162 357 407
f 501 541 498
f 1383 1767 1750
f 1750 1747 1744
f 2322 2315 2300
f 432 250 256
f 256 250 255
f 254 259 260
f 1444 1443 1442
f 1460 1445 1472
f 285 286 167
f 285 167 180
f 162 407 423
f 423 407 491
f 1004 949 947
f 784 730 734
f 738 737 803
f 803 737 807
f 737 788 807
f 788 814 830
f 814 888 876
f 30 29 16
f 16 15 17
f 272 226 227
f 283 297 188
f 224 283 188
f 1442 1443 1441
f 1441 1443 1445
f 1472 3984 1460
f 3984 2042 2041
f 329 286 285
f 1378 1352 1355
f 782 730 784
f 801 796 795
f 793 738 803
f 807 788 830
f 830 814 876
f 1173 1177 1168
f 1173 1168 1170
f 1170 1168 1165
f 2900 2923 2901
f 17 15 32
f 255 254 260
f 260 259 265
f 265 259 263
f 273 263 272
f 273 272 227
f 1441 1445 1460
f 188 1442 1440
f 187 188 1440
f 3984 2041 3983
f 180 167 166
f 430 162 423
f 734 735 736
f 806 793 803
f 1167 1165 1166
f 30 16 18
f 876 888 908
f 18 16 17
f 2899 2900 2896
f 226 224 225
f 1440 1442 1441
f 1441 1460 1463
f 1479 187 1440
f 1460 3984 1463
f 491 407 519
f 519 407 501
f 498 499 500
f 787 735 786
f 802 796 801
f 801 795 794
f 794 792 804
f 792 793 806
f 1167 1166 1169
f 876 908 909
f 313 263 273
f 224 188 182
f 1440 1441 1436
f 1480 1479 1440
f 1479 1480 186
f 187 1479 186
f 186 285 418
f 418 285 180
f 170 162 430
f 2322 2300 2299
f 784 734 789
f 736 735 785
f 801 794 805
f 804 792 806
f 806 803 832
f 803 807 852
f 1170 1165 1167
f 2896 2901 6
f 17 32 33
f 3658 3657 2891
f 189 226 225
f 182 188 187
f 182 187 186
f 1436 1441 1463
f 1480 1440 1464
f 1464 1440 1435
f 1440 1436 1435
f 186 1480 1481
f 1481 1480 1464
f 186 418 179
f 161 162 170
f 430 423 544
f 544 423 491
f 1744 1743 1745
f 3914 3890 3901
f 947 782 819
f 819 782 784
f 789 734 736
f 785 735 787
f 787 786 797
f 797 800 799
f 799 800 796
f 805 794 804
f 832 803 865
f 807 830 860
f 1169 30 48
f 1167 1169 48
f 860 830 876
f 48 30 18
f 63 58 77
f 227 226 189
f 179 1481 1464
f 180 179 2039
f 1463 3983 2046
f 544 491 519
f 501 498 500
f 852 807 860
f 63 77 78
f 268 260 265
f 265 263 314
f 314 263 313
f 225 224 182
f 182 186 179
f 1436 1463 1459
f 1494 179 1464
f 1463 2046 1459
f 180 166 177
f 168 166 161
f 1748 1750 1744
f 3928 3982 2260
f 799 796 802
f 865 803 864
f 49 48 18
f 18 17 28
f 17 33 35
f 338 313 273
f 273 227 305
f 1435 1436 1434
f 1494 1464 1465
f 1465 1464 1435
f 1459 2046 2044
f 179 180 177
f 177 166 168
f 170 430 544
f 544 519 518
f 502 519 501
f 2298 2322 2299
f 801 805 815
f 828 805 804
f 1174 1170 1167
f 1173 1170 1175
f 28 17 35
f 2885 2890 2896
f 2884 2897 2891
f 258 255 260
f 337 273 305
f 227 189 292
f 1434 1436 1459
f 518 519 502
f 502 501 500
f 1761 1383 1750
f 1761 1750 1748
f 3890 3810 3901
f 789 736 790
f 790 736 785
f 787 797 798
f 815 805 816
f 816 805 828
f 829 804 806
f 829 806 832
f 866 832 865
f 803 852 864
f 47 49 18
f 1174 1175 1170
f 47 18 36
f 876 909 882
f 1175 1179 1173
f 36 18 28
f 2896 6 2847
f 434 432 256
f 257 256 255
f 315 265 314
f 305 227 292
f 189 225 182
f 181 182 179
f 178 1465 1433
f 1433 1465 1435
f 179 177 178
f 1459 2044 2045
f 178 177 168
f 169 168 161
f 169 161 170
f 170 544 581
f 502 500 503
f 503 500 548
f 1003 819 820
f 820 819 784
f 798 797 799
f 815 802 801
f 1178 1167 48
f 1176 1174 1167
f 1176 1167 1178
f 860 876 882
f 257 255 258
f 258 260 268
f 314 313 338
f 338 273 337
f 179 178 181
f 1470 178 1433
f 1459 2045 1488
f 169 170 321
f 321 170 581
f 581 544 515
f 515 544 518
f 1365 1378 1355
f 799 802 813
f 829 832 866
f 1178 67 1185
f 1178 48 67
f 66 47 46
f 46 47 36
f 1200 1179 1175
f 882 909 927
f 28 35 41
f 41 35 50
f 2885 2883 2890
f 434 256 257
f 3857 3969 3870
f 268 265 315
f 343 305 292
f 183 189 182
f 1434 1459 1430
f 1430 1459 1488
f 1470 1433 1429
f 181 178 168
f 181 168 344
f 168 2006 2021
f 2006 168 192
f 192 168 169
f 321 581 618
f 557 581 515
f 515 518 502
f 1365 1355 1360
f 1360 1355 1359
f 1359 1383 1384
f 1384 1383 1761
f 988 1003 820
f 820 784 791
f 784 789 791
f 816 828 863
f 828 804 829
f 852 860 887
f 860 882 887
f 1181 1175 1174
f 46 36 43
f 43 36 28
f 79 434 257
f 183 182 181
f 1433 1434 1430
f 1429 1433 1430
f 344 1470 1429
f 345 344 1429
f 1488 2045 1984
f 618 495 321
f 557 618 581
f 798 799 812
f 812 799 813
f 883 865 864
f 864 852 884
f 1182 1174 1176
f 44 43 28
f 44 28 45
f 307 257 258
f 349 337 305
f 349 305 343
f 1430 1488 1431
f 181 344 345
f 169 321 495
f 508 557 515
f 515 502 505
f 503 548 640
f 640 548 641
f 1749 1744 1745
f 2298 2293 2292
f 791 789 790
f 785 787 810
f 810 787 798
f 802 815 813
f 813 815 816
f 1176 1178 1183
f 884 852 887
f 1181 1174 1182
f 882 927 4588
f 56 45 41
f 56 41 50
f 61 50 65
f 2882 2880 2885
f 2118 65 82
f 82 79 257
f 308 258 268
f 338 337 382
f 382 337 349
f 191 292 189
f 414 345 1429
f 192 169 193
f 542 557 508
f 508 515 505
f 502 503 504
f 2308 2321 2298
f 808 790 785
f 811 798 812
f 1190 1271 2090
f 2111 1189 2114
f 883 864 884
f 1184 1176 1183
f 1182 1176 1184
f 2106 56 2109
f 82 257 307
f 308 268 336
f 336 268 315
f 315 314 341
f 314 338 341
f 341 338 383
f 383 338 382
f 349 343 332
f 1429 1430 1427
f 1427 1430 1431
f 181 345 414
f 616 192 193
f 1360 1359 1362
f 1362 1359 1384
f 504 503 640
f 1748 1744 1749
f 2308 2298 2294
f 791 790 809
f 808 785 810
f 810 798 811
f 812 813 831
f 813 816 861
f 1189 1271 1190
f 1190 2082 1193
f 829 866 875
f 875 866 865
f 1186 1185 1187
f 875 865 883
f 1183 1178 1185
f 887 882 4577
f 4577 882 4588
f 2882 2888 2894
f 645 82 307
f 307 258 308
f 343 292 332
f 183 181 184
f 181 414 184
f 184 414 1438
f 1438 414 1427
f 1427 414 1429
f 630 495 618
f 542 508 509
f 507 508 505
f 988 820 791
f 809 790 808
f 831 813 862
f 862 813 861
f 861 816 863
f 863 828 873
f 1196 1194 2075
f 1183 1185 1186
f 4588 927 1275
f 2873 3870 3969
f 350 315 341
f 332 292 191
f 191 189 183
f 1431 1488 1428
f 1488 1984 2052
f 1428 1488 2052
f 2052 1984 1983
f 193 169 223
f 621 193 223
f 223 169 495
f 223 495 630
f 580 542 509
f 505 502 504
f 1365 1360 1366
f 955 988 791
f 955 791 809
f 1191 1190 1192
f 1192 1190 1193
f 828 829 875
f 1188 1189 1190
f 1186 1187 1188
f 1187 1189 1188
f 1184 1183 1186
f 1201 1181 1182
f 4577 4588 1275
f 1259 1200 1201
f 645 307 607
f 307 308 417
f 417 308 425
f 425 308 336
f 386 341 383
f 382 349 332
f 185 184 1438
f 509 508 507
f 1367 1365 1366
f 504 640 1367
f 1367 640 1365
f 4534 810 811
f 812 831 4537
f 861 863 873
f 1195 1194 1196
f 1192 1193 1194
f 1188 1190 1191
f 4551 875 883
f 884 887 4553
f 4575 887 4577
f 4583 1275 1280
f 2882 2894 2886
f 2875 2880 2877
f 607 307 417
f 425 336 424
f 348 336 315
f 332 191 333
f 340 332 333
f 191 183 190
f 183 184 185
f 1427 1431 1428
f 185 1438 1437
f 1438 1427 1437
f 1437 1427 1426
f 1425 1426 1427
f 1428 2052 1432
f 223 630 631
f 631 630 517
f 1366 1360 1362
f 1761 1748 1751
f 1751 1748 1749
f 2319 2308 2294
f 955 809 872
f 872 809 871
f 871 809 808
f 4534 808 810
f 4533 808 4534
f 811 812 4537
f 4537 831 4538
f 4538 831 4540
f 4540 831 862
f 1202 1199 1203
f 1203 1204 1202
f 1196 1199 1198
f 873 828 874
f 1192 1194 1195
f 828 875 874
f 1206 1184 1186
f 883 884 4551
f 1182 1184 1209
f 4553 887 4575
f 1209 1201 1182
f 1221 1201 1209
f 4576 4577 1275
f 1259 1201 1221
f 607 417 438
f 417 425 426
f 426 425 424
f 424 336 348
f 387 341 386
f 386 383 385
f 383 384 385
f 384 382 375
f 375 382 377
f 332 377 382
f 360 332 340
f 190 183 185
f 1425 1427 1428
f 185 1437 335
f 1432 2052 2056
f 517 580 509
f 507 505 506
f 505 504 506
f 506 504 1367
f 1384 1761 1751
f 2319 2294 2304
f 871 808 4533
f 4534 811 4537
f 1219 1250 1248
f 1248 1250 1249
f 1202 1204 1207
f 4542 861 873
f 1198 1199 1202
f 1195 1196 1198
f 1188 1191 1192
f 1220 1186 1188
f 1209 1184 1206
f 4551 884 4553
f 4576 1275 4583
f 438 417 426
f 2874 2875 2872
f 424 348 428
f 348 315 350
f 388 386 385
f 375 385 384
f 377 332 360
f 334 190 185
f 334 185 335
f 1425 1428 1432
f 335 1437 1439
f 1439 1437 1426
f 1414 1432 2056
f 1379 1367 1366
f 506 1367 1380
f 4540 862 4541
f 4541 862 861
f 4541 861 4542
f 1222 1188 1192
f 874 875 4548
f 4548 875 4551
f 1206 1186 1220
f 4575 4577 4576
f 1286 1343 1288
f 1283 4583 1280
f 2879 2886 2887
f 2872 2875 2877
f 614 426 427
f 426 424 427
f 427 424 428
f 428 348 390
f 390 348 350
f 350 341 387
f 373 385 375
f 191 190 333
f 442 334 335
f 1425 1432 1414
f 517 509 511
f 511 509 510
f 510 509 507
f 1749 1745 1774
f 955 872 4031
f 872 871 4530
f 1248 1249 1234
f 1234 1233 1230
f 1230 1233 1232
f 1235 1232 1264
f 1217 1207 1219
f 2083 2063 2066
f 1222 1192 1195
f 1220 1188 1258
f 1260 1206 1220
f 1209 1206 1260
f 4552 4551 4553
f 4553 4575 4573
f 1221 1209 1266
f 4573 4575 4576
f 1268 1259 1221
f 1268 1221 1266
f 4576 4583 1281
f 1281 4583 1283
f 1281 1283 1280
f 2506 1349 1957
f 2502 1957 1956
f 2872 2877 2871
f 427 428 561
f 561 428 390
f 373 388 385
f 360 340 361
f 340 333 412
f 412 333 437
f 333 190 437
f 437 190 442
f 190 334 442
f 442 335 662
f 570 442 662
f 664 662 335
f 664 335 1439
f 1439 1426 1420
f 1420 1426 1425
f 1420 1425 1419
f 1379 1366 1374
f 1366 1362 1374
f 1362 1384 1374
f 1374 1384 1404
f 1404 1384 1751
f 2304 2324 2320
f 2324 2304 2309
f 4031 872 4530
f 4530 871 4533
f 4533 4534 4532
f 1231 1232 1235
f 1235 1263 1237
f 1217 1219 1218
f 1218 1219 1248
f 4542 873 4545
f 1215 1202 1207
f 1210 1198 1212
f 1212 1198 1202
f 4546 873 874
f 1211 1195 1210
f 1210 1195 1198
f 1222 1195 1211
f 1258 1188 1222
f 4548 4551 4549
f 1350 1345 1349
f 2506 1350 1349
f 2506 1957 2502
f 2879 2887 2878
f 2502 1956 1951
f 2877 2878 2871
f 1924 561 632
f 561 390 632
f 350 387 415
f 388 387 386
f 376 388 373
f 373 375 370
f 370 375 377
f 377 360 370
f 378 340 412
f 658 437 659
f 437 442 659
f 659 442 571
f 571 442 570
f 570 662 565
f 663 565 662
f 663 662 664
f 1419 1425 1414
f 664 1439 1420
f 1415 1414 2056
f 1415 2056 1969
f 528 517 511
f 513 507 506
f 513 506 514
f 514 506 1380
f 1404 1751 1764
f 1764 1751 1749
f 4031 4530 4527
f 4532 4534 4535
f 4534 4537 4536
f 4536 4537 4538
f 4538 4540 4539
f 4544 4540 4541
f 1237 1240 1239
f 1236 1235 1237
f 4541 4542 4543
f 1226 1248 1230
f 1230 1232 1231
f 4543 4542 4545
f 1215 1207 1217
f 4545 873 4546
f 2096 2084 2095
f 4546 874 4547
f 874 4548 4547
f 1258 1222 1257
f 4549 4551 4552
f 4561 4552 4553
f 1265 1209 1260
f 1266 1209 1267
f 1267 1209 1265
f 1268 1266 1272
f 4587 1281 4593
f 1346 1345 1350
f 2878 2887 2889
f 2502 1951 2490
f 2490 1951 2483
f 2483 1935 2477
f 1948 1926 1925
f 390 350 391
f 391 350 392
f 392 350 415
f 415 387 389
f 387 388 389
f 389 388 376
f 370 360 361
f 361 340 362
f 378 412 576
f 412 437 576
f 576 437 658
f 657 658 659
f 660 659 571
f 565 663 523
f 665 663 664
f 1419 1414 1413
f 1413 1414 1415
f 654 663 665
f 523 663 654
f 665 664 1420
f 510 507 512
f 512 507 513
f 4694 1374 1785
f 514 1380 1397
f 1397 1380 1395
f 1380 1379 1395
f 1395 1379 1374
f 1395 1374 1396
f 1785 1374 1404
f 1764 1749 1765
f 4530 4533 4531
f 4531 4533 4532
f 4535 4534 4536
f 4536 4538 4539
f 1239 1240 1241
f 4540 4544 4539
f 1238 1237 1239
f 1238 1236 1237
f 1236 1231 1235
f 4544 4541 4543
f 1218 1248 1226
f 1212 1202 1215
f 4547 4548 4549
f 1260 1220 1261
f 1261 1220 1258
f 4561 4553 4570
f 4570 4553 4573
f 4576 1281 4573
f 4573 1281 4587
f 1274 1268 1272
f 4593 1281 1279
f 2867 2878 2889
f 2490 2483 2484
f 2878 2867 2870
f 392 415 587
f 415 389 587
f 374 373 372
f 362 340 378
f 378 576 436
f 577 576 661
f 656 661 658
f 661 576 658
f 549 656 534
f 534 656 533
f 657 656 658
f 655 656 657
f 533 656 655
f 655 657 659
f 533 655 590
f 655 659 590
f 660 590 659
f 571 570 524
f 524 570 565
f 524 565 523
f 523 528 520
f 1476 654 665
f 1476 665 1421
f 1421 665 1420
f 520 528 511
f 1415 1969 1971
f 520 511 510
f 4693 4694 4526
f 4703 4704 4702
f 1396 4694 4696
f 4526 4694 1785
f 1785 1404 1780
f 1780 1404 1772
f 1772 1404 1764
f 3876 3968 3975
f 2309 2305 2310
f 1765 1749 1774
f 3306 3303 3184
f 3583 4031 4527
f 4527 4530 4531
f 1242 1239 1241
f 1242 1241 1243
f 1243 2101 2843
f 1230 1231 1229
f 1257 1222 1225
f 4550 4547 4549
f 1311 1306 1307
f 1261 1265 1260
f 1266 1267 1270
f 4587 4593 1279
f 1350 2506 2502
f 2478 2483 2477
f 1948 1934 2475
f 2475 1934 1933
f 413 389 376
f 413 376 374
f 372 373 370
f 372 370 371
f 371 370 369
f 380 378 436
f 436 576 577
f 577 661 549
f 533 590 531
f 531 590 589
f 589 590 660
f 571 589 660
f 589 571 539
f 539 571 524
f 524 523 521
f 1421 1420 1418
f 1418 1420 1419
f 1418 1419 1413
f 1473 1476 1421
f 1415 1971 1491
f 516 510 512
f 4698 4695 4700
f 513 1397 4706
f 1397 4704 4706
f 1790 1785 1780
f 1780 1772 1781
f 1764 1765 1772
f 4527 4531 4528
f 3585 3583 3575
f 4535 4536 4558
f 4539 4544 4557
f 1246 1238 1239
f 1226 1230 1229
f 1229 1231 1236
f 4555 4543 4545
f 2101 2104 2840
f 4555 4545 4546
f 4550 4546 4547
f 1225 1211 1224
f 2840 2104 1332
f 2840 1332 2845
f 4550 4549 4560
f 4570 4573 4580
f 1273 1266 1270
f 1272 1266 1273
f 4580 4573 4587
f 4587 1279 4592
f 2477 1948 2475
f 2474 2475 1944
f 369 370 361
f 369 361 364
f 362 378 367
f 380 436 551
f 551 436 577
f 534 533 532
f 532 533 531
f 531 589 539
f 521 523 520
f 1422 1421 1418
f 1418 1413 1417
f 1417 1413 1416
f 1413 1415 1416
f 1416 1415 1491
f 520 510 516
f 1971 1973 2959
f 1491 1971 2959
f 4701 4526 4525
f 4697 4698 4699
f 4699 4698 4700
f 513 4706 653
f 4706 4697 653
f 4520 1780 1781
f 3574 4527 4528
f 3583 4527 3574
f 4528 4531 4529
f 3575 3583 3574
f 4531 4532 4529
f 4532 4535 4529
f 4558 4536 4559
f 4559 4536 4539
f 1242 1243 1244
f 1243 2843 1244
f 1236 1238 1246
f 1244 2843 2101
f 4544 4543 4556
f 1223 1218 1226
f 1215 1217 1216
f 1216 1217 1218
f 4555 4546 4554
f 1213 1210 1212
f 1212 1215 1214
f 4546 4550 4554
f 1224 1211 1210
f 1224 1210 1213
f 2840 2845 2842
f 2770 1258 1257
f 4560 4549 4552
f 1261 1258 2770
f 4552 4561 4572
f 1265 1261 2768
f 4561 4570 4574
f 1270 1267 1265
f 1270 1265 2764
f 1265 2768 2764
f 4570 4580 4581
f 1347 1344 1346
f 1347 1346 1350
f 1350 2502 2500
f 2870 2867 2862
f 2864 2862 2861
f 2478 2477 2476
f 2476 2477 2475
f 2476 2475 2469
f 2469 2475 2474
f 2474 1944 2471
f 2471 1944 1952
f 363 361 362
f 367 378 380
f 538 549 534
f 527 531 539
f 527 539 524
f 524 521 526
f 1424 1473 1421
f 1424 1421 1422
f 1422 1418 1423
f 1416 1491 1492
f 1492 1491 2959
f 4524 4701 4523
f 512 513 653
f 4517 4520 4518
f 4520 1781 1782
f 1782 1781 1772
f 1782 1772 1765
f 1782 1765 1783
f 3574 4528 4529
f 3575 3574 3573
f 4529 4535 4558
f 4559 4539 4557
f 1247 1239 1245
f 1245 1239 1242
f 4557 4544 4556
f 1247 1246 1239
f 1229 1236 1246
f 1226 1229 1228
f 4556 4543 4555
f 1223 1226 1227
f 2101 2840 2841
f 1216 1218 1223
f 1214 1215 1216
f 2841 2840 2842
f 1213 1212 1214
f 4562 4554 4550
f 1225 1224 2772
f 2772 1257 1225
f 2845 1332 1330
f 2771 2770 2772
f 2772 2770 1257
f 4560 4552 4572
f 4561 4574 4572
f 2768 1261 2769
f 1261 2770 2769
f 2763 1270 2764
f 1273 1270 2763
f 1273 2763 2762
f 2794 1272 1273
f 4580 4587 4592
f 1347 1350 2500
f 2500 2502 2490
f 2484 2483 2478
f 2469 2474 2471
f 2471 1952 2472
f 369 364 624
f 1903 369 624
f 364 361 363
f 363 362 365
f 366 362 367
f 367 380 379
f 551 577 538
f 538 577 549
f 529 531 527
f 524 526 527
f 521 520 516
f 1423 1418 1417
f 1487 1424 1475
f 1493 1487 1475
f 1424 1422 1475
f 1475 1422 1474
f 1474 1422 1423
f 1492 2959 2957
f 2959 2960 2957
f 2957 2960 2962
f 516 512 572
f 572 512 648
f 2962 2960 4456
f 648 512 649
f 649 4699 4455
f 649 512 653
f 3574 4529 3565
f 3573 3574 3565
f 3573 3565 3566
f 4596 4529 4558
f 3578 3573 3566
f 4571 4558 4559
f 1242 1244 1251
f 1229 1246 1254
f 1228 1227 1226
f 1244 2101 2841
f 4556 4555 4566
f 4564 4555 4554
f 4550 4560 4563
f 4562 4550 4563
f 2772 1224 2773
f 2770 2771 2769
f 2767 2768 2769
f 2764 2768 2767
f 4574 4570 4581
f 2763 2764 2760
f 2760 2764 2767
f 4592 2794 2793
f 2500 2490 2491
f 2491 2490 2484
f 2860 2862 2863
f 2862 2857 2861
f 2468 2472 1960
f 624 364 623
f 623 364 363
f 365 362 366
f 366 367 368
f 367 379 368
f 379 380 551
f 535 538 534
f 535 534 532
f 532 531 529
f 522 521 516
f 1493 1475 1963
f 1963 1475 1474
f 1961 1474 1962
f 1474 1423 1962
f 1962 1423 2972
f 2972 1423 1417
f 2972 1417 1416
f 1416 1492 2957
f 4529 4596 3565
f 3565 4596 3563
f 3563 4596 4558
f 3566 3565 3562
f 3564 4571 4591
f 4591 4571 4569
f 4571 4559 4569
f 4559 4557 4569
f 1252 1245 1242
f 1252 1242 1251
f 4557 4556 4568
f 4569 4557 4568
f 1246 1247 1262
f 1254 1246 1262
f 1251 1244 2844
f 1228 1229 1253
f 2844 1244 2841
f 4566 4555 4564
f 2775 1214 1216
f 4554 4562 4564
f 1224 1213 2774
f 2774 1213 1214
f 2845 1330 1342
f 1224 2774 2773
f 4560 4572 4586
f 2772 2773 1289
f 2771 2772 1290
f 1290 2772 1289
f 1351 2771 1290
f 4589 4572 4574
f 2769 2771 1314
f 1314 2771 1351
f 4589 4574 4581
f 2767 2769 1316
f 1316 2769 1314
f 2760 2767 1333
f 1320 2767 1316
f 2762 2763 2760
f 1333 2767 1320
f 4597 4581 4580
f 1344 2760 1333
f 2761 2794 1273
f 2761 1273 2762
f 2759 2762 2760
f 4597 4580 4592
f 2761 2762 2759
f 2793 2794 2765
f 2765 2794 2761
f 2480 2478 2476
f 2476 2469 2479
f 2469 2471 2454
f 2454 2471 2472
f 2468 1960 2449
f 2449 1945 1927
f 2449 1927 2450
f 365 366 393
f 393 366 368
f 553 368 379
f 379 551 552
f 552 551 540
f 540 551 538
f 540 538 535
f 526 521 525
f 525 521 522
f 543 522 516
f 543 516 588
f 588 1493 1963
f 1963 1474 1961
f 2973 1962 2972
f 2972 1416 2956
f 588 516 572
f 2956 1416 2957
f 2957 2962 2961
f 2961 2962 2964
f 2961 2964 2967
f 2967 2964 2971
f 3015 2971 4491
f 3562 3565 3563
f 3562 3563 3564
f 3563 4558 3564
f 3564 4558 4571
f 3562 3564 3567
f 3567 3564 3568
f 4598 4569 4568
f 1262 1247 2596
f 1247 1245 2596
f 4568 4556 4567
f 2598 1262 2596
f 1251 2844 2595
f 1253 1229 1254
f 1254 1262 2598
f 4567 4556 4566
f 4567 4566 4565
f 1227 1228 1253
f 2778 1223 1227
f 2775 1216 2776
f 1216 1223 2776
f 2776 1223 2778
f 2841 2842 2845
f 4562 4563 4579
f 2774 1214 2775
f 1342 1330 1331
f 4563 4560 4586
f 1289 2773 1313
f 1313 2773 2774
f 4586 4572 4590
f 1313 2774 1291
f 1291 2774 1297
f 4590 4572 4589
f 1347 2760 1344
f 2761 2759 2758
f 2757 2759 2760
f 2760 1347 2757
f 2757 1347 2500
f 4597 4592 2793
f 2758 2759 2757
f 4597 2793 2788
f 2788 2793 2765
f 2500 2491 2496
f 2496 2491 2487
f 2487 2491 2484
f 2861 2857 2850
f 2480 2476 2479
f 2866 2865 2850
f 2454 2468 2449
f 2450 1927 2493
f 2493 1929 2492
f 1929 1894 1955
f 553 379 552
f 552 540 579
f 579 540 535
f 536 535 532
f 532 529 537
f 525 529 527
f 525 527 526
f 1950 1961 1959
f 588 1963 1950
f 543 588 1950
f 1965 2973 1966
f 1966 2973 2514
f 2514 2973 2972
f 2514 2972 2956
f 2967 2971 2969
f 2969 2971 2998
f 2998 3015 3012
f 3564 4591 3569
f 3568 3564 3569
f 3569 4591 3571
f 3571 4591 4569
f 3571 4569 4598
f 3568 3569 3570
f 3570 3569 3571
f 2596 1252 2595
f 1252 1251 2595
f 4568 4567 4578
f 2598 2596 2597
f 2596 2595 2597
f 2595 2844 2792
f 2779 1254 2598
f 2779 2598 2791
f 2791 2598 2597
f 2791 2597 2782
f 2844 2841 2792
f 1253 1254 2779
f 2792 2841 2786
f 1309 1227 1253
f 4565 4566 4564
f 2778 1227 1309
f 2841 2845 1342
f 4564 4562 4579
f 2775 2776 2777
f 4579 4563 4586
f 2774 2775 1301
f 1301 2775 2777
f 1298 2774 1301
f 1297 2774 1298
f 4599 4589 2820
f 2820 4589 4581
f 2820 4581 4597
f 2819 4597 2788
f 2765 2761 2758
f 2758 2757 2496
f 2496 2757 2500
f 2765 2758 2766
f 2487 2484 2478
f 2487 2478 2486
f 2486 2478 2480
f 2850 2857 2856
f 2479 2469 2470
f 2469 2454 2455
f 2450 2493 2460
f 2492 1955 2473
f 1955 1943 2473
f 615 579 535
f 615 535 536
f 1946 1943 1900
f 536 532 537
f 537 529 564
f 564 529 525
f 530 525 522
f 1940 1959 1941
f 530 522 543
f 1942 1949 1950
f 1947 1965 1966
f 2508 1966 2514
f 2963 2514 2956
f 2958 2957 2961
f 2961 2967 2966
f 2966 2967 2969
f 2969 2998 2976
f 2976 2998 3012
f 2976 3012 2979
f 2979 3012 3018
f 4598 4568 2816
f 3572 3571 4598
f 2816 4568 4578
f 2782 2597 2786
f 2786 2597 2792
f 4578 4567 4582
f 2779 2791 2781
f 2781 2791 2782
f 1312 1253 2779
f 1312 2779 2780
f 2780 2779 2781
f 2786 2841 2823
f 1309 1253 1312
f 2776 2778 1302
f 1302 2778 1308
f 2777 2776 1300
f 1300 2776 1302
f 4579 4586 4595
f 1301 2777 1300
f 4594 4586 4590
f 4599 4590 4589
f 2819 2820 4597
f 2787 2765 2766
f 2758 2496 2487
f 2856 2857 2855
f 2469 2455 2470
f 3956 3948 3952
f 2454 2449 2451
f 2451 2449 2448
f 2448 2449 2450
f 2460 2492 2473
f 2473 1943 1968
f 1958 1946 1914
f 1958 1914 1919
f 564 525 1915
f 1915 525 609
f 609 525 530
f 609 530 628
f 1920 1922 1947
f 1920 1947 2482
f 1947 1966 2508
f 2510 2508 2514
f 2510 2514 2963
f 2508 2510 2509
f 2963 2956 2954
f 2956 2957 2955
f 2954 2956 2955
f 2955 2957 2958
f 2979 3018 2999
f 4497 4509 4508
f 3572 4598 2816
f 2816 4578 2814
f 3577 3572 2816
f 3577 2816 2815
f 2816 2814 2815
f 2814 4578 4582
f 3580 3577 2815
f 4567 4565 4584
f 4582 4567 4584
f 2786 2823 2785
f 3580 2815 3581
f 4565 4564 4584
f 4584 4564 2806
f 2823 2841 1342
f 2806 4564 4585
f 1308 2778 1309
f 4585 4564 4579
f 4585 4579 4595
f 4595 4586 4594
f 2805 4590 4599
f 2805 4599 2820
f 2805 2820 2804
f 2804 2820 2819
f 2795 2804 2819
f 2795 2819 2788
f 2790 2795 2788
f 2788 2787 2789
f 2790 2788 2789
f 2787 2766 2723
f 2722 2766 2758
f 2722 2758 2487
f 2723 2766 2722
f 2722 2487 2486
f 2486 2480 2489
f 2851 2855 2854
f 2856 2855 2851
f 2489 2480 2479
f 2850 2856 2851
f 2850 2851 2852
f 2853 2850 2852
f 2455 2454 2451
f 2456 2450 2460
f 2460 2473 2459
f 2473 1968 2462
f 2462 1968 2488
f 3840 3841 3963
f 2488 1967 2463
f 2463 1967 2482
f 1967 1920 2482
f 2482 1947 2498
f 1947 2508 2505
f 2498 1947 2505
f 2505 2508 2509
f 2958 2961 2965
f 2961 2966 2965
f 2969 2976 2974
f 2980 2979 2999
f 2980 2999 3009
f 2980 3009 3010
f 3196 3194 3186
f 3193 3194 3195
f 3195 3194 3196
f 2814 4582 2810
f 2782 2786 2783
f 2783 2786 2785
f 2815 2814 2813
f 2813 2814 2810
f 2781 2782 1329
f 1329 2782 2783
f 2813 2810 2811
f 2810 4582 4584
f 1328 2780 2781
f 1328 2781 1329
f 2813 2811 2824
f 1327 2780 1328
f 2824 2811 2825
f 1312 2780 1323
f 1323 2780 1327
f 2799 4585 4595
f 4600 4595 4594
f 4600 4594 4590
f 2805 4600 4590
f 2796 2804 2795
f 2724 2795 2790
f 2789 2787 2723
f 2720 2722 2486
f 2720 2486 2489
f 2719 2489 2479
f 2599 2851 2854
f 2852 2851 2602
f 2851 2599 2602
f 2604 2852 2602
f 2467 2470 2455
f 2853 2852 2604
f 2455 2451 2467
f 2467 2451 2466
f 2448 2450 2452
f 2452 2450 2456
f 2462 2488 2463
f 2481 2482 2498
f 2505 2509 2950
f 2950 2509 4709
f 3016 3019 2954
f 3016 2954 2953
f 2953 2954 2952
f 2952 2954 2955
f 2966 2969 2970
f 3010 3011 2991
f 2991 3011 2997
f 2997 3011 3013
f 3314 3337 3338
f 3338 3337 3341
f 4505 3364 3365
f 2783 2785 2784
f 2811 2810 2809
f 2810 4584 2807
f 2809 2810 2807
f 1329 2783 2784
f 2785 2823 1342
f 2785 1342 1331
f 2807 4584 2806
f 2809 2807 2808
f 2822 2809 2808
f 2802 2806 2800
f 2806 4585 2800
f 2800 4585 2799
f 2799 4595 4600
f 2797 4600 2805
f 2805 2804 2796
f 2710 2796 2795
f 2710 2795 2724
f 2724 2790 2721
f 2790 2789 2700
f 2721 2790 2700
f 2700 2789 2723
f 2700 2723 2720
f 2720 2723 2722
f 2720 2489 2705
f 2719 2705 2489
f 2599 2600 2601
f 2602 2599 2601
f 2719 2479 2470
f 2725 2719 2470
f 2725 2470 2467
f 2604 2602 2603
f 2603 2602 2601
f 2603 2601 2605
f 2606 2604 2603
f 2853 2604 2606
f 2466 2451 2448
f 2456 2460 2459
f 3961 3963 3954
f 2481 2463 2482
f 2481 2498 2497
f 2497 2498 2503
f 2503 2498 2505
f 2505 2950 2951
f 2950 2953 2952
f 2951 2950 2952
f 2970 2969 2974
f 2974 2976 2975
f 2992 2997 3013
f 2992 3013 3014
f 3193 3192 3190
f 3193 3190 3194
f 3194 3190 3187
f 2435 2416 2405
f 2435 2405 2403
f 2784 2785 1331
f 2808 2807 2803
f 2803 2807 2806
f 1329 2784 1331
f 2803 2806 2802
f 2812 2808 2803
f 2812 2803 2801
f 2801 2803 2802
f 2801 2802 2800
f 2812 2801 2821
f 2821 2801 2817
f 2799 4600 2798
f 4411 2818 4413
f 2798 4600 2797
f 2797 2805 2796
f 2698 2710 2724
f 2698 2724 2721
f 2667 2698 2721
f 2667 2721 2700
f 2705 2700 2720
f 2704 2705 2719
f 2706 2704 2719
f 2706 2719 2708
f 2708 2719 2725
f 2466 2725 2467
f 2607 2603 2605
f 2607 2605 2608
f 2608 2605 2748
f 2647 2606 2607
f 3947 2606 2647
f 2448 2452 2453
f 2453 2452 2457
f 2452 2456 2457
f 2462 2463 2461
f 2461 2463 2464
f 2463 2481 2464
f 2952 2955 2729
f 2955 2958 2729
f 2958 2965 2741
f 2966 2970 2965
f 3192 3972 3191
f 3192 3191 3190
f 2991 2997 2992
f 2992 3014 2995
f 2404 1 2405
f 2416 2404 2405
f 2405 1 2403
f 2403 1 2343
f 2403 2343 2414
f 2801 2800 2718
f 2800 2799 2718
f 2718 2799 2716
f 2817 2801 2718
f 2818 2817 2718
f 2818 2718 2717
f 2717 2718 2716
f 2716 2799 2714
f 2714 2799 2798
f 2717 2716 2715
f 2716 2714 2715
f 2818 2717 2744
f 2717 2715 2744
f 2714 2798 2712
f 2744 2715 2727
f 2711 2712 2798
f 2711 2798 2797
f 2744 2727 2749
f 2749 2727 2750
f 2750 2727 2751
f 2692 2711 2797
f 2751 2728 2734
f 2692 2797 2796
f 2692 2796 2699
f 2699 2796 2710
f 2699 2710 2675
f 2671 2675 2710
f 2671 2710 2698
f 2674 2671 2670
f 2746 2674 2743
f 2743 2674 2670
f 2670 2671 2668
f 2671 2698 2668
f 2668 2698 2667
f 2743 2670 2742
f 2670 2668 2665
f 2742 2670 2731
f 2731 2670 2665
f 2663 2668 2667
f 2667 2700 2658
f 2663 2667 2658
f 2658 2700 2705
f 2731 2665 2666
f 2665 2668 2663
f 2658 2705 2704
f 2665 2663 2657
f 2666 2665 2657
f 2651 2658 2704
f 2666 2657 2659
f 2663 2658 2657
f 2657 2658 2651
f 2659 2657 2653
f 2653 2657 2651
f 2651 2704 2706
f 2653 2651 2652
f 2707 2706 2708
f 2740 2652 2646
f 2740 2646 2648
f 2689 2708 2725
f 2748 2740 2648
f 2725 2466 2512
f 2689 2725 2512
f 2608 2748 2656
f 2448 2512 2466
f 2747 2608 2656
f 2610 2607 2608
f 2610 2608 2611
f 2611 2608 2747
f 2512 2448 2501
f 2609 2607 2610
f 2647 2607 2609
f 2612 2610 2611
f 3945 2647 2609
f 2448 2453 2501
f 2614 3945 2609
f 2456 2459 2458
f 2458 2459 2461
f 2461 2459 2462
f 2485 2481 2497
f 2503 2505 2513
f 2733 2505 2951
f 2951 2952 2733
f 2733 2952 2729
f 3972 3973 2432
f 2729 2958 2741
f 2975 2976 2977
f 2976 2979 2978
f 2978 2979 2980
f 3190 3191 2407
f 2981 2980 2982
f 2980 2991 2982
f 2407 2406 2404
f 2404 2406 1
f 1 2 3
f 2343 1 3
f 2343 3 2344
f 2414 2343 2342
f 2425 2414 2342
f 2715 2714 2713
f 2714 2712 2713
f 2715 2713 2727
f 2713 2712 2696
f 2696 2712 2711
f 2727 2713 2728
f 2728 2713 2696
f 2696 2711 2693
f 2693 2711 2692
f 2728 2696 2734
f 2696 2693 2694
f 2734 2696 2694
f 2693 2692 2677
f 2694 2693 2677
f 2745 2734 2694
f 2745 2694 2732
f 2694 2677 2732
f 2692 2699 2675
f 2677 2692 2675
f 2732 2677 2676
f 2677 2675 2676
f 2732 2676 2739
f 2676 2675 2674
f 2739 2676 2674
f 2674 2675 2671
f 2645 2651 2706
f 2645 2706 2707
f 2646 2652 2651
f 2646 2651 2645
f 2640 2646 2645
f 2689 2707 2708
f 2648 2646 2640
f 2645 2707 2689
f 2688 2645 2689
f 2695 2689 2512
f 2688 2689 2695
f 2656 2648 2649
f 2649 2648 2640
f 2747 2656 2650
f 2650 2656 2649
f 2686 2695 2512
f 2686 2512 2501
f 2611 2650 2737
f 2612 2611 2737
f 2610 2612 2613
f 2609 2610 2613
f 2613 2612 2620
f 2614 2609 2613
f 2621 2613 2620
f 2614 2613 2615
f 2615 2613 2616
f 2616 2613 2621
f 3946 3945 2614
f 3946 2614 2615
f 2457 2456 2458
f 2622 2621 2654
f 3946 2615 2618
f 2616 2621 2622
f 3953 2628 3978
f 2499 2497 2503
f 2499 2503 2513
f 2513 2505 2733
f 2729 2741 2735
f 2741 2965 2968
f 2968 2965 2970
f 2968 2970 2975
f 2970 2974 2975
f 2977 2976 2978
f 2407 2409 2408
f 2407 2408 2406
f 2991 2992 2985
f 2982 2991 2985
f 2989 2992 2995
f 2343 2344 2339
f 2343 2339 2342
f 2342 2339 2341
f 2341 2339 2340
f 2342 2341 2373
f 2373 2341 2351
f 2373 2351 2421
f 4461 4473 4470
f 2640 2645 2641
f 2645 2688 2641
f 2687 2688 2695
f 2687 2695 2686
f 2641 2688 2687
f 2650 2649 2640
f 2685 2687 2686
f 2686 2501 2453
f 2642 2650 2640
f 2507 2685 2686
f 2737 2650 2642
f 2687 2685 2639
f 2507 2686 2453
f 2507 2453 2457
f 2620 2737 2644
f 2507 2457 2495
f 2495 2457 2458
f 2617 2615 2616
f 2618 2615 2617
f 2616 2622 2623
f 2617 2616 2623
f 2458 2461 2465
f 2465 2461 2464
f 2485 2497 2499
f 2499 2513 2703
f 2703 2513 2733
f 2417 2697 2408
f 2409 2432 2417
f 2409 2417 2408
f 2735 2741 2726
f 2726 2741 2968
f 2406 2408 2410
f 2736 2968 2975
f 2978 2980 2981
f 2978 2981 2982
f 1 2412 2590
f 2985 2992 2989
f 1 2590 2
f 2 2590 3
f 2989 2995 2990
f 2989 2990 2988
f 3002 3005 4463
f 2341 2340 2350
f 2340 2337 2350
f 2351 2350 2348
f 2421 2351 2348
f 2421 2348 2424
f 2424 2348 2346
f 2424 2346 2347
f 2443 2347 2436
f 2639 2640 2641
f 2639 2641 2687
f 2640 2639 2637
f 2642 2640 2637
f 2644 2642 2637
f 2682 2639 2685
f 2639 2682 2638
f 2685 2507 2495
f 2682 2685 2495
f 2654 2644 2643
f 2643 2644 2637
f 2495 2458 2494
f 2655 2654 2643
f 2623 2655 2633
f 2633 2655 2634
f 2618 2617 2619
f 2458 2465 2494
f 2619 2617 2623
f 2619 2623 2624
f 2624 2623 2625
f 2625 2623 2633
f 2629 2618 2619
f 2628 2629 2619
f 2628 2619 2626
f 2626 2619 2624
f 2465 2464 2504
f 2626 2624 2627
f 2464 2485 2504
f 2624 2625 2630
f 2660 2628 2626
f 2627 2624 2630
f 2511 2485 2499
f 2504 2485 2511
f 2626 2627 2417
f 2417 2627 2697
f 2697 2627 2630
f 2511 2499 2703
f 2433 2660 2626
f 2697 2630 2426
f 2433 2626 2417
f 2702 2703 2733
f 2702 2733 2729
f 2701 2702 2729
f 2701 2729 2735
f 2406 2410 2411
f 2709 2701 2735
f 2701 2709 2592
f 2709 2735 2726
f 2726 2968 2736
f 2738 2736 2975
f 2738 2975 3017
f 3017 2975 2977
f 2406 2411 2412
f 2726 2736 2730
f 2590 2591 2344
f 3 2590 2344
f 2988 2990 2993
f 2340 2339 2337
f 2337 2339 2336
f 3002 4465 3003
f 2350 2337 2335
f 2348 2350 2335
f 2348 2335 2346
f 2346 2335 2345
f 2436 2347 2415
f 2637 2639 2638
f 2682 2495 2684
f 2637 2638 2636
f 2681 2638 2682
f 2681 2682 2680
f 2684 2495 2494
f 2634 2643 2637
f 2680 2682 2683
f 2683 2682 2684
f 2636 2638 2681
f 2683 2684 2494
f 2634 2637 2636
f 2635 2636 2681
f 2634 2636 2635
f 2673 2635 2681
f 2634 2635 2632
f 2673 2681 2680
f 2633 2634 2632
f 2465 2683 2494
f 2664 2635 2673
f 2680 2683 2679
f 2679 2683 2465
f 2632 2635 2664
f 2673 2680 2679
f 2625 2633 2632
f 2632 2664 2662
f 2664 2673 2662
f 2672 2662 2673
f 2678 2673 2679
f 2672 2673 2678
f 2625 2632 2631
f 2679 2465 2504
f 2631 2632 2662
f 2678 2679 2504
f 2631 2662 2661
f 2630 2625 2631
f 2511 2678 2504
f 2661 2662 2669
f 2669 2662 2672
f 2672 2678 2669
f 2669 2678 2511
f 2630 2631 2661
f 2630 2661 2426
f 2669 2511 2690
f 2511 2703 2690
f 2661 2669 2411
f 2669 2690 2413
f 2690 2703 2702
f 2410 2426 2661
f 2410 2661 2411
f 2411 2669 2413
f 2413 2690 2691
f 2690 2702 2691
f 2691 2702 2701
f 2413 2691 2593
f 2593 2691 2701
f 2412 2411 2413
f 2593 2701 2592
f 2592 2709 2594
f 2594 2709 2726
f 2977 2978 3008
f 2412 2413 2590
f 2590 2413 2593
f 2594 2726 2730
f 2736 2738 2730
f 2978 2982 2983
f 2590 2593 2592
f 2590 2592 2591
f 2592 2594 2591
f 2591 2594 2370
f 2370 2594 2730
f 2984 2982 2985
f 2985 2989 2986
f 2344 2370 2339
f 2336 2370 2371
f 2989 2988 2986
f 2986 2988 2987
f 2987 2988 2993
f 2993 2994 2987
f 2987 2994 2996
f 2996 2994 3005
f 2996 3005 3002
f 2336 2330 2337
f 2335 2330 2332
f 2909 2913 2907
f 2335 2332 2345
f 2346 2345 2347
f 2347 2345 2353
f 2415 2347 2353
f 2422 2415 2353
f 2422 2376 2441
f 2442 2441 2419
f 2437 2977 3008
f 2439 3008 2978
f 2730 2738 2438
f 2738 3017 2438
f 3017 2977 2438
f 2370 2730 2371
f 2730 2438 2371
f 2371 2438 2338
f 2984 2985 2986
f 2336 2371 2338
f 2330 2338 2333
f 2330 2333 2331
f 2330 2331 2332
f 2996 3002 3001
f 3001 3002 3003
f 3003 2913 3004
f 3004 2913 2909
f 2332 2331 2349
f 2332 2349 2345
f 2345 2349 2354
f 2345 2354 2353
f 2353 2354 2356
f 2907 4519 2906
f 2353 2356 2376
f 2376 2356 2375
f 2376 2375 2419
f 2419 2397 2442
f 2397 2420 2442
f 2442 2420 3373
f 2437 3008 2374
f 2374 3008 2439
f 2439 2978 2983
f 2983 2982 2362
f 2438 2437 2333
f 2333 2437 2374
f 2362 2982 2984
f 2333 2374 2334
f 2434 2984 2986
f 2349 2331 2357
f 2356 2354 2355
f 2905 2909 2907
f 2356 2363 2375
f 2905 2907 2906
f 2375 2377 2378
f 2397 2375 2378
f 2397 2378 2420
f 2420 2378 2402
f 2374 2439 2352
f 2362 2984 2369
f 2334 2374 2352
f 2434 2986 2368
f 2334 2352 2331
f 2331 2352 2357
f 2987 2996 3000
f 3000 2996 3001
f 3001 3003 3004
f 3004 2909 2911
f 2349 2357 2355
f 2363 2364 2377
f 2395 2905 2906
f 2377 2379 2378
f 2378 2379 2402
f 2402 2379 2381
f 2401 2402 2381
f 2439 2983 2362
f 2369 2984 2434
f 2352 2362 2357
f 2368 2986 2367
f 2367 2986 2987
f 2357 2362 2359
f 2429 2987 3000
f 2429 3000 2431
f 3000 3001 3007
f 3007 3001 3006
f 3001 3004 3006
f 2357 2359 2358
f 3006 3004 2911
f 2911 2909 2905
f 2355 2358 2363
f 2363 2358 2364
f 2377 2364 2380
f 2379 2380 2381
f 2401 2381 2391
f 2395 2906 2910
f 2427 2910 2912
f 2362 2369 2359
f 2358 2359 2360
f 2428 2987 2429
f 2431 3000 3007
f 2358 2360 2361
f 2358 2361 2364
f 2364 2361 2366
f 2364 2366 2380
f 2399 2400 2372
f 2372 2400 2382
f 2380 2366 2372
f 2381 2372 2382
f 2905 2395 2908
f 2381 2382 2383
f 2391 2383 2387
f 2395 2910 2427
f 2359 2369 2360
f 2369 2434 2360
f 2367 2987 2428
f 2360 2365 2361
f 2431 3007 2430
f 2430 3007 2392
f 2361 2365 2366
f 2440 3007 3006
f 2440 3006 2447
f 2366 2365 2367
f 2399 2429 2400
f 2400 2429 2431
f 2400 2431 2418
f 2447 3006 2398
f 3006 2911 2398
f 2366 2367 2372
f 2372 2367 2399
f 2400 2418 2382
f 2382 2418 2384
f 2383 2382 2384
f 2383 2384 2385
f 2383 2385 2386
f 2387 2383 2386
f 2387 2386 2393
f 2393 2386 2388
f 2423 2393 2388
f 2434 2368 2365
f 2365 2368 2367
f 2392 3007 2440
f 2367 2428 2399
f 2418 2431 2430
f 2428 2429 2399
f 2418 2430 2392
f 2446 2911 2905
f 2384 2418 2392
f 2384 2392 2385
f 2386 2385 2388
f 2394 2908 2395
f 2398 2911 2446
f 2392 2440 2390
f 2385 2392 2390
f 2446 2905 2908
f 2446 2908 2394
f 2385 2389 2388
f 2388 2389 2394
f 2388 2394 2395
f 2440 2447 2390
f 2390 2447 2398
f 2396 2446 2394
f 2389 2390 2398
f 2389 2398 2396
f 2398 2446 2396
f 2389 2396 2394

