# https://github.com/mikedh/trimesh
v 0.07646563 0.21786498 -0.21947588
v 0.07263894 0.22369824 -0.21943016
v 0.08339349 0.21265665 -0.22013351
v 0.07053634 0.05393700 0.12706812
v 0.03573087 0.05500676 0.12763241
v 0.05581591 0.05546777 0.14981565
v 0.09868392 0.05372955 0.14898029
v 0.10333127 0.05201159 0.12388553
v 0.12151423 0.05232120 0.15141170
v 0.12244159 0.05091504 0.12736258
v 0.07078279 0.05503239 0.16739140
v 0.12294536 0.05270062 0.17850621
v 0.08709980 0.05436851 0.19642645
v 0.12120783 0.05292264 0.19976138
v 0.03547996 0.05553274 0.16838247
v 0.04758618 0.05481212 0.19600545
v 0.02439691 0.05551437 0.14889549
v 0.14992668 0.05090772 0.19678116
v 0.16725875 0.04979232 0.22745486
v 0.12395661 0.05156579 0.24787965
v 0.15944164 0.04984786 0.25367481
v 0.08036194 0.05362106 0.22066432
v 0.10966200 0.05155749 0.25212508
v 0.19488519 0.04742803 0.25406510
v 0.20197840 0.04722128 0.23019534
v 0.21826077 0.04577724 0.24900813
v 0.19896033 0.04630540 0.28615630
v 0.22230107 0.04500616 0.27184168
v 0.19189380 0.04740765 0.19626878
v 0.14856324 0.04931850 0.14725524
v 0.21726353 0.04584135 0.21993491
v 0.17209849 0.04694460 0.30057636
v 0.13141239 0.04982387 0.27459127
v 0.25071862 0.04219797 0.28217199
v 0.22324045 0.04340608 0.30629918
v 0.26241690 0.04110838 0.24942194
v 0.26541698 0.04055944 0.27719823
v 0.18426803 0.04706565 0.17335346
v 0.17673393 0.04642203 0.14875151
v 0.23011965 0.04345129 0.19951886
v 0.22516631 0.04271708 0.17472619
v 0.25065100 0.04082953 0.20161942
v 0.15035014 0.04753516 0.12598455
v 0.19451575 0.04458524 0.15430604
v 0.27760851 0.03879579 0.25897458
v 0.26895609 0.03887889 0.30330351
v 0.05076308 0.05379053 0.21492375
v -0.00313460 0.05435425 0.12695578
v 0.12322453 0.04799072 0.29954907
v 0.07318544 0.05154695 0.25390145
v 0.08805148 0.04751515 0.30322236
v 0.22169118 0.04187676 0.32267958
v 0.26031959 0.03797875 0.32098290
v -0.00152650 0.05457439 0.15776831
v 0.02554538 0.05415180 0.19692002
v 0.03400109 0.05101470 0.24690937
v 0.00537153 0.04952542 0.25087109
v 0.03516173 0.04671820 0.29906094
v 0.00196510 0.04673361 0.28222474
v 0.00036280 0.05258377 0.20104750
v 0.14636149 0.04353354 0.33512452
v 0.17337161 0.04291651 0.33389211
v 0.06281240 0.04335831 0.33271307
v 0.10615316 0.04293245 0.34008238
v -0.01960596 0.04793548 0.25082806
v -0.02323068 0.04615428 0.27049291
v 0.20459145 0.04105273 0.33495155
v 0.00153973 0.04421400 0.30670106
v 0.03656900 0.04244256 0.33255637
v -0.01602856 0.05353518 0.15603657
v -0.02675637 0.05081642 0.19246404
v -0.00348009 0.05220133 0.09635813
v -0.01958232 0.04265247 0.30593657
v 0.12089051 0.04100340 0.35147372
v -0.04731498 0.05057293 0.12828118
v 0.00467061 0.04120239 0.32914355
v -0.03448445 0.04641830 0.25043851
v -0.04926627 0.04952744 0.16743769
v 0.08041926 0.04078000 0.34994891
v 0.14945877 0.04081216 0.35005030
v -0.04739976 0.04980846 0.10384378
v -0.03041147 0.05081678 0.09392319
v 0.04832273 0.05281327 0.10771187
v 0.02753805 0.05298251 0.10545118
v -0.00179548 0.04988979 0.07344130
v 0.08528861 0.05122200 0.10706352
v -0.05457962 0.04656529 0.20683342
v -0.05478367 0.04358962 0.25298867
v -0.03342533 0.04190865 0.29755732
v -0.04458445 0.04205446 0.28311193
v -0.02837968 0.04821907 0.06636039
v 0.12417287 0.04871843 0.10669441
v -0.04809182 0.04770579 0.07571573
v 0.23349446 0.03993073 0.15399149
v 0.24968794 0.03932800 0.18056610
v 0.28205582 0.03773940 0.27116084
v 0.28244451 0.03686564 0.29241985
v 0.26686057 0.03917380 0.22349742
v 0.20416628 0.04042557 0.12476741
v 0.05110045 0.04792684 0.07318249
v 0.08467146 0.04928122 0.09294493
v -0.06443685 0.04721995 0.09621847
v 0.14627133 0.04590219 0.10625245
v 0.12784073 0.04624429 0.09163881
v -0.07400583 0.04531273 0.17487653
v 0.24082458 0.03787099 0.33307433
v 0.03527761 0.03877583 0.34981164
v -0.06807186 0.04738180 0.12933016
v -0.09603455 0.04227852 0.10727417
v -0.00196406 0.04718490 0.05535471
v 0.04001525 0.04547250 0.05484835
v 0.08303112 0.04660668 0.07673460
v 0.27805802 0.03771088 0.24195974
v 0.18175049 0.03824303 0.35337889
v -0.06768598 0.04317454 0.22447185
v -0.08293963 0.04222059 0.19589984
v -0.04947660 0.04236948 0.03671638
v -0.08009333 0.04280096 0.07059584
v -0.02810495 0.04094597 0.02214825
v 0.17776811 0.04005134 0.09757809
v 0.20410566 0.03808390 0.10746415
v 0.16492637 0.04068406 0.09009655
v 0.22159547 0.03731440 0.12049095
v -0.07203449 0.03998384 0.03783162
v -0.09532983 0.04234267 0.13143186
v -0.00124518 0.03867541 0.00895413
v -0.08677703 0.03507037 0.01641438
v -0.10119741 0.03593240 0.03913459
v -0.11491303 0.02992291 0.00427783
v -0.10001869 0.04019973 0.08065828
v -0.14038220 0.03201234 0.06573155
v -0.10923548 0.03954083 0.10104856
v 0.03776190 0.03752466 0.01151098
v 0.02879430 0.03418806 -0.00758312
v -0.00169653 0.02650016 -0.05169890
v 0.04855952 0.02727552 -0.03708071
v 0.02805495 0.02688394 -0.04614207
v 0.01099970 0.02416844 -0.06416842
v -0.02406760 0.02334001 -0.07144116
v 0.00541895 0.02231914 -0.08072139
v -0.02250408 0.02237728 -0.08201952
v -0.05174952 0.02234367 -0.08108967
v -0.05404314 0.02421695 -0.06224031
v -0.08325962 0.02251087 -0.07863379
v -0.09866609 0.02284210 -0.06519821
v -0.11669926 0.02185664 -0.08045866
v -0.04222339 0.02264978 -0.09295996
v -0.09609057 0.02323511 -0.09193183
v -0.15345024 0.01989533 -0.07970950
v -0.13339721 0.02218806 -0.05094678
v 0.00938666 0.02305695 -0.09178669
v -0.08330471 0.02525466 -0.04706896
v -0.15459283 0.02018813 -0.06534134
v -0.16537485 0.02079104 -0.04471011
v -0.18601286 0.01805772 -0.07861028
v -0.18188667 0.01915270 -0.05262539
v -0.14277418 0.02358113 -0.02906357
v -0.16450104 0.02321701 -0.01379391
v -0.17434961 0.02056328 -0.02999109
v -0.12140673 0.02561235 -0.02638687
v -0.18611841 0.01841776 -0.09247503
v 0.04731368 0.02252293 -0.06492502
v 0.02386092 0.02185497 -0.08203764
v 0.08035464 0.02014165 -0.06828606
v 0.07424963 0.01996271 -0.08030876
v 0.04308731 0.02207077 -0.09195382
v 0.09271179 0.02023295 -0.07665202
v 0.07714856 0.02193671 -0.05163911
v 0.11654660 0.01973573 -0.04867017
v 0.11120795 0.02160681 -0.03425839
v 0.10488879 0.01950390 -0.06415647
v 0.12054957 0.01963722 -0.06078244
v 0.14762214 0.01918046 -0.05923027
v 0.14339103 0.02108058 -0.03059280
v 0.15517901 0.01849808 -0.04700754
v 0.15102504 0.01862151 -0.05223088
v 0.15846325 0.02151416 -0.01960853
v 0.15686686 0.02668620 0.01423896
v 0.12448620 0.02670543 0.00309991
v 0.09219655 0.02638870 -0.01462425
v 0.07848802 0.03139167 0.00293397
v 0.11745412 0.03039987 0.01850822
v -0.04407649 0.02657793 -0.04933298
v -0.08007943 0.02816197 -0.02967856
v -0.03406700 0.03560166 -0.00350843
v -0.13240066 0.02755390 -0.00000983
v -0.15367024 0.02701201 0.01537593
v -0.13350749 0.03122019 0.04103496
v 0.17082882 0.02297393 -0.00186335
v 0.17712845 0.02602475 0.02047596
v -0.09354477 0.03161456 -0.00229286
v -0.05074858 0.03557561 0.00004720
v 0.16269119 0.03109185 0.04140234
v -0.10923225 0.02325491 -0.09413109
v -0.04222513 0.02340244 -0.09706115
v 0.18578421 0.02678621 0.03201528
v 0.07648863 0.03956708 0.04051470
v 0.10711817 0.04136335 0.06191462
v 0.14806591 0.03448753 0.05048176
v 0.12230803 0.03475627 0.03976040
v 0.12546356 0.04370167 0.07862097
v -0.14800061 0.02929412 0.04273528
v -0.11982951 0.03423886 0.05107282
v 0.17577164 0.03445616 0.06561715
v 0.18995821 0.02960989 0.04905492
v 0.19300783 0.03337570 0.07046194
v 0.20412381 0.03374666 0.08133483
v -0.19989666 0.01653359 -0.08975157
v -0.19353336 0.01669430 -0.07100001
v 0.21608844 0.03382744 0.09661675
v -0.15854637 0.02617692 0.02044126
v 0.23436959 0.03748020 0.13948806
v -0.09830467 0.04103246 0.15668154
v -0.11900778 0.03733772 0.11895417
v -0.13008863 0.03465496 0.09721453
v 0.26248500 0.03746592 0.19649665
v 0.10653364 0.02060155 -0.07066210
v 0.24705943 0.03765660 0.16264312
v -0.17199221 0.02136700 -0.01709450
v 0.20153502 0.02990170 0.06334326
v 0.00310752 0.02409604 -0.09599269
v 0.16745873 0.01876919 -0.02237117
v 0.11525703 0.02155469 -0.06706042
v -0.16883107 0.02211592 0.00142968
v 0.28347221 0.03534983 0.30639073
v -0.11329264 0.03773702 0.14007552
v 0.07144074 0.02200658 -0.09069607
v -0.01782986 0.03824873 0.33163488
v -0.03178008 0.03839054 0.31976336
v -0.07972857 0.04036524 0.22387388
v -0.10083389 0.03863271 0.18170257
v 0.15751797 0.01473537 -0.06252691
v -0.14061238 0.03184803 0.07737336
v 0.11751054 0.03815030 0.36366302
v 0.09227566 0.03793007 0.36295503
v 0.09356996 0.02206271 -0.08199710
v 0.17958945 0.02266284 0.01005923
v -0.00141456 0.03795321 0.34040540
v -0.06662786 0.03878364 0.26751029
v -0.18312590 0.01816135 -0.04059659
v 0.21373345 0.03756863 0.34509149
v -0.04791103 0.03792512 0.30150613
v 0.14751920 0.03793855 0.36095023
v 0.04946483 0.03708944 0.35755178
v -0.15386237 0.02725584 0.04547950
v -0.09512753 0.03816223 0.20146982
v -0.08116810 0.03785685 0.23853222
v 0.12705950 0.02082664 -0.06323899
v -0.16597661 0.02098697 -0.09724410
v 0.22938700 0.03373368 0.11659665
v 0.21429804 0.03024696 0.08194918
v 0.28414097 0.03196822 0.31834757
v -0.18058379 0.01768549 -0.02609294
v 0.20184067 0.02641756 0.05508555
v -0.18913551 0.01964270 -0.09613154
v -0.20412588 0.01754630 -0.09361183
v 0.24621737 0.03389048 0.14568874
v 0.29304892 0.03205075 0.29271650
v 0.26556450 0.03402211 0.32940513
v 0.28736439 0.03381675 0.24930891
v 0.00529045 0.02621427 -0.10117421
v -0.04547590 0.02589224 -0.10352306
v -0.09224813 0.02738244 -0.10351664
v -0.13373792 0.02583766 -0.10391817
v 0.29419303 0.03175099 0.28034654
v 0.00347294 0.03448333 0.35073155
v 0.14362320 0.01986562 -0.05986579
v -0.03509992 0.03398990 0.33005652
v 0.12230527 0.03404811 0.37264135
v 0.16514948 0.03413558 0.36628398
v -0.01747326 0.03364891 0.34346876
v 0.03958542 0.03367793 0.36303368
v -0.16354679 0.02331263 0.02520123
v 0.24259268 0.03362457 0.34265360
v 0.15094066 0.02193111 -0.06627753
v 0.25733218 0.03391768 0.16911082
v -0.13368772 0.03115506 0.11024657
v -0.14177538 0.02988013 0.08724082
v 0.19163786 0.03371343 0.36056697
v 0.08966944 0.03374837 0.37156516
v 0.27692074 0.03362935 0.21749255
v 0.26966441 0.03310194 0.19598728
v -0.19772272 0.01458822 -0.07129544
v -0.19241889 0.01408886 -0.05305593
v -0.20416659 0.01442931 -0.08872132
v 0.17594990 0.01759250 -0.00926962
v -0.11726724 0.03366276 0.15219440
v -0.17740257 0.01767330 -0.01294053
v 0.29351020 0.02956037 0.30593255
v 0.16079105 0.01411923 -0.05191078
v 0.16600923 0.01526789 -0.03451777
v 0.27700201 0.03019331 0.32820073
v 0.18570314 0.02164199 0.01747221
v -0.05238312 0.03384043 0.30663961
v -0.06451103 0.03130209 0.29100084
v -0.15190734 0.02605839 0.06434806
v -0.02898821 0.02948135 0.34300944
v -0.10385448 0.03414784 0.19332173
v 0.19167759 0.02165514 0.02902575
v 0.23064557 0.03020149 0.10985652
v 0.24108014 0.03022574 0.12826346
v 0.29435897 0.03013102 0.26523554
v 0.13024588 0.03050742 0.37684664
v 0.21805708 0.03023788 0.35665378
v 0.18295743 0.03051134 0.36750811
v -0.01469559 0.03020854 0.34994057
v 0.09547371 0.02991427 0.37736738
v 0.18065840 0.01824882 0.00181288
v 0.06273176 0.03034246 0.37178963
v 0.25083748 0.03015391 0.34362331
v -0.14690484 0.02524586 0.08632542
v 0.03440244 0.03005790 0.36653572
v 0.00984687 0.02991812 0.35931203
v -0.09308202 0.03141404 0.23027284
v -0.07256045 0.03137602 0.27588370
v -0.08202372 0.03222736 0.25362071
v -0.08784173 0.03199691 0.24096741
v -0.12980799 0.02915386 0.13052908
v -0.16027711 0.02210906 0.04473606
v -0.15571263 0.02192347 0.06322505
v -0.17214158 0.01783098 0.00862345
v -0.03984951 0.02945666 0.33282003
v -0.05378549 0.02957750 0.31302109
v -0.12397864 0.02889857 0.14888844
v -0.11658654 0.02898754 0.17122301
v 0.28580156 0.03021439 0.23292778
v 0.29919523 0.02557267 0.29427874
v 0.29249823 0.02454228 0.31743816
v 0.30005416 0.02167710 0.30519858
v 0.31119746 -0.18214540 0.30043361
v 0.31220058 -0.16646798 0.29160327
v 0.31684899 -0.19071256 0.29089132
v 0.31741709 -0.22095409 0.29999048
v 0.31231976 -0.21171464 0.30852589
v 0.30368766 -0.16771026 0.31501922
v 0.30356038 -0.13631116 0.30340859
v 0.31004214 -0.13245508 0.28460017
v 0.30199963 -0.08647829 0.28813627
v 0.29790044 -0.09281496 0.30312470
v 0.29641229 -0.11412611 0.31454641
v 0.29977801 -0.13748334 0.31566587
v 0.31079885 -0.21274610 0.31378683
v 0.29261392 -0.08025073 0.31453228
v 0.29115874 -0.06861118 0.31528357
v 0.29500943 -0.06091655 0.30097890
v 0.28966475 -0.05701779 0.31474727
v 0.31907147 -0.25206992 0.31159228
v 0.31313038 -0.23354578 0.31885251
v 0.32722303 -0.29002520 0.31027311
v 0.32093284 -0.27973649 0.32245940
v 0.31678423 -0.25466114 0.32001311
v 0.32566154 -0.30728355 0.32383528
v 0.32957867 -0.31027457 0.31388155
v 0.30110553 -0.06943760 0.28256181
v 0.30200318 -0.06306358 0.27549553
v 0.30564138 -0.08115175 0.27727255
v 0.30841246 -0.09932203 0.27843633
v 0.32562697 -0.26225024 0.30143693
v 0.33379596 -0.30658293 0.30396673
v 0.31365147 -0.14521442 0.28211784
v 0.32889956 -0.26765180 0.29790148
v 0.32647485 -0.24792586 0.29469779
v 0.32169369 -0.22865906 0.29499793
v 0.33333308 -0.28799486 0.29906535
v 0.32082614 -0.20818502 0.29061759
v 0.31733119 -0.17783156 0.28646007
v 0.28626543 -0.04490644 0.31106529
v 0.30952087 -0.20913725 0.31918696
v 0.30461091 -0.17441598 0.31873780
v 0.32554287 -0.30939779 0.32714492
v 0.29791149 -0.05203983 0.27579498
v 0.28466940 -0.04171393 0.31436959
v 0.28900340 -0.04521008 0.29693192
v 0.32415289 -0.29441622 0.32724029
v 0.31774375 -0.16551583 0.28349838
v 0.31687722 -0.25600871 0.32362461
v 0.30134955 -0.04872481 0.26946312
v 0.33336517 -0.31277671 0.30964202
v 0.31414381 -0.13170227 0.27957708
v 0.31319809 -0.23187715 0.32297590
v 0.32112122 -0.27841318 0.32561177
v 0.29052266 -0.04112910 0.27697265
v 0.29571804 -0.03937941 0.26651651
v 0.30008885 -0.13778409 0.31786484
v 0.30688912 -0.06869180 0.27308559
v 0.31077078 -0.09899423 0.27651635
v 0.33834243 -0.31230816 0.30312696
v 0.32234332 -0.19571216 0.28733453
v 0.28390121 -0.03767250 0.29042861
v 0.30963990 -0.20406391 0.32241672
v 0.27448955 -0.03017968 0.31202719
v 0.28689981 -0.03132600 0.26521853
v 0.27976984 -0.03140767 0.27737230
v 0.27195022 -0.02797942 0.29584178
v 0.28943878 -0.02901339 0.26030099
v 0.27718407 -0.02652344 0.26831502
v 0.13994662 -0.18411189 -0.13342084
v 0.12525859 -0.17157812 -0.14028662
v 0.12597653 -0.19052133 -0.14300622
v 0.13917182 -0.22245619 -0.14108361
v 0.12435573 -0.22923073 -0.15118006
v 0.11541303 -0.21861313 -0.15426040
v 0.11567628 -0.24059236 -0.15785250
v 0.13937198 -0.24197181 -0.14334072
v 0.13954027 -0.25763413 -0.14567211
v 0.14016925 -0.28218797 -0.14856410
v 0.11925711 -0.28493702 -0.16106398
v 0.12537937 -0.30774277 -0.16054070
v 0.14101000 -0.31468335 -0.15259010
v 0.13687794 -0.34472948 -0.15790905
v 0.12941548 -0.34563312 -0.16199160
v 0.11935863 -0.31727803 -0.16652389
v 0.12441314 -0.34522158 -0.16543299
v 0.12569617 -0.13045204 -0.13091679
v 0.12058471 -0.14649585 -0.13730991
v 0.11688716 -0.12065678 -0.13407680
v 0.11253688 -0.13126737 -0.13924623
v 0.11265286 -0.11323539 -0.13534822
v 0.11129271 -0.15713958 -0.14363262
v 0.11085226 -0.17278948 -0.14677818
v 0.14489944 -0.33979592 -0.15387483
v 0.12408319 -0.10630337 -0.12481174
v 0.13988122 -0.16376120 -0.12833311
v 0.13989156 -0.14887784 -0.12489678
v 0.13641670 -0.12567587 -0.12145817
v 0.13512826 -0.10315616 -0.11535612
v 0.14066304 -0.13286611 -0.12075331
v 0.14019318 -0.11273111 -0.11616912
v 0.10783274 -0.15218066 -0.14614055
v 0.11316410 -0.10026947 -0.12837991
v 0.11517224 -0.26927269 -0.16264299
v 0.11884474 -0.08909862 -0.12007946
v 0.11100267 -0.08882580 -0.12459388
v 0.13129967 -0.09450805 -0.11398716
v 0.14162506 -0.20450743 -0.13687497
v 0.13955247 -0.09535851 -0.11225187
v 0.12017059 -0.34570423 -0.17032480
v 0.10653044 -0.07700884 -0.12044713
v 0.11631256 -0.29420894 -0.16651338
v 0.10824586 -0.11916224 -0.14366309
v 0.11384683 -0.23896755 -0.15997700
v 0.11261468 -0.21915849 -0.15798509
v 0.11141862 -0.19161543 -0.15232132
v 0.12903069 -0.08804701 -0.11107595
v 0.14444579 -0.31627867 -0.15204974
v 0.14352787 -0.28338695 -0.14814906
v 0.10456279 -0.06980128 -0.11593489
v 0.14346609 -0.25481501 -0.14477251
v 0.14368673 -0.18272756 -0.13269261
v 0.14315701 -0.16682817 -0.12879936
v 0.14611617 -0.34584847 -0.15644951
v 0.10289424 -0.07029785 -0.11792597
v 0.09759037 -0.06287248 -0.11618840
v 0.13771790 -0.08323465 -0.10898874
v 0.14408068 -0.15193789 -0.12567173
v 0.14271696 -0.22017375 -0.14061001
v 0.12613621 -0.07955482 -0.10599039
v 0.14359568 -0.13382579 -0.12171741
v 0.13462965 -0.07431802 -0.10438810
v 0.11750838 -0.32279453 -0.17150675
v 0.14287861 -0.11435197 -0.11721360
v 0.11809768 -0.34040788 -0.17643702
v -0.03083033 0.12422153 -0.17249428
v -0.01498158 0.11816883 -0.16770490
v -0.03093282 0.12029887 -0.17045923
v -0.00311466 0.12644424 -0.17179984
v -0.11745481 0.12002955 -0.17058964
v -0.14108860 0.12419055 -0.17276758
v -0.17385782 0.12055578 -0.17036074
v -0.17723066 0.12474348 -0.17231379
v -0.02714873 0.13302211 -0.17946243
v -0.00188320 0.13412064 -0.17692897
v -0.04311021 0.12803534 -0.17650279
v -0.00032213 0.11032192 -0.15828827
v 0.01792384 0.11925970 -0.16210796
v -0.03592523 0.14132506 -0.18874629
v -0.01293067 0.14299288 -0.18719307
v -0.06857347 0.13489352 -0.18345892
v -0.08443262 0.13973461 -0.18756808
v -0.08167899 0.12759297 -0.17646928
v -0.13640577 0.13380778 -0.18314549
v -0.13513145 0.12687503 -0.17613328
v -0.16507567 0.12890343 -0.17906533
v -0.13480216 0.13992226 -0.18783680
v -0.01337989 0.11155227 -0.16174975
v -0.14756304 0.13130172 -0.18296081
v -0.01034793 0.10685035 -0.15590939
v 0.00689414 0.10537480 -0.15458645
v -0.17252165 0.13016674 -0.17863195
v -0.15719409 0.12836052 -0.17981513
v 0.03215808 0.11107112 -0.15456761
v 0.02480471 0.10545687 -0.15178885
v -0.08032557 0.14255325 -0.19129394
v -0.04239067 0.14302698 -0.19147110
v -0.02242859 0.14490819 -0.19175932
v -0.01071634 0.14677611 -0.19095027
v -0.13325790 0.14283510 -0.19184512
v 0.01381958 0.09657243 -0.14799111
v 0.02583162 0.09687034 -0.14517383
v 0.05075972 0.09567917 -0.14342189
v 0.01997189 0.09209189 -0.14138536
v 0.07000826 0.09286921 -0.14117610
v 0.05760838 0.10677468 -0.15020838
v 0.06749035 0.10594191 -0.14933059
v -0.02861835 0.10202046 -0.15922490
v -0.04015730 0.11154494 -0.16757929
v -0.04921855 0.10320103 -0.16137356
v -0.08277324 0.10882782 -0.16689163
v -0.08171406 0.10239679 -0.16171385
v -0.11923733 0.10978105 -0.16671808
v -0.08083998 0.09198923 -0.15429348
v -0.11450171 0.09158660 -0.15392934
v -0.05087486 0.09211642 -0.15380707
v -0.02455868 0.09284069 -0.15234564
v -0.05524696 0.08345477 -0.14654034
v 0.00043060 0.08534298 -0.14427277
v -0.08886129 0.08169330 -0.14570098
v -0.03420283 0.07732560 -0.14117344
v -0.13871437 0.09300417 -0.15434787
v 0.00201000 0.09446397 -0.15012769
v -0.13369511 0.08535799 -0.14804406
v -0.13143311 0.07722149 -0.14168924
v -0.16113658 0.07739076 -0.14168079
v -0.15516244 0.09305848 -0.15458320
v -0.16103764 0.10829265 -0.16453072
v -0.13195360 0.11000398 -0.16592114
v -0.17228317 0.09428480 -0.15505283
v -0.17228809 0.08559287 -0.14790019
v -0.18487562 0.08004105 -0.14353336
v -0.18543142 0.09130432 -0.15116639
v -0.19511561 0.09153586 -0.15190221
v -0.17270312 0.10731480 -0.16339120
v -0.12899846 0.11682006 -0.17009561
v -0.16217937 0.11759428 -0.17011712
v -0.09138295 0.11431556 -0.16998713
v -0.01259319 0.09906130 -0.15450947
v -0.00900139 0.07365955 -0.13803780
v 0.02039663 0.07479200 -0.13506560
v 0.01021053 0.06589266 -0.12959687
v 0.03349686 0.06211840 -0.12627971
v 0.00387024 0.06081257 -0.12615992
v 0.03918187 0.07511637 -0.13514018
v 0.06499780 0.06162506 -0.12554970
v 0.06302270 0.07724672 -0.13536696
v 0.07398593 0.06329130 -0.12684098
v 0.08110782 0.05751254 -0.12332204
v 0.07499041 0.07715864 -0.13572329
v -0.03790261 0.11627941 -0.17001995
v 0.07778025 0.08900726 -0.13900857
v -0.03736867 0.07330003 -0.13918307
v -0.12648030 0.07292673 -0.13950951
v 0.08708766 0.06129099 -0.12496238
v 0.09851840 0.05186263 -0.11599711
v 0.09937170 0.06080751 -0.12383369
v -0.19488120 0.08311693 -0.14694978
v -0.00040435 0.06365023 -0.13019648
v 0.01359372 0.08450048 -0.14093474
v -0.19333228 0.07199174 -0.14049305
v 0.02372617 0.08310974 -0.13895196
v 0.09296688 0.04808380 -0.11486184
v 0.06707123 0.08434185 -0.13869506
v -0.18411596 0.07239357 -0.13885663
v -0.18051249 0.07725662 -0.14088872
v 0.07729854 0.09635923 -0.14148024
v -0.16090795 0.07165580 -0.13908519
v 0.02142576 0.08819044 -0.13961121
v -0.18410853 0.05816925 -0.13237937
v -0.16569018 0.05504644 -0.12949951
v -0.18322606 0.04450234 -0.12387305
v -0.19128558 0.05581483 -0.13193008
v -0.16787376 0.04427847 -0.12356814
v -0.13668922 0.06075590 -0.13324568
v -0.11668892 0.05328967 -0.12921679
v -0.12178253 0.06980877 -0.13890670
v -0.08832996 0.06736433 -0.13771099
v -0.12216596 0.04416095 -0.12402216
v -0.07740113 0.05367372 -0.12908506
v -0.04931338 0.06029433 -0.13422601
v -0.08422828 0.04364650 -0.12351231
v -0.06947530 0.04453470 -0.12415503
v -0.05835880 0.05168081 -0.12947331
v -0.04446431 0.07030232 -0.13885316
v -0.02896375 0.05871242 -0.13260767
v -0.18340851 0.03065154 -0.11745416
v -0.01111060 0.05977778 -0.13106589
v 0.05143109 0.05703926 -0.12385337
v -0.04826996 0.04478229 -0.12715134
v -0.04983081 0.03563017 -0.12196559
v -0.02603832 0.03618803 -0.12193072
v -0.02665789 0.04576528 -0.12701660
v -0.00933452 0.04181059 -0.12238703
v -0.00231818 0.05104993 -0.12538226
v -0.08181328 0.03226067 -0.11875579
v -0.18941897 0.09895822 -0.15457943
v -0.18343775 0.10265019 -0.15761980
v -0.19969471 0.09689467 -0.15527207
v -0.10189922 0.03402901 -0.12060791
v -0.13890590 0.03925997 -0.12250650
v -0.10841906 0.03848952 -0.12184068
v -0.04668820 0.02831235 -0.11924164
v 0.00960931 0.04760036 -0.12321016
v -0.01536651 0.10501134 -0.15745732
v -0.02102421 0.02991227 -0.11969108
v 0.00609822 0.05527555 -0.12410600
v -0.00197734 0.14346728 -0.18404041
v 0.01624565 0.13430403 -0.17111835
v 0.02731408 0.13673106 -0.16978492
v 0.02063561 0.14167382 -0.17419097
v 0.03807843 0.14177908 -0.17099498
v 0.02926168 0.12824398 -0.16392757
v 0.02777307 0.11919659 -0.15889734
v 0.03439293 0.15259312 -0.17834896
v 0.04046737 0.12884472 -0.16098636
v 0.05678726 0.13718490 -0.16325681
v 0.05554653 0.12442808 -0.15637936
v 0.06877849 0.13212009 -0.15965790
v 0.05234954 0.14656846 -0.16946325
v 0.03485734 0.12310635 -0.15696764
v 0.06644785 0.12114473 -0.15452029
v 0.03730305 0.11920036 -0.15506437
v 0.08105948 0.12384267 -0.15353051
v 0.07596932 0.11615609 -0.15078883
v 0.08525624 0.11466505 -0.15006499
v 0.07747755 0.10929804 -0.14667083
v 0.07585660 0.10264552 -0.14408797
v 0.00737252 0.15054023 -0.18478219
v -0.19192871 0.04267722 -0.12542930
v -0.19369458 0.02942551 -0.11895477
v -0.19268125 0.01712156 -0.11401597
v -0.19938368 0.05660926 -0.13478863
v -0.19895488 0.06777976 -0.14045323
v 0.00286933 0.15518180 -0.18856645
v 0.01960734 0.16224498 -0.19100247
v 0.04624916 0.15169828 -0.17307366
v 0.00815206 0.03236823 -0.11847792
v -0.18287323 0.11567443 -0.16568212
v -0.18942651 0.12692577 -0.17033090
v -0.18992524 0.11109940 -0.16097492
v -0.19068363 0.11927054 -0.16704233
v -0.20019327 0.12600133 -0.17163819
v -0.19950648 0.11842275 -0.16879931
v -0.19940245 0.11235059 -0.16340347
v -0.18437228 0.13312514 -0.17443755
v 0.02782081 0.03545927 -0.11918107
v 0.04617245 0.04865720 -0.12312724
v 0.06356201 0.04128974 -0.11872000
v 0.07897858 0.04496452 -0.11866979
v 0.04873278 0.03539504 -0.11849968
v -0.18376505 0.01863989 -0.11378766
v 0.08273125 0.09143282 -0.13900453
v -0.20005369 0.08428977 -0.15027907
v 0.07696057 0.14048719 -0.16077453
v 0.07217986 0.15228018 -0.16661657
v 0.08107555 0.14239208 -0.16182412
v 0.08032598 0.15146217 -0.16706574
v 0.06827485 0.02732528 -0.11447490
v -0.16002950 0.03375434 -0.11999048
v -0.13178965 0.03409331 -0.12096508
v 0.08956517 0.12128406 -0.15445815
v 0.06595539 0.15816328 -0.17001517
v 0.07852080 0.16723292 -0.17023604
v 0.05549571 0.15769207 -0.17274429
v 0.05055591 0.15324944 -0.17154096
v 0.09085286 0.04343682 -0.11348198
v -0.00435497 0.15064687 -0.19126271
v -0.18559477 0.01221023 -0.10761148
v -0.15749951 0.01643425 -0.11468957
v -0.16806982 0.01978567 -0.11604173
v -0.20110230 0.01000656 -0.11042161
v 0.03496939 0.16318776 -0.18443924
v 0.04686951 0.17273496 -0.18516319
v 0.03503903 0.16961962 -0.18717182
v 0.03946982 0.17943576 -0.19218667
v 0.08131601 0.07652393 -0.13606307
v 0.10460354 0.06002270 -0.12452033
v 0.08520617 0.07211605 -0.13595428
v 0.08218162 0.06686445 -0.13174827
v 0.00818107 0.16219240 -0.19423550
v 0.07836600 0.13427454 -0.15670781
v 0.02593988 0.16699755 -0.19111693
v 0.05594362 0.02522755 -0.11554609
v 0.05749916 0.01953300 -0.11230294
v 0.06643690 0.02102264 -0.11115549
v 0.07478093 0.02175666 -0.11209211
v 0.06189426 0.16430750 -0.17282616
v 0.08832294 0.16683513 -0.17089805
v 0.08641782 0.17073876 -0.17234854
v 0.06663373 0.16882609 -0.17139080
v 0.06998543 0.17519349 -0.17558177
v 0.08948794 0.08972380 -0.13892153
v 0.10315874 0.05260809 -0.11815064
v 0.04106624 0.02729573 -0.11827154
v -0.19971043 0.03221741 -0.12333746
v -0.14495550 0.13431847 -0.18740015
v 0.06338044 0.01706483 -0.10780417
v 0.08163398 0.01672467 -0.10396025
v 0.07025464 0.00890180 -0.10013058
v 0.09789583 0.01276274 -0.09991794
v 0.05902815 0.01200232 -0.10590722
v 0.04876482 0.00832548 -0.10410985
v 0.10123547 0.04683695 -0.11004945
v 0.09676450 0.04306990 -0.10844360
v 0.10395984 0.04233044 -0.10747486
v -0.07698154 0.02181917 -0.11806656
v 0.00225709 0.01948946 -0.11813299
v -0.01206380 0.01650124 -0.11702233
v -0.06891352 0.01710906 -0.11695967
v -0.20069267 0.01799029 -0.11823070
v -0.15261298 0.02000402 -0.11959924
v -0.15711623 0.02275111 -0.11957322
v -0.13864906 0.02445869 -0.12448896
v -0.11370191 0.01885161 -0.12208387
v -0.11797563 0.02269134 -0.12543404
v -0.10881884 0.02138180 -0.12326572
v -0.09409200 0.01862916 -0.11998904
v -0.09074127 0.01562695 -0.11683102
v -0.05829823 0.01224307 -0.11053901
v -0.02230996 0.01222802 -0.11174679
v 0.00796494 0.01310609 -0.11545460
v 0.01595029 0.01841741 -0.11889957
v 0.02784724 0.01611984 -0.12054944
v 0.03206734 0.01228149 -0.11765846
v 0.03496226 0.01552069 -0.12018819
v 0.04438477 0.01209847 -0.11373233
v 0.04325607 0.01589844 -0.11750968
v -0.08179600 0.02625355 -0.11806314
v -0.09870486 0.02856233 -0.11977913
v 0.03775258 0.01857495 -0.11964391
v 0.06180499 0.17223758 -0.17680082
v 0.06363193 0.18454193 -0.18314014
v 0.07542017 0.18878244 -0.18355247
v 0.06547691 0.19248693 -0.18569107
v 0.08716242 0.19796769 -0.18648334
v 0.07824483 0.18309239 -0.18166949
v 0.08100614 0.17378707 -0.17624190
v 0.08437092 0.19049364 -0.18579854
v 0.06194358 0.20137595 -0.19064704
v 0.05581755 0.18720146 -0.18714067
v 0.04962917 0.18520507 -0.18786433
v 0.06609853 0.19934630 -0.18642451
v 0.07587270 0.20321766 -0.18906245
v 0.06898988 0.20275579 -0.18849628
v 0.08886424 0.20234743 -0.18972450
v 0.06522796 0.21274072 -0.19676206
v 0.05914687 0.21577713 -0.19988967
v 0.06982824 0.21807979 -0.19874825
v 0.07385304 0.21098126 -0.19576536
v 0.06672858 0.23206666 -0.20245908
v 0.07303597 0.22914967 -0.20149770
v 0.07226532 0.23375404 -0.20415589
v 0.07774936 0.21794656 -0.20087324
v 0.02441305 0.02840989 -0.11866091
v 0.09254698 0.19975211 -0.18963499
v -0.11267301 0.03008336 -0.12157047
v 0.04289583 0.19219875 -0.19716994
v 0.04609106 0.20409219 -0.20105165
v 0.03542408 0.19715697 -0.20128764
v 0.03273338 0.20120086 -0.20437287
v 0.04899736 0.21655281 -0.20363010
v 0.05337865 0.22266935 -0.20692749
v 0.06152362 0.22914800 -0.20451362
v 0.03831255 0.20643383 -0.20661402
v 0.04212300 0.21375933 -0.20967551
v 0.08312090 0.13529278 -0.15504484
v 0.08149447 0.13919859 -0.15679812
v 0.08723940 0.13554128 -0.15480676
v 0.08822355 0.13986224 -0.15746029
v 0.09224185 0.13791893 -0.15789901
v 0.07757005 0.03455124 -0.11715809
v 0.08357181 0.03983071 -0.11667347
v 0.07752992 0.02391839 -0.11557986
v -0.15521222 0.03017073 -0.12017962
v -0.19742838 0.10632383 -0.15547776
v -0.19207262 0.10645451 -0.15554541
v 0.02919741 0.17541367 -0.19489089
v -0.20019859 0.04206491 -0.12981798
v -0.11353823 0.02459287 -0.12452634
v 0.06452536 0.23770949 -0.20968850
v 0.06628968 0.24119061 -0.21280259
v 0.08686966 0.10414807 -0.13891150
v 0.08047915 0.10695723 -0.14111753
v 0.08911417 0.10865135 -0.14244261
v 0.09191492 0.10633560 -0.14180708
v 0.08225749 0.11089960 -0.14586212
v 0.05775347 0.23805998 -0.21325548
v 0.06283759 0.25048441 -0.21669300
v 0.06215938 0.25960180 -0.22016694
v 0.06808112 0.25307330 -0.21673666
v 0.05085428 0.24421500 -0.21714304
v 0.04892586 0.24793623 -0.21937925
v 0.05457088 0.25224534 -0.22120389
v 0.06007319 0.23533900 -0.21000636
v 0.07390194 0.24701470 -0.21730573
v -0.00089487 0.16144896 -0.19750679
v 0.07407712 0.23927779 -0.21551569
v 0.09300742 0.00829344 -0.09493160
v 0.09138525 0.06332411 -0.12804373
v 0.09083479 0.06603095 -0.13584314
v 0.04545542 0.18102543 -0.18891041
v 0.10281339 0.01539875 -0.10378894
v 0.02451142 0.19321921 -0.20654193
v 0.07024876 0.26086190 -0.21668562
v -0.17346621 0.13770913 -0.18387060
v -0.14244385 0.02650922 -0.12287924
v 0.03026925 0.18871757 -0.20199981
v 0.01710484 0.18317418 -0.20124318
v 0.03394628 0.18198429 -0.19851552
v 0.02457048 0.17175432 -0.19568340
v 0.00639372 0.18851803 -0.20606522
v 0.03717646 0.18583503 -0.19925247
v 0.00316704 0.18578131 -0.20379134
v 0.00520827 0.18136001 -0.20167993
v 0.00772690 0.17514892 -0.20152061
v 0.02007684 0.17492087 -0.19885708
v 0.00062944 0.18039888 -0.20387529
v 0.00123213 0.17441641 -0.20323959
v -0.20097461 0.10635182 -0.15755048
v 0.08315229 0.20660895 -0.19880392
v 0.08761656 0.20914875 -0.20224819
v 0.08696473 0.20387802 -0.19913340
v -0.00388376 0.17641748 -0.20542070
v -0.00097161 0.17031209 -0.20206851
v -0.01118233 0.16828860 -0.20131311
v -0.00705040 0.16344127 -0.19898874
v -0.02434164 0.16116112 -0.20136276
v -0.01160772 0.17429420 -0.20583670
v -0.02533290 0.17100868 -0.20411719
v -0.02554996 0.16664553 -0.20179711
v -0.02944558 0.16906655 -0.20436849
v -0.00370629 0.17919090 -0.20795529
v -0.00672448 0.15920788 -0.19849397
v -0.00211287 0.15643926 -0.19393766
v 0.08166669 0.01966964 -0.11058179
v 0.04848947 0.25433469 -0.22719836
v 0.05579946 0.26321217 -0.22896837
v 0.04370669 0.26340464 -0.23329641
v 0.05046897 0.26755893 -0.23662639
v 0.05935773 0.26647037 -0.23203973
v 0.03627032 0.26688024 -0.23877537
v 0.03545620 0.26342124 -0.23411161
v 0.03773975 0.25338036 -0.23262325
v 0.04535082 0.25317654 -0.22883005
v 0.10580283 0.04731377 -0.11208026
v 0.10739825 0.03938104 -0.10923583
v 0.08314756 0.21670718 -0.20330012
v 0.09201222 0.21327844 -0.20467030
v 0.09149765 0.21683632 -0.20584568
v 0.06516307 0.26438683 -0.21920966
v 0.07193066 0.26483366 -0.21924455
v 0.07643522 0.26313421 -0.22034837
v 0.00687340 0.17044194 -0.20483857
v 0.08050746 0.20385636 -0.19227797
v -0.12170583 0.01235459 -0.10923160
v 0.10508501 0.03555866 -0.10775057
v 0.09685694 0.03584170 -0.10759119
v 0.03242497 0.26367176 -0.23594311
v 0.00206246 0.16141635 -0.19930838
v -0.13522607 0.01557847 -0.11512943
v 0.07008915 0.26685807 -0.22281274
v 0.03158855 0.25341669 -0.23570938
v -0.17738520 0.14549024 -0.18542224
v -0.18695682 0.14011051 -0.17781185
v -0.18486786 0.14884631 -0.18462141
v -0.19175600 0.14239974 -0.17829396
v -0.19040737 0.15109204 -0.18548051
v -0.17690705 0.15098725 -0.18606162
v -0.17859609 0.15541372 -0.18804094
v -0.19874245 0.15431033 -0.18851279
v -0.20030002 0.14868017 -0.18692282
v -0.17299046 0.15425526 -0.18896520
v -0.19882578 0.14370579 -0.18146241
v 0.08332147 0.21966437 -0.20792893
v 0.11396534 0.01349233 -0.09399530
v 0.11388075 0.01576717 -0.09931826
v 0.10876799 0.00768005 -0.08888046
v 0.11731716 0.00753980 -0.08950053
v 0.12194031 0.01291747 -0.09542260
v 0.12713629 0.00467385 -0.09336735
v 0.10896370 0.00404575 -0.08314635
v 0.09274083 0.00186881 -0.08409452
v 0.09888192 0.00085189 -0.08121612
v 0.09260539 -0.00312426 -0.08370899
v 0.10055494 -0.00341200 -0.07936507
v 0.06343843 0.26615462 -0.22508666
v -0.08157365 0.01165988 -0.10987345
v -0.19531931 0.13552223 -0.17004317
v -0.18889785 0.13823614 -0.17317857
v -0.19516926 0.13967942 -0.17233732
v -0.20069590 0.13772152 -0.17311871
v 0.09146027 0.17771946 -0.18804523
v 0.08532580 0.14582585 -0.16696411
v 0.09051664 0.14915356 -0.17124116
v 0.09015519 0.14146224 -0.16601504
v 0.09039716 0.07100654 -0.13885133
v -0.13694365 0.14294006 -0.19390377
v -0.16868506 0.13248171 -0.18368398
v 0.09240834 0.16606946 -0.17331140
v 0.09159173 0.17058127 -0.17504357
v 0.09051319 0.11293092 -0.15277018
v 0.08574129 0.17611562 -0.18298106
v 0.09035986 0.17235538 -0.18410443
v 0.04930461 0.23696627 -0.21785834
v 0.08799797 0.03795173 -0.11520585
v 0.01066577 0.17200316 -0.20142913
v 0.08372371 0.02840160 -0.11989401
v 0.07421957 0.23676950 -0.21193020
v 0.07594757 0.23276222 -0.20576169
v 0.07564780 0.22733520 -0.20302470
v 0.09017227 0.14216316 -0.16947857
v -0.03151412 0.16058744 -0.20584548
v -0.00508152 0.15228470 -0.19558334
v 0.09167098 0.12573442 -0.15700546
v -0.00000440 0.18694836 -0.20959961
v 0.00281494 0.18996958 -0.21106781
v -0.02737262 0.17353445 -0.21111012
v 0.05608547 0.23266913 -0.21494800
v -0.02126640 0.15662113 -0.20196345
v 0.10510162 0.00132864 -0.07596287
v 0.00177166 0.16694324 -0.20361131
v 0.02005117 0.19219890 -0.21105944
v 0.08800057 0.03335402 -0.11738166
v -0.03983484 0.14454147 -0.19569904
v 0.09239522 0.20723131 -0.20521247
v 0.02075678 0.17158923 -0.19980264
v -0.08239613 0.14389545 -0.19569683
v -0.00619500 0.15547830 -0.19984260
v -0.02163594 0.14569309 -0.19493495
v 0.03288963 0.24824026 -0.23691058
v -0.00917169 0.14698431 -0.19571935
v 0.09290929 0.03456084 -0.11241247
v -0.22984703 -0.21903957 -0.22480854
v -0.24844582 -0.20689449 -0.21230496
v -0.24891688 -0.23074582 -0.21894874
v -0.23474284 -0.19745316 -0.21682788
v -0.24837770 -0.19195408 -0.20827201
v -0.23842919 -0.25300232 -0.23092940
v -0.22570688 -0.23891887 -0.23261680
v -0.22825241 -0.24397980 -0.23291057
v -0.22243634 -0.20953645 -0.22586614
v -0.24713261 -0.17654003 -0.20404764
v -0.25246337 -0.25595918 -0.22416911
v -0.25351155 -0.27795061 -0.22947514
v -0.22925292 -0.26050290 -0.23821846
v -0.23267038 -0.27051836 -0.23995760
v -0.22010906 -0.18718866 -0.21948485
v -0.21642721 -0.16337192 -0.21308784
v -0.22151105 -0.15100811 -0.20636222
v -0.21205574 -0.13879888 -0.20593047
v -0.24690555 -0.16436604 -0.20048048
v -0.23596878 -0.14077744 -0.19740437
v -0.21002373 -0.12743768 -0.20318526
v -0.22112346 -0.10473369 -0.19256443
v -0.22615872 -0.09398579 -0.18760559
v -0.24193358 -0.10834271 -0.18426850
v -0.24278109 -0.12253004 -0.18865767
v -0.21585877 -0.07947091 -0.18830122
v -0.21968856 -0.07592579 -0.18511119
v -0.24348779 -0.13388577 -0.19239579
v -0.24454650 -0.14864643 -0.19691512
v -0.24005514 -0.08944456 -0.17775938
v -0.23461957 -0.29178271 -0.24646398
v -0.25215974 -0.30451638 -0.23971598
v -0.25880155 -0.29039207 -0.23130612
v -0.25672677 -0.27351117 -0.22758533
v -0.26060811 -0.30074087 -0.23452210
v -0.26162544 -0.31301832 -0.23901999
v -0.26037633 -0.32409433 -0.24320613
v -0.24052347 -0.32114241 -0.25249192
v -0.25082794 -0.34461030 -0.25399747
v -0.23680107 -0.30867365 -0.25002062
v -0.24148118 -0.33865160 -0.25761110
v -0.24906901 -0.35961646 -0.25971916
v -0.26295367 -0.36083487 -0.25467965
v -0.26623946 -0.34526882 -0.24994342
v -0.26532182 -0.33707353 -0.24690944
v -0.23826377 -0.07695287 -0.17253150
v -0.20831241 -0.09036635 -0.19248866
v -0.21529989 -0.10918272 -0.19545312
v -0.20652136 -0.11252772 -0.19843179
v -0.20360786 -0.09201765 -0.19381067
v -0.19884831 -0.07449538 -0.18923841
v -0.19555436 -0.06657629 -0.18694696
v -0.25139484 -0.22072342 -0.21580437
v -0.25281870 -0.23486724 -0.21947686
v -0.26483050 -0.32581532 -0.24325867
v -0.22272865 -0.07127108 -0.17957726
v -0.23722586 -0.06699970 -0.16597927
v -0.23935257 -0.07462783 -0.17142940
v -0.24512650 -0.35876822 -0.26329482
v -0.20394509 -0.06180098 -0.17982067
v -0.21987377 -0.06206657 -0.17047162
v -0.19092150 -0.05738688 -0.18368955
v -0.23566166 -0.06050068 -0.16099116
v -0.26802737 -0.36143401 -0.25499853
v -0.23129414 -0.27699497 -0.24560967
v -0.22697739 -0.24685690 -0.23656550
v -0.19131963 -0.05343270 -0.17887273
v -0.21849284 -0.18330598 -0.21987444
v -0.23822631 -0.32476833 -0.25811994
v -0.25575480 -0.25541046 -0.22453062
v -0.25471801 -0.23907140 -0.22150381
v -0.20430849 -0.05721976 -0.17260411
v -0.24693869 -0.14337893 -0.19655800
v -0.21862870 -0.05768051 -0.16366416
v -0.21536209 -0.16256972 -0.21486956
v -0.23253602 -0.05494587 -0.15315986
v -0.18981008 -0.05433027 -0.18425119
v -0.25172329 -0.20532864 -0.21351770
v -0.18251589 -0.04727479 -0.17708108
v -0.21800169 -0.05406149 -0.15453148
v -0.20398378 -0.05359451 -0.16057551
v -0.20309906 -0.09307407 -0.19784530
v -0.22747114 -0.04999276 -0.13748640
v -0.21590538 -0.05071227 -0.13976057
v -0.22223748 -0.04708067 -0.12232584
v -0.19978754 -0.04894593 -0.11451970
v -0.21649081 -0.04615528 -0.11041021
v -0.05384636 -0.14661837 0.33445120
v -0.05688326 -0.16931570 0.33639169
v -0.06530271 -0.15364109 0.32488835
v -0.06282268 -0.13372557 0.32299173
v -0.05281115 -0.11671279 0.32987013
v -0.03985114 -0.12102002 0.34208038
v -0.04600703 -0.15365851 0.34259033
v -0.05003771 -0.18427809 0.34495512
v -0.06182665 -0.19685145 0.33673653
v -0.05535686 -0.21318510 0.34570473
v -0.06566972 -0.23357013 0.34003282
v -0.05928116 -0.23736261 0.34679514
v -0.03723083 -0.07910927 0.33472073
v -0.05253334 -0.09751809 0.32562128
v -0.03472683 -0.09570201 0.34134758
v -0.04615301 -0.07824579 0.32571912
v -0.02692159 -0.06684422 0.34225091
v -0.03023473 -0.08322600 0.34327245
v -0.06345578 -0.08982598 0.31162396
v -0.06695737 -0.18064375 0.32684207
v -0.06328340 -0.26321861 0.34496596
v -0.07066676 -0.25974363 0.33767626
v -0.06578550 -0.29147354 0.34641942
v -0.07753813 -0.30726999 0.33644873
v -0.06878386 -0.31364930 0.34599838
v -0.08321591 -0.29010662 0.32993701
v -0.08051350 -0.26726264 0.32925344
v -0.07729282 -0.24381302 0.32849199
v -0.06724670 -0.21162733 0.33359498
v -0.08193962 -0.25525978 0.32610628
v -0.08111925 -0.23418295 0.32247090
v -0.07573868 -0.21095635 0.32157433
v -0.07918353 -0.31379980 0.33685505
v -0.08468361 -0.27124047 0.32698819
v -0.04538817 -0.16755995 0.34674844
v -0.05685967 -0.06253233 0.30810073
v -0.07599738 -0.19312191 0.31740361
v -0.08596514 -0.30692419 0.33051398
v -0.03897952 -0.06314753 0.32641718
v -0.07315505 -0.17744531 0.31700689
v -0.07510357 -0.17565112 0.31456879
v -0.07224978 -0.15542471 0.31357616
v -0.02359931 -0.05099703 0.33865595
v -0.04135671 -0.14571477 0.34785181
v -0.03754206 -0.12280363 0.34638020
v -0.06800254 -0.12959321 0.31363171
v -0.07235663 -0.13896008 0.31086615
v -0.06886017 -0.10761225 0.30938885
v -0.06779908 -0.08561651 0.30713424
v -0.06077216 -0.26649395 0.34985897
v -0.05720751 -0.23672105 0.35021222
v -0.07934443 -0.20597768 0.31851849
v -0.05302824 -0.21179762 0.34983224
v -0.04915056 -0.18896614 0.34893098
v -0.03372949 -0.10220200 0.34588197
v -0.03578018 -0.05250147 0.32308221
v -0.04851450 -0.04677183 0.30614033
v -0.03045438 -0.08702559 0.34683326
v -0.06507023 -0.06381603 0.30377027
v -0.06172339 -0.05772845 0.30301607
v -0.06042612 -0.04747126 0.29980436
v -0.02939528 -0.04532775 0.32496276
v -0.04173969 -0.04579667 0.31123376
v -0.01874795 -0.03742907 0.33295959
v -0.06438228 -0.29326484 0.35136282
v -0.06720395 -0.31138405 0.35019472
v -0.07513575 -0.31685936 0.34319612
v -0.07606833 -0.16188517 0.31322110
v -0.02255354 -0.05347344 0.34528244
v -0.01968404 -0.04372244 0.34123844
v -0.01657881 -0.03569928 0.33949566
v -0.08859567 -0.31199890 0.33192864
v -0.02611103 -0.06730536 0.34645739
v -0.07103626 -0.09830072 0.30868879
v -0.08830987 -0.28855339 0.32874641
v -0.04575728 -0.16929081 0.34948120
v -0.03776160 -0.12076408 0.34954861
v -0.03388803 -0.09932510 0.34911194
v -0.05769280 -0.23483819 0.35212785
v -0.02420676 -0.04777745 0.35203689
v -0.02019074 -0.03498854 0.35259426
v -0.04944459 -0.18374650 0.35131085
v -0.05392352 -0.20714882 0.35269919
v -0.06840551 -0.30761769 0.35373160
v -0.06205421 -0.26189619 0.35300279
v -0.02796898 -0.06065805 0.35198539
v 0.20584413 -0.00318131 0.36724943
v 0.19674405 -0.01340874 0.36984277
v 0.22338124 -0.01278282 0.36211810
v 0.18578400 -0.00084209 0.37315601
v 0.17360991 -0.01175102 0.37664592
v 0.16954231 0.00039811 0.37679455
v 0.21585712 0.00326582 0.36328602
v 0.23502609 0.00012935 0.35694224
v 0.24520101 -0.01108333 0.35425267
v 0.15345861 -0.00881042 0.38011086
v 0.18184781 0.01173020 0.37185001
v 0.20170416 0.01152836 0.36609384
v 0.16432936 0.01114336 0.37587145
v 0.25894567 0.00181072 0.34628105
v 0.26574999 -0.01073474 0.34468460
v 0.22282661 0.01191457 0.35859779
v 0.24309561 0.01148936 0.35066092
v 0.14146648 0.00274616 0.38039067
v 0.14367670 0.01089779 0.37883580
v 0.26527095 0.01124487 0.34047568
v 0.12426119 0.01150618 0.37997353
v 0.12149009 0.00447434 0.38112399
v 0.12525803 -0.01320975 0.38213015
v 0.28589141 -0.00480254 0.33151966
v 0.25620326 -0.01521404 0.34857622
v 0.14134711 -0.01833093 0.38021713
v 0.19062033 0.02112029 0.37112394
v 0.17037319 0.02059426 0.37640718
v 0.15643176 0.02071145 0.37881714
v 0.22306918 0.02018371 0.36009446
v 0.24006517 0.02059707 0.35357565
v 0.20064738 0.01645919 0.36750460
v 0.21066508 0.02169861 0.36422506
v 0.25446841 0.02044071 0.34738329
v 0.23531021 -0.01504232 0.35712638
v 0.13844545 0.02111283 0.38084009
v 0.26913336 0.02075721 0.33956367
v 0.22391099 0.02531392 0.35823479
v 0.12093751 0.01702616 0.38154158
v 0.11955077 0.02305654 0.38188446
v 0.27256963 -0.01596624 0.34015760
v 0.29550773 -0.01728528 0.32593092
v 0.28424340 0.01703465 0.32952374
v 0.28457287 0.01002896 0.32816687
v 0.28317726 0.02188000 0.32978699
v 0.25113797 0.02553080 0.34688619
v 0.29648450 -0.00583123 0.32420072
v 0.30395088 -0.02800208 0.32089615
v 0.29785997 -0.03422398 0.32418528
v 0.29037929 -0.02518818 0.32781214
v 0.30574936 -0.05369164 0.32114238
v 0.30062413 -0.05883254 0.32243323
v 0.30611885 -0.07323485 0.32145900
v 0.31470230 -0.07244048 0.31724793
v 0.28388938 -0.02091071 0.33191839
v 0.31140795 -0.08497014 0.31998295
v 0.30734202 -0.11011430 0.32227093
v 0.31389794 -0.10645171 0.32045314
v 0.31358314 -0.15173809 0.32319567
v 0.32302856 -0.17714112 0.32208088
v 0.31564862 -0.18414250 0.32466313
v 0.31850916 -0.21676937 0.32596174
v 0.32788903 -0.19918205 0.32124808
v 0.32850149 -0.23263113 0.32387352
v 0.31817663 -0.23268953 0.32651722
v 0.32319015 -0.25680649 0.32692772
v 0.33086282 -0.25941387 0.32528853
v 0.32637960 -0.28325206 0.32795817
v 0.33962503 -0.29448068 0.32552510
v 0.33161452 -0.29454830 0.32806149
v 0.34127504 -0.30933473 0.32690799
v 0.32868609 -0.30755895 0.33001104
v 0.32042116 -0.10715034 0.31719685
v 0.31925583 -0.14373827 0.32077003
v 0.33832848 -0.25655997 0.32063091
v 0.32540649 -0.14882214 0.31747320
v 0.30964291 -0.02504810 0.31626534
v 0.33367804 -0.19929580 0.31676042
v 0.30196801 -0.07754853 0.32187772
v 0.34494454 -0.30856907 0.32417861
v 0.31006801 -0.15487164 0.32366729
v 0.18011439 0.02553997 0.37203217
v 0.30660138 -0.01026982 0.31645820
v 0.20306316 0.02591301 0.36497900
v 0.17022602 -0.01710064 0.37567022
v 0.26818785 0.02567374 0.33784768
v 0.18426780 -0.01657946 0.37184918
v 0.31238803 -0.19827510 0.32504517
v 0.32177776 -0.26644567 0.32725415
v 0.14992118 0.02544201 0.37794888
v 0.30257097 0.00350928 0.31567276
v 0.29547122 0.01871574 0.31783009
v 0.29549822 0.01115239 0.31740221
v 0.32448840 -0.10114904 0.31200132
v 0.31352147 -0.03239546 0.31284910
v 0.33837995 -0.23079059 0.31654355
v 0.34186134 -0.25081232 0.31589743
v 0.34548587 -0.27060863 0.31489265
v 0.34610492 -0.29220915 0.31953377
v 0.32979110 -0.14651059 0.31223252
v 0.33443946 -0.17840368 0.31179461
v 0.20542377 -0.01578779 0.36587110
v 0.34885237 -0.30922499 0.31910917
v 0.32175839 -0.06008340 0.30677539
v 0.32776049 -0.09448002 0.30552235
v 0.31955650 -0.03931576 0.30511677
v 0.31181416 -0.00432163 0.30587074
v 0.31570643 -0.02013857 0.30505800
v 0.33037639 -0.11605763 0.30541840
v 0.33392113 -0.14974079 0.30611330
v 0.34119782 -0.21720979 0.30745021
v 0.34935540 -0.29504693 0.31417921
v 0.32925552 -0.31076893 0.32758602
v 0.30119345 0.01303530 0.30552596
v 0.30775160 0.00577960 0.30385852
v 0.33777657 -0.18419150 0.30607471
v 0.34474853 -0.25555930 0.31100658
v -0.16550207 -0.04836704 -0.06724991
v -0.18092045 -0.04466425 -0.05608699
v -0.16636607 -0.04611868 -0.04541804
v -0.17049067 -0.04484246 -0.03377847
v -0.14663957 -0.04838694 -0.05080710
v -0.14854853 -0.04632854 -0.03709241
v -0.14111508 -0.04910265 -0.05814916
v -0.13527811 -0.04883682 -0.04924812
v -0.14570096 -0.04907806 -0.06526825
v -0.17915708 -0.04746350 -0.07016659
v -0.18097322 -0.04845535 -0.10124342
v -0.15168366 -0.04879427 -0.07591874
v -0.15382272 -0.04898179 -0.08876349
v -0.15817796 -0.04890651 -0.10182349
v -0.16389176 -0.04893065 -0.11683261
v -0.16602249 -0.04883378 -0.13298504
v -0.18193880 -0.04807608 -0.13501218
v -0.14726615 -0.04458936 -0.02679119
v -0.13845597 -0.04599620 -0.03626695
v -0.13039947 -0.04711032 -0.02412631
v -0.12345774 -0.04833019 -0.03167414
v -0.11884642 -0.04888067 -0.01972143
v -0.13724430 -0.04530706 -0.01863316
v -0.18916717 -0.04664535 -0.12508236
v -0.19003560 -0.04710875 -0.13845149
v -0.20499355 -0.04413787 -0.12142452
v -0.19617274 -0.04480404 -0.10644728
v -0.21054016 -0.04505350 -0.14434105
v -0.18986617 -0.04486065 -0.07129855
v -0.12407368 -0.04453858 -0.00834088
v -0.19607130 -0.04831202 -0.14919898
v -0.20557314 -0.04707345 -0.15440038
v -0.21576141 -0.04464879 -0.15176730
v -0.19508189 -0.04612415 -0.16372810
v -0.20312639 -0.04076506 -0.09243549
v -0.21639067 -0.04084190 -0.12610841
v -0.14711839 -0.04085104 -0.01233303
v -0.16562174 -0.03999986 -0.02040068
v -0.15654284 -0.03735859 -0.00388954
v -0.13823473 -0.03729013 0.01236466
v -0.13583095 -0.04133811 -0.00595903
v -0.12094153 -0.04129134 0.01047987
v -0.11802860 -0.03729922 0.03517868
v -0.11578263 -0.03996250 0.01933526
v -0.11091226 -0.03872625 0.02775685
v -0.10711062 -0.03798373 0.04151769
v -0.10714678 -0.03717583 0.05448643
v -0.12626399 -0.03309804 0.04367514
v -0.11943953 -0.03302115 0.05055661
v -0.16757312 -0.03709282 -0.01165386
v -0.17522642 -0.03768580 -0.02144673
v -0.11405481 -0.03424106 0.05219962
v -0.14158924 -0.03307874 0.02492592
v -0.13763343 -0.03288057 0.03066692
v -0.15021484 -0.03286364 0.01629446
v -0.15498063 -0.03228861 0.01220678
v -0.21278805 -0.04827625 -0.16108069
v -0.20882212 -0.04858856 -0.16396110
v -0.21569984 -0.04776721 -0.16795699
v -0.11702813 -0.04709028 -0.00459260
v -0.16052479 -0.03245364 0.00645900
v -0.18585911 -0.03994422 -0.04552778
v -0.16909124 -0.03198016 -0.00203443
v -0.17439282 -0.04136003 -0.02932709
v -0.21903051 -0.04538669 -0.16310453
v -0.22044745 -0.04016899 -0.14979288
v -0.13304977 -0.03258415 0.03692360
v -0.11276458 -0.03269431 0.06000967
v -0.19653288 -0.04121646 -0.07229048
v -0.17677601 -0.04706507 -0.14033018
v -0.17987181 -0.04500787 -0.15502211
v -0.18557349 -0.04467389 -0.16344354
v -0.21032792 -0.04765432 -0.16857879
v -0.10762338 -0.03303347 0.06173384
v -0.16843417 -0.04478607 -0.14539054
v -0.19591109 -0.04439483 -0.17347689
v -0.16503850 -0.04598829 -0.14205709
v -0.10811013 -0.04512503 0.01944356
v -0.17359148 -0.03243943 -0.00962668
v -0.15971364 -0.05117981 -0.10788422
v -0.18757103 -0.03633359 -0.03936939
v -0.19201706 -0.03753422 -0.05161343
v -0.20477837 -0.03673682 -0.08134522
v -0.19874099 -0.03645303 -0.06585296
v -0.20888233 -0.03673714 -0.09438212
v -0.21261743 -0.03671661 -0.10472537
v -0.14999238 -0.05053711 -0.07698347
v -0.11116334 -0.04882096 0.00369478
v -0.22075377 -0.03742120 -0.13155103
v -0.22050135 -0.04338308 -0.16866462
v -0.11647030 -0.04877253 -0.00703614
v -0.21672124 -0.03661207 -0.11554103
v -0.11638819 -0.03043064 0.05494058
v -0.17935812 -0.04105108 -0.16668397
v -0.16191049 -0.04025430 -0.14985593
v -0.17754020 -0.03179166 -0.01662795
v -0.18182115 -0.03158845 -0.02426424
v -0.20072152 -0.04277290 -0.17496784
v -0.21603954 -0.04272434 -0.17341089
v -0.16157742 -0.04281909 -0.14747761
v -0.18693371 -0.03912891 -0.17388994
v -0.15430582 -0.03898925 -0.14969958
v -0.16596608 -0.03671834 -0.15837090
v -0.17435928 -0.03683765 -0.16654722
v 0.08169754 -0.00959328 0.36850008
v 0.10135684 -0.00941613 0.36893630
v 0.07163218 -0.01450427 0.36657554
v 0.05966193 -0.01021208 0.36823681
v 0.04969731 -0.01641605 0.36553892
v 0.11425284 -0.01383551 0.36604202
v 0.12334058 -0.00822662 0.36889851
v 0.12281273 -0.00254322 0.37075943
v 0.04157658 -0.01310701 0.36556828
v 0.14265676 -0.01258502 0.36448112
v 0.15662093 -0.00898887 0.36551693
v 0.03739398 -0.01739438 0.36248884
v 0.14722137 0.00169770 0.36947167
v 0.05550820 -0.01754387 0.36422455
v 0.16565418 -0.01528502 0.35809594
v 0.16953287 -0.01113501 0.36104515
v 0.17491543 -0.01363177 0.35639051
v 0.19344185 -0.00844892 0.35470310
v 0.19370981 -0.01347773 0.34882209
v 0.20767750 -0.01362398 0.34417194
v 0.07327241 -0.01700247 0.36226299
v 0.10420840 -0.01607819 0.36152974
v 0.19788869 -0.01713826 0.34008858
v 0.18541773 -0.01615455 0.34407103
v 0.17361628 -0.01604548 0.34741402
v 0.20996362 -0.01631396 0.33648500
v 0.22796935 -0.01408476 0.33515215
v 0.22828875 -0.01645176 0.32886738
v 0.24812649 -0.01380102 0.32568663
v 0.24632363 -0.01630963 0.32018763
v 0.26552787 -0.01380209 0.32119644
v 0.26177078 -0.01717339 0.31181031
v 0.27440473 -0.01543471 0.31727526
v 0.26966527 -0.01941926 0.30667770
v 0.16650394 -0.01714037 0.35374680
v 0.27698618 -0.02299522 0.30588561
v 0.27882066 -0.02028694 0.31163073
v 0.28227928 -0.01639132 0.31574205
v 0.28239653 -0.02819443 0.29847300
v 0.28755185 -0.02767603 0.30615720
v 0.29009935 -0.02597267 0.30889148
v 0.29824883 -0.03355490 0.29987252
v 0.29411969 -0.03446127 0.29717329
v 0.29590875 -0.03791069 0.29418215
v 0.28775954 -0.03272651 0.29236451
v 0.29480001 -0.03669243 0.28757519
v 0.28281036 -0.03115031 0.28757495
v 0.28948987 -0.03208107 0.28366455
v 0.30292404 -0.03899294 0.29776996
v 0.23842688 -0.02127281 0.31499243
v 0.23865633 -0.01953287 0.31567994
v 0.24784222 -0.01794530 0.30630022
v 0.24872975 -0.02142851 0.30451849
v 0.22497521 -0.02098483 0.31916460
v 0.22932775 -0.01785453 0.32132044
v 0.21116601 -0.02081637 0.32326129
v 0.18292379 -0.01733710 0.06473541
v 0.14900024 -0.01754158 0.07959257
v 0.15984054 -0.01754022 0.12187012
v 0.19824800 -0.01724580 0.09637377
v 0.21378629 -0.01722684 0.13034651
v 0.21360958 -0.01701417 0.09934737
v 0.19789790 -0.01711504 0.06943393
v 0.15356866 -0.01753681 0.10883481
v 0.16704912 -0.01790433 0.13066560
v 0.17427802 -0.01772924 0.13930577
v 0.18018401 -0.01757289 0.15264207
v 0.18648237 -0.01754869 0.16437155
v 0.22892216 -0.01711419 0.17640638
v 0.22964573 -0.01683611 0.13054673
v 0.19354278 -0.01784704 0.17295474
v 0.20043075 -0.01753976 0.17923592
v 0.20446835 -0.01757781 0.18655798
v 0.24551058 -0.01709385 0.19278073
v 0.21927474 -0.01757772 0.21201304
v 0.22770092 -0.01759038 0.22264853
v 0.21143210 -0.01753259 0.20072563
v 0.24550845 -0.01668540 0.17764880
v 0.23444703 -0.01786130 0.23117496
v 0.14728940 -0.01811756 0.07037222
v 0.16160358 -0.01806558 0.05911974
v 0.14585884 -0.01787556 0.05848321
v 0.13922626 -0.01824779 0.04424668
v 0.17191137 -0.01879780 0.03312531
v 0.13486648 -0.01906116 0.00598648
v 0.16817094 -0.01844147 0.01697008
v 0.15202898 -0.01863726 -0.00998214
v 0.13461095 -0.01888465 -0.01817722
v 0.17625074 -0.01875960 0.04592587
v 0.23747797 -0.01757557 0.23698789
v 0.26101786 -0.01729063 0.22128001
v 0.26447427 -0.01755843 0.27481791
v 0.25237733 -0.01759440 0.28833771
v 0.25131088 -0.01754120 0.30265465
v 0.24999236 -0.01756600 0.27667689
v 0.26003566 -0.01746601 0.25361431
v 0.28170416 -0.01738161 0.25633466
v 0.24374932 -0.01756012 0.25538701
v 0.26060271 -0.01673802 0.19380838
v 0.27547964 -0.01657926 0.24523690
v 0.26327816 -0.01813035 0.30260250
v 0.19069012 -0.01685960 0.06224477
v 0.18851188 -0.01695167 0.05035425
v 0.16256914 -0.01813479 -0.00110354
v 0.13556248 -0.01848479 0.02739530
v 0.14024405 -0.01800979 0.04962975
v 0.13049820 -0.01833450 -0.02697108
v 0.14976661 -0.01818170 -0.02320395
v 0.14852042 -0.01902825 -0.03260016
v 0.13440450 -0.01910065 -0.03944331
v 0.14774056 -0.01840027 -0.04683864
v 0.12667944 -0.01818016 -0.03525150
v 0.27402329 -0.01620725 0.23359044
v 0.17453633 -0.01746713 0.01389272
v 0.18291138 -0.01734913 0.03893110
v 0.18036038 -0.01698099 0.02400123
v 0.17051882 -0.01704131 0.00228737
v 0.16622889 -0.01665419 -0.01221109
v 0.20782320 -0.01616606 0.09114993
v 0.20256212 -0.01647853 0.08261921
v 0.15519200 -0.01731252 -0.02135632
v 0.25899798 -0.01437089 0.18434571
v 0.23660611 -0.01563261 0.17010492
v 0.23546517 -0.01525774 0.15300813
v 0.24505271 -0.01487488 0.16907185
v 0.22086629 -0.01572983 0.12458967
v 0.23942329 -0.01753175 0.31879431
v 0.12751617 -0.01781492 -0.04200504
v 0.14234853 -0.01994919 -0.05092979
v 0.12733787 -0.01911895 -0.05085586
v 0.15195286 -0.01781933 -0.05483209
v 0.15427399 -0.01720578 -0.03597823
v 0.21161504 -0.01777386 0.32817352
v 0.19636762 -0.01767155 0.32697004
v 0.16836299 -0.01752118 0.33945727
v 0.17005484 -0.01761176 0.32851782
v 0.14587979 -0.01762022 0.33666271
v 0.13372687 -0.01761949 0.34424219
v 0.11299082 -0.01744031 0.35516247
v 0.12446690 -0.01836216 0.34154120
v 0.08437608 -0.01862813 0.35070533
v 0.05514082 -0.01972022 0.34126723
v 0.03402213 -0.01964393 0.35307780
v 0.01936988 -0.02169788 0.34140649
v 0.01301784 -0.01958444 0.35405567
v 0.03840394 -0.02104451 0.33907890
v 0.12278443 -0.01993345 0.33880857
v 0.02326700 -0.01843208 0.35868737
v 0.00843218 -0.02316288 0.34018558
v -0.00845650 -0.02111568 0.34959567
v 0.27146617 -0.02057442 0.29001421
v 0.27453226 -0.01976147 0.27361053
v 0.28545249 -0.02003213 0.26707768
v 0.25844771 -0.01356396 0.17839539
v 0.25086173 -0.01323597 0.16821997
v 0.23805225 -0.01291208 0.14121658
v 0.27568996 -0.01381045 0.22183622
v 0.26546735 -0.01618401 0.21705003
v 0.26490811 -0.01480613 0.19218825
v 0.28395638 -0.01381887 0.24415702
v -0.00940879 -0.02380765 0.34153804
v -0.00241813 -0.02491698 0.33100185
v -0.01357674 -0.02518380 0.33773500
v -0.01147445 -0.02504572 0.32384008
v -0.01312151 -0.02529831 0.32831582
v -0.01975745 -0.02534171 0.31534171
v -0.01914972 -0.02661206 0.34189981
v -0.02003284 -0.02265443 0.34776485
v 0.29114568 -0.01690503 0.26009467
v 0.26984131 -0.01256665 0.20592745
v 0.29356512 -0.01927904 0.26739740
v -0.02166433 -0.02956610 0.32840043
v 0.20216195 -0.01547376 0.06977632
v 0.15011330 -0.01808732 0.09526420
v 0.14372827 -0.01992749 0.06464642
v 0.19778503 -0.01513888 0.06291982
v 0.19516678 -0.01299522 0.05356754
v 0.21154842 -0.01255747 0.07956041
v 0.21899891 -0.01359329 0.09589490
v 0.20696856 -0.01249607 0.07253217
v 0.13061002 -0.02091033 0.00521601
v 0.12947066 -0.02072182 -0.01840870
v 0.05211058 -0.02096369 0.33841324
v 0.09839002 -0.02049838 0.33975902
v 0.00510915 -0.02476064 0.33475694
v 0.01824545 -0.02532757 0.33673289
v 0.00623077 -0.01756575 0.35706905
v 0.23515864 -0.01399669 0.12971731
v 0.21841279 -0.01558645 0.11023945
v 0.22226863 -0.01307236 0.10706503
v 0.22709773 -0.01257141 0.11437692
v 0.23105493 -0.01268378 0.12249514
v 0.28723946 -0.01269860 0.24916619
v 0.12466422 -0.01988878 -0.03402706
v 0.20440888 -0.01282792 0.06583934
v -0.02793733 -0.02869696 0.31142879
v -0.02526796 -0.02865595 0.30846521
v -0.02949642 -0.02883113 0.30340594
v -0.03438903 -0.03285639 0.31163767
v 0.28628123 -0.02629520 0.27751893
v 0.28078306 -0.02539041 0.28094900
v 0.27843165 -0.02529760 0.28934246
v 0.29392558 -0.02649967 0.27528352
v 0.13273652 -0.02018797 0.02051005
v 0.17300385 -0.01245924 -0.00888042
v 0.25106007 -0.02107537 0.29565513
v -0.01013783 -0.01835064 0.35286522
v 0.26329434 -0.01005331 0.18156584
v 0.28342596 -0.02929756 0.28251874
v 0.16952550 -0.01227563 -0.01663356
v 0.15968163 -0.01300601 -0.02369493
v 0.23194200 -0.00824421 0.11593024
v 0.13547547 -0.01984265 0.03445881
v 0.18939893 -0.01122520 0.03765298
v 0.18495676 -0.01230203 0.02304785
v 0.19197141 -0.01190980 0.04586647
v 0.12392426 -0.01658418 -0.03788701
v 0.12354297 -0.01349460 -0.04808709
v 0.12229622 -0.01425013 -0.04450224
v 0.24746174 -0.00860698 0.15052339
v 0.29820606 -0.03201783 0.27953768
v 0.17479457 -0.01353619 0.00614982
v 0.29057682 -0.01245620 0.25275829
v 0.18014276 -0.01141375 0.01361880
v 0.29828823 -0.02227904 0.27311772
v 0.12852608 -0.34545267 -0.18776600
v 0.14945005 -0.34557089 -0.17560560
v 0.11985058 -0.34571797 -0.18026695
v 0.13881899 -0.34504721 -0.18676360
v 0.14804636 -0.34521931 -0.16047055
v -0.16447899 -0.00516756 0.01758772
v -0.16460454 -0.01269653 0.02063903
v -0.16966860 -0.01660064 0.00930798
v -0.16091710 -0.00524772 0.03418520
v -0.16431707 0.00176017 0.00928616
v -0.16152585 0.00057155 0.02256616
v -0.15825158 0.00202307 0.03833471
v -0.15812388 -0.00278335 0.04750596
v -0.16980922 0.00191623 -0.00581321
v -0.17353414 -0.01283145 -0.00525921
v -0.17328361 0.00205539 -0.01514192
v -0.17756484 -0.00629071 -0.01983603
v -0.17707174 -0.00048634 -0.02530002
v -0.18115588 -0.01207796 -0.02734366
v -0.18125749 0.00057806 -0.04072113
v -0.18458208 -0.01334213 -0.03930321
v -0.17768352 -0.01652918 -0.01728345
v -0.18734463 -0.01130819 -0.04635059
v -0.18465091 0.00193411 -0.05157823
v -0.19227836 -0.01170661 -0.05640870
v -0.19114779 -0.02127313 -0.04945363
v -0.19801085 -0.01225136 -0.06957327
v -0.19460978 -0.00616525 -0.06677107
v -0.20047803 -0.00739881 -0.07977334
v -0.20530334 -0.01577355 -0.08338178
v -0.20471524 -0.00133770 -0.09514933
v -0.20975433 -0.00443315 -0.10411185
v -0.20910816 -0.01596666 -0.09374369
v -0.21631934 -0.00666602 -0.12123892
v -0.21391580 -0.00208748 -0.11828718
v -0.20130844 -0.02670252 -0.06902835
v -0.19718564 -0.02913902 -0.05631519
v -0.20920928 -0.03182566 -0.08795101
v -0.21757905 -0.03002012 -0.11487964
v -0.21926120 -0.01630940 -0.12514566
v -0.18856454 0.00198097 -0.06112425
v -0.21906076 -0.00265316 -0.12775029
v -0.20223638 -0.03152739 -0.07057720
v -0.21196455 -0.02977121 -0.09891503
v -0.22048637 -0.00499768 -0.13036990
v -0.22040750 -0.02716040 -0.12785080
v -0.15780410 -0.01546105 0.04740253
v -0.19324304 -0.02622522 -0.04842777
v -0.19363722 -0.03173377 -0.04851777
v -0.18920524 -0.02560933 -0.04042992
v -0.18961319 -0.03057422 -0.03963033
v -0.18543878 -0.02661733 -0.03327884
v -0.18603937 -0.03170185 -0.03244840
v -0.18080744 -0.02655754 -0.02487403
v -0.17728525 -0.02694488 -0.01734954
v -0.17247599 -0.02683936 -0.00861385
v -0.18420313 -0.01861652 -0.03959272
v -0.17311099 -0.01745523 -0.00459493
v -0.18076506 -0.01756965 -0.02851541
v -0.17407280 -0.02076100 -0.01064968
v -0.22179632 -0.03319808 -0.13964270
v -0.18560244 -0.02244992 -0.03899968
v -0.16173869 -0.01611462 0.03065329
v -0.16452765 -0.01740819 0.01840444
v -0.22045504 -0.02172066 -0.14686377
v -0.22053000 -0.00536423 -0.15017647
v -0.19174008 0.00187962 -0.07017390
v -0.19486529 0.00192863 -0.07961650
v -0.19946507 0.00347269 -0.09405623
v -0.20746794 0.00957154 -0.11861414
v -0.21531354 0.00202310 -0.12772033
v -0.20091422 0.00113652 -0.09031958
v -0.22202927 -0.03404159 -0.15537187
v -0.22154750 -0.02584800 -0.16193508
v -0.22024022 -0.01619841 -0.15535513
v -0.15745397 -0.01134773 0.05718910
v -0.16979189 -0.02742780 -0.00105924
v -0.16967520 -0.02101365 0.00530595
v -0.22019720 -0.01989109 -0.16794752
v -0.15792017 -0.00492070 0.05765281
v -0.15622212 -0.00667394 0.06167555
v -0.15557182 -0.00086600 0.05961968
v -0.21837425 0.00052405 -0.13894565
v -0.20923008 0.01554528 -0.13537335
v -0.20536953 0.01510578 -0.12205584
v -0.20374547 0.03194942 -0.12990624
v -0.20634420 0.02843445 -0.13755400
v -0.20597477 0.04082526 -0.14095981
v -0.20367062 0.06141408 -0.14244957
v -0.20850705 0.01900593 -0.14557785
v -0.20622262 0.03468002 -0.14505002
v -0.20544863 0.06113686 -0.14825876
v -0.20402613 0.07575982 -0.15120666
v -0.20637581 0.06696126 -0.15481368
v -0.20558353 0.07653932 -0.15921558
v -0.20397170 0.08681884 -0.15793881
v -0.20407926 0.09849810 -0.16188747
v -0.21156876 0.01174959 -0.14529368
v -0.20572700 0.05715324 -0.15141046
v -0.20504111 0.03161853 -0.15274343
v -0.20381507 0.10426777 -0.16200684
v -0.20598550 0.09970643 -0.17160517
v -0.20510922 0.09087308 -0.16565482
v -0.20364873 0.11536641 -0.17354009
v -0.20409310 0.11314047 -0.18113118
v -0.20392989 0.12130593 -0.17739862
v -0.20381927 0.13480940 -0.17735375
v -0.20393778 0.12455121 -0.18476833
v -0.20423627 0.13153480 -0.19083339
v -0.20302217 0.14024413 -0.18747498
v -0.20402539 0.15056768 -0.19584753
v -0.20157331 0.15460879 -0.19404124
v -0.20411809 0.13064973 -0.19801880
v -0.15077162 0.00565061 0.05089862
v -0.20481476 0.07933360 -0.16864243
v -0.21827891 -0.00075990 -0.15270129
v -0.22120561 -0.03463767 -0.16923892
v -0.20462911 0.08959783 -0.17115359
v -0.17890482 0.00199622 -0.03786347
v -0.16006550 0.00276808 0.02101081
v -0.20412250 0.09965533 -0.18251972
v -0.15137579 -0.00559149 0.06561330
v -0.20347455 0.06502429 -0.16900930
v -0.16877261 0.00296446 -0.00590645
v -0.17500871 0.00289348 -0.03363160
v -0.21742457 -0.01458234 -0.16492382
v -0.21742055 -0.01048750 -0.15985881
v -0.21724801 -0.00431899 -0.15710345
v -0.20668431 0.01460137 -0.15332599
v -0.20411362 0.05568020 -0.15663932
v -0.15062007 0.00096784 0.06222010
v -0.17173116 -0.02198976 -0.01006079
v -0.19990689 0.15424541 -0.20118257
v -0.20130792 0.12510523 -0.19494171
v -0.20189622 0.15010609 -0.20185915
v -0.20219804 0.13063900 -0.20253307
v -0.15421481 0.00576148 0.03489035
v -0.21223669 0.00595577 -0.15371123
v -0.21778370 -0.01833421 -0.17088765
v -0.20084995 0.11522417 -0.18751481
v -0.20216478 0.09928710 -0.18642300
v -0.20109373 0.12187298 -0.18971705
v -0.20115046 0.09547924 -0.18512817
v -0.20123044 0.08941074 -0.17592964
v -0.22667338 0.25053632 -0.24297121
v -0.22233410 0.24480785 -0.24597302
v -0.22710258 0.21819776 -0.23014407
v -0.22293931 0.21289527 -0.23321095
v -0.22767769 0.18737845 -0.21756913
v -0.22231382 0.18084338 -0.22192451
v -0.22676153 0.16918720 -0.21307476
v -0.22307631 0.28079048 -0.25990865
v -0.22681074 0.29635072 -0.26125520
v -0.22322263 0.30416647 -0.26854765
v -0.22315037 0.15360200 -0.21190073
v -0.22697964 0.14688373 -0.20405109
v -0.22279714 0.12998065 -0.20365258
v -0.22686464 0.11798713 -0.19481196
v -0.22257359 0.09793432 -0.19298485
v -0.22651388 0.08006594 -0.18127383
v -0.22290449 0.05893947 -0.17748018
v -0.22587083 0.31426817 -0.26712364
v -0.22316866 0.32127681 -0.27428800
v -0.21712022 0.32498649 -0.28202069
v -0.21902803 0.33599111 -0.28305089
v -0.22893961 0.27809364 -0.24939662
v -0.22728561 0.05597132 -0.16654359
v -0.22184978 0.03565179 -0.16636658
v -0.22919050 0.23170316 -0.23051523
v -0.22893177 0.13534600 -0.19569182
v -0.22933520 0.15396924 -0.20074919
v -0.22952937 0.20953736 -0.22074278
v -0.22965226 0.19959509 -0.21712822
v -0.22958229 0.25428781 -0.23674320
v -0.22975859 0.11497653 -0.18573579
v -0.22377595 0.32656333 -0.27306291
v -0.22956473 0.18868318 -0.21241945
v -0.22645295 0.03402115 -0.15066101
v -0.22936334 0.08472527 -0.17432949
v -0.22325112 0.01902963 -0.15328063
v -0.22019573 0.01882751 -0.15822010
v -0.23052453 0.17144288 -0.20207323
v -0.23064719 0.07749362 -0.16507837
v -0.23137808 0.10398840 -0.17534927
v -0.22797939 0.29969409 -0.25731322
v -0.23150882 0.13155910 -0.18215799
v -0.23086832 0.15678792 -0.19244911
v -0.22867060 0.05139603 -0.15438896
v -0.23069121 0.18324651 -0.20383656
v -0.23030190 0.22587045 -0.22044523
v -0.22405040 0.01776710 -0.14506915
v -0.23033151 0.19997054 -0.20702857
v -0.22886634 0.28923202 -0.25020245
v -0.22948225 0.26161888 -0.23760752
v -0.21855602 0.02903059 -0.16623032
v -0.21612234 0.34539849 -0.28421742
v -0.21353650 0.34479719 -0.28962564
v -0.20528740 0.34609312 -0.29719421
v -0.21603397 0.29846302 -0.27252677
v -0.21593174 0.05461271 -0.18032558
v -0.21593724 0.18878256 -0.23022592
v -0.21544813 0.16075520 -0.22059953
v -0.21518928 0.13911672 -0.21293563
v -0.21507797 0.11666737 -0.20517200
v -0.21661855 0.07866576 -0.19032305
v -0.21474807 0.09606609 -0.19789907
v -0.21587762 0.28163546 -0.26591533
v -0.21599466 0.26234826 -0.25801715
v -0.21553959 0.23500657 -0.24764910
v -0.21490785 0.20943592 -0.23835930
v -0.20621282 0.35236695 -0.29517862
v -0.21390814 0.01847576 -0.16303350
v -0.20490782 0.33071849 -0.29197797
v -0.21176095 0.31241363 -0.28055790
v -0.20030910 0.35185724 -0.29984540
v -0.19649541 0.35759759 -0.29930145
v -0.18754147 0.35764214 -0.30442584
v -0.20806484 0.35394537 -0.28905302
v -0.22646277 0.01036203 -0.15970398
v -0.07727893 -0.02994108 0.12367548
v -0.07300285 -0.03730849 0.14192289
v -0.07602021 -0.03771860 0.12948208
v -0.08217133 -0.04062494 0.11178613
v -0.07043375 -0.02489691 0.14276232
v -0.06706106 -0.02488747 0.15346356
v -0.07720894 -0.02451777 0.12304939
v -0.07883167 -0.04075103 0.12162568
v -0.06794965 -0.03306643 0.15944931
v -0.06318145 -0.02478542 0.16428654
v -0.06077723 -0.02816013 0.17580615
v -0.06016410 -0.02440780 0.17508321
v -0.05546072 -0.02460633 0.18657905
v -0.05585359 -0.02829037 0.18718971
v -0.05173211 -0.02901259 0.19729584
v -0.05131409 -0.02459253 0.19829690
v -0.04740921 -0.02901024 0.20828150
v -0.04579159 -0.02467928 0.21370934
v -0.08856679 -0.02389845 0.10019875
v -0.09224676 -0.04433611 0.08775782
v -0.09502013 -0.02410630 0.08449201
v -0.09865891 -0.03587748 0.07143801
v -0.09962641 -0.02397150 0.06995135
v -0.10314882 -0.03238493 0.04848421
v -0.10313375 -0.02424736 0.05276066
v -0.10590410 -0.02429654 0.03655515
v -0.10542748 -0.03513482 0.04119657
v -0.10477035 -0.03905439 0.04293288
v -0.10217497 -0.04147951 0.04818581
v -0.10797118 -0.03977091 0.03538277
v -0.09708269 -0.04271134 0.07089157
v -0.09673220 -0.04564565 0.07229757
v -0.09959850 -0.04713500 0.04688139
v -0.04855260 -0.03266944 0.20962548
v -0.04556095 -0.02744320 0.21848570
v -0.04431937 -0.02299662 0.23773763
v -0.04411012 -0.02619031 0.24043363
v -0.04251856 -0.02151128 0.25643054
v -0.04225222 -0.02615504 0.27226716
v -0.04139483 -0.02331672 0.27331841
v -0.04151833 -0.02155767 0.27726889
v -0.03690607 -0.02564281 0.28801149
v -0.03733012 -0.02929038 0.29132205
v -0.03472210 -0.02854092 0.29626414
v -0.08756722 -0.04318879 0.10022659
v -0.06373861 -0.03313608 0.17643993
v -0.10328082 -0.04825367 0.02793170
v -0.04670936 -0.03000599 0.23074308
v -0.06746252 -0.03530867 0.17406496
v -0.04511053 -0.02889768 0.26292652
v -0.05906318 -0.03298235 0.18858086
v -0.10727022 -0.02998414 0.03760008
v -0.10711346 -0.04860882 0.01578156
v -0.10585929 -0.02236010 0.04597648
v -0.06482382 -0.02218735 0.16689257
v -0.06130352 -0.02240098 0.17764518
v -0.06897710 -0.02262475 0.15429072
v 0.20598811 0.00882849 0.06917236
v 0.20208433 -0.00013348 0.05715236
v 0.20811944 -0.00377470 0.06996780
v 0.20312828 -0.00512382 0.05903866
v 0.21271032 -0.00438738 0.07638449
v 0.21674718 0.00093870 0.08299465
v 0.21062738 0.00927509 0.07710829
v 0.21630894 0.01137426 0.08887780
v 0.19902794 0.00957859 0.05826193
v 0.22075951 0.00095223 0.09249146
v 0.22443736 0.00971736 0.10523786
v 0.22523052 0.00075906 0.10344392
v 0.23254181 0.00196629 0.11520320
v 0.23253563 0.01237191 0.12190713
v 0.23641752 0.00425580 0.12455723
v 0.23759824 0.01316744 0.13335478
v 0.24191774 0.00341716 0.13686505
v 0.24334837 0.01402618 0.14593519
v 0.24814010 0.00237168 0.14859433
v 0.24791798 0.01427304 0.15514460
v 0.19371003 0.00887082 0.04823758
v 0.19435306 -0.00242387 0.04425599
v 0.18940876 0.00127455 0.03545168
v 0.18931176 -0.00504485 0.03040110
v 0.25197729 0.00130180 0.15830928
v 0.25180352 0.01485962 0.16593023
v 0.25587496 0.00377236 0.16815060
v 0.18564479 -0.00365709 0.02136110
v 0.25575882 0.01448650 0.17673169
v 0.26327014 0.00326929 0.18160474
v 0.23607142 -0.00579417 0.12294661
v 0.26078248 0.01528607 0.18955652
v 0.26780155 0.00506471 0.19380668
v 0.27063772 0.00875972 0.20462953
v 0.27352789 0.00389969 0.20791399
v 0.27872479 0.00493722 0.21953210
v 0.26697502 -0.00399160 0.18942215
v 0.28134644 -0.00102464 0.22468887
v 0.26874939 -0.00484023 0.19605359
v 0.28589496 0.00385037 0.23794180
v 0.27969870 0.01607691 0.23179653
v 0.28253424 0.01539455 0.23910622
v 0.25935805 -0.00753292 0.17386809
v 0.25503588 -0.00475300 0.16661969
v 0.28665352 -0.00345841 0.23991367
v 0.29013133 -0.00380391 0.24805619
v 0.29329529 0.00344944 0.25557882
v 0.29458570 -0.00508844 0.25627053
v 0.29873240 -0.00009703 0.26851994
v 0.22035888 -0.00807843 0.09203646
v 0.18572140 -0.00958708 0.02187687
v 0.29783091 -0.01132336 0.26601517
v 0.21638815 -0.00894236 0.08365408
v 0.17872718 -0.00292609 0.00986153
v 0.22391050 -0.00899364 0.10297263
v 0.29538700 0.00620828 0.26420057
v 0.30001837 -0.01076195 0.27354506
v 0.25108832 -0.00823440 0.15870005
v 0.29461962 -0.01203267 0.25814444
v 0.22784986 -0.00805754 0.10954831
v 0.24335568 -0.00832774 0.14238694
v 0.23980656 -0.00796815 0.13510324
v 0.19809760 -0.00746529 0.05202590
v 0.17587551 -0.00981021 0.00491201
v 0.28276187 -0.00866937 0.23148878
v 0.27853525 -0.00877488 0.22046825
v 0.27458897 -0.00908785 0.21196306
v 0.26681957 -0.01234566 0.19276567
v 0.17386717 -0.00209686 -0.00435100
v 0.30114263 -0.00772492 0.28003183
v 0.25421646 -0.01053469 0.16924049
v 0.17337893 -0.00742947 -0.01220749
v 0.28615561 0.01612550 0.25354373
v 0.17032996 0.00085295 -0.01294349
v 0.17069779 -0.00425433 -0.01556466
v 0.16655199 -0.00754507 -0.02050086
v 0.30443048 -0.01243867 0.28406861
v 0.30212331 -0.01848591 0.27606019
v 0.17551425 0.00220678 0.00681283
v 0.17920493 0.00566050 0.01946405
v 0.18489048 0.00566187 0.03047078
v 0.18866126 0.00830922 0.04028876
v 0.29904220 0.00557857 0.28597876
v 0.27300644 0.01572520 0.21974671
v 0.26667100 0.01596839 0.20505989
v 0.22008640 0.01215618 0.09850135
v 0.22624630 0.01212012 0.11106829
v 0.30051327 -0.00428230 0.29345179
v 0.30302995 -0.02452735 0.27703744
v 0.15880892 0.00178014 -0.02407526
v 0.16050266 -0.00462535 -0.02686552
v 0.15780926 -0.00359328 -0.04215056
v 0.15769131 -0.01040416 -0.04513615
v 0.16096091 -0.00942600 -0.02514997
v 0.15683649 0.00018001 -0.03806167
v 0.15585177 -0.00060352 -0.05739454
v 0.29475123 0.01359287 0.28192726
v 0.30239207 -0.00991151 0.29456714
v 0.15840518 -0.00715921 -0.05735781
v 0.15542163 -0.00211246 -0.06140488
v 0.15485303 -0.01175022 -0.06265968
v 0.15373705 -0.01763612 -0.06060116
v 0.15404844 -0.01293289 -0.06559111
v 0.14962284 -0.00156751 -0.06404378
v 0.14689031 -0.00811443 -0.07325020
v 0.29137722 0.01480413 0.26791230
v 0.29877797 0.00075343 0.30335733
v 0.14453790 -0.00153669 -0.07020390
v 0.14548992 -0.01104563 -0.08041348
v 0.14158933 -0.00220045 -0.08954005
v 0.14271656 -0.01276205 -0.09063648
v 0.13933672 -0.00369494 -0.09453527
v 0.14141129 -0.02674994 -0.09578208
v 0.14601055 -0.02563193 -0.08468716
v 0.14608891 -0.01823515 -0.08411475
v 0.13811807 -0.02313074 -0.10430137
v 0.13793433 -0.03088029 -0.10498800
v 0.13448261 -0.02210380 -0.11231554
v 0.13533716 -0.00441347 -0.10148742
v 0.13459969 -0.03806452 -0.11784896
v 0.13807909 -0.04445097 -0.11093945
v 0.13057221 -0.03563497 -0.12318315
v 0.12827404 -0.02227131 -0.12188857
v 0.12790121 -0.01345681 -0.11833628
v 0.14295657 -0.03167444 -0.09055312
v 0.14669196 -0.03049901 -0.08170446
v 0.12545542 0.00038716 -0.11415452
v 0.15065859 -0.01780308 -0.07925826
v 0.13815089 -0.04673694 -0.12054086
v 0.11847803 -0.00139027 -0.12273737
v 0.12732184 0.00485409 -0.10564263
v 0.12126637 0.00935063 -0.11294299
v 0.12345722 0.01202986 -0.10903530
v 0.12551820 0.01259498 -0.10385296
v 0.13886906 -0.03780434 -0.09512572
v 0.15132709 -0.02669061 -0.07957374
v 0.12951897 -0.04657523 -0.12891862
v 0.11412210 0.00532087 -0.12327129
v 0.11540605 0.01140380 -0.11775450
v 0.10869850 0.01323844 -0.12391285
v 0.13446116 0.00152565 -0.09253331
v 0.12670031 0.00732224 -0.09749068
v 0.12076385 -0.01031968 -0.12320694
v 0.25068459 0.02040121 0.17506482
v 0.16480935 0.00168472 -0.01675084
v 0.25409520 0.02101544 0.18798180
v 0.17227630 0.00552020 0.00613028
v 0.14260061 -0.05253375 -0.11844517
v 0.13951497 -0.05032435 -0.12429935
v 0.14004155 -0.05882153 -0.12360192
v 0.14291631 -0.05628191 -0.11682100
v 0.15556121 -0.01660705 -0.07277143
v 0.15831850 -0.02270905 -0.07138126
v 0.15523767 -0.01891641 -0.07714550
v 0.15570377 -0.02859154 -0.07627797
v 0.15828307 -0.02632864 -0.07056510
v 0.13549022 -0.04963452 -0.12592931
v 0.24429579 0.02076283 0.16150267
v 0.29460981 0.01258961 0.29911655
v 0.30056879 -0.01097080 0.30219975
v 0.27982396 0.02041816 0.24627292
v 0.12522522 -0.03677749 -0.12735687
v 0.12136228 -0.03072629 -0.12676254
v 0.13011904 -0.05388221 -0.13050972
v 0.12677491 -0.05177226 -0.13568980
v 0.12635937 -0.06634069 -0.13323596
v 0.13030493 -0.06019286 -0.12819377
v 0.12609887 -0.07214219 -0.13564609
v 0.12363719 -0.07427084 -0.13979536
v 0.12400595 -0.05056278 -0.13921827
v 0.13436610 -0.05643217 -0.12687308
v 0.12123923 -0.04616215 -0.13536569
v 0.12167787 -0.04210916 -0.13028018
v 0.12585272 -0.07142165 -0.13081022
v 0.12563427 -0.06713163 -0.12279201
v 0.10679547 0.01033569 -0.12613122
v 0.28760049 0.02058168 0.27940723
v 0.22988072 0.01732939 0.12796973
v 0.27084050 0.01977046 0.22636668
v 0.30689770 -0.01769962 0.28066087
v 0.30732271 -0.02879419 0.27986145
v 0.31217453 -0.01645139 0.28864983
v 0.20320502 0.01271536 0.07311207
v 0.14439726 -0.03432943 -0.07902254
v 0.12934281 -0.06360569 -0.12498006
v 0.13554530 -0.06038194 -0.12418415
v 0.15521190 -0.01412262 -0.04691573
v 0.15583934 -0.03078420 -0.06947477
v 0.28593314 0.02116358 0.29764172
v 0.30730453 -0.01404272 0.29249617
v 0.31174561 -0.01908688 0.28245229
v 0.31439027 -0.02082442 0.28866294
v 0.31179607 -0.04290405 0.28220883
v 0.31415617 -0.04054241 0.28682980
v 0.31422156 -0.04036788 0.29151008
v 0.30469844 -0.04122399 0.27918857
v 0.14904435 -0.03259636 -0.07568892
v 0.11726864 -0.07220879 -0.14206916
v 0.30287263 -0.03309776 0.27977872
v -0.04545026 0.14298329 -0.19924004
v -0.08569237 0.14266522 -0.19905601
v -0.08908869 0.13906197 -0.20195098
v -0.12680781 0.14271563 -0.19881085
v -0.13397658 0.13875009 -0.20170817
v -0.04859479 0.13900006 -0.20213881
v -0.00687863 0.13693413 -0.20366609
v -0.01167333 0.14443801 -0.19868173
v -0.13485026 0.13463207 -0.20358647
v -0.13759165 0.14130674 -0.19834334
v -0.05215603 0.13495299 -0.20351502
v -0.00166412 0.14376941 -0.20238283
v 0.01009481 0.14182223 -0.20574853
v -0.00492761 0.14977847 -0.19880223
v -0.01941062 0.12720186 -0.20438272
v -0.08066124 0.12938137 -0.20365378
v -0.00240929 0.12817708 -0.20445235
v -0.13486043 0.13078350 -0.20371003
v 0.00994195 0.13544638 -0.20619336
v 0.02784461 0.14597732 -0.20560390
v 0.01823507 0.15146904 -0.20407791
v 0.02853240 0.15747502 -0.20320874
v 0.00448615 0.15288374 -0.20265485
v 0.00163933 0.15841420 -0.20106497
v -0.00200827 0.15505293 -0.20127651
v 0.04019600 0.16258042 -0.20493229
v 0.02894859 0.16950026 -0.20173375
v 0.03655753 0.17199232 -0.20249724
v 0.05716325 0.17656642 -0.20688362
v 0.04118415 0.17626871 -0.20307550
v 0.03650335 0.17799766 -0.20371702
v 0.02026352 0.16214314 -0.19933434
v 0.02398311 0.16535783 -0.19876295
v 0.02450506 0.16981190 -0.19999331
v 0.03349279 0.17318778 -0.20393813
v -0.13993861 0.13470024 -0.20036969
v -0.14010458 0.12776746 -0.19999912
v 0.03797111 0.18063070 -0.20111889
v 0.04103613 0.18128565 -0.20463131
v -0.14373262 0.12479120 -0.19486690
v -0.14851625 0.12915868 -0.18955937
v -0.14415756 0.13631681 -0.19195105
v -0.12683232 0.14396371 -0.19566701
v -0.11622708 0.02510457 0.17526868
v -0.11310125 0.01955204 0.18461569
v -0.10751154 0.01950691 0.19951327
v -0.12391087 0.02497830 0.15486531
v -0.11902758 0.01865345 0.16931476
v -0.10358571 0.02454559 0.20944305
v -0.10376411 0.01955191 0.21027240
v -0.12587509 0.01719121 0.15064718
v -0.13028738 0.02350049 0.13795960
v -0.09729522 0.01964128 0.22594157
v -0.09153830 0.01958692 0.23942563
v -0.08570500 0.02793530 0.25043982
v -0.08607964 0.01998478 0.25229594
v -0.07999160 0.01936440 0.26551479
v -0.07148309 0.02489048 0.28204578
v -0.07426864 0.01888909 0.27762067
v -0.06614835 0.01816352 0.29388246
v -0.05971484 0.02553936 0.30519658
v -0.05990659 0.01781319 0.30574954
v -0.05524113 0.01763990 0.31516710
v -0.13080211 0.01549283 0.13469619
v -0.13615651 0.01970634 0.12222528
v -0.13461675 0.01487280 0.12496032
v -0.14148049 0.01309364 0.10503940
v -0.14192349 0.01939286 0.10687540
v -0.14836277 0.01719742 0.08832978
v -0.14612551 0.01257349 0.09151961
v -0.15563270 0.01575406 0.06718355
v -0.15793024 0.01039865 0.05754167
v -0.15372096 0.01075940 0.06936394
v -0.15011457 0.01161270 0.07997077
v -0.16280967 0.01680016 0.04365307
v -0.16502954 0.00944038 0.03717310
v -0.04784149 0.02442379 0.32558900
v -0.04707423 0.01794076 0.32806301
v -0.14857461 0.02166863 0.08670144
v -0.14153719 0.02527808 0.10315634
v -0.13671868 0.02613787 0.11673081
v -0.13384549 0.02572874 0.12606531
v -0.16590074 0.02064781 0.02686434
v -0.16933492 0.01645972 0.02170408
v -0.17087227 0.01263998 0.01900960
v -0.17739759 0.01421386 -0.00350708
v -0.17770615 0.00641296 -0.00253735
v -0.18114740 0.01199751 -0.01440783
v -0.18406287 0.00537140 -0.02432372
v -0.18527295 0.01225349 -0.02859482
v -0.19077580 0.00479214 -0.04266911
v -0.18855898 0.01400118 -0.04078216
v -0.19648908 0.01115270 -0.06112004
v -0.19518660 0.00460015 -0.05578297
v -0.20027977 0.01173543 -0.07264924
v -0.20145665 0.00484623 -0.07246391
v -0.20390800 0.01131791 -0.08221370
v -0.20843761 0.00600477 -0.08992610
v -0.17386721 0.00726192 0.00941656
v -0.17018087 0.00819169 0.02024587
v -0.20954002 0.01465873 -0.09616406
v -0.21172085 0.00732632 -0.09691528
v -0.21612170 0.02448599 -0.10851180
v -0.21916577 0.02043474 -0.11484233
v -0.22113623 0.04061711 -0.12107784
v -0.22498123 0.03672618 -0.13421237
v -0.22548190 0.05177258 -0.13483429
v -0.21843918 0.01072354 -0.11713675
v -0.22282100 0.01536652 -0.13441074
v -0.22469454 0.05892393 -0.13395005
v -0.22849719 0.07093467 -0.14966014
v -0.22717839 0.08043545 -0.14728412
v -0.22986943 0.10402925 -0.16383877
v -0.22567502 0.11176489 -0.15657102
v -0.22815850 0.12649050 -0.16807096
v -0.22901624 0.15241434 -0.18204731
v -0.22961794 0.17463075 -0.19363381
v -0.22576602 0.17429753 -0.18500444
v -0.22591951 0.14066939 -0.16982327
v -0.22725196 0.19213566 -0.19472027
v -0.22931246 0.21469644 -0.20986785
v -0.22921231 0.24406126 -0.22410989
v -0.22673930 0.22219783 -0.20832404
v -0.22206062 0.07702803 -0.13661312
v -0.22265035 0.10781889 -0.15092304
v -0.22657090 0.25577748 -0.22540960
v -0.22886962 0.26989675 -0.23864736
v -0.22661492 0.28091332 -0.23877278
v -0.22629358 0.30934203 -0.25696716
v -0.22279687 0.32779616 -0.26884118
v -0.22277980 0.13527742 -0.16349618
v -0.22232401 0.15138881 -0.16990361
v -0.21590649 0.03953820 -0.11403790
v -0.22292705 0.30318159 -0.24818686
v -0.21397924 0.05524848 -0.11919882
v -0.22230490 0.31592929 -0.25646651
v -0.22244848 0.16461070 -0.17634940
v -0.22238989 0.18071917 -0.18379328
v -0.22278623 0.19743228 -0.19210680
v -0.21853715 0.33809522 -0.27392927
v -0.10782676 0.02999773 0.19369802
v -0.10054754 0.03011390 0.21353215
v -0.07747098 0.03051857 0.26648781
v -0.04310946 0.02617362 0.33179510
v -0.03875093 0.01738728 0.33893424
v -0.03583075 0.02411383 0.34093985
v -0.21031183 0.02775065 -0.10374996
v -0.21294242 0.04373889 -0.11316083
v -0.22781566 0.01170037 -0.14439955
v -0.22503981 0.00686893 -0.12566915
v -0.22873043 -0.00422491 -0.12894543
v -0.22085285 -0.00106476 -0.10576894
v -0.22010143 -0.01230299 -0.09607720
v -0.22934888 -0.02277827 -0.12313119
v -0.22526066 -0.03356175 -0.10761613
v -0.21827503 -0.03307554 -0.08777175
v -0.21232291 -0.02849560 -0.07166699
v -0.20463844 -0.01220356 -0.05614240
v -0.20259558 -0.02504977 -0.04702900
v -0.19660521 -0.01305407 -0.03342479
v -0.18909706 -0.03028628 -0.00616556
v -0.18578428 -0.02589805 0.00337347
v -0.17737775 -0.01341267 0.02601612
v -0.18744430 -0.01202668 -0.00493202
v -0.17276572 -0.00071714 0.03182352
v -0.16620821 -0.00164972 0.05127152
v -0.16966228 -0.01425832 0.04870014
v -0.15845241 -0.00186729 0.07094033
v -0.15859511 -0.01453554 0.07700354
v -0.14884697 -0.00007660 0.09607044
v -0.14317968 -0.01433886 0.11754806
v -0.14036156 0.00107718 0.12031417
v -0.13370192 -0.01672783 0.14818253
v -0.12918565 0.00279600 0.15576386
v -0.12623315 -0.01642341 0.17272864
v -0.12228955 0.00067608 0.17802171
v -0.11761780 -0.01334566 0.19494176
v -0.11193257 0.00211109 0.20622516
v -0.11079658 0.01034303 0.20479450
v -0.10121360 0.00771588 0.23202571
v -0.11883600 0.01200259 0.18112054
v -0.10219890 -0.01285865 0.23485792
v -0.09465461 0.00469527 0.25175554
v -0.09091528 -0.01418159 0.26571271
v -0.08509060 -0.00367075 0.27907071
v -0.08482891 0.00526145 0.27595896
v -0.07629960 -0.00464236 0.30207178
v -0.07878309 -0.02152538 0.30030203
v -0.07238556 -0.02672763 0.31714019
v -0.08704733 -0.01854819 0.27602822
v -0.13395652 0.00910255 0.13534695
v -0.12739107 0.01378148 0.15246454
v -0.14350834 0.00964128 0.10448103
v -0.15536822 0.00544071 0.07348906
v -0.06763378 -0.00468391 0.31986067
v -0.07574484 0.00447247 0.29789686
v -0.17695676 -0.02826154 0.02860058
v -0.07722405 -0.02994898 0.30504188
v -0.07441293 -0.03748520 0.31472275
v -0.23124591 -0.03565217 -0.12780979
v -0.16840859 -0.02651100 0.05266599
v -0.15931499 -0.02516170 0.07563451
v -0.19359593 -0.00312874 -0.03298762
v -0.18627703 -0.00238652 -0.01001060
v -0.17645371 0.00090045 0.01823688
v -0.21107087 -0.00164604 -0.08135548
v -0.20120224 -0.00300708 -0.05499771
v -0.16353594 0.00566954 0.05179685
v -0.16923650 0.00585751 0.03451527
v -0.06586831 0.00499217 0.31836435
v -0.20026110 -0.03343339 -0.04097828
v -0.23531042 -0.02485301 -0.15119752
v -0.23677419 -0.03283127 -0.15513714
v -0.09774637 0.01034247 0.23882668
v -0.11402301 -0.01945359 0.20372239
v -0.06328090 -0.01163650 0.32913157
v -0.10131011 -0.01896352 0.23599012
v -0.23544282 -0.04661627 -0.14711198
v -0.23904924 -0.05267326 -0.15957280
v -0.14604945 -0.02724977 0.10874148
v -0.13904680 -0.02291049 0.12895741
v -0.06846850 -0.02997844 0.32429379
v -0.07849731 -0.08181003 0.32085219
v -0.07922781 -0.07992771 0.31729427
v -0.08132736 -0.10360512 0.31700039
v -0.06447761 -0.06353078 0.33867142
v -0.23113406 -0.00231158 -0.14707024
v -0.21955936 0.00575794 -0.11083525
v -0.07514121 -0.09237338 0.32821319
v -0.08149654 -0.12224480 0.32491753
v -0.08264559 -0.11644191 0.32053569
v -0.08391827 -0.13148406 0.31929177
v -0.07517871 -0.12459674 0.33759102
v -0.08348420 -0.13182725 0.32372028
v -0.08415667 -0.16036656 0.33023444
v -0.07035189 -0.10443287 0.34005329
v -0.08690524 -0.17161021 0.32607290
v -0.08124885 -0.18340705 0.34326988
v -0.08737376 -0.19503887 0.33380896
v -0.08933602 -0.21803984 0.33809868
v -0.09080912 -0.22200660 0.33322787
v -0.08929674 -0.20566733 0.32843217
v -0.09138405 -0.22909018 0.33671975
v -0.09453002 -0.26456714 0.34057790
v -0.09533203 -0.26670673 0.33726883
v -0.09809890 -0.29417649 0.34075049
v -0.09458004 -0.28457135 0.34641886
v -0.09805029 -0.30352738 0.34445775
v -0.09454647 -0.30332401 0.35091108
v -0.08761039 -0.24943101 0.34820604
v -0.08412299 -0.22420533 0.34817097
v -0.07671008 -0.15005355 0.34171984
v -0.07727458 -0.17574610 0.34738281
v -0.07994367 -0.02831295 0.29315209
v -0.07528573 -0.03859875 0.31062049
v -0.07616866 -0.05617365 0.31218347
v -0.12955570 -0.02215779 0.15951833
v -0.05527490 0.00601728 0.33424559
v -0.05571957 -0.00621356 0.33816960
v -0.22158755 -0.03692669 -0.09856988
v -0.22737053 -0.03889307 -0.11677104
v -0.21381307 -0.03608984 -0.07796759
v -0.20497696 -0.03723926 -0.05585844
v -0.08818385 0.01560292 0.25602633
v -0.14817588 0.01051717 0.08866622
v -0.13734600 -0.02764556 0.13112733
v -0.08463761 -0.02513816 0.27994427
v -0.08990440 -0.02348328 0.26493213
v -0.13224643 -0.02754659 0.14507249
v -0.15480314 -0.02854893 0.08554675
v -0.19063561 -0.03605704 -0.01416480
v -0.17809866 0.00332560 0.00827180
v -0.18611373 0.00144991 -0.01611545
v -0.19791956 0.00137386 -0.05397309
v -0.20918830 0.00144867 -0.08144422
v -0.08986179 -0.28870121 0.35322276
v -0.08504716 -0.25946531 0.35332152
v -0.08086008 -0.23443377 0.35356593
v -0.12229034 -0.02421920 0.17863423
v -0.22817667 -0.04254365 -0.12343264
v -0.04851042 0.00514122 0.34296384
v -0.16011027 -0.03075332 0.06998228
v -0.06915306 -0.14176069 0.34858114
v -0.05625683 -0.04155498 0.34406537
v -0.04729263 -0.00641609 0.34646145
v -0.06491159 -0.09262143 0.34386346
v -0.07341692 0.01046668 0.29361656
v -0.11337578 -0.02434473 0.20192592
v -0.10817711 -0.02407688 0.21478994
v -0.18108685 -0.03502923 0.01051445
v -0.19739470 -0.03828206 -0.03721277
v -0.16807760 -0.03177132 0.04938273
v -0.07567554 -0.20405723 0.35335928
v -0.24033614 -0.06975731 -0.17241625
v -0.12656501 -0.02662280 0.16268352
v -0.06330413 -0.11225294 0.34858412
v -0.10274442 -0.02414691 0.22817290
v -0.09490881 -0.02453236 0.24865109
v -0.09772765 -0.30981499 0.34199059
v -0.09834111 -0.30800572 0.33783847
v -0.09169561 -0.30716613 0.35351402
v -0.22882590 -0.00168194 -0.16518524
v -0.22284336 0.24437946 -0.21565221
v -0.22256440 0.21870351 -0.20247568
v -0.22303124 0.23288922 -0.21011229
v -0.21601023 0.34261388 -0.27623504
v -0.06853827 -0.16466059 0.35300806
v -0.22299761 0.25388482 -0.22087350
v -0.21804917 0.32964075 -0.26480487
v -0.22337131 0.27781105 -0.23401900
v -0.22289981 0.26543334 -0.22724636
v -0.22320789 0.29109058 -0.24138126
v -0.23562832 -0.05780168 -0.18738887
v -0.23006682 -0.01315013 -0.17080379
v -0.23260409 -0.03459799 -0.17956600
v -0.07430679 -0.03731710 0.30519369
v -0.05038314 0.01164659 0.33452147
v -0.05895504 0.01171407 0.32061374
v -0.24285498 -0.09293910 -0.18371464
v -0.24365079 -0.10231261 -0.18485631
v -0.24295303 -0.11295424 -0.20392369
v -0.24438839 -0.11870667 -0.20073408
v -0.24487002 -0.12294816 -0.19305202
v -0.24859445 -0.15026352 -0.20017324
v -0.24692591 -0.14287435 -0.20690739
v -0.25016382 -0.16371016 -0.20727248
v -0.24959853 -0.16836813 -0.20349866
v -0.25124744 -0.18395233 -0.20916884
v -0.25128555 -0.18216282 -0.21346958
v -0.25310633 -0.19457246 -0.21467751
v -0.25514108 -0.22015172 -0.22431943
v -0.25591937 -0.22510830 -0.22322646
v -0.25778016 -0.24729800 -0.22692047
v -0.25766709 -0.24343584 -0.22938219
v -0.26116395 -0.27162266 -0.23293485
v -0.26153818 -0.28728512 -0.23329034
v -0.26314709 -0.29724169 -0.23764804
v -0.26492125 -0.31231162 -0.24204113
v -0.26535335 -0.30928349 -0.24631579
v -0.26752862 -0.32538715 -0.25135013
v -0.26719278 -0.33825827 -0.24870802
v -0.26994848 -0.35138464 -0.25416723
v -0.26972103 -0.34277055 -0.25632644
v -0.27141765 -0.35837623 -0.26463431
v -0.27054688 -0.36026886 -0.25938943
v -0.26227781 -0.28879189 -0.24109471
v -0.26812899 -0.33024862 -0.25637138
v -0.26483074 -0.31185508 -0.25116119
v -0.26857996 -0.34457588 -0.26529118
v -0.14832459 -0.03096181 0.09874902
v -0.17384140 -0.03541581 0.02791392
v -0.08559268 -0.02759715 0.27099547
v -0.23662354 -0.07438094 -0.19371285
v -0.13488857 -0.03174885 0.12974714
v -0.22135885 -0.04246058 -0.10684187
v -0.07664383 -0.03105886 0.29968232
v -0.23963252 -0.09690564 -0.20056406
v -0.20791711 -0.03902924 -0.06659368
v -0.24434358 -0.15386477 -0.22316627
v -0.07855476 -0.08124543 0.31453699
v -0.24597907 -0.17105334 -0.22551893
v -0.24268256 -0.13848361 -0.21903847
v -0.24264006 -0.12328143 -0.20913665
v -0.18926686 -0.03909498 -0.01570846
v -0.21711636 0.06927315 -0.12866354
v -0.21314465 -0.04288251 -0.08922644
v -0.24578533 -0.19547254 -0.23447394
v -0.09092380 -0.02743224 0.25124156
v -0.25937599 -0.26980212 -0.23695500
v -0.26956713 -0.36112228 -0.26944309
v -0.15830837 -0.03528947 0.06594076
v -0.14655593 -0.03569689 0.09204058
v -0.25499555 -0.23840107 -0.23372090
v -0.22982393 -0.04901505 -0.13900055
v -0.04062370 0.01238737 0.34360808
v -0.25885558 -0.28976306 -0.24998721
v -0.11405402 -0.02718817 0.19313477
v -0.24830055 -0.21928196 -0.23977557
v -0.25360712 -0.26437920 -0.24615200
v -0.20076136 -0.04295120 -0.05864508
v -0.18830620 -0.04245776 -0.02365404
v -0.13904421 -0.03566134 0.10838888
v -0.17383513 -0.04003405 0.01496388
v -0.24606881 -0.23253678 -0.24663095
v -0.16793892 -0.03868447 0.03262462
v -0.09786025 -0.02810770 0.22816381
v -0.12053016 -0.03126444 0.16462645
v -0.25575754 -0.31717107 -0.26734120
v -0.10656552 -0.02887405 0.20458055
v -0.24570060 -0.21511137 -0.24150860
v -0.24586183 -0.29177463 -0.26664299
v -0.13018632 -0.03509475 0.12870194
v -0.12262678 -0.03329535 0.14992255
v -0.15624061 -0.03824515 0.05954637
v -0.07026837 -0.03525442 0.28961372
v -0.07608771 -0.03292549 0.27466479
v -0.08682270 -0.03034586 0.24507837
v -0.11147045 -0.03102298 0.18267764
v -0.25745878 -0.33795974 -0.27412137
v -0.26469344 -0.35994032 -0.27414683
v -0.17514870 -0.04275247 0.00001907
v -0.20746313 -0.04581326 -0.09252029
v -0.24707486 -0.30767700 -0.27095824
v -0.24933262 -0.32177764 -0.27404475
v -0.16174600 -0.04048340 0.03447682
v -0.14687498 -0.03838453 0.07666089
v -0.25763541 -0.35999674 -0.27909395
v -0.18716656 -0.04529270 -0.04136271
v -0.05316129 -0.16038838 0.35542834
v -0.05903936 -0.17495295 0.35643855
v -0.05375313 -0.18227728 0.35466498
v -0.05906114 -0.21266057 0.35546747
v -0.06547949 -0.20580235 0.35666090
v -0.06310927 -0.23067898 0.35594490
v -0.06688040 -0.24916030 0.35650641
v -0.07413451 -0.24553952 0.35710251
v -0.07377792 -0.27097422 0.35768804
v -0.07055842 -0.28135368 0.35675532
v -0.05762444 -0.14908609 0.35547259
v -0.07772077 -0.30611432 0.35831767
v -0.08210059 -0.30636448 0.35873041
v -0.04926529 -0.12752782 0.35515296
v -0.04586861 -0.13136669 0.35411307
v -0.04076739 -0.09045827 0.35486761
v -0.04503031 -0.09168541 0.35516062
v -0.03980962 -0.07124367 0.35501304
v -0.07917267 -0.26350507 0.35714248
v -0.06283712 -0.16786951 0.35593927
v -0.05335815 -0.12664621 0.35488552
v -0.05115868 -0.09829067 0.35393101
v -0.03533355 -0.06174722 0.35539466
v -0.06750475 -0.18846858 0.35597992
v -0.07306480 -0.21611451 0.35597977
v -0.03626341 -0.04351437 0.35482761
v -0.02974427 -0.04748321 0.35563391
v -0.02843696 -0.03335028 0.35668570
v -0.02216740 -0.03267821 0.35595480
v -0.08583816 -0.29715782 0.35745296
v -0.04771803 -0.06559645 0.35270870
v -0.06164316 -0.13652073 0.35292226
v -0.03731287 -0.00822842 0.35221359
v -0.01573841 -0.02265656 0.35991070
v -0.02434361 -0.00248036 0.35552537
v 0.00514003 0.00006269 0.36302438
v 0.01656231 -0.01821155 0.36752525
v 0.03689907 -0.01525636 0.37191975
v 0.04066029 0.00162254 0.37110266
v -0.04438163 -0.03224614 0.35129443
v 0.02231880 0.01218147 0.36526418
v 0.06154545 -0.01460151 0.37575024
v 0.08472482 -0.00129253 0.37920746
v 0.08718021 -0.01456598 0.38067126
v 0.07618949 0.01037666 0.37622568
v 0.04904269 0.01111511 0.37126085
v -0.02063123 0.00583642 0.35507634
v 0.03928858 -0.02075911 0.37196901
v 0.09974172 0.01123528 0.37889364
v -0.03855324 0.00701244 0.34873033
v -0.00006313 0.01370755 0.35860223
v 0.02166199 0.02069004 0.36665732
v -0.01229438 0.02088063 0.35531273
v -0.01159827 0.02539568 0.35456735
v 0.01135071 0.02595899 0.36231187
v 0.03559431 0.02513052 0.36967507
v 0.04644166 0.02049744 0.37312222
v 0.06321029 0.02552326 0.37529469
v -0.02083621 0.01465075 0.35119942
v -0.02924959 0.02038087 0.34705836
v -0.02864001 0.01558735 0.34753391
v 0.06837188 0.02209414 0.37750724
v 0.07216804 0.01752830 0.37763658
v 0.09178338 0.02256954 0.38073930
v -0.05745833 -0.09700639 0.35070729
v -0.05145704 -0.04332656 0.34856680
v -0.02661328 0.02562510 0.34768096
v -0.00130276 -0.02476561 0.36210153
v 0.07611902 -0.01917152 0.37746269
v 0.06439831 -0.02115530 0.37462643
v -0.01630245 -0.02778334 0.35849714
v 0.13135324 -0.01949232 0.38006416
v 0.04698362 -0.02346276 0.37173429
v 0.09822626 -0.02024887 0.37885553
v -0.07579321 -0.31406739 0.35511318
v -0.03187219 -0.06330333 0.35414982
v -0.06937778 -0.30012444 0.35545042
v 0.01887781 -0.02450489 0.36557198
v -0.03812432 -0.10721629 0.35229936
v -0.03281192 -0.07855593 0.35234007
v -0.04486953 -0.14926058 0.35189778
v -0.00565644 0.18693645 -0.22834897
v -0.04081036 0.18732910 -0.22411075
v -0.01090560 0.18726428 -0.22453800
v -0.04083298 0.18711656 -0.22839470
v -0.00619994 0.18828656 -0.21982005
v -0.01426484 0.19014961 -0.21929872
v -0.04097989 0.18977003 -0.21980609
v -0.04522736 0.19153100 -0.22007282
v -0.00331925 0.19071017 -0.21659347
v -0.00134050 0.18916154 -0.22666711
v -0.04519609 0.18923345 -0.22670773
v -0.04089706 0.18891676 -0.23307182
v -0.00560932 0.18884718 -0.23339564
v -0.00180083 0.19024237 -0.23282062
v -0.01359141 0.19449531 -0.21696271
v -0.04096782 0.19509032 -0.21729748
v 0.09447347 0.11792345 -0.16213354
v 0.09482136 0.13489532 -0.16489725
v 0.09480773 0.09955493 -0.16665567
v 0.09404463 0.10957765 -0.15852979
v 0.09438426 0.09608800 -0.16001429
v 0.09416214 0.10341088 -0.14608468
v 0.09429984 0.09423982 -0.15110508
v 0.09429517 0.08390263 -0.14651681
v 0.09452590 0.06671815 -0.15093251
v 0.09431091 0.06430326 -0.14620750
v 0.09330551 0.08728696 -0.15392517
v 0.09306193 0.05980803 -0.14631812
v 0.09298997 0.07182081 -0.14270982
v 0.09458719 0.06300744 -0.14275058
v 0.09180412 0.08830868 -0.14154710
v 0.09304976 0.10796878 -0.15238354
v 0.09709978 0.05994717 -0.14292134
v 0.09258146 0.09967178 -0.17131038
v 0.09246418 0.13421728 -0.17012182
v 0.09037694 0.13859220 -0.17435394
v 0.09210166 0.14476666 -0.17318118
v 0.09488960 0.14627296 -0.17822839
v 0.09480382 0.16605188 -0.17763123
v 0.09489565 0.16609010 -0.18171027
v 0.09497210 0.14620575 -0.18253912
v 0.09187019 0.09495114 -0.16987830
v 0.09106833 0.08917029 -0.15938379
v 0.09230423 0.06536472 -0.15517698
v 0.09199114 0.14191988 -0.18489189
v 0.09031203 0.08259022 -0.15750469
v 0.09169544 0.14685068 -0.18793122
v 0.09256344 0.16538599 -0.18586548
v 0.09042130 0.17028087 -0.18911938
v 0.09269241 0.17321086 -0.19487056
v 0.09010810 0.06808219 -0.15732208
v 0.09526104 0.17773309 -0.19376156
v 0.09526010 0.19716939 -0.19395946
v 0.09520103 0.17761394 -0.19791196
v 0.09526853 0.19719544 -0.19777766
v 0.09287690 0.19851786 -0.20160866
v 0.09305245 0.17527582 -0.20182273
v 0.08806142 0.16972323 -0.19487900
v -0.25304371 -0.36159837 -0.26727343
v -0.25193548 -0.35953060 -0.27978781
v -0.24536082 -0.35857159 -0.27378699
v 0.14643699 -0.23949599 -0.14568619
v 0.14549424 -0.21769753 -0.14223249
v 0.14576402 -0.28054601 -0.15013546
v 0.14437018 -0.20158498 -0.13710280
v 0.14679439 -0.16753988 -0.13180377
v 0.14833912 -0.14386074 -0.12944670
v 0.14812461 -0.12151700 -0.12511954
v 0.14558797 -0.10987241 -0.11858250
v 0.14806159 -0.18232149 -0.13900517
v 0.14797980 -0.21151882 -0.14570697
v 0.14870887 -0.16190837 -0.13498798
v 0.14884117 -0.09946142 -0.12352439
v 0.14798966 -0.24251415 -0.14966038
v 0.14794579 -0.28430828 -0.15512390
v 0.14887069 -0.08494581 -0.11751739
v 0.14905734 -0.12665005 -0.12968206
v 0.14952031 -0.18651608 -0.14591795
v 0.14868477 -0.29268214 -0.15853730
v 0.14905848 -0.25986364 -0.15771990
v 0.14919047 -0.15164496 -0.13682294
v 0.14951116 -0.28773376 -0.16406062
v 0.14923345 -0.26950505 -0.16519253
v 0.14868660 -0.21313620 -0.15374693
v 0.14883271 -0.23446402 -0.15826735
v 0.14969337 -0.16644664 -0.14594696
v 0.14893927 -0.32125604 -0.16671802
v 0.14881867 -0.09175242 -0.13108082
v 0.14914632 -0.06477929 -0.12469643
v 0.14892152 -0.12756178 -0.13789989
v 0.14880253 -0.31515494 -0.17304364
v 0.14836001 -0.23358361 -0.16044633
v 0.14879772 -0.14670476 -0.14392257
v 0.15052919 -0.06635804 -0.10898799
v 0.14988036 -0.06710061 -0.10731060
v 0.15147050 -0.05000111 -0.11379338
v 0.15226768 -0.05522867 -0.09970821
v 0.15503985 -0.04751701 -0.09413157
v 0.15559790 -0.04008425 -0.10044520
v 0.15739986 -0.04234563 -0.08971025
v 0.16125862 -0.03756945 -0.07490112
v 0.15348014 -0.04640265 -0.08541406
v -0.14947623 0.36184433 -0.31289852
v -0.17266048 0.35990414 -0.30770591
v -0.16737691 0.36308956 -0.30472550
v -0.18333028 0.36196098 -0.30029932
v -0.15342550 0.36377591 -0.30921015
v -0.12549748 0.36454508 -0.31527135
v -0.19835670 0.35885975 -0.29475915
v -0.11540690 0.36169606 -0.31892189
v -0.08043189 0.36256796 -0.32042083
v -0.12426633 0.36488655 -0.31270891
v -0.09808251 0.36522788 -0.31469187
v -0.07863996 0.36409304 -0.31886074
v -0.18756391 0.36034867 -0.29530844
v -0.04117029 0.36351982 -0.31554982
v -0.15613157 0.36194631 -0.30400628
v -0.17384575 0.36110246 -0.29903418
v -0.19559407 0.35668844 -0.28931478
v -0.20456512 0.35482115 -0.28653055
v 0.05920593 0.34116122 -0.28396851
v 0.04446988 0.34885144 -0.29188821
v 0.05873251 0.34166047 -0.27863899
v 0.07150237 0.33314097 -0.27002326
v 0.04077276 0.34990552 -0.29030326
v 0.03021177 0.35283113 -0.29514414
v 0.06689760 0.33364281 -0.26478675
v 0.07544639 0.32689518 -0.25772807
v 0.02326245 0.35525146 -0.30157825
v 0.00663734 0.35922581 -0.30682912
v 0.05363369 0.33920547 -0.27394202
v 0.04627849 0.34480104 -0.28307393
v 0.00516115 0.35719445 -0.30318159
v -0.01581112 0.36093572 -0.30997333
v 0.02989657 0.35023335 -0.29196751
v 0.06323413 0.32593471 -0.25612164
v 0.07820323 0.32007882 -0.24959469
v 0.01482035 0.35075036 -0.29598024
v 0.07919381 0.30646312 -0.23557641
v 0.04899761 0.33504349 -0.27023166
v 0.03747295 0.34110609 -0.28121462
v 0.06241876 0.31397858 -0.24508543
v 0.05107676 0.32605138 -0.26019177
v 0.07991891 0.29537421 -0.22600529
v 0.06664486 0.28887799 -0.22492146
v 0.08125590 0.28232595 -0.21620154
v 0.02396625 0.34221625 -0.28765774
v 0.09267144 0.28475374 -0.21878733
v 0.09261347 0.27020442 -0.20716503
v 0.03555038 0.33041385 -0.27305907
v 0.02135866 0.33423364 -0.28328931
v 0.00701156 0.32755938 -0.28407797
v 0.01950223 0.31593907 -0.27212206
v 0.05051072 0.30492255 -0.24454618
v 0.00078024 0.30482444 -0.27278867
v 0.01786664 0.29839242 -0.26174930
v 0.01569957 0.27835450 -0.24987133
v 0.08204637 0.26044685 -0.20315450
v 0.09302133 0.25839129 -0.19914445
v -0.00198018 0.28116798 -0.25985974
v -0.00844334 0.26381448 -0.25116813
v 0.00549725 0.25293916 -0.23800842
v -0.00607948 0.25050589 -0.24150188
v 0.00012831 0.23252672 -0.22642300
v 0.02381812 0.26347491 -0.23576301
v 0.05265924 0.29262462 -0.23515505
v 0.03239545 0.31872290 -0.26661307
v -0.02996487 0.24765310 -0.24851786
v -0.01700652 0.23105985 -0.23122829
v 0.01572368 0.23716259 -0.22386998
v 0.03167798 0.23742647 -0.21664426
v 0.03002556 0.28647867 -0.24659245
v 0.01630635 0.22007376 -0.21379706
v 0.03565487 0.25948694 -0.22643866
v 0.05263583 0.27476650 -0.22436209
v 0.06489585 0.26541096 -0.21217860
v 0.04269889 0.21729103 -0.20058621
v 0.02194226 0.20501545 -0.20373221
v 0.04210865 0.20115976 -0.19313659
v 0.05016479 0.25007969 -0.21244818
v 0.06154619 0.23758517 -0.19985898
v 0.06659580 0.22144939 -0.18977991
v 0.07889579 0.23450434 -0.19139242
v 0.09288285 0.24396072 -0.19057512
v 0.09536564 0.22304985 -0.17901644
v -0.00124144 0.19676273 -0.20682083
v 0.05392943 0.15757829 -0.16726027
v 0.06318330 0.17074053 -0.16952099
v 0.07752376 0.15753588 -0.15693162
v 0.06259979 0.19073239 -0.17857334
v 0.07872151 0.18795775 -0.17203520
v 0.08801308 0.17773621 -0.16269587
v 0.09677795 0.17855111 -0.15930781
v 0.02000292 0.17139482 -0.18713279
v -0.00401254 0.17046303 -0.19414549
v 0.02897369 0.15514916 -0.17495236
v 0.04841216 0.14397271 -0.16257133
v 0.08219522 0.21367483 -0.18064708
v 0.09655540 0.20418522 -0.16994785
v 0.06194720 0.13562649 -0.15487373
v 0.09167041 0.13324291 -0.14211805
v 0.07231846 0.11522394 -0.14231983
v 0.06638128 0.10582952 -0.14029634
v 0.08756301 0.08884145 -0.12712465
v 0.10195099 0.10484671 -0.12770073
v 0.11063175 0.07775832 -0.11302758
v 0.09106635 0.05901735 -0.11317568
v 0.11173097 0.05998512 -0.10358127
v 0.09251929 0.04306792 -0.10252447
v 0.07903718 0.04481589 -0.11007948
v 0.07816584 0.05959503 -0.11804580
v 0.07630517 0.08208071 -0.12834691
v 0.07548171 0.03071906 -0.10126477
v 0.11183591 0.09468932 -0.12053096
v 0.10874313 0.12697943 -0.13491030
v 0.11017627 0.14528020 -0.14287537
v 0.11481277 0.05092097 -0.09486563
v 0.08357008 0.02622809 -0.09344795
v 0.08872940 0.02665266 -0.09095094
v 0.10861028 0.17336093 -0.15509871
v 0.10798310 0.19015911 -0.16298132
v 0.12626448 0.05255278 -0.09223012
v 0.12419003 0.06438015 -0.10405433
v 0.11954203 0.08236930 -0.11447883
v 0.12598194 0.05956808 -0.09962009
v 0.09719203 0.23989142 -0.18800752
v 0.10302054 0.04007374 -0.09243160
v 0.11421299 0.03453890 -0.07820228
v 0.10965518 0.03053870 -0.07670986
v 0.12773345 0.03888034 -0.07813937
v 0.14086270 0.02654327 -0.06617640
v 0.10781535 0.20721436 -0.17181088
v 0.10396896 0.22178221 -0.17878601
v 0.11388398 0.11744162 -0.13091516
v 0.11974618 0.09957234 -0.12360330
v 0.09695423 0.26133424 -0.20184752
v 0.12461475 0.07731029 -0.11229394
v 0.12382287 0.09473964 -0.12249169
v 0.11659674 0.13406909 -0.13913351
v 0.11465896 0.15272215 -0.14729249
v 0.11205577 0.17178167 -0.15516968
v 0.14152125 0.03343871 -0.07405291
v 0.13758515 0.04243362 -0.08380266
v 0.10391357 0.24456896 -0.19283351
v 0.10754719 0.22955059 -0.18452579
v 0.09091692 0.29696852 -0.23024058
v 0.08694693 0.30769116 -0.24010362
v 0.12294491 0.11466980 -0.13226064
v 0.12122093 0.12965624 -0.13913298
v 0.12845932 0.06286316 -0.10487428
v 0.09769569 0.27027836 -0.20971647
v 0.13509634 0.04977720 -0.09365167
v 0.11405288 0.18244469 -0.16240783
v 0.11973694 0.14870296 -0.14860235
v 0.10361592 0.25235105 -0.19919223
v 0.10424453 0.25701478 -0.20489296
v 0.13368733 0.05631577 -0.10382157
v 0.08189311 0.31841248 -0.25084701
v 0.11306012 0.20866729 -0.17816746
v 0.13153756 0.07057622 -0.11564314
v 0.12760134 0.09696023 -0.12845309
v 0.14770474 0.03008687 -0.07796033
v -0.08285199 0.20464185 -0.22708407
v -0.10030033 0.19527416 -0.22137159
v -0.08537053 0.18833695 -0.21654655
v -0.09936400 0.17011377 -0.20581530
v -0.07958976 0.17072868 -0.20586093
v -0.08272231 0.21848485 -0.23651494
v -0.11473049 0.17029811 -0.20542893
v -0.10934030 0.21314156 -0.23197988
v -0.12790322 0.20025262 -0.22243510
v -0.12929744 0.17152214 -0.20545481
v -0.09186768 0.24615435 -0.25256991
v -0.07679437 0.24733783 -0.25398168
v -0.06529725 0.23500800 -0.24607767
v -0.11264309 0.24221499 -0.24825646
v -0.04774722 0.24786471 -0.25274104
v -0.04823834 0.26618278 -0.26308855
v -0.06117401 0.21907608 -0.23513471
v -0.04926416 0.23255704 -0.24275492
v -0.07801966 0.28597504 -0.27431762
v -0.04907094 0.29395029 -0.27768978
v -0.07986165 0.31575394 -0.28951126
v -0.04954620 0.33920768 -0.30124938
v -0.08063068 0.34179470 -0.30285215
v -0.05146563 0.36095643 -0.31209967
v -0.09462060 0.29072729 -0.27561501
v -0.10626004 0.34448397 -0.30255920
v -0.11401340 0.26751143 -0.26151678
v -0.11268706 0.30918613 -0.28328493
v -0.12900880 0.33613250 -0.29591715
v -0.08633800 0.35983026 -0.31128824
v -0.11313849 0.36103585 -0.30998275
v -0.13448742 0.36105046 -0.30744919
v -0.12875330 0.22549872 -0.23637810
v -0.12895907 0.30177712 -0.27698269
v -0.12879652 0.25149730 -0.25097972
v -0.14584957 0.17170329 -0.20297642
v -0.15104097 0.35733792 -0.30207771
v -0.14247210 0.34215778 -0.29630587
v -0.15335697 0.19580725 -0.21425422
v -0.14799343 0.14698619 -0.18549190
v -0.16105814 0.14995815 -0.18528940
v -0.16316395 0.12710869 -0.16946284
v -0.12606902 0.15171510 -0.19056948
v -0.17189795 0.13188456 -0.17096277
v -0.17429322 0.10452234 -0.15318078
v -0.15759310 0.10341836 -0.15417482
v -0.15365858 0.12590244 -0.16965014
v -0.17392805 0.08299944 -0.14033684
v -0.16009720 0.07918631 -0.13902457
v -0.15592842 0.05352782 -0.12428354
v -0.17952448 0.06232344 -0.12775452
v -0.15002562 0.03839142 -0.11575642
v -0.18044242 0.03928493 -0.11356602
v -0.14733718 0.31275213 -0.27793631
v -0.14489029 0.26298043 -0.25254515
v -0.13162687 0.04326833 -0.11904392
v -0.13047051 0.08103570 -0.14029872
v -0.15506211 0.02992992 -0.10935921
v -0.17610320 0.03262628 -0.10947346
v -0.17052199 0.35133877 -0.29347101
v -0.16000931 0.17314492 -0.20013490
v -0.14723389 0.23163393 -0.23496965
v -0.19303662 0.05704001 -0.12091971
v -0.19522348 0.03589885 -0.10738698
v -0.20474528 0.03643243 -0.10625581
v -0.20484099 0.06023680 -0.12029994
v -0.20837639 0.08150587 -0.13096821
v -0.19569322 0.08623262 -0.13574061
v -0.20864333 0.11495527 -0.14753754
v -0.19504964 0.11727528 -0.15219118
v -0.18712869 0.09108070 -0.14124694
v -0.19398557 0.02226178 -0.09795831
v -0.16455923 0.02524800 -0.10385391
v -0.17370118 0.15163003 -0.18251166
v -0.16177867 0.20959224 -0.21904331
v -0.18188013 0.11079949 -0.15441832
v -0.18335782 0.13619207 -0.16832855
v -0.20849457 0.14482294 -0.16162355
v -0.12242671 0.10679400 -0.15675992
v -0.15926085 0.24130113 -0.23603734
v -0.18714875 0.35544768 -0.29062822
v -0.17550537 0.33694011 -0.28241709
v -0.05097764 0.12461007 -0.16854461
v -0.07869946 0.10693825 -0.15655169
v -0.04882732 0.10580728 -0.15538864
v -0.07758209 0.12719685 -0.17054518
v -0.12477455 0.12586717 -0.16973513
v -0.08675847 0.08224847 -0.14061174
v -0.05234874 0.07990568 -0.13864045
v -0.11549315 0.06792419 -0.13257800
v -0.07390033 0.05523811 -0.12495985
v -0.08415041 0.04382852 -0.11875656
v -0.04589490 0.03681636 -0.11496398
v -0.07715489 0.03494233 -0.11279325
v -0.12011586 0.03724427 -0.11471722
v -0.04525876 0.06214628 -0.12813602
v -0.03380566 0.04463045 -0.11869597
v -0.04744401 0.02966669 -0.10946499
v -0.12485041 0.13984476 -0.18059665
v -0.08279981 0.13856266 -0.17935097
v -0.02819258 0.07932544 -0.13680010
v -0.06530723 0.13815680 -0.17932132
v -0.00101000 0.03825611 -0.11306971
v -0.00385714 0.03410514 -0.11054973
v 0.02505384 0.03607125 -0.11072715
v 0.02609191 0.04655588 -0.11629477
v 0.04485834 0.03901564 -0.11158513
v -0.07907512 0.15570307 -0.19444749
v -0.05015423 0.15373452 -0.19187714
v -0.04546835 0.13830349 -0.17890395
v -0.02865792 0.09895156 -0.14934546
v -0.03452116 0.12411720 -0.16701783
v 0.00031960 0.05023606 -0.11906615
v -0.04729540 0.16917838 -0.20232828
v 0.04440467 0.02916397 -0.10444904
v -0.01009770 0.06808005 -0.12848422
v -0.12601890 0.03004686 -0.10908438
v -0.07076914 0.18830445 -0.21460368
v -0.03186187 0.15362617 -0.18984844
v 0.06314448 0.03832060 -0.10925128
v -0.02120228 0.12800479 -0.16793598
v 0.06265668 0.05341655 -0.11744040
v 0.04805940 0.05946286 -0.12116288
v -0.00103841 0.08361597 -0.13600326
v -0.00101596 0.06534348 -0.12603137
v 0.01883611 0.09084857 -0.13763875
v 0.02737795 0.07631410 -0.12941465
v 0.05599784 0.07378782 -0.12723029
v -0.00282559 0.10774808 -0.15111250
v 0.00875463 0.10007778 -0.14424592
v 0.02863587 0.12328712 -0.15487422
v 0.02097213 0.12513371 -0.15737271
v 0.04260937 0.13361840 -0.15850210
v 0.05076876 0.10124061 -0.14043644
v -0.21013740 0.10452098 -0.14252990
v -0.02578915 0.16852324 -0.19821849
v -0.11619727 0.03253030 -0.11046635
v -0.02506762 0.35538769 -0.30639833
v -0.03674565 0.36114433 -0.31145462
v -0.03672300 0.31429592 -0.28597471
v -0.03023370 0.27602211 -0.26481023
v -0.01050211 0.31240863 -0.27967975
v -0.07103024 0.20335633 -0.22411883
v -0.00345796 0.12249821 -0.16097292
v -0.00010307 0.13211359 -0.16721725
v -0.00193150 0.34556794 -0.29692513
v -0.01254000 0.35670033 -0.30533087
v -0.00373583 0.15466808 -0.18487076
v -0.00493172 0.02931415 -0.10630872
v 0.02540966 0.14203790 -0.16770937
v -0.02717948 0.26105097 -0.25591600
v -0.04372448 0.19724064 -0.21474606
v -0.05076880 0.20349890 -0.21964151
v -0.02689666 0.20518455 -0.21627454
v -0.03482818 0.21540500 -0.22497839
v -0.21375038 0.12448300 -0.15333883
v -0.07520443 0.02885272 -0.10635474
v -0.00345453 0.21850395 -0.21844620
v 0.00660516 0.15535010 -0.18213706
v -0.21425623 0.14997825 -0.16536596
v -0.21118084 0.17619812 -0.17773022
v -0.20591383 0.16867556 -0.17476921
v -0.21174425 0.20783575 -0.19384043
v -0.21483037 0.21607673 -0.19817975
v -0.20901716 0.24132702 -0.21237615
v -0.21312270 0.26031026 -0.22179976
v -0.21732964 0.24996023 -0.21678725
v -0.21558651 0.27969950 -0.23237199
v -0.20785102 0.28847206 -0.23844261
v -0.21410298 0.30304214 -0.24557176
v -0.20588645 0.30542162 -0.24849112
v -0.20451395 0.32788923 -0.26307872
v -0.21746235 0.31486458 -0.25331464
v -0.20499687 0.34498841 -0.27624270
v -0.20544054 0.20595136 -0.19440077
v -0.19605763 0.14961952 -0.16856553
v -0.20026611 0.19140360 -0.18885718
v -0.20633593 0.25733629 -0.22207864
v -0.19494429 0.34212399 -0.27706730
v -0.20901152 0.34681538 -0.27830577
v 0.06366993 0.02565554 -0.09809892
v -0.21708597 0.18052633 -0.18142398
v -0.16685450 0.32743460 -0.27958432
v -0.18299516 0.31415066 -0.26452076
v -0.17149116 0.30438992 -0.26303190
v -0.17021020 0.28064266 -0.25031972
v -0.14892344 0.29317245 -0.26633438
v -0.17428386 0.18484364 -0.20109266
v -0.18802111 0.28929195 -0.24816985
v -0.18391570 0.26865217 -0.23948184
v -0.19947962 0.21217449 -0.20018694
v -0.16052844 0.26265666 -0.24634926
v -0.15465178 0.27872661 -0.25645921
v -0.17441420 0.24699794 -0.23305488
v -0.17917109 0.22151873 -0.21797433
v -0.18769684 0.25385556 -0.23012362
v -0.18298829 0.16359055 -0.18446063
v -0.19687639 0.17169063 -0.18022139
v -0.19956338 0.24185388 -0.21670076
v -0.18368435 0.19830126 -0.20303765
v -0.20016386 0.27142894 -0.23254792
v -0.21685624 0.08621744 -0.13699660
v 0.07667214 0.23813874 -0.22029929
v 0.07606237 0.23242891 -0.21669982
v 0.07652000 0.24885614 -0.21993101
v 0.07934871 0.25976804 -0.22463591
v 0.07917219 0.24036169 -0.22473349
v 0.07952534 0.25957188 -0.22869439
v 0.07445113 0.23265631 -0.22178213
v 0.07916684 0.24015704 -0.22900346
v 0.07652442 0.26470542 -0.22788163
v 0.07691462 0.23651607 -0.23184703
v 0.07693185 0.22629960 -0.21654911
v 0.07895981 0.22945228 -0.21116143
v 0.07921378 0.22552693 -0.21084973
v 0.07669656 0.24082153 -0.23387049
v 0.07709279 0.25941509 -0.23315822
v 0.07569695 0.26339623 -0.23215200
v 0.31334755 -0.09789763 0.27597845
v 0.31986830 -0.12539326 0.27926168
v 0.31824180 -0.14259218 0.28020835
v 0.31640428 -0.08912060 0.27589622
v 0.32523197 -0.16193534 0.28361315
v 0.33244610 -0.22870678 0.29112259
v 0.32962033 -0.23795311 0.29190895
v 0.32653484 -0.23074934 0.29155365
v 0.32637081 -0.21140029 0.28877985
v 0.33392426 -0.25330147 0.29345739
v 0.32986724 -0.19722480 0.28797904
v 0.32662991 -0.19606324 0.28709149
v 0.33068588 -0.18232791 0.28754956
v 0.32168725 -0.16904850 0.28354418
v 0.34433049 -0.31476226 0.30944926
v 0.34453890 -0.31181049 0.32031539
v 0.35131016 -0.30943927 0.31120420
v 0.34687516 -0.31165847 0.30585229
v 0.34173465 -0.31035334 0.30182466
v -0.00879325 0.20433494 -0.22900775
v -0.04117372 0.20424588 -0.22353908
v -0.02789797 0.20401214 -0.22812977
v -0.01018862 0.20461394 -0.22273174
v -0.04142946 0.20423323 -0.22715294
v -0.00236713 0.20658274 -0.22910891
v -0.00269244 0.20735265 -0.22317140
v -0.04586451 0.20224808 -0.22436160
v -0.04122424 0.20146874 -0.23211519
v -0.02180406 0.20158952 -0.23205730
v -0.00111034 0.20464432 -0.23046666
v -0.04523777 0.19983001 -0.23163381
v -0.04105490 0.19680388 -0.23519087
v -0.00558043 0.19674005 -0.23551935
v -0.04416108 0.20167434 -0.21992128
v -0.00130327 0.21035917 -0.22783095
v 0.00182418 0.21584404 -0.23153618
v 0.00033477 0.21758033 -0.22374342
v 0.00650032 0.21988326 -0.22818016
v 0.00506153 0.21999961 -0.22335055
v 0.02062184 0.22054830 -0.22884306
v 0.10915382 -0.16768882 -0.15030155
v 0.11170904 -0.16693357 -0.15465444
v 0.11117157 -0.18527901 -0.15415287
v 0.10889462 -0.14670028 -0.15077503
v 0.11248259 -0.20324257 -0.15811972
v 0.11486991 -0.21849614 -0.16260034
v 0.10820453 -0.10762053 -0.14918980
v 0.10708554 -0.10193948 -0.14741504
v 0.11360063 -0.24462476 -0.16276202
v 0.11461998 -0.27076715 -0.16681267
v 0.11645319 -0.29569814 -0.16923966
v 0.11894269 -0.28485695 -0.17325494
v 0.11834325 -0.30732101 -0.17409833
v 0.12040182 -0.31494221 -0.17796673
v 0.11571193 -0.25023425 -0.16726877
v 0.12278035 -0.27630749 -0.17566510
v 0.12759990 -0.33413661 -0.18581705
v 0.12479302 -0.31006825 -0.18090540
v 0.11879853 -0.20717023 -0.16433100
v 0.11611839 -0.18498772 -0.15961291
v 0.12097536 -0.23030807 -0.16916735
v 0.12265206 -0.24865346 -0.17234564
v 0.11569427 -0.16414787 -0.15684974
v 0.11259810 -0.14313109 -0.15352681
v 0.11940996 -0.18373629 -0.16069569
v -0.17107831 0.14305079 -0.18928474
v -0.16931574 0.13200819 -0.18920359
v -0.17013602 0.13615535 -0.18769364
v -0.17097999 0.15285416 -0.19795378
v -0.17073734 0.15119207 -0.19250770
v -0.17486684 0.15764603 -0.19537644
v -0.17520879 0.15713488 -0.19966950
v -0.16385894 0.12782003 -0.18409277
v -0.17197202 0.12832266 -0.19640133
v -0.16874757 0.12688102 -0.18867335
v -0.17395988 0.12829857 -0.20164429
v -0.17301126 0.15020159 -0.20066617
v -0.16418074 0.12383185 -0.18732651
v -0.02634674 0.15537868 -0.21023388
v -0.00749410 0.15478012 -0.20404407
v -0.01294487 0.15434246 -0.21202806
v -0.00410214 0.15560804 -0.21341902
v -0.00687884 0.15586343 -0.21650313
v -0.02369675 0.15665798 -0.21694970
v -0.02863161 0.15832563 -0.21552272
v 0.09876643 -0.05998151 -0.13596344
v 0.10197784 -0.06907359 -0.13326596
v 0.10255869 -0.07072069 -0.14241578
v 0.10422469 -0.07827087 -0.13903156
v 0.10527237 -0.08626676 -0.14613864
v 0.10645363 -0.09927260 -0.14497517
v 0.10927424 -0.09634054 -0.13778952
v 0.09946910 -0.05513278 -0.14217116
v 0.09399971 -0.05301603 -0.13354485
v 0.09363708 -0.03913069 -0.14271940
v 0.10321534 -0.06153443 -0.14394118
v 0.09361068 -0.05846175 -0.11950331
v 0.08715842 -0.04909887 -0.12693724
v 0.08850919 -0.04357216 -0.13558872
v 0.07773856 -0.04778029 -0.11542449
v 0.08782524 -0.05337358 -0.11530407
v 0.07454409 -0.04043857 -0.12611111
v 0.07617669 -0.03420777 -0.13604058
v 0.06501705 -0.04073123 -0.11485983
v 0.08200143 -0.03181704 -0.14032800
v 0.05891578 -0.03261381 -0.12728126
v 0.05582166 -0.02623422 -0.13618504
v 0.06528561 -0.02404652 -0.13999332
v 0.04099845 -0.02059044 -0.14006798
v 0.03366506 -0.02375258 -0.13691950
v 0.01127191 -0.01580325 -0.14431253
v -0.09214948 -0.28798679 0.33073515
v -0.09254614 -0.30764380 0.33157542
v -0.09131356 -0.26557109 0.32963395
v -0.08723200 -0.26382640 0.32684368
v -0.09012694 -0.22976905 0.32861584
v -0.09622845 -0.30454236 0.33434442
v -0.09407500 -0.26386985 0.33385211
v -0.08630522 -0.23299570 0.32427111
v -0.08689469 -0.20862789 0.32329032
v -0.08351718 -0.23640266 0.32268009
v -0.08276482 -0.19885126 0.31911045
v -0.08651971 -0.17372914 0.32178682
v -0.08361781 -0.16832478 0.31772414
v -0.08388203 -0.14733221 0.31811687
v -0.08780657 -0.19013280 0.32469383
v -0.09482184 -0.31411475 0.33836746
v -0.07959285 -0.10512629 0.31450507
v -0.07889023 -0.14539489 0.31387487
v -0.07517456 -0.08236555 0.31093022
v -0.07157160 -0.05437254 0.30715433
v -0.06470454 -0.04821505 0.30029985
v -0.07970077 -0.18716919 0.31675440
v -0.06830037 -0.04215929 0.30040297
v -0.06440329 -0.03960079 0.29555738
v -0.06972409 -0.03691385 0.29525632
v -0.05177136 -0.03956304 0.29728553
v -0.05580694 -0.03500710 0.28942147
v -0.23506351 -0.30164397 -0.25490785
v -0.23495829 -0.30211845 -0.25158939
v -0.23176605 -0.27598792 -0.24934418
v -0.23830199 -0.31768131 -0.26166779
v -0.24029195 -0.33836895 -0.26361084
v -0.23530963 -0.28352264 -0.25817764
v -0.24246159 -0.33899128 -0.26917037
v -0.23787326 -0.30184528 -0.26206806
v -0.24278940 -0.35433841 -0.26865643
v -0.23465833 -0.26924163 -0.25647873
v -0.23125239 -0.25505447 -0.25066924
v -0.24259731 -0.31416744 -0.26870039
v -0.24757484 -0.34212610 -0.27658981
v -0.24734281 -0.32522482 -0.27433261
v -0.23902960 -0.28690895 -0.26287782
v -0.23695235 -0.27138147 -0.25916997
v -0.24386606 -0.29547620 -0.26719967
v -0.23662782 -0.24889341 -0.25515571
v -0.23077978 -0.23800047 -0.24826436
v -0.25097400 -0.34452671 -0.27947226
v -0.23873314 -0.26404354 -0.25886858
v -0.23446459 -0.23256080 -0.25006306
v -0.24364987 -0.27995262 -0.26351926
v -0.23173440 -0.21828373 -0.24687910
v -0.22731188 -0.24037829 -0.24025869
v -0.22237372 -0.21389100 -0.22899409
v -0.22020350 -0.19466215 -0.22423156
v -0.21875101 -0.16292876 -0.22577652
v -0.21519087 -0.14473855 -0.21948677
v -0.21994415 -0.17705721 -0.22641215
v -0.22263451 -0.19230454 -0.23231748
v -0.21161489 -0.12289938 -0.21161497
v -0.22686177 -0.20681068 -0.23967873
v -0.22731368 -0.22585186 -0.24048512
v -0.21445076 -0.13238180 -0.21760969
v -0.20945555 -0.10666604 -0.20776810
v -0.22231102 -0.17214499 -0.23020098
v -0.20583808 -0.09071269 -0.20230730
v -0.20336044 -0.08032100 -0.19832692
v -0.20093064 -0.07499376 -0.19472559
v -0.19714518 -0.06480155 -0.19118311
v -0.21374281 -0.12029833 -0.21425295
v -0.22664616 -0.18841659 -0.23699582
v -0.21782067 -0.14717056 -0.22267957
v -0.19439226 -0.05366655 -0.18947838
v -0.18506305 -0.04436794 -0.18260927
v -0.20288637 -0.06826425 -0.19537836
v -0.23220317 -0.20158406 -0.24373600
v -0.19155246 -0.04438356 -0.18765211
v -0.17789789 -0.03372528 -0.17991595
v -0.17426755 -0.04049538 -0.17405908
v -0.16565475 -0.03074516 -0.17215250
v -0.17020032 -0.04074576 -0.16902505
v -0.15583809 -0.03529638 -0.16281149
v 0.02325530 0.16988823 -0.20504777
v 0.00760710 0.16931450 -0.20854770
v 0.02643609 0.17086942 -0.21474178
v 0.00731459 0.16994908 -0.21470806
v 0.00380583 0.16655959 -0.20847006
v 0.00321200 0.16930844 -0.21537538
v 0.03071979 0.17513996 -0.21596605
v 0.02542553 0.17600675 -0.21926811
v 0.03586509 0.18028012 -0.20765063
v 0.10771889 -0.05321280 -0.13524996
v 0.10780083 -0.06189633 -0.12643933
v 0.10800463 -0.07171390 -0.13130493
v 0.10798343 -0.07242170 -0.13561396
v 0.10487229 -0.05250162 -0.12733831
v 0.10473412 -0.05678695 -0.11756946
v 0.11052825 -0.07384174 -0.13993584
v 0.10734652 -0.04716941 -0.12966742
v 0.11021203 -0.07673667 -0.13404791
v 0.11097263 -0.05051246 -0.13893908
v 0.11098444 -0.07568999 -0.12720053
v 0.10937640 -0.06525085 -0.12470382
v 0.10784011 -0.06024674 -0.11374707
v 0.10643089 -0.05563840 -0.10756446
v 0.09760661 -0.04946895 -0.11860321
v 0.10004725 -0.04804714 -0.12374083
v 0.10078827 -0.05303602 -0.10920403
v 0.11704842 -0.07652374 -0.13973805
v 0.11664004 -0.07900865 -0.13469794
v -0.08491272 -0.31620732 0.33947667
v -0.07523378 -0.31615913 0.35188532
v -0.08427825 -0.31254420 0.35340148
v 0.29425466 -0.05060901 0.32067600
v 0.28697470 -0.03552381 0.32037199
v 0.27784821 -0.03176366 0.31597286
v 0.28371075 -0.02725353 0.32520676
v 0.27418885 -0.02625499 0.31938836
v 0.26791683 -0.02557237 0.31173411
v 0.29430872 -0.03832310 0.32320333
v 0.29354852 -0.03080434 0.32514980
v 0.30637142 -0.16878006 0.32144675
v 0.30136535 -0.12995343 0.32010597
v 0.29743996 -0.11487048 0.31684232
v 0.30209512 -0.10412519 0.32135710
v 0.31323773 -0.22264254 0.32499641
v 0.29844016 -0.07698171 0.32044777
v 0.29434893 -0.07924150 0.31721690
v 0.30583102 -0.13335995 0.32252514
v 0.31745854 -0.24986160 0.32573175
v 0.11616930 -0.06747942 -0.11951535
v 0.11292860 -0.06278926 -0.11146815
v 0.12293679 -0.06355129 -0.11036357
v 0.12523058 -0.06643523 -0.11911003
v 0.13537340 -0.06340614 -0.11321315
v 0.13816968 -0.06002254 -0.10998668
v 0.12077686 -0.05442046 -0.10107886
v 0.11070713 -0.05449894 -0.10246033
v 0.11623029 -0.05254354 -0.09680144
v 0.13055103 -0.05230891 -0.10170297
v 0.12670292 -0.04818979 -0.08900165
v 0.11476223 -0.04911545 -0.08705892
v 0.12998225 -0.04132530 -0.08151874
v 0.11639259 -0.04361789 -0.08024660
v 0.10865921 -0.05264181 -0.09536106
v 0.13480978 -0.04160366 -0.08431049
v 0.13861218 -0.03622663 -0.07202927
v 0.13307858 -0.03401627 -0.06395710
v 0.15040128 -0.03240630 -0.06761353
v 0.15413286 -0.02991516 -0.06454120
v 0.12548247 -0.03628390 -0.07123306
v 0.12414833 -0.03274606 -0.06483050
v 0.12114476 -0.03867982 -0.07857095
v 0.13662055 -0.02298514 -0.05497705
v 0.14585201 -0.02423435 -0.05808640
v 0.12767322 -0.02442952 -0.05686311
v 0.10047223 -0.05424248 -0.10531504
v 0.11616556 -0.03643929 -0.07451621
v 0.13422638 -0.04819011 -0.09784985
v 0.15189078 -0.02071410 -0.05956760
v 0.13768955 -0.04929634 -0.10585500
v 0.11889762 -0.07595630 -0.12534547
v 0.11323639 -0.07090423 -0.12350378
v 0.12235866 -0.07557730 -0.12725845
v 0.12360366 -0.07652286 -0.13234094
v 0.11689804 -0.07914836 -0.13079756
v 0.11514139 -0.07634003 -0.12549783
v 0.13952917 -0.06188442 -0.11719690
v 0.13745470 -0.04050975 -0.08744831
v 0.13770600 -0.04261466 -0.09743304
v 0.12058426 -0.02194693 0.33864766
v 0.09439456 -0.02322981 0.33955371
v 0.05174598 -0.02303169 0.33799297
v 0.14523083 -0.01956825 0.33539453
v 0.08555163 -0.02535586 0.34069782
v 0.11730438 -0.02436535 0.34065944
v 0.14488250 -0.02274835 0.33637089
v 0.04306767 -0.02595719 0.34013626
v 0.03964671 -0.02464531 0.33769900
v 0.05448884 0.26601824 -0.24597692
v 0.05809329 0.26703316 -0.24010524
v 0.04202197 0.26786205 -0.24456114
v 0.03404319 0.26654974 -0.24527484
v 0.06105366 0.26396030 -0.24370313
v 0.06489641 0.26311564 -0.23615675
v 0.06029591 0.26232129 -0.24887127
v 0.06662599 0.26594999 -0.23055583
v 0.05471230 0.26096660 -0.25130498
v 0.06724309 0.25944883 -0.23704623
v 0.03851910 0.26108131 -0.25060269
v 0.06346843 0.26061434 -0.24425197
v 0.14560750 -0.09126615 -0.11415975
v 0.14693391 -0.07858879 -0.11166699
v 0.13889195 -0.06339390 -0.09692973
v 0.12377891 -0.07104475 -0.09811544
v 0.12302448 -0.06623530 -0.09238917
v -0.10727321 -0.02864778 0.05566050
v -0.10602500 -0.03501182 0.05115378
v -0.10867035 -0.02776889 0.03037645
v 0.00646037 0.21708216 -0.23214710
v 0.02505308 0.21318883 -0.23504731
v 0.00586515 0.21258396 -0.23493563
v 0.02681102 0.22299503 -0.22843267
v 0.02996575 0.22035582 -0.23119870
v 0.03412523 0.21554601 -0.23081833
v 0.00599734 0.20850603 -0.23508720
v 0.02566170 0.20870982 -0.23543912
v 0.02954301 0.20939775 -0.23318046
v 0.03542277 0.22573940 -0.23474140
v 0.03126137 0.23160353 -0.23053919
v 0.03708209 0.22996570 -0.23441637
v 0.04102864 0.22557947 -0.23534557
v 0.04423618 0.23408043 -0.23240793
v 0.03434906 0.23543160 -0.22985704
v 0.03945645 0.23808789 -0.22899005
v 0.04438810 0.24221964 -0.23062716
v 0.04850108 0.23624787 -0.23274699
v 0.05084961 0.24372371 -0.23518157
v 0.05007054 0.23160994 -0.23104297
v 0.04634617 0.22668070 -0.23215488
v 0.05397677 0.23187318 -0.22988746
v 0.05755266 0.23728259 -0.23453033
v 0.05904332 0.24600674 -0.23823479
v 0.07014302 0.23784122 -0.23594470
v 0.06452560 0.24791320 -0.23860592
v 0.06715656 0.25476879 -0.23845653
v 0.07494564 0.24152315 -0.23570913
v 0.00583433 0.20437187 -0.23286054
v 0.00123837 0.20092276 -0.23078392
v 0.04396563 0.24859552 -0.23152739
v 0.02786580 0.20477176 -0.23314802
v 0.04316739 0.21905766 -0.23110683
v 0.04528483 0.22184455 -0.23181631
v -0.00539600 0.19269419 -0.23570836
v -0.04099705 0.19277154 -0.23540069
v -0.04450464 0.19084722 -0.23285376
v 0.07371028 0.23537226 -0.23237075
v 0.00740498 0.20228894 -0.23045640
v 0.06202330 0.25360304 -0.24826001
v 0.05657221 0.25461000 -0.25143233
v 0.03873058 0.25445312 -0.25110027
v 0.03092802 0.25760800 -0.24703819
v 0.03284452 0.24915878 -0.24712807
v 0.02887169 0.25207889 -0.24644794
v 0.02955182 0.24082905 -0.24890205
v 0.02528330 0.24107696 -0.25159469
v 0.02820038 0.23580465 -0.24827705
v 0.01877559 0.23690417 -0.24891013
v 0.02178120 0.24191418 -0.25146776
v 0.01751102 0.24696764 -0.24735770
v 0.01429306 0.24031055 -0.24147302
v 0.01403863 0.24394128 -0.24102889
v 0.01814609 0.35475612 -0.30576694
v 0.00168136 0.35907605 -0.31040743
v 0.03468470 0.34977227 -0.29982808
v 0.00257821 0.35593644 -0.31170517
v -0.01620624 0.35725233 -0.31551573
v -0.01930740 0.36165178 -0.31316370
v -0.04518867 0.36091930 -0.31904155
v -0.04280196 0.35848996 -0.31979942
v 0.14339955 0.01505517 0.36985242
v 0.16732204 0.01556643 0.36455539
v 0.15172043 0.01176554 0.37001270
v 0.17279349 0.01218346 0.36465585
v 0.12087486 0.01223470 0.37289509
v 0.10689621 0.01636377 0.37025914
v 0.11655553 0.02062782 0.36511922
v 0.14668204 0.02102666 0.36184844
v 0.17351073 0.02078684 0.35851100
v 0.18864392 0.01444757 0.36170614
v 0.19391622 0.02059778 0.35384491
v 0.19971928 0.01526157 0.35737041
v 0.08550576 0.02086947 0.36366418
v 0.07791936 0.01459171 0.36948055
v 0.07312977 0.01676561 0.36659762
v 0.04643023 0.01973748 0.36111781
v 0.17278659 0.02496003 0.34865123
v 0.14149906 0.02599413 0.34955379
v 0.06460109 0.02476152 0.35098204
v 0.04295514 0.02441795 0.34906599
v 0.10242984 0.02603379 0.34893134
v 0.02231784 0.02092534 0.35329568
v 0.20265839 0.02505379 0.33682427
v 0.20839180 0.02074789 0.34645078
v 0.23024887 0.02095169 0.33828926
v 0.26031953 0.02443843 0.31407711
v 0.13409382 0.03167704 0.32398579
v 0.03870371 0.02814452 0.33136144
v 0.06990073 0.03215230 0.31822905
v 0.17077637 0.03039909 0.32571918
v 0.19158927 0.02845660 0.32739776
v 0.21833883 0.02874344 0.31418538
v 0.17661300 0.03416064 0.30536836
v 0.13329162 0.03666541 0.29677647
v 0.08317063 0.03507022 0.30408767
v 0.01422920 0.02578175 0.33146036
v 0.05373978 0.03371103 0.30443200
v 0.07870495 0.03691145 0.29119796
v -0.00108825 0.02701186 0.31757316
v 0.01700690 0.03351074 0.28737366
v -0.01323747 0.02094795 0.33662474
v 0.00570716 0.02065344 0.34480107
v 0.03881511 0.03821757 0.25642550
v 0.01023729 0.03748344 0.24356972
v -0.01518671 0.02807738 0.29807225
v -0.00556290 0.03283332 0.27312067
v 0.02806140 0.04062007 0.22102413
v 0.01339885 0.04081777 0.20147532
v -0.03783046 0.02028455 0.32114545
v -0.01665357 0.03328582 0.25188020
v -0.00596518 0.03829788 0.20636848
v -0.00327305 0.04094288 0.16575597
v -0.02737809 0.03765725 0.17127745
v -0.04129107 0.03347016 0.19833992
v -0.02941048 0.02846973 0.27459705
v -0.04667177 0.02732003 0.24821496
v -0.02957385 0.03869382 0.12681334
v -0.04677618 0.02100785 0.30492893
v -0.06275340 0.02042623 0.27860832
v -0.05188222 0.03334630 0.16385846
v -0.04263709 0.03690746 0.12465333
v -0.05723809 0.03389036 0.12834258
v -0.05882620 0.03373696 0.10847308
v -0.06200865 0.02858802 0.19551140
v -0.07397201 0.01963875 0.25326794
v -0.07453413 0.02310840 0.21349505
v -0.07672531 0.02476530 0.19164079
v -0.09331245 0.01747784 0.21821810
v -0.08660378 0.01759612 0.23650037
v -0.07927044 0.02000651 0.23732293
v -0.09504101 0.01985091 0.19752593
v -0.08644480 0.02332533 0.17357430
v -0.07541090 0.02780127 0.14511009
v -0.10705067 0.01704101 0.17993526
v -0.07820900 0.02757612 0.12781101
v -0.07467446 0.02886854 0.09838571
v -0.09319201 0.02135974 0.15735590
v -0.11115535 0.01601495 0.16443253
v -0.10536452 0.01705422 0.13275254
v -0.11788002 0.01374707 0.14700674
v -0.11524989 0.01463288 0.11133397
v -0.10651807 0.01713899 0.09594672
v -0.10771986 0.01641947 0.07577151
v -0.03257092 0.01636108 0.33729568
v -0.07576355 0.02775243 0.07926831
v -0.09941556 0.01754561 0.20257510
v -0.10345367 0.01721580 0.19175710
v 0.24515285 0.02118486 0.33048406
v 0.26703787 0.02111634 0.32075581
v 0.27321407 0.02473508 0.30320111
v -0.07799485 0.01746156 0.25683019
v -0.07105663 0.01720717 0.27416292
v -0.04256462 0.01718172 0.32631665
v 0.28212535 0.02052692 0.30916634
v -0.04996995 0.01713428 0.31440362
v -0.05596178 0.01696157 0.30451962
v -0.06192295 0.01709240 0.29167104
v -0.00152960 0.01669543 0.34844017
v -0.02930461 0.01492576 0.34096578
v 0.24081479 0.01628704 0.33961731
v 0.26090831 0.01649490 0.32942668
v 0.28038627 0.01662372 0.31718802
v 0.22871926 0.01540248 0.34573781
v 0.21616912 0.01475063 0.35019112
v 0.29146004 0.01293716 0.30788776
v 0.03277948 0.04217467 0.12908372
v 0.06798342 0.04109878 0.12971954
v 0.03861387 0.04319775 0.15265214
v 0.07205059 0.04213057 0.14946276
v 0.03637550 0.04343633 0.16650474
v 0.07432337 0.04268492 0.17233886
v 0.01655451 0.04214606 0.12820680
v 0.01913480 0.04283689 0.16359966
v -0.00278518 0.04147327 0.12867801
v 0.07454583 0.04266957 0.19371863
v 0.09633192 0.03957042 0.13145953
v 0.11521811 0.04003832 0.16905913
v 0.12192116 0.03836226 0.14686172
v 0.09390032 0.04236170 0.20185257
v 0.12300659 0.04121787 0.20742846
v 0.08106213 0.04277224 0.20787835
v 0.11137618 0.04146535 0.22177158
v 0.13676061 0.03820546 0.17224868
v 0.16072065 0.03857637 0.20645602
v 0.18563426 0.03722692 0.23391268
v 0.15096964 0.03924911 0.25751862
v 0.20039292 0.03553446 0.27710834
v 0.11927299 0.04000803 0.25803715
v 0.17994547 0.03664585 0.20526655
v 0.20228569 0.03508753 0.21294665
v 0.21830195 0.03497441 0.22285375
v 0.22619316 0.03474469 0.23692983
v 0.19860530 0.03618837 0.26034561
v 0.24630120 0.03220949 0.22602466
v 0.22372332 0.03359760 0.26820081
v 0.16730675 0.03662729 0.28958160
v 0.12538292 0.03892550 0.27519107
v 0.03410740 0.04211584 0.19981720
v 0.24615701 0.03231407 0.24337941
v 0.08356280 0.03994462 0.25937775
v 0.19873753 0.03455389 0.28973565
v 0.12036932 0.03711274 0.12976813
v 0.00935784 0.03997520 0.10105959
v -0.00474888 0.04004301 0.10132548
v 0.04601135 0.03846657 0.09714253
v 0.00050919 0.03805655 0.08203673
v 0.07162415 0.03872350 0.11084778
v 0.22848319 0.03230394 0.20604207
v 0.22380294 0.03109517 0.29722378
v 0.23857522 0.03056916 0.28425363
v 0.24972592 0.02846359 0.29604033
v 0.25561473 0.02898595 0.27789360
v 0.25427407 0.02960080 0.26347977
v 0.27378491 0.02550400 0.28679085
v 0.12427396 0.03250651 0.09534422
v 0.10322482 0.03382649 0.09364333
v 0.04604087 0.03505514 0.07357274
v 0.15580852 0.03467954 0.16198637
v 0.14678465 0.03307517 0.13005795
v 0.14364764 0.03124194 0.10673361
v 0.17697500 0.02594900 0.10805044
v 0.17411877 0.02839147 0.13080667
v 0.20225807 0.02288255 0.12122653
v 0.21222098 0.02390414 0.14245895
v 0.22430184 0.02118456 0.13508143
v 0.17951673 0.02984892 0.15784045
v 0.19603004 0.03010761 0.17855124
v 0.22348841 0.02401353 0.15358444
v 0.16681519 0.02453059 0.08143787
v 0.14891209 0.02681620 0.08041645
v 0.23182409 0.02884469 0.18927957
v 0.20567061 0.03211932 0.19564734
v 0.17859648 0.03470554 0.18895502
v -0.02614652 0.03648783 0.07789590
v 0.01338147 0.03532601 0.06888161
v 0.27809116 0.02443397 0.27502313
v -0.03381592 0.03766732 0.09714895
v -0.04383057 0.03513072 0.07837584
v 0.18236376 0.02128146 0.08168190
v 0.23914805 0.02500701 0.17407793
v 0.24435671 0.02961332 0.20734106
v 0.08682375 0.03239798 0.07909948
v 0.05623548 0.03235485 0.06543799
v 0.12174384 0.02754295 0.07155920
v 0.27038547 0.02542645 0.25552014
v -0.00436365 0.03396766 0.06138809
v -0.03352032 0.03285305 0.06069203
v 0.15754716 0.02262717 0.06653201
v 0.20688285 0.01957217 0.10626269
v 0.22344853 0.01959402 0.12699847
v 0.03898209 0.02901744 0.04627409
v 0.01989201 0.02450973 0.02102254
v 0.04526286 0.02187070 0.01556420
v -0.00330721 0.02552973 0.02451015
v -0.03136970 0.02689920 0.03461893
v 0.02926969 0.01950671 -0.00322284
v 0.04216120 0.01818648 -0.00655888
v 0.06103278 0.01481789 -0.01324999
v 0.04236896 0.01345472 -0.03412990
v 0.07881385 0.00744187 -0.04848406
v 0.10400815 0.01042870 -0.00358750
v 0.07845731 0.01483698 0.00201183
v 0.06821535 0.02269264 0.03202150
v 0.12858006 0.00413347 -0.03160745
v 0.13681494 0.00664063 -0.00742868
v 0.12451854 0.00904152 0.00117696
v 0.14484420 0.00449996 -0.02064673
v 0.16489062 0.00536809 -0.00642983
v 0.16099113 0.00873997 0.01555909
v 0.13921571 0.00210299 -0.06622830
v 0.15314579 0.00154034 -0.05659502
v 0.15556419 0.00263793 -0.02547856
v 0.03104744 0.01108408 -0.05258182
v 0.05304964 0.00786627 -0.06337214
v 0.06866639 0.00564051 -0.06944665
v 0.08957727 0.00195627 -0.07709055
v 0.06724792 0.00507899 -0.08177835
v 0.01747466 0.00750350 -0.08561638
v 0.01682737 0.00900464 -0.07018702
v 0.09899595 0.00382673 -0.05382011
v 0.08735001 0.00192399 -0.08174635
v 0.01606766 0.01539791 -0.02824144
v 0.12164611 0.00409518 -0.03471677
v -0.00083983 0.01233191 -0.04814506
v 0.10534000 0.01461589 0.01899890
v -0.02917497 0.00835982 -0.08531467
v 0.12604862 0.01439600 0.02817422
v 0.16536961 0.01201034 0.03400508
v 0.09054103 0.02336434 0.04694001
v 0.14694469 0.01458736 0.03636032
v -0.00313658 0.02048485 -0.00071491
v -0.01253568 0.01510872 -0.02863742
v -0.05003951 0.01068142 -0.05336219
v -0.01470630 0.01094733 -0.05582203
v -0.04650320 0.00870158 -0.07621263
v 0.12834230 0.00257105 -0.05721327
v -0.07360437 0.00794693 -0.08414807
v 0.18737707 0.01641932 0.06014142
v 0.17007291 0.01681555 0.04994657
v -0.09675466 0.00922897 -0.05217517
v -0.09233648 0.01080931 -0.03658774
v -0.07767731 0.01389378 -0.01776661
v -0.04222197 0.01828549 -0.00371152
v -0.07212501 0.01821544 0.00378880
v -0.05007452 0.02550661 0.03332340
v -0.10503164 0.00823594 -0.06491801
v -0.11161058 0.00787023 -0.08140754
v 0.12565614 0.00294657 -0.07789918
v 0.13838705 0.00128421 -0.08469318
v 0.14492407 0.00150328 -0.06322032
v -0.05496065 0.02610254 0.03914744
v -0.09761840 0.01350939 -0.00871429
v -0.11632505 0.00910343 -0.03403751
v -0.13415495 0.00655471 -0.05487110
v -0.02475888 0.00841640 -0.09672807
v -0.06277891 0.00863968 -0.09669566
v 0.02847040 0.00716517 -0.09754170
v 0.04887673 0.00636109 -0.09602819
v 0.12095647 0.00220245 -0.04187133
v 0.11347739 0.00203183 -0.04857308
v 0.10783454 0.00137667 -0.05520816
v 0.17896110 0.00946812 0.03458462
v -0.05682801 0.03179481 0.06646878
v -0.16785572 0.00433522 -0.05382991
v 0.23431760 0.02066777 0.14917915
v -0.08571775 0.01771786 0.00954309
v 0.11351222 0.00254500 -0.07677896
v -0.14644544 0.00591013 -0.03355601
v -0.09701033 0.01559163 0.00524856
v -0.12076587 0.00976371 -0.01406277
v -0.12288383 0.01036440 0.00156625
v 0.07326483 0.00546119 -0.09061930
v -0.16395006 0.00527341 -0.07871233
v -0.16606182 0.00412832 -0.01793152
v -0.14654112 0.00639417 0.00409473
v -0.05547781 0.03336699 0.07733779
v 0.09770264 0.00161552 -0.06626258
v -0.18378665 0.00300250 -0.06274623
v -0.10566413 0.00902329 -0.09628694
v -0.13449527 0.00788150 -0.09373171
v -0.18619449 0.00421044 -0.08378197
v -0.09879100 0.01688172 0.02505669
v -0.08150522 0.02122440 0.03568817
v -0.06774525 0.02770860 0.05960419
v 0.19431545 0.01651441 0.07204460
v 0.20490117 0.01599906 0.08696332
v 0.21835695 0.01726318 0.11141288
v 0.18428305 0.01439018 0.05139317
v -0.15541318 0.00505507 0.01477854
v -0.16122679 0.00421140 0.00060889
v -0.10942755 0.01484101 0.03533022
v -0.12501338 0.01174728 0.04345034
v -0.14448041 0.00896116 0.05783128
v -0.11474165 0.01449319 0.07523611
v 0.11869282 0.00153543 -0.05735842
v 0.11282547 0.00156072 -0.06565958
v 0.12313737 0.00189340 -0.05006321
v 0.01505638 0.00896785 -0.10860730
v 0.25137100 0.02915366 0.21666850
v -0.09535099 0.01938903 0.05546675
v -0.08120427 0.02461309 0.06661940
v -0.13709474 0.00998066 0.09004940
v -0.14246912 0.00952000 0.07686926
v -0.12943114 0.01151892 0.10035478
v 0.12310302 0.00410632 -0.08664437
v 0.24769904 0.02482756 0.18664935
v 0.25823995 0.02877354 0.24641280
v -0.18360277 0.00595940 -0.09467188
v -0.12475757 0.01290057 0.11901692
v -0.12247252 0.01325419 0.13179490
v -0.02180641 0.01002242 -0.10646142
v 0.26369330 0.02580507 0.23738064
v 0.25598380 0.02782094 0.21970315
v -0.16012405 0.00755769 -0.09677653
v 0.07926105 0.00609949 -0.09284387
v 0.25558332 0.02509970 0.20600441
v 0.23655409 0.01759109 0.14237848
v -0.13425182 0.00990349 0.09774938
v -0.13131334 0.00987664 0.10523997
v -0.18968025 0.00690618 -0.09826633
v -0.14501889 0.00763449 0.06695257
v 0.10743501 0.00008790 -0.07007232
v 0.12128789 -0.00037406 -0.04971964
v 0.12029280 -0.00015420 -0.04434201
v 0.11515056 -0.00080344 -0.06026875
v 0.04516023 0.34392241 -0.29541305
v 0.05680674 0.34064242 -0.28770930
v 0.06890077 0.32885963 -0.27804169
v 0.07200293 0.32898343 -0.27407858
v 0.05682366 0.33429319 -0.28779382
v 0.02989897 0.34718987 -0.30247220
v 0.01652124 0.35084736 -0.30737630
v 0.06751058 0.31744221 -0.27750877
v 0.06286389 0.30521819 -0.27815023
v 0.04942912 0.32402021 -0.28942069
v 0.07408337 0.28775540 -0.26656622
v 0.05215012 0.29601136 -0.28057554
v 0.06097900 0.27345529 -0.27002978
v 0.07464857 0.27325350 -0.26259363
v 0.06642500 0.26025999 -0.26334897
v 0.07814711 0.24886918 -0.25306714
v 0.07516336 0.22673002 -0.24665515
v 0.02508242 0.32213876 -0.29645672
v 0.03163884 0.31211349 -0.29134476
v 0.01781912 0.33181429 -0.30099642
v 0.06404225 0.22655693 -0.25024730
v 0.00168249 0.34789029 -0.31021515
v 0.04649204 0.25503340 -0.26699051
v 0.03794874 0.28688812 -0.28094819
v 0.08109309 0.19908869 -0.23271087
v 0.00158728 0.30970338 -0.29733062
v 0.05096228 0.21766050 -0.25001141
v 0.07091404 0.18422881 -0.22939633
v 0.08569063 0.16399400 -0.21627976
v 0.02321388 0.27554309 -0.27996925
v 0.00139167 0.28252062 -0.28686070
v -0.00812202 0.32988706 -0.30610785
v -0.04769285 0.32576135 -0.31223726
v 0.04880793 0.15454742 -0.22173361
v 0.05027868 0.18266785 -0.23419876
v 0.02390967 0.20044146 -0.24846557
v 0.02264132 0.23463044 -0.26326367
v -0.00400150 0.25944328 -0.27850997
v 0.07160656 0.12317648 -0.20255557
v 0.08863535 0.13505898 -0.20297880
v 0.08190977 0.09559517 -0.18796840
v 0.08769178 0.08685444 -0.18253444
v 0.05228255 0.11923775 -0.20530857
v 0.03432226 0.13738570 -0.21784110
v 0.01708300 0.17271297 -0.23736335
v -0.02082158 0.30975914 -0.30069992
v 0.02753939 0.10198659 -0.20297055
v 0.05770577 0.09079725 -0.19091633
v 0.08405649 0.05803863 -0.17018530
v 0.09582986 0.05987886 -0.16707000
v 0.09999694 0.03935460 -0.15627156
v 0.08631384 0.02985344 -0.15575676
v 0.01928505 0.12789099 -0.21660332
v -0.01068986 0.15586871 -0.23474567
v 0.00000278 0.24097666 -0.26990572
v 0.00066398 0.20235844 -0.25312006
v 0.04657096 0.06393714 -0.17978388
v -0.01228200 0.11076611 -0.21404848
v -0.01761872 0.13358976 -0.22534725
v -0.00261193 0.08892646 -0.20203988
v 0.06672702 0.02851322 -0.15887158
v 0.01966034 0.05585188 -0.18044893
v 0.03933958 0.02942863 -0.16396752
v -0.00082807 0.03239292 -0.17179389
v -0.00978923 0.05849005 -0.18626739
v -0.04917102 0.29716599 -0.29900730
v -0.03032928 0.28267226 -0.29054198
v -0.03480400 0.34711927 -0.31637827
v 0.10724712 0.01904777 -0.14277457
v -0.05073594 0.27675551 -0.28993255
v -0.02692983 0.23073150 -0.26752603
v -0.04851209 0.25586617 -0.28051069
v -0.01871444 0.03183478 -0.17371024
v -0.05009339 0.33674008 -0.31564415
v -0.03496888 0.06145198 -0.19031137
v -0.03948484 0.08608313 -0.20401868
v -0.05045106 0.24100795 -0.27383819
v -0.02037656 0.20401804 -0.25514272
v -0.02934577 0.15637380 -0.23601410
v -0.04741518 0.10209833 -0.21236262
v -0.04907385 0.12900025 -0.22481871
v -0.04939039 0.20862193 -0.25834805
v 0.09052894 0.01970922 -0.14834760
v -0.04952743 0.18685505 -0.24883653
v -0.04882799 0.15034458 -0.23395009
v -0.06356800 0.03429914 -0.17793486
v -0.08740424 0.07119439 -0.19788039
v -0.05736507 0.06117596 -0.19145364
v -0.11013378 0.06033016 -0.19272637
v -0.09510531 0.03849728 -0.18088970
v -0.10660036 0.08743168 -0.20676671
v -0.13791701 0.07217575 -0.20065515
v -0.13512167 0.04339217 -0.18499750
v -0.16360603 0.04705385 -0.18867195
v -0.16348296 0.03373870 -0.18160966
v -0.15016180 0.08498869 -0.20678926
v -0.10210451 0.11332373 -0.21853355
v -0.15612485 0.07057310 -0.20042855
v -0.07823456 0.31105381 -0.30555829
v -0.11196756 0.13166881 -0.22622246
v -0.14363988 0.10998471 -0.21682502
v -0.08915158 0.19758201 -0.25297770
v -0.12082812 0.15699299 -0.23624134
v -0.07839920 0.26126355 -0.28271848
v -0.08070806 0.22676109 -0.26661956
v -0.10162426 0.23696128 -0.27081478
v -0.10617398 0.20376958 -0.25536370
v -0.12795641 0.19305807 -0.24969831
v -0.10508206 0.26254943 -0.28232428
v -0.10649332 0.28942087 -0.29480562
v -0.08839475 0.32679978 -0.31197533
v -0.06937684 0.33537537 -0.31548139
v -0.14186713 0.15273340 -0.23367403
v 0.06146440 0.02141827 -0.15512359
v -0.17981680 0.03618627 -0.18234652
v -0.09724291 0.03289983 -0.17742690
v -0.13968343 0.18488853 -0.24560151
v -0.13330309 0.20544054 -0.25438973
v -0.12865835 0.25627849 -0.27789074
v -0.12721837 0.29628760 -0.29598206
v -0.12483632 0.31817552 -0.30533314
v 0.02089853 0.02606363 -0.16441117
v -0.05635932 0.35422868 -0.32043421
v -0.08537889 0.35228115 -0.32000667
v -0.04938705 0.02818593 -0.17305358
v -0.17634112 0.02839601 -0.17794606
v -0.10674776 0.34393939 -0.31620932
v -0.15754870 0.02879505 -0.17789373
v -0.01079884 0.02573899 -0.16839255
v -0.18452914 0.05694335 -0.19116497
v -0.12457637 0.33386710 -0.31107330
v -0.17305447 0.08123466 -0.20284782
v -0.18739498 0.02732228 -0.17643534
v -0.16035070 0.12009210 -0.21846797
v -0.12405131 0.35190383 -0.31696436
v -0.11245903 0.35817370 -0.31939480
v 0.04865761 0.01797895 -0.15379526
v -0.15250276 0.23988096 -0.26657322
v -0.14662154 0.26845235 -0.28025258
v -0.16581883 0.21542907 -0.25349820
v -0.19387686 0.20059900 -0.24297743
v -0.18365270 0.17228509 -0.23406681
v -0.19651803 0.12973933 -0.21611471
v -0.19288754 0.08202285 -0.19980121
v -0.15695325 0.30914778 -0.29613581
v -0.15434964 0.32670471 -0.30359319
v -0.14378890 0.34775287 -0.31268445
v -0.20279133 0.03307461 -0.17665787
v -0.20231582 0.02459775 -0.17249368
v -0.19385920 0.22745438 -0.25314486
v -0.08186103 0.35933313 -0.32127121
v -0.20008592 0.17794132 -0.23303133
v -0.16517411 0.28138927 -0.28201020
v -0.19326456 0.25038800 -0.26220420
v -0.20487554 0.06353138 -0.18967573
v -0.17188439 0.34367806 -0.30593050
v -0.17487170 0.32264566 -0.29762620
v -0.18779226 0.28857484 -0.27953866
v -0.19601239 0.27593920 -0.27188727
v -0.20492148 0.09573013 -0.20176126
v -0.19380325 0.33502930 -0.29739732
v -0.20379706 0.30823636 -0.28307265
v -0.18780544 0.34953377 -0.30389816
v -0.17268170 0.35406062 -0.30832139
v -0.13502714 0.35891470 -0.31649077
v -0.15867652 0.35833979 -0.31183288
v 0.11052218 0.02927790 -0.14658108
v -0.20377767 0.27716282 -0.26949379
v -0.20623055 0.13578300 -0.21528567
v 0.10270279 0.07200986 -0.16922884
v 0.10843879 0.04960912 -0.15669833
v -0.20394970 0.20829916 -0.24253564
v -0.20680718 0.23550408 -0.25174943
v 0.06767154 0.01678619 -0.14959796
v -0.09558937 0.02733491 -0.17200959
v -0.11399010 0.02799767 -0.17367202
v 0.02628631 0.01951975 -0.15745661
v 0.09993641 0.09720460 -0.18088925
v 0.09882002 0.11831535 -0.18973568
v 0.02215072 0.02090123 -0.15892585
v 0.10346937 0.01335760 -0.13815378
v 0.11057593 0.01218840 -0.13480960
v 0.11855872 0.01126050 -0.13066266
v 0.09196772 0.01452990 -0.14216687
v 0.08259557 0.01565676 -0.14519897
v 0.12074196 0.01603154 -0.13265957
v 0.09131813 0.16740161 -0.21435830
v 0.09704103 0.14529619 -0.20201533
v 0.08565381 0.22021845 -0.23763672
v 0.09065387 0.18935098 -0.22300717
v -0.00130511 0.02074273 -0.16115282
v -0.05634822 0.02393130 -0.16747645
v -0.02718759 0.02212289 -0.16378155
v 0.12635538 0.01033683 -0.12380178
v -0.20632114 0.01777127 -0.16786526
v -0.03160449 0.02031213 -0.16428120
v -0.06221371 0.01899361 -0.16816415
v -0.07437023 0.02392947 -0.16883610
v 0.00432235 0.01426644 -0.15978980
v -0.03168085 0.01461946 -0.16331291
v -0.06324493 0.01576651 -0.16751391
v -0.09465393 0.01871840 -0.17233382
v -0.09633332 0.02166501 -0.17294478
v -0.11943786 0.02089276 -0.17614873
v -0.12602036 0.02312629 -0.17696874
v -0.15557154 0.01333391 -0.17719091
v -0.15526381 0.02227514 -0.17927858
v -0.17308056 0.01573086 -0.17747520
v -0.18166375 0.02250465 -0.17815222
v -0.12127670 0.00773795 -0.17123404
v -0.15498573 -0.00385633 -0.17082590
v -0.17688930 -0.00116717 -0.17140973
v -0.08544800 0.00528587 -0.16479014
v -0.03330980 -0.00152075 -0.15545049
v -0.09131411 0.02498520 -0.17067392
v -0.16548258 -0.00883288 -0.16843884
v 0.02197648 -0.00189200 -0.15088037
v 0.03295963 0.01359090 -0.15643001
v 0.04504124 0.00088055 -0.15032069
v 0.05267147 0.01192579 -0.15291983
v 0.06230531 0.00056945 -0.14867865
v 0.04915259 -0.00655300 -0.14723919
v 0.07218186 -0.01577826 -0.14417748
v 0.08199994 -0.00522669 -0.14480151
v 0.08040909 0.00466920 -0.14602505
v 0.04453441 -0.01607068 -0.14303263
v -0.08483595 -0.00372928 -0.15994331
v -0.13389666 -0.01260622 -0.16215095
v -0.03628371 -0.01476889 -0.14795871
v -0.08553582 -0.01384417 -0.15407412
v -0.11037404 -0.01322571 -0.15793669
v -0.15679331 -0.01348961 -0.16511101
v -0.18552434 0.00514396 -0.17209114
v 0.08359941 -0.02546125 -0.14297692
v 0.09844529 -0.02198783 -0.14215431
v 0.09936948 -0.00420338 -0.14141400
v -0.20043202 0.01315348 -0.17093284
v 0.11136395 -0.02042902 -0.14038150
v 0.11076641 -0.04716534 -0.14300945
v 0.11129198 0.00052531 -0.13815212
v 0.12737346 -0.03888597 -0.14079125
v 0.11029378 -0.07434472 -0.14543003
v 0.13182427 -0.06870629 -0.14466056
v 0.12692463 -0.01663709 -0.13657503
v 0.11158675 -0.10192329 -0.14918728
v 0.13523181 -0.10057694 -0.14887758
v 0.11456327 -0.12856576 -0.15257815
v 0.13469791 -0.12092949 -0.15197155
v 0.13423611 -0.15357122 -0.15564556
v 0.13977273 -0.14646871 -0.15394168
v 0.13440183 -0.05269155 -0.14134355
v 0.13683769 -0.07817473 -0.14468990
v 0.13912228 -0.17657700 -0.16001415
v 0.12205980 -0.20688817 -0.16529793
v 0.13961868 -0.20350572 -0.16409333
v 0.12523398 -0.24755959 -0.17276850
v 0.13974513 -0.22971074 -0.16857229
v 0.13970989 -0.25164226 -0.17250215
v 0.13349706 -0.27509570 -0.17680511
v 0.13942225 -0.27500844 -0.17621276
v 0.13281214 -0.30569035 -0.18119363
v 0.13977537 -0.30676973 -0.18049197
v 0.13236763 -0.33109716 -0.18574420
v 0.13898242 -0.33095875 -0.18421586
v 0.12534901 -0.27793741 -0.17700529
v 0.13829450 -0.10820947 -0.14886169
v 0.12310435 0.00053216 -0.13372509
v 0.13184148 -0.02978413 -0.13704166
v -0.18942930 -0.01902038 -0.18135111
v -0.20508641 -0.00563614 -0.18079522
v -0.21008795 -0.02899000 -0.18955892
v -0.19165209 -0.03875761 -0.18707401
v -0.21515547 -0.04527706 -0.19551209
v -0.21970707 -0.05866891 -0.20032987
v -0.21411668 -0.07355494 -0.20042665
v -0.20914167 -0.10089517 -0.20619367
v -0.22566797 -0.10241488 -0.21516867
v -0.22890820 -0.12207769 -0.22302744
v -0.22873732 -0.10593931 -0.21668872
v -0.22682051 -0.09299637 -0.21125159
v -0.22893357 -0.13990147 -0.22795148
v -0.22352645 -0.08424336 -0.20883626
v -0.22138186 -0.06854309 -0.20367011
v -0.22916599 -0.15541297 -0.23133332
v -0.23166877 -0.15143794 -0.23020472
v -0.23128812 -0.16895233 -0.23524041
v -0.22870293 -0.17488217 -0.23560336
v -0.23176825 -0.18492429 -0.23966075
v -0.22451650 -0.07971241 -0.20694625
v -0.15296793 -0.02655263 -0.16344948
v -0.14814365 -0.01746342 -0.15990426
v 0.14408182 -0.22771963 -0.16514683
v 0.14531049 -0.25380060 -0.16844417
v 0.14342737 -0.29167897 -0.17567745
v 0.14384988 -0.15732777 -0.15264656
v 0.14339601 -0.19944546 -0.16042213
v 0.12860556 0.00332057 -0.12820758
v -0.23605768 -0.21857333 -0.24643800
v -0.24530669 -0.25209811 -0.25238016
v -0.24445887 -0.27192324 -0.25995624
v -0.14114353 -0.02189703 -0.15336461
v -0.14311659 -0.02907081 -0.15519048
v -0.24295747 -0.17985417 -0.23185158
v -0.22672209 -0.04302378 -0.18706797
v -0.13690139 -0.02601614 -0.14837192
v -0.13891783 -0.03095053 -0.15070768
v -0.14617091 -0.03509624 -0.15479264
v -0.13339427 -0.02917973 -0.14448871
v -0.13079888 -0.02727689 -0.14394206
v -0.22659142 -0.06138960 -0.19604652
v -0.23352425 -0.08504083 -0.20059857
v -0.23450461 -0.12106243 -0.21813029
v -0.23535329 -0.10038384 -0.20591564
v -0.13639955 -0.03326891 -0.14498787
v -0.18471980 0.15593751 -0.19987518
v -0.18536092 0.15731008 -0.19581869
v -0.19698267 0.15707128 -0.19409485
v -0.18326798 0.15734476 -0.19165650
v 0.02520408 0.23352470 -0.24221483
v 0.02185868 0.23349333 -0.24215980
v 0.01736543 0.23773822 -0.23574187
v 0.02733407 0.23751980 -0.23333755
v 0.02284159 0.23883383 -0.23252980
v 0.01623712 0.23692553 -0.24196996
v 0.02969338 0.23595460 -0.24173509
v 0.01533806 0.01577185 0.35632184
v 0.02139113 0.01267920 0.35976994
v -0.00412445 0.01283360 0.35074732
v 0.00785495 0.00231411 0.35752332
v -0.00714866 0.00410950 0.35301787
v -0.01831306 0.01190617 0.34746748
v -0.02278614 0.00073438 0.34976935
v -0.03189234 0.00394140 0.34616983
v 0.03210836 0.01495279 0.36187917
v -0.01264594 -0.01344378 0.35346773
v -0.03716007 -0.01548741 0.34596333
v 0.02316993 -0.00995122 0.36166170
v 0.04739238 -0.00474986 0.36692789
v 0.00187033 -0.01384369 0.35691586
v 0.05231732 0.01437608 0.36576885
v -0.02388885 -0.01540070 0.34988782
v 0.06822131 0.01269408 0.36804807
v 0.06910196 -0.00230758 0.36865419
v 0.07663413 0.00926788 0.36956394
v 0.09457150 0.01036930 0.37139750
v -0.04097338 0.00368162 0.34208089
v 0.02243928 -0.01601943 0.36069632
v -0.04394582 -0.00918543 0.34170225
v -0.04228909 -0.02012492 0.34525964
v -0.02772368 -0.02223434 0.34722656
v -0.03203808 -0.03277764 0.34498531
v -0.03717047 -0.03515675 0.34502125
v -0.04049462 -0.04127758 0.34527692
v -0.04691126 -0.02073747 0.34299421
v -0.04725365 -0.04073117 0.34247038
v -0.02394625 -0.02782447 0.34550184
v -0.03272648 -0.04392470 0.34241471
v -0.03888278 -0.04550008 0.34274960
v -0.04512433 -0.04478372 0.34141123
v -0.04444741 0.00747703 0.33663595
v -0.04638981 0.00304865 0.33771148
v 0.03500373 0.21535240 -0.22380017
v 0.04331806 0.21812975 -0.22211239
v 0.04803818 0.22346668 -0.22466335
v 0.04584419 0.22292790 -0.21701410
v 0.03229014 0.21106100 -0.22910903
v 0.03073745 0.20564434 -0.22519284
v 0.05366967 0.23053592 -0.22415721
v 0.04848262 0.22873239 -0.22050653
v 0.05212442 0.23249668 -0.21953304
v 0.03310871 0.21640335 -0.22103409
v 0.03075789 0.20617163 -0.22165293
v 0.03918339 0.22106542 -0.21685806
v 0.02833390 0.20966889 -0.21610998
v 0.02742550 0.20615451 -0.21665400
v 0.02579322 0.20258275 -0.22816950
v 0.00707521 0.20208734 -0.22234032
v 0.02389954 0.20302030 -0.22144267
v 0.00307404 0.19948691 -0.22582875
v 0.00182118 0.20105281 -0.22145301
v 0.01661128 0.20645945 -0.21820122
v 0.00233408 0.20515075 -0.21999538
v 0.00549301 0.21192934 -0.21709335
v 0.01754909 0.20994145 -0.21702766
v 0.07894307 0.32460424 -0.26268330
v 0.08605594 0.31307581 -0.25284794
v 0.09248957 0.29825982 -0.23802295
v 0.09794299 0.28226781 -0.22539009
v 0.09775408 0.27813771 -0.21741129
v 0.10138198 0.26963851 -0.21497303
v 0.10747739 0.24765106 -0.20299284
v 0.11170548 0.22338182 -0.18772385
v 0.10236730 0.26336187 -0.21763997
v 0.10954815 0.23310837 -0.19867553
v 0.11261053 0.21692294 -0.18709508
v 0.11573292 0.19824390 -0.17615385
v 0.07962044 0.32031289 -0.26495436
v 0.11746653 0.17658529 -0.16298960
v 0.11766665 0.18276593 -0.17106660
v 0.11445482 0.19518653 -0.18033543
v 0.11426939 0.16961494 -0.17459139
v 0.11083868 0.20995706 -0.18919858
v 0.10550013 0.18724176 -0.19249356
v 0.10965587 0.16552389 -0.18098579
v 0.10314921 0.20566936 -0.20003116
v 0.11944128 0.15827675 -0.16411619
v 0.11169427 0.14876147 -0.17260459
v 0.11810248 0.13967271 -0.16124898
v 0.12391510 0.14052160 -0.15206502
v 0.11344813 0.12798055 -0.16630659
v 0.10236183 0.21823445 -0.20499016
v 0.11693631 0.11409375 -0.15649147
v 0.09882434 0.22722293 -0.21390067
v 0.10407011 0.25256065 -0.21293008
v 0.09658897 0.24967386 -0.22311684
v 0.09710658 0.28158146 -0.23055662
v 0.08959910 0.26934460 -0.24015470
v 0.09300838 0.29179016 -0.23936531
v 0.08477303 0.28471148 -0.25306582
v 0.08862202 0.30325156 -0.24986638
v 0.08300585 0.30940109 -0.26012284
v 0.09299275 0.25127733 -0.23038767
v 0.12309038 0.12985581 -0.15261845
v 0.12588345 0.12446678 -0.14659549
v 0.07888218 0.31075627 -0.26601297
v 0.08036124 0.27712283 -0.25813848
v 0.08567085 0.25712612 -0.24832214
v 0.12140691 0.10006723 -0.14801493
v 0.12574355 0.08832157 -0.14012040
v 0.12880901 0.10385408 -0.13675413
v 0.13020308 0.07049274 -0.12745613
v 0.08944778 0.24726915 -0.24098065
v 0.09111479 0.22755747 -0.23510727
v 0.09437770 0.22766310 -0.22967079
v 0.09762634 0.20464531 -0.22015250
v 0.12460918 0.05988475 -0.14302762
v 0.12941045 0.04658139 -0.12998870
v 0.12552339 0.03145405 -0.13361782
v 0.12934992 0.02844003 -0.12614787
v 0.13329802 0.03591832 -0.11834330
v 0.13718392 0.03056317 -0.10904202
v 0.13836326 0.01977947 -0.10650393
v 0.11690695 0.08740418 -0.16043235
v 0.13177699 0.01018548 -0.11621378
v 0.14031920 0.00864498 -0.10144504
v 0.14543785 0.01684099 -0.09257255
v 0.14781958 0.00553059 -0.08693530
v 0.15651435 0.01136614 -0.06984632
v 0.15490618 0.00337108 -0.07209040
v 0.14331427 0.03332452 -0.09312341
v 0.15815619 0.00290874 -0.06219614
v 0.11344742 0.10806467 -0.16678084
v 0.11126851 0.10093229 -0.17116033
v 0.10697223 0.12306672 -0.18393992
v 0.10885570 0.13203119 -0.18085100
v 0.10461940 0.14239044 -0.19387789
v 0.10417134 0.16157256 -0.19888780
v 0.10141757 0.17267066 -0.20691481
v 0.13456719 0.05014960 -0.11288211
v 0.12014238 0.16742918 -0.16248924
v 0.12193683 0.15367748 -0.15549935
v 0.15337946 0.01898843 -0.07420706
v 0.16057676 0.00860300 -0.05511424
v 0.16214567 0.00343064 -0.04964338
v 0.16670983 0.01166777 -0.03685524
v 0.16602667 0.00349180 -0.03865316
v 0.17016475 0.00393061 -0.02770315
v 0.17331345 0.00413700 -0.02003046
v 0.17263241 0.01414408 -0.02128510
v 0.17907815 0.01261989 -0.00568265
v 0.17774266 0.00489552 -0.00828012
v 0.18644688 0.01610669 0.01351908
v 0.18139859 0.00585592 0.00166000
v 0.18528493 0.00642037 0.01165359
v 0.18899234 0.00661826 0.02044459
v 0.19692019 0.01777169 0.03679128
v 0.19318783 0.00738086 0.03030001
v 0.19775590 0.00851190 0.03998526
v 0.20638303 0.00955709 0.05675064
v 0.21022677 0.02127259 0.06273280
v 0.21299104 0.01100536 0.07057369
v 0.21814613 0.01749883 0.07904745
v 0.21604249 0.02271088 0.07444618
v 0.22554085 0.02107760 0.09327321
v 0.13264845 0.06425946 -0.11800507
v 0.13113940 0.08056833 -0.12420260
v 0.22027485 0.01164931 0.08594115
v 0.23265035 0.02126467 0.10787570
v 0.22632328 0.01260525 0.09829458
v 0.23342308 0.01291120 0.11181399
v 0.23630607 0.01539039 0.11727457
v 0.23922141 0.02450511 0.11981114
v 0.22762807 0.02620206 0.09905741
v 0.24054955 0.01395413 0.12545788
v 0.24578331 0.02493491 0.13265286
v 0.24359900 0.01473206 0.13207762
v 0.24766384 0.01496912 0.14024083
v 0.21667331 0.01151116 0.07868627
v 0.10128877 0.19092262 -0.20884846
v 0.25069895 0.01936605 0.14392823
v 0.25528502 0.02575559 0.15270427
v 0.25623700 0.02127421 0.15537159
v 0.26697391 0.02583477 0.18017459
v 0.26142398 0.01750489 0.17010136
v 0.26884690 0.02140340 0.18557614
v 0.27656293 0.02416067 0.20349942
v 0.25689459 0.01467573 0.16076061
v 0.26044315 0.01434141 0.16854236
v 0.26408070 0.01522461 0.17937556
v 0.13695744 0.04765740 -0.10318179
v 0.12000866 0.06695253 -0.15124620
v 0.25243208 0.01461168 0.15151736
v 0.24979225 0.01317697 0.14164194
v 0.21485713 0.02548667 0.07424992
v 0.27117965 0.01556405 0.19596885
v 0.27518579 0.01552342 0.20623197
v 0.27916843 0.01561899 0.21561493
v 0.28515428 0.02343171 0.22576402
v 0.28346848 0.01537685 0.22661737
v 0.28022426 0.02544257 0.21322624
v 0.28727466 0.01526934 0.23564070
v 0.29055884 0.02460349 0.24089943
v 0.29206517 0.01752648 0.24803646
v 0.29592177 0.02361660 0.25732857
v 0.29553592 0.01465313 0.25877419
v 0.29223007 0.01441411 0.24780479
v 0.29820049 0.01423333 0.26807284
v 0.30078679 0.02291122 0.28023624
v 0.30119723 0.01384438 0.27991048
v 0.29735711 0.02503528 0.26470134
v 0.09634804 0.19404016 -0.21908465
v 0.11326542 0.08088525 -0.16367193
v 0.26762792 0.01535944 0.18751828
v 0.12003944 0.03292549 -0.14071332
v 0.13364589 0.05938135 -0.10991629
v 0.27786955 0.02987031 0.21065275
v 0.26589227 0.03019049 0.18095711
v 0.23787411 0.01266874 0.11848085
v 0.19797581 0.02177017 0.04094597
v 0.25738832 0.03012647 0.16131786
v 0.12855054 0.10694139 -0.13639364
v 0.10499860 0.08936952 -0.17415571
v 0.09705656 0.17220971 -0.21156968
v 0.30190778 0.02059880 0.29372603
v 0.30218953 0.01368642 0.29305974
v 0.11086165 0.06135472 -0.15916896
v 0.24960344 0.03032273 0.14490554
v 0.29057947 0.03022343 0.24846153
v 0.12544221 0.12763561 -0.14370568
v 0.14025165 0.04214060 -0.09235052
v 0.24597806 0.01303059 0.13462403
v 0.26112542 0.01218248 0.16486661
v 0.01758819 0.24982575 -0.24322167
v 0.02707104 0.25411361 -0.24281083
v 0.01752909 0.24968091 -0.23842809
v 0.02620134 0.25239462 -0.23770761
v 0.02276506 0.24923350 -0.23487002
v 0.01725996 0.24716049 -0.23513956
v 0.02222520 0.24532914 -0.23272143
v 0.02906876 0.24677445 -0.23508802
v 0.02749899 0.24244843 -0.23246175
v 0.02944383 0.25774300 -0.23897119
v 0.03136751 0.26367214 -0.24285546
v 0.13815723 -0.02133016 0.04644560
v 0.14079365 -0.02325853 0.04967620
v 0.14354421 -0.02211126 0.06434324
v 0.14710283 -0.02185546 0.07988851
v 0.13591088 -0.02458571 0.03152664
v 0.14488932 -0.02409811 0.05977121
v 0.02009696 0.16432150 -0.19562472
v 0.02309094 0.16661718 -0.19490217
v 0.00323452 0.18929137 -0.21436243
v 0.00015192 0.18538703 -0.21470313
v -0.00322643 0.18043710 -0.21143459
v -0.00203625 0.17581104 -0.21539298
v -0.00863732 0.17605361 -0.21156150
v -0.21235134 -0.01241584 -0.16729704
v -0.20476744 -0.00285044 -0.16407768
v -0.21032320 -0.01589733 -0.17160700
v -0.20527887 0.00920940 -0.15704338
v -0.20077673 0.01500227 -0.15779406
v -0.21374725 -0.02060326 -0.17329276
v -0.19362198 0.00653695 -0.16114597
v -0.20473728 -0.01800606 -0.17381604
v -0.19755685 -0.00503699 -0.16631083
v -0.19254939 0.01216671 -0.16025536
v -0.21542212 -0.02612812 -0.17316101
v -0.20698911 -0.03063945 -0.17659177
v -0.21729748 -0.03658145 -0.17375854
v -0.19009802 -0.01723310 -0.17223597
v -0.19729422 -0.03247187 -0.17754979
v -0.18886858 -0.00680242 -0.16622224
v -0.17800757 0.00260371 -0.16126801
v -0.18024349 -0.01053994 -0.16574918
v -0.20585141 -0.03664522 -0.17671061
v -0.20038554 0.02996299 -0.15776272
v -0.18485115 -0.03237503 -0.17399250
v -0.17927536 -0.02689344 -0.17059399
v -0.16883947 -0.00847975 -0.16028769
v -0.16816786 -0.01764752 -0.16134498
v -0.16406411 -0.01290107 -0.15866630
v -0.19280224 -0.03922487 -0.17600948
v -0.17012574 -0.02764093 -0.16455722
v 0.11403290 -0.04636635 -0.13478854
v 0.11837492 -0.04854191 -0.13943462
v 0.11750149 -0.05384759 -0.14096817
v 0.10393406 -0.04366853 -0.12829806
v 0.09773442 0.06229940 -0.13849723
v 0.10699160 0.05890191 -0.14077966
v 0.10399505 0.06332525 -0.13267055
v 0.10823171 0.06065939 -0.13489674
v 0.09607601 0.06339467 -0.13105047
v 0.10787374 0.06069237 -0.12884516
v -0.05440397 -0.01751321 -0.03831016
v -0.05591711 -0.01934273 -0.03731245
v -0.03399104 -0.01914817 -0.03896823
v -0.05935211 -0.01753014 -0.03653391
v -0.00659559 -0.01760309 -0.03990822
v -0.06180165 -0.02128982 -0.03772870
v -0.08682524 -0.02151200 -0.03637121
v -0.02368296 -0.02048591 -0.04158104
v -0.09085926 -0.02124022 -0.03503608
v -0.09452166 -0.01750277 -0.03608254
v 0.24957632 -0.02085534 0.27328050
v 0.24540831 -0.02062255 0.25585181
v 0.24136232 -0.01999776 0.24754839
v 0.23712888 -0.02039064 0.23581171
v 0.23222698 -0.02019996 0.22625403
v 0.25155154 -0.02101785 0.28691882
v -0.00730187 0.17439413 -0.21459998
v -0.00559674 0.16998622 -0.21792698
v -0.02516155 0.16735521 -0.21884349
v -0.02771937 0.17255901 -0.21443240
v -0.00563435 0.16319677 -0.21996784
v -0.02519331 0.16188231 -0.21939227
v -0.02961189 0.16404876 -0.21707718
v 0.10688034 0.05074907 -0.12031157
v 0.10904171 0.04545572 -0.12580705
v 0.11006246 0.04245283 -0.11653606
v 0.11058215 0.03703563 -0.11688424
v 0.10984806 0.05043917 -0.12774169
v 0.10763549 0.05739530 -0.12548846
v 0.11081202 0.05620207 -0.13342513
v 0.11044649 0.05039641 -0.13416725
v 0.10953988 0.03859618 -0.12310905
v 0.10832524 0.03264182 -0.11695358
v 0.10697138 0.05178367 -0.14192215
v 0.10627743 0.04134908 -0.13045727
v 0.10714293 0.04707754 -0.13858967
v 0.10690374 0.03366135 -0.12466671
v 0.33711395 -0.27442381 0.29646298
v 0.33359659 -0.27208564 0.29596540
v 0.33690533 -0.30071405 0.29979295
v 0.30972517 -0.06593673 0.27193481
v 0.31261891 -0.06168238 0.27241874
v 0.30659208 -0.04794360 0.26854429
v 0.31269202 -0.04003951 0.27127707
v 0.31666791 -0.05713661 0.27523753
v 0.30592668 -0.03035727 0.26395956
v 0.31166840 -0.02527363 0.26900306
v 0.32176173 -0.06887659 0.28093907
v 0.32136023 -0.10294919 0.27935910
v 0.32640061 -0.14253080 0.28356966
v 0.32996941 -0.14856395 0.28686339
v 0.32572851 -0.11494803 0.28319195
v 0.33392230 -0.18244533 0.29049373
v 0.33524898 -0.21049875 0.29145500
v 0.33793768 -0.22495651 0.29412803
v 0.33905956 -0.24361284 0.29538313
v 0.33963886 -0.26524472 0.29676074
v 0.34398457 -0.28804681 0.30031043
v 0.34261072 -0.29962233 0.30050147
v 0.34869161 -0.30471143 0.30533004
v 0.34530360 -0.27367720 0.30210590
v 0.34430945 -0.25982758 0.30186036
v 0.30685300 -0.01900431 0.26077628
v 0.30252039 -0.02288543 0.25744212
v 0.30322620 -0.03706048 0.26501799
v 0.29655629 -0.03342520 0.26234317
v 0.30613387 -0.01621599 0.25797495
v 0.30001235 -0.01964986 0.25202680
v 0.29297608 -0.02350947 0.25367796
v 0.24536648 0.00302511 0.11986018
v 0.25686875 -0.01057852 0.14260630
v 0.24441777 -0.01418613 0.11305251
v 0.26758796 0.00619177 0.17277060
v 0.27056059 -0.01037593 0.17551135
v 0.27958590 0.00539434 0.20161907
v 0.25325513 0.00557585 0.13862449
v 0.23650019 0.00393200 0.10162026
v 0.23587368 -0.01498381 0.09378387
v 0.22768396 -0.01095761 0.07726612
v 0.28090039 -0.01161593 0.20210868
v 0.28820613 -0.01115586 0.21720646
v 0.28783348 0.00415332 0.22112228
v 0.29649588 -0.01275933 0.23284335
v 0.29820982 0.00363130 0.24410088
v 0.30085436 -0.01120507 0.24389531
v 0.30730891 -0.00231125 0.26270294
v 0.22856826 0.00424904 0.08565456
v 0.22022274 0.00386825 0.06922465
v 0.21481971 -0.00053325 0.05569839
v 0.22012666 -0.01488608 0.06072268
v 0.21323173 -0.01555843 0.04512269
v 0.20737611 -0.00162402 0.03929633
v 0.20357616 -0.01453980 0.02376386
v 0.18567373 -0.00575256 -0.01179364
v 0.19811802 -0.00327555 0.01787134
v 0.18825845 -0.01823383 -0.01082171
v 0.17410843 -0.01071075 -0.04192472
v 0.17685221 -0.02076341 -0.03816861
v 0.16441061 -0.02634822 -0.07399634
v 0.15700252 -0.01070698 -0.08704376
v 0.15848993 -0.02967851 -0.09200247
v 0.15501580 -0.02457852 -0.09893441
v 0.15006916 -0.02472738 -0.11033719
v 0.14516267 -0.00176545 -0.10828251
v 0.24335293 0.00740912 0.11849032
v 0.14520648 -0.03629871 -0.12266541
v 0.25891569 0.00734887 0.15324199
v 0.16918206 -0.00350608 -0.04882413
v 0.15947290 -0.00386857 -0.07475455
v 0.17690766 -0.00282498 -0.02947782
v 0.14847323 -0.07267899 -0.12815250
v 0.31263471 -0.01551680 0.27127522
v 0.31293574 -0.00371642 0.27922225
v 0.31621453 -0.01510845 0.28149194
v 0.31978220 -0.03751466 0.28296056
v 0.31668606 -0.03553301 0.27676776
v 0.32538673 -0.07655534 0.28759274
v 0.32768187 -0.10464787 0.28706747
v 0.32937598 -0.09969622 0.29305854
v 0.33205402 -0.11959760 0.29660884
v 0.33374724 -0.15119034 0.29339847
v 0.22788921 -0.01551141 0.07770213
v 0.14796430 -0.10162700 -0.13655417
v 0.25292155 -0.01568832 0.13392536
v 0.26269597 -0.01537513 0.15755573
v 0.14640711 -0.11758027 -0.14208072
v 0.32752332 -0.08000465 0.29503039
v 0.32369515 -0.05043654 0.29409149
v 0.33734658 -0.19317071 0.29458109
v 0.33415264 -0.14522055 0.29728365
v 0.33828664 -0.18808517 0.29811788
v 0.34099033 -0.22659464 0.29866099
v 0.34168401 -0.22099411 0.30246678
v 0.19604294 -0.01893719 0.00736718
v 0.31946874 -0.02465859 0.29091796
v 0.14127661 -0.01911489 -0.12214615
v 0.34502962 -0.25419176 0.30749953
v 0.34859386 -0.29025647 0.30700421
v 0.14148428 -0.05288386 -0.13270311
v 0.20735574 -0.01883868 0.03437224
v 0.27994916 -0.01533894 0.20139772
v 0.27140146 -0.01574569 0.18021105
v 0.14868283 -0.17810082 -0.15063453
v 0.17923285 -0.02357008 -0.03092825
v 0.17333716 -0.02607418 -0.04587024
v 0.13647924 0.00068448 -0.12002216
v 0.16957891 -0.02825248 -0.05691153
v 0.14798816 -0.20345281 -0.15534551
v 0.14786018 -0.29599571 -0.17150784
v 0.18800965 0.00047815 -0.00086126
v 0.18836753 -0.02098444 -0.00899910
v 0.27405241 0.01199299 0.19483496
v 0.28782734 0.01200801 0.22957088
v 0.30910844 0.00373983 0.27623326
v 0.29823428 -0.01486491 0.23997417
v 0.30103895 0.00666291 0.25571904
v 0.34898275 -0.29013845 0.31087992
v 0.31445602 -0.00359014 0.29096219
v 0.23166569 0.00824947 0.09622183
v 0.18058871 0.00131620 -0.01493627
v 0.14510979 -0.33068299 -0.17919882
v 0.20923312 0.00471226 0.05052164
v 0.28823629 -0.01510285 0.21992965
v 0.19679560 0.00080979 0.01979397
v 0.32895365 -0.09441837 0.29978567
v 0.31859890 -0.02048824 0.29466954
v 0.15056010 0.00196226 -0.08904523
v 0.13917899 0.00551994 -0.11100680
v 0.20059265 0.00465332 0.03406434
v 0.16079873 0.00087311 -0.06317375
v 0.16804372 0.00136457 -0.04289102
v 0.22051230 0.00827952 0.07623167
v 0.30703920 0.00924549 0.29186606
v 0.30547437 0.00938434 0.27816227
v 0.32558674 -0.07310776 0.30124825
v 0.21597190 -0.01866652 0.05742270
v 0.19190918 0.00396268 0.01663502
v 0.22845042 -0.01801899 0.08338745
v 0.24187458 -0.01806416 0.11567673
v -0.03225259 0.16786246 -0.20949873
v -0.03167761 0.16181643 -0.21173693
v 0.04270414 0.24829288 -0.23960152
v 0.03885586 0.24892125 -0.23712620
v 0.03909577 0.24864928 -0.24618779
v 0.05031589 0.24652240 -0.23716438
v 0.05653953 0.24917117 -0.24561737
v 0.05712937 0.25163457 -0.24905849
v 0.03463337 0.24616459 -0.24171098
v 0.06359071 0.25148728 -0.24192081
v 0.18150192 -0.02093185 0.32595244
v 0.17632924 -0.02190696 0.32810038
v 0.16057624 -0.02050365 0.33039153
v 0.15893564 -0.02213020 0.33216757
v 0.14767848 -0.02118142 0.33367312
v 0.00130380 0.16062930 -0.20930402
v -0.00001517 0.16583346 -0.21663949
v -0.00141616 0.15946075 -0.21641871
v 0.15069926 -0.02180631 0.09459969
v 0.15431394 -0.02073102 0.10977362
v 0.14748226 -0.01943205 0.08027516
v 0.16146594 -0.02106011 0.12379683
v -0.13349050 -0.02647999 0.03619425
v -0.13770571 -0.02691286 0.03227724
v -0.12877491 -0.02710411 0.04149415
v -0.12735038 -0.03038437 0.04417064
v -0.12377831 -0.02789767 0.04921654
v -0.14097531 -0.02969165 0.02765143
v -0.14573954 -0.03001417 0.02143469
v -0.14675680 -0.02649407 0.01994734
v -0.15410912 -0.02659436 0.01276930
v -0.14087445 -0.02619034 0.02625033
v -0.16170290 -0.02733971 0.00670003
v -0.16633278 -0.02830590 0.00277664
v -0.11597140 -0.02774280 0.05517320
v -0.11237002 -0.02788442 0.06026084
v -0.16389136 -0.02666486 0.00311763
v 0.03161083 0.24254556 -0.23777798
v 0.03235871 0.24182443 -0.24269286
v 0.05644970 -0.01764848 -0.07882334
v 0.04836895 -0.01788340 -0.07351031
v 0.05692675 -0.02174077 -0.08034482
v 0.06906860 -0.02138444 -0.08448922
v 0.04321076 -0.02120065 -0.07363085
v 0.03933720 -0.01757521 -0.06809334
v 0.02925656 -0.02052972 -0.06556852
v 0.02731312 -0.01766102 -0.06319815
v 0.01577825 -0.02003466 -0.05838675
v 0.02074376 -0.01766522 -0.05750703
v 0.00846707 -0.01749006 -0.04798280
v 0.18630295 -0.02055691 0.16403469
v 0.18145101 -0.02097375 0.15656148
v 0.17702487 -0.02128121 0.14744255
v 0.17113671 -0.02101040 0.13756908
v 0.16727462 -0.02140082 0.12840454
v 0.19249815 -0.02012336 0.17057401
v 0.19983989 -0.02000810 0.17907925
v 0.00051982 0.19373520 -0.22191450
v -0.00352216 0.19553062 -0.21633659
v 0.00088364 0.19559354 -0.22859974
v -0.04791898 0.19540904 -0.22743556
v -0.04812633 0.19602300 -0.22361471
v 0.30619314 -0.04773479 0.28911588
v 0.31169432 -0.04490196 0.29006946
v 0.30430591 -0.04568104 0.28187945
v 0.30234817 -0.04795512 0.28871047
v 0.31182173 -0.04242759 0.29522711
v 0.30468547 -0.04535252 0.29523048
v -0.15635897 0.12621044 -0.18645506
v -0.15340754 0.12913059 -0.18550742
v 0.08866239 -0.01382011 -0.08848958
v 0.08958438 -0.00214902 -0.08196922
v 0.09290657 -0.01302206 -0.08902098
v -0.02933643 -0.04084902 0.34032816
v -0.02679029 -0.03436402 0.34161538
v -0.03160771 -0.04567520 0.33738142
v -0.03653294 -0.04796521 0.33626723
v -0.02798653 -0.03622829 0.32952178
v -0.02974318 -0.04088891 0.33293852
v -0.03366534 -0.04544159 0.32993516
v -0.03330698 -0.04257926 0.32815140
v 0.05671966 0.23131238 -0.21842451
v 0.06318708 0.23063228 -0.22150229
v 0.07277538 0.23303831 -0.22522976
v 0.08943199 -0.02106486 -0.11356363
v 0.09872938 -0.01722115 -0.11561726
v 0.10092551 -0.02119745 -0.11582059
v 0.11073312 -0.01813907 -0.11718769
v 0.11401019 -0.02059822 -0.11544742
v -0.01020578 -0.02723895 0.32511741
v -0.00264897 -0.02840204 0.33156615
v 0.00497207 -0.02767372 0.33642358
v -0.01004947 -0.02983989 0.32736665
v -0.01394865 -0.03129019 0.32705951
v -0.01894188 -0.02830946 0.31552076
v -0.02200107 -0.03766830 0.32601413
v -0.03610566 -0.03527522 0.30455798
v -0.03641475 -0.03115787 0.29839218
v -0.04730315 -0.03304825 0.28914145
v -0.04248131 -0.02914685 0.28001249
v -0.05215297 -0.03236192 0.28125253
v -0.05280864 -0.03153626 0.27033481
v -0.01205141 -0.03103724 0.33925575
v -0.05266746 -0.03168527 0.24963561
v -0.06519883 -0.03290456 0.27399135
v -0.06439878 -0.03229170 0.24982969
v -0.05585646 -0.03268210 0.22834036
v -0.06225910 -0.03412672 0.19326080
v -0.07881972 -0.03240145 0.25273979
v -0.07897903 -0.03229266 0.22767335
v -0.07890076 -0.03293500 0.20328720
v -0.07644723 -0.03391498 0.19160806
v -0.07272110 -0.03710108 0.15590672
v -0.11529410 -0.03413983 0.15418440
v -0.10020507 -0.03724302 0.13206470
v -0.07598938 -0.03848753 0.13847204
v -0.13170116 -0.03669664 0.11341031
v -0.11549027 -0.04033655 0.09082939
v -0.14527187 -0.03993340 0.06583338
v -0.09234685 -0.03077063 0.21744247
v -0.10119085 -0.02987925 0.20854446
v -0.09511932 -0.04107635 0.10448358
v -0.10202129 -0.04468260 0.06970617
v -0.11366618 -0.04359626 0.06441361
v -0.10112082 -0.01772041 -0.02924258
v -0.10405906 -0.01967821 -0.02136539
v -0.10056688 -0.02163795 -0.02972131
v 0.08716457 0.01737533 -0.12735525
v 0.08090333 0.01800741 -0.13473663
v 0.08827424 0.01363461 -0.12914692
v 0.08337721 0.02059573 -0.13005626
v 0.09987567 0.01606170 -0.12265891
v 0.09807812 0.01229722 -0.12672034
v 0.10564857 0.01610685 -0.11915316
v 0.11398631 0.01448763 -0.11041286
v 0.12005465 0.01618666 -0.10133175
v 0.08969138 0.01819223 -0.12217107
v 0.08491791 0.02132101 -0.12104029
v 0.10997335 0.01566736 -0.10721883
v 0.08781971 0.01897998 -0.11389927
v 0.08086106 0.22141558 -0.21494059
v 0.07085471 0.22825813 -0.22000733
v 0.08435340 0.21847366 -0.21569771
v 0.09177230 0.21567480 -0.21779107
v 0.08850319 0.21955425 -0.21139364
v 0.09293775 0.21719123 -0.21179196
v 0.08887600 0.21001652 -0.22059382
v 0.09227920 0.20541432 -0.21760063
v 0.29485491 -0.04151820 0.28892574
v 0.29813075 -0.04443934 0.29421622
v 0.29753950 -0.04581710 0.28815055
v 0.29832056 -0.04385389 0.28204143
v 0.29689351 -0.03594730 0.28255233
v 0.02598917 0.19497916 -0.21401836
v 0.01982238 0.19196662 -0.20842443
v 0.02273829 0.19046204 -0.21458396
v 0.09290449 0.20459804 -0.21060243
v 0.08794574 0.20223570 -0.21002978
v 0.08937910 0.20457104 -0.20488639
v 0.08712965 0.20004508 -0.20638964
v 0.08933137 0.20159371 -0.20193067
v 0.09562960 0.21066685 -0.21071091
v 0.04287047 0.24309750 -0.22678339
v 0.04448121 0.24202098 -0.22166635
v 0.04023648 0.23709027 -0.22158316
v 0.04701865 0.23383017 -0.21880381
v 0.04275339 0.22851299 -0.21686901
v 0.03356685 0.23206551 -0.21910396
v 0.03670716 0.22801441 -0.21677159
v 0.02932834 0.22279838 -0.22080980
v 0.03349897 0.23593034 -0.22633718
v 0.03076840 0.23299684 -0.22534192
v 0.02863131 0.22618036 -0.22323675
v 0.02288167 0.22076228 -0.22303116
v 0.02424944 0.21862701 -0.21958074
v 0.00230813 0.21726876 -0.21961427
v 0.02433580 0.21450886 -0.21695609
v 0.02900566 0.21492003 -0.21828850
v -0.00083329 0.20712517 -0.22105689
v -0.00441334 0.20301686 -0.21959715
v -0.00625625 0.19847786 -0.21695019
v -0.10688149 -0.02130585 -0.00563248
v -0.10490574 -0.02199323 -0.02084229
v -0.10865589 -0.02154682 0.00560904
v -0.10831738 -0.02324931 0.01417202
v -0.10878350 -0.02496820 0.00646384
v -0.10886337 -0.02349762 -0.00436038
v -0.10758059 -0.02636266 0.02935721
v 0.04274261 0.21337792 -0.21424149
v 0.03755765 0.20810927 -0.21016751
v 0.03817226 0.20733087 -0.21430089
v 0.04520789 0.21985187 -0.21355239
v 0.05373977 0.22551864 -0.21133277
v 0.02816987 0.20155109 -0.21107736
v 0.02980782 0.20419501 -0.21404277
v 0.07507440 -0.02022725 -0.08883344
v 0.07333971 -0.02208076 -0.08835269
v 0.08521099 -0.02061338 -0.09070211
v 0.08300973 -0.01737959 -0.09207743
v 0.31214613 -0.01869726 0.29541570
v 0.30632299 -0.01717478 0.29760441
v 0.30293968 -0.01792851 0.30139399
v 0.30855939 -0.02130739 0.29812083
v 0.29751167 -0.01810232 0.30840960
v 0.30550241 -0.02837887 0.29910204
v 0.29755518 -0.00704134 0.31103489
v 0.29551560 0.00205323 0.31036165
v 0.29139730 0.00145351 0.31426671
v 0.28619730 0.01128205 0.31561080
v 0.27371904 0.01244785 0.32484397
v 0.26451862 0.01259354 0.33021885
v 0.25316846 0.01245514 0.33529589
v 0.23909174 0.01252072 0.34261122
v 0.28282702 -0.01210881 0.31834075
v 0.28454208 -0.00092240 0.31928101
v 0.29132324 -0.01497812 0.31399009
v 0.29339948 -0.00742022 0.31409147
v 0.27413788 -0.00265007 0.32492977
v 0.25462291 0.00495146 0.33454305
v 0.23807211 0.00432219 0.34254739
v 0.21833870 0.00518050 0.35011756
v 0.21892539 0.01062676 0.35023808
v 0.20058326 0.01056971 0.35806260
v 0.20129800 0.00284795 0.35635313
v 0.18669668 0.00153587 0.36119759
v 0.17457125 0.00188651 0.36368799
v 0.16448377 -0.00436663 0.36518270
v 0.29375419 -0.02341145 0.30978110
v 0.24910930 -0.00051064 0.33547324
v 0.25429621 -0.00897146 0.32919952
v 0.24262333 -0.00891421 0.33415049
v 0.26368716 -0.00547375 0.32774755
v 0.23063324 -0.00449187 0.34242430
v 0.27530417 -0.01097643 0.32137972
v 0.20873687 -0.00520691 0.35025966
v 0.22097607 -0.00988887 0.34311748
v 0.30133983 -0.03080737 0.30069464
v 0.30791247 -0.04030070 0.29719096
v -0.06093366 0.01382971 0.29794082
v -0.07250767 0.00827644 0.28398219
v -0.07810645 0.00932801 0.26982129
v -0.08564243 0.00700734 0.25634241
v -0.08804037 0.00971724 0.24730130
v -0.09323869 0.00886060 0.23412378
v -0.06239903 0.00473991 0.31272921
v -0.05463620 0.00592603 0.32507783
v -0.06704110 0.00559395 0.30170614
v -0.09957316 0.00867838 0.21500528
v -0.07227130 0.00081093 0.29384398
v -0.10530918 0.00826638 0.19941057
v -0.11115417 0.00704291 0.18120927
v -0.11245002 0.01338067 0.16861519
v -0.11613703 0.01312150 0.15703546
v -0.12138453 0.00377179 0.15474908
v -0.12285166 0.00884004 0.14206494
v -0.12622796 -0.00443936 0.15221219
v -0.09230268 -0.00106621 0.24776044
v -0.12666719 0.00951873 0.12640348
v -0.11421395 0.00425886 0.17236380
v -0.06518454 -0.00076770 0.31089100
v -0.08073733 0.00132168 0.26970044
v -0.12657312 0.00120162 0.13766378
v -0.05622600 0.00061119 0.32537627
v -0.09495051 0.00091528 0.23499754
v -0.09526486 -0.00931851 0.24426872
v -0.09774663 0.00312350 0.22354776
v -0.10574242 0.00340800 0.20091297
v -0.08955020 -0.00163382 0.25200355
v -0.12977295 0.00123759 0.12039812
v -0.12899612 0.01029012 0.11270311
v -0.13378015 -0.00497114 0.10879255
v -0.13801596 0.00063975 0.09610935
v -0.14240900 0.00089950 0.08789494
v -0.14866665 -0.00094601 0.06886681
v -0.14216077 -0.00617686 0.09101597
v -0.09310642 -0.00848996 0.24902441
v -0.12055463 -0.00279584 0.15886626
v -0.07175059 -0.01132634 0.29860526
v -0.07960008 -0.00727644 0.27469555
v -0.08413441 -0.01152371 0.26448399
v -0.13808194 -0.01245248 0.09899092
v -0.11070687 -0.00469407 0.18540202
v -0.11749398 -0.00876825 0.16538729
v -0.12086285 -0.01091394 0.15842630
v -0.12995997 -0.00670944 0.12153728
v -0.10271934 -0.00832378 0.21040633
v -0.05618773 -0.01345241 0.32764450
v -0.06495523 -0.01553097 0.31157464
v -0.09925770 -0.01159450 0.21971071
v -0.09536049 -0.01287051 0.23150407
v -0.12472489 -0.00811808 0.15562288
v -0.12659912 -0.01010210 0.15126678
v -0.07550116 -0.01361931 0.28670049
v -0.13372713 -0.01544941 0.10775606
v -0.12601101 -0.01375839 0.13871691
v -0.08822348 -0.01220823 0.25400656
v -0.04933161 -0.00883862 0.33609667
v -0.05211325 -0.02649348 0.33515221
v -0.05608976 -0.03060395 0.32584816
v -0.05881193 -0.02558758 0.31931594
v -0.14259902 -0.01621700 0.08830079
v -0.14599992 -0.01673544 0.07728714
v -0.14973950 -0.01641097 0.06772446
v -0.10668873 -0.01205854 0.19606262
v -0.11380696 -0.01230489 0.17424107
v -0.05238007 -0.03575460 0.33222252
v -0.12959069 -0.01437782 0.11934154
v -0.07207406 -0.01705275 0.29503834
v -0.07590504 -0.01723624 0.28327930
v -0.07890891 -0.01722625 0.27255258
v -0.10294224 -0.01426436 0.20580153
v -0.06656566 -0.02012341 0.30532604
v -0.13742164 -0.01839832 0.09726810
v -0.15285902 -0.01225296 0.06373033
v -0.15328230 -0.01727202 0.06035892
v -0.09212244 -0.01597947 0.24663244
v -0.04851539 -0.04429864 0.33520532
v -0.11047675 -0.01715155 0.17928216
v -0.11389512 -0.01755079 0.16627316
v -0.08321549 -0.01769996 0.26063183
v -0.12332150 -0.01558528 0.15342413
v -0.13160253 -0.01800858 0.11012494
v -0.14109807 -0.02033340 0.08767234
v -0.12835066 -0.01879837 0.11679766
v -0.11947381 -0.01609651 0.15662366
v -0.05746263 -0.03057904 0.31375349
v -0.08666763 -0.01727592 0.25114447
v -0.09936764 -0.01762438 0.21082106
v -0.09353805 -0.01767872 0.22614899
v -0.10549025 -0.01745090 0.19086966
v -0.10215751 -0.01774435 0.19986962
v -0.06917981 -0.02136686 0.29283530
v -0.06511960 -0.02330862 0.30190793
v -0.06012600 -0.02764436 0.30700782
v 0.07432335 -0.02468333 -0.11762040
v 0.07497258 -0.02411594 -0.11204938
v 0.07538084 -0.02569388 -0.11155855
v 0.07336409 -0.03082832 -0.11411104
v 0.07970092 -0.02188512 -0.10883887
v 0.06819885 -0.02854362 -0.10935114
v 0.11365884 -0.02069524 -0.10565785
v 0.11420504 -0.02155828 -0.10928103
v 0.11693916 -0.02066435 -0.11110710
v -0.04013304 -0.02185857 -0.07904962
v -0.01210004 -0.02083725 -0.05743466
v -0.09753497 -0.02205746 -0.05498583
v -0.08151618 -0.02389731 -0.10541993
v -0.08839375 -0.02285050 -0.07992366
v -0.10733790 -0.02294147 -0.08148927
v -0.11074278 -0.02375897 -0.10761207
v -0.04320864 -0.02335289 -0.10318264
v -0.15248711 -0.02428314 -0.09636654
v -0.15123375 -0.02358042 -0.06774823
v -0.00224438 -0.01984106 -0.04697290
v -0.11830144 -0.02279567 -0.03647828
v -0.15385716 -0.02383169 -0.03942054
v -0.18636338 -0.02354781 -0.06144886
v -0.18230633 -0.02376636 -0.04360463
v 0.01495221 -0.02156371 -0.07220990
v -0.16626061 -0.02466711 -0.10205165
v -0.16058338 -0.02525826 -0.11583774
v -0.13398211 -0.02638537 -0.13813241
v -0.10696331 -0.02521275 -0.12991597
v -0.17841105 -0.02432240 -0.09089011
v -0.15505910 -0.02640075 -0.15007074
v -0.06572939 -0.02556483 -0.12996514
v -0.03739109 -0.02488672 -0.11817521
v 0.00078225 -0.02331153 -0.09028889
v -0.11202233 -0.02526601 -0.14298131
v -0.09516504 -0.02441524 -0.14241998
v -0.01413724 -0.02660219 -0.13067096
v -0.00952892 -0.02618236 -0.11663345
v 0.01223995 -0.02778238 -0.12762251
v 0.03557261 -0.02337380 -0.08345078
v -0.18425880 -0.02380281 -0.07831329
v -0.12505016 -0.02428611 -0.01002653
v -0.14634487 -0.02448106 -0.00196751
v -0.16936915 -0.02492441 -0.00996340
v -0.17566995 -0.02467637 -0.02651719
v -0.13818437 -0.02480314 0.01880383
v -0.15977754 -0.02503521 -0.00266638
v -0.11518770 -0.02585770 0.03488670
v 0.02949768 -0.02845216 -0.12875162
v 0.01342331 -0.02827089 -0.11587913
v -0.04222596 -0.02519785 -0.13777839
v -0.07339551 -0.02412026 -0.14118420
v -0.18239298 -0.02473248 -0.03444655
v 0.01736674 -0.02454455 -0.09307642
v 0.06313418 -0.02392026 -0.08909903
v 0.03658986 -0.03119357 -0.11562743
v 0.04931609 -0.03045560 -0.12624519
v 0.03352615 -0.02780852 -0.10052127
v -0.15900610 -0.02556432 -0.14428404
v -0.15996274 -0.02577065 -0.15430577
v -0.14157498 -0.02684659 -0.14596246
v -0.15080418 -0.02611197 -0.14796047
v 0.04932760 -0.02819082 -0.10081276
v 0.06963192 -0.02628805 -0.10330556
v 0.08151913 -0.02471447 -0.10277499
v 0.04841565 -0.03383365 -0.11441722
v 0.09416845 -0.02169786 -0.09881815
v 0.09523044 -0.02047881 -0.08937538
v 0.10872428 -0.02238698 -0.08589275
v 0.08726612 -0.02276975 -0.10373944
v 0.10059685 -0.02012137 -0.08255506
v 0.10675345 -0.02178803 -0.07504854
v 0.10963120 -0.02209734 -0.07627352
v -0.00437799 -0.02421047 -0.13723485
v 0.04672969 -0.03080077 -0.10562474
v -0.11172833 -0.02589405 0.02282386
v 0.11257662 -0.02542871 -0.06771908
v 0.06099501 -0.03786855 -0.11167940
v -0.18534753 -0.02277579 -0.04862242
v 0.06174304 -0.02867195 -0.10555325
v 0.05820079 -0.03382518 -0.10808101
v -0.10514983 -0.01964381 -0.15029828
v -0.05916053 -0.02027861 -0.14478968
v 0.06918757 -0.03943249 -0.11233173
v 0.08572159 0.02687256 -0.12960483
v 0.08300607 0.02478816 -0.12083472
v 0.08367677 0.02430099 -0.12995793
v 0.07839486 0.02341123 -0.13868487
v 0.08277872 0.02747989 -0.13660179
v 0.10209595 0.03071657 -0.11315180
v 0.09326496 0.03038419 -0.12001628
v 0.08757546 0.02967691 -0.12051260
v 0.10396648 0.02980356 -0.12088997
v 0.09508823 0.03043041 -0.12592638
v 0.09042440 0.03160547 -0.13841125
v 0.09938938 0.03490812 -0.13062042
v 0.05396018 0.22402276 -0.21458150
v 0.05019657 0.21584851 -0.21811537
v 0.05852058 0.22231083 -0.21740739
v 0.04373135 0.20654263 -0.21703500
v 0.04209512 0.19936706 -0.21906880
v 0.05238347 0.20407088 -0.21989611
v 0.06537265 0.21194185 -0.22015350
v 0.06454644 0.22791038 -0.21874644
v 0.05694406 0.22925730 -0.21610624
v 0.03400974 0.20152093 -0.21729428
v 0.03500976 0.19526373 -0.21910574
v 0.03012639 0.18937443 -0.21672378
v 0.02517859 0.18338574 -0.21913141
v 0.00584956 0.18576151 -0.21746635
v 0.00491716 0.18124504 -0.21906513
v 0.00595300 0.17749371 -0.21920462
v 0.00370077 0.17310181 -0.21746001
v 0.03430779 0.18446755 -0.21573563
v 0.22362132 -0.01984009 0.21684389
v 0.21845290 -0.01981155 0.20744507
v 0.21310836 -0.01994549 0.20245302
v 0.20764560 -0.01992448 0.19236869
v -0.15232068 -0.05112405 -0.08087126
v -0.15449075 -0.05137160 -0.09482975
v -0.15041737 -0.03601949 -0.14636514
v -0.16000877 -0.03887010 -0.16065504
v -0.17638592 -0.04635412 -0.16090539
v -0.18237160 -0.04874231 -0.15906699
v -0.18633449 -0.05012501 -0.17290930
v -0.19541168 -0.05287857 -0.16935928
v -0.19442876 -0.05089874 -0.14845248
v -0.18025728 -0.05001132 -0.13305250
v -0.16140537 -0.02423468 -0.11569884
v -0.15914008 -0.02483858 -0.13895918
v 0.09307228 0.20137295 -0.19632144
v -0.15789430 -0.01747875 0.04521122
v -0.15995146 -0.01861257 0.03043056
v -0.15522632 -0.02061249 0.03810150
v -0.15518144 -0.01935549 0.04620309
v -0.14845891 -0.02010557 0.05904762
v -0.15866846 -0.02056145 0.01616054
v -0.14331992 -0.02138602 0.07500663
v -0.13802943 -0.02169142 0.09098150
v -0.13316061 -0.02106671 0.10000999
v -0.12551191 -0.02155681 0.11497385
v -0.12378822 -0.02093361 0.12873714
v -0.16633004 -0.01995343 0.00786946
v -0.13689932 -0.02338061 0.07523379
v -0.11838859 -0.02270132 0.12238720
v -0.12733559 -0.02278899 0.09573180
v -0.11946531 -0.02105132 0.13693969
v -0.11104868 -0.02083126 0.15591495
v -0.10514111 -0.02072190 0.17339936
v -0.09400497 -0.02103686 0.19164404
v -0.09202810 -0.02089432 0.21081871
v -0.08728232 -0.02089597 0.22558992
v -0.07915976 -0.02132317 0.24745235
v -0.07839201 -0.02117594 0.25658962
v -0.07384166 -0.02096832 0.27422041
v -0.14571799 -0.02137355 0.04444249
v -0.13960479 -0.02203778 0.05580345
v -0.06648391 -0.02244963 0.27765745
v -0.07383779 -0.02260276 0.23736663
v -0.05823655 -0.02427410 0.28848213
v -0.07987758 -0.02196191 0.23242275
v -0.07986849 -0.02322311 0.20769536
v -0.11025791 -0.02303309 0.13117558
v -0.10053250 -0.02233416 0.15915032
v -0.16084193 -0.02163928 -0.00783159
v -0.08534522 -0.02232527 0.18702480
v -0.14773043 -0.02158317 0.02812683
v -0.16599259 -0.02148237 -0.01003573
v -0.12422206 -0.02256415 0.04765256
v -0.12545712 -0.02404324 0.07206022
v -0.10701764 -0.02333550 0.10209686
v -0.12397399 -0.02267035 0.02111332
v -0.12851432 -0.02209903 0.00591064
v -0.14269604 -0.02157359 -0.00172821
v -0.07533676 -0.02290310 0.17700779
v -0.09937495 -0.02301904 0.13805884
v -0.06169410 -0.02373697 0.20356263
v -0.05255717 -0.02309757 0.23062636
v -0.05380903 -0.02275860 0.26205254
v -0.05217838 -0.02320991 0.27899045
v -0.07441613 -0.02311168 0.14310761
v -0.14214906 -0.02101127 -0.01873812
v -0.07696293 -0.02290619 0.13003647
v -0.08400895 -0.02241975 0.11392678
v -0.04878809 -0.02341512 0.21187499
v -0.17439185 -0.02110524 -0.01980425
v -0.05637100 -0.02322257 0.19139670
v -0.10504296 -0.02339222 0.07505495
v -0.10945941 -0.02201539 0.03942555
v -0.10668200 -0.02193839 0.05369748
v -0.10201428 -0.02266985 0.06617095
v -0.15303563 -0.01913044 -0.04191467
v -0.17765567 -0.02039602 -0.03168646
v -0.18303432 -0.02036671 -0.04279460
v -0.16761258 -0.01947783 -0.05380554
v -0.09291581 -0.02243030 0.09474557
v -0.09800745 -0.02271180 0.08112944
v -0.11865291 -0.02092025 -0.00284257
v -0.12869006 -0.01964995 -0.02696989
v -0.10973719 -0.02148105 0.02029823
v -0.04967344 -0.02543513 0.28963760
v -0.11174063 -0.01762705 -0.02440698
v -0.14653099 -0.01752906 -0.05094260
v -0.04589294 -0.02178402 0.23742957
v -0.04566837 -0.02141349 0.26470029
v -0.05799399 -0.02648301 0.29821840
v -0.12313075 -0.01754555 -0.03627523
v -0.07683660 -0.01752977 -0.07126654
v 0.02061167 -0.01749034 -0.08106194
v -0.03634212 -0.01754889 -0.08700872
v -0.13736157 -0.01756830 -0.07116259
v 0.06128020 -0.01756616 -0.08419233
v 0.05037807 -0.01755170 -0.08544566
v -0.08270706 -0.01799962 -0.08303651
v -0.13156328 -0.01792385 -0.08078691
v -0.06278445 -0.01855171 -0.10447402
v -0.13503964 -0.01831126 -0.10382638
v -0.07625803 -0.01849304 -0.11839028
v -0.03387377 -0.01870423 -0.12554033
v -0.01497805 -0.01887067 -0.10415531
v -0.00135046 -0.01907153 -0.12064164
v -0.11340600 -0.01855511 -0.13417462
v -0.13309968 -0.01850229 -0.12506174
v -0.07540002 -0.01809279 -0.13342540
v -0.01526457 -0.01858281 -0.12893599
v 0.01874894 -0.02061514 -0.10599954
v 0.02059679 -0.02050182 -0.11628985
v 0.00097954 -0.01860747 -0.09162232
v 0.03074412 -0.02035448 -0.09729555
v -0.10735902 -0.01769920 -0.02099706
v -0.13352613 -0.01727011 -0.13951489
v -0.00604093 -0.01700960 -0.13674222
v 0.03870848 -0.02310990 -0.11268116
v -0.11825000 -0.01742978 -0.14046469
v 0.05129310 -0.02360679 -0.10795917
v 0.06219063 -0.02362432 -0.11384927
v 0.07265256 -0.02261283 -0.10842369
v -0.14461267 -0.01906199 -0.13823052
v 0.04658506 -0.02103957 -0.10082807
v -0.08460568 -0.01732415 -0.13772574
v 0.03692895 -0.02150621 -0.11979421
v 0.07822873 -0.02112844 -0.10635464
v 0.07717606 -0.01884294 -0.09625671
v 0.07480317 -0.01882815 -0.09197666
v 0.06550729 -0.01844265 -0.08709439
v 0.08968306 -0.01777837 -0.09798376
v 0.00028552 -0.01744404 -0.12835138
v 0.01111674 -0.01752478 -0.12536077
v -0.14819165 -0.01777684 -0.14650321
v -0.03760583 -0.02513388 0.29132980
v 0.03595123 -0.01795508 -0.12558204
v 0.09317563 -0.01932970 -0.10991503
v 0.10174326 -0.01806894 -0.10468139
v 0.10257332 -0.01671689 -0.09333773
v 0.10746694 -0.01834212 -0.10567903
v 0.10929000 -0.01646290 -0.11549135
v -0.15269108 -0.02174941 -0.13542044
v 0.05332757 -0.02007996 -0.12124202
v 0.07828446 -0.02337506 -0.12347038
v -0.04709611 -0.02822008 0.29630885
v 0.11162060 -0.02104368 -0.08846235
v -0.00347389 -0.01504590 -0.13989253
v -0.05130893 -0.03194804 0.30682763
v -0.10360276 -0.01543042 -0.14298952
v -0.12570544 -0.01395852 -0.14615278
v -0.14112522 -0.01369472 -0.14830364
v -0.04571787 -0.03654473 0.31562793
v -0.04241247 -0.03261431 0.30492511
v -0.04102588 -0.03160449 0.29948118
v -0.03759199 -0.03767843 0.31784129
v -0.04466950 -0.04170534 0.32546717
v -0.05206306 -0.03509511 0.32035413
v 0.10357827 -0.01589429 -0.08439790
v -0.15487589 -0.02150325 -0.14653592
v 0.09945416 -0.01323917 -0.08570775
v -0.04450375 -0.01522104 -0.14004530
v 0.10880405 -0.01907892 -0.08000723
v 0.11243407 -0.02210098 -0.07484436
v -0.04937682 -0.04026018 0.33008146
v -0.16007747 -0.02079594 -0.15384555
v -0.03996875 -0.04219409 0.32433560
v -0.04259780 -0.04490830 0.32796624
v -0.04000584 -0.04778121 0.33609793
v 0.11431599 -0.02596059 -0.07242222
v 0.11826881 -0.03383544 -0.07445377
v 0.21220303 -0.02166409 0.32334650
v 0.19121557 -0.02224256 0.13118626
v 0.22479457 -0.02147507 0.15211226
v 0.24169800 -0.02023297 0.18697298
v 0.25177604 -0.01997272 0.21283852
v 0.18009914 -0.02404957 0.08842228
v 0.15245298 -0.02305772 0.08432821
v 0.21293044 -0.02258261 0.12417717
v 0.19331159 -0.02423198 0.08273897
v 0.18614809 -0.02543599 0.04704821
v 0.24569175 -0.02044004 0.15849413
v 0.26506054 -0.01922268 0.18996827
v 0.20761850 -0.02345462 0.08184484
v 0.23011439 -0.02162640 0.12247465
v 0.16410479 -0.02689480 0.04110233
v 0.27159244 -0.01950178 0.21900453
v 0.17958604 -0.02633225 0.02461617
v 0.16198985 -0.02798289 0.00228320
v 0.14518861 -0.02788078 0.00659202
v 0.15072235 -0.02985159 -0.01996987
v 0.14192666 -0.02619543 0.03222801
v 0.13515446 -0.02804615 -0.01004258
v 0.15751730 -0.02151531 0.11426382
v 0.26076233 -0.02078444 0.24476248
v 0.28062928 -0.02044420 0.23964451
v 0.17382768 -0.02703885 0.00198137
v 0.27513024 -0.02215908 0.25710207
v 0.16917193 -0.02783752 -0.01933650
v 0.16907501 -0.02959061 -0.04091043
v 0.14705265 -0.03142799 -0.02853587
v 0.13424583 -0.03031362 -0.02344291
v 0.13288851 -0.02589267 0.00628648
v 0.20402505 -0.02347965 0.06611542
v 0.26680720 -0.02258446 0.27063909
v 0.26145065 -0.02286174 0.29176208
v 0.17526942 -0.02690455 -0.02902074
v 0.25872141 -0.02279474 0.31701532
v 0.24562399 -0.02171118 0.31892145
v 0.26533520 -0.02078817 0.33367720
v 0.26206672 -0.01914545 0.34053391
v 0.22690667 -0.02139040 0.32700306
v 0.17193916 -0.02145799 0.34388587
v 0.13556725 -0.02244650 0.35916790
v 0.07919209 -0.02288137 0.37247279
v 0.05794356 -0.02416807 0.36871082
v 0.01930673 -0.02606204 0.35537523
v 0.01467004 -0.02688867 0.34135091
v -0.00232979 -0.02846599 0.34408817
v 0.14177309 -0.02086356 0.37242156
v 0.19052729 -0.01937633 0.35588846
v 0.20289674 -0.02022790 0.34508404
v -0.00743633 -0.02732337 0.35694969
v 0.17394939 -0.01898430 0.36888352
v 0.23894441 -0.01758285 0.35101202
v 0.21377411 -0.01807829 0.35564980
v 0.20238766 -0.02192746 0.04095551
v 0.22379339 -0.02043954 0.09046491
v 0.26653743 -0.01763962 0.17435421
v 0.25356388 -0.01792946 0.14391747
v 0.27795449 -0.01726080 0.20636427
v 0.28363574 -0.01855464 0.22979920
v 0.29407933 -0.01824701 0.24221432
v 0.28051838 -0.02207876 0.33148989
v 0.19090453 -0.02218006 0.00337156
v 0.18422087 -0.02408027 -0.00707733
v 0.15530185 -0.01881409 0.37623066
v -0.01673923 -0.03068720 0.35363707
v 0.27633956 -0.02333391 0.32808477
v 0.28479907 -0.02301615 0.25158545
v 0.15174958 -0.03362583 -0.04156433
v 0.13358775 -0.03389328 -0.03394887
v 0.16543785 -0.03285690 -0.05384132
v 0.14690128 -0.03773494 -0.05067039
v 0.15863849 -0.03915910 -0.06911751
v 0.12939434 -0.03955949 -0.04540414
v 0.13888121 -0.04370004 -0.05971950
v 0.27015296 -0.02552445 0.28161260
v 0.12490147 -0.04813293 -0.06021802
v 0.12362073 -0.05908546 -0.08130270
v 0.14141883 -0.04899913 -0.07492321
v 0.13598251 -0.05761632 -0.08696109
v 0.12970324 -0.02644829 -0.01778702
v 0.13055544 -0.02423730 0.00504446
v 0.12909345 -0.02992620 -0.03059305
v -0.18588954 -0.02128835 -0.05394160
v -0.18341136 -0.02063441 -0.05054636
v -0.17097332 -0.02151850 -0.09685275
v -0.16441178 -0.02160932 -0.10498513
v -0.17492510 -0.02123346 -0.09022857
v -0.15571074 -0.02180504 -0.12190701
v -0.17947116 -0.02132439 -0.07818357
v -0.16012587 -0.01900628 -0.09332878
v -0.14301097 -0.01930064 -0.12221824
v 0.03580867 0.01187655 -0.13366017
v 0.02821803 0.01133495 -0.13232577
v 0.03277239 0.01182314 -0.13212258
v -0.16595104 -0.04646365 -0.02421828
v -0.12636134 -0.04929645 -0.03450970
v -0.13285618 -0.04694515 -0.00827094
v -0.17471184 -0.04840434 -0.05609286
v -0.14646222 -0.05063587 -0.06439278
v -0.13716057 -0.05034900 -0.05184405
v -0.18222043 -0.04919230 -0.08010618
v -0.18776874 -0.04994257 -0.11663952
v -0.19993509 -0.05010211 -0.13155466
v -0.19667131 -0.04601689 -0.07256258
v -0.17762330 -0.04612283 -0.03109384
v -0.16341987 -0.04286785 0.01340590
v -0.12047873 -0.04640852 0.01174711
v -0.14546017 -0.04252523 0.03501973
v -0.10777779 -0.04634192 0.03729285
v 0.04348576 0.14346154 -0.20425139
v 0.03712730 0.13325608 -0.19990920
v 0.04656728 0.13394375 -0.19549610
v -0.01698487 0.10239595 -0.19352324
v -0.02173441 0.09627671 -0.19150026
v -0.00514174 0.09264032 -0.18874729
v -0.00162929 0.10617380 -0.19290362
v -0.01539807 0.08982892 -0.18895502
v 0.02562700 0.09717377 -0.18908349
v 0.02297599 0.10226923 -0.19050229
v -0.04279840 0.09654523 -0.19183099
v -0.04191577 0.10703808 -0.19583383
v -0.01747418 0.11256265 -0.19818206
v -0.00688145 0.11034331 -0.19635439
v 0.00002182 0.12139637 -0.20031549
v -0.07950749 0.12662525 -0.20284414
v -0.06215018 0.10862234 -0.19528741
v -0.07337198 0.09898651 -0.19144234
v -0.05599093 0.11660393 -0.19842726
v -0.07636258 0.11691979 -0.19719128
v -0.07908757 0.12278851 -0.20096633
v -0.07434198 0.10789765 -0.19378293
v -0.11283280 0.11725156 -0.19670278
v -0.11373825 0.10727835 -0.19292498
v -0.13261576 0.11524664 -0.19593625
v -0.13325456 0.12513687 -0.20224530
v 0.00645287 0.08392332 -0.18284048
v -0.00062101 0.07787678 -0.17997548
v 0.02511181 0.12848796 -0.20460449
v 0.01547202 0.07733266 -0.17764212
v 0.03053019 0.08627882 -0.17983115
v 0.02798433 0.09308769 -0.18610518
v 0.00695864 0.11602415 -0.19614652
v 0.02683712 0.12541945 -0.20225354
v 0.02934572 0.11437352 -0.19206490
v 0.02598985 0.06638872 -0.17302354
v -0.00036303 0.06499431 -0.17434321
v -0.01417064 0.07224683 -0.17976256
v -0.01683950 0.05861739 -0.17197075
v -0.02877101 0.06621997 -0.17678207
v -0.05287583 0.05436144 -0.17084375
v -0.02102263 0.04279790 -0.16303833
v -0.05427972 0.04360658 -0.16525190
v -0.07121441 0.06532738 -0.17719938
v -0.08885735 0.05369169 -0.17263101
v -0.08586161 0.04563570 -0.16877727
v -0.10112768 0.06476722 -0.17692320
v -0.06783666 0.03217687 -0.16103770
v -0.04800356 0.03231188 -0.16099463
v -0.02664594 0.03014648 -0.15814717
v 0.01015757 0.03381070 -0.15648952
v -0.08265951 0.03543909 -0.16289349
v -0.07903922 0.02722818 -0.15811904
v -0.10087952 0.04966411 -0.17277636
v -0.11797815 0.05343804 -0.17311917
v -0.12986085 0.06301825 -0.17665273
v -0.11999107 0.04418272 -0.16927174
v -0.12871431 0.03633419 -0.16509716
v -0.13193278 0.05025291 -0.17314260
v -0.14659713 0.04264620 -0.16997878
v -0.18074381 0.05056873 -0.17291439
v -0.15743287 0.06359742 -0.17666817
v -0.16562226 0.03723169 -0.16791396
v -0.14814742 0.03423548 -0.16571058
v -0.16052124 0.02678491 -0.16422603
v -0.16765203 0.02940986 -0.16550778
v -0.17275989 0.02481998 -0.16359837
v -0.17580745 0.06569723 -0.17688915
v -0.05242685 0.02231216 -0.15857656
v -0.07309029 0.02130559 -0.15744853
v -0.07511678 0.01530388 -0.15416306
v -0.03793959 0.02217203 -0.15793368
v -0.03607206 0.01720529 -0.15517519
v -0.02958281 0.02229226 -0.15552126
v -0.09413084 0.02993953 -0.15856178
v -0.00742497 0.04345569 -0.16136548
v -0.00821458 0.05394049 -0.16781250
v 0.01873050 0.04358422 -0.15769960
v 0.00744028 0.04912995 -0.16122764
v 0.03127073 0.05389703 -0.16039769
v 0.04308553 0.04961445 -0.15755454
v 0.04519133 0.04180139 -0.15337427
v 0.07269163 0.04832946 -0.15579440
v 0.07436243 0.05160133 -0.15738104
v 0.02127130 0.03459758 -0.15353325
v 0.05012342 0.06290668 -0.16134056
v 0.07331308 0.05536293 -0.15751657
v 0.03542620 0.02813286 -0.14744045
v 0.06911533 0.03443622 -0.14506277
v 0.02369065 0.02420300 -0.14730567
v 0.07297221 0.02728966 -0.14190264
v 0.06108193 0.01959034 -0.14243852
v 0.04114882 0.08520782 -0.17703873
v 0.03485300 0.07683248 -0.17437986
v 0.05997541 0.08113267 -0.17331603
v 0.03839596 0.01704277 -0.14171784
v -0.12679371 0.07305829 -0.18343920
v -0.13766436 0.07362063 -0.18362974
v -0.13052790 0.08713169 -0.18902311
v -0.14437406 0.08360628 -0.18902577
v -0.15752818 0.07406614 -0.18541948
v -0.16515261 0.08107195 -0.18872672
v 0.04671768 0.09700810 -0.18059506
v 0.00293015 0.05587087 -0.16655384
v -0.01151450 0.08095580 -0.18426247
v 0.07263858 0.08736282 -0.17353554
v 0.02767267 0.11926364 -0.19567417
v -0.01817160 0.02529781 -0.15374860
v 0.00465957 0.02183373 -0.14846061
v 0.02943488 0.01625206 -0.14131865
v 0.01606390 0.01263180 -0.14227378
v -0.14966011 0.02745732 -0.16198362
v -0.13954268 0.03093086 -0.16172305
v 0.05546842 0.09404076 -0.17691442
v 0.05267284 0.07270370 -0.16835712
v 0.07344258 0.07880024 -0.17021182
v 0.07321374 0.08321691 -0.17306672
v -0.07885260 0.07486827 -0.18467952
v -0.11803441 0.08113396 -0.18863034
v -0.06456432 0.08139599 -0.18880537
v -0.04319424 0.07523794 -0.18493189
v -0.02199219 0.08130568 -0.18867041
v -0.02053010 0.07819607 -0.18659230
v -0.05834934 0.08569846 -0.18994084
v 0.04067434 0.06767600 -0.16649994
v 0.02832796 0.05714225 -0.16357507
v -0.08643625 0.01552932 -0.15229979
v -0.12389325 0.09047731 -0.19026507
v -0.18465140 0.04804034 -0.17081299
v -0.16838366 0.07002807 -0.18060380
v -0.13634643 0.09923428 -0.19234501
v 0.02714154 0.06344060 -0.17058568
v 0.02035550 0.13494696 -0.20607676
v -0.18442400 0.03931737 -0.16560504
v 0.04815769 0.01564240 -0.14148840
v 0.06689420 0.10239246 -0.17648847
v -0.15751050 0.08939824 -0.19015314
v -0.08693354 0.01133480 -0.14931652
v -0.09545663 0.01679387 -0.15314789
v -0.09582856 0.00764306 -0.14939228
v -0.07264269 0.00451208 -0.14570870
v -0.04996249 0.00446393 -0.14534751
v -0.06022998 0.01131868 -0.14942583
v -0.03241679 0.01337267 -0.14948714
v -0.02558165 0.00976493 -0.14568135
v -0.00174949 0.00271048 -0.14225560
v -0.01319318 0.02209287 -0.15024833
v 0.01131508 0.00571127 -0.14175949
v 0.00306840 -0.00405755 -0.13864060
v 0.01195151 0.00034991 -0.13918458
v -0.10515874 0.01164793 -0.15417051
v -0.17213684 0.07725221 -0.18460862
v 0.03420842 0.10735708 -0.18939355
v 0.04171646 0.11983220 -0.19257814
v 0.05760220 0.11326943 -0.18903303
v 0.03444792 0.12419031 -0.19632578
v 0.04284481 0.09957001 -0.18325350
v 0.06061569 0.10887778 -0.18499084
v -0.18205021 0.07354482 -0.17912880
v -0.18573533 0.05720533 -0.17344157
v -0.19660316 0.06604298 -0.17441803
v 0.04118300 0.01167401 -0.13765065
v 0.07230284 0.10478602 -0.17561965
v 0.06309392 0.10603787 -0.18007018
v -0.04116588 -0.01122178 -0.14207861
v -0.07586376 -0.00673662 -0.14418495
v -0.07777180 -0.01343632 -0.14192741
v -0.00589740 -0.01082175 -0.14209668
v -0.10609353 -0.00834197 -0.14844677
v -0.10481339 -0.00203967 -0.15005985
v -0.11593794 -0.01113239 -0.14830038
v -0.12452512 0.00218917 -0.15682147
v -0.14323771 -0.00743059 -0.15503256
v -0.15435401 -0.00474761 -0.15788946
v -0.15282519 -0.01348907 -0.15389691
v -0.14244376 0.00932723 -0.16033264
v -0.15853441 0.00101274 -0.15936381
v -0.12012333 0.00884036 -0.15768477
v -0.15240964 0.01709192 -0.16210833
v -0.17243488 0.01142030 -0.16183080
v 0.05808133 0.13523014 -0.19222824
v 0.05245675 0.14331964 -0.19759046
v 0.06205926 0.12444980 -0.18951370
v 0.07344218 0.12938574 -0.18895885
v 0.06531424 0.11994131 -0.18516004
v 0.07043699 0.14586030 -0.19160238
v 0.07793248 0.02987827 -0.14097923
v 0.07708354 0.03921233 -0.14653884
v 0.09001233 0.03534341 -0.14143138
v 0.08154334 0.04460417 -0.14752796
v 0.09781162 0.04525617 -0.14205870
v -0.11821452 0.03004926 -0.15806741
v 0.07361582 0.07083473 -0.16046578
v 0.06314355 0.06259533 -0.15954916
v 0.07865210 0.06120409 -0.15682732
v 0.08034161 0.07482282 -0.16052879
v 0.08324583 0.05717456 -0.15308972
v -0.09344083 0.02394739 -0.15356506
v 0.06103500 0.15036923 -0.19853523
v 0.04717026 0.15178598 -0.20436005
v 0.05403795 0.15670092 -0.20442702
v 0.07290109 0.15990748 -0.20437916
v 0.06765268 0.16453835 -0.20608220
v 0.04807036 0.15962833 -0.20544557
v 0.03905595 0.14984636 -0.20605405
v 0.07733582 0.09518276 -0.17360525
v 0.08853883 0.09928699 -0.17376003
v 0.08234561 0.08968590 -0.16885558
v 0.01020964 -0.00889924 -0.13231356
v -0.19230343 0.03171134 -0.16117878
v -0.13980044 0.01654626 -0.16077575
v 0.09698775 0.05500837 -0.14449546
v 0.07585122 0.12630296 -0.18567465
v 0.07506212 0.15255538 -0.19577125
v 0.07816103 0.17155738 -0.20461489
v 0.03206640 0.13851990 -0.20438917
v -0.13829768 0.11244061 -0.19440112
v -0.15374996 0.11007410 -0.19163889
v 0.06990659 0.11457998 -0.17698389
v -0.14794879 0.02173795 -0.16173244
v 0.06272748 0.17961195 -0.20710860
v 0.05877790 0.18273456 -0.21077864
v 0.08076856 0.18173565 -0.20566034
v 0.08891387 0.17743406 -0.20395711
v 0.05263397 0.17928602 -0.20729344
v 0.07582574 0.19224513 -0.20722449
v 0.06685524 0.19119546 -0.21095735
v 0.07781274 0.13959907 -0.18889949
v 0.08675231 0.14416285 -0.18899998
v 0.08047116 0.15448081 -0.19293173
v 0.08349854 0.11631751 -0.17412151
v 0.08138484 0.13684149 -0.18518931
v -0.11966317 0.01349958 -0.15789735
v 0.09689794 0.03799784 -0.13783450
v 0.08184054 0.16736688 -0.19965990
v 0.07965012 0.13314340 -0.18356746
v 0.07518125 0.11968338 -0.17612253
v 0.07899474 0.12358298 -0.17603007
v -0.11197287 0.02684977 -0.15247791
v -0.10523707 0.02144909 -0.15237553
v -0.11814097 0.02525350 -0.15118906
v 0.07661381 0.15704508 -0.20054388
v -0.17117816 0.09287357 -0.18897864
v -0.16696867 0.10293031 -0.19051304
v -0.18061300 0.09686631 -0.18868054
v -0.19816428 0.09930720 -0.18874969
v -0.18656133 0.09011238 -0.18443006
v -0.19852129 0.09429116 -0.18593271
v -0.17964110 0.08494206 -0.18389829
v -0.17910179 0.11304279 -0.19055516
v -0.19105598 0.11381856 -0.19001555
v -0.18526831 0.11955143 -0.19212370
v -0.19682741 0.12060251 -0.19124307
v -0.17854792 0.11906019 -0.19138858
v -0.17510119 0.12137712 -0.19150364
v -0.17031607 0.11841601 -0.18998572
v -0.13712412 0.12228943 -0.19916585
v -0.14259927 0.11662260 -0.19405960
v -0.19174452 0.08016191 -0.17783584
v -0.19434017 0.08833880 -0.18045962
v 0.02054711 0.00770526 -0.13762060
v 0.02355296 0.01335790 -0.13926157
v 0.06816740 0.19778402 -0.21531063
v 0.08955319 0.19630578 -0.20368911
v 0.07384723 0.00725755 -0.14225006
v 0.05374072 0.00561546 -0.14217232
v 0.04895806 0.00347436 -0.13967605
v 0.07495871 0.00199866 -0.13998121
v 0.05307059 0.00036219 -0.13927543
v 0.07761882 0.19743559 -0.21010906
v 0.00154093 -0.01125243 -0.13614354
v -0.20072405 0.06767813 -0.17347381
v -0.10765332 0.01829823 -0.15413402
v 0.08417802 0.08368599 -0.16095556
v 0.08974741 0.13335882 -0.17261741
v 0.09070443 0.10421939 -0.17307575
v 0.08291399 0.13218951 -0.17565362
v 0.07747902 0.00702672 -0.14012416
v -0.13049005 0.02629102 -0.15316117
v 0.02166051 -0.00001878 -0.13287392
v 0.01840630 -0.00759354 -0.13080773
v 0.03005418 -0.00667559 -0.12987879
v 0.02094852 -0.01586881 -0.12620929
v 0.04991976 -0.00845996 -0.12968324
v 0.05329062 -0.01388337 -0.12689918
v 0.06426446 -0.00998570 -0.12971725
v 0.07470381 -0.01889095 -0.12740301
v 0.07601303 -0.00841201 -0.13013776
v 0.08743462 -0.00950717 -0.12875220
v 0.09169941 -0.01962967 -0.12575236
v 0.10516135 -0.00584280 -0.12678486
v 0.07152580 -0.00244742 -0.13427481
v 0.05545778 -0.00403733 -0.13360243
v 0.04081235 -0.00532654 -0.13028727
v 0.04435669 -0.00008731 -0.13285914
v 0.07997026 0.00311026 -0.13399911
v 0.11465528 -0.01286785 -0.12475485
v 0.09916361 -0.01944893 -0.12519559
v 0.08850285 -0.02446744 -0.12468084
v 0.08654933 0.00356052 -0.13023572
v 0.08144219 -0.02664333 -0.12228777
v 0.10695297 0.00052735 -0.12707773
v 0.03791459 0.00683886 -0.13134082
v 0.09400395 0.00791996 -0.12847862
v 0.03205973 0.00622078 -0.13022503
v 0.08619943 0.13614894 -0.17691723
v -0.19516702 0.04437734 -0.16265130
v 0.07777435 0.08489358 -0.17050324
v 0.07653347 0.08034167 -0.17033897
v 0.09803717 -0.03657554 -0.12652157
v 0.09067839 -0.04143693 -0.12187011
v 0.10308165 -0.03069719 -0.12705477
v -0.19860204 0.05725396 -0.16742802
v 0.07750717 0.07727110 -0.16466354
v 0.04766612 0.18559012 -0.21586722
v 0.05955645 0.18720739 -0.21610186
v 0.05754899 0.19126655 -0.21994022
v 0.04187810 0.19098806 -0.21939223
v 0.05405696 0.19753647 -0.22069101
v 0.06140263 0.20010610 -0.21989463
v 0.06632353 0.20395146 -0.21942106
v 0.08325236 0.20346479 -0.21669294
v 0.08071598 0.20712267 -0.21995659
v -0.14019726 0.02756209 -0.15755917
v -0.14207645 0.02447901 -0.15814163
v 0.08772016 0.05647753 -0.14871305
v 0.08869369 0.16549623 -0.18899211
v -0.11408927 0.02216665 -0.15185601
v 0.08118245 -0.04337070 -0.11566772
v 0.07545352 -0.03746611 -0.11464447
v 0.08783844 -0.04902665 -0.11525435
v -0.12054711 0.01781133 -0.15729807
v -0.20040320 0.08292734 -0.17441568
v 0.07751730 -0.02782428 -0.11903752
v -0.17857534 0.12554532 -0.20152512
v 0.09415482 -0.05279788 -0.11179075
v 0.09755623 -0.05762024 -0.11000552
v -0.19938108 0.04965327 -0.16131131
v -0.12901004 0.02357800 -0.15358755
v -0.16049397 0.11866245 -0.18960167
v -0.14768349 0.11993281 -0.19164389
v 0.08455828 0.16311340 -0.19222374
v -0.19704501 0.12434129 -0.19839579
v -0.20015480 0.12686127 -0.20252961
v -0.17833281 0.13048014 -0.20449018
v -0.19831154 0.13057883 -0.20481746
v -0.19793282 0.14999953 -0.20414588
v -0.17776395 0.15041310 -0.20358910
v -0.17815888 0.12360682 -0.19715755
v 0.03434348 0.18202601 -0.21435983
v -0.15874594 -0.02844168 -0.15404400
v -0.15618241 -0.03345698 -0.15028793
v -0.15052088 -0.02856182 -0.14859238
v 0.10909830 -0.00582602 -0.06473466
v 0.11061090 -0.01345384 -0.06482394
v 0.10620684 -0.01175795 -0.07331008
v 0.12084215 -0.00657271 -0.04985167
v 0.12024690 -0.00670119 -0.04589059
v 0.11541319 -0.01237202 -0.06009806
v 0.12031426 -0.01985285 -0.05746864
v 0.11514216 -0.02362757 -0.07045010
v 0.11132608 -0.02429799 -0.08059147
v 0.11911505 -0.02629602 -0.06477000
v 0.11123823 -0.05123934 -0.08688239
v 0.10657081 -0.05474650 -0.09543046
v 0.11103986 -0.05586411 -0.08976906
v 0.10239477 -0.05636888 -0.10052709
v 0.11791608 -0.05476024 -0.07966437
v 0.11857735 -0.04725103 -0.06656168
v 0.12256309 -0.04046952 -0.05304420
v 0.11846894 -0.03986644 -0.05959726
v 0.11624672 -0.04428091 -0.06929070
v 0.11530666 -0.03141373 -0.06533827
v 0.12144509 -0.02908749 -0.04622005
v 0.11603544 -0.02362771 -0.05709941
v 0.11486522 -0.04921639 -0.07696813
v 0.12583591 -0.02892271 -0.03567750
v 0.12887233 -0.02336109 -0.01834790
v 0.13430032 -0.02176420 0.03215170
v 0.12466808 -0.02287727 -0.03273126
v 0.11671606 -0.01415174 -0.05127147
v 0.10874027 -0.01135339 -0.06186615
v 0.11498387 -0.00211717 -0.04990458
v 0.10023157 -0.00264466 -0.06865906
v 0.09086881 -0.00673535 -0.08106645
v 0.09523131 -0.01628418 -0.08208226
v 0.08767014 -0.01722665 -0.08795492
v 0.10105230 -0.01648381 -0.07684758
v 0.11408360 -0.04741645 -0.08095964
v 0.12064777 -0.01935673 -0.04529685
v 0.17190023 -0.19621505 0.40999365
v 0.14977330 -0.17488417 0.41903052
v 0.15760803 -0.21346380 0.42037386
v 0.17074418 -0.21645464 0.41286665
v 0.17030251 -0.26335707 0.41968432
v 0.18399908 -0.26009142 0.41153517
v 0.18512677 -0.23668256 0.40827245
v 0.18531168 -0.29451653 0.41703126
v 0.15181035 -0.22134502 0.42558286
v 0.15984918 -0.26467139 0.42699933
v 0.17177233 -0.30617675 0.42771846
v 0.14265841 -0.18885992 0.42653650
v 0.18237425 -0.33636311 0.42866898
v 0.16836232 -0.33523795 0.43669569
v 0.18158442 -0.34898001 0.43077302
v 0.15805860 -0.33499357 0.44379625
v 0.15263525 -0.29008541 0.43878201
v 0.14548185 -0.31441554 0.44928244
v 0.16795234 -0.34985968 0.43830174
v 0.13929796 -0.12118717 0.41931951
v 0.12647149 -0.12334409 0.42921343
v 0.13400562 -0.14647353 0.42697203
v 0.11888973 -0.10944422 0.43148863
v 0.12974000 -0.09099384 0.42048508
v 0.11707527 -0.13423494 0.43899065
v 0.11924544 -0.15499018 0.44263789
v 0.12787761 -0.16751477 0.43721071
v 0.11646196 -0.16910490 0.44823077
v 0.13675880 -0.20339376 0.43534663
v 0.14877005 -0.25998962 0.43537340
v 0.12302265 -0.29998407 0.46597514
v 0.12124560 -0.31247222 0.46943852
v 0.10139622 -0.31331527 0.48391548
v 0.10608918 -0.32940406 0.48381796
v 0.11725052 -0.33197573 0.47633716
v 0.12632854 -0.32991305 0.46915820
v 0.10214211 -0.29460588 0.48137176
v 0.14241295 -0.23818117 0.43735585
v 0.13385803 -0.28089312 0.45402551
v 0.10570458 -0.26303354 0.47632399
v 0.11267821 -0.25977957 0.47081161
v 0.12230659 -0.27122870 0.46349990
v 0.10991533 -0.24436288 0.47069606
v 0.11468028 -0.23817430 0.46566391
v 0.11476384 -0.18579978 0.45464522
v 0.12792371 -0.24930258 0.45434049
v 0.12431811 -0.23208706 0.45529741
v 0.11499056 -0.21114953 0.46027586
v 0.11960962 -0.19650547 0.45272604
v 0.11805318 -0.09301745 0.42803511
v 0.11838452 -0.06964275 0.42309749
v 0.14639711 -0.35354176 0.45283780
v 0.16631266 -0.35032147 0.43877530
v 0.13059552 -0.05405707 0.41338405
v 0.13807040 -0.07835476 0.41403389
v 0.12950568 -0.34172726 0.46593657
v 0.09136721 -0.31835413 0.49014074
v 0.09050369 -0.33232436 0.49275631
v 0.09540559 -0.31056800 0.48730862
v 0.09970971 -0.29118457 0.48191413
v 0.11692111 -0.15427963 0.44371945
v 0.10144068 -0.33924523 0.48692024
v 0.10934954 -0.34554532 0.48095533
v 0.15544094 -0.12481038 0.41102254
v 0.15261132 -0.10157094 0.41059807
v 0.14622517 -0.08232790 0.41129574
v 0.19186191 -0.34786195 0.42578799
v 0.20253003 -0.33221111 0.41893420
v 0.20035253 -0.34475490 0.42147949
v 0.19447336 -0.30536664 0.41577497
v 0.14200053 -0.06275056 0.40991646
v 0.14125440 -0.04641629 0.40646154
v 0.09824644 -0.36320370 0.48659253
v 0.12058759 -0.35787082 0.47015214
v 0.10811814 -0.36255270 0.47910029
v 0.11819721 -0.04226026 0.41553202
v 0.08488594 -0.32124147 0.49324343
v 0.18748061 -0.21482687 0.40533897
v 0.08831284 -0.36410666 0.49178383
v 0.08614395 -0.34366089 0.49420995
v 0.17536199 -0.13676469 0.40402409
v 0.19386405 -0.28408563 0.41199404
v 0.18611525 -0.17268938 0.40320641
v 0.19350384 -0.26437294 0.40950078
v 0.17564934 -0.09769553 0.40205303
v 0.17031401 -0.07547932 0.40223181
v 0.16401942 -0.04908933 0.40032196
v 0.18761311 -0.07528357 0.39651510
v 0.19803062 -0.05837242 0.39025119
v 0.20495170 -0.09036000 0.39142686
v 0.19732156 -0.10854208 0.39677337
v 0.20381568 -0.14597513 0.39800125
v 0.19417349 -0.19060789 0.40296245
v 0.22185175 -0.15371968 0.39197049
v 0.22447938 -0.12148891 0.38627410
v 0.22761074 -0.14790221 0.38828614
v 0.23367241 -0.18821152 0.38955650
v 0.21874610 -0.08040328 0.38379666
v 0.21380575 -0.06066245 0.38482407
v 0.21599537 -0.05195744 0.38173953
v 0.20823060 -0.04656067 0.38463396
v 0.21355642 -0.03686363 0.37904838
v 0.23172031 -0.19108640 0.39187926
v 0.22302853 -0.20851737 0.39866459
v 0.23664677 -0.20955735 0.39133543
v 0.23295836 -0.23565684 0.39701462
v 0.22575277 -0.24108532 0.40181530
v 0.23917402 -0.28485805 0.39985657
v 0.22824591 -0.28039852 0.40490323
v 0.23330879 -0.30989408 0.40691856
v 0.24496312 -0.31093976 0.39982861
v 0.24997820 -0.33850440 0.40053037
v 0.23460290 -0.33771396 0.40895075
v 0.24285057 -0.25107822 0.39245728
v 0.24118212 -0.22949179 0.39045063
v 0.21063837 -0.18989378 0.40086684
v 0.22023796 -0.25747284 0.40561819
v 0.20998929 -0.22717157 0.40559801
v 0.18833959 -0.04711745 0.39104816
v 0.21821129 -0.28656948 0.40891162
v 0.25561339 -0.33561140 0.39546269
v 0.21886475 -0.32126728 0.41260764
v 0.21144122 -0.34198341 0.41762236
v 0.23040296 -0.34254527 0.41075838
v 0.07503448 -0.32466319 0.49675956
v 0.06750630 -0.32992971 0.49982813
v 0.11305784 -0.21192490 0.46104020
v 0.11044113 -0.23186187 0.46595141
v 0.10842641 -0.24228811 0.47038576
v 0.24816447 -0.28897694 0.39247456
v 0.07706123 -0.34257653 0.49718413
v 0.20372336 -0.30662066 0.41343898
v 0.16787380 -0.03485059 0.39388785
v 0.15411268 -0.03718594 0.39913073
v 0.25220311 -0.30440408 0.39121786
v 0.20461778 -0.17702061 0.40078434
v 0.18363585 -0.03792503 0.38911492
v 0.19661400 -0.03685962 0.38460225
v 0.12915793 -0.03482254 0.40675038
v 0.14062443 -0.03770517 0.40321973
v 0.07726230 -0.36571324 0.49544373
v 0.11659797 -0.11586486 0.43346298
v 0.06568118 -0.36607581 0.49894825
v 0.21050869 -0.26538721 0.40843388
v 0.24543393 -0.25059298 0.38951188
v 0.20497215 -0.28332770 0.41004443
v 0.19410858 -0.23793541 0.40696278
v 0.06526812 -0.34395227 0.49955723
v 0.25011510 -0.28361216 0.38900986
v 0.16931519 -0.03343744 0.39128262
v 0.22631031 -0.12748545 0.38538349
v 0.14552866 -0.03402864 0.39860880
v 0.24881080 -0.26904157 0.38801748
v 0.19897918 -0.21471207 0.40441903
v 0.21167143 -0.34472173 0.41672188
v 0.05381353 -0.36234176 0.50045562
v 0.22923133 -0.14695111 0.38584173
v 0.05408106 -0.33363783 0.50025964
v 0.11682069 -0.06206232 0.42104062
v 0.25584611 -0.32068479 0.39046192
v 0.06729584 -0.32560068 0.49772400
v 0.22242649 -0.10667744 0.38423148
v 0.15776825 -0.03389380 0.39568445
v 0.12176813 -0.03502290 0.40884173
v 0.25284976 -0.30429924 0.38835874
v 0.05181561 -0.33226672 0.49781018
v 0.12241331 -0.35864663 0.46748796
v 0.24333049 -0.23800568 0.38828686
v 0.11490136 -0.17453584 0.44997919
v 0.12947191 -0.03270318 0.40271169
v 0.13713340 -0.03320901 0.39951551
v 0.23963524 -0.22175534 0.38845330
v 0.23263037 -0.17718777 0.38718137
v 0.15203723 -0.03577081 0.39673540
v 0.23637681 -0.20873727 0.38983935
v 0.09179930 -0.36490652 0.48922035
v 0.11715146 -0.08463801 0.42439079
v 0.11715991 -0.10349724 0.42898110
v 0.11354048 -0.21117501 0.45870757
v 0.11475211 -0.18558158 0.45164934
v 0.11635356 -0.16265503 0.44468766
v 0.11630028 -0.13904183 0.43851212
v 0.11678895 -0.15238398 0.44111100
v 0.11683301 -0.11885215 0.43248415
v 0.05023445 -0.34472939 0.49931541
v 0.05239889 -0.36517251 0.49815777
v 0.05172027 -0.36150396 0.49686691
v 0.05031975 -0.34450638 0.49702895
v 0.23230493 -0.19561346 0.38842314
v 0.23592123 -0.21182926 0.38845605
v 0.22892536 -0.16798952 0.38602141
v 0.22542389 -0.13756430 0.38510093
v 0.21935895 -0.11379885 0.38413534
v 0.21371040 -0.08827962 0.38358313
v 0.21426696 -0.05886930 0.38082141
v 0.11686078 -0.04401113 0.41461289
v 0.10536982 -0.25930792 0.47423103
v 0.10327826 -0.26914826 0.47727072
v 0.10824606 -0.24293704 0.46887460
v 0.09737170 -0.30608088 0.48318377
v 0.07970706 -0.36441290 0.49370292
v 0.18454276 -0.03250082 0.38388783
v 0.17748822 -0.03285126 0.38694432
v 0.19368559 -0.03363676 0.38234663
v 0.19913031 -0.03561489 0.38080508
v 0.19964081 -0.34419826 0.42029640
v 0.19364205 -0.33443177 0.41927892
v 0.21891040 -0.33084336 0.40956199
v 0.19751705 -0.32022110 0.41266307
v 0.18356974 -0.32516462 0.42057359
v 0.23642012 -0.32293418 0.40078801
v 0.24511640 -0.33878720 0.40162447
v 0.17305361 -0.33650002 0.43102631
v 0.21914627 -0.31512457 0.40467110
v 0.20367652 -0.30633461 0.40677536
v 0.18926749 -0.29221538 0.40862328
v 0.23353779 -0.30664217 0.39780954
v 0.19786611 -0.27730495 0.40306008
v 0.18855682 -0.27325153 0.40555713
v 0.17492390 -0.25530398 0.40888688
v 0.17795649 -0.21583806 0.40171450
v 0.15801792 -0.26473752 0.41956469
v 0.15895160 -0.27978638 0.42252988
v 0.15395728 -0.26699606 0.42311195
v 0.15344550 -0.23003072 0.41727152
v 0.21820430 -0.29756778 0.40153068
v 0.18112996 -0.30070701 0.41458669
v 0.24672680 -0.32171631 0.39577752
v 0.22432008 -0.34171087 0.41068667
v 0.19037803 -0.22672428 0.39880881
v 0.15636623 -0.29918426 0.43056703
v 0.14124146 -0.29251319 0.44329438
v 0.13528818 -0.31309327 0.45416537
v 0.13389257 -0.28331336 0.44918212
v 0.12071606 -0.30810219 0.46606594
v 0.15658808 -0.33038804 0.43819812
v 0.15664227 -0.33902088 0.44154724
v 0.14066184 -0.33329269 0.45506421
v 0.15107551 -0.35077456 0.44821963
v 0.13849355 -0.35373759 0.45719260
v 0.12999979 -0.33550173 0.46419609
v 0.12420821 -0.33184633 0.46897683
v 0.12215012 -0.29506359 0.46270251
v 0.12155200 -0.26871055 0.46018198
v 0.13117175 -0.25641033 0.44721261
v 0.11806190 -0.24319072 0.45999515
v 0.13191159 -0.22869323 0.44037709
v 0.14017826 -0.23657277 0.43119827
v 0.13881327 -0.20254734 0.42335373
v 0.12191246 -0.20094511 0.44666877
v 0.12410320 -0.18009281 0.43982899
v 0.13183521 -0.16142727 0.42665938
v 0.12484869 -0.13400207 0.42850888
v 0.13369983 -0.13777058 0.42119083
v 0.12443779 -0.10371284 0.42255268
v 0.13387033 -0.09744847 0.41486269
v 0.14432406 -0.16065495 0.41557267
v 0.15061373 -0.12600796 0.40805879
v 0.14694789 -0.08189919 0.40646952
v 0.14556502 -0.06425801 0.40461797
v 0.17506698 -0.06227615 0.39468017
v 0.15545815 -0.05349752 0.39934522
v 0.15355308 -0.15492952 0.40969941
v 0.17544717 -0.14781749 0.39874664
v 0.14512964 -0.20315206 0.41779360
v 0.17201939 -0.04593387 0.39257878
v 0.18419662 -0.05190747 0.39105019
v 0.17248534 -0.07920475 0.39705598
v 0.17755127 -0.11523926 0.39643523
v 0.16448629 -0.18655479 0.40560195
v 0.14598934 -0.03876108 0.39869696
v 0.19927347 -0.05077638 0.38403875
v 0.15857229 -0.11697982 0.40367374
v 0.13242745 -0.04398512 0.40551013
v 0.18881482 -0.07517152 0.39136714
v 0.13775440 -0.17262715 0.42197430
v 0.11888441 -0.21699727 0.45406207
v 0.21060108 -0.05733709 0.38113588
v 0.21020424 -0.04088559 0.37873369
v 0.12424158 -0.06432179 0.41498083
v 0.11796736 -0.06420844 0.41918847
v 0.14116642 -0.26638916 0.43584722
v 0.10470796 -0.30607074 0.47817352
v 0.20386487 -0.24900122 0.39911589
v 0.19168347 -0.20936875 0.39660642
v 0.20756948 -0.20834643 0.39548495
v 0.21497869 -0.22727560 0.39532068
v 0.22008856 -0.19499916 0.39173707
v 0.22603106 -0.23276156 0.39240071
v 0.21281993 -0.18150285 0.39153615
v 0.22174394 -0.16564429 0.38856202
v 0.20249774 -0.18091719 0.39164332
v 0.21163155 -0.16803582 0.39004457
v 0.20062312 -0.17040841 0.39004824
v 0.19994172 -0.13529789 0.38935828
v 0.19498564 -0.18405034 0.39370540
v 0.23148645 -0.28511599 0.39542395
v 0.24865037 -0.28988850 0.38804048
v 0.24421062 -0.26317292 0.38840067
v 0.23157436 -0.25506365 0.39316297
v 0.24051771 -0.23881167 0.38847399
v 0.19123040 -0.11048487 0.39177179
v 0.12949777 -0.07198291 0.41366699
v 0.09203302 -0.32149875 0.48878771
v 0.07574331 -0.32538575 0.49422371
v 0.08809080 -0.33072612 0.49132434
v 0.07475177 -0.33368975 0.49517566
v 0.08808970 -0.35964555 0.49041963
v 0.05956501 -0.34013084 0.49697810
v 0.06627333 -0.36338094 0.49632838
v 0.05357773 -0.33455282 0.49627212
v 0.10294083 -0.33700162 0.48372829
v 0.06414145 -0.32970202 0.49637106
v 0.17717704 -0.17941128 0.39915490
v 0.21453539 -0.13988425 0.38796991
v 0.24760991 -0.30821916 0.39170101
v 0.10837933 -0.35762569 0.47829947
v 0.21786132 -0.26145974 0.39761463
v 0.16476193 -0.21587200 0.40825748
v 0.16796683 -0.31454042 0.42626178
v 0.11007111 -0.32915220 0.47853813
v 0.09933488 -0.36337870 0.48430812
v 0.14506620 -0.23112164 0.42414552
v 0.20712717 -0.08058957 0.38456792
v 0.20432863 -0.11534983 0.38808459
v 0.25417534 -0.32334718 0.39091232
v 0.19950542 -0.09135216 0.38806716
v 0.18340379 -0.20804664 0.39864889
v 0.18505150 -0.15103582 0.39508572
v -0.31901994 -0.35380560 -0.49781626
v -0.31273928 -0.34982428 -0.49809450
v -0.30348122 -0.36615044 -0.49941611
v -0.32152140 -0.36620104 -0.49842691
v -0.30276841 -0.35055429 -0.49853563
v -0.30080512 -0.36035791 -0.49847284
v -0.31841645 -0.34787604 -0.49422318
v -0.32146949 -0.35041106 -0.49403453
v -0.31449991 -0.34981561 -0.49032587
v -0.32074583 -0.35377139 -0.49012485
v -0.30535334 -0.35399687 -0.49025744
v -0.31327102 -0.36652380 -0.48902774
v -0.30323470 -0.36539403 -0.49010426
v -0.32075089 -0.36551064 -0.48984537
v -0.30311623 -0.35033566 -0.49357447
v -0.30774993 -0.34809133 -0.49425644
v -0.32178700 -0.36728659 -0.49491295
v -0.30271339 -0.36748180 -0.49527043
v -0.31374004 -0.36967665 -0.49445915
f 4361 3010 3011
f 4439 4458 3010
f 4439 3010 4361
f 3010 3008 3011
f 4458 1215 3010
f 1215 1202 1206
f 1215 1206 3010
f 4363 4438 4362
f 4362 4438 4439
f 4362 4439 4359
f 4359 4439 4361
f 1220 4458 4439
f 4438 1220 4439
f 1220 1201 4458
f 1201 1215 4458
f 1201 1202 1215
f 1201 1178 1202
f 1202 1183 1206
f 4433 4434 4363
f 4363 4362 4358
f 4358 4362 4359
f 4434 1214 4438
f 4434 4438 4363
f 4438 1214 1220
f 1214 1200 1220
f 1220 1200 1201
f 1200 1178 1201
f 1178 1183 1202
f 1183 1178 1172
f 1183 1172 1174
f 4430 4432 4433
f 4430 4433 4356
f 4356 4433 4357
f 4432 4434 4433
f 1219 1214 4432
f 4432 1214 4434
f 1219 1204 1214
f 1204 1199 1214
f 1204 1181 1199
f 1199 1200 1214
f 1199 1178 1200
f 1178 1170 1172
f 1173 1174 1172
f 1173 1175 1174
f 1175 1216 1174
f 4354 4422 4430
f 4354 4430 4355
f 4355 4356 2999
f 4422 4431 4430
f 4430 4431 4432
f 1213 1219 4431
f 4431 1219 4432
f 1213 1203 1204
f 1213 1204 1219
f 1181 1178 1199
f 1178 1167 1170
f 1170 1171 1172
f 1172 1171 1173
f 4419 4422 4352
f 4352 4422 4354
f 4352 4354 3006
f 4420 4421 4419
f 4419 4421 4422
f 4422 4421 4431
f 4420 4466 4421
f 4466 1212 4421
f 4421 1212 1213
f 4421 1213 4431
f 1212 1197 1203
f 1212 1203 1213
f 1203 1179 1204
f 1204 1179 1181
f 1179 1166 1181
f 1166 1167 1181
f 1181 1167 1178
f 1167 1169 1170
f 1170 1169 1171
f 1171 374 1173
f 1173 374 1175
f 1175 370 1216
f 4353 4419 4352
f 4353 4352 4351
f 4418 4428 4420
f 4418 4420 4419
f 4476 4466 4428
f 4428 4466 4420
f 4476 1208 4466
f 1208 1212 4466
f 1208 1197 1212
f 1197 1179 1203
f 1179 1163 1166
f 1166 1163 1165
f 1166 1165 1167
f 1168 1169 1167
f 1169 1192 1171
f 1192 381 1171
f 1171 381 374
f 1175 374 370
f 4350 4349 4419
f 4416 4418 4349
f 4349 4418 4419
f 4416 4429 4418
f 4418 4429 4428
f 4467 1209 4429
f 1209 4476 4429
f 4429 4476 4428
f 1209 1207 4476
f 4476 1207 1208
f 1207 1197 1208
f 1197 1157 1176
f 1197 1176 1179
f 1176 1177 1179
f 1179 1177 1163
f 1163 1164 1165
f 1165 1168 1167
f 1168 3233 1169
f 1169 3233 1192
f 3233 381 1192
f 4417 4349 4346
f 4346 4349 2997
f 4417 4416 4349
f 2995 2996 379
f 4415 4436 4416
f 4416 4436 4429
f 4459 4436 4415
f 4459 4467 4436
f 4436 4467 4429
f 4467 1211 1209
f 1209 1198 1207
f 1198 1197 1207
f 1198 1157 1197
f 1157 1161 1176
f 1176 1161 1177
f 1161 1162 1163
f 1177 1161 1163
f 1163 1162 1164
f 1164 1191 1165
f 1191 3229 1165
f 1165 3229 1168
f 3229 3233 1168
f 4413 4416 4348
f 4348 4416 4417
f 4348 4417 4345
f 4345 4346 4343
f 4414 4415 4413
f 4413 4415 4416
f 4414 4459 4415
f 4459 1210 4467
f 1210 1211 4467
f 1211 1186 1198
f 1211 1198 1209
f 1198 1180 1157
f 1157 1159 1161
f 1161 1160 1162
f 1162 1160 1184
f 1162 1184 1164
f 1184 1191 1164
f 4364 4368 4348
f 4364 4348 4347
f 4387 4413 4368
f 4368 4413 4348
f 4348 4345 4347
f 4347 4345 4344
f 4387 4414 4413
f 2016 2005 2006
f 2016 2006 2018
f 2018 2006 2021
f 2018 2021 4545
f 4455 4459 4414
f 2018 4545 4543
f 2018 4543 4544
f 4474 4459 4455
f 4474 1218 4459
f 4544 4543 4548
f 4544 4548 4547
f 4459 1218 1210
f 1210 1186 1211
f 1186 1180 1198
f 1180 1151 1154
f 1180 1154 1157
f 1157 1154 1156
f 1157 1156 1159
f 1156 1160 1159
f 1159 1160 1161
f 1160 3232 1184
f 3232 3225 1184
f 1184 3225 1191
f 3225 390 1191
f 4368 4364 4365
f 4386 4387 4368
f 4365 4364 4347
f 4455 4414 4387
f 1903 1914 2006
f 2005 1903 2006
f 1914 2024 2006
f 2006 2024 2021
f 4475 4217 4474
f 4475 4474 4455
f 4545 4546 4543
f 4543 4546 4548
f 4474 1217 1218
f 1218 1194 1210
f 1210 1194 1186
f 1186 1150 1180
f 1180 1150 1151
f 1182 1160 1156
f 1182 3228 1160
f 3228 3226 3232
f 1160 3228 3232
f 3232 3226 3225
f 3225 3226 369
f 4386 4385 4387
f 4386 4368 4456
f 4456 4368 4369
f 4385 4457 4387
f 4457 4455 4387
f 4457 4475 4455
f 4457 4213 4475
f 1903 1549 1914
f 1914 1549 1545
f 1914 1545 2024
f 2024 1545 4633
f 2024 4633 4632
f 2024 4632 2021
f 2021 4632 4545
f 4545 4632 4631
f 4545 4631 4546
f 4217 4233 4474
f 4546 4631 4630
f 4546 4630 4548
f 4233 1217 4474
f 1368 1366 1373
f 1217 1194 1218
f 1217 1196 1194
f 1182 3230 3228
f 3230 3227 3228
f 3228 3227 3226
f 1150 1145 1151
f 1151 1145 1152
f 1151 1152 1154
f 1154 1152 1155
f 1154 1155 1156
f 1155 1182 1156
f 4386 4456 4384
f 4385 4386 4384
f 4457 4214 4213
f 4213 4215 4475
f 1877 1495 1549
f 4218 4216 4212
f 4216 4217 4215
f 4212 4216 4215
f 4215 4217 4475
f 1549 1527 1545
f 4216 265 327
f 4216 4232 4217
f 4633 1370 4629
f 4633 4629 4632
f 4632 4629 4631
f 4216 327 4232
f 4232 4233 4217
f 1370 1368 4629
f 1368 4630 4629
f 4629 4630 4631
f 4232 1217 4233
f 327 329 4232
f 4232 329 1217
f 329 1195 1217
f 1195 1196 1217
f 3217 3231 3230
f 3230 3231 3227
f 1194 1150 1186
f 3224 3223 1152
f 3223 3217 1152
f 1152 3217 1155
f 1145 1153 1152
f 1153 3224 1152
f 4382 4384 4464
f 4384 4456 4464
f 4383 4385 4384
f 4385 4454 4457
f 4369 4370 5161
f 4212 4215 4213
f 1884 1493 1495
f 302 4216 4218
f 302 265 4216
f 1549 1495 1527
f 1527 1372 1545
f 1545 1372 4633
f 4633 1372 1370
f 258 327 265
f 1372 1369 1370
f 1370 1367 1368
f 1370 1369 1367
f 258 289 327
f 327 289 329
f 1367 1364 1366
f 1366 1364 1365
f 289 328 329
f 328 1195 329
f 3217 344 3231
f 1196 1147 1194
f 1194 1147 1150
f 1150 1127 1145
f 4383 4384 4382
f 4454 4209 4214
f 4236 4212 4210
f 4210 4212 4211
f 4236 4218 4212
f 4211 4213 4214
f 4236 260 302
f 4236 302 4218
f 1547 1517 1493
f 1493 1477 1495
f 302 260 265
f 1477 1524 1527
f 1495 1477 1527
f 1527 1524 1372
f 1372 1533 1371
f 1372 1371 1369
f 1369 1363 1367
f 258 225 289
f 1367 1363 1364
f 289 225 252
f 289 252 328
f 3218 372 3217
f 3217 372 346
f 328 252 1148
f 328 1148 1195
f 1146 1147 1196
f 1195 1146 1196
f 3224 3218 3223
f 1158 5162 1153
f 4381 4382 4442
f 4382 4464 4442
f 4454 4207 4209
f 326 4210 4206
f 4210 4209 4206
f 4464 5161 5160
f 326 260 4236
f 326 4236 4210
f 4209 4211 4214
f 1517 1484 1421
f 113 96 260
f 1517 1421 1493
f 1493 1421 1477
f 260 96 265
f 1524 1533 1372
f 1524 1525 1533
f 96 258 265
f 96 97 258
f 1369 1371 1363
f 97 225 258
f 1363 1360 1364
f 1361 1365 1364
f 252 292 1148
f 1195 1148 1146
f 1150 1147 1127
f 1127 1144 1145
f 1145 1144 1158
f 1145 1158 1153
f 4376 4382 4381
f 4376 4383 4382
f 4376 4454 4383
f 4454 4205 4207
f 4224 4206 4208
f 4224 326 4206
f 113 45 96
f 1477 1476 1524
f 1524 1476 1525
f 1525 1526 1371
f 1525 1371 1533
f 1526 1363 1371
f 1364 1360 1361
f 3218 3219 372
f 3220 3219 3218
f 4381 4442 4443
f 4453 4205 4454
f 4453 4454 4376
f 4453 4204 4205
f 4208 4206 4194
f 281 326 4224
f 281 260 326
f 281 113 260
f 1891 1481 1890
f 1481 1437 1484
f 1484 1437 1424
f 1484 1424 1421
f 1421 1476 1477
f 1476 1475 1525
f 96 46 97
f 1525 1475 1526
f 97 46 225
f 1526 1475 1358
f 1526 1358 1363
f 1363 1358 1360
f 1360 1357 1361
f 1361 1357 1362
f 3220 3221 3219
f 1148 292 1189
f 1146 1123 1147
f 1147 1123 1127
f 1127 1118 1144
f 1158 1144 5162
f 4376 4381 4375
f 4375 4381 4443
f 4453 4203 4204
f 4224 4208 4194
f 4224 282 281
f 4194 4205 4204
f 1861 1860 1863
f 113 98 36
f 113 36 45
f 45 37 96
f 1421 1416 1476
f 96 37 46
f 1360 1358 1357
f 225 53 252
f 1189 1140 1148
f 1148 1140 1146
f 1146 1140 1123
f 1123 1117 1127
f 4374 4376 4375
f 4374 4453 4376
f 4225 4194 4191
f 4191 4194 4193
f 4453 4221 4203
f 282 4224 4225
f 4225 4224 4194
f 4193 4194 4203
f 4194 4204 4203
f 282 216 281
f 281 216 113
f 1494 1482 1481
f 1481 1482 1415
f 1481 1415 1437
f 1476 1416 1475
f 1475 1416 1425
f 1475 1425 1358
f 46 53 225
f 3221 3222 391
f 259 292 252
f 252 53 259
f 1127 1117 1118
f 4375 4443 4426
f 4240 4221 4453
f 4240 4453 4374
f 4240 4197 4221
f 1862 1893 1864
f 4193 4203 4221
f 1893 1483 1494
f 1494 1483 1482
f 1424 1420 1421
f 1421 1420 1416
f 37 34 46
f 1425 1356 1358
f 1358 1356 1357
f 1357 1356 1355
f 292 310 1189
f 1118 1128 1144
f 4372 4375 4426
f 4408 4374 4377
f 4377 4374 4372
f 4372 4374 4375
f 4408 4240 4374
f 4191 4193 4192
f 4240 4196 4197
f 4193 4197 4192
f 282 276 216
f 1532 1446 1483
f 1483 1446 1423
f 216 98 113
f 1483 1423 1415
f 1483 1415 1482
f 1437 1415 1424
f 1424 1415 1420
f 36 37 45
f 259 274 292
f 292 274 310
f 1189 1137 1140
f 4372 4426 4425
f 4228 4191 4189
f 4189 4191 4190
f 4191 4192 4190
f 4190 4192 4195
f 4240 4195 4196
f 4228 276 4225
f 4228 4225 4191
f 4192 4197 4196
f 1868 1478 1532
f 216 42 98
f 1415 1423 1398
f 1420 1419 1416
f 1416 1417 1418
f 1418 1425 1416
f 1356 1354 1355
f 1355 1354 1353
f 53 106 259
f 1355 1353 4710
f 1189 310 1149
f 1189 1149 1137
f 1140 1137 1123
f 1118 1117 1112
f 1118 1112 1128
f 4408 4201 4240
f 4235 4228 4189
f 4240 4200 4195
f 276 218 216
f 1478 1402 1446
f 95 42 216
f 1446 1398 1423
f 42 36 98
f 1415 1422 1420
f 1420 1422 1419
f 36 34 37
f 1416 1419 1417
f 1418 1356 1425
f 5760 5721 5926
f 5735 5721 5760
f 5735 5711 5721
f 4371 4377 4372
f 4377 4406 4201
f 4189 4190 4188
f 4240 4201 4200
f 4235 257 4228
f 4190 4200 4188
f 257 276 4228
f 257 218 276
f 1896 1883 1479
f 1479 1402 1478
f 95 216 218
f 1419 4317 1417
f 1530 1376 1418
f 1418 1376 1356
f 1356 1376 1354
f 259 106 274
f 1137 1120 1123
f 1123 1120 1117
f 5753 5749 5765
f 5749 5735 5765
f 5749 5730 5735
f 5721 5711 5712
f 4371 4372 4373
f 4373 4372 4425
f 4406 4377 4371
f 4406 4239 4201
f 4235 4189 4183
f 4189 4188 4183
f 4183 4188 4185
f 4201 4239 4185
f 4185 4188 4201
f 4188 4200 4201
f 1544 1479 1883
f 218 94 95
f 1479 1449 1402
f 1402 1398 1446
f 42 31 36
f 1415 1414 1422
f 34 35 46
f 46 35 53
f 1376 1451 1354
f 1353 4711 4710
f 1149 1134 1137
f 1137 1134 1120
f 1120 1111 1117
f 1117 1111 1112
f 1112 1138 1128
f 5745 5730 5753
f 5745 5714 5730
f 5753 5730 5749
f 5730 5708 5711
f 5711 5735 5730
f 5711 5710 5712
f 301 4235 4183
f 4239 4182 4184
f 301 257 4235
f 4183 4185 4184
f 4184 4185 4239
f 1844 1842 1886
f 1886 1480 1544
f 257 212 218
f 1480 1449 1479
f 42 40 31
f 1415 1398 1414
f 1374 1375 1376
f 53 52 106
f 5768 5745 5753
f 5768 5715 5745
f 5715 5714 5745
f 5714 5708 5730
f 5710 5713 5712
f 5712 5713 5724
f 4378 4373 4379
f 4406 4460 4226
f 4378 4406 4371
f 4378 4371 4373
f 4406 4226 4239
f 301 4183 4180
f 4180 4183 4182
f 4226 4182 4239
f 4183 4184 4182
f 257 250 212
f 1887 1480 1886
f 212 94 218
f 1480 1448 1449
f 1448 1447 1449
f 95 94 41
f 1449 1447 1402
f 41 40 42
f 95 41 42
f 1414 1398 1403
f 1422 1414 4314
f 36 26 28
f 36 28 34
f 35 52 53
f 310 1141 1149
f 1149 1141 1134
f 5772 5715 5768
f 5772 5705 5715
f 5715 5706 5714
f 5714 5706 5708
f 5708 5710 5711
f 4378 4388 4460
f 300 4180 4181
f 4181 4180 4176
f 4176 4180 4179
f 4226 4178 4179
f 300 250 301
f 300 301 4180
f 4179 4182 4226
f 250 257 301
f 1480 1512 1448
f 1447 1393 1402
f 1402 1393 1398
f 1403 4315 1414
f 31 26 36
f 28 27 34
f 1354 1451 1352
f 1354 1352 1353
f 1352 1351 1353
f 1353 1351 4711
f 106 241 274
f 1134 1141 1133
f 1133 1119 1120
f 1134 1133 1120
f 1120 1119 1111
f 5697 5703 5705
f 5697 5705 5775
f 5705 5706 5715
f 5706 5707 5708
f 4380 4379 4423
f 4388 4378 4380
f 4177 4178 4226
f 4460 4177 4226
f 4176 4179 4178
f 1516 1394 1512
f 1512 1394 1448
f 1448 1394 1393
f 1448 1393 1447
f 1398 1400 1403
f 1375 1379 1451
f 1451 1379 1352
f 52 67 106
f 1351 4716 4711
f 274 304 310
f 310 304 1141
f 1111 1119 1110
f 5757 5696 5697
f 5757 5697 5773
f 5773 5697 5789
f 5697 5694 5703
f 5703 5704 5705
f 5705 5704 5706
f 5706 5704 5707
f 5707 5709 5708
f 5708 5709 5710
f 4460 4473 4177
f 4181 4176 4172
f 4176 4178 4177
f 1516 1515 1450
f 1516 1450 1394
f 3628 3531 3528
f 1394 1385 1393
f 1400 4929 4316
f 34 27 35
f 1375 1378 1379
f 67 241 106
f 4715 4701 4700
f 1111 1110 1106
f 1111 1106 1112
f 1112 1106 1138
f 5751 5695 5696
f 5751 5696 5757
f 5696 5694 5697
f 5694 5704 5703
f 5707 5717 5709
f 5709 5717 5720
f 5709 5720 5710
f 5710 5722 5713
f 4380 4423 4391
f 4389 4388 4380
f 4473 4460 4388
f 4473 4175 4177
f 300 251 250
f 250 123 212
f 1450 1385 1394
f 123 94 212
f 1393 1401 1398
f 1398 1399 1400
f 1399 4929 1400
f 1378 1380 1379
f 1379 1380 1457
f 5762 5695 5751
f 5762 5751 5792
f 5695 5694 5696
f 5710 5720 5722
f 5722 5723 5713
f 5713 5723 5724
f 4389 4380 4390
f 4390 4380 4391
f 4473 4388 4389
f 4473 4186 4175
f 4202 4181 4172
f 4202 4172 4171
f 4171 4172 4170
f 4202 251 4181
f 251 300 4181
f 4172 4177 4175
f 251 210 250
f 1503 1513 1514
f 250 210 123
f 1514 1513 1515
f 1513 1450 1515
f 123 99 94
f 1398 1401 1399
f 1457 1350 1352
f 1352 1350 1351
f 4716 4715 4713
f 1141 1136 1133
f 1106 1205 1138
f 5698 5695 5762
f 5704 5716 5707
f 5707 5718 5717
f 5732 5722 5720
f 5723 5755 5724
f 4391 4477 4392
f 4389 4463 4473
f 4473 4169 4186
f 1503 1386 1513
f 1513 1386 1450
f 121 99 123
f 1450 1386 1385
f 1393 1397 1401
f 41 29 40
f 1399 4931 4930
f 241 279 274
f 274 279 304
f 1136 1135 1133
f 1135 1115 1119
f 1133 1135 1119
f 1110 1104 1106
f 5700 5699 5698
f 5699 5690 5698
f 5698 5690 5695
f 5695 5690 5694
f 5707 5716 5718
f 5718 5744 5717
f 5717 5744 5720
f 5722 5668 5723
f 4393 4390 4392
f 4167 4473 4463
f 4202 254 251
f 4171 4170 4168
f 4168 4170 4169
f 4170 4186 4169
f 1502 1443 1503
f 1503 1443 1386
f 210 121 123
f 94 44 41
f 1393 1396 1397
f 40 29 31
f 31 25 26
f 1351 1350 1344
f 304 1187 1141
f 1141 1187 1136
f 1119 1115 1110
f 1104 1105 1106
f 1106 1105 1205
f 5702 5700 5795
f 5702 5701 5700
f 5701 5699 5700
f 5690 5692 5694
f 5694 5692 5704
f 5704 5692 5716
f 5744 5746 5720
f 5722 5732 5668
f 5723 5669 5755
f 4394 4392 4441
f 4393 4392 4394
f 4168 4202 4171
f 4168 254 4202
f 4168 4169 4167
f 4167 4169 4473
f 251 220 207
f 207 210 251
f 210 207 121
f 3553 3526 3552
f 99 44 94
f 3511 3493 3535
f 28 26 27
f 1136 1130 1135
f 5699 5701 5689
f 5699 5689 5690
f 5690 5691 5692
f 5692 5736 5716
f 5716 5736 5718
f 5718 5746 5744
f 5720 5746 5732
f 4394 4441 4435
f 4396 4393 4394
f 4393 4470 4463
f 4463 4470 4167
f 254 4168 4227
f 4227 4168 4164
f 4164 4168 4167
f 220 251 254
f 1519 1497 1504
f 1504 1497 1444
f 1504 1444 1502
f 1502 1444 1443
f 1443 1384 1386
f 1386 1384 1385
f 41 38 29
f 26 25 24
f 27 32 35
f 35 32 52
f 1380 1458 1457
f 1457 1458 1350
f 1350 1347 1344
f 67 114 241
f 241 114 279
f 279 305 304
f 304 305 1187
f 1136 1187 1130
f 1104 1107 1105
f 5702 5805 5738
f 5702 5738 5701
f 5736 5754 5718
f 5718 5747 5746
f 5746 5682 5732
f 5732 5670 5668
f 5668 5669 5723
f 4465 4393 4396
f 4465 4470 4393
f 4470 4166 4167
f 4164 4167 4166
f 1888 1500 1519
f 1519 1500 1387
f 1519 1387 1497
f 220 206 207
f 1497 1387 1444
f 207 206 121
f 1444 1387 1384
f 1444 1384 1443
f 1385 1391 1392
f 1385 1392 1393
f 41 44 38
f 24 27 26
f 1350 1458 1347
f 1347 1343 1344
f 1344 1343 1342
f 1115 1114 1110
f 1110 1114 1107
f 1110 1107 1104
f 5738 5719 5701
f 5701 5719 5689
f 5689 5688 5690
f 5690 5688 5691
f 5692 5693 5736
f 5693 5754 5736
f 5754 5747 5718
f 5747 5684 5746
f 5684 5682 5746
f 4465 4478 4470
f 4478 4165 4470
f 4470 4165 4166
f 254 205 220
f 220 205 206
f 1500 1501 1426
f 1500 1426 1387
f 1393 1395 1396
f 1396 1395 4537
f 25 19 24
f 1187 305 1130
f 5805 5804 5738
f 5738 5737 5719
f 5692 5691 5683
f 5692 5683 5693
f 5693 5678 5754
f 5754 5678 5747
f 5682 5670 5732
f 5670 5608 5668
f 4397 4435 4452
f 4395 4394 4397
f 4397 4394 4435
f 4451 4396 4395
f 4395 4396 4394
f 4451 4465 4396
f 4451 4478 4465
f 4478 4163 4165
f 299 4227 4164
f 4164 4166 4165
f 4227 299 254
f 254 196 205
f 1540 1427 1501
f 1501 1427 1426
f 1426 1381 1387
f 1393 1392 1395
f 1380 4491 1458
f 1458 1459 1347
f 1347 1348 1343
f 1342 4705 4704
f 305 1185 1130
f 1105 1190 1205
f 5804 5750 5738
f 5750 5737 5738
f 5688 5685 5691
f 5747 5678 5607
f 5747 5607 5684
f 5684 5607 5606
f 5684 5606 5682
f 5682 5608 5670
f 5608 5613 5668
f 5668 5613 5667
f 5668 5667 5669
f 293 4164 4160
f 299 293 196
f 293 299 4164
f 4164 4165 4163
f 4160 4164 4163
f 1849 1876 1538
f 196 254 299
f 1538 1439 1427
f 1538 1427 1540
f 206 120 121
f 121 120 99
f 99 39 44
f 44 39 38
f 1392 4531 1395
f 1395 4531 4536
f 31 19 25
f 19 21 24
f 32 62 52
f 52 62 67
f 67 62 114
f 1347 1459 1348
f 1135 1130 1115
f 1107 1108 1105
f 5804 5802 5750
f 5693 5683 5678
f 5606 5608 5682
f 5667 5613 5615
f 4397 4452 4445
f 4399 4397 4445
f 4452 5163 4445
f 4395 4461 4451
f 4461 4161 4451
f 4451 4161 4478
f 4162 4163 4478
f 293 237 196
f 4160 4163 4162
f 1539 1440 1439
f 1539 1439 1538
f 205 196 204
f 1439 1413 1427
f 1427 1413 1381
f 1427 1381 1426
f 205 204 206
f 1381 1384 1387
f 1459 1349 1348
f 1343 1341 1342
f 1130 1114 1115
f 1108 1190 1105
f 5719 5687 5689
f 5689 5687 5688
f 5685 5681 5691
f 5691 5681 5683
f 4398 4397 4399
f 4411 4395 4398
f 4398 4395 4397
f 4411 4461 4395
f 4461 4159 4161
f 308 293 4160
f 308 237 293
f 308 4160 4158
f 4160 4162 4161
f 4158 4160 4161
f 1879 1548 1876
f 237 190 196
f 1905 1879 1853
f 1548 1438 1440
f 1548 1440 1539
f 1440 1413 1439
f 99 120 43
f 99 43 39
f 21 27 24
f 1458 1460 1459
f 1348 1349 1343
f 1343 1349 1341
f 1341 1340 1342
f 114 270 279
f 1185 1131 1130
f 1130 1131 1114
f 1114 1116 1109
f 1114 1109 1107
f 5802 5803 5750
f 5750 5733 5737
f 5737 5733 5719
f 5688 5686 5685
f 5683 5681 5601
f 5683 5601 5678
f 5678 5601 5607
f 5607 5604 5606
f 5606 5605 5608
f 5608 5611 5613
f 4399 4445 4446
f 4461 4156 4159
f 286 308 4158
f 286 237 308
f 4158 4161 4159
f 1889 1546 1548
f 1548 1546 1438
f 1438 1408 1413
f 1440 1438 1413
f 1384 1383 1385
f 1385 1390 1391
f 1391 1390 4533
f 29 19 31
f 1340 4707 4705
f 279 270 305
f 1131 1116 1114
f 1107 1109 1108
f 5733 5687 5719
f 5687 5686 5688
f 5601 5604 5607
f 5606 5604 5605
f 5605 5611 5608
f 5613 5611 5614
f 5613 5614 5615
f 5615 5614 5619
f 4399 4446 4448
f 4409 4411 4398
f 4472 4461 4411
f 4472 4155 4461
f 4461 4155 4156
f 4157 286 4158
f 4158 4159 4156
f 4157 4158 4156
f 286 222 189
f 286 189 237
f 1529 1441 1546
f 1546 1441 1438
f 237 189 190
f 1438 1441 1410
f 1438 1410 1408
f 190 193 196
f 196 193 204
f 206 204 120
f 120 122 103
f 1390 4534 4533
f 21 32 27
f 1349 1359 1341
f 5605 5610 5611
f 4398 4399 4400
f 4400 4399 4448
f 4398 4401 4409
f 4446 5171 4448
f 4446 5128 5171
f 4409 4472 4411
f 4472 4154 4155
f 291 4157 4153
f 291 222 4157
f 4157 4156 4153
f 4153 4156 4155
f 222 286 4157
f 1899 1970 1900
f 1534 1442 1529
f 1529 1442 1441
f 1441 1428 1410
f 3625 3591 3572
f 1413 1405 1381
f 120 204 122
f 1384 1381 1383
f 120 103 43
f 1385 1383 1389
f 1385 1389 1390
f 29 18 19
f 62 80 114
f 1349 1459 1359
f 1359 1339 1341
f 305 1193 1185
f 1185 1193 1131
f 5685 5665 5681
f 5664 5601 5681
f 5601 5603 5604
f 5611 5616 5614
f 5614 5616 5619
f 4400 4448 2614
f 4448 5171 2614
f 4410 4409 4401
f 4410 4471 4472
f 4410 4472 4409
f 4472 4152 4154
f 4153 4155 4154
f 1901 1919 1535
f 1901 1535 1534
f 1970 1915 1900
f 1534 1535 1442
f 222 177 189
f 177 178 189
f 189 178 190
f 178 193 190
f 1413 1408 1405
f 193 199 204
f 1389 4502 4535
f 38 30 29
f 1460 1461 1459
f 62 61 80
f 1193 1132 1131
f 1131 1132 1116
f 1108 1129 1188
f 1109 1113 1108
f 5750 5763 5733
f 5733 5763 5734
f 5687 5671 5686
f 5665 5664 5681
f 5604 5603 5605
f 5605 5609 5610
f 5610 5617 5611
f 5611 5617 5616
f 4400 2614 2613
f 4402 4400 2613
f 4401 4400 4402
f 4401 4398 4400
f 4471 4139 4152
f 4471 4152 4472
f 290 4153 4151
f 4151 4153 4152
f 290 291 4153
f 290 175 291
f 4153 4154 4152
f 291 175 222
f 1915 1916 1901
f 1535 1445 1442
f 1381 1382 1383
f 39 43 30
f 39 30 38
f 3492 3486 3521
f 114 243 270
f 270 303 305
f 305 303 1193
f 1132 1122 1116
f 5733 5734 5687
f 5686 5665 5685
f 5664 5602 5601
f 5603 5609 5605
f 5617 5618 5616
f 5616 5653 5619
f 2612 4402 2613
f 2612 2613 2611
f 4403 4401 4402
f 2613 2614 2611
f 2614 2615 2611
f 4471 4137 4139
f 232 4151 4136
f 4151 4139 4136
f 290 232 175
f 232 290 4151
f 4151 4152 4139
f 5169 5172 5171
f 1918 2012 1456
f 1918 1456 1535
f 1456 1445 1535
f 1445 1411 1442
f 1442 1411 1428
f 1408 1407 1405
f 1406 1404 1405
f 1405 1404 1381
f 122 204 104
f 1382 1388 1383
f 29 12 18
f 32 21 33
f 32 61 62
f 4493 4495 1461
f 1459 1462 1463
f 1459 1463 1359
f 80 243 114
f 1339 1334 1335
f 1129 5165 1188
f 1116 1121 1109
f 1109 1121 1113
f 1113 1129 1108
f 5671 5666 5686
f 5686 5666 5665
f 5601 5602 5603
f 5616 5652 5653
f 2612 2611 2609
f 4403 4402 2612
f 2609 2611 2610
f 2611 2615 2610
f 4405 4410 4401
f 4468 4471 4410
f 1979 1953 1961
f 1979 1961 1980
f 1980 1961 2022
f 4468 4137 4471
f 1980 2022 2013
f 4150 275 232
f 4150 232 4136
f 2013 2022 3252
f 232 275 173
f 4136 4139 4137
f 1926 1929 1928
f 2013 3252 3253
f 1925 1929 1926
f 3253 3258 3263
f 232 173 176
f 3263 1455 1927
f 232 176 175
f 1455 1435 1456
f 2012 1455 1456
f 1435 1433 1456
f 175 174 177
f 1456 1433 1445
f 1445 1433 1432
f 1432 1411 1445
f 1410 1409 1408
f 1408 1409 1407
f 1405 1407 1406
f 122 104 103
f 1382 1498 1388
f 30 12 29
f 19 20 21
f 5763 5774 5734
f 5687 5734 5672
f 5687 5672 5671
f 5665 5620 5664
f 5602 5612 5609
f 5602 5609 5603
f 5609 5630 5610
f 5610 5630 5617
f 2604 2600 1551
f 2600 1554 1551
f 2602 4404 2609
f 2602 2609 2607
f 2607 2608 2589
f 2608 3296 2589
f 4404 4403 2612
f 4404 2612 2609
f 2609 2610 2607
f 4405 4401 4404
f 4404 4401 4403
f 2610 2608 2607
f 2610 3297 2608
f 4468 4410 4405
f 2615 3297 2610
f 4134 4150 4136
f 1953 1939 1961
f 1939 1951 1961
f 4135 4137 4468
f 1961 1951 2022
f 2775 275 4150
f 4136 4137 4135
f 1455 1453 1435
f 1411 1409 1410
f 1428 1411 1410
f 178 182 193
f 193 182 199
f 1382 1404 4501
f 4501 4499 1498
f 32 49 61
f 4495 3277 1461
f 1359 1463 1339
f 1193 1139 1132
f 1132 1139 1122
f 1129 2504 5165
f 1116 1122 1121
f 5774 5752 5734
f 5734 5752 5740
f 5734 5740 5672
f 5665 5666 5620
f 5664 5620 5602
f 5609 5638 5630
f 4462 1551 1553
f 3982 4450 2604
f 3982 2604 4462
f 3981 4450 3982
f 3981 2596 4450
f 2596 2595 4450
f 4450 2595 2604
f 2595 2600 2604
f 3980 2605 3981
f 3981 2605 2596
f 2600 2595 1554
f 3984 4449 2605
f 3984 2605 3980
f 2598 2593 2605
f 2605 2593 2596
f 2593 2592 2596
f 2596 2592 2595
f 2595 2592 1554
f 3983 4444 3984
f 3984 4444 4449
f 4449 2597 2605
f 2597 2598 2605
f 2593 2588 2592
f 2592 2588 1554
f 2588 421 1554
f 421 451 1554
f 4444 2597 4449
f 2597 2587 2598
f 2598 2587 2593
f 2587 2577 2588
f 2593 2587 2588
f 2588 2577 445
f 2577 446 445
f 2588 445 421
f 3983 2606 4444
f 2606 2599 4444
f 4444 2599 2591
f 4444 2591 2597
f 2591 2584 2597
f 2584 2575 2587
f 2597 2584 2587
f 448 446 2575
f 2587 2575 2577
f 2577 2575 446
f 3983 4427 2606
f 2584 2576 2575
f 2576 448 2575
f 2576 456 448
f 4424 2603 4427
f 4427 2603 2606
f 2606 2603 2594
f 2606 2594 2599
f 2594 2585 2599
f 2585 2583 2591
f 2599 2585 2591
f 2591 2583 2584
f 2584 2583 2578
f 2584 2578 2576
f 2578 456 2576
f 2603 2590 2594
f 2585 2579 2583
f 2583 2579 449
f 2583 449 2578
f 449 435 2578
f 4412 2601 4424
f 4424 2601 2603
f 2603 2601 2590
f 2590 2580 2594
f 2580 2579 2585
f 2594 2580 2585
f 2579 450 449
f 4440 4407 4412
f 2586 2590 2601
f 2581 2580 2590
f 2580 455 2579
f 4407 2602 4412
f 4412 2602 2601
f 2586 2581 2590
f 2581 458 2580
f 2580 458 455
f 4407 4404 2602
f 2602 2589 2601
f 2601 2589 2586
f 2586 2589 2582
f 2586 2582 2581
f 461 458 2582
f 2581 2582 458
f 4437 4404 4407
f 2589 3295 461
f 2589 461 2582
f 4405 4404 4437
f 2589 3296 3295
f 4405 4469 4468
f 4138 2775 4150
f 4138 4150 4134
f 4134 4136 4135
f 2022 2009 3250
f 2775 2755 275
f 2022 3250 3252
f 275 2744 267
f 275 267 173
f 1433 1431 1432
f 178 177 174
f 1432 1431 1411
f 178 179 182
f 1407 1430 1406
f 1430 1499 1406
f 1406 1499 1404
f 199 201 204
f 1404 1499 4255
f 1404 4255 4501
f 18 14 19
f 21 20 33
f 1461 1462 1459
f 243 269 270
f 5671 5655 5666
f 5655 5620 5666
f 5620 5622 5612
f 5620 5612 5602
f 5612 5629 5609
f 5609 5629 5638
f 5630 5639 5617
f 5636 5652 5616
f 3945 3980 3981
f 3945 3981 3946
f 3943 3984 3980
f 3938 3983 3941
f 421 410 451
f 446 406 409
f 446 409 445
f 445 409 421
f 3954 4427 3983
f 3954 3983 3938
f 448 405 446
f 405 406 446
f 3940 4424 4427
f 456 400 448
f 448 400 404
f 456 435 400
f 4440 4412 4424
f 397 435 449
f 2578 435 456
f 450 423 397
f 450 397 449
f 4440 4437 4407
f 4440 3939 4437
f 455 424 423
f 455 423 450
f 427 424 458
f 458 424 455
f 461 428 458
f 428 427 458
f 4447 4405 4437
f 3295 436 461
f 436 428 461
f 4405 4447 4469
f 454 436 3295
f 3296 454 3295
f 2608 459 3296
f 3296 459 454
f 4469 4133 4468
f 4130 4138 4134
f 4134 4135 4133
f 4133 4135 4468
f 4238 2775 4138
f 4238 2765 2775
f 1950 1960 2009
f 2765 2756 2775
f 2756 2755 2775
f 3250 3251 3252
f 2755 2744 275
f 3252 3251 3253
f 3253 3257 3258
f 3258 3257 1453
f 1453 1434 1435
f 1435 1434 1433
f 1434 1431 1433
f 1431 1412 1411
f 1412 1409 1411
f 1409 1429 1407
f 1499 1430 4254
f 204 201 104
f 43 10 30
f 9 12 30
f 19 14 20
f 61 74 80
f 80 234 243
f 270 269 303
f 5638 5639 5630
f 5617 5631 5618
f 5618 5632 5616
f 5616 5632 5636
f 5636 5656 5652
f 409 410 421
f 3939 4440 3940
f 397 400 435
f 1974 1982 1996
f 1974 1996 1975
f 1975 1996 2011
f 427 425 424
f 1975 2011 3271
f 426 425 428
f 428 425 427
f 436 426 428
f 3271 3238 3239
f 4469 4132 4133
f 4198 4138 4129
f 4129 4138 4130
f 4130 4134 4133
f 1937 1944 1941
f 2770 4238 4198
f 4198 4238 4138
f 2770 2765 4238
f 3272 3249 2009
f 2009 3249 3250
f 2755 2743 2744
f 3251 3257 3253
f 174 170 178
f 1429 1537 1407
f 1537 4252 1407
f 1407 4252 1430
f 1430 4252 4253
f 104 92 103
f 103 92 43
f 33 49 32
f 3277 1471 1461
f 61 64 74
f 1461 1471 1462
f 1463 1346 1339
f 1339 1346 1334
f 1139 1142 1122
f 5739 5740 5752
f 5752 5771 5739
f 5740 5739 5672
f 5672 5654 5671
f 5654 5655 5671
f 5655 5624 5620
f 5620 5621 5622
f 5622 5627 5612
f 5627 5629 5612
f 5638 5647 5646
f 5638 5646 5639
f 5639 5631 5617
f 408 411 410
f 406 408 409
f 400 401 404
f 404 401 405
f 397 399 400
f 414 398 397
f 1982 1962 1989
f 1982 1989 1996
f 1996 1992 2011
f 424 425 414
f 424 414 423
f 3985 4437 3956
f 1954 1962 1982
f 2011 1992 2010
f 1945 1947 1954
f 2010 3237 3271
f 4469 3882 4132
f 3271 3237 3238
f 4173 4223 4147
f 4223 4198 4147
f 444 434 436
f 454 444 436
f 4147 4198 4129
f 4147 4129 4128
f 4130 4133 4132
f 459 444 454
f 4223 2770 4198
f 2770 2738 2765
f 3264 3243 3262
f 3262 3244 3249
f 2756 2743 2755
f 3249 3246 3250
f 3246 3251 3250
f 2744 248 267
f 3251 3259 3257
f 267 172 173
f 172 169 173
f 3259 1454 3257
f 173 169 176
f 176 169 175
f 1454 1452 1434
f 1453 1454 1434
f 169 170 174
f 175 169 174
f 1434 1452 1436
f 1434 1436 1431
f 1431 1506 1412
f 170 179 178
f 1412 1506 1505
f 1412 1505 1409
f 1505 1528 1429
f 1409 1505 1429
f 1528 5589 1429
f 1429 5589 1537
f 1537 5589 4256
f 182 200 199
f 199 200 201
f 43 92 10
f 18 12 14
f 3277 3274 1471
f 1471 1464 1462
f 80 74 234
f 1346 1330 1334
f 243 234 269
f 1142 1124 1122
f 1139 1143 1142
f 1122 1124 1121
f 1121 1125 1126
f 1121 1126 1113
f 1113 1126 1129
f 5771 5770 5739
f 5655 5654 5624
f 5624 5623 5620
f 5629 5649 5638
f 5639 5642 5631
f 5631 5632 5618
f 5656 5674 5652
f 406 401 407
f 406 407 408
f 400 399 401
f 3929 3956 3939
f 397 398 399
f 4118 4229 4174
f 4118 4174 4119
f 4229 2774 4174
f 1996 1989 1992
f 4174 2774 2773
f 4174 4173 4119
f 4119 4173 4125
f 4125 4128 4127
f 1947 1987 1962
f 426 422 425
f 425 422 414
f 4174 2773 4173
f 4173 4128 4125
f 4127 4130 4132
f 3985 3882 4447
f 2010 2000 3237
f 426 434 422
f 4173 4147 4128
f 4128 4129 4127
f 2773 4223 4173
f 3238 3237 3236
f 2773 2750 2763
f 2773 2763 4223
f 2763 2770 4223
f 459 457 444
f 2763 2738 2770
f 459 3298 457
f 2765 2738 2735
f 3262 3243 3244
f 3297 3298 459
f 3297 3299 3298
f 2765 2735 2756
f 3244 3246 3249
f 2735 2743 2756
f 2743 248 2744
f 3246 3254 3251
f 5178 5175 5177
f 3254 3255 3251
f 267 248 172
f 3251 3255 3259
f 5170 5183 5174
f 1436 1518 1431
f 1431 1518 1506
f 5130 5181 5183
f 30 10 9
f 303 1143 1193
f 1193 1143 1139
f 1124 1125 1121
f 5739 5676 5672
f 5672 5676 5654
f 5620 5623 5621
f 5622 5626 5627
f 5649 5647 5638
f 401 402 403
f 399 402 401
f 4112 4237 4229
f 4229 4118 4112
f 4118 4117 4112
f 4237 2761 4229
f 4118 4119 4117
f 4117 4119 4124
f 4124 4125 4126
f 1990 1993 1991
f 414 415 398
f 2761 2774 4229
f 4119 4125 4124
f 4125 4127 4126
f 3955 3985 3932
f 1962 1998 1990
f 1991 1993 1999
f 2774 2761 2751
f 4127 4132 4126
f 1987 1998 1962
f 1991 1999 2000
f 4126 4132 3882
f 3985 3871 3882
f 1948 1968 1988
f 1948 1988 1947
f 1947 1988 1987
f 2751 2773 2774
f 2751 2750 2773
f 1952 1955 1949
f 2750 2736 2763
f 2763 2736 2738
f 3243 3240 3244
f 3246 3256 3254
f 3254 5099 3255
f 5570 3259 3255
f 1454 5570 1542
f 1542 1452 1454
f 1542 1543 1541
f 1542 1541 1436
f 1542 1436 1452
f 1541 1518 1436
f 49 51 61
f 1126 2504 1129
f 5770 5764 5739
f 5739 5764 5676
f 5654 5651 5624
f 5624 5651 5650
f 5624 5650 5623
f 5621 5626 5622
f 5627 5649 5629
f 5647 5644 5646
f 5646 5642 5639
f 5635 5674 5656
f 5636 5635 5656
f 412 437 413
f 408 412 411
f 401 403 407
f 4097 4112 4111
f 4149 2767 4097
f 4097 2767 4237
f 4097 4237 4112
f 4111 4112 4100
f 4100 4112 4116
f 4116 4117 4131
f 4117 4124 4131
f 399 420 402
f 4124 4222 4199
f 398 420 399
f 2767 2762 4237
f 4124 4126 4222
f 1995 4293 4294
f 1995 4294 2023
f 1995 2023 1994
f 1994 2023 3212
f 398 415 419
f 2762 2761 4237
f 1994 3212 3213
f 1994 3213 3268
f 416 417 415
f 416 415 414
f 3268 3213 3269
f 422 416 414
f 2761 2748 2751
f 4222 3882 3874
f 3268 3269 3265
f 3268 3265 3267
f 2751 2748 2737
f 1955 1968 1949
f 2000 3234 3237
f 2751 2737 2750
f 3237 3234 3236
f 444 432 434
f 2737 2736 2750
f 2736 2721 2738
f 2738 2721 2735
f 3242 3245 3240
f 3240 3245 3244
f 2735 2741 2743
f 3245 3247 3246
f 3244 3245 3246
f 2741 223 248
f 2743 2741 248
f 5099 3254 3256
f 5099 5098 5573
f 5099 5573 3255
f 5573 5570 3255
f 3660 3686 3658
f 5567 1542 5570
f 3660 3622 3687
f 3660 3687 3686
f 3686 3687 5568
f 3686 5568 5567
f 5568 1543 1542
f 5567 5568 1542
f 1543 5568 5600
f 201 200 198
f 201 198 104
f 5676 5651 5654
f 5623 5625 5621
f 5621 5625 5626
f 5627 5628 5645
f 5627 5645 5649
f 5649 5648 5647
f 5644 5642 5646
f 5636 5632 5635
f 4087 4086 4148
f 4087 4148 4094
f 431 439 407
f 4148 4086 4149
f 4148 4149 4094
f 4094 4149 4097
f 4094 4097 4096
f 403 441 431
f 4086 2767 4149
f 4100 4116 4131
f 2753 2762 2767
f 2753 2752 2762
f 398 419 420
f 415 417 419
f 2762 2752 2747
f 2762 2747 2761
f 3955 3870 3871
f 2761 2747 2748
f 1987 1988 1998
f 3269 3270 3265
f 422 430 416
f 1968 1955 5507
f 1968 5507 1988
f 3265 3270 3266
f 3234 3235 3236
f 444 447 432
f 2737 2719 2736
f 4821 4822 4823
f 3298 447 457
f 3240 3241 3242
f 2721 2730 2735
f 2735 2730 2741
f 3245 5599 3247
f 5571 5573 5098
f 223 171 248
f 5571 5569 5573
f 5571 5565 5569
f 248 171 172
f 5569 5570 5573
f 3658 3686 3688
f 3688 3686 5567
f 5569 5567 5570
f 5568 5593 5591
f 3622 3623 3687
f 104 86 92
f 92 8 10
f 10 8 9
f 1464 1463 1462
f 1331 1326 1332
f 303 307 1143
f 1124 1142 2481
f 5676 5759 5651
f 5650 5742 5623
f 5623 5742 5625
f 5626 5625 5661
f 5661 5628 5626
f 5626 5628 5627
f 5649 5645 5648
f 5648 5644 5647
f 5644 5641 5642
f 5641 5631 5642
f 5674 5675 5767
f 5632 5634 5635
f 5635 5663 5674
f 4083 4080 4084
f 4083 4084 4088
f 4080 2772 4084
f 4084 4087 4088
f 4088 4087 4089
f 2772 2766 4084
f 2772 2745 2766
f 4084 2766 4086
f 4084 4086 4087
f 4087 4094 4089
f 2766 2734 2754
f 4098 4096 4100
f 4098 4100 4140
f 4141 4131 4220
f 4220 4131 4199
f 2766 2767 4086
f 2766 2754 2767
f 4199 4222 4234
f 3038 3036 3035
f 3053 3038 3035
f 2754 2753 2767
f 4234 4222 3859
f 2753 2729 2752
f 4222 3874 3855
f 4293 3204 4294
f 4294 3204 3201
f 4294 3201 2023
f 2023 3201 3212
f 2752 2729 2747
f 3874 3871 3757
f 3212 3201 3203
f 3212 3203 3213
f 3213 3203 3269
f 2747 2727 2748
f 1998 1988 3202
f 3269 3203 3205
f 3269 3205 3270
f 1955 5512 5507
f 5522 1988 5507
f 3270 3205 3266
f 432 433 430
f 2748 2727 2737
f 3234 3206 3235
f 447 438 432
f 2737 2727 2719
f 4568 4823 4569
f 4568 5070 4823
f 2719 2721 2736
f 4823 5070 5069
f 4823 5069 4821
f 3235 3208 3241
f 3299 5577 3298
f 4821 5075 4822
f 2730 2742 2741
f 3248 5574 3245
f 3242 3248 3245
f 5578 5576 3299
f 3245 5574 5599
f 5586 5576 5578
f 5092 5098 5572
f 5092 5572 4887
f 2741 2742 223
f 5092 5565 5571
f 5092 5571 5098
f 223 217 171
f 171 169 172
f 86 8 92
f 12 13 14
f 20 49 33
f 61 51 64
f 1471 1508 1464
f 1464 1465 1463
f 269 307 303
f 1124 2481 1125
f 5628 5769 5645
f 5645 5727 5648
f 5727 5644 5648
f 5644 5727 5728
f 5644 5728 5729
f 5644 5729 5643
f 5644 5643 5641
f 5641 5640 5631
f 5631 5633 5632
f 5632 5633 5634
f 5674 5663 5675
f 5634 5663 5635
f 4079 2768 2758
f 4079 4080 4082
f 4082 4080 4083
f 4082 4083 4090
f 4079 2758 4080
f 4083 4088 4090
f 4080 2758 2772
f 4090 4088 4091
f 4088 4089 4091
f 4091 4089 4092
f 2758 2745 2772
f 4092 4089 4095
f 4095 4098 4143
f 4143 4098 4142
f 4142 4098 4140
f 4142 4140 4141
f 2745 2734 2766
f 4141 4220 4230
f 4230 4220 4234
f 2754 2734 2733
f 2754 2733 2753
f 2733 2729 2753
f 429 3034 420
f 3085 440 418
f 2729 2728 2747
f 3204 3195 3201
f 3201 3195 3198
f 3201 3198 3203
f 3195 3196 3197
f 3195 3197 3198
f 3198 3197 3203
f 2747 2728 2727
f 4332 4326 4329
f 5522 4295 1988
f 1988 4295 3202
f 3196 3206 3197
f 3197 3206 3205
f 3197 3205 3203
f 1965 2001 1963
f 1963 5512 1955
f 5512 5501 5507
f 3206 3266 3205
f 438 433 432
f 3206 3207 3235
f 3206 3196 3207
f 3207 3208 3235
f 5069 5068 4821
f 5068 5087 5075
f 4821 5068 5075
f 2730 2740 2742
f 5574 5575 5576
f 5091 4887 4883
f 5075 5091 4883
f 5075 5087 5091
f 5087 5092 5091
f 5091 5092 4887
f 2742 217 223
f 5087 5566 5565
f 5087 5565 5092
f 3659 3688 3685
f 3685 3688 5564
f 5564 5565 5566
f 3623 3624 5592
f 170 180 179
f 179 181 182
f 200 182 198
f 104 101 86
f 8 7 9
f 9 7 12
f 14 13 20
f 234 235 269
f 1125 2476 1126
f 5643 5640 5641
f 5640 5637 5631
f 5631 5637 5633
f 2769 2768 4079
f 4099 4090 4093
f 2768 2757 2758
f 4093 4090 4091
f 4091 4092 4145
f 4144 4145 4143
f 4144 4143 4142
f 4145 4092 4095
f 4145 4095 4143
f 4142 4141 4230
f 2758 2746 2745
f 3082 3084 3085
f 2728 2718 2727
f 5522 5520 4295
f 3202 4295 3199
f 3202 3199 3195
f 3199 3196 3195
f 2001 5512 1963
f 5507 5508 5522
f 2727 2718 2719
f 4338 4907 4334
f 3199 3200 3196
f 4334 4907 4904
f 3200 3207 3196
f 452 438 447
f 4334 4904 854
f 3200 3208 3207
f 3200 3211 3208
f 2719 2720 2721
f 5070 5067 5069
f 3208 3211 3260
f 3208 3260 3241
f 2721 2722 2730
f 5069 5067 5068
f 3260 5575 3248
f 3241 3260 3248
f 2730 2722 2740
f 5087 5068 5089
f 3685 5564 883
f 883 5564 5566
f 3547 3592 3590
f 198 112 104
f 104 112 101
f 7 13 12
f 13 22 20
f 20 22 23
f 23 49 20
f 64 79 74
f 1143 2496 1142
f 2476 2506 2504
f 1126 2476 2504
f 5643 5729 5640
f 5634 5662 5663
f 5663 5662 5673
f 5663 5673 5675
f 4081 4078 4079
f 4078 2764 2769
f 4081 4079 4102
f 4102 4082 4101
f 4078 2769 4079
f 2769 2749 2768
f 4093 4091 4187
f 4187 4091 4146
f 4091 4145 4146
f 2768 2749 2757
f 4146 4145 4144
f 4144 4142 3867
f 2757 2739 2758
f 2758 2739 2746
f 2746 2712 2745
f 2745 2712 2734
f 2712 2706 2734
f 2734 2706 2733
f 2733 2706 2729
f 2729 2706 2714
f 2714 2728 2729
f 4335 5401 4337
f 2714 2718 2728
f 4337 5444 4336
f 4336 5444 4910
f 5512 4613 5514
f 4338 4910 4907
f 1965 4612 4613
f 1965 4613 2001
f 5501 5500 5507
f 5507 5500 5508
f 4295 3210 3199
f 3209 3200 3199
f 3210 3209 3199
f 3209 3211 3200
f 4904 855 854
f 2720 2722 2721
f 3260 5577 5575
f 236 217 2742
f 883 5566 5089
f 5089 5566 5087
f 5594 5596 5598
f 74 79 234
f 235 280 269
f 269 280 307
f 307 2496 1143
f 5798 5660 5640
f 5640 5660 5637
f 5660 5633 5637
f 5660 5659 5633
f 5634 5658 5662
f 4104 4076 4081
f 4077 4078 4076
f 4076 4078 4081
f 4077 2661 2764
f 4103 4102 4101
f 4219 4123 4146
f 4077 2764 4078
f 4101 4093 4123
f 4093 4187 4123
f 4123 4187 4146
f 4219 4146 4231
f 2764 2749 2769
f 4099 4093 4101
f 4231 4146 3876
f 2757 2749 2739
f 2739 2698 2746
f 2746 2698 2712
f 4335 5422 5401
f 5512 5514 5501
f 4910 4908 4907
f 5508 5509 5522
f 5520 5521 4295
f 4295 5521 3210
f 4907 4908 4905
f 3210 5521 3209
f 4907 4905 4904
f 3209 5546 3211
f 4904 930 855
f 4566 5066 5067
f 3211 5546 3260
f 3260 5546 5547
f 2722 2732 2740
f 5068 5060 4553
f 5068 4553 5089
f 5089 882 883
f 236 167 217
f 180 181 179
f 23 50 49
f 1508 1466 1464
f 1464 1466 1465
f 2481 2475 1125
f 1125 2475 2476
f 5659 5657 5633
f 5633 5657 5634
f 5634 5657 5658
f 5662 5679 5673
f 4075 2759 4076
f 4106 4075 4104
f 4075 4076 4104
f 4104 4081 4103
f 4121 4122 4123
f 4121 4123 4219
f 2759 2661 4076
f 2661 4077 4076
f 4110 4101 4122
f 4101 4123 4122
f 4110 4103 4101
f 4219 4231 3878
f 2661 2662 2764
f 2662 2749 2764
f 2662 2672 2749
f 2672 2697 2739
f 2749 2672 2739
f 2739 2697 2698
f 3866 3858 3730
f 2539 2541 2546
f 2546 2541 5422
f 4909 4908 4910
f 4610 5514 4613
f 5501 5499 5500
f 4612 4617 4608
f 5500 5509 5508
f 5522 5509 5520
f 2718 2717 2719
f 2717 2720 2719
f 4905 921 930
f 3209 5521 5541
f 560 702 664
f 4566 4565 5066
f 3209 5541 5546
f 5546 3094 5547
f 5066 5060 5067
f 5594 3579 5595
f 5594 5595 5596
f 167 164 171
f 217 167 171
f 171 164 169
f 164 168 169
f 169 168 170
f 8 4 7
f 7 11 13
f 79 235 234
f 5658 5680 5662
f 5680 5679 5662
f 4108 4075 4106
f 4075 2760 2759
f 4106 4104 4105
f 4104 4103 4105
f 4105 4103 4110
f 4110 4122 4120
f 4120 4122 4121
f 4121 4219 3877
f 3877 4219 3878
f 4624 4627 4628
f 2661 2659 2662
f 4628 4638 4637
f 4637 4638 4639
f 4637 4639 923
f 2569 4641 5474
f 2569 5474 5434
f 2569 5434 2570
f 2570 2571 2563
f 2561 5537 2560
f 2558 5516 2549
f 2548 5485 2547
f 2547 5485 5486
f 2547 5486 5417
f 2547 5417 2555
f 2712 2705 2706
f 2705 2702 2706
f 2706 2702 2714
f 2557 5536 2541
f 5422 2541 5400
f 5422 5400 5401
f 5401 5400 5399
f 2714 2717 2718
f 4908 4909 4899
f 4610 5510 5514
f 5510 5499 5514
f 5514 5499 5501
f 4899 4906 4905
f 4908 4899 4905
f 5509 5511 5520
f 5520 5511 5521
f 921 903 930
f 5521 5539 5541
f 5541 3094 5546
f 2720 2723 2722
f 4565 5060 5066
f 5060 4551 4553
f 4551 4552 882
f 5595 5597 5596
f 168 180 170
f 182 181 197
f 50 51 49
f 1465 1345 1463
f 1463 1345 1346
f 1346 1327 1330
f 2496 2495 2481
f 2481 2477 2475
f 5657 5677 5658
f 4108 4109 4074
f 4108 4106 4107
f 4074 2760 4075
f 4074 4075 4108
f 4106 4105 4107
f 4107 4105 4115
f 4115 4105 4120
f 4105 4110 4120
f 4115 4120 4121
f 2759 2657 2661
f 2661 2657 2659
f 4624 4623 3
f 4624 3 4627
f 4627 3 5533
f 4627 5533 5532
f 4627 5532 4628
f 4628 5532 4638
f 2662 2671 2672
f 5474 5433 5434
f 2570 5434 5445
f 2570 5445 2571
f 2672 2671 2697
f 5445 5552 5537
f 2571 5445 5537
f 2671 2696 2698
f 2697 2671 2698
f 5552 5440 5537
f 5537 5440 2560
f 5440 5439 2560
f 2696 2711 2698
f 2698 2711 2712
f 2558 5442 5516
f 2712 2711 2705
f 5516 5487 5485
f 5485 5487 5448
f 5448 5441 5485
f 5485 5441 5486
f 5441 5417 5486
f 2555 5417 5418
f 2555 5418 2556
f 5418 5484 2556
f 2556 5484 2559
f 2559 5484 5406
f 2559 5406 2564
f 2557 2564 5407
f 2557 5407 5536
f 2541 5536 5400
f 5400 5398 5399
f 4909 5399 4903
f 4909 4903 4899
f 5498 5497 5499
f 5499 5497 5500
f 4899 905 4906
f 4618 4608 4617
f 5500 5073 5509
f 5073 5511 5509
f 2717 2725 2720
f 5511 5540 5539
f 5511 5539 5521
f 2724 2723 2720
f 4565 4819 5060
f 5060 4679 4551
f 2732 2731 236
f 4551 4679 5597
f 5597 4679 4678
f 236 165 167
f 86 4 8
f 22 50 23
f 64 63 79
f 280 309 307
f 2495 2477 2481
f 2476 2501 2506
f 5677 5725 5658
f 5679 5680 5741
f 4085 4074 4109
f 4109 4108 4107
f 4073 2771 4074
f 4114 4107 4115
f 4114 4115 3704
f 2771 2760 4074
f 3704 4121 3877
f 2771 2650 2760
f 2760 2650 2652
f 2760 2652 2759
f 2652 2657 2759
f 2659 2671 2662
f 4638 5532 5480
f 4638 5480 4640
f 4640 5436 5474
f 5474 5436 5433
f 5434 5433 5425
f 5434 5425 5445
f 5439 5438 5442
f 5439 5442 2558
f 5446 5487 5516
f 5442 5446 5516
f 2711 2704 2705
f 5441 5373 5417
f 5417 5416 5418
f 5406 5403 2564
f 2564 5405 5407
f 5399 5398 5397
f 2714 2715 2717
f 5399 5397 4903
f 4903 4902 4901
f 4901 4609 4611
f 4610 4609 5510
f 5510 4609 5506
f 5510 5498 5499
f 5500 5497 5073
f 2725 2724 2720
f 5511 5544 5540
f 5539 3093 5541
f 5541 3093 3094
f 4819 5056 5060
f 2722 2726 2731
f 4678 4679 4676
f 4676 4677 4678
f 167 165 164
f 197 112 198
f 7 6 11
f 51 63 64
f 2496 2494 2495
f 2501 2502 2506
f 5741 5801 5679
f 5725 5726 5658
f 5658 5731 5680
f 5680 5731 5741
f 4085 4109 4113
f 4073 4074 4085
f 4109 4107 4113
f 4113 4107 4114
f 2641 2771 4073
f 2641 2650 2771
f 4621 2988 1
f 4621 1 4623
f 5480 5436 4640
f 5425 5452 5445
f 5424 5396 5440
f 5440 5396 5439
f 5439 5396 5438
f 5442 5438 5446
f 5448 5447 5441
f 5417 5373 5416
f 5416 5316 5418
f 5418 5316 5518
f 2704 2702 2705
f 5518 5519 5524
f 652 765 679
f 5403 5405 2564
f 5405 5297 5407
f 5407 5297 5294
f 2702 2713 2714
f 2713 2715 2714
f 624 781 625
f 625 781 564
f 2717 2715 2725
f 4902 5488 4609
f 4609 5488 5506
f 5510 5506 5498
f 5073 5544 5511
f 5540 4898 5539
f 5539 4898 3093
f 4817 4819 4879
f 4816 5051 4819
f 4817 4816 4819
f 5060 5056 5057
f 5057 5058 4679
f 2731 227 236
f 4679 5058 4676
f 236 227 165
f 168 136 180
f 4 6 7
f 1508 1507 1466
f 1346 1345 1327
f 309 2490 307
f 307 2490 2496
f 2496 2490 2494
f 5677 5905 5761
f 5677 5761 5725
f 5658 5726 5731
f 2637 4073 3692
f 3692 4073 4085
f 3692 4085 4113
f 3691 4113 3696
f 3696 4113 3699
f 2637 2641 4073
f 2993 3292 2992
f 2992 3330 2991
f 2991 3330 3340
f 2991 3340 2987
f 2987 3340 4564
f 2987 4564 2984
f 2984 4622 2988
f 1 2 3
f 4622 2 2988
f 5531 5473 5532
f 5533 5531 5532
f 2659 2658 2671
f 5532 5473 5480
f 5480 5473 5436
f 5436 5431 5433
f 5433 5431 5425
f 2671 2695 2696
f 2696 2695 2711
f 733 731 732
f 740 733 732
f 5438 5394 5423
f 2711 2695 2704
f 5423 5447 5448
f 5447 5429 5441
f 5429 5373 5441
f 5373 5324 5416
f 5416 5324 5316
f 5518 5316 5327
f 5518 5327 5326
f 5518 5326 5519
f 2704 2701 2702
f 5519 5326 5524
f 5524 5326 5403
f 5403 5404 5405
f 5405 5404 5297
f 5294 5293 5400
f 5400 5293 5398
f 5397 5301 4902
f 4902 5301 5475
f 4902 5475 5488
f 5488 5475 5478
f 5478 5502 5506
f 5506 5502 5498
f 5498 5496 5497
f 5073 4815 5544
f 4815 4816 4817
f 4815 4817 4818
f 4815 4818 5544
f 4817 4820 4818
f 5544 4818 5540
f 4818 4898 5540
f 2726 2956 2731
f 2731 2956 227
f 180 136 181
f 235 244 280
f 2476 2474 2501
f 5726 5748 5731
f 5731 5743 5741
f 3692 4113 3691
f 2637 2640 2641
f 3704 3705 3703
f 2641 2649 2650
f 3292 3329 2992
f 2992 3329 3330
f 3329 3327 3330
f 2655 2658 2657
f 2652 2655 2657
f 2993 3290 3292
f 859 3290 2986
f 2657 2658 2659
f 4564 4563 2984
f 2984 4563 4622
f 2 4917 3
f 3 4917 5533
f 2658 2689 2671
f 5473 5437 5436
f 5431 5413 5425
f 5425 5413 5412
f 2671 2689 2695
f 5412 5409 5452
f 5452 5409 5424
f 5424 5409 5396
f 5438 5396 5394
f 5423 5394 5395
f 5423 5395 5447
f 5395 5429 5447
f 5429 5346 5373
f 2702 2700 2713
f 5398 5299 5397
f 5397 5299 5301
f 5301 5302 5475
f 5475 5302 5476
f 5475 5476 5478
f 2715 2716 2725
f 5502 5496 5498
f 2725 2897 2724
f 5497 5072 5073
f 5073 5072 4815
f 2897 2895 2723
f 2724 2897 2723
f 4815 5050 4816
f 4818 4820 4898
f 4898 4892 3097
f 4898 3097 3093
f 2723 2895 2726
f 5058 5059 4676
f 4676 4523 4677
f 4676 5059 4523
f 164 162 168
f 13 16 47
f 13 47 22
f 280 272 309
f 2477 2471 2475
f 2475 2474 2476
f 2474 2502 2501
f 5731 5748 5743
f 2634 2637 3692
f 2634 3692 3691
f 3696 3699 3697
f 2637 2636 2640
f 2641 2640 2649
f 2652 2649 2655
f 3329 3328 3327
f 3340 3327 3324
f 4564 3324 4563
f 4563 4918 4622
f 4622 4918 2
f 5533 4917 5531
f 5437 5431 5436
f 2689 2694 2695
f 5396 5391 5394
f 5394 5393 5395
f 2704 2695 2703
f 5429 5374 5346
f 2703 2701 2704
f 5373 5346 5324
f 5327 5305 5326
f 5293 5299 5398
f 2713 2716 2715
f 5299 5298 5301
f 5301 5298 5302
f 5478 5479 5502
f 2716 2903 2725
f 2725 2903 2897
f 4815 5072 5050
f 4816 5050 5051
f 4894 4895 4898
f 4820 4894 4898
f 5057 5027 5058
f 5058 5027 5059
f 5059 5026 4523
f 3566 3556 3565
f 197 111 112
f 112 100 101
f 86 83 4
f 22 47 50
f 1465 1338 1345
f 2502 2505 5143
f 5725 5761 5726
f 2634 2636 2637
f 3328 3326 3327
f 3326 3325 3327
f 3327 3325 3324
f 884 848 787
f 4563 4562 4918
f 4917 5530 5531
f 4918 4562 4919
f 4918 4919 4913
f 2 4918 4917
f 4918 4913 4917
f 5531 5530 5473
f 5473 5530 5527
f 5437 5432 5431
f 792 748 761
f 5431 2053 5413
f 5413 5411 5412
f 761 748 745
f 5412 5411 5409
f 5409 5392 5396
f 5391 5393 5394
f 5395 5393 5365
f 5395 5365 5368
f 729 688 685
f 5316 5305 5327
f 5326 5325 5403
f 5325 5296 5403
f 5403 5296 5404
f 5476 5479 5478
f 2909 2903 2716
f 5502 5479 5503
f 5502 5503 5496
f 5495 5072 5497
f 5496 5495 5497
f 5050 5049 5051
f 5051 5049 5053
f 699 697 700
f 5056 5053 5057
f 5057 5053 5027
f 2956 166 227
f 5027 5026 5059
f 227 166 165
f 5026 4520 4523
f 4520 4522 4523
f 181 133 197
f 50 58 51
f 63 107 79
f 1466 1467 1465
f 79 107 244
f 79 244 235
f 1338 1329 1327
f 1345 1338 1327
f 2490 2489 2494
f 2494 2489 2495
f 2478 2471 2477
f 5766 5758 5726
f 5761 5766 5726
f 5726 5758 5748
f 5743 5748 5756
f 2636 2644 2640
f 2640 2644 2649
f 2649 2656 2655
f 3289 3291 3343
f 3289 3343 3342
f 3342 3343 4488
f 3284 3283 3287
f 3342 4488 4487
f 3342 4487 4490
f 4487 3326 3328
f 2667 2679 2658
f 2655 2667 2658
f 2679 2688 2658
f 3324 4056 4563
f 2658 2688 2689
f 4056 4562 4563
f 4917 4916 5530
f 5530 4916 5529
f 5530 5529 5527
f 4919 4911 4913
f 2689 2693 2694
f 5432 2053 5431
f 2053 5414 5413
f 2694 2690 2695
f 5392 5213 5391
f 5396 5392 5391
f 730 729 671
f 5374 5368 5313
f 5374 5313 5346
f 2702 2701 2700
f 2700 2710 2713
f 5297 5291 5294
f 5294 5291 5293
f 5293 5292 5299
f 2895 2890 2726
f 4877 4895 4894
f 2726 2890 2956
f 165 163 164
f 136 133 181
f 197 133 111
f 111 100 112
f 101 83 86
f 3503 3406 3410
f 47 56 50
f 244 272 280
f 2495 2478 2477
f 2475 2471 2474
f 5748 5758 5756
f 2645 2644 2636
f 2655 2656 2667
f 3289 3283 3291
f 4487 4486 3326
f 3326 4486 3321
f 3326 3321 3325
f 838 835 837
f 3325 3321 3322
f 3325 3322 3324
f 4056 4058 4562
f 2688 2693 2689
f 4562 916 4919
f 4562 4058 916
f 4913 4911 4912
f 5527 5525 5526
f 4919 916 4673
f 4919 4673 4911
f 5526 5525 5432
f 792 760 4673
f 916 792 4673
f 5432 5525 5435
f 5432 5435 2053
f 5413 5414 5411
f 2695 2692 2703
f 5365 5367 5368
f 671 729 662
f 5368 5367 5313
f 5346 5313 5324
f 5305 5325 5326
f 5404 5296 5297
f 2710 2908 2713
f 2908 2909 2713
f 2713 2909 2716
f 5302 5345 5476
f 5503 5494 5496
f 5496 5494 5495
f 2903 2898 2897
f 2897 2882 2895
f 4895 4889 4892
f 166 163 165
f 4520 4521 4522
f 162 136 168
f 100 83 101
f 4 5 6
f 51 58 63
f 69 107 63
f 2495 2489 2478
f 2474 2480 2502
f 2502 2480 2505
f 5756 5786 5743
f 3690 2635 2634
f 2634 2635 2636
f 2644 2653 2649
f 2649 2653 2656
f 3291 3344 3343
f 4488 4485 4487
f 4487 4483 4486
f 3321 3320 3322
f 3322 3323 3324
f 3323 4052 4056
f 3324 3323 4056
f 4056 4052 4057
f 5529 5528 5527
f 902 916 4058
f 4911 4672 4912
f 5527 5528 5525
f 5435 2054 2053
f 2053 2050 5414
f 5414 5410 5411
f 2693 2690 2694
f 5411 5410 5409
f 5409 5410 5392
f 2690 2692 2695
f 755 738 739
f 5391 5364 5393
f 5393 5364 5365
f 2692 2701 2703
f 5324 5313 5303
f 5324 5303 5316
f 5316 5303 5305
f 5305 5304 5325
f 5325 5335 5296
f 5296 5291 5297
f 5293 5291 5292
f 5292 5298 5299
f 5476 5345 5477
f 5476 5477 5479
f 5479 5477 5505
f 5479 5505 5503
f 5503 5505 5494
f 2897 2898 2882
f 2895 2882 2890
f 4877 4889 4895
f 5026 5027 4520
f 4521 4524 4522
f 4520 4525 4521
f 83 5 4
f 6 15 11
f 11 15 13
f 13 15 16
f 1465 1467 1338
f 272 312 309
f 309 312 2490
f 312 2488 2490
f 2490 2488 2489
f 2471 2470 2474
f 2474 2470 2480
f 5766 5785 5758
f 5758 5785 5756
f 5756 5785 5786
f 2638 2645 2636
f 2635 2638 2636
f 2680 2667 2656
f 3283 3285 3293
f 3283 3293 3291
f 3343 3346 4488
f 4488 3346 4485
f 4486 3333 3321
f 4486 4483 3333
f 3333 3319 3321
f 3321 3319 3320
f 3319 3316 3320
f 3320 3316 3322
f 3322 3316 3323
f 3336 3335 4052
f 4052 4051 4053
f 4916 4915 5529
f 5529 4915 5528
f 2688 2687 2693
f 4672 4669 4912
f 4912 4669 4914
f 4912 4914 4916
f 4914 4915 4916
f 760 759 4672
f 5525 2063 5435
f 5410 5211 5392
f 5392 5211 5213
f 5213 5364 5391
f 5365 5363 5367
f 5303 5304 5305
f 5304 5335 5325
f 5345 5372 5477
f 5505 5504 5494
f 5495 5065 5072
f 5065 5055 5072
f 5072 5055 5050
f 5055 5047 5050
f 5050 5047 5049
f 4520 5027 4525
f 56 58 50
f 1507 1470 1466
f 2645 2654 2644
f 2644 2654 2653
f 2653 2663 2656
f 3291 3293 3344
f 3343 3344 3346
f 4487 4485 4483
f 837 836 839
f 2679 2687 2688
f 4484 841 3333
f 4483 4484 3333
f 3319 3318 3316
f 3316 3315 3323
f 3323 3315 3335
f 3323 3335 3336
f 3333 842 4643
f 3333 4643 3319
f 842 4644 4643
f 4051 4061 4053
f 4669 4671 4914
f 5528 4928 5525
f 4672 763 4669
f 2063 2054 5435
f 2054 2052 2053
f 2053 2052 2050
f 5414 2050 5415
f 5414 5415 5410
f 5410 5415 5211
f 5211 5212 5213
f 5364 5363 5365
f 2700 2709 2710
f 5291 5288 5292
f 2908 2906 2909
f 5298 5300 5302
f 5302 5300 5306
f 5302 5306 5345
f 5306 5372 5345
f 2901 2903 2909
f 5372 5505 5477
f 2903 2902 2898
f 5494 5065 5495
f 2898 2881 2882
f 5049 5043 5053
f 2890 261 2956
f 2956 261 166
f 5027 5023 4525
f 163 162 164
f 83 84 5
f 15 55 16
f 1467 1336 1338
f 1329 1336 1333
f 2653 2654 2663
f 2663 2680 2656
f 3285 3286 3293
f 4485 4484 4483
f 3317 3314 3316
f 3318 3317 3316
f 3316 3314 3315
f 3315 3314 3312
f 3315 3312 3308
f 3315 3308 3335
f 4643 4645 3318
f 3308 4050 4051
f 3335 3308 4051
f 4671 4920 4915
f 4914 4671 4915
f 4915 4920 4921
f 4915 4921 5528
f 2687 2684 2690
f 4669 763 4670
f 4669 4670 4671
f 4928 5560 2063
f 5525 4928 2063
f 2063 5560 3194
f 3194 2062 2063
f 2055 2052 2054
f 5415 5426 5211
f 2684 2692 2690
f 2063 2062 2054
f 5211 5426 5212
f 810 755 673
f 5212 5366 5213
f 5213 5366 5364
f 5364 5245 5363
f 2692 2700 2701
f 2707 2709 2700
f 5336 5290 5296
f 5335 5336 5296
f 5296 5290 5291
f 5306 5193 5372
f 5372 5513 5505
f 5372 5193 5513
f 5505 5513 5504
f 5053 5043 5023
f 5053 5023 5027
f 162 137 136
f 136 137 134
f 136 134 133
f 6 17 15
f 16 55 47
f 58 69 63
f 2489 2473 2478
f 2635 2639 2638
f 2638 2639 2648
f 2648 2654 2645
f 2638 2648 2645
f 2667 2680 2685
f 3286 3345 3293
f 3293 3345 3344
f 3344 3345 3346
f 4485 3346 4489
f 4485 4489 4484
f 4489 928 4484
f 3317 3313 3314
f 3314 3313 3312
f 3312 3307 3308
f 4671 4675 4920
f 4921 4922 5528
f 5528 4922 4928
f 2055 3194 2059
f 2055 2059 2052
f 5415 2044 5426
f 5366 5245 5364
f 5363 5242 5367
f 5367 5242 5313
f 5242 5241 5313
f 5313 5241 5303
f 2709 2925 2710
f 2710 2925 2908
f 2906 2901 2909
f 5300 5320 5306
f 2901 2902 2903
f 5306 5320 5193
f 5193 5195 5513
f 5513 5195 5515
f 5513 5515 5492
f 5513 5492 5504
f 723 724 722
f 2881 2880 2882
f 2882 2880 2890
f 5047 5040 5049
f 5049 5040 5043
f 5023 4527 4525
f 4525 4526 4524
f 4525 4527 4526
f 3576 3582 3577
f 111 85 100
f 5 17 6
f 47 55 56
f 2488 2484 2489
f 2489 2484 2473
f 3358 3356 2642
f 2642 2639 2635
f 3358 2642 2635
f 2648 2660 2654
f 2660 2664 2654
f 2654 2664 2663
f 3345 3347 3346
f 3346 3347 3348
f 3346 3348 4519
f 3286 4251 3345
f 4251 856 4250
f 2685 2678 2687
f 4250 856 860
f 3312 3313 3306
f 3312 3306 3307
f 3307 3304 3308
f 3308 3304 3311
f 3308 3311 4054
f 3317 4651 3313
f 2678 2684 2687
f 4652 4648 4653
f 4653 4648 4650
f 4675 4634 4921
f 4920 4675 4921
f 4921 4634 4922
f 4922 4923 4928
f 4928 3192 5560
f 762 758 4674
f 4670 762 4674
f 3188 2051 3192
f 3192 2051 2059
f 2050 2046 2044
f 2050 2044 5415
f 2684 2691 2692
f 2059 2051 2052
f 2051 2046 2050
f 5426 5239 5212
f 5212 5239 5244
f 2692 2691 2700
f 5366 5317 5245
f 5363 5219 5242
f 5304 5246 5335
f 5335 5246 5342
f 610 618 611
f 5288 5295 5292
f 5295 5298 5292
f 5320 5194 5193
f 5193 5194 5195
f 5195 5194 5515
f 5504 5492 5494
f 5494 5492 5493
f 5494 5493 5065
f 721 692 728
f 5055 5041 5047
f 5047 5041 5040
f 163 140 162
f 162 138 137
f 100 85 83
f 58 68 69
f 3282 1510 1470
f 1470 1468 1466
f 1466 1468 1467
f 107 272 244
f 1467 1472 1336
f 2478 2473 2471
f 2470 2469 2480
f 3694 3356 3358
f 2664 2666 2663
f 2663 2666 2680
f 2680 2669 2685
f 3347 3349 3348
f 3348 3349 3350
f 3345 4250 4242
f 3345 4242 3347
f 3350 4007 4013
f 2685 2670 2678
f 4250 4244 4242
f 4013 4007 4010
f 3307 3306 3304
f 3311 3304 3310
f 3311 3310 3334
f 3313 4652 3306
f 3334 4064 4055
f 4652 4653 3306
f 4055 4064 4066
f 4055 4066 4060
f 4060 4066 4063
f 4634 4636 4922
f 4922 4636 4923
f 4928 4923 3193
f 4928 3193 3192
f 4675 4674 4634
f 3192 3193 3188
f 2683 2686 2684
f 2684 2686 2691
f 3188 3186 2051
f 2044 5343 5426
f 5426 5343 5239
f 3186 2058 2051
f 2051 2058 2057
f 2051 2057 2046
f 2700 2691 2707
f 5363 5245 5220
f 5363 5220 5219
f 2925 2907 2908
f 2908 2907 2906
f 5320 5472 5194
f 5194 5490 5492
f 5515 5194 5492
f 5492 5490 5491
f 5065 5041 5055
f 140 138 162
f 76 107 69
f 4035 1336 1472
f 312 2487 2488
f 2669 2670 2685
f 3347 3353 3352
f 3347 3352 3349
f 3349 3352 3351
f 3349 3351 3350
f 3350 3351 4008
f 3350 4008 4007
f 4007 4008 4009
f 4007 4009 4010
f 4247 4249 4011
f 4010 4009 4011
f 3033 3303 3304
f 3306 3033 3304
f 4066 4069 4063
f 4635 920 4636
f 4634 4635 4636
f 2046 2045 2044
f 2045 2037 2044
f 3186 924 2058
f 2057 2056 2046
f 2056 2045 2046
f 2058 808 4259
f 2058 4259 2057
f 924 814 808
f 2058 924 808
f 4259 4258 2057
f 808 680 4259
f 5304 5240 5246
f 5298 5295 5300
f 5472 5471 5194
f 5471 5490 5194
f 5492 5491 5493
f 2902 2888 2898
f 2898 2888 2881
f 261 221 166
f 166 221 151
f 166 151 163
f 4527 4528 4526
f 4527 5023 4529
f 126 110 111
f 133 126 111
f 111 110 85
f 85 84 83
f 84 72 5
f 58 59 68
f 107 266 272
f 1467 1469 1472
f 272 266 312
f 2488 2487 2484
f 2473 2468 2471
f 2471 2468 2470
f 2642 2643 2639
f 2639 2651 2648
f 2648 2651 2660
f 3352 3353 3351
f 3347 4241 3353
f 3351 4012 4008
f 4008 4012 4009
f 3310 3331 3334
f 2678 2683 2684
f 3334 3331 3341
f 3334 3341 4064
f 4636 4924 4923
f 4923 4924 4925
f 4923 4925 3193
f 3193 3189 3188
f 2044 2037 2043
f 2044 2043 5343
f 3186 851 924
f 4259 633 4258
f 5317 5243 5245
f 5245 5217 5220
f 2707 2934 2709
f 2709 2934 2925
f 5336 5314 5290
f 2907 2905 2906
f 5300 5319 5320
f 2906 2905 2901
f 5472 5321 5471
f 2902 2900 2888
f 5493 5062 5065
f 5065 5062 5041
f 2880 2879 2890
f 5023 4530 4529
f 17 54 15
f 266 313 312
f 312 313 2487
f 2468 2469 2470
f 2469 2500 2480
f 2480 2500 2510
f 3356 2643 2642
f 2646 2651 2639
f 2643 2646 2639
f 2651 2665 2660
f 2660 2665 2664
f 3353 4241 3355
f 3353 3355 3354
f 3353 3354 3351
f 3351 3354 4012
f 2670 2675 2678
f 4241 4243 3355
f 4243 4246 3355
f 3355 4246 4009
f 3355 4009 3354
f 3354 4009 4012
f 2675 2683 2678
f 3033 3031 3303
f 3303 3305 3304
f 3304 3305 3309
f 3304 3309 3310
f 3310 3309 3331
f 3341 4065 4064
f 4064 4065 4066
f 4636 4260 4924
f 4925 4926 3193
f 3193 4926 4927
f 3193 4927 3189
f 2686 2699 2691
f 3188 3187 3186
f 3186 3187 851
f 851 904 924
f 857 2048 2056
f 2056 2048 2045
f 5244 5243 5317
f 5219 5237 5242
f 5242 5237 5241
f 5241 5237 5240
f 5342 5314 5336
f 2925 2920 2907
f 5290 5289 5288
f 5288 5261 5295
f 5295 5261 5300
f 5320 5319 5321
f 5471 5321 5358
f 5358 5360 5471
f 5360 5419 5490
f 5471 5360 5490
f 2901 2900 2902
f 5490 5419 5491
f 5491 5062 5493
f 5062 5035 5041
f 2890 2924 261
f 54 55 15
f 68 76 69
f 1510 1473 1468
f 1468 1473 1469
f 1468 1469 1467
f 3714 3712 3719
f 2664 2665 2666
f 2666 2665 2668
f 2666 2668 2669
f 2683 2677 2686
f 3188 3189 3187
f 2045 2047 2037
f 2043 2041 5239
f 5343 2043 5239
f 2048 2047 2045
f 2699 2708 2691
f 2691 2708 2707
f 5243 5217 5245
f 5220 5217 5219
f 5219 5216 5237
f 5240 5238 5246
f 2934 2920 2925
f 5314 5289 5290
f 5321 5319 5358
f 5491 5419 5062
f 2879 2924 2890
f 5040 5042 5043
f 5043 5042 5023
f 72 48 5
f 5 48 17
f 55 60 56
f 57 59 58
f 1510 1509 1473
f 76 238 107
f 238 266 107
f 1469 1511 1472
f 2484 2483 2473
f 3356 3357 2643
f 4927 3191 3189
f 2686 2933 2699
f 813 904 851
f 5239 2041 5225
f 5239 5225 5244
f 5244 5225 5243
f 5217 5216 5219
f 2707 2708 2934
f 5237 5238 5240
f 5238 5247 5246
f 5246 5247 5342
f 5342 5247 5314
f 5288 5286 5261
f 5261 5318 5300
f 5300 5318 5319
f 5358 5359 5360
f 5360 5359 5419
f 2901 2899 2900
f 5419 5061 5062
f 2881 2878 2880
f 2880 2878 2879
f 5041 5035 5040
f 5040 5034 5042
f 138 135 137
f 135 134 137
f 85 72 84
f 48 54 17
f 54 60 55
f 1469 1474 1511
f 2668 2673 2670
f 2669 2668 2670
f 2673 2674 2670
f 3303 3029 3305
f 3305 3029 3018
f 3305 3018 3309
f 3309 3018 3023
f 3309 3023 3331
f 3331 3023 3332
f 3331 3332 3341
f 2675 2677 2683
f 3341 3332 4067
f 3341 4067 4065
f 4067 4068 4065
f 2677 2933 2686
f 4260 4261 4924
f 4924 4261 4925
f 4926 4925 4927
f 3189 3191 3190
f 3190 919 3187
f 2920 2919 2907
f 5289 5286 5288
f 2919 2904 2907
f 2907 2904 2905
f 5319 5356 5358
f 2905 2899 2901
f 5358 5356 5359
f 5359 5481 5419
f 5419 5481 5061
f 5061 5035 5062
f 2888 2878 2881
f 5035 5034 5040
f 151 140 163
f 134 135 126
f 1486 1473 1509
f 313 2486 2487
f 2483 2479 2473
f 2473 2479 2468
f 2643 2647 2646
f 2646 2921 2651
f 2665 2921 2668
f 2674 2676 2675
f 3029 3030 3028
f 3029 3028 3018
f 3030 4656 4659
f 4925 4261 4263
f 4925 4263 4927
f 4263 4322 3191
f 4927 4263 3191
f 3191 4322 4497
f 4260 914 913
f 4260 913 4261
f 4497 4498 4496
f 4498 3075 4496
f 913 811 815
f 913 815 830
f 4496 3075 2049
f 4496 2049 2048
f 2037 2031 2043
f 2043 2031 2041
f 2048 2049 2047
f 2049 2038 2047
f 2047 2038 2036
f 2047 2036 2037
f 832 632 665
f 2708 2923 2934
f 5237 5216 5238
f 2934 2923 2920
f 5314 5286 5289
f 5286 5252 5261
f 2904 2899 2905
f 5359 5076 5481
f 5481 5076 5061
f 5042 5024 5023
f 3411 3414 3415
f 60 57 56
f 1474 1531 1511
f 2486 2485 2484
f 2487 2486 2484
f 2468 2466 2469
f 2469 2466 2500
f 3357 2647 2643
f 2646 2922 2921
f 2675 2676 2677
f 3023 3026 3332
f 3332 3026 3337
f 3332 3337 2527
f 2527 3337 2526
f 2527 2526 2514
f 2527 2514 2523
f 3028 3019 3018
f 2523 2514 2518
f 2523 2518 2522
f 4263 4318 4319
f 4263 4319 4322
f 4497 4322 4498
f 4498 4322 3076
f 4261 4262 4263
f 4498 3076 3075
f 4262 913 830
f 3075 3073 2049
f 3073 926 2049
f 2049 926 2038
f 5225 5224 5243
f 5243 5224 5217
f 5217 5214 5216
f 5238 5248 5247
f 5247 5287 5314
f 5314 5287 5286
f 5318 5357 5319
f 5356 5378 5359
f 5359 5378 5076
f 2899 2891 2900
f 5076 5046 5061
f 5061 5046 5035
f 2900 2891 2888
f 5034 5024 5042
f 140 139 138
f 5023 5022 4530
f 76 228 238
f 1473 1486 1485
f 1485 1474 1473
f 266 306 313
f 313 306 2486
f 2479 2467 2468
f 2468 2467 2466
f 3357 3361 2647
f 2917 2916 2668
f 2668 2916 2673
f 2676 2682 2677
f 3013 3022 3023
f 3023 3022 3026
f 2514 2516 2518
f 3075 3074 3073
f 2038 2032 2036
f 2036 2032 2031
f 2041 2039 5225
f 2039 5224 5225
f 831 911 926
f 926 911 2038
f 2038 911 929
f 911 665 929
f 5224 5214 5217
f 5216 5218 5238
f 5238 5218 5315
f 5248 5249 5247
f 5247 5249 5287
f 5252 5260 5261
f 5261 5260 5318
f 5046 5039 5035
f 141 139 140
f 138 139 135
f 126 119 110
f 72 82 48
f 54 71 60
f 60 65 57
f 59 73 68
f 1486 1488 1487
f 1486 1487 1485
f 238 271 266
f 266 271 306
f 2647 2922 2646
f 2673 2916 2674
f 2916 2926 2674
f 2516 2519 2518
f 2930 2929 2933
f 2518 2519 2522
f 4322 3077 3076
f 2933 2929 2699
f 3076 3074 3075
f 830 826 4264
f 2031 2039 2041
f 2699 2911 2708
f 2039 5223 5224
f 5224 5223 5214
f 2708 2911 2923
f 5214 5215 5216
f 5215 5218 5216
f 5315 5248 5238
f 2923 2894 2920
f 2920 2894 2896
f 2920 2896 2919
f 5287 5249 5286
f 2896 2886 2904
f 2886 2876 2904
f 2904 2876 2899
f 5319 5357 5355
f 5319 5355 5356
f 5378 5375 5076
f 2899 2876 2891
f 151 141 140
f 85 110 91
f 85 91 72
f 54 70 71
f 57 65 66
f 57 66 59
f 73 76 68
f 1488 1489 1487
f 228 271 238
f 2485 2491 2483
f 2466 2503 2500
f 2676 2681 2682
f 2682 2930 2933
f 4318 4321 4320
f 4318 4320 4319
f 4319 4320 4322
f 4322 4320 4323
f 4322 4323 3077
f 2929 2911 2699
f 3074 3072 3073
f 2031 2035 2039
f 3073 917 926
f 5218 5332 5315
f 5332 5333 5315
f 5315 5333 5248
f 5248 5250 5249
f 5355 5352 5356
f 5039 5033 5035
f 2888 2872 2878
f 119 91 110
f 54 48 70
f 71 65 60
f 59 66 73
f 76 73 228
f 1488 4570 4575
f 4570 4574 4575
f 4574 4583 1088
f 1487 1491 1485
f 4583 5166 1088
f 1485 1491 1492
f 1485 1492 1474
f 1474 1492 1531
f 3360 3362 3361
f 2674 2681 2676
f 3026 3338 3337
f 3337 3338 2526
f 3077 3072 3074
f 3076 3077 3074
f 3072 917 3073
f 929 927 2032
f 5218 5215 5332
f 5333 5250 5248
f 5249 5252 5286
f 5356 5375 5378
f 5035 5033 5034
f 221 147 151
f 151 147 141
f 4530 4302 4306
f 185 119 126
f 66 89 73
f 73 89 228
f 1490 1488 4575
f 1488 1490 1489
f 1490 1496 1489
f 4574 1081 4576
f 1489 1496 1487
f 1487 1496 1491
f 1088 1087 1081
f 271 297 306
f 297 2499 306
f 306 2499 2486
f 2486 2499 2485
f 1492 4038 4029
f 1492 4029 1531
f 5166 2461 1098
f 2922 2913 2921
f 2921 2915 2917
f 2926 2681 2674
f 3338 2525 2526
f 3013 3014 3015
f 2526 2525 2514
f 2516 2520 2519
f 2032 2025 2031
f 2911 2894 2923
f 5318 5354 5357
f 5357 5354 5355
f 5352 5375 5356
f 5375 5090 5076
f 5076 5090 5046
f 261 195 221
f 3582 3597 3598
f 139 143 135
f 3595 3596 3587
f 4302 4304 4306
f 183 185 135
f 91 82 72
f 4575 1521 1490
f 1490 1520 1496
f 228 268 271
f 1496 4558 1491
f 271 268 297
f 1060 1087 1086
f 1088 1086 1087
f 2499 2492 2485
f 2485 2492 2491
f 1098 1097 1088
f 1088 1097 1086
f 2491 2493 2482
f 2491 2482 2479
f 2467 2465 2466
f 2503 2466 2460
f 2503 2460 2461
f 3362 2629 3361
f 3361 2629 2647
f 2647 2913 2922
f 2921 2913 2915
f 2514 2515 2516
f 2516 2515 2520
f 4320 4321 4324
f 4320 4324 4323
f 4323 4324 3078
f 4323 3078 3077
f 3077 3078 3072
f 2929 2927 2911
f 2927 2889 2911
f 3072 910 917
f 2025 2030 2031
f 2031 2030 2035
f 5215 5214 5221
f 2896 2887 2886
f 5260 5284 5318
f 5318 5284 5354
f 2876 2871 2891
f 2871 2872 2891
f 2878 2868 2879
f 2879 2873 2924
f 2924 2873 261
f 135 143 183
f 48 75 70
f 71 77 65
f 65 77 66
f 1522 1520 1521
f 1521 1520 1490
f 1521 4576 4577
f 89 229 228
f 1520 1523 1496
f 229 268 228
f 4576 1081 1079
f 1081 1060 1079
f 1060 1086 1034
f 2492 2493 2491
f 1086 1090 1034
f 1086 1097 1090
f 1097 1103 1090
f 1098 2459 1097
f 2459 1103 1097
f 2465 2460 2466
f 2461 2460 2459
f 2915 2916 2917
f 3022 3025 3026
f 3026 3025 3338
f 2525 2517 2514
f 2514 2517 2515
f 4321 915 4481
f 4321 4481 4324
f 4324 4481 4482
f 4324 4482 3078
f 915 829 4481
f 3078 4482 910
f 3078 910 3072
f 4481 829 910
f 2039 5226 5223
f 5223 5229 5222
f 2911 2889 2894
f 5223 5222 5214
f 2896 2885 2887
f 5249 5251 5252
f 5253 5259 5252
f 5252 5259 5260
f 5260 5282 5284
f 5284 5283 5354
f 5046 5038 5039
f 5039 5038 5033
f 2878 2872 2868
f 2879 2868 2873
f 2873 262 261
f 261 262 195
f 221 195 147
f 5023 5024 5022
f 82 81 48
f 66 90 89
f 1522 1521 4577
f 1520 1522 1523
f 4558 4561 4559
f 1079 1060 1073
f 1056 1060 1034
f 297 2170 2499
f 2499 2170 2492
f 2492 2169 2493
f 1034 1090 1035
f 1090 1075 1035
f 1090 1103 1075
f 1103 2512 1075
f 2479 2482 2467
f 2459 2508 1103
f 2629 2914 2647
f 2916 2791 2926
f 2791 2790 2926
f 2926 2790 2681
f 2681 2930 2682
f 3022 3021 3025
f 4481 910 4482
f 5215 5221 5334
f 5215 5334 5332
f 5333 5331 5250
f 2894 2885 2896
f 5252 5251 5253
f 5260 5259 5282
f 5284 5282 5283
f 5046 5054 5038
f 5033 5030 5034
f 91 93 82
f 81 75 48
f 70 78 71
f 1810 5064 1812
f 1811 1810 1812
f 1522 4577 4578
f 1522 4578 1523
f 242 268 229
f 4558 5084 4561
f 1060 1056 1073
f 268 322 297
f 4560 4557 4556
f 1034 1030 1033
f 1056 1034 1033
f 297 322 2170
f 1034 1035 1030
f 4556 4557 4046
f 4556 4046 4045
f 2169 2399 2493
f 1035 1075 1032
f 1032 1075 1072
f 2493 2399 2482
f 1075 2512 1095
f 1075 1095 1072
f 2482 2465 2467
f 2465 2458 2460
f 2459 2458 2455
f 2459 2455 2508
f 2455 2448 2508
f 2508 2448 2512
f 2914 2799 2913
f 2915 2795 2916
f 2916 2795 2791
f 2930 2928 2929
f 5226 5229 5223
f 2889 2884 2894
f 5222 5221 5214
f 5333 5332 5331
f 5250 5251 5249
f 5090 5054 5046
f 5034 5030 5024
f 147 142 141
f 141 142 139
f 5022 4302 4530
f 185 183 192
f 119 117 91
f 3420 3416 3423
f 71 87 77
f 77 88 66
f 66 88 90
f 1807 1808 1809
f 1807 1809 1810
f 1809 5064 1810
f 1811 4578 4579
f 5064 5083 1812
f 1812 5083 4578
f 89 242 229
f 4578 5083 5082
f 4578 5082 1523
f 1523 5082 5084
f 5084 5095 4561
f 5095 5096 4560
f 3447 4048 3456
f 4560 5096 5097
f 4560 5097 4557
f 4557 5097 4046
f 1095 1094 1072
f 1072 1094 1062
f 2465 2472 2458
f 2455 2458 2450
f 2455 2450 2448
f 2512 2511 1095
f 2512 2448 2511
f 1095 2511 1094
f 2799 2797 2913
f 2913 2797 2915
f 2790 2793 2681
f 2681 2793 2930
f 3021 3024 3025
f 3025 3024 3339
f 3025 3339 3338
f 3338 3339 2525
f 2525 3339 2524
f 2525 2524 2517
f 2517 2524 2515
f 2515 2524 2521
f 2515 2521 2520
f 2928 2927 2929
f 2884 2885 2894
f 2858 2860 2887
f 2887 2860 2886
f 5354 5352 5355
f 2886 2860 2876
f 2876 2864 2871
f 2871 2868 2872
f 139 142 143
f 91 117 93
f 1804 1806 1805
f 1805 1806 1807
f 1806 1808 1807
f 1806 1809 1808
f 1809 1806 5019
f 1809 5015 5064
f 5064 5015 5074
f 90 242 89
f 5064 5074 5083
f 5082 5081 5084
f 268 294 323
f 5084 5081 5085
f 5084 5085 5095
f 268 323 322
f 5085 5096 5095
f 5096 4797 5097
f 5097 4797 4047
f 1030 1032 1023
f 4049 4034 4036
f 5097 4047 4046
f 2399 2305 2482
f 1062 1061 1023
f 2482 2309 2465
f 2465 2309 2472
f 1094 1061 1062
f 2472 2463 2458
f 2458 2463 2450
f 2450 2449 2448
f 2511 2448 2447
f 1094 2511 1061
f 1061 2511 2513
f 2511 2447 2513
f 2629 2799 2914
f 2797 2795 2915
f 2793 2792 2930
f 3024 3020 4541
f 3024 4541 3339
f 3339 4541 2524
f 3020 4542 4541
f 4541 4542 2524
f 3020 3027 4542
f 4542 3027 2521
f 4542 2521 2524
f 2927 2893 2889
f 5229 5227 5222
f 5222 5227 5221
f 2885 2858 2887
f 5259 5279 5282
f 2860 2864 2876
f 4302 4303 4304
f 4303 4307 4309
f 4304 4303 4309
f 192 117 119
f 75 78 70
f 71 78 87
f 1786 1802 1785
f 1786 1803 1802
f 1786 4999 5018
f 1803 1816 1802
f 87 88 77
f 1804 1805 1803
f 1786 1804 1803
f 1786 5018 1804
f 1803 1805 1816
f 1805 1818 1816
f 5018 1806 1804
f 1806 5018 5019
f 1809 4994 5015
f 5083 5074 5077
f 5083 5077 5082
f 242 294 268
f 5082 5077 5081
f 1074 1073 1056
f 5081 5086 5085
f 3456 4048 4726
f 5085 5093 5096
f 5085 5086 5093
f 5093 4797 5096
f 1033 1030 1031
f 2102 2341 2169
f 4726 4048 4049
f 1030 1023 1022
f 2169 2341 2399
f 4049 4036 4777
f 2399 2341 2305
f 4036 4042 4777
f 2482 2305 2309
f 1061 1052 1024
f 2309 2498 2472
f 2472 2498 2463
f 1061 1093 1052
f 2450 2463 2449
f 2463 2454 2449
f 2448 2449 2446
f 2448 2446 2447
f 1061 2513 1093
f 2790 2788 2793
f 2040 5226 2039
f 5334 5330 5332
f 5331 5328 5250
f 5250 5254 5251
f 5282 5279 5283
f 5283 5281 5353
f 5283 5353 5354
f 5354 5353 5352
f 5352 5376 5375
f 5033 5032 5030
f 93 102 81
f 1784 1785 1783
f 1784 1786 1785
f 1784 4999 1786
f 1783 1785 1802
f 4999 4992 5018
f 87 115 88
f 1816 4584 1802
f 5018 4992 4993
f 5018 4993 5019
f 5019 4993 1809
f 1809 4993 4994
f 5015 5020 5074
f 1080 1074 3130
f 5074 5020 5077
f 5077 4806 5081
f 4806 5086 5081
f 5086 4786 5093
f 4743 4049 4777
f 4743 4777 4767
f 4767 4777 4042
f 4767 4042 4778
f 4786 4797 5093
f 2341 2282 2305
f 4778 4042 4043
f 4778 4043 4786
f 4786 4043 4797
f 1022 1023 1018
f 2305 2283 2309
f 1024 1052 1025
f 2498 2497 2454
f 2463 2498 2454
f 1052 1093 1071
f 2449 2454 2446
f 2446 2454 2453
f 2447 2446 2433
f 2447 2433 2513
f 2513 2433 2435
f 1093 2513 1099
f 2513 2435 1099
f 1093 1099 1071
f 2791 2795 2794
f 2791 2787 2790
f 2792 2918 2930
f 2918 2928 2930
f 2889 2780 2884
f 5227 5228 5221
f 5332 5330 5331
f 2884 2877 2885
f 5250 5328 5254
f 5253 5258 5259
f 5375 5377 5090
f 183 184 192
f 124 93 117
f 81 102 75
f 78 105 87
f 1781 1784 1783
f 1781 5001 1784
f 1783 1802 1819
f 1784 5001 4999
f 5001 4991 4999
f 4999 4991 4992
f 88 239 90
f 90 239 242
f 4994 4974 5015
f 5015 4974 5020
f 5020 4814 5077
f 5077 4814 4806
f 2102 2087 2342
f 3458 4726 4725
f 4806 4779 4786
f 5086 4806 4786
f 2102 2342 2341
f 4767 4778 4779
f 4779 4778 4786
f 1024 1025 1019
f 2309 2283 2308
f 1025 1071 1027
f 1071 1070 1027
f 2446 2453 2443
f 2446 2443 2433
f 1071 1099 1100
f 1099 2435 1100
f 1071 1100 1070
f 2799 2798 2797
f 2787 2788 2790
f 2788 2792 2793
f 5226 5231 5229
f 2883 2877 2884
f 5330 5328 5331
f 2877 2858 2885
f 5254 5255 5251
f 2858 2859 2860
f 5279 5281 5283
f 5353 5348 5352
f 5376 5377 5375
f 5090 5377 5054
f 2871 2866 2868
f 2873 2932 262
f 5030 5028 5024
f 142 144 143
f 4302 4305 4303
f 75 108 105
f 75 105 78
f 1780 1781 1779
f 1780 1824 1781
f 1781 1782 1779
f 1824 5001 1781
f 1782 1819 1814
f 1779 1782 1814
f 4992 4973 4993
f 4994 4993 4972
f 239 295 242
f 4994 4972 4974
f 242 295 294
f 294 295 323
f 3459 4719 3460
f 5020 4813 4814
f 2086 2342 2087
f 3458 4725 4719
f 4725 4726 4743
f 1033 1031 1036
f 4768 4767 4780
f 4780 4779 4806
f 2342 2234 2341
f 4780 4767 4779
f 2341 2234 2282
f 1022 1018 1021
f 1018 1019 1020
f 1025 1027 1026
f 2308 2310 2497
f 2454 2497 2464
f 2454 2464 2453
f 1027 1070 1068
f 2453 2464 2443
f 2433 2443 2434
f 2433 2434 2435
f 2435 2434 2436
f 2435 2436 1100
f 1070 1100 1096
f 1100 2436 1096
f 1070 1096 1068
f 2629 2626 2799
f 2798 2796 2797
f 2797 2796 2795
f 2795 2796 2794
f 2928 2893 2927
f 2877 2861 2858
f 5259 5258 5279
f 5348 5351 5352
f 5352 5351 5376
f 2867 2869 2868
f 2868 2869 2873
f 5024 5028 5022
f 5022 4311 4302
f 152 184 183
f 124 118 93
f 102 108 75
f 1778 1780 1779
f 1778 1823 1780
f 1780 1823 1824
f 4989 4991 5001
f 4991 4973 4992
f 3419 3428 3429
f 115 230 88
f 230 239 88
f 4973 4972 4993
f 4974 4972 4812
f 4974 4812 5020
f 4812 4813 5020
f 2086 2084 2342
f 4792 4806 4814
f 1053 1036 1066
f 4725 4743 4740
f 4792 4768 4780
f 4792 4780 4806
f 4740 4767 4768
f 1019 1026 1037
f 2308 2250 2310
f 2497 2310 2320
f 2497 2320 2464
f 1068 1067 1029
f 2443 2464 2452
f 2443 2452 2434
f 2452 2437 2434
f 2434 2437 2436
f 2436 2437 2438
f 2436 2438 1096
f 1068 1096 1067
f 2438 1102 1096
f 1067 1096 1102
f 2791 2794 2787
f 2918 2893 2928
f 2893 2780 2889
f 2025 2027 2030
f 2030 2027 2035
f 5229 5230 5227
f 5232 5228 5227
f 5221 5228 5334
f 5251 5255 5256
f 2858 2861 2859
f 5256 5258 5253
f 5251 5256 5253
f 5258 5280 5279
f 5279 5280 5281
f 2866 2867 2868
f 142 147 144
f 4302 4311 4305
f 4305 4308 4307
f 192 127 117
f 1774 1825 1778
f 1774 1778 1777
f 1825 1823 1778
f 1778 1779 1777
f 1779 1814 1777
f 1824 1823 4989
f 1824 4989 5001
f 105 116 87
f 87 116 115
f 4991 4976 4973
f 239 315 295
f 295 315 2082
f 3460 4719 4720
f 4972 4969 4812
f 4719 4727 4720
f 4813 4812 4792
f 4727 4725 4740
f 4758 4740 4768
f 2311 2234 2342
f 1065 1036 1063
f 1063 1021 1020
f 2310 2260 2320
f 1038 1067 1040
f 2320 2307 2464
f 2464 2307 2331
f 1067 1082 1040
f 2464 2331 2452
f 2331 2456 2452
f 2452 2456 2437
f 2438 2437 2439
f 2438 2439 1102
f 1102 2439 2509
f 1067 1102 1082
f 1102 2509 1082
f 2799 2805 2798
f 2788 2781 2792
f 2792 2776 2918
f 2025 2026 2027
f 2884 2780 2883
f 5231 5230 5229
f 5227 5230 5232
f 5258 5263 5280
f 2860 2859 2863
f 2860 2863 2864
f 2864 2863 2871
f 2869 2932 2873
f 143 152 183
f 191 127 192
f 93 118 102
f 102 109 108
f 108 125 105
f 1773 1825 1774
f 1774 1777 1770
f 1773 1774 1770
f 1777 1817 1770
f 4989 4980 4991
f 4991 4980 4976
f 230 247 239
f 4973 4968 4969
f 4973 4969 4972
f 239 247 315
f 4969 4789 4812
f 4812 4789 4788
f 4720 4727 4729
f 4758 4792 4788
f 4788 4792 4812
f 4729 4740 4758
f 4758 4768 4792
f 1065 1063 1064
f 1059 1020 1057
f 2246 2247 2250
f 1020 1037 1057
f 2250 2253 2260
f 1046 1028 1045
f 1045 1028 1039
f 1082 1083 1040
f 1040 1083 1042
f 2331 2317 2456
f 2456 2317 2457
f 2456 2457 2437
f 2437 2457 2440
f 2437 2440 2439
f 2439 2440 2441
f 2439 2441 2442
f 2439 2442 2509
f 1082 1101 1083
f 1082 2509 1101
f 1101 2507 1083
f 2507 3215 1083
f 2799 2626 2805
f 2788 2787 2781
f 2792 2781 2776
f 2918 2776 2893
f 2877 2875 2861
f 5258 5262 5263
f 5038 5032 5033
f 2932 263 262
f 262 263 195
f 195 148 147
f 192 184 191
f 127 124 117
f 1775 4997 1773
f 1775 1773 1769
f 1773 1770 1769
f 1769 1770 1771
f 1773 4997 4995
f 1773 4995 1825
f 1825 4995 4989
f 1825 4989 1823
f 4976 4975 4973
f 4973 4967 4968
f 247 316 315
f 4968 4790 4969
f 3455 4720 4721
f 4720 4729 4721
f 4969 4790 4789
f 4759 4729 4758
f 4759 4758 4773
f 4773 4788 4789
f 4773 4758 4788
f 1059 1057 1058
f 1057 1037 1054
f 1037 1049 1054
f 1049 1046 1045
f 2260 2257 2276
f 2307 2276 2277
f 2331 2277 2317
f 1042 3215 1084
f 2442 2441 2444
f 2442 2444 2509
f 2509 2444 1101
f 1101 2444 2507
f 2893 2778 2780
f 5256 5262 5258
f 5280 5263 5337
f 5280 5337 5281
f 5281 5337 5348
f 5281 5348 5353
f 5351 5350 5376
f 2863 2866 2871
f 148 144 147
f 102 118 130
f 1769 1771 1772
f 1772 1771 1776
f 109 125 108
f 1770 4596 1776
f 1771 1770 1776
f 116 230 115
f 4973 4975 4967
f 3454 3455 4721
f 4968 4800 4790
f 4721 4729 4741
f 4759 4789 4790
f 4741 4729 4759
f 4759 4773 4789
f 1049 1045 1048
f 2317 2302 2457
f 2457 2302 2440
f 2440 2302 2451
f 2440 2451 2441
f 2441 2451 2445
f 2441 2445 2444
f 2627 2626 2629
f 2776 2778 2893
f 5232 5234 5228
f 5257 5255 5254
f 5348 5350 5351
f 263 194 195
f 195 194 148
f 144 145 143
f 143 145 152
f 4305 4311 4310
f 4305 4310 4308
f 1787 4998 1775
f 1775 1769 1772
f 1787 1775 1772
f 1775 4998 4997
f 4995 4990 4989
f 4976 4966 4975
f 4975 4966 4967
f 247 317 316
f 3454 4723 3432
f 4967 4807 4968
f 4968 4807 4800
f 3454 4721 4722
f 2080 2288 2081
f 4722 4721 4741
f 2081 2311 2083
f 4760 4759 4790
f 4760 4790 4800
f 4741 4759 4760
f 2256 2258 2254
f 2317 2275 2302
f 2302 2301 2451
f 2451 2301 2462
f 2451 2462 2445
f 2445 3216 2507
f 2444 2445 2507
f 2805 2801 2798
f 2798 2801 2796
f 2796 2800 2794
f 2800 2786 2794
f 2794 2786 2787
f 2787 2786 2781
f 2780 2779 2883
f 2027 2033 2035
f 2035 2033 2040
f 5230 5233 5232
f 2877 2883 2875
f 5330 5329 5328
f 5328 5257 5254
f 5263 5408 5337
f 2866 2865 2867
f 2932 2869 263
f 3632 3615 3607
f 124 128 118
f 130 109 102
f 1788 1772 1813
f 4998 4990 4997
f 4997 4990 4995
f 125 213 105
f 4980 4964 4976
f 116 231 230
f 4964 4965 4976
f 4976 4965 4966
f 247 314 317
f 4966 4796 4967
f 4967 4796 4807
f 4776 4800 4807
f 4722 4741 4748
f 4741 4760 4748
f 4748 4760 4776
f 4776 4760 4800
f 2081 2288 2311
f 1047 1051 3108
f 3114 1047 3108
f 2302 2274 2301
f 2301 2300 2462
f 2445 2462 2325
f 2445 2325 3216
f 2796 2801 2800
f 2781 2777 2776
f 2776 2777 2778
f 2777 2779 2778
f 2778 2779 2780
f 5231 5233 5230
f 5233 5234 5232
f 5228 5338 5334
f 5334 5338 5330
f 5262 5285 5263
f 5263 5285 5408
f 5337 5349 5348
f 5350 5380 5376
f 5376 5379 5377
f 5054 5036 5038
f 124 127 128
f 1787 1772 1788
f 1787 5010 4998
f 4990 4978 4989
f 231 246 230
f 230 246 247
f 4965 4809 4966
f 3432 4724 3431
f 4809 4796 4966
f 3432 4723 4724
f 2078 2288 2080
f 4724 4723 4737
f 4723 4722 4737
f 4737 4722 4748
f 2288 2238 2210
f 2264 2267 2268
f 2268 2271 2274
f 2274 2271 2301
f 2301 2271 2300
f 2300 2273 2462
f 2462 2273 2325
f 2625 2806 2626
f 2626 2806 2805
f 2883 2818 2875
f 5255 5264 5256
f 5408 5349 5337
f 5349 5350 5348
f 2859 2854 2863
f 5380 5379 5376
f 5379 5078 5377
f 5377 5078 5054
f 2863 2865 2866
f 5038 5036 5032
f 2867 2870 2869
f 2869 2912 263
f 152 160 184
f 1799 1788 1800
f 1789 5010 1787
f 5010 4985 4998
f 4998 4985 4990
f 105 213 116
f 4989 4978 4980
f 4980 4978 4964
f 116 213 231
f 4964 4811 4965
f 4811 4808 4965
f 246 298 247
f 247 298 314
f 4965 4808 4809
f 4809 4769 4770
f 4724 4744 4746
f 4770 4744 4745
f 4770 4796 4809
f 4745 4796 4770
f 2077 2238 2288
f 4744 4737 4745
f 4737 4756 4745
f 4745 4756 4796
f 3216 2323 3120
f 2786 2783 2781
f 2779 2818 2883
f 2818 2874 2875
f 2875 2874 2861
f 5257 5264 5255
f 5256 5264 5262
f 2861 2862 2859
f 2862 2854 2859
f 5285 5449 5408
f 5408 5449 5450
f 5408 5450 5349
f 5379 5381 5078
f 2869 2870 2912
f 5031 5028 5030
f 4311 4605 4310
f 4310 4605 4607
f 1801 1797 1799
f 1799 1800 1801
f 128 130 118
f 1797 1790 1799
f 1790 1788 1799
f 1791 1789 1790
f 1790 1789 1788
f 1791 5011 1789
f 1789 5011 5010
f 5010 5011 4985
f 4978 4963 4964
f 4963 4811 4964
f 3449 3431 4728
f 4808 4791 4769
f 4808 4769 4809
f 4728 4724 4746
f 4746 4744 4770
f 4746 4770 4769
f 2627 2621 2626
f 2805 2806 2801
f 2800 2802 2786
f 2786 2802 2789
f 2781 2783 2777
f 5338 5329 5330
f 2874 2862 2861
f 5264 5268 5262
f 5262 5268 5285
f 5285 5402 5449
f 5349 5483 5361
f 5450 5483 5349
f 5349 5361 5350
f 5032 5031 5030
f 148 146 144
f 144 146 145
f 5022 5025 4311
f 4605 4606 4607
f 1815 1797 1801
f 1815 1798 1797
f 1793 1791 1792
f 1791 1793 5005
f 1791 1790 1792
f 1792 1790 1797
f 5005 5002 5011
f 1791 5005 5011
f 5011 5002 4985
f 109 132 125
f 4985 4977 4990
f 231 298 246
f 4963 4810 4811
f 3450 3449 4730
f 4811 4784 4791
f 298 2165 2166
f 3449 4728 4730
f 4791 4808 4811
f 4730 4728 4747
f 4728 4746 4747
f 4747 4746 4766
f 4766 4769 4791
f 4766 4746 4769
f 2074 2238 2077
f 2801 2803 2800
f 2800 2803 2802
f 2786 2789 2783
f 2777 2783 2782
f 2777 2782 2779
f 5328 5307 5257
f 5483 5443 5361
f 5350 5361 5380
f 2863 2832 2865
f 5032 5037 5031
f 5028 5025 5022
f 4311 5021 5016
f 4311 5016 4605
f 4605 5044 4606
f 4605 5016 5044
f 4606 5044 4662
f 4606 4662 4663
f 127 191 129
f 127 129 128
f 1821 1298 1815
f 1298 1798 1815
f 1794 1792 1795
f 1798 1796 1797
f 1798 1266 1796
f 1794 1822 1793
f 1794 1793 1792
f 1792 1796 1795
f 1793 1822 5004
f 1793 5004 5005
f 130 132 109
f 125 226 213
f 4990 4977 4978
f 4978 4977 4962
f 4978 4962 4963
f 226 231 213
f 4963 4798 4810
f 3437 3450 4730
f 4810 4798 4784
f 4747 4766 4762
f 4762 4766 4784
f 4784 4766 4791
f 2074 2203 2204
f 2801 2804 2803
f 2026 2028 2027
f 2033 2042 2040
f 2040 2042 5236
f 2040 5236 5226
f 5226 5236 5231
f 2779 2782 2818
f 5231 5236 5233
f 5234 5338 5228
f 5264 5267 5268
f 5451 5538 5450
f 5449 5451 5450
f 2863 2854 2832
f 5078 5048 5054
f 5054 5048 5036
f 5032 5036 5037
f 2867 2831 2870
f 263 264 194
f 5028 5031 5029
f 5028 5029 5025
f 145 150 152
f 184 160 191
f 5044 5016 4662
f 191 160 129
f 5016 4664 4662
f 4664 4666 4667
f 4662 4664 4667
f 4664 4665 4666
f 1298 1821 1308
f 1308 1280 1298
f 4665 4668 4666
f 4664 5014 4665
f 4665 1794 4668
f 4665 5014 5003
f 4665 5003 1794
f 1265 1798 1298
f 1794 1820 3302
f 4668 1794 3302
f 1798 1265 1266
f 1794 5003 1822
f 128 203 130
f 1822 5003 5004
f 5005 5004 5002
f 132 214 125
f 214 226 125
f 226 287 231
f 4962 4799 4963
f 287 298 231
f 3441 3437 4732
f 3437 4731 4732
f 4963 4799 4798
f 298 325 2165
f 4730 4747 4731
f 4731 4747 4762
f 4762 4784 4785
f 4785 4784 4798
f 2312 2401 2413
f 2626 2621 2625
f 5329 5307 5328
f 5257 5265 5264
f 5265 5267 5264
f 5450 5538 5483
f 5380 5382 5379
f 2865 2831 2867
f 2912 2892 263
f 2892 264 263
f 152 150 160
f 5016 5012 4664
f 1311 1280 1308
f 5012 5014 4664
f 1280 1264 1298
f 1298 1264 1265
f 129 188 128
f 128 188 203
f 1265 1263 1266
f 1266 1263 1267
f 1272 1288 1267
f 1267 1288 1294
f 5004 4984 5002
f 4985 4959 4977
f 4977 4959 4961
f 4977 4961 4962
f 3441 4732 4733
f 4962 4805 4799
f 4732 4731 4739
f 4739 4762 4763
f 4763 4762 4785
f 4785 4798 4799
f 4739 4731 4762
f 2069 2205 2203
f 2809 2802 2803
f 2802 2810 2789
f 2789 2808 2783
f 2784 2785 2782
f 2783 2784 2782
f 5233 5235 5234
f 5257 5266 5265
f 5538 5542 5483
f 5483 5542 5443
f 5443 5388 5361
f 5361 5388 5382
f 5382 5381 5379
f 5078 5079 5048
f 194 146 148
f 1242 1280 1311
f 1280 1242 1250
f 1280 1250 1262
f 1280 1262 1264
f 5012 4987 5014
f 4987 4986 5014
f 4986 5003 5014
f 1264 1263 1265
f 1263 1272 1267
f 1263 1269 1272
f 1313 1288 1272
f 1269 1313 1272
f 5004 4983 4984
f 4516 1288 1313
f 4515 4516 1313
f 5002 4984 4985
f 130 131 132
f 4961 4801 4962
f 287 324 325
f 4733 4732 4734
f 4732 4739 4734
f 4734 4739 4757
f 4764 4763 4799
f 4764 4799 4805
f 4757 4739 4763
f 4763 4785 4799
f 2072 2205 2069
f 2625 2807 2806
f 2806 2807 2804
f 2806 2804 2801
f 2803 2804 2809
f 2789 2810 2808
f 2808 2784 2783
f 2785 2818 2782
f 2028 2029 2027
f 2027 2029 2033
f 5236 5235 5233
f 5338 5309 5329
f 5257 5307 5266
f 5538 5549 5542
f 5402 5489 5449
f 5449 5489 5451
f 777 711 804
f 5021 5013 5016
f 1264 1262 1263
f 4986 4983 5003
f 5003 4983 5004
f 1263 1268 1269
f 1269 4507 1313
f 130 203 131
f 4985 4960 4959
f 4959 4960 4955
f 4955 4956 4959
f 4959 4956 4961
f 226 277 287
f 3443 4735 3673
f 4961 4956 4801
f 4733 4734 4735
f 2075 2216 2072
f 4757 4763 4764
f 2802 2809 2810
f 5235 5341 5234
f 5234 5341 5338
f 5329 5309 5307
f 5265 5269 5267
f 5451 5549 5538
f 5382 5383 5381
f 5079 5045 5048
f 5048 5045 5036
f 5036 5045 5037
f 2870 2892 2912
f 5025 5017 4311
f 4311 5017 5021
f 1241 1240 1242
f 5016 5013 5012
f 1242 1240 1250
f 1250 1261 1262
f 186 188 129
f 1262 1260 1263
f 1263 1260 1268
f 4506 4507 1269
f 4506 1269 1268
f 4984 4958 4985
f 4985 4958 4960
f 131 215 132
f 132 215 214
f 4960 4954 4955
f 215 277 214
f 214 277 226
f 3672 3673 4738
f 4956 4804 4775
f 277 318 287
f 4738 4735 4742
f 287 318 324
f 4735 4736 4742
f 4742 4736 4772
f 4742 4772 4775
f 4775 4801 4956
f 4735 4734 4736
f 4772 4801 4775
f 4736 4771 4772
f 4772 4771 4801
f 5266 5269 5265
f 5269 5270 5267
f 5267 5270 5268
f 5268 5323 5402
f 5542 5421 5443
f 5421 5386 5388
f 5443 5421 5388
f 5388 5386 5382
f 5451 5489 5549
f 5381 5383 5079
f 146 149 145
f 145 149 150
f 1228 1241 5197
f 1228 5197 5201
f 5021 5017 5013
f 1240 1243 1250
f 5013 4996 5012
f 129 160 186
f 4996 4987 5012
f 1250 1243 1261
f 1262 1261 1260
f 4986 4981 4983
f 4505 4507 4506
f 188 202 203
f 203 202 131
f 4983 4971 4984
f 131 233 215
f 4954 4804 4955
f 4954 4802 4804
f 4750 4738 4749
f 4738 4742 4749
f 4749 4742 4765
f 4765 4742 4775
f 4765 4775 4787
f 4787 4775 4804
f 2807 2812 2804
f 2804 2829 2809
f 2809 2830 2810
f 2837 2808 2810
f 2808 2814 2784
f 2028 2034 2029
f 5236 5467 5235
f 2785 2815 2818
f 5235 5427 5341
f 5309 5308 5307
f 5266 5272 5269
f 2862 2822 2854
f 5323 5534 5402
f 5542 5535 5421
f 5402 5534 5489
f 5382 5384 5383
f 5383 5080 5079
f 2854 2821 2832
f 5080 5045 5079
f 2865 2832 2831
f 2831 2827 2870
f 2870 2833 2892
f 1241 1239 1240
f 160 157 186
f 1243 1257 1261
f 1260 1273 1268
f 1274 1287 1268
f 4981 4970 4983
f 4983 4970 4971
f 4505 4506 1287
f 4503 4505 1287
f 1287 4506 1268
f 4971 4958 4984
f 4958 4953 4960
f 4953 4954 4960
f 4793 4774 4802
f 4954 4793 4802
f 3682 4750 4751
f 4750 4749 4751
f 4751 4749 4765
f 4765 4787 4774
f 4751 4765 4774
f 4774 4787 4802
f 2621 2620 2625
f 2804 2812 2813
f 2804 2813 2829
f 2809 2829 2830
f 2810 2830 2837
f 2808 2837 2814
f 2785 2784 2811
f 2029 2034 2060
f 2029 2060 2033
f 2033 2060 2042
f 2042 2060 2061
f 2042 2061 5236
f 5236 2061 5467
f 5467 5468 5235
f 5235 5468 5427
f 5341 5310 5338
f 5338 5310 5309
f 5309 5310 5308
f 2818 2815 2874
f 2874 2815 2862
f 5307 5272 5266
f 2822 2821 2854
f 5534 5535 5489
f 5489 5535 5549
f 3994 3993 3996
f 2870 2827 2833
f 5037 5192 5031
f 264 249 194
f 194 149 146
f 1227 1228 5201
f 150 157 160
f 1228 1239 1241
f 5006 4996 5013
f 4987 4996 4988
f 186 187 188
f 4987 4981 4986
f 1268 1273 1274
f 1274 4504 1287
f 1686 3655 3656
f 4503 1287 4504
f 4958 4952 4953
f 233 278 215
f 3681 4752 3665
f 4953 4793 4954
f 4953 4803 4793
f 3681 4751 4752
f 4752 4751 4761
f 215 278 277
f 4761 4751 4774
f 4761 4774 4793
f 2091 2217 2090
f 2090 2217 2215
f 2625 2620 2630
f 2625 2630 2807
f 2829 2962 2830
f 2785 2811 2815
f 2061 2064 5467
f 5467 2064 5468
f 5310 5311 5308
f 5307 5308 5272
f 2815 2822 2862
f 5270 5274 5268
f 5268 5274 5323
f 5382 5386 5384
f 3993 3990 3989
f 3997 4875 3996
f 3996 4875 4002
f 5052 5192 5037
f 5045 5052 5037
f 2892 2833 264
f 5031 5191 5029
f 5029 5191 5025
f 1227 1225 1228
f 1228 1225 1239
f 5017 5006 5013
f 1239 1238 1240
f 1240 1238 1243
f 1243 1238 1257
f 1261 1257 1260
f 4988 4951 4987
f 4987 4951 4981
f 1260 1275 1273
f 4512 4504 4508
f 4508 4504 1274
f 4508 1274 1273
f 4958 4950 4952
f 3666 3665 4753
f 4803 4953 4952
f 4782 4781 4803
f 3665 4752 4753
f 4753 4752 4755
f 4752 4761 4755
f 4755 4761 4781
f 4781 4761 4793
f 4781 4793 4803
f 278 311 2104
f 278 2104 277
f 2784 2814 2811
f 2060 2064 2061
f 2034 2066 2060
f 2065 5551 2064
f 2064 5551 5468
f 5341 5347 5310
f 694 481 486
f 5323 5322 5534
f 5534 5322 5535
f 5535 5430 5421
f 5430 5389 5421
f 5421 5389 5386
f 2821 2824 2832
f 4875 4935 4002
f 2832 2825 2831
f 249 161 194
f 194 161 149
f 1229 1221 1227
f 1229 1227 5200
f 1227 1221 1225
f 150 154 157
f 1239 1225 1226
f 1239 1226 1238
f 157 158 186
f 1257 1259 1260
f 4512 4508 4509
f 4510 4512 4509
f 4509 4508 1273
f 187 202 188
f 4971 4970 4950
f 4971 4950 4958
f 3656 3666 3684
f 4952 4783 4782
f 3684 3666 4754
f 3666 4753 4754
f 4754 4753 4755
f 4755 4781 4782
f 4782 4803 4952
f 2094 2289 2217
f 2630 2812 2807
f 2813 2835 2829
f 2962 2968 2830
f 2830 2855 2837
f 2837 2855 2850
f 2837 2850 2814
f 2815 2811 2816
f 2060 2066 2065
f 2060 2065 2064
f 5551 5428 5468
f 5468 5428 5427
f 5427 5428 5341
f 2066 694 2065
f 5310 5312 5311
f 5274 5275 5322
f 5274 5322 5323
f 5535 5322 5430
f 5384 5385 5383
f 5383 5385 5080
f 5080 5385 5063
f 4876 5563 4875
f 4875 5563 4935
f 5052 5071 5192
f 2831 2825 2827
f 2833 2848 264
f 5192 5191 5031
f 5025 5191 5017
f 1232 1229 1307
f 1307 1229 5200
f 5009 5006 5017
f 4996 4979 4988
f 186 158 187
f 1260 1259 1281
f 1281 1276 1260
f 1260 1276 1275
f 4981 4948 4970
f 4948 4949 4970
f 4970 4949 4950
f 4949 4795 4950
f 3684 1680 1663
f 245 296 233
f 3684 4754 1680
f 4950 4795 4783
f 1671 4782 4783
f 233 296 311
f 4754 4755 1671
f 1671 4755 4782
f 2098 2097 2289
f 2812 2835 2813
f 2968 2967 2830
f 2814 2836 2811
f 2065 4550 4549
f 2065 4549 5551
f 4549 5550 5551
f 5551 5550 5428
f 5347 5312 5310
f 5311 5272 5308
f 5272 5271 5269
f 5322 5275 5430
f 5389 5387 5386
f 5386 5387 5384
f 5563 5562 4935
f 5063 5088 5071
f 5063 5071 5052
f 2832 2824 2825
f 5071 5189 5192
f 1233 4933 4934
f 1232 1307 1233
f 1233 1307 4933
f 149 153 150
f 1232 1221 1229
f 150 153 154
f 1226 1224 1238
f 1238 1258 1257
f 1257 1258 1259
f 4988 4979 4951
f 4511 4510 1276
f 187 211 202
f 4981 4951 4948
f 202 211 245
f 1663 1680 1631
f 4794 4783 4795
f 4794 1671 4783
f 2396 2306 2395
f 2830 2967 2855
f 2811 2836 2816
f 5428 5453 5341
f 5341 5453 5347
f 2815 2816 2817
f 2815 2817 2822
f 5269 5271 5270
f 2822 2817 2821
f 5270 5273 5274
f 5273 5275 5274
f 5430 5275 5389
f 5384 4289 5385
f 4289 5094 5385
f 5385 5094 5063
f 4876 4845 5561
f 4876 5561 5563
f 5563 5561 5562
f 5063 5094 5088
f 5562 1315 4935
f 4935 1315 1322
f 5088 4944 5071
f 5071 4944 5189
f 5192 5189 5191
f 264 2848 249
f 1300 1234 4934
f 1234 1233 4934
f 1232 1231 1221
f 1221 1223 1225
f 4996 5006 5000
f 1238 1224 1258
f 1259 1283 1281
f 3638 3652 3653
f 187 158 211
f 1281 4513 1276
f 4951 4947 4948
f 273 319 245
f 211 273 245
f 4947 4946 4948
f 1663 1562 1561
f 4948 4946 4949
f 1663 1631 1562
f 245 319 320
f 1631 1629 1562
f 1562 1629 1625
f 1596 1625 4949
f 1625 4795 4949
f 1631 1630 1629
f 1629 1630 1625
f 1625 1630 4795
f 2096 2232 2218
f 2096 2218 2097
f 2616 2618 2620
f 2620 2618 2630
f 2812 2630 2835
f 2835 2958 2829
f 2958 2960 2829
f 2829 2960 2962
f 2968 2961 2967
f 2967 2969 2855
f 2836 2849 2816
f 4549 3071 5550
f 5428 5454 5453
f 4549 3066 3071
f 2816 2819 2817
f 5311 5340 5272
f 5271 5273 5270
f 5273 5276 5275
f 3978 3185 3183
f 5384 5387 4287
f 5384 4287 4289
f 5094 4873 5088
f 1315 1320 1322
f 5088 4873 4944
f 4944 4943 5189
f 1234 1300 1235
f 5189 5187 5191
f 1234 1231 1233
f 1233 1231 1232
f 1223 1226 1225
f 5000 4982 4996
f 4996 4982 4979
f 1258 1270 1259
f 4979 4957 4951
f 1281 4514 4513
f 4957 1613 4951
f 4951 1613 4947
f 1613 1612 4947
f 1669 1561 1560
f 1560 1561 1558
f 1556 1558 1596
f 1556 1596 1612
f 1612 1596 4947
f 1561 1562 1558
f 1596 4946 4947
f 1558 1562 1596
f 2100 2232 2096
f 2616 2617 2618
f 2962 2961 2968
f 2855 2969 2850
f 2814 2850 2836
f 5550 5466 5428
f 5466 5460 5428
f 5428 5460 5454
f 5347 5453 5312
f 5272 5278 5271
f 5275 5390 5389
f 2817 2820 2821
f 5389 5390 5387
f 5561 1323 5562
f 1320 1315 1297
f 2825 2824 2823
f 2823 2826 2825
f 2825 2826 2827
f 2827 2826 2828
f 1236 1235 1300
f 2828 2833 2827
f 2833 2834 2848
f 5187 5186 5191
f 149 155 153
f 5191 5009 5017
f 5006 5007 5000
f 1226 1223 1224
f 1224 1284 1258
f 1270 1283 1259
f 158 219 224
f 158 224 211
f 4979 4982 4957
f 1283 4514 1281
f 4517 4513 4514
f 211 224 273
f 1560 1555 1559
f 1557 1613 4957
f 1560 1558 1555
f 1555 1558 1556
f 1556 1612 1613
f 2233 2232 2100
f 2192 2190 2191
f 2618 2631 2630
f 2630 2631 2835
f 2835 2857 2958
f 2962 2960 2961
f 2850 2963 2836
f 2836 2963 2849
f 3071 3068 5466
f 3071 5466 5550
f 5312 5362 5311
f 5311 5362 5340
f 2816 2849 2819
f 5340 5278 5272
f 3183 3184 3182
f 2817 2819 2820
f 5276 5277 5275
f 5275 5277 5390
f 5390 4281 5387
f 5387 4281 4287
f 4289 4287 4288
f 4288 4291 4874
f 4874 4291 5561
f 5561 4291 1323
f 2820 2823 2821
f 2821 2823 2824
f 1315 1295 1297
f 1295 1290 1297
f 1297 1290 1236
f 1235 1236 1231
f 2828 2834 2833
f 1235 1231 1234
f 2848 255 249
f 1221 1222 1223
f 153 156 154
f 5009 5008 5006
f 154 159 158
f 1258 1284 1271
f 158 159 219
f 4982 5000 1681
f 1258 1271 1270
f 1270 1299 1283
f 1681 1627 4982
f 1626 4514 1283
f 1673 1559 1563
f 1559 1557 1563
f 224 321 273
f 1559 1555 1557
f 1555 1556 1557
f 1557 1556 1613
f 273 321 2107
f 2124 2233 2100
f 2232 2189 2190
f 2617 2619 2618
f 2618 2619 2631
f 2857 2959 2958
f 2958 2959 2960
f 2960 2959 2961
f 2967 2965 2969
f 2969 2970 2850
f 2850 2970 2963
f 3062 3065 3070
f 3067 5465 3068
f 3068 5465 5466
f 5453 5362 5312
f 5271 5339 5273
f 5273 5339 5344
f 5273 5344 5276
f 1324 1314 1323
f 1323 1314 1315
f 1315 1314 1291
f 1315 1291 1295
f 1295 1291 1290
f 1290 1237 1236
f 5186 5188 5191
f 161 155 149
f 5188 5190 5191
f 5191 5190 5009
f 1231 1230 1221
f 5190 5184 5009
f 5184 5185 5009
f 1221 1230 1222
f 153 155 156
f 5009 5185 5008
f 1223 1222 1224
f 154 156 159
f 5006 5008 5007
f 5000 1609 1681
f 1299 1270 1271
f 1673 1563 1565
f 219 288 224
f 1609 1607 1681
f 1605 1283 1299
f 1607 1627 1681
f 1605 1626 1283
f 224 288 321
f 1563 1557 1564
f 1564 1557 1607
f 1607 1557 1627
f 2123 2296 2124
f 2296 2229 2233
f 2961 2965 2967
f 3065 5558 3070
f 3070 5558 5555
f 3070 5555 3069
f 3069 5555 5545
f 3069 5545 5559
f 3069 5559 3067
f 2963 2972 2849
f 5465 5464 5466
f 5466 5464 5460
f 5454 5455 5453
f 5453 5459 5362
f 5362 5459 5369
f 5362 5369 5340
f 5340 5369 5278
f 2849 2852 2819
f 4291 4286 1324
f 2820 2819 2851
f 5344 5277 5276
f 5277 4274 5390
f 4287 4282 4288
f 2834 255 2848
f 249 255 161
f 1222 1282 1224
f 1224 1282 1284
f 159 253 219
f 1674 1567 1668
f 1674 1565 1567
f 5007 1608 5000
f 1567 1565 1566
f 1608 1571 5000
f 1271 1317 1316
f 219 253 288
f 1571 1609 5000
f 1605 1299 1316
f 1604 1605 1316
f 1565 1564 1566
f 1566 1564 1571
f 1571 1564 1609
f 1564 1607 1609
f 2617 1766 2619
f 2619 2628 2631
f 2631 2628 2856
f 2631 2856 2835
f 2856 2857 2835
f 2857 2954 2959
f 2959 2964 2961
f 2969 2965 2971
f 2969 2971 2970
f 2970 2975 2963
f 2963 2975 2972
f 5559 5462 5465
f 5465 5462 5464
f 5460 5456 5454
f 5455 5457 5453
f 5453 5457 5459
f 5278 5370 5271
f 4282 4286 4288
f 4288 4286 4291
f 4286 4285 1324
f 2819 2852 2851
f 4281 4282 4287
f 5390 4274 4281
f 2820 2851 2846
f 2820 2846 2823
f 1236 1237 1231
f 4844 4855 5190
f 5188 4844 5190
f 156 240 159
f 1573 1668 1569
f 5008 1606 5007
f 1282 1301 1284
f 159 240 253
f 1606 1608 5007
f 1668 1567 1569
f 1569 1567 1568
f 1284 1301 1271
f 1567 1566 1568
f 1301 1317 1271
f 1566 1571 1568
f 1568 1571 1608
f 1603 1604 1317
f 1604 1316 1317
f 2113 2297 2111
f 2111 2297 2296
f 2296 2228 2229
f 2856 2954 2857
f 2961 2964 2965
f 3065 4003 5558
f 5559 5545 5462
f 5462 5461 5460
f 5464 5462 5460
f 5454 5456 5455
f 2849 2972 2852
f 5278 5369 5370
f 5370 5339 5271
f 4285 1321 1324
f 4282 4278 4286
f 1324 1321 1314
f 2852 2845 2851
f 5344 5420 5277
f 5277 5420 4274
f 4281 4271 4280
f 4281 4280 4282
f 1314 1292 1291
f 1291 1245 1290
f 1290 1245 1237
f 2823 2846 2826
f 1237 1244 1231
f 2834 2828 2847
f 2834 2847 255
f 1231 1249 1230
f 5190 4855 5184
f 1230 1249 1222
f 5185 5184 4893
f 1569 1572 1573
f 1569 1570 1572
f 1282 1302 1301
f 240 2116 2114
f 1569 1568 1570
f 1570 1568 1608
f 1570 1608 1606
f 1603 1317 1602
f 1601 1603 1602
f 1602 1317 1301
f 5545 5553 5463
f 5545 5463 5462
f 5460 5461 5456
f 2975 2973 2972
f 5456 5457 5455
f 5456 5458 5457
f 5457 5470 5459
f 3177 1009 1007
f 5459 5469 5369
f 5459 5470 5469
f 5369 5469 5371
f 5369 5371 5370
f 2972 2951 2852
f 4286 4278 4285
f 5339 5517 5344
f 4282 4280 4278
f 4274 4271 4281
f 1292 1251 1291
f 1291 1251 1245
f 1245 1244 1237
f 2826 2838 2828
f 2828 2838 2839
f 2828 2839 2847
f 1244 1249 1231
f 161 208 155
f 208 209 155
f 155 209 156
f 1249 1282 1222
f 1249 1289 1282
f 209 284 240
f 156 209 240
f 1573 1574 1590
f 240 284 2116
f 1572 1570 1606
f 1572 1606 1575
f 1575 1606 1611
f 1611 1601 1599
f 1599 1601 1600
f 1601 1602 1600
f 1600 1602 1301
f 2115 2298 2297
f 2115 2297 2113
f 2297 2227 2228
f 1766 1765 2619
f 2619 1765 2622
f 2619 2622 2628
f 2628 2622 2632
f 2628 2632 2856
f 2856 2632 2954
f 2954 2947 2959
f 2965 2964 2976
f 2965 2976 2971
f 2971 2976 2974
f 2971 2974 2970
f 2970 2966 2975
f 4003 1682 5558
f 5555 5554 5545
f 5545 5554 5553
f 2966 2973 2975
f 5462 5463 5461
f 5458 5470 5457
f 2973 2951 2972
f 1007 997 992
f 4278 4279 4285
f 4285 4279 4290
f 4285 4290 1321
f 5371 5523 5370
f 5370 5523 5339
f 1321 4290 1296
f 1321 1296 1314
f 5523 5548 5339
f 1314 1296 1292
f 2852 2951 2845
f 5339 5548 5517
f 5344 5517 5420
f 4271 4273 4280
f 2851 2845 2846
f 2846 2845 2843
f 2846 2843 2826
f 2826 2843 2838
f 1244 1247 1249
f 255 256 208
f 255 208 161
f 1616 1590 1577
f 209 283 284
f 1590 1574 1577
f 1289 1302 1282
f 1574 1572 1575
f 2118 2298 2115
f 1575 1599 1597
f 1599 1600 1598
f 1597 1599 1598
f 1598 1600 1301
f 1598 1301 1302
f 2622 2633 2632
f 2959 2946 2964
f 2974 2966 2970
f 1682 5557 5558
f 5558 5557 5555
f 5555 5557 5556
f 5555 5556 5554
f 5553 1683 5463
f 2966 2952 2973
f 5463 1689 5461
f 5461 1689 5456
f 1007 992 3172
f 5543 5482 5469
f 5469 5482 5371
f 5482 5523 5371
f 4278 4273 4272
f 4280 4273 4278
f 1296 1254 1292
f 5517 4284 5420
f 5420 4284 4274
f 4284 4269 4274
f 1292 1254 1251
f 2843 2842 2838
f 2842 2841 2838
f 2838 2841 2840
f 2838 2840 2839
f 1244 1246 1247
f 255 2847 256
f 1247 1255 1249
f 1249 1255 1289
f 208 283 209
f 1617 1616 1577
f 283 2119 2117
f 1577 1574 1576
f 1574 1575 1576
f 1576 1575 1586
f 1304 1302 1289
f 1586 1302 1304
f 1575 1597 1586
f 1586 1597 1598
f 1586 1598 1302
f 2298 2231 2227
f 2633 2949 2632
f 2632 2949 2954
f 2954 2949 2947
f 2947 2946 2959
f 2964 2946 2944
f 2964 2944 2976
f 2976 2953 2974
f 1682 1684 5557
f 5557 1684 1685
f 5557 1685 5556
f 5556 1685 5554
f 2966 2950 2952
f 5554 1683 5553
f 1683 1691 5463
f 5463 1691 1689
f 982 981 3171
f 3172 982 3171
f 1689 1690 5456
f 5456 1690 1692
f 5456 1692 5458
f 2952 2937 2973
f 5458 1692 1693
f 5458 1693 5470
f 990 982 992
f 2973 2937 2951
f 1693 5543 5469
f 5470 1693 5469
f 4278 4272 4279
f 4279 4283 4290
f 4290 4283 1318
f 4290 1318 1296
f 5482 1672 5523
f 2937 2853 2951
f 2951 2853 2845
f 4271 4266 4273
f 5517 5548 4284
f 4269 4268 4274
f 4274 4268 4271
f 4268 4266 4271
f 4284 1678 4269
f 1254 1252 1251
f 2845 2844 2843
f 2843 2844 2842
f 1245 1246 1244
f 2839 2840 256
f 1247 1246 1255
f 2839 256 2847
f 208 256 285
f 1618 1617 1621
f 1621 1617 1578
f 208 285 283
f 1255 1303 1289
f 1578 1577 1576
f 1303 1304 1289
f 2120 2298 2118
f 1576 1586 1585
f 1585 1586 1592
f 1592 1586 1304
f 1765 1760 2622
f 2622 1760 1767
f 2622 1767 2633
f 2633 2955 2949
f 2976 2944 2953
f 2953 2940 2974
f 2974 2940 2966
f 2966 2940 2950
f 1682 1661 1660
f 1682 1660 1684
f 1684 1660 1685
f 1685 1660 1662
f 1685 1662 1683
f 1685 1683 5554
f 1660 1658 1662
f 1662 1658 1683
f 3178 3172 3171
f 3171 981 3170
f 3170 981 1012
f 981 980 1012
f 1661 868 869
f 1661 869 1660
f 1660 869 1659
f 1660 1659 1658
f 1658 1657 1683
f 1683 1657 1691
f 869 871 1659
f 1691 1657 1689
f 1659 1656 1658
f 1689 1657 1654
f 1689 1654 1670
f 1689 1670 1690
f 1690 1670 1692
f 871 889 1659
f 1659 889 1656
f 1656 1655 1657
f 1657 1655 1654
f 1692 1670 1693
f 1656 889 640
f 1656 640 1655
f 1655 640 1653
f 1655 1653 1654
f 1670 1667 1693
f 4279 4272 4276
f 4279 4276 4283
f 640 641 1653
f 1693 1667 1664
f 1693 1664 5543
f 5543 1664 5482
f 5482 1664 1672
f 4273 4267 4272
f 1318 1293 1296
f 641 642 1653
f 1653 642 1650
f 4273 4266 4267
f 1296 1293 1278
f 1296 1278 1254
f 642 817 1650
f 1672 1679 5523
f 1650 817 596
f 1650 596 1646
f 1646 596 1645
f 5523 1679 5548
f 1278 1252 1254
f 596 651 1645
f 5548 1679 1649
f 5548 1649 4284
f 1649 1678 4284
f 4269 1678 4268
f 2853 2844 2845
f 651 631 1642
f 1642 631 1638
f 631 630 1638
f 1251 1248 1245
f 1638 630 776
f 776 1635 1638
f 1245 1248 1246
f 776 693 1635
f 1635 693 708
f 1635 708 1634
f 708 1619 1634
f 708 669 1619
f 669 1618 1580
f 1246 1256 1255
f 1618 1621 1580
f 1621 1578 1580
f 1255 1305 1303
f 1580 1578 1579
f 1578 1576 1579
f 1579 1576 1585
f 1592 1304 1303
f 2299 2230 2298
f 2298 2230 2231
f 2947 2945 2946
f 2946 2945 2944
f 2944 2941 2953
f 2953 2941 2940
f 2940 2938 2950
f 3169 1012 3167
f 977 979 980
f 1012 980 979
f 981 956 977
f 981 977 980
f 982 957 981
f 2938 2937 2952
f 2950 2938 2952
f 2937 2938 2936
f 1654 1651 1670
f 1654 1653 1651
f 1651 1667 1670
f 2338 1761 3958
f 4272 4275 4276
f 4283 1319 1318
f 2937 2936 2853
f 1318 1319 1293
f 1651 1646 1652
f 1651 1652 1667
f 1667 1652 1664
f 4266 4265 4267
f 1646 1644 1664
f 1652 1646 1664
f 1664 1643 1672
f 1643 1679 1672
f 1646 1645 1644
f 1664 1644 1643
f 1643 1648 1679
f 1645 1642 1644
f 1644 1642 1643
f 1678 1687 4268
f 1643 1642 1641
f 1643 1641 1648
f 1679 1648 1649
f 1252 1248 1251
f 1642 1638 1641
f 1641 1640 1649
f 1648 1641 1649
f 1649 1639 1678
f 1638 1637 1640
f 1641 1638 1640
f 1649 1640 1639
f 1637 1636 1640
f 1640 1636 1639
f 1639 1636 1633
f 2844 2910 2842
f 1638 1635 1637
f 1637 1635 1636
f 1635 1633 1636
f 1635 1634 1633
f 2842 2159 2841
f 2841 2159 2840
f 1619 1580 1581
f 1256 1306 1255
f 2840 2171 256
f 1255 1306 1305
f 256 2125 285
f 1580 1579 1581
f 1581 1579 1582
f 1587 1303 1305
f 1582 1579 1587
f 1587 1592 1303
f 1579 1585 1587
f 1587 1585 1592
f 1767 1745 2633
f 2633 1745 2330
f 2633 2330 2955
f 2955 2330 2949
f 2949 2330 2333
f 2949 2333 2947
f 2947 2333 2948
f 2947 2948 2945
f 2944 2945 2943
f 2944 2943 2941
f 2940 2941 2939
f 3167 951 3163
f 951 948 3163
f 2940 2939 2938
f 3167 979 951
f 977 978 979
f 957 956 981
f 2939 2936 2938
f 982 990 957
f 4276 4275 4277
f 4276 4277 4283
f 4283 4277 1319
f 2936 2935 2853
f 4272 4267 4270
f 4272 4270 4275
f 1293 1279 1278
f 1677 1675 4265
f 4266 1677 4265
f 2935 2931 2853
f 4268 1677 4266
f 1278 1277 1252
f 2853 2931 2844
f 1687 1677 4268
f 1277 1253 1252
f 1252 1253 1248
f 1678 1639 1647
f 1678 1647 1687
f 1639 1633 1647
f 2910 2977 2842
f 1248 1256 1246
f 1633 1619 1620
f 1619 1584 1620
f 1619 1581 1584
f 2159 2172 2840
f 1256 1312 1306
f 2172 2157 2171
f 2840 2172 2171
f 1584 1581 1583
f 1583 1581 1582
f 256 2171 2125
f 1593 1305 1306
f 2126 2230 2299
f 1582 1587 1593
f 1593 1587 1305
f 2330 2164 2333
f 2945 2948 2943
f 2943 2942 2941
f 3173 3163 3166
f 3166 3163 3160
f 3160 3163 1005
f 3167 3163 3173
f 3163 948 1005
f 948 946 1005
f 948 947 946
f 2941 2942 2939
f 978 951 979
f 977 952 978
f 956 952 977
f 2939 2957 2936
f 3992 2338 3958
f 990 986 957
f 2957 2935 2936
f 4267 1688 4270
f 4270 1688 4275
f 1319 1279 1293
f 2156 2931 2935
f 1687 1665 1677
f 1277 1285 1253
f 2931 2977 2910
f 1687 1647 1665
f 1253 1286 1248
f 1647 1632 1665
f 1647 1633 1632
f 1286 1256 1248
f 2977 2389 2842
f 1633 1620 1632
f 2842 2389 2159
f 2159 2157 2172
f 1588 1306 1312
f 1583 1582 1588
f 2157 2127 2171
f 1588 1582 1593
f 1588 1593 1306
f 2230 2176 2177
f 2164 2154 2333
f 2333 2160 2948
f 2160 2158 2948
f 2948 2158 2943
f 2158 2336 2943
f 2336 2334 2943
f 2334 2335 2943
f 2943 2335 2942
f 2335 2332 2942
f 3175 3160 3159
f 3159 3160 1005
f 3159 1005 998
f 3159 998 3161
f 2332 2327 2942
f 1005 946 998
f 2327 2329 2942
f 2942 2329 2939
f 2329 2328 2939
f 3971 3963 3970
f 951 947 948
f 3962 3963 3971
f 978 952 951
f 2328 2163 2939
f 3962 3992 3961
f 2939 2163 2957
f 956 953 952
f 2163 2162 2957
f 2162 2161 2957
f 2957 2161 2935
f 2161 2156 2935
f 4275 1628 1666
f 4275 1666 4277
f 1666 1310 1319
f 4277 1666 1319
f 1319 1310 1279
f 1688 1675 1628
f 1688 1628 4275
f 1279 1310 1285
f 2156 2155 2931
f 2326 1768 1761
f 1761 1768 1730
f 1676 1624 1675
f 1677 1624 1676
f 1285 1286 1253
f 1285 1310 1286
f 1665 1615 1677
f 1677 1615 1624
f 2931 2149 2977
f 1665 1632 1615
f 1615 1594 1614
f 1309 1256 1286
f 2977 2148 2389
f 1632 1591 1594
f 1632 1594 1615
f 1614 1594 1595
f 1632 1620 1591
f 1594 1591 1589
f 1594 1589 1595
f 1591 1583 1589
f 1589 1588 1595
f 1588 1312 1309
f 1595 1588 1309
f 1309 1312 1256
f 1589 1583 1588
f 2127 2129 2128
f 2333 2154 2160
f 2158 2152 2336
f 2336 2152 2334
f 3168 3161 3162
f 3175 3159 3168
f 3168 3159 3161
f 3161 998 3158
f 3161 3158 3162
f 3158 939 3157
f 3158 998 945
f 3158 945 939
f 945 931 939
f 3966 3173 3166
f 3966 3965 3173
f 998 946 945
f 952 950 951
f 951 950 947
f 956 957 953
f 2162 2142 2161
f 1628 1623 1666
f 1666 1623 1622
f 1666 1622 1310
f 1628 1624 1623
f 1730 1768 1729
f 1622 1286 1310
f 1624 1614 1623
f 1623 1614 1622
f 1624 1615 1614
f 1614 1610 1622
f 2977 2149 2148
f 1622 1610 1286
f 1740 2173 2133
f 1610 1309 1286
f 1614 1595 1610
f 1610 1595 1309
f 2159 2148 2129
f 2148 2134 2129
f 2174 2176 2252
f 2153 2152 2158
f 3164 3179 3174
f 2152 2150 2334
f 3975 3168 3174
f 3168 3162 3174
f 3174 3162 3164
f 3162 3157 3164
f 3164 3157 3165
f 3157 937 3156
f 3165 3157 3156
f 3156 937 996
f 3972 3168 3975
f 3162 3158 3157
f 3969 3175 3972
f 3157 939 937
f 931 937 939
f 2327 2150 2147
f 947 940 946
f 953 950 952
f 957 960 953
f 2155 2143 2138
f 3142 3149 3150
f 3150 3156 3142
f 3156 3134 3142
f 3179 3164 3155
f 3155 3164 3165
f 3165 3156 3150
f 3155 3165 3150
f 3156 996 3134
f 996 943 3134
f 3134 943 995
f 3976 3174 3179
f 996 938 943
f 938 936 943
f 936 938 937
f 945 934 931
f 940 945 946
f 1736 1735 2140
f 986 976 957
f 957 976 960
f 3149 3142 3141
f 3141 3142 3134
f 3141 3134 3137
f 3137 3134 3132
f 3134 3133 3132
f 3153 3150 3149
f 3134 995 961
f 3134 961 3133
f 995 944 961
f 937 931 936
f 950 949 947
f 953 954 950
f 954 955 950
f 953 960 954
f 3137 3132 3139
f 3146 3137 3139
f 3139 3132 3135
f 3132 999 3135
f 3133 970 999
f 3132 3133 999
f 3133 961 970
f 943 936 944
f 3966 2386 4000
f 934 932 931
f 940 935 934
f 947 949 940
f 950 959 949
f 955 958 950
f 958 959 950
f 988 960 976
f 987 988 976
f 2243 987 993
f 3148 3139 3143
f 3139 3135 3143
f 3143 3135 3138
f 3138 3135 3136
f 3138 3136 3140
f 3135 999 3136
f 3136 999 971
f 3136 971 3140
f 970 968 999
f 999 968 971
f 970 962 968
f 961 962 970
f 944 942 961
f 936 942 944
f 3991 2385 2383
f 931 933 936
f 933 941 936
f 931 932 933
f 934 935 932
f 988 2344 960
f 3144 3138 2574
f 2574 3138 3140
f 3145 3143 3138
f 3145 3138 3144
f 3140 989 2574
f 971 972 989
f 968 969 971
f 962 967 968
f 961 942 962
f 941 942 936
f 959 1003 949
f 958 1003 959
f 3151 3144 2574
f 3151 2574 2573
f 971 969 972
f 968 967 969
f 933 984 941
f 933 983 984
f 932 1008 983
f 932 983 933
f 935 2352 1008
f 935 1008 932
f 940 2351 935
f 2415 2412 2400
f 969 973 972
f 967 975 969
f 962 966 967
f 965 966 962
f 942 963 962
f 963 965 962
f 942 964 963
f 941 1000 964
f 941 964 942
f 984 1001 941
f 941 1001 1000
f 1008 984 983
f 975 974 969
f 974 973 969
f 2397 2393 2358
f 967 985 975
f 966 985 967
f 963 2360 965
f 2424 2394 2423
f 974 994 973
f 975 2365 974
f 966 2362 985
f 974 2366 994
f 5932 5935 5947
f 5934 5945 5944
f 5944 5942 5935
f 5934 5944 5935
f 5944 5940 5942
f 5935 5942 5947
f 5934 5931 5945
f 5945 5938 5944
f 5944 5938 5940
f 5940 5941 5942
f 5945 5936 5938
f 5938 5939 5940
f 5940 5939 5941
f 5936 5939 5938
f 5939 5943 5941
f 5936 5937 5939
f 5939 5937 5946
f 5939 5946 5943
f 3012 4361 3011
f 3008 3010 1206
f 3008 1206 3009
f 4359 4361 4360
f 4360 4361 3012
f 3012 3011 387
f 387 3011 3008
f 3009 1206 1183
f 3009 1183 1174
f 4433 4363 4357
f 4357 4363 4358
f 4358 4359 4339
f 4339 4359 4360
f 4339 4360 4341
f 4341 4360 3012
f 4355 4430 4356
f 4356 4357 2999
f 2999 4357 3003
f 4357 4358 3003
f 3003 4358 4339
f 3003 4339 4340
f 4340 4339 364
f 364 4339 4341
f 387 4341 3012
f 387 3008 378
f 3008 3009 1216
f 1216 3009 1174
f 3006 4354 3004
f 3004 4354 4355
f 3004 4355 2999
f 3000 2999 3003
f 3000 3003 362
f 362 3003 4340
f 361 4340 364
f 364 4341 359
f 359 4341 387
f 359 387 378
f 378 3008 1216
f 4351 4352 2998
f 2998 4352 3006
f 2998 3006 3005
f 3005 3006 3004
f 3005 3004 3002
f 3002 3004 2999
f 3002 2999 3001
f 2999 3000 3001
f 3001 3000 362
f 361 362 4340
f 361 364 349
f 349 364 359
f 349 359 353
f 353 359 378
f 353 378 1216
f 353 1216 370
f 4419 4353 4350
f 4353 4351 4350
f 4350 4351 2995
f 2995 4351 2998
f 3007 2998 3005
f 3007 3005 388
f 388 3005 365
f 3005 3002 365
f 365 3002 3001
f 3001 362 363
f 362 361 358
f 358 361 349
f 349 353 352
f 352 353 370
f 4349 4350 2997
f 2997 4350 2995
f 2996 2995 2998
f 2996 2998 375
f 375 2998 3007
f 375 3007 366
f 366 3007 388
f 332 388 365
f 365 3001 363
f 363 362 333
f 333 362 358
f 347 333 358
f 347 358 349
f 347 349 350
f 350 349 352
f 350 352 374
f 381 350 374
f 374 352 370
f 4345 4417 4346
f 4343 4346 2997
f 2994 2997 2995
f 2994 2995 379
f 379 2996 360
f 360 2996 375
f 366 388 332
f 332 365 333
f 333 365 363
f 348 347 351
f 351 347 350
f 376 351 350
f 3233 376 381
f 376 350 381
f 4344 4345 4343
f 4342 4343 2997
f 4342 2997 386
f 386 2997 2994
f 2994 379 386
f 360 375 331
f 331 375 366
f 331 366 332
f 330 331 332
f 330 332 333
f 330 333 334
f 334 333 342
f 342 333 347
f 342 347 348
f 380 348 376
f 376 348 351
f 3229 380 3233
f 380 376 3233
f 4366 4347 4344
f 4344 4343 4342
f 4342 386 385
f 357 386 379
f 357 379 337
f 2007 2016 2017
f 2005 2016 2007
f 2005 2007 1902
f 2017 2016 2018
f 2017 2018 2019
f 2019 2018 4544
f 337 379 360
f 337 360 331
f 1902 2007 2015
f 2020 2017 2019
f 2020 2019 4544
f 4680 2007 2017
f 2015 2007 4680
f 2015 4680 4681
f 4681 4680 4683
f 4680 2017 2020
f 4680 2020 4547
f 4683 4680 4547
f 4683 4547 4718
f 4547 2020 4544
f 4718 4547 4548
f 368 342 348
f 390 368 3229
f 3229 368 380
f 368 348 380
f 1191 390 3229
f 4369 4368 4365
f 4366 4344 377
f 377 4344 385
f 385 4344 4342
f 355 385 356
f 356 385 386
f 356 386 357
f 338 356 357
f 338 357 337
f 1902 2015 1923
f 1923 2015 4681
f 1373 4718 4548
f 336 338 337
f 336 337 331
f 4681 4683 4685
f 4682 4681 4685
f 4683 4718 4685
f 4685 4718 1373
f 4717 4685 1373
f 336 331 330
f 335 336 330
f 335 330 334
f 335 334 342
f 369 335 342
f 369 342 368
f 3225 369 390
f 369 368 390
f 4365 4347 4370
f 4370 4347 4367
f 4367 4347 4366
f 4367 4366 383
f 4366 377 383
f 377 385 355
f 371 377 355
f 1902 1903 2005
f 354 355 356
f 1923 1895 1902
f 338 354 356
f 1368 1373 4630
f 4630 1373 4548
f 1923 4681 4682
f 1985 1923 4682
f 4717 1373 1366
f 339 338 336
f 4682 4685 4708
f 4684 4682 4708
f 4708 4685 4717
f 336 335 341
f 384 341 369
f 341 335 369
f 384 369 3226
f 5161 4456 4369
f 4369 4365 4370
f 1882 1874 1877
f 383 377 371
f 1882 1877 1549
f 1882 1549 1903
f 1874 1882 1895
f 1895 1882 1902
f 1902 1882 1903
f 1908 1874 1895
f 1908 1895 1913
f 1913 1895 1923
f 345 371 355
f 345 355 354
f 1367 1366 1368
f 345 354 338
f 1932 1908 1913
f 1932 1913 1985
f 1913 1923 1985
f 345 338 339
f 4708 4717 1366
f 1932 1985 4686
f 4686 1985 4684
f 1985 4682 4684
f 339 336 340
f 340 336 341
f 3227 340 384
f 340 341 384
f 3230 1155 3217
f 1155 3230 1182
f 3227 384 3226
f 4464 4456 5161
f 4214 4457 4454
f 4211 4212 4213
f 4370 4367 395
f 1874 1872 1873
f 1873 1884 1877
f 1874 1873 1877
f 4367 383 395
f 1881 1872 1874
f 1877 1884 1495
f 1922 1881 1874
f 382 383 371
f 1922 1874 1908
f 1984 1922 1908
f 367 371 345
f 1984 1908 1932
f 4687 1984 1932
f 4708 1366 1365
f 346 345 344
f 344 345 339
f 4687 1932 4686
f 4688 4687 4686
f 4688 4686 4697
f 4697 4686 4696
f 4696 4686 4684
f 4696 4684 4708
f 343 344 339
f 343 339 340
f 3231 344 343
f 343 340 3231
f 3231 340 3227
f 4454 4385 4383
f 4209 4210 4211
f 5124 5161 5168
f 5161 4370 5168
f 1872 1871 1873
f 1873 1871 1547
f 1873 1547 1884
f 1884 1547 1493
f 5168 4370 395
f 392 395 383
f 1922 1931 1881
f 392 383 382
f 1931 1922 2002
f 373 382 371
f 389 382 373
f 2002 1922 2014
f 2014 1922 1984
f 373 371 367
f 2014 1984 3468
f 3468 1984 4687
f 367 345 346
f 3468 4687 4688
f 1362 4696 4708
f 1362 4708 1365
f 4688 4697 4695
f 4695 4697 4696
f 3217 346 344
f 3223 3218 3217
f 3218 3224 1153
f 5159 4464 5160
f 4206 4209 4207
f 5160 5161 5124
f 1865 1872 1898
f 1865 1870 1871
f 1871 1870 1517
f 1872 1865 1871
f 1871 1517 1547
f 1898 1872 1881
f 1898 1881 1931
f 1898 1931 2002
f 1986 1898 2002
f 393 392 382
f 393 382 389
f 3457 2014 3468
f 3457 3468 3465
f 1362 1365 1361
f 4689 3468 4688
f 4689 4688 4695
f 4694 4695 4696
f 4694 4696 1362
f 372 367 346
f 3218 1153 3220
f 3220 1153 5162
f 4442 4464 5159
f 4206 4207 4205
f 1865 1863 1870
f 1870 1863 1890
f 1870 1890 1484
f 1898 1867 1865
f 1517 1870 1484
f 1867 1898 1986
f 1866 1867 1986
f 5126 5168 395
f 5126 395 396
f 396 395 392
f 1986 2002 3539
f 3539 2002 2014
f 372 389 373
f 389 372 391
f 372 373 367
f 3465 3468 4689
f 4698 4695 4694
f 4194 4206 4205
f 5159 5160 5115
f 1866 1861 1865
f 1865 1861 1863
f 1863 1891 1890
f 5115 5160 5124
f 1867 1866 1865
f 1484 1890 1481
f 5126 5124 5168
f 5126 396 5133
f 396 392 393
f 3517 3539 3453
f 393 389 394
f 3453 3539 2014
f 394 389 391
f 3453 2014 3457
f 3219 391 372
f 3465 4689 4690
f 4689 4695 4690
f 4698 4694 4714
f 4714 4694 1362
f 3220 5162 5167
f 3221 3220 5167
f 4443 4442 5159
f 5157 4443 5159
f 1859 1860 1861
f 1863 1892 1891
f 1891 1892 1481
f 1909 1861 1866
f 1909 1866 2004
f 2004 1866 1986
f 1986 3539 3548
f 396 393 5176
f 5176 393 394
f 3453 3457 3452
f 3452 3457 3465
f 4714 1362 1357
f 391 3219 3221
f 4690 4695 4698
f 5138 5167 5162
f 5157 5159 5111
f 5111 5159 5115
f 1892 1864 1494
f 1860 1864 1863
f 1863 1864 1892
f 1909 1859 1861
f 1481 1892 1494
f 5115 5124 5123
f 2004 1986 3675
f 3675 1986 3548
f 3548 3539 3516
f 3516 3539 3517
f 5133 396 5176
f 394 391 3222
f 3389 3453 3452
f 4714 1357 1355
f 3452 3465 3464
f 3464 3465 4690
f 4712 4698 4714
f 3221 5167 5136
f 3222 3221 5136
f 5136 5167 5138
f 5138 5162 5139
f 5139 5162 1144
f 5157 4426 4443
f 4197 4193 4221
f 1858 1862 1864
f 1859 1858 1860
f 1860 1858 1864
f 1864 1893 1494
f 1910 1859 1909
f 1910 1909 2004
f 5104 5115 5123
f 5124 5126 5123
f 3675 3548 3670
f 5126 5133 4312
f 5133 5176 5134
f 5176 394 5134
f 3517 3453 3514
f 5134 394 3222
f 4712 4714 1355
f 3464 4690 4691
f 4690 4698 4691
f 4691 4698 4699
f 5139 1144 1128
f 276 282 4225
f 1862 1855 1532
f 1862 1532 1893
f 1893 1532 1483
f 1857 1855 1858
f 1858 1855 1862
f 1910 1857 1859
f 1857 1858 1859
f 5111 5115 5104
f 3676 2004 3675
f 5123 5126 4312
f 5134 3222 5136
f 4699 4698 4712
f 4712 1355 4710
f 4425 4426 5158
f 5158 4426 5157
f 4195 4192 4196
f 5110 5157 5111
f 1852 1868 1532
f 1855 1852 1532
f 1532 1478 1446
f 1857 1910 1971
f 5103 5111 5104
f 1971 1910 2004
f 1971 2004 3679
f 3679 2004 3676
f 3670 3548 3516
f 3515 3516 3517
f 4312 5133 4317
f 5133 5134 4317
f 3515 3517 3514
f 4317 5134 1530
f 1530 5134 5136
f 5136 5138 5137
f 3464 4691 4692
f 4692 4691 4699
f 4201 4408 4377
f 5158 5157 5110
f 4200 4190 4195
f 1852 1869 1868
f 1868 1869 1896
f 1854 1852 1855
f 1868 1896 1478
f 1857 1854 1855
f 1854 1857 1971
f 3679 3676 3662
f 3670 3676 3675
f 3676 3670 3497
f 3502 3670 3516
f 1530 5136 1377
f 3514 3453 3389
f 3451 3452 3464
f 4699 4712 4709
f 4709 4712 4710
f 5139 5137 5138
f 5139 1128 1138
f 5765 5735 5760
f 5765 5760 5926
f 4480 4425 5158
f 1851 1850 1852
f 1852 1850 1869
f 1850 1883 1869
f 1869 1883 1896
f 1854 1851 1852
f 1478 1896 1479
f 1851 1854 1969
f 1971 1969 1854
f 5110 5111 5103
f 1969 1971 3669
f 3669 1971 3679
f 3669 3679 3662
f 4316 5104 5123
f 3497 3662 3676
f 4316 5123 4315
f 3497 3670 3502
f 4315 5123 4313
f 4313 5123 4312
f 3516 3515 3513
f 3513 3515 3514
f 1417 4317 1530
f 1418 1417 1530
f 1377 5136 5137
f 3389 3452 3451
f 4709 4710 4711
f 5139 1138 5153
f 5898 5753 5765
f 5765 5926 5916
f 5828 5926 5812
f 5926 5721 5812
f 5812 5721 5712
f 4373 4425 4480
f 1845 1844 1850
f 1850 1844 1544
f 1850 1544 1883
f 1851 1845 1850
f 1969 1845 1851
f 1845 1969 1983
f 1983 1969 3669
f 3669 3662 3544
f 3544 3662 3497
f 1419 4312 4317
f 1376 1530 1377
f 3512 3514 3389
f 3451 3464 3463
f 3463 3464 4692
f 5899 5753 5898
f 5898 5765 5916
f 5916 5926 5828
f 4480 5158 5113
f 5113 5158 5110
f 1843 1842 1844
f 1845 1843 1844
f 1844 1886 1544
f 1843 1845 1983
f 1479 1544 1480
f 1983 3669 3543
f 3543 3669 3544
f 3495 3497 3502
f 4314 4315 4313
f 4314 4313 1422
f 4312 1422 4313
f 1419 1422 4312
f 1376 1377 1374
f 1451 1376 1375
f 1374 1377 5137
f 5137 5139 5140
f 3463 4692 4693
f 4692 4699 4700
f 4693 4692 4700
f 4700 4699 4709
f 5140 5139 5153
f 5901 5768 5899
f 5768 5753 5899
f 5811 5828 5812
f 4460 4406 4378
f 4379 4373 4480
f 4180 4182 4179
f 1842 1887 1886
f 1841 1843 3680
f 1841 1842 1843
f 3680 1843 3628
f 1843 1983 3628
f 3628 1983 3543
f 3543 3544 3534
f 3502 3516 3498
f 3498 3516 3513
f 3513 3514 3512
f 3512 3389 3395
f 5772 5768 5901
f 5775 5705 5790
f 5790 5705 5772
f 5901 5899 5900
f 5897 5899 5898
f 5898 5916 5817
f 5916 5828 5817
f 5812 5712 5724
f 4378 4379 4380
f 4479 4379 4480
f 5156 4480 5113
f 1840 1856 1842
f 1842 1856 1887
f 1887 1856 1512
f 1841 1840 1842
f 1887 1512 1480
f 5102 5110 5103
f 3534 3544 3511
f 5103 5104 4930
f 3511 3544 3497
f 1414 4315 4314
f 3495 3502 3498
f 3388 3451 3463
f 4713 4709 4711
f 4700 4709 4713
f 5789 5697 5775
f 5789 5775 5790
f 5790 5772 5901
f 5900 5899 5897
f 5897 5898 5817
f 5817 5828 5811
f 5829 5812 5724
f 4423 4379 4479
f 4479 4480 5156
f 1839 1838 1840
f 1840 1838 1856
f 1838 1536 1856
f 1841 1839 1840
f 1856 1536 1512
f 1512 1536 1516
f 1839 1841 2003
f 3680 2003 1841
f 5113 5110 5102
f 2003 3680 3628
f 3531 3628 3543
f 1403 4316 4315
f 3498 3513 3512
f 1375 1374 1378
f 1378 1374 5137
f 3389 3451 3388
f 4713 4711 4716
f 3388 3463 3466
f 3463 4693 3466
f 5757 5773 5791
f 5791 5773 5789
f 5790 5901 5889
f 5889 5901 5900
f 5811 5812 5808
f 5808 5812 5829
f 4172 4176 4177
f 1836 1837 1838
f 1837 1885 1536
f 1838 1837 1536
f 1536 1885 1515
f 1912 1836 1839
f 1839 1836 1838
f 1536 1515 1516
f 1912 1839 2003
f 3650 1912 2003
f 5113 5102 5107
f 3553 2003 3528
f 2003 3628 3528
f 3531 3543 3534
f 4930 5104 4929
f 3511 3497 3494
f 4929 5104 4316
f 1403 1400 4316
f 3494 3497 3495
f 1378 5137 5100
f 3395 3389 3386
f 3386 3389 3388
f 4715 4700 4713
f 3466 4693 4702
f 3467 3466 4702
f 4693 4700 4701
f 4702 4693 4701
f 5792 5751 5757
f 5792 5757 5791
f 5789 5790 5889
f 5889 5900 5918
f 5900 5897 5918
f 5826 5897 5817
f 5817 5811 5814
f 4391 4423 4479
f 4477 4391 4479
f 5112 5156 5113
f 1837 1880 1885
f 1885 1880 1514
f 1515 1885 1514
f 3650 2003 3553
f 5102 5103 4537
f 4537 5103 4930
f 1457 1352 1379
f 5150 5140 5153
f 3388 3466 3467
f 5150 5153 5154
f 5154 5153 1138
f 5793 5762 5792
f 5792 5791 5891
f 5891 5791 5789
f 5891 5789 5888
f 5888 5789 5889
f 5826 5817 5814
f 4477 4479 5156
f 4170 4172 4175
f 4170 4175 4186
f 1835 1875 1880
f 1836 1835 1837
f 1837 1835 1880
f 1880 1875 1503
f 1880 1503 1514
f 1912 1911 1836
f 1911 1912 3650
f 1380 1378 5100
f 5100 5137 5140
f 1344 4716 1351
f 5698 5762 5793
f 5793 5792 5915
f 5915 5792 5891
f 5891 5888 5890
f 5887 5888 5889
f 5887 5889 5918
f 5918 5897 5826
f 5814 5811 5809
f 5809 5811 5808
f 5829 5724 5755
f 4390 4391 4392
f 4463 4389 4390
f 4477 5156 5132
f 1831 1835 1833
f 1831 1878 1875
f 1835 1831 1875
f 1875 1878 1503
f 1911 1833 1836
f 1836 1833 1835
f 1833 1911 3650
f 3553 3528 3526
f 3527 3528 3531
f 4536 5102 4537
f 4537 4930 4932
f 3530 3534 3535
f 3535 3534 3511
f 4929 1399 4930
f 3495 3498 3496
f 3490 3498 3512
f 3386 3388 3387
f 3387 3388 3467
f 5154 1138 1205
f 5795 5700 5698
f 5795 5698 5794
f 5698 5793 5794
f 5915 5891 5893
f 5891 5890 5893
f 5890 5888 5886
f 5886 5888 5887
f 5815 5814 5809
f 5808 5829 5755
f 4441 4392 4477
f 4463 4390 4393
f 5132 5156 5112
f 1831 1830 1878
f 1878 1830 1502
f 1832 1831 1833
f 1878 1502 1503
f 5112 5113 5107
f 3552 3650 3553
f 3526 3528 3527
f 3530 3531 3534
f 4932 4930 4931
f 1401 4931 1399
f 3493 3511 3494
f 3496 3498 3490
f 3490 3512 3504
f 4704 4701 4715
f 5879 5702 5878
f 5702 5795 5878
f 5795 5794 5924
f 5878 5795 5924
f 5925 5794 5793
f 5793 5915 5925
f 5887 5918 5884
f 5884 5918 5818
f 5918 5826 5818
f 5826 5814 5815
f 5807 5808 5755
f 4441 4477 5155
f 5155 4477 5132
f 1826 1828 1830
f 1828 1504 1502
f 1830 1828 1502
f 1832 1826 1831
f 1831 1826 1830
f 2008 1832 1833
f 2008 1833 3649
f 1833 3650 3649
f 3649 3650 3552
f 5101 5107 5102
f 1401 4932 4931
f 3493 3494 3488
f 3494 3495 3488
f 3488 3495 3496
f 4715 4716 1344
f 3467 4702 4703
f 3375 3467 4703
f 4703 4702 4701
f 4703 4701 4704
f 5927 5924 5794
f 5927 5794 5925
f 5895 5915 5893
f 5895 5893 5894
f 5894 5893 5892
f 5893 5890 5892
f 5892 5890 5886
f 5886 5887 5884
f 5809 5808 5807
f 1826 1827 1828
f 1827 1829 1828
f 1828 1829 1519
f 1828 1519 1504
f 1826 1832 2008
f 5112 5107 5108
f 3527 3531 3530
f 1401 1397 4932
f 5100 5140 4492
f 4715 1344 1342
f 3387 3467 3375
f 5805 5702 5879
f 5879 5878 5805
f 5872 5878 5924
f 5925 5915 5895
f 5892 5886 5896
f 5885 5886 5884
f 5818 5826 5815
f 5806 5755 5669
f 5163 4435 4441
f 5163 4441 5155
f 1834 1827 1826
f 1829 1888 1519
f 1834 1826 2008
f 2008 3649 3648
f 3649 3552 3542
f 3648 3649 3542
f 5101 5108 5107
f 1396 4537 1397
f 1397 4537 4932
f 3396 3512 3395
f 3395 3386 3394
f 3386 3387 3374
f 3374 3387 3375
f 5150 5154 5149
f 5149 5154 1205
f 5804 5805 5872
f 5805 5878 5872
f 5927 5925 5895
f 5896 5886 5885
f 5885 5884 5830
f 5830 5884 5818
f 5807 5755 5806
f 5806 5669 5667
f 5155 5132 5109
f 1846 1847 1827
f 1827 1847 1888
f 1827 1888 1829
f 1834 1846 1827
f 1888 1501 1500
f 5109 5132 5112
f 1834 2008 3648
f 3542 3552 3526
f 5105 5108 5101
f 5101 5102 4536
f 3529 3527 3530
f 3492 3535 3493
f 3492 3493 3488
f 3504 3512 3396
f 3396 3395 3394
f 4492 5140 5141
f 5141 5140 5150
f 1342 4704 4715
f 3373 3375 4703
f 5872 5924 5875
f 5867 5872 5875
f 5875 5924 5927
f 5927 5895 5902
f 5894 5892 5896
f 5818 5815 5816
f 4452 4435 5163
f 5116 5163 5155
f 1888 1847 1540
f 1888 1540 1501
f 1834 3648 3601
f 5109 5112 5108
f 3542 3526 3524
f 3526 3527 3525
f 5101 4536 4531
f 4537 1395 4536
f 3536 3530 3535
f 3536 3535 3492
f 4491 1380 5100
f 3386 3374 3380
f 3374 3375 3373
f 4703 4704 4705
f 5149 1205 5152
f 5152 1205 1190
f 5804 5872 5802
f 5802 5872 5867
f 5875 5927 5902
f 5895 5894 5902
f 5902 5894 5929
f 5914 5894 5896
f 5830 5818 5819
f 5819 5818 5816
f 5815 5809 5816
f 5806 5667 5615
f 5164 5163 5116
f 5116 5155 5109
f 1848 1849 1847
f 1847 1849 1538
f 1907 1848 1846
f 1846 1848 1847
f 1847 1538 1540
f 1907 1846 3651
f 3601 1846 1834
f 1846 3601 3651
f 3601 3648 3542
f 3488 3496 3490
f 3394 3386 3380
f 3380 3374 3372
f 3373 4703 4705
f 5869 5902 5929
f 5896 5885 5928
f 5885 5830 5928
f 5810 5809 5807
f 5807 5806 5615
f 4445 5163 5164
f 4162 4478 4161
f 1848 1853 1849
f 1849 1853 1876
f 1538 1876 1539
f 1907 1906 1848
f 3625 1907 3651
f 3601 3542 3532
f 3529 3525 3527
f 5101 4531 4532
f 3396 3394 3393
f 4491 5100 4492
f 3393 3394 3380
f 5141 5150 5149
f 3372 3374 3373
f 4705 1342 1340
f 3373 4705 3367
f 5866 5802 5867
f 5868 5875 5869
f 5875 5902 5869
f 5929 5894 5914
f 5914 5896 5928
f 5928 5830 5821
f 5821 5830 5819
f 5816 5809 5827
f 5827 5809 5810
f 5813 5807 5615
f 5135 4445 5164
f 5135 5164 5125
f 5125 5164 5116
f 1853 1879 1876
f 1876 1548 1539
f 1905 1906 3625
f 1905 1853 1848
f 1906 1905 1848
f 1907 3625 1906
f 3651 3601 3602
f 5105 5109 5108
f 3524 3526 3525
f 4535 5105 5101
f 4535 5101 4533
f 4533 5101 4532
f 1392 1391 4532
f 1392 4532 4531
f 3487 3492 3488
f 3489 3488 3490
f 3490 3504 3499
f 1460 1458 4491
f 3372 3373 3365
f 3365 3373 3367
f 4706 3367 4705
f 5152 1190 1188
f 5802 5866 5803
f 5866 5867 5861
f 5861 5867 5875
f 5861 5875 5868
f 5869 5929 5864
f 5821 5819 5820
f 5820 5819 5816
f 5810 5807 5813
f 4446 4445 5135
f 1879 1889 1548
f 1905 1904 1879
f 5116 5109 5114
f 3625 3651 3602
f 3602 3601 3551
f 5114 5109 5105
f 3551 3601 3532
f 3542 3524 3532
f 1391 4533 4532
f 3529 3530 3521
f 3521 3530 3536
f 3499 3504 3396
f 1460 4491 4492
f 4494 4492 5141
f 4706 4705 4707
f 1188 1190 1108
f 5866 5861 5862
f 5864 5929 5914
f 5914 5928 5821
f 5827 5810 5920
f 5653 5615 5619
f 4446 5135 5128
f 5127 5135 5125
f 1894 1897 1889
f 1889 1897 1529
f 1889 1529 1546
f 1904 1894 1879
f 1879 1894 1889
f 5125 5116 5117
f 1972 1904 1905
f 1972 1905 3572
f 5117 5116 5114
f 3591 3625 3602
f 4535 4533 4534
f 5750 5803 5866
f 5870 5914 5821
f 5821 5820 5919
f 5816 5827 5823
f 5920 5810 5813
f 5813 5615 5653
f 1900 1901 1897
f 1897 1901 1534
f 1899 1900 1897
f 1897 1534 1529
f 1894 1899 1897
f 1899 1894 1904
f 1972 1899 1904
f 1899 1972 3571
f 1905 3625 3572
f 5105 4535 5106
f 1390 1389 4534
f 1340 1341 1339
f 5148 5141 5149
f 5148 5149 5152
f 5873 5869 5864
f 5864 5914 5870
f 5822 5820 5816
f 5823 5827 5920
f 2614 5171 5173
f 5135 5127 5128
f 1901 1900 1915
f 1970 1899 3571
f 1441 1442 1428
f 5119 5127 5125
f 5119 5125 5117
f 3571 1972 3572
f 5106 4535 5122
f 5122 4535 4502
f 1389 4535 4534
f 3525 3529 3521
f 3489 3490 3499
f 4493 1460 4492
f 1461 1460 4493
f 3380 3372 3371
f 1335 4707 1340
f 1335 1340 1339
f 3367 4706 3366
f 3366 4706 4707
f 5763 5750 5866
f 5864 5870 5863
f 5870 5821 5919
f 5825 5919 5820
f 5822 5816 5823
f 5920 5813 5836
f 5837 5813 5653
f 2615 2614 5173
f 5169 5171 5128
f 177 222 175
f 1901 1916 1919
f 5128 5127 5119
f 1915 1970 3571
f 5118 5117 5114
f 3591 3602 3593
f 3532 3524 3523
f 3523 3524 3522
f 3524 3525 3522
f 1383 4502 1389
f 3522 3525 3521
f 3521 3536 3492
f 3483 3487 3488
f 4493 4492 4494
f 3393 3380 3381
f 3372 3365 3371
f 5165 5152 1188
f 5763 5866 5871
f 5866 5862 5871
f 5861 5868 5859
f 5868 5869 5859
f 5859 5869 5873
f 5858 5873 5864
f 5858 5864 5863
f 5825 5820 5822
f 5836 5813 5837
f 5837 5653 5839
f 5173 5171 5172
f 1916 1917 1918
f 1916 1918 1919
f 5169 5128 5129
f 1915 1917 1916
f 1920 1917 1915
f 1919 1918 1535
f 5129 5128 5119
f 3575 1915 3571
f 5114 5105 5106
f 3551 3532 3533
f 1382 1381 1404
f 3396 3393 3390
f 4495 4493 4494
f 4494 5141 3280
f 3381 3380 3371
f 3365 3367 3366
f 5148 5152 5165
f 5774 5763 5871
f 5863 5870 5865
f 5870 5919 5865
f 5824 5822 5823
f 5831 5823 5920
f 5831 5920 5836
f 5839 5653 5652
f 1977 1979 1978
f 1953 1979 1977
f 1978 1979 1980
f 1978 1980 1981
f 1981 1980 2013
f 5179 2615 5173
f 1928 1977 1978
f 1928 1978 1927
f 1927 1978 1981
f 1927 1981 3253
f 3253 1981 2013
f 1926 1928 1927
f 3263 1927 3253
f 1921 1925 1924
f 1929 1925 1921
f 1929 1921 3574
f 1924 1925 1926
f 1924 1926 1927
f 1921 1924 1917
f 1924 1927 2012
f 2012 1927 1455
f 1917 1924 1918
f 1918 1924 2012
f 3574 1921 1920
f 3575 3574 1920
f 1920 1921 1917
f 3575 1920 1915
f 3575 3571 3570
f 5119 5117 5118
f 5118 5114 5120
f 5120 5114 4257
f 5114 5106 4257
f 3533 3532 3523
f 4499 5106 5122
f 4499 5122 4500
f 1383 1388 4500
f 1383 4500 4502
f 4502 4500 5122
f 3486 3492 3487
f 3483 3488 3489
f 3499 3396 3397
f 3397 3396 3390
f 4495 4494 3280
f 5141 5148 5142
f 3371 3365 3364
f 3364 3365 3366
f 1337 3366 4707
f 1337 4707 1335
f 5862 5861 5860
f 5860 5861 5859
f 5865 5919 5825
f 5824 5823 5831
f 5824 5831 5832
f 2604 1551 4462
f 1551 1554 451
f 2602 2607 2589
f 1953 1977 1930
f 1977 1928 1930
f 1929 1930 1928
f 1933 1929 3613
f 5173 5172 5175
f 3613 1929 3574
f 1455 3263 3258
f 3570 3574 3575
f 3570 3571 3568
f 4257 5106 4255
f 5106 4499 4255
f 1388 1498 4500
f 1498 4499 4500
f 3390 3393 3381
f 3280 5141 3279
f 3279 5141 5142
f 5148 5165 2504
f 5752 5774 5871
f 5859 5873 5858
f 5863 5865 5857
f 5825 5822 5824
f 5923 5825 5824
f 5838 5837 5839
f 4462 1553 3952
f 3950 3982 4462
f 3946 3981 3948
f 3948 3981 3982
f 3941 3983 3984
f 450 2579 455
f 1953 1940 1939
f 5180 2615 5179
f 1934 1940 1953
f 1951 2009 2022
f 1930 1934 1953
f 1933 1930 1929
f 5179 5173 5175
f 3613 3574 3573
f 1455 3258 1453
f 3573 3574 3570
f 5172 5169 5170
f 5170 5169 5129
f 3571 3572 3569
f 3572 3591 3590
f 3590 3591 3593
f 3602 3551 3547
f 4254 4257 4255
f 1498 1382 4501
f 4501 4255 4499
f 3522 3521 3486
f 3489 3499 3500
f 3500 3499 3397
f 3277 4495 3280
f 1332 1337 1335
f 5871 5862 5874
f 5862 5860 5874
f 5858 5863 5857
f 5865 5825 5923
f 5923 5824 5882
f 5882 5824 5832
f 5831 5833 5832
f 5833 5831 5836
f 5833 5836 5837
f 5839 5652 5840
f 3950 4462 3952
f 3948 3982 3950
f 3943 3980 3945
f 3941 3984 3943
f 3940 4427 3954
f 4440 4424 3940
f 459 2608 3297
f 1937 1936 1935
f 1936 1938 1939
f 1939 1938 1950
f 5180 3297 2615
f 1935 1936 1934
f 1934 1936 1940
f 1940 1936 1939
f 1939 1950 1951
f 1951 1950 2009
f 1933 1935 1934
f 1935 1933 3612
f 1930 1933 1934
f 3612 1933 3613
f 5175 5172 5174
f 5170 5129 5130
f 5129 5119 5121
f 5130 5129 5121
f 5121 5119 5118
f 3568 3571 3569
f 4257 4254 4253
f 1499 4254 4255
f 3481 3522 3486
f 3486 3487 3483
f 1332 1335 1334
f 5752 5871 5771
f 5874 5860 5903
f 5860 5859 5856
f 5859 5858 5856
f 5856 5858 5857
f 5857 5865 5876
f 5849 5865 5923
f 5848 5923 5882
f 5833 5837 5838
f 5838 5839 5840
f 3951 3952 1553
f 3950 3952 3951
f 3949 3950 3951
f 1550 1553 1551
f 3947 3948 3949
f 3948 3950 3949
f 3946 3948 3947
f 1550 1551 411
f 411 1551 451
f 3937 3938 3941
f 411 451 410
f 3936 3938 3937
f 3934 3954 3936
f 3936 3954 3938
f 3940 3954 3934
f 404 405 448
f 3956 4437 3939
f 4447 4437 3985
f 1954 1974 1973
f 1982 1974 1954
f 1973 1974 1975
f 1973 1975 1976
f 1976 1975 3271
f 1946 1954 1973
f 3239 1976 3271
f 1946 1973 3264
f 3264 1973 1976
f 3264 1976 3239
f 3243 3264 3239
f 1960 1942 1946
f 1960 1946 3273
f 1946 3264 3273
f 1937 1941 1938
f 1941 1942 1938
f 1938 1942 1960
f 1937 1935 1966
f 1936 1937 1938
f 1950 1938 1960
f 1960 3273 3272
f 1966 1935 3612
f 2009 1960 3272
f 5180 5179 5178
f 5178 5179 5175
f 3573 3612 3613
f 5177 5175 5174
f 3599 3573 3567
f 3567 3573 3570
f 5174 5172 5170
f 5121 5118 5131
f 5131 5118 5120
f 5120 4257 4256
f 4253 4256 4257
f 4256 4253 4252
f 1430 4253 4254
f 3533 3523 3518
f 3523 3522 3505
f 5771 5871 5874
f 5860 5856 5903
f 5856 5857 5854
f 5857 5876 5854
f 5852 5854 5876
f 5876 5865 5849
f 5849 5923 5848
f 5882 5832 5834
f 5832 5833 5834
f 5842 5838 5841
f 5841 5838 5840
f 5840 5652 5767
f 5767 5652 5674
f 3951 1553 1550
f 3944 3946 3947
f 3945 3946 3944
f 3942 3943 3944
f 3944 3943 3945
f 3941 3943 3942
f 409 408 410
f 3931 3940 3934
f 3939 3940 3931
f 414 397 423
f 3882 4469 4447
f 1962 1954 1947
f 3271 2011 2010
f 4127 4129 4130
f 1943 1945 1942
f 1942 1945 1946
f 1945 1954 1946
f 434 426 436
f 1944 1943 1941
f 1941 1943 1942
f 3273 3264 3262
f 1944 1937 1966
f 3273 3262 3249
f 3272 3273 3249
f 3611 3612 3573
f 3611 3573 3599
f 1453 3257 1454
f 4256 5131 5120
f 1537 4256 4252
f 3551 3533 3547
f 3518 3523 3505
f 3483 3489 3491
f 3491 3489 3500
f 3274 3277 3280
f 3370 3381 3371
f 1331 1332 1334
f 3370 3371 3364
f 3368 3364 3366
f 3368 3366 1337
f 5770 5771 5874
f 5855 5856 5854
f 5849 5848 5847
f 5848 5882 5845
f 5845 5882 5834
f 5833 5838 5842
f 3050 3951 1550
f 3051 3949 3951
f 3051 3951 3050
f 3947 3949 3953
f 3953 3949 3051
f 1550 411 1552
f 3944 3947 3953
f 3058 3941 3942
f 437 411 413
f 3056 3937 3941
f 3056 3941 3058
f 3939 3931 3929
f 3932 3956 3929
f 3985 3956 3932
f 1948 1947 1943
f 1943 1947 1945
f 1949 1948 1943
f 3239 3238 3236
f 1952 1949 1944
f 1949 1943 1944
f 3243 3239 3236
f 1956 1944 1966
f 1956 1966 878
f 878 1966 3668
f 3299 3297 5180
f 1966 3612 3611
f 3668 1966 3611
f 3299 5180 5178
f 3599 3567 3622
f 5170 5130 5183
f 5130 5121 5181
f 5181 5121 5182
f 5121 5131 5182
f 1528 1505 5182
f 5182 5131 4256
f 1528 5182 5589
f 5589 5182 4256
f 3569 3572 3590
f 3593 3602 3547
f 3505 3522 3481
f 3274 3280 3279
f 3368 1337 1332
f 5874 5903 5880
f 5903 5856 5855
f 5853 5854 5852
f 5851 5876 5849
f 5850 5849 5847
f 5847 5848 5845
f 5834 5833 5835
f 5843 5834 5835
f 5835 5833 5842
f 3049 3953 3051
f 3055 3944 3049
f 3049 3944 3953
f 3054 3944 3055
f 1552 411 437
f 3942 3944 3054
f 3935 3936 3937
f 3934 3936 3935
f 405 401 406
f 3933 3931 3934
f 4116 4112 4117
f 1962 1990 1989
f 1989 1990 1991
f 4222 4126 3882
f 1989 1991 1992
f 1992 1991 2010
f 2010 1991 2000
f 1957 1952 1956
f 3240 3243 3236
f 1956 1952 1944
f 1967 1956 878
f 1454 3259 5570
f 3658 3599 3660
f 3660 3599 3622
f 5587 5580 5174
f 3622 3567 3586
f 5183 5587 5174
f 1518 5590 5588
f 5588 5590 5587
f 5588 5587 5181
f 5181 5587 5183
f 1506 1518 5588
f 3567 3570 3568
f 3567 3568 3564
f 1505 1506 5588
f 1505 5588 5182
f 5182 5588 5181
f 3564 3568 3569
f 3590 3593 3547
f 3547 3533 3518
f 3481 3486 3480
f 3480 3486 3483
f 3485 3483 3491
f 1331 1334 1330
f 5764 5770 5874
f 5855 5854 5853
f 5852 5876 5851
f 5851 5849 5850
f 5844 5845 5834
f 5841 5840 5767
f 3047 3051 3050
f 3047 3050 1552
f 3050 1550 1552
f 3045 3049 3047
f 3049 3051 3047
f 3045 3047 3046
f 3052 3942 3054
f 3053 3058 3052
f 3052 3058 3942
f 413 411 412
f 4096 4097 4111
f 407 412 408
f 3935 3937 3057
f 3057 3937 3056
f 4131 4124 4199
f 3934 3935 3933
f 3930 3931 3933
f 3927 3929 3931
f 3932 3929 3926
f 4293 1995 1997
f 1990 1995 1994
f 1990 1994 1993
f 1993 1994 3268
f 3871 3985 3955
f 1997 1995 1990
f 1998 1997 1990
f 1999 1993 3268
f 3874 3882 3871
f 3267 1999 3268
f 2000 1999 3267
f 2000 3267 3265
f 3234 2000 3265
f 1949 1968 1948
f 434 432 422
f 1958 1957 1956
f 447 444 457
f 1958 1959 4616
f 1959 1958 1956
f 1967 1959 1956
f 877 1959 1967
f 4616 1959 877
f 877 1967 878
f 877 878 876
f 876 878 3668
f 3247 3256 3246
f 5099 3256 3261
f 3611 3599 3630
f 5578 5178 5177
f 3630 3599 3658
f 5580 5177 5174
f 5584 5580 5587
f 1541 1543 5600
f 5600 5584 5590
f 5590 5584 5587
f 1541 5600 1518
f 1518 5600 5590
f 3370 3364 3369
f 3369 3364 3368
f 5142 5148 5143
f 5143 5148 2504
f 5764 5874 5880
f 5880 5903 5855
f 5880 5855 5777
f 5778 5855 5853
f 5853 5852 5783
f 5782 5853 5783
f 5852 5851 5781
f 5877 5850 5847
f 5877 5847 5846
f 5846 5847 5845
f 5845 5844 5846
f 5844 5834 5843
f 5842 5841 5767
f 3046 3047 462
f 462 3047 1552
f 462 1552 437
f 3048 3055 3049
f 3048 3049 3045
f 3048 3045 3043
f 3043 3045 3044
f 3045 3046 3044
f 3044 3046 460
f 460 3046 462
f 460 462 437
f 3039 3052 3048
f 3048 3052 3054
f 3054 3055 3048
f 439 3044 460
f 439 460 412
f 412 460 437
f 4095 4094 4096
f 3053 3052 3039
f 407 439 412
f 4096 4111 4100
f 4140 4100 4131
f 4220 4199 4234
f 3056 3058 3053
f 403 431 407
f 3927 3931 3930
f 443 402 420
f 3926 3929 3927
f 3928 3955 3932
f 4293 1997 4292
f 4292 1997 1998
f 3234 3265 3266
f 432 430 422
f 1957 1955 1952
f 1955 1957 1963
f 1964 1957 1958
f 1964 1958 4615
f 4569 4823 4822
f 3240 3236 3235
f 3241 3240 3235
f 4615 1958 4616
f 874 4616 877
f 874 877 873
f 873 877 876
f 876 3668 879
f 3299 5178 5578
f 3668 3611 3630
f 879 3668 3630
f 3261 3256 3247
f 5098 5099 3261
f 5579 5578 5177
f 3659 3630 3658
f 3659 3658 3688
f 3688 5567 5564
f 5564 5567 5569
f 5581 5579 5580
f 5580 5579 5177
f 5584 5585 5581
f 5584 5581 5580
f 5591 5585 5584
f 3687 5593 5568
f 5568 5591 5600
f 5600 5591 5584
f 3623 3622 3586
f 3547 3518 3519
f 3518 3505 3479
f 3482 3480 3483
f 3503 3491 3500
f 3390 3381 3384
f 5764 5880 5796
f 5676 5764 5796
f 5796 5880 5881
f 5881 5880 5777
f 5777 5855 5778
f 5778 5853 5784
f 5782 5784 5853
f 5783 5852 5781
f 5781 5851 5780
f 5780 5851 5850
f 5877 5846 5799
f 5921 5842 5912
f 5842 5767 5917
f 4095 4089 4094
f 4095 4096 4098
f 4140 4131 4141
f 3043 3044 439
f 3039 3048 3042
f 3042 3048 3043
f 3042 3043 431
f 431 3043 439
f 3053 3039 3038
f 3038 3039 442
f 442 3039 441
f 441 3039 3042
f 3042 431 441
f 3035 3057 3056
f 3056 3053 3035
f 402 442 441
f 402 441 403
f 3040 3933 3935
f 3040 3935 3057
f 443 442 402
f 3859 4222 3855
f 3089 3927 3930
f 3855 3874 3757
f 3928 3932 3926
f 3204 4293 4292
f 417 416 418
f 430 418 416
f 4292 1998 3202
f 3206 3234 3266
f 1957 1964 1963
f 4619 4615 4616
f 4619 4616 874
f 3248 3242 3241
f 5577 3299 5576
f 4822 5075 4883
f 873 876 875
f 875 876 879
f 3261 3247 5586
f 3247 5599 5586
f 5572 5098 4891
f 5583 5098 3261
f 5583 3261 5582
f 3261 5586 5582
f 5582 5586 5579
f 5579 5586 5578
f 4891 5098 5583
f 5564 5569 5565
f 5581 5582 5579
f 5585 4891 5583
f 5581 5583 5582
f 5585 5583 5581
f 3623 5593 3687
f 3586 3567 3563
f 3567 3564 3563
f 3569 3590 3588
f 3397 3390 3392
f 1508 1471 3274
f 3384 3381 3370
f 5676 5796 5759
f 5796 5881 5759
f 5759 5881 5777
f 5651 5759 5777
f 5651 5777 5650
f 5650 5777 5778
f 5650 5778 5742
f 5742 5778 5784
f 5784 5782 5742
f 5742 5782 5625
f 5782 5783 5661
f 5625 5782 5661
f 5661 5783 5781
f 5661 5781 5628
f 5628 5781 5769
f 5769 5781 5780
f 5780 5850 5779
f 5779 5850 5877
f 5779 5877 5799
f 5797 5846 5844
f 5797 5844 5843
f 5843 5835 5883
f 5835 5842 5921
f 5883 5835 5921
f 5917 5767 5675
f 5912 5842 5917
f 3858 4234 3859
f 3036 3038 442
f 3040 3057 3037
f 3057 3035 3037
f 3037 3035 3034
f 3034 3035 3036
f 3034 3036 443
f 3036 442 443
f 3089 3930 3083
f 3083 3930 3933
f 3083 3933 3041
f 3041 3933 3040
f 420 3034 443
f 419 429 420
f 440 429 417
f 417 429 419
f 3757 3871 3870
f 3870 3955 3869
f 3869 3955 3928
f 430 3085 418
f 440 417 418
f 3195 3204 4292
f 3195 4292 3202
f 433 3085 430
f 4331 4332 4329
f 1964 1965 1963
f 1965 1964 4614
f 4568 4569 4567
f 4614 1964 4615
f 4614 4615 4619
f 4567 4569 4822
f 447 3298 5577
f 800 4619 874
f 4567 4822 4883
f 874 873 698
f 4883 4887 4886
f 879 3630 918
f 5599 5574 5586
f 5586 5574 5576
f 3630 3659 918
f 918 3659 3685
f 4887 5572 4891
f 4886 4887 4891
f 5592 4891 5585
f 5591 5592 5585
f 3623 5592 5593
f 5593 5592 5591
f 3583 3623 3586
f 3384 3370 3376
f 5769 5780 5645
f 5645 5780 5779
f 5645 5779 5727
f 5727 5779 5728
f 5779 5799 5728
f 5799 5846 5797
f 5797 5843 5883
f 4102 4079 4082
f 4082 4090 4099
f 4142 4230 3866
f 3858 4230 4234
f 3859 3855 3739
f 3739 3855 3757
f 3083 3041 3084
f 3041 3040 429
f 3040 3037 429
f 3037 3034 429
f 3923 3926 3927
f 3084 3041 440
f 3041 429 440
f 5422 4335 4297
f 3924 3928 3926
f 3085 3084 440
f 4299 4297 4331
f 4297 4299 4298
f 4331 4297 4335
f 4331 4335 4332
f 4332 4335 4337
f 3757 3870 3869
f 4301 4299 4331
f 4298 4299 4301
f 4326 4332 4337
f 4326 4337 4336
f 3082 3085 433
f 4301 4331 4330
f 4298 4301 675
f 675 4301 4330
f 4330 4331 4329
f 438 3082 433
f 4330 4329 4325
f 4330 4325 691
f 675 4330 691
f 4325 4329 4326
f 4326 4336 4333
f 4336 4338 4333
f 4325 4326 4327
f 4327 4326 4333
f 4327 4333 4328
f 4328 4333 4338
f 4328 4338 4334
f 843 4325 4327
f 691 4325 843
f 4566 5070 4568
f 691 843 701
f 843 4327 844
f 701 843 844
f 701 844 703
f 844 4327 4328
f 844 4328 4334
f 844 4334 854
f 4620 4614 4619
f 703 844 854
f 800 874 698
f 4567 4883 4881
f 4881 4883 4882
f 5577 5576 5575
f 873 875 796
f 698 873 796
f 5574 3248 5575
f 796 875 879
f 4883 4886 4885
f 918 3685 883
f 5598 4886 4891
f 3624 5594 5592
f 3640 3624 3583
f 3624 3623 3583
f 3563 3583 3586
f 3564 3569 3588
f 3588 3590 3592
f 3505 3481 3479
f 3482 3483 3485
f 3401 3397 3398
f 3397 3392 3398
f 1508 3274 3275
f 3275 3274 3279
f 3279 5142 3278
f 3278 5142 5143
f 1326 1331 1330
f 3368 1332 1325
f 1332 1326 1325
f 5728 5799 5729
f 5798 5797 5883
f 5912 5917 5922
f 5917 5675 5922
f 4101 4082 4099
f 3876 4146 4144
f 3876 4144 3867
f 3867 4142 3866
f 3866 4230 3858
f 3738 3858 3859
f 3738 3859 3739
f 3924 3926 3923
f 3088 3927 3089
f 3088 3089 3086
f 3086 3089 3081
f 3081 3089 3083
f 2546 5422 4297
f 2546 4297 4296
f 3771 3757 3869
f 3081 3083 3082
f 3082 3083 3084
f 4296 4297 4298
f 4296 4298 4300
f 3080 3081 3082
f 4300 4298 675
f 4300 675 554
f 4336 4910 4338
f 3080 3082 438
f 554 675 553
f 675 691 553
f 5512 2001 4613
f 452 3080 438
f 4612 1965 4614
f 4612 4614 4620
f 4566 4568 4567
f 553 691 701
f 701 703 702
f 702 703 854
f 702 854 855
f 4620 4619 800
f 5070 4566 5067
f 4882 4883 4885
f 2742 2740 236
f 879 918 881
f 881 918 883
f 5598 4885 4886
f 5594 5598 5592
f 5592 5598 4891
f 3640 5594 3624
f 3592 3547 3545
f 3519 3518 3479
f 3479 3481 3480
f 3500 3397 3401
f 3392 3390 3384
f 3275 3279 3278
f 5143 2504 2506
f 5729 5799 5640
f 5799 5797 5640
f 5798 5883 5660
f 5640 5797 5798
f 5922 5675 5776
f 5776 5675 5673
f 4081 4102 4103
f 3878 4231 3875
f 4231 3876 3875
f 3730 3858 3738
f 3740 3739 3757
f 3740 3757 3771
f 3923 3927 3088
f 3771 3869 3872
f 3872 3869 3928
f 3079 3086 3081
f 4337 5401 5444
f 3079 3081 3080
f 453 3079 3080
f 453 3080 452
f 3079 453 3090
f 560 553 701
f 930 4904 4905
f 4617 4612 4620
f 560 701 702
f 447 453 452
f 5547 453 447
f 5577 3260 5547
f 5577 5547 447
f 5060 5068 5067
f 796 879 880
f 882 5089 4553
f 2740 2732 236
f 879 881 880
f 880 881 882
f 881 883 882
f 4882 4885 5596
f 5596 4885 5598
f 198 182 197
f 3545 3547 3519
f 3376 3370 3369
f 4033 3368 1325
f 2481 1142 2496
f 5800 5660 5883
f 5800 5883 5904
f 5883 5921 5904
f 5904 5921 5912
f 3875 3876 3728
f 3728 3876 3867
f 3728 3867 3730
f 3730 3867 3866
f 3737 3738 3739
f 2533 2532 2534
f 2543 2539 2546
f 3872 3928 3913
f 3923 3088 3922
f 2543 2546 4296
f 2543 4296 798
f 3088 3086 3087
f 3092 3088 3087
f 798 4296 4300
f 3087 3086 3079
f 798 4300 797
f 4910 5444 4909
f 797 4300 554
f 797 554 552
f 552 554 553
f 4610 4613 4612
f 4610 4612 4608
f 3090 3087 3079
f 4565 4566 4567
f 664 702 903
f 903 702 855
f 903 855 930
f 4565 4567 4884
f 453 5547 3094
f 4567 4881 4884
f 3579 5594 3640
f 3564 3588 3565
f 3566 3588 3592
f 3474 3480 3482
f 3484 3485 3491
f 3369 3368 3377
f 3377 3368 4033
f 5660 5800 5659
f 5800 5904 5657
f 5659 5800 5657
f 5904 5912 5906
f 5912 5922 5908
f 5906 5912 5908
f 5908 5922 5776
f 4626 4624 4642
f 4624 4626 4625
f 4642 4624 4628
f 4642 4628 4637
f 3717 3875 3728
f 847 4626 4642
f 847 4642 846
f 4625 4626 847
f 846 4642 923
f 846 923 819
f 923 4642 4637
f 819 923 4639
f 4945 2569 2568
f 4641 2569 4945
f 4641 4945 820
f 2568 2569 2567
f 2567 2569 2570
f 2567 2570 2563
f 4945 2568 2566
f 820 4945 743
f 2566 2568 2567
f 2566 2567 2565
f 2565 2567 2563
f 753 4945 2566
f 743 4945 753
f 743 753 733
f 753 2566 2565
f 753 2565 890
f 733 753 890
f 890 2565 2563
f 890 2563 2562
f 2563 2571 2562
f 890 2562 901
f 890 901 900
f 2562 5537 2561
f 901 2562 2561
f 901 2561 2553
f 2553 2561 2560
f 2553 2560 2554
f 2554 2560 2558
f 898 901 2553
f 898 2553 2552
f 2552 2553 2551
f 2551 2553 2554
f 2551 2554 2558
f 2551 2558 2549
f 898 2552 897
f 687 898 897
f 687 897 686
f 897 2552 2551
f 686 897 892
f 897 2551 892
f 892 2551 2550
f 2550 2551 2549
f 2550 2549 909
f 3730 3738 3737
f 892 2550 909
f 891 892 909
f 2549 5485 2548
f 909 2549 2548
f 893 909 2548
f 893 2548 2531
f 2531 2548 2547
f 2531 2547 2532
f 2532 2547 2555
f 768 893 2531
f 893 768 767
f 2530 2531 2532
f 2530 2532 2533
f 2532 2555 2534
f 767 768 766
f 768 2531 2530
f 768 2530 912
f 766 768 912
f 766 912 659
f 912 2530 2533
f 2534 2555 2556
f 3737 3739 3740
f 659 912 2533
f 659 2533 899
f 659 899 623
f 899 2533 2545
f 2545 2533 2535
f 2535 2533 2534
f 2535 2534 2536
f 2534 2556 2540
f 2536 2534 2540
f 2540 2556 2559
f 2540 2559 2564
f 2540 2564 2557
f 2536 2540 2538
f 2538 2540 2557
f 2538 2557 2541
f 782 899 2545
f 782 2545 783
f 623 899 782
f 783 2545 2535
f 2535 2536 2537
f 2537 2536 2538
f 2537 2538 2539
f 2539 2538 2541
f 782 783 780
f 783 2535 2544
f 780 783 2544
f 780 2544 690
f 2544 2535 2537
f 2544 2537 2542
f 2542 2537 2539
f 2542 2539 2543
f 3873 3872 3913
f 3913 3928 3924
f 3913 3924 3912
f 3912 3924 3923
f 3912 3923 3922
f 2544 2542 690
f 690 2542 894
f 676 690 894
f 894 2542 2543
f 894 2543 798
f 5401 5399 5444
f 5444 5399 4909
f 798 797 677
f 3092 3087 3091
f 677 797 552
f 546 552 553
f 546 553 560
f 3091 3087 3090
f 546 560 664
f 921 4905 4906
f 770 664 903
f 3090 453 3094
f 833 4620 800
f 696 800 698
f 796 880 3678
f 4881 4882 4678
f 4551 882 4553
f 4678 4882 5597
f 3678 880 3584
f 880 882 4552
f 3584 880 4552
f 4882 5596 5597
f 3579 3640 3583
f 3565 3588 3566
f 3545 3519 3520
f 3519 3479 3510
f 3510 3479 3470
f 3479 3480 3472
f 3482 3485 3484
f 3484 3491 3503
f 3503 3500 3401
f 3384 3382 3392
f 1326 1330 1327
f 3376 3369 3377
f 5776 5673 5679
f 3704 4115 4121
f 3877 3878 3713
f 3713 3878 3875
f 3713 3875 3717
f 4623 4624 4625
f 4623 4625 872
f 872 4625 847
f 872 847 845
f 845 847 846
f 4639 4638 4640
f 845 846 819
f 819 4639 820
f 818 819 820
f 4639 4640 4641
f 820 4639 4641
f 4641 4640 5474
f 820 743 852
f 3729 3728 3730
f 2562 2571 5537
f 736 733 890
f 736 890 734
f 734 890 900
f 2560 5439 2558
f 735 901 898
f 900 901 735
f 735 898 687
f 2549 5516 5485
f 686 892 655
f 655 892 891
f 891 909 893
f 891 893 654
f 893 767 654
f 654 767 765
f 765 767 766
f 765 766 764
f 766 659 764
f 764 659 621
f 621 659 623
f 623 782 784
f 784 782 781
f 781 782 780
f 650 780 690
f 3873 3771 3872
f 3922 3088 3098
f 650 690 674
f 690 676 674
f 3098 3088 3092
f 676 894 798
f 676 798 677
f 647 546 664
f 647 664 770
f 903 921 770
f 921 4906 905
f 770 921 905
f 3091 3090 3093
f 4618 4617 4620
f 3090 3094 3093
f 833 800 696
f 4565 4884 4879
f 4819 4565 4879
f 4884 4881 4879
f 2732 2722 2731
f 4679 5060 5057
f 4552 4551 5595
f 5595 4551 5597
f 3584 4552 3579
f 3579 4552 5595
f 3579 3583 3563
f 3472 3480 3474
f 3474 3482 3484
f 1325 1326 1327
f 3377 4033 4032
f 5677 5657 5904
f 5908 5776 5801
f 5776 5679 5801
f 3702 4114 3704
f 3705 3877 3713
f 4621 4623 872
f 3727 3717 3728
f 845 819 751
f 751 819 818
f 852 818 820
f 747 818 852
f 852 743 741
f 741 743 733
f 733 736 731
f 731 736 734
f 734 900 735
f 687 686 661
f 661 686 655
f 655 891 654
f 652 654 765
f 765 764 679
f 679 764 621
f 621 623 622
f 622 623 624
f 624 623 784
f 624 784 781
f 781 780 650
f 781 650 564
f 564 650 549
f 3911 3912 3922
f 549 650 674
f 3098 3092 3096
f 4899 4903 4901
f 3096 3092 3095
f 545 677 552
f 545 552 546
f 4611 4609 4608
f 4608 4609 4610
f 3095 3092 3091
f 4899 4901 4900
f 905 4899 4900
f 4901 4611 4618
f 4900 4901 4618
f 4618 4611 4608
f 647 770 769
f 769 770 905
f 905 4900 771
f 4900 4618 771
f 3095 3091 3093
f 771 4618 4620
f 771 4620 833
f 696 698 697
f 2722 2723 2726
f 698 796 697
f 4879 4881 4678
f 3635 3678 3584
f 3635 3584 3580
f 3578 3579 3563
f 3566 3592 3546
f 3470 3479 3472
f 3382 3384 3376
f 3278 5143 5144
f 3378 3376 3377
f 4032 4033 1325
f 4032 1325 4031
f 5143 2506 2502
f 5677 5904 5905
f 5905 5904 5906
f 5801 5906 5908
f 4113 4114 3699
f 3699 4114 3702
f 3705 3704 3877
f 3716 3713 3717
f 3 4623 1
f 2988 4621 2990
f 2990 4621 872
f 908 2990 872
f 908 872 751
f 751 872 845
f 751 818 747
f 3727 3728 3729
f 747 852 741
f 5552 5445 5452
f 5552 5452 5440
f 741 733 740
f 3736 3729 3730
f 3736 3730 3737
f 734 735 689
f 5487 5446 5448
f 689 735 687
f 661 655 653
f 653 655 654
f 653 654 652
f 5484 5418 5518
f 5484 5518 5524
f 5484 5524 5406
f 679 621 616
f 3749 3740 3771
f 5407 5294 5536
f 5536 5294 5400
f 3862 3873 3913
f 564 549 502
f 547 549 674
f 547 674 676
f 676 677 545
f 547 676 545
f 4903 5397 4902
f 4901 4902 4609
f 769 905 771
f 684 771 833
f 684 833 696
f 5056 4819 5051
f 697 796 3678
f 3580 3584 3579
f 3563 3564 3561
f 3564 3565 3561
f 3474 3484 3478
f 3400 3401 3398
f 1507 1508 3275
f 5905 5906 5907
f 3702 3704 3703
f 2986 2993 2992
f 2986 2992 2983
f 2983 2992 2991
f 2983 2991 2985
f 2985 2991 2987
f 2986 2983 2981
f 2981 2983 2982
f 2982 2983 2985
f 2982 2985 2987
f 2982 2987 2984
f 850 2986 2981
f 859 2986 850
f 859 850 849
f 849 850 802
f 850 2981 2980
f 802 850 2980
f 2980 2981 2982
f 802 2980 793
f 2980 2982 2978
f 2978 2982 2984
f 2980 2978 795
f 793 2980 795
f 2978 2984 2979
f 795 2978 2979
f 2979 2984 2988
f 2988 2 1
f 3716 3717 3722
f 906 795 2979
f 906 2979 2989
f 2989 2979 2988
f 2989 2988 2990
f 3722 3717 3727
f 907 906 2989
f 906 907 750
f 907 2989 908
f 750 907 908
f 750 908 749
f 908 2989 2990
f 749 908 751
f 749 751 746
f 5425 5412 5452
f 746 751 747
f 5440 5452 5424
f 742 741 740
f 5446 5438 5423
f 731 734 689
f 5446 5423 5448
f 689 687 688
f 688 687 661
f 652 679 616
f 3749 3737 3740
f 616 621 619
f 5406 5524 5403
f 619 621 622
f 619 622 504
f 3749 3771 3802
f 504 622 624
f 3802 3771 3862
f 504 624 625
f 504 625 564
f 3771 3873 3862
f 3909 3912 3911
f 561 549 547
f 3101 3922 3098
f 3101 3098 3096
f 5488 5478 5506
f 546 647 646
f 647 769 656
f 3097 3095 3093
f 656 769 771
f 656 771 684
f 684 696 683
f 683 696 695
f 4820 4817 4878
f 695 696 697
f 4878 4817 4879
f 4878 4879 4869
f 4879 4678 4869
f 4869 4678 4677
f 3580 3579 3578
f 3592 3545 3546
f 1507 3275 3276
f 3276 3275 3278
f 3378 3377 4030
f 3377 4032 4030
f 4030 4032 4031
f 4031 1325 1328
f 1328 1325 1327
f 5907 5906 5801
f 5910 5801 5741
f 3697 3699 3702
f 2650 2649 2652
f 3705 3713 3709
f 3330 3327 3340
f 3290 2993 2986
f 859 849 848
f 848 849 802
f 788 802 793
f 788 793 779
f 793 795 779
f 779 795 906
f 779 906 750
f 779 750 778
f 778 750 748
f 748 750 749
f 748 749 746
f 746 747 744
f 744 747 741
f 744 741 742
f 732 731 730
f 730 731 689
f 660 688 661
f 660 661 653
f 653 652 617
f 617 652 616
f 504 564 502
f 3913 3912 3909
f 3911 3922 3101
f 3099 3096 3095
f 543 545 546
f 645 546 646
f 656 684 683
f 695 697 699
f 4869 4677 4523
f 3578 3563 3577
f 3520 3519 3510
f 3484 3503 3410
f 3406 3503 3401
f 3400 3398 3392
f 3278 5144 5145
f 5761 5905 5913
f 5913 5905 5907
f 5913 5907 5909
f 5909 5907 5801
f 5909 5801 5910
f 3697 3702 3701
f 3701 3702 3703
f 3703 3705 3709
f 3709 3713 3715
f 3715 3713 3716
f 3290 3288 3292
f 3290 859 884
f 3340 3324 4564
f 884 859 848
f 848 802 787
f 787 802 788
f 787 788 786
f 786 788 779
f 3722 3727 3731
f 792 778 748
f 748 746 745
f 745 746 744
f 744 742 737
f 3731 3729 3736
f 737 742 740
f 730 689 729
f 729 689 688
f 685 688 660
f 660 653 617
f 614 616 615
f 615 616 619
f 3862 3913 3908
f 3909 3911 3910
f 561 547 544
f 3101 3096 3100
f 547 545 544
f 3100 3096 3099
f 544 545 543
f 543 546 586
f 646 647 656
f 4892 4898 4895
f 4894 4820 4878
f 3501 3484 3410
f 3276 3278 3281
f 5144 5143 2505
f 2634 3691 3690
f 3690 3691 3693
f 3693 3691 3696
f 3693 3696 3697
f 3700 3697 3701
f 3711 3703 3709
f 3292 3294 3342
f 3292 3342 3329
f 3329 3342 4490
f 3288 3294 3292
f 3287 3294 3288
f 3287 3288 838
f 3329 4490 3328
f 3288 3290 838
f 838 3290 884
f 838 884 835
f 787 786 791
f 786 779 785
f 4916 4917 4913
f 785 779 778
f 785 778 792
f 5473 5527 5437
f 5437 5527 5526
f 745 744 737
f 3731 3727 3729
f 737 740 732
f 737 732 730
f 3745 3736 3737
f 5429 5395 5368
f 5429 5368 5374
f 685 660 662
f 662 660 617
f 617 616 614
f 503 504 500
f 3908 3913 3909
f 500 504 502
f 3914 3911 3101
f 586 546 645
f 3099 3095 3097
f 656 683 682
f 681 656 682
f 682 683 695
f 5056 5051 5053
f 700 697 3621
f 697 3678 3621
f 4878 4869 4877
f 3621 3678 3635
f 4522 4869 4523
f 3561 3565 3556
f 3546 3545 3520
f 3478 3484 3501
f 3281 3278 5145
f 3382 3376 3379
f 3379 3376 3378
f 4026 4030 4031
f 4026 4031 1328
f 1328 1327 1329
f 5766 5761 5913
f 5910 5741 5786
f 5786 5741 5743
f 3698 3697 3700
f 3701 3703 3711
f 3711 3709 3715
f 3287 3289 3294
f 3289 3287 3283
f 3294 3289 3342
f 4490 4487 3328
f 3284 3287 838
f 3723 3716 3722
f 884 787 835
f 835 787 791
f 4912 4916 4913
f 785 792 916
f 5437 5526 5432
f 792 761 760
f 760 761 745
f 760 745 759
f 738 737 730
f 738 730 671
f 729 685 662
f 663 662 617
f 3745 3737 3749
f 491 619 504
f 491 504 503
f 3825 3862 3908
f 3907 3909 3910
f 544 543 542
f 646 656 648
f 648 656 681
f 3099 3097 4880
f 682 695 699
f 4880 3097 4892
f 4877 4894 4878
f 3580 3578 3577
f 3474 3478 3473
f 3391 3392 3383
f 3392 3382 3383
f 3379 3378 4028
f 4028 3378 4030
f 4028 4030 4026
f 5766 5913 5911
f 5911 5913 5909
f 5909 5910 5787
f 5787 5910 5786
f 3689 3690 3693
f 3693 3697 3698
f 3284 838 837
f 834 835 791
f 791 786 790
f 790 786 789
f 789 786 785
f 789 785 902
f 902 785 916
f 759 745 756
f 745 737 755
f 755 737 738
f 739 738 671
f 3751 3749 3802
f 3802 3862 3825
f 3908 3909 3907
f 3910 3911 3914
f 3102 3101 3100
f 3100 3099 4871
f 4871 3099 4880
f 3621 3635 3580
f 3576 3577 3563
f 3562 3576 3563
f 3563 3561 3562
f 3566 3546 3554
f 3520 3510 3508
f 3470 3472 3471
f 3471 3472 3473
f 3472 3474 3473
f 3383 3382 3379
f 5911 5909 5787
f 2635 3690 3689
f 3689 3693 3698
f 3712 3700 3701
f 3712 3701 3711
f 3283 3284 837
f 3285 3283 837
f 3724 3715 3716
f 3724 3716 3723
f 837 835 836
f 836 835 834
f 836 834 842
f 834 791 790
f 790 789 4644
f 4644 789 902
f 902 4058 4646
f 4058 4056 4057
f 4646 4058 4057
f 4911 4673 4672
f 4672 4673 760
f 756 745 755
f 799 739 671
f 671 662 634
f 634 662 663
f 634 663 617
f 3750 3745 3749
f 613 614 615
f 3914 3101 3102
f 561 544 542
f 542 543 540
f 540 543 586
f 645 646 648
f 725 681 682
f 724 682 699
f 724 699 700
f 4880 4892 4889
f 4869 4522 4524
f 3556 3566 3554
f 3508 3510 3470
f 3473 3478 3501
f 4026 1328 1333
f 1333 1328 1329
f 5766 5911 5788
f 5788 5911 5787
f 834 790 842
f 842 790 4644
f 4052 3323 3336
f 4644 902 4645
f 4645 902 4646
f 4646 4057 4647
f 4057 4052 4053
f 4647 4057 4053
f 3722 3731 3732
f 4672 759 763
f 763 759 756
f 763 756 762
f 673 755 739
f 673 739 799
f 670 671 634
f 634 617 609
f 609 617 614
f 613 615 618
f 618 615 619
f 618 619 620
f 620 619 491
f 3751 3802 3825
f 3825 3908 3906
f 500 502 501
f 501 502 549
f 549 561 559
f 692 648 681
f 692 681 728
f 728 681 725
f 725 682 724
f 4871 4880 4870
f 4877 4869 4854
f 3562 3561 3560
f 3560 3561 3556
f 3469 3470 3471
f 3400 3392 3391
f 1470 1507 3276
f 5785 5766 5788
f 5785 5788 5787
f 5785 5787 5786
f 2635 3689 3358
f 3689 3698 3694
f 3725 3715 3724
f 3285 837 839
f 836 842 841
f 841 842 3333
f 3318 3319 4643
f 4643 4644 4645
f 4052 3335 4051
f 4645 4646 4647
f 4647 4053 4649
f 4649 4053 4061
f 2693 2687 2690
f 763 762 4670
f 3732 3731 3735
f 799 671 673
f 670 634 612
f 612 634 609
f 609 614 613
f 3750 3749 3751
f 3865 3825 3906
f 3906 3908 3907
f 492 503 500
f 3102 3100 3103
f 3103 3100 4863
f 4889 4877 4872
f 4872 4877 4854
f 4854 4869 4524
f 4524 4521 4525
f 3554 3546 3520
f 1470 3276 3282
f 3282 3276 3281
f 3379 4028 4022
f 1329 1338 1336
f 5144 2505 2510
f 3706 3694 3698
f 3706 3698 3707
f 3698 3700 3707
f 3707 3700 3712
f 3712 3711 3718
f 3286 3285 839
f 2679 2667 2685
f 839 836 840
f 840 836 841
f 2679 2685 2687
f 3317 3318 4651
f 4651 3318 4645
f 4651 4645 4648
f 4648 4645 4647
f 4648 4647 4649
f 4061 4051 4050
f 762 756 758
f 758 756 757
f 757 756 755
f 2055 2054 2062
f 3735 3731 3736
f 807 810 673
f 3735 3736 3745
f 673 671 672
f 672 671 670
f 3810 3751 3825
f 491 503 492
f 559 561 542
f 586 645 604
f 4863 3100 4871
f 645 648 644
f 644 648 692
f 728 725 723
f 4863 4871 4870
f 723 725 724
f 722 724 700
f 3581 3580 3577
f 3560 3556 3559
f 3556 3554 3555
f 3508 3470 3506
f 3475 3470 3469
f 3406 3401 3403
f 3403 3401 3400
f 5146 3281 5145
f 2510 2505 2480
f 3694 3358 3689
f 3725 3711 3715
f 4251 3286 839
f 4251 839 856
f 856 839 840
f 856 840 841
f 856 841 860
f 841 4484 928
f 860 841 928
f 3733 3723 3722
f 4651 4648 4652
f 4648 4649 4650
f 4650 4649 4061
f 4061 4050 4059
f 4675 4671 4670
f 3741 3732 3735
f 2062 3194 2055
f 757 755 810
f 757 810 805
f 805 810 807
f 2050 2052 2051
f 775 807 673
f 775 673 672
f 610 609 613
f 610 613 618
f 618 620 491
f 3905 3907 3910
f 492 500 499
f 499 500 501
f 501 549 566
f 566 549 559
f 644 692 752
f 722 700 3661
f 3661 700 3620
f 4880 4889 4872
f 3620 700 3621
f 3621 3580 3581
f 3620 3621 3581
f 3581 3577 3582
f 4854 4524 4526
f 3559 3556 3555
f 3506 3470 3475
f 56 57 58
f 1510 3282 3281
f 1510 3281 5146
f 3391 3383 3399
f 3383 3379 3385
f 3385 3379 4022
f 4022 4028 4015
f 4015 4028 4026
f 4015 4026 4025
f 4026 1333 4025
f 4025 1333 1336
f 5145 5144 2510
f 3694 3706 3708
f 3345 4251 4250
f 4489 3346 4519
f 4489 4519 4518
f 3724 3723 3733
f 4250 860 4244
f 860 928 4248
f 4244 860 4248
f 928 4489 4518
f 928 4518 4248
f 3313 4651 4652
f 3733 3722 3732
f 3308 4054 4050
f 4050 4054 4055
f 4650 4061 4059
f 4650 4059 4658
f 4059 4050 4055
f 4059 4055 4060
f 4059 4060 4062
f 4658 4059 4062
f 4675 4670 4674
f 5560 3192 3194
f 758 757 801
f 801 757 805
f 3194 3192 2059
f 5212 5244 5366
f 775 672 680
f 672 670 680
f 680 670 612
f 608 609 607
f 607 609 610
f 5335 5342 5336
f 611 618 491
f 3810 3825 3865
f 3906 3907 3905
f 3914 3102 3104
f 3104 3102 3103
f 559 542 538
f 538 542 540
f 721 728 723
f 721 723 722
f 4870 4880 4864
f 4864 4880 4872
f 3554 3520 3538
f 3400 3391 3403
f 3403 3391 3402
f 3399 3383 3385
f 3385 4022 4014
f 4025 1336 4035
f 3695 3694 3708
f 4519 3348 3350
f 4519 3350 4013
f 4244 4248 4245
f 4245 4248 4247
f 4518 4519 4013
f 4518 4013 4010
f 4248 4518 4249
f 4247 4248 4249
f 4249 4518 4010
f 4249 4010 4011
f 4054 3311 3334
f 4054 3334 4055
f 3306 4653 4654
f 4653 4650 4654
f 4654 4650 4655
f 4655 4650 4658
f 4655 4658 4657
f 4657 4658 4062
f 4062 4060 4063
f 4674 758 801
f 4634 4674 801
f 801 805 806
f 806 805 807
f 806 807 808
f 807 775 808
f 5366 5244 5317
f 808 775 680
f 680 612 633
f 608 612 609
f 3810 3865 3868
f 5291 5290 5288
f 3910 3914 3905
f 3905 3914 3104
f 604 645 601
f 752 692 721
f 4864 4863 4870
f 4872 4854 4868
f 4848 4854 4839
f 4854 4526 4839
f 3576 3562 3585
f 3562 3560 3585
f 3560 3559 3585
f 3509 3520 3508
f 3509 3508 3506
f 3475 3469 3471
f 3476 3471 3473
f 3476 3473 3501
f 1468 1470 1510
f 4014 4022 4015
f 3356 3694 3695
f 2680 2666 2669
f 3347 4242 4241
f 4242 4244 4243
f 4241 4242 4243
f 4243 4244 4245
f 3033 3306 4654
f 4657 4062 4072
f 4062 4063 4069
f 4072 4062 4069
f 4634 801 4635
f 806 808 814
f 2056 2057 4258
f 4259 680 633
f 3748 3735 3745
f 3748 3745 3750
f 633 612 626
f 626 612 608
f 608 607 606
f 5303 5241 5240
f 5303 5240 5304
f 610 611 475
f 611 491 475
f 491 492 488
f 541 540 586
f 601 645 644
f 752 721 720
f 4853 4863 4864
f 719 721 722
f 4868 4854 4848
f 3582 3576 3587
f 4839 4526 4528
f 4528 4527 4529
f 126 133 134
f 3538 3520 3509
f 3476 3501 3411
f 3407 3410 3406
f 3407 3406 3403
f 3706 3707 3714
f 3714 3707 3712
f 3718 3711 3725
f 4243 4245 4246
f 4246 4245 4247
f 4246 4247 4011
f 4246 4011 4009
f 3742 3733 3732
f 4655 4657 4071
f 4071 4657 4072
f 4635 801 809
f 809 801 806
f 3752 3750 3751
f 606 607 475
f 475 607 610
f 475 491 488
f 492 499 498
f 498 499 501
f 501 566 557
f 557 566 559
f 557 559 538
f 5472 5320 5321
f 538 540 539
f 539 540 541
f 644 752 635
f 720 721 719
f 3661 3620 3618
f 4528 4529 4530
f 3585 3559 3594
f 3594 3559 3555
f 3555 3554 3538
f 3475 3471 3476
f 3411 3501 3410
f 3405 3399 3385
f 4017 4015 4025
f 3712 3718 3719
f 3719 3718 3725
f 3719 3725 3726
f 3726 3725 3743
f 3033 4654 3032
f 4654 4655 4656
f 4656 4655 4071
f 4260 4636 920
f 920 4635 809
f 813 806 814
f 814 924 904
f 813 814 904
f 857 2056 4258
f 678 633 632
f 632 633 626
f 3752 3751 3810
f 3906 3905 3888
f 488 492 498
f 498 501 557
f 4888 3103 4863
f 4888 4863 4851
f 541 586 604
f 4851 4863 4853
f 601 644 635
f 635 752 705
f 705 752 720
f 4864 4872 4868
f 3411 3410 3407
f 3402 3391 3399
f 4017 4025 4027
f 4027 4025 4035
f 3356 3695 3359
f 3695 3708 3710
f 3742 3732 3741
f 3031 3033 3032
f 3032 4654 4656
f 4069 4066 4065
f 4260 920 914
f 914 920 809
f 3746 3741 3735
f 811 809 806
f 811 806 812
f 812 806 813
f 3746 3735 3748
f 857 4258 678
f 4258 633 678
f 605 608 606
f 605 606 472
f 472 606 475
f 3752 3810 3817
f 3817 3810 3868
f 474 475 488
f 3865 3906 3887
f 3887 3906 3888
f 520 498 557
f 719 722 3661
f 3618 3620 3581
f 4839 4528 4825
f 3587 3576 3585
f 3477 3475 3476
f 3407 3403 3409
f 1510 5146 4572
f 5146 5145 4572
f 3405 3385 3461
f 3461 3385 4014
f 4014 4015 4016
f 4016 4015 4017
f 4027 4035 1511
f 1511 4035 1472
f 3357 3356 3359
f 3710 3708 3714
f 3714 3708 3706
f 3743 3725 3744
f 3744 3725 3724
f 3744 3724 3733
f 2670 2674 2675
f 4071 4072 4069
f 4071 4069 4070
f 4070 4069 4065
f 3747 3741 3746
f 605 626 608
f 466 475 474
f 3868 3865 3887
f 3879 3868 3887
f 488 498 520
f 520 557 516
f 516 557 538
f 516 538 537
f 538 539 537
f 705 720 706
f 706 720 719
f 4864 4868 4848
f 3582 3587 3597
f 4825 4528 4834
f 4528 4530 4834
f 3595 3585 3594
f 3594 3555 3557
f 3555 3538 3557
f 3557 3538 3549
f 3506 3475 3477
f 3477 3476 3415
f 1509 1510 4572
f 3404 3399 3405
f 4572 5145 5147
f 4016 4017 4018
f 5147 5145 5151
f 5151 5145 2510
f 5151 2510 2500
f 3359 3695 3710
f 2651 2921 2665
f 3744 3733 3742
f 3029 3303 3031
f 3029 3031 3030
f 3030 3031 3032
f 3030 3032 4656
f 4656 4071 4659
f 4659 4071 4070
f 4070 4065 4068
f 914 809 913
f 3187 3189 3190
f 913 809 811
f 811 812 815
f 815 812 813
f 815 813 816
f 816 813 851
f 816 851 822
f 851 3187 919
f 822 851 919
f 857 678 794
f 678 632 794
f 794 632 832
f 3753 3750 3752
f 472 475 466
f 464 466 474
f 3817 3868 3879
f 3104 3103 4888
f 537 539 556
f 556 539 541
f 541 604 592
f 592 604 601
f 592 601 591
f 591 601 635
f 4853 4864 4852
f 3507 3506 3477
f 3415 3476 3411
f 3411 3407 3414
f 3414 3407 3413
f 3408 3403 3402
f 1486 1509 4571
f 4571 1509 4572
f 4017 4027 4023
f 2484 2485 2483
f 3720 3710 3714
f 4067 3332 4540
f 3030 4659 3019
f 3028 3030 3019
f 4067 4540 4538
f 4070 4068 4660
f 4659 4070 4660
f 4660 4068 4539
f 4068 4067 4538
f 4539 4068 4538
f 4261 913 4262
f 3191 4497 4496
f 3190 3191 4496
f 830 815 821
f 821 815 816
f 821 816 822
f 919 3190 4496
f 919 4496 857
f 857 4496 2048
f 822 919 857
f 822 857 794
f 2031 2037 2036
f 3748 3750 3753
f 665 632 605
f 632 626 605
f 487 474 488
f 556 541 592
f 719 3661 718
f 718 3661 3674
f 4864 4848 4852
f 3618 3581 3589
f 4834 4530 4306
f 3587 3585 3595
f 3549 3538 3509
f 3509 3506 3507
f 3413 3407 3409
f 3409 3403 3408
f 4571 4572 5147
f 1474 1469 1473
f 3461 4014 4016
f 4027 1511 1531
f 3357 3359 3360
f 3360 3359 3710
f 3720 3714 3734
f 3734 3714 3719
f 3013 3023 3018
f 4540 3332 2527
f 4540 2527 2523
f 4538 4540 2523
f 3019 4659 4660
f 4660 4539 4661
f 4538 2523 2522
f 4539 4538 2522
f 4318 4263 4262
f 4318 4262 4264
f 4264 4262 830
f 821 822 823
f 823 822 824
f 822 794 824
f 824 794 831
f 831 794 832
f 831 832 911
f 911 832 665
f 665 605 477
f 477 605 472
f 464 474 485
f 3817 3879 3881
f 3884 3879 3887
f 536 488 520
f 514 520 516
f 3905 3104 3917
f 537 556 585
f 585 556 592
f 591 635 603
f 603 635 705
f 4824 4839 4825
f 4825 4834 4309
f 4570 1486 4571
f 3402 3399 3404
f 4016 4018 4019
f 3361 3357 3360
f 2668 2921 2917
f 3726 3743 3759
f 3759 3743 3744
f 3766 3744 3742
f 3742 3741 3747
f 3018 3019 3016
f 3013 3018 3016
f 2677 2682 2933
f 3016 3019 4660
f 830 821 826
f 826 821 823
f 2032 2038 929
f 929 665 496
f 496 665 477
f 485 474 487
f 487 488 536
f 516 537 518
f 4851 4853 4852
f 1488 1486 4570
f 4570 4571 4573
f 4573 4571 4583
f 4583 4571 5147
f 3404 3405 3461
f 4583 5147 5166
f 4018 4017 4023
f 4023 4027 1531
f 5166 5147 5151
f 2483 2491 2479
f 4661 4539 2528
f 2528 4539 2522
f 2528 2522 2519
f 3748 3753 3763
f 3753 3752 3761
f 3761 3752 3817
f 3881 3879 3884
f 2919 2896 2904
f 485 487 602
f 602 487 536
f 536 520 514
f 3902 3888 3905
f 585 592 590
f 590 592 591
f 589 591 603
f 706 719 718
f 4852 4848 4847
f 4309 4834 4306
f 3557 3549 3550
f 3507 3477 3420
f 4570 4573 4574
f 4574 4573 4583
f 4020 4018 4023
f 5166 5151 2503
f 2503 5151 2500
f 3755 3719 3726
f 3759 3744 3766
f 3766 3742 3767
f 3022 3013 3015
f 3013 3016 3014
f 3016 4660 3027
f 3027 4660 4661
f 4321 4318 4264
f 4321 4264 915
f 915 4264 826
f 831 926 917
f 495 496 477
f 471 472 466
f 471 466 463
f 466 464 463
f 463 464 465
f 590 591 589
f 3674 3661 3618
f 4848 4839 4824
f 3589 3581 3582
f 3606 3595 3594
f 3558 3557 3550
f 3537 3549 3509
f 3509 3507 3537
f 3537 3507 3540
f 3540 3507 3420
f 3477 3415 3420
f 3420 3415 3416
f 3415 3414 3416
f 3418 3409 3408
f 3412 3402 3404
f 4574 1088 1081
f 3404 3461 3462
f 3462 3461 4019
f 4019 3461 4016
f 1088 5166 1098
f 4019 4018 4020
f 4020 4023 4029
f 4029 4023 1531
f 3756 3360 3710
f 3710 3720 3721
f 3734 3719 3755
f 3760 3726 3759
f 3767 3742 3747
f 827 826 823
f 827 823 828
f 823 824 825
f 825 824 831
f 825 831 917
f 929 496 927
f 927 496 495
f 476 477 472
f 464 485 505
f 505 485 602
f 505 602 536
f 505 536 514
f 518 537 550
f 537 585 583
f 583 585 590
f 4865 4888 4851
f 4851 4852 4847
f 4831 4847 4848
f 3594 3557 3606
f 3550 3549 3537
f 3417 3414 3413
f 3413 3409 3418
f 3408 3402 3412
f 1521 4575 4574
f 1060 1081 1087
f 4021 4019 4020
f 2461 5166 2503
f 3721 3720 3734
f 3014 3016 3027
f 2528 2519 2520
f 915 826 827
f 3746 3748 3764
f 828 823 825
f 2025 2032 927
f 495 477 476
f 476 472 471
f 3763 3753 3761
f 465 464 548
f 3884 3887 3888
f 550 537 582
f 2891 2872 2888
f 4831 4848 4824
f 3589 3582 3598
f 3597 3587 3596
f 4309 4306 4304
f 126 135 185
f 3418 3408 3421
f 1521 4574 4576
f 3404 3462 3447
f 4021 4020 4024
f 4024 4020 4029
f 1492 1491 4044
f 4038 1492 4044
f 3362 3360 3363
f 3756 3710 3721
f 3758 3755 3726
f 3027 4661 2529
f 2529 4661 2528
f 915 827 829
f 829 827 828
f 829 828 825
f 829 825 910
f 910 825 917
f 2025 927 922
f 3764 3748 3763
f 922 927 495
f 548 464 506
f 506 464 505
f 3902 3905 3917
f 3104 4888 4865
f 582 537 583
f 603 705 704
f 704 705 706
f 3606 3557 3558
f 3416 3414 3417
f 3412 3404 3447
f 1491 4558 4555
f 3462 4019 4021
f 4044 1491 4555
f 4039 4044 4555
f 4024 4029 4038
f 2459 1098 2461
f 2647 2914 2913
f 3754 3734 3755
f 2529 2528 2520
f 471 463 473
f 4865 4851 4846
f 706 718 717
f 3605 3595 3606
f 3541 3537 3540
f 3540 3420 3424
f 3419 3413 3418
f 3421 3408 3412
f 4577 4576 1079
f 1496 1523 4558
f 3412 3447 3456
f 4555 4558 4559
f 4555 4559 4554
f 3462 4021 4034
f 4039 4555 4554
f 4039 4554 4045
f 4038 4044 4039
f 2512 1103 2508
f 3363 3360 3756
f 3758 3726 3760
f 3021 3022 3015
f 3021 3015 3017
f 3017 3015 3014
f 3747 3746 3768
f 3768 3746 3764
f 922 495 494
f 494 495 476
f 3763 3761 3774
f 3761 3817 3813
f 3817 3881 3880
f 3880 3881 3884
f 514 516 515
f 515 516 518
f 578 583 590
f 587 590 589
f 589 603 600
f 3598 3597 3596
f 3423 3416 3417
f 3417 3413 3419
f 1811 1812 4578
f 4577 1079 1080
f 1080 1079 1073
f 4558 1523 5084
f 4559 4561 4560
f 4559 4560 4556
f 3447 3462 4034
f 4554 4559 4556
f 1030 1035 1032
f 2169 2492 2170
f 4034 4021 4024
f 4040 4039 4045
f 4040 4045 4041
f 4045 4554 4556
f 4041 4045 4046
f 4024 4038 4037
f 4037 4038 4039
f 4037 4039 4040
f 2460 2458 2459
f 3765 3760 3759
f 3759 3766 3770
f 3766 3767 3772
f 3772 3767 3773
f 3769 3767 3747
f 3769 3747 3768
f 476 471 473
f 3774 3761 3813
f 3813 3817 3880
f 506 505 507
f 582 583 578
f 587 589 588
f 588 589 600
f 4846 4851 4847
f 600 603 704
f 717 718 3674
f 3619 3618 3589
f 3558 3550 3614
f 3424 3420 3423
f 1807 1810 1811
f 1807 1811 4580
f 4580 1811 4579
f 4561 5095 4560
f 322 2168 2170
f 2170 2168 2169
f 3447 4034 4048
f 4034 4024 4036
f 4036 4024 4037
f 4037 4040 4041
f 1032 1072 1062
f 1032 1062 1023
f 3811 3363 3756
f 3756 3721 3762
f 3721 3734 3754
f 3754 3755 3758
f 3765 3759 3770
f 3770 3766 3772
f 3773 3767 3769
f 3024 3021 3017
f 3024 3017 3020
f 3020 3017 3014
f 3020 3014 3027
f 3027 2529 2521
f 2521 2529 2520
f 507 505 513
f 505 514 513
f 513 514 515
f 3917 3104 4897
f 4897 3104 4865
f 578 590 587
f 717 3674 3619
f 3619 3674 3618
f 4824 4825 4826
f 3596 3595 3605
f 3605 3606 3607
f 192 119 185
f 3606 3558 3608
f 3608 3558 3614
f 3550 3537 3541
f 81 82 93
f 3639 3541 3540
f 1805 1807 1818
f 1818 1807 4580
f 3418 3421 3422
f 4580 4579 4581
f 4579 4578 3130
f 4578 4577 3130
f 3130 4577 1080
f 3421 3412 3458
f 1080 1073 1074
f 3458 3412 3456
f 1053 1056 1033
f 2168 2102 2169
f 4048 4034 4049
f 4036 4037 4042
f 4042 4037 4041
f 4042 4041 4043
f 4043 4041 4046
f 4043 4046 4047
f 1024 1023 1061
f 3811 3756 3762
f 3764 3763 3776
f 476 473 478
f 3776 3763 3774
f 3888 3902 3901
f 704 706 707
f 707 706 717
f 4826 4825 4307
f 4307 4825 4309
f 3614 3550 3626
f 3626 3550 3541
f 3639 3540 3426
f 3540 3424 3426
f 3425 3424 3423
f 3417 3419 3427
f 1816 1818 4584
f 4584 1818 4582
f 1818 4580 4582
f 3419 3418 3422
f 4582 4580 4581
f 1074 1056 1053
f 322 323 2168
f 3458 3456 4726
f 2168 2101 2102
f 1031 1030 1022
f 4043 4047 4797
f 1023 1024 1018
f 2627 2629 3362
f 3880 3884 3885
f 3885 3884 3888
f 3889 3888 3901
f 3915 3902 3917
f 4897 4865 4866
f 578 587 581
f 3600 3589 3598
f 3626 3541 3639
f 3426 3424 3425
f 4587 1802 4584
f 4581 4579 3131
f 3131 4579 3130
f 3421 3458 3459
f 3130 1074 1078
f 2168 323 2101
f 2101 2087 2102
f 4726 4049 4743
f 1052 1071 1025
f 2624 3362 3363
f 3775 3764 3776
f 494 476 479
f 479 476 478
f 478 473 480
f 3885 3888 3889
f 3915 3901 3902
f 4866 4865 4846
f 588 600 593
f 593 600 726
f 726 600 704
f 3598 3596 3603
f 3423 3417 3427
f 1781 1783 1782
f 1782 1783 1819
f 3427 3419 3429
f 3422 3421 3460
f 3131 3130 3128
f 3460 3421 3459
f 1078 1074 1077
f 3459 3458 4719
f 1077 1074 1053
f 1053 1033 1036
f 323 2085 2101
f 2101 2085 2087
f 1031 1022 1021
f 1019 1018 1024
f 2309 2308 2498
f 2627 3362 2624
f 3800 3762 3721
f 3787 3721 3754
f 3787 3754 3758
f 3770 3772 3790
f 3768 3764 3775
f 922 494 493
f 480 473 463
f 507 513 511
f 577 578 581
f 581 587 580
f 580 587 588
f 580 588 593
f 4827 4831 4824
f 4307 4303 4305
f 3606 3608 3607
f 3614 3626 3647
f 1814 1819 4588
f 4588 1819 1802
f 4588 1802 4587
f 4587 4584 4586
f 4586 4584 4582
f 4586 4582 4585
f 4582 4581 4585
f 4585 4581 2419
f 2419 4581 3131
f 2419 3131 3128
f 3130 1078 3128
f 2085 2086 2087
f 4727 4719 4725
f 4740 4743 4767
f 1036 1031 1021
f 1021 1018 1020
f 2305 2282 2283
f 1019 1025 1026
f 1027 1068 1029
f 2498 2308 2497
f 2624 3363 3839
f 3839 3363 3811
f 465 548 535
f 535 548 506
f 508 506 507
f 513 515 517
f 3918 3917 4897
f 575 582 578
f 577 581 580
f 716 707 717
f 4827 4847 4831
f 3604 3596 3605
f 3647 3626 3639
f 3647 3639 3448
f 3639 3426 3439
f 3436 3425 3423
f 1817 1814 4588
f 3428 3419 3422
f 3455 3422 3460
f 3128 1078 3125
f 323 295 2085
f 2085 2084 2086
f 1078 1077 1076
f 3125 1078 1076
f 4792 4814 4813
f 1077 1053 1076
f 1076 1053 1066
f 1063 1036 1021
f 2282 2234 2219
f 1020 1019 1037
f 2282 2219 2283
f 2283 2219 2240
f 2283 2240 2250
f 2283 2250 2308
f 1046 1026 1028
f 1028 1026 1027
f 1028 1027 1029
f 1038 1029 1067
f 3811 3762 3800
f 3787 3758 3760
f 3792 3760 3765
f 3793 3770 3790
f 3788 3773 3769
f 3769 3768 3785
f 2025 922 925
f 925 922 493
f 493 494 479
f 3880 3885 3886
f 508 507 509
f 517 515 518
f 4846 4847 4827
f 3619 3589 3600
f 3603 3596 3604
f 3607 3608 3629
f 3629 3608 3614
f 3646 3614 3647
f 3448 3639 3439
f 3439 3426 3438
f 3438 3426 3425
f 1777 1814 1817
f 3423 3427 3430
f 4588 4587 4591
f 4587 4586 4590
f 4586 4585 2420
f 3428 3422 3455
f 3455 3460 4720
f 2420 4585 2419
f 295 2082 2085
f 2085 2082 2084
f 2419 3128 3129
f 3129 3128 3127
f 4729 4727 4740
f 3127 3128 3125
f 3127 3125 3124
f 3124 3125 1076
f 2342 2084 2311
f 1066 1036 1065
f 1063 1020 1059
f 1037 1026 1046
f 2240 2246 2250
f 1028 1029 1038
f 1028 1038 1039
f 1039 1038 1040
f 3799 3800 3721
f 3799 3721 3787
f 3765 3770 3793
f 3792 3765 3793
f 3779 3768 3775
f 2039 2035 2040
f 2026 2025 925
f 509 507 511
f 3915 3917 3918
f 518 550 551
f 551 550 582
f 575 578 577
f 579 580 593
f 717 3619 885
f 4828 4824 4826
f 3664 3647 3448
f 3438 3425 3436
f 4593 1770 1817
f 3435 3423 3430
f 1817 4588 4592
f 4592 4588 4591
f 4591 4587 4590
f 3433 3429 3428
f 4590 4586 4589
f 4589 4586 2420
f 3454 3428 3455
f 2082 2083 2084
f 3124 1076 3123
f 2311 2220 2234
f 1076 1066 1091
f 1066 1065 1091
f 1091 1065 1064
f 2234 2211 2219
f 1064 1063 1059
f 2240 2219 2213
f 2240 2213 2246
f 1049 1037 1046
f 2250 2260 2310
f 1039 1040 1041
f 1041 1040 1042
f 2320 2260 2307
f 1042 1083 3215
f 3787 3760 3792
f 3785 3768 3779
f 463 465 467
f 467 465 535
f 535 506 508
f 716 717 885
f 4827 4824 4828
f 3629 3614 3646
f 4596 1770 4593
f 3436 3423 3435
f 3430 3427 3429
f 315 2167 2082
f 2084 2083 2311
f 2419 3129 2380
f 2340 3129 3127
f 2380 3129 2340
f 2234 2220 2211
f 2340 3127 3124
f 2340 3124 2280
f 2280 3124 3123
f 3123 1076 1091
f 2219 2211 2213
f 1064 1059 1085
f 3122 1064 1085
f 1085 1059 1058
f 1058 1057 1054
f 2213 2223 2246
f 2246 2223 2247
f 1054 1049 1069
f 2250 2247 2253
f 2260 2253 2257
f 1045 1039 1044
f 1043 1039 1041
f 1041 1042 1050
f 1050 1042 1084
f 2260 2276 2307
f 2307 2277 2331
f 3839 3811 3812
f 3812 3811 3800
f 3812 3800 3799
f 3794 3792 3793
f 479 478 480
f 3775 3776 3774
f 3778 3774 3804
f 3804 3774 3813
f 3813 3880 3863
f 3863 3880 3886
f 511 513 512
f 513 517 512
f 4896 3918 4897
f 551 582 574
f 574 582 575
f 4843 4846 4827
f 885 3619 3642
f 3600 3598 3609
f 3646 3647 3664
f 4593 1817 4592
f 4591 4590 4600
f 3432 3429 3433
f 3433 3428 3432
f 3432 3428 3454
f 315 316 2167
f 2082 2081 2083
f 2420 2419 2278
f 2419 2380 2278
f 2278 2380 2222
f 2222 2380 2340
f 2211 2212 2213
f 2213 2212 2222
f 2222 2340 2279
f 2223 2222 2279
f 2213 2222 2223
f 2340 2280 2279
f 2280 3123 2384
f 2384 3123 3121
f 3121 3123 1091
f 3121 1091 3122
f 1091 1064 3122
f 2223 2279 2280
f 2223 2280 2248
f 2280 2384 2248
f 1085 1058 3126
f 3126 1058 1054
f 3126 1054 1069
f 2247 2223 2248
f 1069 1049 1048
f 1048 1045 1047
f 2253 2247 2254
f 1047 1045 1044
f 2257 2253 2254
f 1044 1039 1043
f 3799 3787 3798
f 3804 3813 3863
f 3863 3886 3903
f 3885 3889 3890
f 4896 4897 4850
f 4850 4897 4866
f 577 580 579
f 4843 4827 4830
f 3448 3439 3445
f 3439 3438 3445
f 1813 1772 1776
f 3430 3429 3431
f 2421 4590 4589
f 4589 2420 2421
f 4723 3454 4722
f 2167 316 2079
f 2079 2080 2081
f 2167 2079 2082
f 2082 2079 2081
f 2376 2420 2278
f 2220 2311 2210
f 2220 2210 2211
f 2211 2210 2209
f 2211 2209 2212
f 2212 2278 2222
f 2384 3121 2249
f 2248 2384 2249
f 3121 3122 2256
f 2249 3121 2256
f 2256 3122 3118
f 3118 3122 3117
f 3117 3122 1085
f 3117 1085 3126
f 3117 3126 3115
f 2247 2248 2249
f 2247 2249 2255
f 2249 2256 2255
f 3115 3126 1069
f 3115 1069 3114
f 1069 1048 3114
f 2247 2255 2254
f 2254 2255 2256
f 1048 1047 3114
f 1047 1044 1051
f 1051 1044 1043
f 2257 2254 2258
f 1043 1041 1055
f 1055 1041 1050
f 1055 1050 1089
f 2257 2258 2259
f 2257 2259 2262
f 1050 1084 3214
f 1089 1050 3214
f 2257 2262 2276
f 2276 2262 2277
f 2277 2262 2275
f 2277 2275 2317
f 3214 1084 3215
f 3216 3215 2507
f 3793 3790 3795
f 3790 3772 3791
f 3788 3769 3785
f 3777 3775 3774
f 3886 3885 3890
f 3890 3889 3901
f 517 518 522
f 522 518 551
f 4850 4866 4846
f 704 707 715
f 715 707 716
f 3619 3600 3610
f 4826 4307 4308
f 3604 3605 3615
f 3605 3607 3615
f 3632 3607 3629
f 3646 3664 3663
f 3438 3436 3442
f 4593 4592 4594
f 4594 4592 4591
f 3435 3430 3434
f 3434 3430 3431
f 3431 3429 3432
f 4600 4590 2421
f 316 317 2079
f 2421 2420 2376
f 2392 2421 2376
f 2311 2288 2210
f 2291 2376 2278
f 2214 2291 2278
f 2209 2214 2212
f 2212 2214 2278
f 3118 3117 3116
f 2256 3118 3116
f 3116 3117 3115
f 3116 3115 3113
f 2258 2256 2261
f 2256 3116 2261
f 3115 3114 3113
f 3113 3114 3112
f 3112 3114 3108
f 2259 2258 2261
f 3108 1051 1092
f 1051 1043 1092
f 1043 1055 1092
f 2262 2259 2261
f 2262 2261 2263
f 2262 2263 2264
f 2262 2264 2275
f 2302 2275 2274
f 3214 3215 3216
f 3787 3792 3798
f 3798 3792 3797
f 3797 3792 3794
f 3903 3886 3891
f 3891 3886 3890
f 575 577 573
f 4850 4846 4843
f 579 593 597
f 599 579 597
f 593 726 727
f 726 704 715
f 727 726 715
f 4830 4827 4828
f 3609 3598 3603
f 3632 3629 3645
f 3645 3629 3646
f 1789 1787 1788
f 1788 1813 4602
f 1813 1776 4602
f 3445 3438 3442
f 1776 4596 4595
f 4595 4596 4593
f 3440 3442 3436
f 3440 3436 3435
f 4601 4591 4600
f 4600 2421 2410
f 4724 4737 4744
f 2410 2421 2392
f 317 314 2079
f 2079 2078 2080
f 4737 4748 4756
f 4756 4748 4776
f 4756 4776 4807
f 4756 4807 4796
f 2209 2208 2214
f 2214 2292 2291
f 2291 2292 2376
f 2261 3116 3119
f 3119 3116 3113
f 2261 3119 2266
f 3119 3113 2266
f 2266 3113 3109
f 3109 3113 3112
f 3109 3112 3108
f 3109 3108 3107
f 3108 1092 3107
f 3107 1092 3105
f 3105 1092 3106
f 3106 1092 1055
f 3106 1055 1089
f 2263 2261 2266
f 2263 2266 2265
f 2266 3109 2265
f 2264 2263 2265
f 2264 2265 2267
f 3120 1089 3214
f 2275 2264 2274
f 2274 2264 2268
f 3120 3214 3216
f 3815 3812 3799
f 3794 3793 3795
f 3772 3773 3788
f 3777 3774 3778
f 597 593 727
f 3642 3619 3610
f 3610 3600 3609
f 3645 3646 3663
f 3437 3435 3434
f 3437 3434 3450
f 4594 4591 4601
f 3449 3434 3431
f 4728 3431 4724
f 4601 4600 2410
f 314 2073 2079
f 2073 2077 2078
f 2079 2073 2078
f 2288 2078 2077
f 2210 2238 2207
f 2292 2322 2392
f 2210 2207 2209
f 2292 2392 2376
f 2209 2207 2208
f 2265 3109 3111
f 3109 3107 3111
f 3111 3107 3105
f 3111 3105 3110
f 3110 3105 3106
f 3106 1089 3120
f 3110 3106 3120
f 2265 3111 2267
f 2267 3111 2269
f 2267 2269 2268
f 2323 3216 2325
f 2300 2271 2273
f 3839 3812 3824
f 480 463 468
f 468 463 467
f 467 535 533
f 3919 3915 3918
f 577 579 576
f 714 727 715
f 716 885 853
f 3604 3615 3616
f 3615 3632 3634
f 3446 3663 3664
f 4603 1800 1788
f 3448 3445 3446
f 4603 1788 4602
f 4602 1776 4595
f 4595 4593 4594
f 3440 3435 3437
f 3450 3434 3449
f 314 298 2166
f 314 2166 2073
f 2410 2392 2322
f 2321 2410 2322
f 2238 2204 2207
f 2208 2206 2241
f 2208 2241 2214
f 2241 2322 2292
f 2214 2241 2292
f 2269 3111 3110
f 2269 3110 2324
f 2324 3110 3120
f 2268 2269 2270
f 2270 2269 2324
f 2323 2324 3120
f 2268 2270 2271
f 2271 2270 2272
f 2273 2271 2272
f 2272 2323 2325
f 2273 2272 2325
f 2623 2624 3839
f 2621 2627 2624
f 3824 3812 3815
f 3809 3799 3798
f 3772 3788 3791
f 493 479 484
f 484 479 481
f 481 479 480
f 3863 3903 3864
f 3864 3903 3891
f 3898 3890 3901
f 3901 3915 3916
f 4849 4850 4843
f 573 577 576
f 576 579 599
f 853 885 3642
f 4308 4310 4835
f 4835 4310 4607
f 4607 4606 4663
f 3632 3645 3654
f 1792 1797 1796
f 1801 1800 1815
f 1815 1800 4603
f 3446 3664 3448
f 3442 3440 3441
f 3441 3440 3437
f 4784 4811 4810
f 2073 2074 2077
f 2413 4601 2410
f 2241 2321 2322
f 2204 2206 2207
f 2207 2206 2208
f 2270 2324 2323
f 2272 2270 2323
f 2621 2624 2623
f 3815 3799 3819
f 3819 3799 3809
f 3795 3790 3796
f 2026 925 2067
f 2067 925 493
f 3804 3863 3864
f 508 509 510
f 510 509 511
f 3919 3918 4896
f 4896 4850 4849
f 597 727 754
f 754 727 777
f 777 727 714
f 714 715 712
f 712 715 716
f 4829 4828 4826
f 4835 4607 4663
f 4663 4662 4667
f 1794 1795 1820
f 3654 3645 3663
f 1795 1796 1266
f 3654 3663 3446
f 5210 1815 4603
f 4598 4602 4595
f 4594 4601 2422
f 3437 4730 4731
f 2422 4601 2413
f 2166 2165 2073
f 2073 2070 2074
f 2321 2413 2410
f 2413 2321 2313
f 2238 2074 2204
f 2204 2202 2206
f 2623 3839 3824
f 3824 3815 3823
f 2028 2026 2067
f 3779 3775 3777
f 2067 493 497
f 3890 3898 3892
f 510 511 512
f 3916 3915 3919
f 712 716 858
f 858 716 853
f 4830 4828 4829
f 4666 4668 4890
f 4890 4668 3302
f 1821 1815 5210
f 1820 1795 3301
f 3301 1795 1266
f 3301 1266 1267
f 3300 1820 3301
f 4604 5210 4603
f 3654 3446 3657
f 3300 3301 1267
f 3300 1267 1294
f 4603 4602 4598
f 3446 3445 3444
f 3657 3446 3444
f 3444 3445 3442
f 3444 3442 3443
f 2416 4595 4594
f 3443 3442 3441
f 3443 3441 4733
f 2068 2069 2070
f 2165 2068 2073
f 2073 2068 2070
f 2422 2413 2401
f 2074 2070 2069
f 2074 2069 2203
f 2313 2312 2413
f 2204 2203 2202
f 2202 2201 2206
f 2241 2313 2321
f 3796 3790 3791
f 497 493 484
f 3781 3777 3778
f 481 480 482
f 3864 3891 3892
f 3892 3891 3890
f 533 535 510
f 510 535 508
f 5285 5268 5402
f 521 512 517
f 5361 5382 5380
f 599 597 658
f 658 597 754
f 777 714 713
f 713 714 712
f 3609 3603 3617
f 3617 3603 3604
f 4826 4308 4835
f 4835 4663 4667
f 3633 3615 3634
f 3632 3654 3634
f 1308 1821 5208
f 5208 1821 5210
f 4890 3302 4862
f 3300 3302 1820
f 3302 3300 4862
f 4862 3300 4515
f 4516 3300 1294
f 4515 3300 4516
f 4516 1294 1288
f 4604 4603 4598
f 4598 4595 4597
f 4594 2422 2411
f 298 287 325
f 2165 325 2068
f 2411 2422 2401
f 2206 2201 2239
f 2239 2312 2313
f 2206 2239 2241
f 2241 2239 2313
f 3808 3798 3797
f 3797 3794 3807
f 3807 3794 3806
f 3785 3779 3784
f 3893 3864 3892
f 3898 3901 3916
f 521 517 522
f 5381 5079 5078
f 575 573 574
f 853 3642 3643
f 3643 3642 3610
f 3617 3604 3616
f 3616 3615 3633
f 4667 4666 4856
f 3634 3654 3655
f 5208 5210 4604
f 3655 3654 3657
f 3657 3444 3672
f 3672 3444 3673
f 3673 3444 3443
f 4735 3443 4733
f 4805 4962 4801
f 2417 4594 2411
f 2068 2072 2069
f 2623 3824 3853
f 3824 3823 3853
f 3823 3815 3819
f 3809 3798 3808
f 3808 3797 3807
f 3794 3795 3806
f 3806 3795 3796
f 3791 3788 3789
f 3788 3785 3789
f 3780 3779 3777
f 482 480 468
f 4896 4849 3997
f 4849 4843 4842
f 711 777 713
f 754 777 804
f 4842 4843 4830
f 3627 3609 3617
f 5197 1241 1242
f 5197 1242 1311
f 4835 4667 4856
f 1311 1308 5208
f 4666 4890 4862
f 4507 4515 1313
f 4738 3673 4735
f 2417 2416 4594
f 4734 4757 4736
f 4736 4757 4771
f 4771 4757 4764
f 4771 4764 4805
f 4771 4805 4801
f 2071 2075 2072
f 325 324 2071
f 325 2071 2068
f 2068 2071 2072
f 2072 2216 2205
f 2319 2411 2401
f 2319 2401 2303
f 2203 2205 2200
f 2202 2200 2201
f 2203 2200 2202
f 2239 2303 2312
f 2303 2401 2312
f 3781 3778 3783
f 3783 3778 3804
f 533 510 526
f 519 510 512
f 4896 3997 3989
f 3997 4849 4842
f 572 574 573
f 598 576 599
f 598 599 658
f 4833 4829 4826
f 1311 5208 5198
f 4503 4862 4515
f 4503 4515 4505
f 4505 4515 4507
f 4599 4604 4598
f 3657 3672 3667
f 3667 3672 3682
f 3682 3672 4750
f 4804 4956 4955
f 4750 3672 4738
f 4597 4595 2416
f 2216 2198 2205
f 2205 2198 2200
f 2200 2199 2201
f 2201 2199 2239
f 2239 2199 2303
f 3823 3819 3835
f 3789 3785 3784
f 3784 3779 3780
f 3777 3781 3780
f 3816 3864 3893
f 526 510 519
f 519 512 521
f 3610 3609 3627
f 3638 3633 3634
f 4856 4666 4857
f 4857 4666 4860
f 4860 4666 4862
f 4860 4862 4503
f 1686 3634 3655
f 3655 3657 3656
f 3656 3657 3665
f 4599 4598 4597
f 3665 3657 3667
f 3681 3667 3682
f 4787 4804 4802
f 324 318 2076
f 2076 2088 2075
f 2075 2088 2216
f 2416 2417 2378
f 324 2076 2071
f 2071 2076 2075
f 2378 2417 2411
f 2378 2411 2319
f 2293 2378 2319
f 2200 2198 2199
f 2199 2281 2303
f 2281 2319 2303
f 2616 2621 2623
f 2616 2623 3853
f 3835 3819 3809
f 3805 3796 3791
f 3801 3791 3789
f 2028 2067 895
f 2034 2028 895
f 895 2067 497
f 3893 3892 3894
f 3804 3864 3816
f 3783 3804 3816
f 3899 3898 3916
f 3916 3919 3979
f 5535 5542 5549
f 3979 3919 4896
f 3979 4896 3989
f 658 754 772
f 772 754 804
f 711 713 712
f 712 858 667
f 853 3643 3677
f 3617 3616 3631
f 3631 3616 3633
f 5197 1311 5198
f 3631 3633 3638
f 3638 3634 1686
f 5209 5208 4604
f 3666 3656 3665
f 3665 3667 3681
f 3681 3682 4751
f 4599 4597 2406
f 2406 4597 2416
f 318 277 2105
f 318 2105 2106
f 2089 2090 2088
f 318 2106 2076
f 2106 2089 2076
f 2076 2089 2088
f 2216 2088 2090
f 2216 2090 2215
f 2216 2215 2198
f 2198 2197 2199
f 2281 2293 2319
f 2199 2197 2281
f 3853 3823 3835
f 3808 3807 3827
f 3827 3807 3826
f 3807 3806 3826
f 3806 3796 3805
f 3805 3791 3801
f 895 497 484
f 3780 3781 3782
f 3894 3892 3898
f 3989 3997 3993
f 3993 3997 3996
f 3994 3996 4002
f 4842 4830 4832
f 4830 4829 4832
f 4836 4835 4856
f 4836 4856 4857
f 5198 5208 5207
f 4512 4860 4503
f 4512 4503 4504
f 5209 4604 4599
f 2089 2091 2090
f 2106 2105 2089
f 2378 2406 2416
f 2215 2196 2198
f 2198 2196 2197
f 2290 2378 2293
f 2245 2290 2293
f 2281 2245 2293
f 2197 2245 2281
f 3808 3827 3833
f 2034 895 2066
f 895 484 694
f 2066 895 694
f 694 484 481
f 3816 3893 3895
f 3895 3893 3894
f 468 467 469
f 469 467 533
f 3990 3993 3994
f 3995 3994 4002
f 3995 4002 4935
f 4875 3997 4842
f 571 576 598
f 711 712 709
f 709 712 667
f 4832 4829 4833
f 1227 5201 5200
f 4833 4826 4835
f 5200 5201 5197
f 4510 4860 4512
f 2430 4599 2396
f 2396 4599 2406
f 2105 277 2104
f 2089 2092 2091
f 2105 2104 2092
f 2105 2092 2089
f 2374 2406 2378
f 2215 2217 2196
f 2244 2378 2290
f 2197 2195 2245
f 2197 2196 2195
f 2620 2621 2616
f 3854 3853 3835
f 3835 3809 3834
f 3834 3809 3833
f 3833 3809 3808
f 3826 3806 3828
f 3786 3784 3780
f 486 481 482
f 469 533 534
f 3894 3898 3899
f 533 526 525
f 534 533 525
f 525 526 519
f 3990 3994 3995
f 519 521 524
f 524 521 523
f 523 521 522
f 551 574 565
f 5045 5080 5063
f 5045 5063 5052
f 4875 4842 4876
f 4876 4842 4845
f 573 576 571
f 598 658 657
f 657 658 772
f 3643 3610 3636
f 3636 3610 3627
f 4833 4835 4836
f 4861 4857 4860
f 5207 5208 5209
f 4509 1273 1275
f 1663 3656 3684
f 4783 4952 4950
f 2104 311 2103
f 2103 2093 2092
f 2093 2094 2091
f 2092 2093 2091
f 2091 2094 2217
f 2104 2103 2092
f 2374 2396 2406
f 2217 2194 2196
f 2196 2194 2195
f 2244 2374 2378
f 2245 2244 2290
f 3841 3833 3827
f 3822 3801 3789
f 2065 694 486
f 486 482 490
f 3989 3990 3978
f 3979 3989 3978
f 3978 3990 3185
f 3185 3990 3995
f 1322 3995 4935
f 565 574 572
f 572 573 568
f 4845 4842 4841
f 4841 4842 4832
f 667 858 853
f 4933 1307 5200
f 3631 3638 3637
f 5196 5197 5198
f 3638 1686 3652
f 4861 4860 4511
f 4511 4860 4510
f 4510 4509 1276
f 1276 4509 1275
f 5209 4599 2429
f 1686 3656 1663
f 131 202 245
f 131 245 233
f 1680 4754 1671
f 4599 2430 2418
f 2418 2430 2396
f 278 233 311
f 2093 2098 2094
f 2094 2098 2289
f 2245 2195 2244
f 2616 3853 3854
f 3844 3835 3834
f 3789 3784 3822
f 3786 3780 3782
f 2065 486 4550
f 4550 486 490
f 3782 3781 3783
f 3899 3916 3920
f 3920 3916 3979
f 3920 3979 3978
f 525 519 524
f 4936 3995 1322
f 523 522 551
f 523 551 565
f 804 711 710
f 772 804 710
f 710 711 709
f 3627 3617 3631
f 4858 4857 4861
f 5196 5198 5207
f 5207 5209 2429
f 1561 1686 1663
f 2429 4599 2418
f 1631 1680 1671
f 1631 1671 1630
f 1630 1671 4794
f 1630 4794 4795
f 296 320 311
f 311 320 2103
f 2103 320 2095
f 2095 2097 2098
f 2418 2396 2395
f 2103 2095 2093
f 2093 2095 2098
f 2097 2218 2289
f 2289 2218 2217
f 2217 2218 2194
f 2306 2396 2374
f 2195 2226 2244
f 3854 3835 3852
f 3852 3835 3844
f 3822 3784 3820
f 3784 3786 3820
f 4549 4550 490
f 3904 3899 3920
f 3185 3995 4936
f 4845 4841 4873
f 568 573 571
f 667 853 666
f 853 3677 3671
f 4840 4841 4832
f 1300 4934 4933
f 5200 5197 5199
f 5199 5197 5196
f 157 154 158
f 4836 4857 4858
f 3637 3638 3653
f 4517 4861 4513
f 4513 4861 4511
f 4513 4511 1276
f 1669 3652 1686
f 1669 1686 1561
f 1596 4949 4946
f 1562 1625 1596
f 296 245 320
f 2095 2096 2097
f 2218 2192 2194
f 2194 2192 2193
f 2294 2306 2374
f 2195 2194 2193
f 2195 2193 2226
f 2226 2294 2244
f 2244 2294 2374
f 3844 3834 3833
f 3846 3833 3841
f 3805 3801 3830
f 3066 4549 490
f 490 482 483
f 3814 3816 3895
f 483 482 468
f 3894 3899 3900
f 534 525 532
f 3899 3904 3900
f 528 524 523
f 5561 4845 4874
f 4936 1322 1320
f 4874 4845 4873
f 565 572 568
f 657 772 710
f 657 710 668
f 710 709 668
f 668 709 667
f 666 853 3671
f 3653 3652 1559
f 3652 1669 1559
f 1559 1669 1560
f 2409 2429 2418
f 320 319 2099
f 2099 2100 2096
f 2409 2418 2395
f 320 2099 2095
f 2099 2096 2095
f 2218 2232 2192
f 2226 2306 2294
f 2617 2616 3854
f 2617 3854 3852
f 3844 3833 3845
f 3827 3826 3841
f 3066 490 483
f 3783 3816 3814
f 483 468 470
f 470 468 469
f 3896 3894 3900
f 3920 3978 3183
f 3183 3185 3184
f 525 524 527
f 3184 3185 4936
f 527 524 528
f 5562 1323 1315
f 4936 1320 1297
f 4873 5094 4874
f 4944 4873 4841
f 4943 4944 4841
f 571 598 584
f 598 657 584
f 1236 1300 4942
f 5187 5189 4943
f 4943 4841 4840
f 3677 3643 3671
f 3671 3643 3644
f 3644 3643 3636
f 5202 4933 5200
f 4832 4833 4837
f 3627 3631 3637
f 4859 4836 4858
f 1673 3637 3653
f 4861 4517 1626
f 4858 4861 1626
f 3653 1559 1673
f 1626 4517 4514
f 2407 5207 2429
f 2407 2429 2409
f 319 273 2107
f 319 2107 2099
f 2099 2109 2100
f 2232 2190 2192
f 2306 2316 2395
f 2192 2191 2193
f 3841 3826 3842
f 3826 3828 3838
f 3828 3806 3829
f 3829 3806 3805
f 3820 3786 3818
f 3786 3782 3803
f 3060 3068 3066
f 896 3060 3066
f 3066 3068 3071
f 896 3066 483
f 896 483 489
f 3814 3895 3897
f 3895 3894 3896
f 3897 3895 3896
f 3920 3183 3181
f 532 525 527
f 4289 4288 5094
f 5094 4288 4874
f 4936 1297 4937
f 4937 1297 1236
f 5187 4943 4840
f 5203 1300 4933
f 4840 4832 4837
f 3627 3637 1674
f 1674 3637 1565
f 1565 3637 1673
f 1605 4858 1626
f 4957 4982 1627
f 5196 5207 2425
f 1557 4957 1627
f 2109 2124 2100
f 2107 2108 2099
f 2099 2108 2109
f 2409 2395 2375
f 2316 2375 2395
f 2225 2316 2306
f 2193 2191 2225
f 2193 2225 2226
f 2226 2225 2306
f 3833 3846 3845
f 3801 3822 3830
f 3065 3062 3064
f 3063 3062 3059
f 3059 3062 3060
f 3060 3062 3067
f 3786 3803 3818
f 3059 3060 3061
f 3060 3067 3068
f 3061 3060 896
f 803 3061 896
f 803 896 489
f 3782 3783 3803
f 489 483 470
f 3181 3183 3182
f 3904 3920 3181
f 534 532 469
f 3184 4936 4937
f 4291 1324 1323
f 528 523 529
f 529 523 563
f 563 523 565
f 563 565 562
f 4938 4937 1236
f 569 568 571
f 657 668 649
f 668 667 649
f 649 667 666
f 5186 5187 4840
f 5203 4933 5202
f 5202 5200 5199
f 3641 3636 3627
f 4837 4833 4838
f 4833 4836 4838
f 4838 4836 4859
f 5199 5196 5206
f 4859 4858 1603
f 2425 5206 5196
f 1603 4858 1604
f 1316 1299 1271
f 1604 4858 1605
f 1565 1563 1564
f 2407 2425 5207
f 2108 321 2109
f 2107 321 2108
f 2109 2123 2124
f 2233 2124 2296
f 2233 2229 2189
f 2232 2233 2189
f 2190 2189 2191
f 2617 3852 1766
f 3062 3070 3069
f 3062 3069 3067
f 870 3064 3062
f 870 3062 3063
f 3067 5559 5465
f 3064 870 867
f 867 870 866
f 870 3063 3059
f 866 870 3059
f 866 3059 861
f 861 3059 803
f 3059 3061 803
f 3803 3783 3814
f 3181 3182 3177
f 469 532 636
f 3182 3184 1009
f 1009 3184 4937
f 565 568 567
f 584 657 649
f 4942 1300 5203
f 4844 5186 4840
f 5188 5186 4844
f 4844 4840 4837
f 3644 3636 3641
f 3627 1674 3641
f 3641 1674 1573
f 1573 1674 1668
f 4838 4859 4867
f 4867 4859 1603
f 321 288 2110
f 321 2110 2109
f 2109 2110 2111
f 2405 2425 2407
f 2109 2111 2123
f 2123 2111 2296
f 2375 2407 2409
f 2189 2187 2191
f 2191 2187 2221
f 2221 2375 2316
f 2191 2221 2225
f 2225 2221 2316
f 3842 3826 3838
f 3838 3828 3829
f 3829 3805 3830
f 3830 3822 3831
f 3831 3822 3820
f 3065 3064 4004
f 4003 3065 4004
f 4004 3064 4006
f 4006 3064 867
f 861 803 643
f 803 489 643
f 489 470 643
f 3821 3814 3897
f 3904 3181 3957
f 3177 3182 1009
f 643 470 469
f 3897 3896 3921
f 3896 3900 3921
f 3900 3904 3957
f 1009 4937 4939
f 636 532 595
f 4939 4937 4938
f 595 532 527
f 595 527 530
f 530 527 528
f 530 528 529
f 4941 4938 1236
f 562 565 567
f 567 568 569
f 569 571 584
f 666 3671 3683
f 4844 4837 4855
f 2432 5199 5206
f 1601 4867 1603
f 5206 2425 2432
f 2432 2425 2405
f 2110 288 2112
f 2110 2112 2111
f 2111 2112 2113
f 2388 2405 2407
f 2407 2375 2314
f 2221 2314 2375
f 1766 3852 3851
f 3852 3844 3851
f 3851 3844 3849
f 3844 3845 3849
f 3849 3845 3846
f 3846 3841 3847
f 3847 3841 3842
f 3832 3820 3818
f 867 866 865
f 863 866 861
f 865 866 863
f 3180 3181 3177
f 863 861 862
f 862 861 643
f 3803 3814 3821
f 643 469 637
f 3921 3900 3957
f 637 469 636
f 638 636 595
f 4941 1236 4942
f 629 649 666
f 3644 3641 1590
f 5202 5199 5205
f 1590 3641 1573
f 1574 1573 1572
f 4893 4837 4838
f 5008 5185 4893
f 5008 4893 1611
f 1606 5008 1611
f 1611 4893 4838
f 1611 4838 4867
f 1611 4867 1601
f 253 240 2114
f 288 253 2114
f 2112 2114 2113
f 288 2114 2112
f 2296 2297 2228
f 2314 2388 2407
f 2295 2388 2314
f 2189 2229 2188
f 2189 2188 2187
f 2187 2188 2186
f 2221 2186 2185
f 2187 2186 2221
f 2221 2185 2314
f 3831 3820 3832
f 3957 3181 3960
f 3181 3180 3960
f 3180 3177 3176
f 3176 3177 1007
f 863 862 864
f 1007 1009 997
f 887 643 637
f 3837 3821 3897
f 3897 3921 3925
f 997 1009 4939
f 637 636 639
f 639 636 638
f 4940 4939 4938
f 638 595 774
f 774 595 594
f 594 595 530
f 529 563 562
f 562 567 570
f 570 567 569
f 5204 4942 5203
f 627 569 584
f 627 584 628
f 584 649 629
f 3683 3671 1618
f 1016 5203 5202
f 1618 3671 3644
f 1618 3644 1616
f 1616 3644 1590
f 5184 4855 4837
f 5205 5199 2432
f 5184 4837 4893
f 1575 1611 1599
f 2114 2116 2115
f 2114 2115 2113
f 2229 2228 2188
f 2185 2295 2314
f 1766 3851 1764
f 1764 3851 1747
f 1747 3851 3849
f 3829 3830 3840
f 3840 3830 3831
f 1682 4003 4004
f 4004 4006 4005
f 4005 4006 867
f 4005 867 868
f 868 867 865
f 865 863 864
f 3818 3803 3836
f 3803 3821 3836
f 887 862 643
f 864 862 887
f 864 887 888
f 888 887 886
f 886 887 637
f 4940 4938 4941
f 594 530 531
f 531 530 529
f 531 529 555
f 529 562 558
f 555 529 558
f 4941 4942 5204
f 558 562 570
f 570 569 627
f 693 627 628
f 628 584 629
f 629 666 669
f 669 666 3683
f 1016 5202 2426
f 1617 1618 1616
f 2426 5202 5205
f 5205 2432 2404
f 2116 284 2115
f 2404 2432 2405
f 2297 2298 2227
f 2228 2227 2188
f 2186 2184 2185
f 2188 2184 2186
f 1765 1766 1764
f 3849 3846 3850
f 3838 3829 3860
f 1682 4004 4005
f 3176 1007 3172
f 3172 992 982
f 868 865 869
f 869 865 864
f 869 864 871
f 871 864 888
f 3921 3957 3958
f 990 992 997
f 886 637 640
f 3837 3897 3925
f 640 637 639
f 640 639 641
f 997 4939 4940
f 641 639 638
f 641 638 642
f 642 638 774
f 642 774 773
f 773 774 594
f 773 594 596
f 596 594 531
f 631 558 570
f 631 570 630
f 630 570 627
f 628 629 708
f 708 629 669
f 5204 5203 1016
f 669 3683 1618
f 1578 1617 1577
f 284 283 2117
f 284 2117 2115
f 2115 2117 2118
f 2404 2405 2315
f 2315 2405 2388
f 2315 2388 2295
f 2227 2184 2188
f 1747 3849 1762
f 1762 3849 3850
f 3850 3846 3856
f 3856 3846 3847
f 3856 3847 3842
f 3856 3842 3861
f 3842 3838 3861
f 3860 3829 3840
f 3831 3832 3848
f 3848 3832 3843
f 1682 4005 1661
f 3180 3176 3178
f 3176 3172 3178
f 1661 4005 868
f 3832 3818 3843
f 3958 3957 3959
f 3818 3836 3843
f 871 888 889
f 889 888 886
f 889 886 640
f 3836 3821 3837
f 3925 3921 3958
f 990 997 1002
f 1002 997 4940
f 1002 4940 1011
f 817 642 773
f 817 773 596
f 596 531 651
f 4940 4941 1011
f 651 531 555
f 651 555 558
f 651 558 631
f 776 630 627
f 776 627 693
f 693 628 708
f 2119 2120 2118
f 2117 2119 2118
f 2227 2231 2182
f 2287 2404 2315
f 2227 2182 2184
f 2184 2183 2185
f 2185 2183 2235
f 2235 2315 2295
f 2185 2235 2295
f 1760 1765 1764
f 1760 1764 1747
f 3861 3838 3860
f 3840 3831 3857
f 3857 3831 3848
f 3170 1012 3169
f 3178 3171 3170
f 3959 3957 3960
f 1658 1656 1657
f 3883 3925 3958
f 1653 1650 1651
f 3883 3837 3925
f 1651 1650 1646
f 1645 651 1642
f 4941 5204 1014
f 1619 669 1580
f 283 285 2121
f 283 2121 2119
f 2119 2121 2120
f 2426 5205 2404
f 2298 2120 2299
f 2404 2287 2382
f 2184 2182 2183
f 2235 2287 2315
f 1763 1762 3850
f 1763 3850 3856
f 1757 3856 1758
f 3856 3861 1758
f 3861 3860 1759
f 1750 3860 3840
f 3169 3167 3964
f 3167 1012 979
f 3848 3843 1755
f 3180 3178 3963
f 3963 3178 3170
f 3959 3960 3961
f 3961 3960 3180
f 1749 3843 3836
f 3883 3958 1761
f 991 990 1002
f 3837 3883 1761
f 1011 4941 1014
f 1633 1634 1619
f 1014 5204 1016
f 1016 2426 1017
f 2121 285 2122
f 2121 2122 2120
f 2120 2122 2299
f 2390 2426 2404
f 2231 2230 2182
f 1746 1760 1747
f 1747 1762 1713
f 1713 1762 1763
f 1748 1763 3856
f 1748 3856 1756
f 1756 3856 1757
f 1758 3861 1759
f 1759 3860 1750
f 1750 3840 1751
f 3840 3857 1751
f 1751 3857 1752
f 1752 3857 1753
f 3857 3848 1753
f 1753 3848 1755
f 3963 3170 3169
f 3961 3180 3962
f 3962 3180 3963
f 1755 3843 1754
f 1754 3843 1749
f 1749 3836 1744
f 986 990 991
f 1744 3836 3837
f 1744 3837 1761
f 1277 1278 1279
f 991 1002 1004
f 1004 1002 1011
f 1004 1011 1010
f 1010 1011 1014
f 1017 2426 2390
f 2125 2126 2122
f 285 2125 2122
f 2122 2126 2299
f 2382 2390 2404
f 2182 2181 2183
f 2181 2286 2287
f 2286 2382 2287
f 2183 2181 2235
f 2235 2181 2287
f 1767 1760 1745
f 1760 1746 1745
f 1746 1747 1713
f 1746 1713 1714
f 1713 1763 1748
f 3166 3160 3175
f 3963 3964 3965
f 3965 3964 3167
f 3169 3964 3963
f 3992 3958 3959
f 1688 4267 4265
f 1688 4265 1675
f 1285 1277 1279
f 1744 1761 1730
f 1675 1677 1676
f 2844 2931 2910
f 1620 1584 1591
f 1591 1584 1583
f 1014 1016 1015
f 1016 1017 1015
f 2126 2132 2252
f 2171 2127 2125
f 2125 2127 2126
f 2126 2252 2230
f 2182 2230 2177
f 2177 2181 2182
f 2286 2390 2382
f 1745 1746 1714
f 1714 1713 1712
f 2330 1745 2164
f 1713 1748 1703
f 1748 1756 1701
f 1701 1756 1757
f 1697 1758 1759
f 1697 1759 1750
f 1697 1750 1699
f 1750 1751 1699
f 3965 3167 3173
f 1706 1752 1753
f 3963 3965 3970
f 1706 1753 1708
f 1753 1755 1708
f 1708 1755 1754
f 3992 3959 3961
f 1754 1749 1710
f 1710 1749 1717
f 1717 1749 1744
f 2326 1761 2338
f 1628 1675 1624
f 1010 1014 1013
f 1013 1014 1015
f 2133 2132 2128
f 2126 2128 2132
f 2127 2128 2126
f 2230 2252 2176
f 1017 2390 2379
f 2379 2390 2286
f 2181 2180 2286
f 1745 1714 1725
f 1725 1714 1712
f 1745 1725 2154
f 2164 1745 2154
f 1713 1703 1712
f 1703 1748 1701
f 1701 1757 1695
f 1695 1757 1758
f 1695 1758 1697
f 3972 3175 3168
f 3966 3166 3969
f 3166 3175 3969
f 1699 1751 1704
f 1704 1751 1752
f 1704 1752 1706
f 3977 3971 3970
f 1754 1710 1708
f 986 991 987
f 1717 1744 1730
f 2931 2155 2149
f 1729 1717 1730
f 1004 1010 1006
f 1006 1010 1013
f 2389 2148 2159
f 2130 2133 2128
f 2132 2133 2174
f 1013 1015 2398
f 2159 2129 2157
f 2157 2129 2127
f 2252 2132 2174
f 2379 1015 1017
f 2304 1015 2379
f 2180 2284 2286
f 2284 2379 2286
f 2181 2177 2180
f 1725 1712 1711
f 1711 1712 1703
f 1711 1703 1702
f 2154 1725 2153
f 1725 1711 2153
f 1702 1703 1701
f 2160 2154 2153
f 1702 1701 1694
f 1694 1701 1695
f 2158 2160 2153
f 1694 1695 1696
f 1696 1695 1697
f 3975 3174 3976
f 3972 3975 3974
f 996 937 938
f 2334 2150 2335
f 2335 2150 2332
f 1696 1697 1698
f 1721 1696 1698
f 1698 1697 1699
f 2332 2150 2327
f 1698 1699 1700
f 3965 3966 3967
f 2327 2147 2329
f 1700 1699 1704
f 3968 3970 3965
f 3968 3965 3967
f 1700 1704 1705
f 3968 3977 3970
f 2329 2147 2328
f 1705 1704 1706
f 1705 1706 1707
f 3998 3962 3971
f 3998 3971 3977
f 2328 2147 2163
f 2147 2144 2163
f 1707 1706 1708
f 3992 3962 3998
f 1709 1707 1708
f 2163 2144 2142
f 2163 2142 2162
f 1709 1708 1710
f 2338 3992 2339
f 2161 2142 2156
f 2156 2142 2143
f 1709 1710 1716
f 1716 1710 1717
f 2156 2143 2155
f 2155 2138 2149
f 1727 1716 1717
f 991 1004 1006
f 1727 1717 1729
f 1729 1768 2173
f 2138 2136 2149
f 1727 1729 1740
f 1740 1729 2173
f 2149 2136 2148
f 2130 1727 2133
f 1727 1740 2133
f 2148 2136 2134
f 2133 2173 2174
f 2134 2131 2129
f 2129 2131 2130
f 2129 2130 2128
f 2174 2173 2175
f 2304 2398 1015
f 2176 2174 2175
f 2177 2175 2178
f 2285 2304 2379
f 2176 2175 2177
f 2177 2178 2179
f 2179 2285 2284
f 2284 2285 2379
f 2177 2179 2180
f 2180 2179 2284
f 2153 1711 1734
f 1711 1702 1734
f 1734 1702 1715
f 2153 1734 1742
f 1734 1715 1742
f 1715 1702 1694
f 2152 2153 1742
f 3155 3150 3153
f 1742 1715 1743
f 1743 1715 1723
f 1723 1715 1694
f 2152 1742 2151
f 2151 1742 1743
f 995 943 944
f 1723 1694 1718
f 3974 3975 3976
f 2150 2152 2151
f 1718 1694 1696
f 3973 3972 3974
f 2151 1743 2146
f 2150 2151 2146
f 3973 3969 3972
f 1743 1723 2146
f 1723 1718 1739
f 2146 1723 1739
f 1718 1696 1721
f 3966 3969 3973
f 1739 1718 1721
f 1722 1721 1698
f 3967 3966 4000
f 2146 1739 2145
f 1739 1721 1741
f 1741 1721 1722
f 2147 2150 2146
f 2147 2146 2145
f 1741 1722 1726
f 1726 1722 1698
f 1726 1698 1700
f 1739 1741 2145
f 1738 1726 1731
f 1731 1726 1700
f 1741 1726 1738
f 1731 1700 1720
f 1720 1700 1705
f 4001 3977 3968
f 3998 3977 4001
f 3999 3998 4001
f 2144 2147 2145
f 2144 2145 1741
f 1741 1738 2141
f 2144 1741 2141
f 1738 1731 2141
f 1731 1720 1736
f 1720 1705 1719
f 1719 1705 1707
f 2141 1731 1736
f 1736 1720 1719
f 2142 2144 2141
f 1736 1719 1735
f 1735 1719 1724
f 1724 1719 1707
f 3992 3998 2337
f 2141 1736 2140
f 1724 1707 1709
f 2142 2141 2140
f 1735 1724 1733
f 1733 1724 1728
f 1728 1724 1709
f 2143 2142 2140
f 2140 1735 2139
f 2143 2140 2139
f 1735 2137 2139
f 1733 1728 1732
f 1732 1728 1709
f 1732 1709 1716
f 976 986 987
f 2137 1733 1732
f 2138 2143 2139
f 993 987 991
f 2138 2139 2137
f 2137 1732 2136
f 2136 1732 2135
f 1732 1716 1737
f 1737 1716 1727
f 993 991 1006
f 2138 2137 2136
f 1768 2326 2251
f 2135 1732 1737
f 2173 1768 2251
f 2136 2135 2134
f 2134 2135 2131
f 2135 1737 2131
f 2131 1737 2130
f 1737 1727 2130
f 1006 1013 2398
f 2173 2251 2175
f 2179 2224 2285
f 2178 2224 2179
f 3149 3141 3152
f 3152 3141 3147
f 3147 3141 3137
f 3986 3155 3153
f 3179 3155 3986
f 3974 3976 3991
f 2386 3966 3973
f 3968 3967 4001
f 934 945 940
f 3999 4001 2381
f 2337 3998 2377
f 3998 3999 2377
f 2339 3992 2337
f 1735 1733 2137
f 2338 2339 2237
f 2326 2338 2237
f 2251 2326 2236
f 2236 2326 2237
f 1006 2398 2242
f 2251 2236 2175
f 2178 2175 2236
f 2178 2236 2224
f 2224 2242 2304
f 2304 2242 2398
f 2285 2224 2304
f 3146 3139 3148
f 3152 3147 3154
f 3154 3147 3137
f 3154 3137 3146
f 2408 3153 3149
f 3986 3153 2408
f 2414 3976 3179
f 3973 3974 3991
f 2383 3973 3991
f 2386 3973 2383
f 3967 4000 2387
f 3967 2387 4001
f 4001 2387 2345
f 2381 4001 2345
f 2377 3999 2381
f 2237 2339 2337
f 2243 993 1006
f 2237 2243 2242
f 2242 2243 1006
f 2236 2237 2224
f 2224 2237 2242
f 3148 3143 2427
f 2427 3143 3145
f 3154 3146 2415
f 3146 3148 2415
f 3988 3152 3154
f 989 3140 971
f 3987 3149 3152
f 3987 3152 3988
f 3987 2408 3149
f 2414 3986 2408
f 3179 3986 2414
f 3991 3976 2414
f 2387 4000 2386
f 2381 2345 2343
f 2377 2381 2343
f 2337 2377 2318
f 2318 2377 2343
f 2344 954 960
f 2237 2337 2318
f 2243 2237 2318
f 987 2318 988
f 2243 2318 987
f 2427 3145 2428
f 2415 3148 2427
f 3991 2414 2391
f 2385 3991 2391
f 2386 2383 2349
f 2387 2386 2349
f 2345 2387 2349
f 2346 2345 2349
f 2343 2345 2344
f 2344 2345 2346
f 2344 2346 2347
f 955 2347 1003
f 955 1003 958
f 954 2344 2347
f 954 2347 955
f 2318 2343 988
f 988 2343 2344
f 2428 3145 3151
f 3145 3144 3151
f 2573 2574 2572
f 2415 2427 2412
f 2572 2574 989
f 3988 3154 2415
f 2572 989 972
f 2403 3987 3988
f 2408 3987 2403
f 2414 2408 2402
f 2391 2414 2402
f 2385 2391 2353
f 2349 2383 2350
f 2383 2385 2350
f 2350 2385 2353
f 2346 2349 2348
f 2348 2349 2350
f 2348 2350 2351
f 949 2351 940
f 2347 2346 1003
f 2346 2348 1003
f 1003 2348 949
f 949 2348 2351
f 3151 2573 2431
f 2423 2428 3151
f 2431 2573 2572
f 2427 2428 2412
f 2403 3988 2415
f 2403 2415 2400
f 2572 972 973
f 2402 2408 2397
f 2397 2408 2403
f 2402 2397 2391
f 2355 2391 2397
f 2353 2391 2354
f 2354 2391 2355
f 2350 2353 2352
f 2353 2354 2352
f 2352 2354 1008
f 2351 2350 2352
f 2351 2352 935
f 2423 3151 2431
f 2412 2428 2423
f 2394 2572 994
f 994 2572 973
f 2393 2403 2400
f 2397 2403 2393
f 2355 2397 2358
f 2355 2358 2356
f 2356 2358 2357
f 2356 2357 1001
f 1001 2357 1000
f 2354 2355 1008
f 1008 2355 2356
f 1008 2356 984
f 2356 1001 984
f 2423 2431 2424
f 2431 2572 2394
f 2372 2412 2371
f 2400 2412 2372
f 2393 2400 2370
f 2400 2372 2370
f 2359 2393 2370
f 2359 2370 2361
f 2358 2393 2359
f 2357 2358 2359
f 2357 2359 1000
f 1000 2359 964
f 964 2359 2360
f 964 2360 963
f 2424 2431 2394
f 2412 2423 2373
f 2412 2373 2371
f 2370 2372 2363
f 2370 2363 2361
f 2361 2363 2362
f 965 2361 2362
f 965 2362 966
f 2359 2361 2360
f 2360 2361 965
f 2373 2423 2394
f 2371 2373 2367
f 2394 994 2369
f 2372 2371 2364
f 2363 2372 2364
f 2365 2364 2366
f 2365 2366 974
f 2363 2364 985
f 2362 2363 985
f 985 2364 2365
f 985 2365 975
f 2373 2394 2368
f 2367 2373 2368
f 2368 2394 2369
f 2367 2368 2366
f 2366 2368 2369
f 2364 2371 2367
f 2364 2367 2366
f 2366 2369 994
f 5934 5935 5932
f 5931 5934 5932
f 5932 5947 5948
f 5948 5947 5942
f 5948 5942 5941
f 5930 5931 5932
f 5930 5932 5933
f 5936 5945 5931
f 5933 5932 5948
f 5936 5931 5930
f 5933 5948 5946
f 5948 5941 5943
f 5946 5948 5943
f 5937 5936 5930
f 5937 5930 5933
f 5937 5933 5946

