2025/05/31 02:34:33 - mmengine - INFO - 
------------------------------------------------------------
System environment:
    sys.platform: linux
    Python: 3.8.20 (default, Sep  7 2024, 18:35:08) [GCC 11.4.0]
    CUDA available: True
    MUSA available: False
    numpy_random_seed: 42
    GPU 0: NVIDIA GeForce RTX 4090
    CUDA_HOME: /usr/local/cuda-11.8
    NVCC: Cuda compilation tools, release 11.8, V11.8.89
    GCC: x86_64-linux-gnu-gcc (Ubuntu 11.4.0-1ubuntu1~22.04) 11.4.0
    PyTorch: 1.13.1+cu117
    PyTorch compiling details: PyTorch built with:
  - GCC 9.3
  - C++ Version: 201402
  - Intel(R) Math Kernel Library Version 2020.0.0 Product Build 20191122 for Intel(R) 64 architecture applications
  - Intel(R) MKL-DNN v2.6.0 (Git Hash 52b5f107dd9cf10910aaa19cb47f3abf9b349815)
  - OpenMP 201511 (a.k.a. OpenMP 4.5)
  - LAPACK is enabled (usually provided by MKL)
  - NNPACK is enabled
  - CPU capability usage: AVX2
  - CUDA Runtime 11.7
  - NVCC architecture flags: -gencode;arch=compute_37,code=sm_37;-gencode;arch=compute_50,code=sm_50;-gencode;arch=compute_60,code=sm_60;-gencode;arch=compute_70,code=sm_70;-gencode;arch=compute_75,code=sm_75;-gencode;arch=compute_80,code=sm_80;-gencode;arch=compute_86,code=sm_86
  - CuDNN 8.5
  - Magma 2.6.1
  - Build settings: BLAS_INFO=mkl, BUILD_TYPE=Release, CUDA_VERSION=11.7, CUDNN_VERSION=8.5.0, CXX_COMPILER=/opt/rh/devtoolset-9/root/usr/bin/c++, CXX_FLAGS= -fabi-version=11 -Wno-deprecated -fvisibility-inlines-hidden -DUSE_PTHREADPOOL -fopenmp -DNDEBUG -DUSE_KINETO -DUSE_FBGEMM -DUSE_QNNPACK -DUSE_PYTORCH_QNNPACK -DUSE_XNNPACK -DSYMBOLICATE_MOBILE_DEBUG_HANDLE -DEDGE_PROFILER_USE_KINETO -O2 -fPIC -Wno-narrowing -Wall -Wextra -Werror=return-type -Werror=non-virtual-dtor -Wno-missing-field-initializers -Wno-type-limits -Wno-array-bounds -Wno-unknown-pragmas -Wunused-local-typedefs -Wno-unused-parameter -Wno-unused-function -Wno-unused-result -Wno-strict-overflow -Wno-strict-aliasing -Wno-error=deprecated-declarations -Wno-stringop-overflow -Wno-psabi -Wno-error=pedantic -Wno-error=redundant-decls -Wno-error=old-style-cast -fdiagnostics-color=always -faligned-new -Wno-unused-but-set-variable -Wno-maybe-uninitialized -fno-math-errno -fno-trapping-math -Werror=format -Werror=cast-function-type -Wno-stringop-overflow, LAPACK_INFO=mkl, PERF_WITH_AVX=1, PERF_WITH_AVX2=1, PERF_WITH_AVX512=1, TORCH_VERSION=1.13.1, USE_CUDA=ON, USE_CUDNN=ON, USE_EXCEPTION_PTR=1, USE_GFLAGS=OFF, USE_GLOG=OFF, USE_MKL=ON, USE_MKLDNN=ON, USE_MPI=OFF, USE_NCCL=ON, USE_NNPACK=ON, USE_OPENMP=ON, USE_ROCM=OFF, 

    TorchVision: 0.14.1+cu117
    OpenCV: 4.10.0
    MMEngine: 0.10.5

Runtime environment:
    cudnn_benchmark: True
    mp_cfg: {'mp_start_method': 'fork', 'opencv_num_threads': 0}
    dist_cfg: {'backend': 'nccl'}
    seed: 42
    deterministic: False
    Distributed launcher: none
    Distributed training: False
    GPU number: 1
------------------------------------------------------------

2025/05/31 02:34:33 - mmengine - INFO - Config:
classes = [
    'fabric',
    'glass',
    'leather',
    'metal',
    'plastic',
    'stone',
    'wood',
]
crop_size = (
    640,
    640,
)
data_root = './data/MINC/'
dataset_type = 'BaseSegDataset'
default_hooks = dict(
    checkpoint=dict(
        by_epoch=False, interval=3000, max_keep_ckpts=3,
        type='CheckpointHook'),
    logger=dict(interval=50, log_metric_by_epoch=False, type='LoggerHook'),
    param_scheduler=dict(type='ParamSchedulerHook'),
    sampler_seed=dict(type='DistSamplerSeedHook'),
    timer=dict(type='IterTimerHook'),
    visualization=dict(type='SegVisualizationHook'))
default_scope = 'mmseg'
env_cfg = dict(
    cudnn_benchmark=True,
    dist_cfg=dict(backend='nccl'),
    mp_cfg=dict(mp_start_method='fork', opencv_num_threads=0))
launcher = 'none'
load_from = None
model = dict(
    auxiliary_head=dict(
        align_corners=False,
        channels=256,
        concat_input=False,
        dropout_ratio=0.1,
        in_channels=1024,
        in_index=2,
        loss_decode=dict(
            loss_weight=0.4, type='CrossEntropyLoss', use_sigmoid=False),
        norm_cfg=dict(requires_grad=True, type='SyncBN'),
        num_classes=7,
        num_convs=1,
        type='FCNHead'),
    backbone=dict(
        contract_dilation=True,
        depth=50,
        dilations=(
            1,
            1,
            2,
            4,
        ),
        norm_cfg=dict(requires_grad=True, type='SyncBN'),
        norm_eval=False,
        num_stages=4,
        out_indices=(
            0,
            1,
            2,
            3,
        ),
        strides=(
            1,
            2,
            1,
            1,
        ),
        style='pytorch',
        type='ResNetV1c'),
    data_preprocessor=dict(
        bgr_to_rgb=True,
        mean=[
            123.675,
            116.28,
            103.53,
        ],
        pad_val=0,
        seg_pad_val=255,
        size_divisor=32,
        std=[
            58.395,
            57.12,
            57.375,
        ],
        type='SegDataPreProcessor'),
    decode_head=dict(
        align_corners=False,
        c1_channels=48,
        c1_in_channels=256,
        channels=512,
        dilations=(
            1,
            12,
            24,
            36,
        ),
        dropout_ratio=0.1,
        in_channels=2048,
        in_index=3,
        loss_decode=dict(
            loss_weight=1.0, type='CrossEntropyLoss', use_sigmoid=False),
        norm_cfg=dict(requires_grad=True, type='SyncBN'),
        num_classes=7,
        type='DepthwiseSeparableASPPHead'),
    test_cfg=dict(mode='whole'),
    train_cfg=dict(),
    type='EncoderDecoder')
norm_cfg = dict(requires_grad=True, type='SyncBN')
optim_wrapper = dict(
    optimizer=dict(lr=0.01, momentum=0.9, type='SGD', weight_decay=0.0005),
    type='OptimWrapper')
palette = [
    [
        80,
        50,
        50,
    ],
    [
        140,
        140,
        140,
    ],
    [
        204,
        5,
        255,
    ],
    [
        4,
        250,
        7,
    ],
    [
        8,
        255,
        51,
    ],
    [
        255,
        51,
        7,
    ],
    [
        255,
        6,
        51,
    ],
]
param_scheduler = [
    dict(
        begin=0,
        by_epoch=False,
        end=30000,
        eta_min=0.0001,
        power=0.9,
        type='PolyLR'),
]
randomness = dict(deterministic=False, seed=42)
resume = False
test_cfg = dict(type='TestLoop')
test_dataloader = dict(
    batch_size=1,
    dataset=dict(
        data_prefix=dict(img_path='img_dir/val', seg_map_path='ann_dir/val'),
        data_root='./data/MINC/',
        metainfo=dict(
            classes=[
                'fabric',
                'glass',
                'leather',
                'metal',
                'plastic',
                'stone',
                'wood',
            ],
            palette=[
                [
                    80,
                    50,
                    50,
                ],
                [
                    140,
                    140,
                    140,
                ],
                [
                    204,
                    5,
                    255,
                ],
                [
                    4,
                    250,
                    7,
                ],
                [
                    8,
                    255,
                    51,
                ],
                [
                    255,
                    51,
                    7,
                ],
                [
                    255,
                    6,
                    51,
                ],
            ]),
        pipeline=[
            dict(type='LoadImageFromFile'),
            dict(keep_ratio=True, scale=(
                2048,
                1024,
            ), type='Resize'),
            dict(type='LoadAnnotations'),
            dict(type='PackSegInputs'),
        ],
        reduce_zero_label=True,
        type='BaseSegDataset'),
    num_workers=2,
    persistent_workers=True,
    sampler=dict(shuffle=False, type='DefaultSampler'))
test_evaluator = dict(
    iou_metrics=[
        'mIoU',
    ], type='IoUMetric')
test_pipeline = [
    dict(type='LoadImageFromFile'),
    dict(keep_ratio=True, scale=(
        2048,
        1024,
    ), type='Resize'),
    dict(type='LoadAnnotations'),
    dict(type='PackSegInputs'),
]
train_cfg = dict(max_iters=30000, type='IterBasedTrainLoop', val_interval=3000)
train_dataloader = dict(
    batch_size=8,
    dataset=dict(
        data_prefix=dict(
            img_path='img_dir/train', seg_map_path='ann_dir/train'),
        data_root='./data/MINC/',
        metainfo=dict(
            classes=[
                'fabric',
                'glass',
                'leather',
                'metal',
                'plastic',
                'stone',
                'wood',
            ],
            palette=[
                [
                    80,
                    50,
                    50,
                ],
                [
                    140,
                    140,
                    140,
                ],
                [
                    204,
                    5,
                    255,
                ],
                [
                    4,
                    250,
                    7,
                ],
                [
                    8,
                    255,
                    51,
                ],
                [
                    255,
                    51,
                    7,
                ],
                [
                    255,
                    6,
                    51,
                ],
            ]),
        pipeline=[
            dict(type='LoadImageFromFile'),
            dict(type='LoadAnnotations'),
            dict(
                keep_ratio=True,
                ratio_range=(
                    0.4,
                    2.5,
                ),
                scale=(
                    2048,
                    1024,
                ),
                type='RandomResize'),
            dict(
                cat_max_ratio=0.85, crop_size=(
                    640,
                    640,
                ), type='RandomCrop'),
            dict(prob=0.5, type='RandomFlip'),
            dict(degree=20, prob=0.5, type='RandomRotate'),
            dict(
                brightness_delta=32,
                contrast_range=(
                    0.8,
                    1.2,
                ),
                hue_delta=15,
                saturation_range=(
                    0.8,
                    1.2,
                ),
                type='PhotoMetricDistortion'),
            dict(type='PackSegInputs'),
        ],
        reduce_zero_label=True,
        type='BaseSegDataset'),
    num_workers=4,
    persistent_workers=True,
    sampler=dict(shuffle=True, type='InfiniteSampler'))
train_pipeline = [
    dict(type='LoadImageFromFile'),
    dict(type='LoadAnnotations'),
    dict(
        keep_ratio=True,
        ratio_range=(
            0.4,
            2.5,
        ),
        scale=(
            2048,
            1024,
        ),
        type='RandomResize'),
    dict(cat_max_ratio=0.85, crop_size=(
        640,
        640,
    ), type='RandomCrop'),
    dict(prob=0.5, type='RandomFlip'),
    dict(degree=20, prob=0.5, type='RandomRotate'),
    dict(
        brightness_delta=32,
        contrast_range=(
            0.8,
            1.2,
        ),
        hue_delta=15,
        saturation_range=(
            0.8,
            1.2,
        ),
        type='PhotoMetricDistortion'),
    dict(type='PackSegInputs'),
]
val_cfg = dict(type='ValLoop')
val_dataloader = dict(
    batch_size=1,
    dataset=dict(
        data_prefix=dict(img_path='img_dir/val', seg_map_path='ann_dir/val'),
        data_root='./data/MINC/',
        metainfo=dict(
            classes=[
                'fabric',
                'glass',
                'leather',
                'metal',
                'plastic',
                'stone',
                'wood',
            ],
            palette=[
                [
                    80,
                    50,
                    50,
                ],
                [
                    140,
                    140,
                    140,
                ],
                [
                    204,
                    5,
                    255,
                ],
                [
                    4,
                    250,
                    7,
                ],
                [
                    8,
                    255,
                    51,
                ],
                [
                    255,
                    51,
                    7,
                ],
                [
                    255,
                    6,
                    51,
                ],
            ]),
        pipeline=[
            dict(type='LoadImageFromFile'),
            dict(keep_ratio=True, scale=(
                2048,
                1024,
            ), type='Resize'),
            dict(type='LoadAnnotations'),
            dict(type='PackSegInputs'),
        ],
        reduce_zero_label=True,
        type='BaseSegDataset'),
    num_workers=2,
    persistent_workers=True,
    sampler=dict(shuffle=False, type='DefaultSampler'))
val_evaluator = dict(
    iou_metrics=[
        'mIoU',
    ], type='IoUMetric')
vis_backends = [
    dict(type='LocalVisBackend'),
]
visualizer = dict(
    name='visualizer',
    type='SegLocalVisualizer',
    vis_backends=[
        dict(type='LocalVisBackend'),
    ])
work_dir = 'work_dirs/7MINC'

2025/05/31 02:34:39 - mmengine - INFO - Distributed training is not used, all SyncBatchNorm (SyncBN) layers in the model will be automatically reverted to BatchNormXd layers if they are used.
2025/05/31 02:34:39 - mmengine - INFO - Hooks will be executed in the following order:
before_run:
(VERY_HIGH   ) RuntimeInfoHook                    
(BELOW_NORMAL) LoggerHook                         
 -------------------- 
before_train:
(VERY_HIGH   ) RuntimeInfoHook                    
(NORMAL      ) IterTimerHook                      
(VERY_LOW    ) CheckpointHook                     
 -------------------- 
before_train_epoch:
(VERY_HIGH   ) RuntimeInfoHook                    
(NORMAL      ) IterTimerHook                      
(NORMAL      ) DistSamplerSeedHook                
 -------------------- 
before_train_iter:
(VERY_HIGH   ) RuntimeInfoHook                    
(NORMAL      ) IterTimerHook                      
 -------------------- 
after_train_iter:
(VERY_HIGH   ) RuntimeInfoHook                    
(NORMAL      ) IterTimerHook                      
(NORMAL      ) SegVisualizationHook               
(BELOW_NORMAL) LoggerHook                         
(LOW         ) ParamSchedulerHook                 
(VERY_LOW    ) CheckpointHook                     
 -------------------- 
after_train_epoch:
(NORMAL      ) IterTimerHook                      
(LOW         ) ParamSchedulerHook                 
(VERY_LOW    ) CheckpointHook                     
 -------------------- 
before_val:
(VERY_HIGH   ) RuntimeInfoHook                    
 -------------------- 
before_val_epoch:
(NORMAL      ) IterTimerHook                      
 -------------------- 
before_val_iter:
(NORMAL      ) IterTimerHook                      
 -------------------- 
after_val_iter:
(NORMAL      ) IterTimerHook                      
(NORMAL      ) SegVisualizationHook               
(BELOW_NORMAL) LoggerHook                         
 -------------------- 
after_val_epoch:
(VERY_HIGH   ) RuntimeInfoHook                    
(NORMAL      ) IterTimerHook                      
(BELOW_NORMAL) LoggerHook                         
(LOW         ) ParamSchedulerHook                 
(VERY_LOW    ) CheckpointHook                     
 -------------------- 
after_val:
(VERY_HIGH   ) RuntimeInfoHook                    
 -------------------- 
after_train:
(VERY_HIGH   ) RuntimeInfoHook                    
(VERY_LOW    ) CheckpointHook                     
 -------------------- 
before_test:
(VERY_HIGH   ) RuntimeInfoHook                    
 -------------------- 
before_test_epoch:
(NORMAL      ) IterTimerHook                      
 -------------------- 
before_test_iter:
(NORMAL      ) IterTimerHook                      
 -------------------- 
after_test_iter:
(NORMAL      ) IterTimerHook                      
(NORMAL      ) SegVisualizationHook               
(BELOW_NORMAL) LoggerHook                         
 -------------------- 
after_test_epoch:
(VERY_HIGH   ) RuntimeInfoHook                    
(NORMAL      ) IterTimerHook                      
(BELOW_NORMAL) LoggerHook                         
 -------------------- 
after_test:
(VERY_HIGH   ) RuntimeInfoHook                    
 -------------------- 
after_run:
(BELOW_NORMAL) LoggerHook                         
 -------------------- 
2025/05/31 02:34:40 - mmengine - WARNING - The prefix is not set in metric class IoUMetric.
Name of parameter - Initialization information

backbone.stem.0.weight - torch.Size([32, 3, 3, 3]): 
KaimingInit: a=0, mode=fan_out, nonlinearity=relu, distribution =normal, bias=0 

backbone.stem.1.weight - torch.Size([32]): 
The value is the same before and after calling `init_weights` of EncoderDecoder  

backbone.stem.1.bias - torch.Size([32]): 
The value is the same before and after calling `init_weights` of EncoderDecoder  

backbone.stem.3.weight - torch.Size([32, 32, 3, 3]): 
KaimingInit: a=0, mode=fan_out, nonlinearity=relu, distribution =normal, bias=0 

backbone.stem.4.weight - torch.Size([32]): 
The value is the same before and after calling `init_weights` of EncoderDecoder  

backbone.stem.4.bias - torch.Size([32]): 
The value is the same before and after calling `init_weights` of EncoderDecoder  

backbone.stem.6.weight - torch.Size([64, 32, 3, 3]): 
KaimingInit: a=0, mode=fan_out, nonlinearity=relu, distribution =normal, bias=0 

backbone.stem.7.weight - torch.Size([64]): 
The value is the same before and after calling `init_weights` of EncoderDecoder  

backbone.stem.7.bias - torch.Size([64]): 
The value is the same before and after calling `init_weights` of EncoderDecoder  

backbone.layer1.0.conv1.weight - torch.Size([64, 64, 1, 1]): 
KaimingInit: a=0, mode=fan_out, nonlinearity=relu, distribution =normal, bias=0 

backbone.layer1.0.bn1.weight - torch.Size([64]): 
The value is the same before and after calling `init_weights` of EncoderDecoder  

backbone.layer1.0.bn1.bias - torch.Size([64]): 
The value is the same before and after calling `init_weights` of EncoderDecoder  

backbone.layer1.0.conv2.weight - torch.Size([64, 64, 3, 3]): 
KaimingInit: a=0, mode=fan_out, nonlinearity=relu, distribution =normal, bias=0 

backbone.layer1.0.bn2.weight - torch.Size([64]): 
The value is the same before and after calling `init_weights` of EncoderDecoder  

backbone.layer1.0.bn2.bias - torch.Size([64]): 
The value is the same before and after calling `init_weights` of EncoderDecoder  

backbone.layer1.0.conv3.weight - torch.Size([256, 64, 1, 1]): 
KaimingInit: a=0, mode=fan_out, nonlinearity=relu, distribution =normal, bias=0 

backbone.layer1.0.bn3.weight - torch.Size([256]): 
ConstantInit: val=0, bias=0 

backbone.layer1.0.bn3.bias - torch.Size([256]): 
The value is the same before and after calling `init_weights` of EncoderDecoder  

backbone.layer1.0.downsample.0.weight - torch.Size([256, 64, 1, 1]): 
KaimingInit: a=0, mode=fan_out, nonlinearity=relu, distribution =normal, bias=0 

backbone.layer1.0.downsample.1.weight - torch.Size([256]): 
The value is the same before and after calling `init_weights` of EncoderDecoder  

backbone.layer1.0.downsample.1.bias - torch.Size([256]): 
The value is the same before and after calling `init_weights` of EncoderDecoder  

backbone.layer1.1.conv1.weight - torch.Size([64, 256, 1, 1]): 
KaimingInit: a=0, mode=fan_out, nonlinearity=relu, distribution =normal, bias=0 

backbone.layer1.1.bn1.weight - torch.Size([64]): 
The value is the same before and after calling `init_weights` of EncoderDecoder  

backbone.layer1.1.bn1.bias - torch.Size([64]): 
The value is the same before and after calling `init_weights` of EncoderDecoder  

backbone.layer1.1.conv2.weight - torch.Size([64, 64, 3, 3]): 
KaimingInit: a=0, mode=fan_out, nonlinearity=relu, distribution =normal, bias=0 

backbone.layer1.1.bn2.weight - torch.Size([64]): 
The value is the same before and after calling `init_weights` of EncoderDecoder  

backbone.layer1.1.bn2.bias - torch.Size([64]): 
The value is the same before and after calling `init_weights` of EncoderDecoder  

backbone.layer1.1.conv3.weight - torch.Size([256, 64, 1, 1]): 
KaimingInit: a=0, mode=fan_out, nonlinearity=relu, distribution =normal, bias=0 

backbone.layer1.1.bn3.weight - torch.Size([256]): 
ConstantInit: val=0, bias=0 

backbone.layer1.1.bn3.bias - torch.Size([256]): 
The value is the same before and after calling `init_weights` of EncoderDecoder  

backbone.layer1.2.conv1.weight - torch.Size([64, 256, 1, 1]): 
KaimingInit: a=0, mode=fan_out, nonlinearity=relu, distribution =normal, bias=0 

backbone.layer1.2.bn1.weight - torch.Size([64]): 
The value is the same before and after calling `init_weights` of EncoderDecoder  

backbone.layer1.2.bn1.bias - torch.Size([64]): 
The value is the same before and after calling `init_weights` of EncoderDecoder  

backbone.layer1.2.conv2.weight - torch.Size([64, 64, 3, 3]): 
KaimingInit: a=0, mode=fan_out, nonlinearity=relu, distribution =normal, bias=0 

backbone.layer1.2.bn2.weight - torch.Size([64]): 
The value is the same before and after calling `init_weights` of EncoderDecoder  

backbone.layer1.2.bn2.bias - torch.Size([64]): 
The value is the same before and after calling `init_weights` of EncoderDecoder  

backbone.layer1.2.conv3.weight - torch.Size([256, 64, 1, 1]): 
KaimingInit: a=0, mode=fan_out, nonlinearity=relu, distribution =normal, bias=0 

backbone.layer1.2.bn3.weight - torch.Size([256]): 
ConstantInit: val=0, bias=0 

backbone.layer1.2.bn3.bias - torch.Size([256]): 
The value is the same before and after calling `init_weights` of EncoderDecoder  

backbone.layer2.0.conv1.weight - torch.Size([128, 256, 1, 1]): 
KaimingInit: a=0, mode=fan_out, nonlinearity=relu, distribution =normal, bias=0 

backbone.layer2.0.bn1.weight - torch.Size([128]): 
The value is the same before and after calling `init_weights` of EncoderDecoder  

backbone.layer2.0.bn1.bias - torch.Size([128]): 
The value is the same before and after calling `init_weights` of EncoderDecoder  

backbone.layer2.0.conv2.weight - torch.Size([128, 128, 3, 3]): 
KaimingInit: a=0, mode=fan_out, nonlinearity=relu, distribution =normal, bias=0 

backbone.layer2.0.bn2.weight - torch.Size([128]): 
The value is the same before and after calling `init_weights` of EncoderDecoder  

backbone.layer2.0.bn2.bias - torch.Size([128]): 
The value is the same before and after calling `init_weights` of EncoderDecoder  

backbone.layer2.0.conv3.weight - torch.Size([512, 128, 1, 1]): 
KaimingInit: a=0, mode=fan_out, nonlinearity=relu, distribution =normal, bias=0 

backbone.layer2.0.bn3.weight - torch.Size([512]): 
ConstantInit: val=0, bias=0 

backbone.layer2.0.bn3.bias - torch.Size([512]): 
The value is the same before and after calling `init_weights` of EncoderDecoder  

backbone.layer2.0.downsample.0.weight - torch.Size([512, 256, 1, 1]): 
KaimingInit: a=0, mode=fan_out, nonlinearity=relu, distribution =normal, bias=0 

backbone.layer2.0.downsample.1.weight - torch.Size([512]): 
The value is the same before and after calling `init_weights` of EncoderDecoder  

backbone.layer2.0.downsample.1.bias - torch.Size([512]): 
The value is the same before and after calling `init_weights` of EncoderDecoder  

backbone.layer2.1.conv1.weight - torch.Size([128, 512, 1, 1]): 
KaimingInit: a=0, mode=fan_out, nonlinearity=relu, distribution =normal, bias=0 

backbone.layer2.1.bn1.weight - torch.Size([128]): 
The value is the same before and after calling `init_weights` of EncoderDecoder  

backbone.layer2.1.bn1.bias - torch.Size([128]): 
The value is the same before and after calling `init_weights` of EncoderDecoder  

backbone.layer2.1.conv2.weight - torch.Size([128, 128, 3, 3]): 
KaimingInit: a=0, mode=fan_out, nonlinearity=relu, distribution =normal, bias=0 

backbone.layer2.1.bn2.weight - torch.Size([128]): 
The value is the same before and after calling `init_weights` of EncoderDecoder  

backbone.layer2.1.bn2.bias - torch.Size([128]): 
The value is the same before and after calling `init_weights` of EncoderDecoder  

backbone.layer2.1.conv3.weight - torch.Size([512, 128, 1, 1]): 
KaimingInit: a=0, mode=fan_out, nonlinearity=relu, distribution =normal, bias=0 

backbone.layer2.1.bn3.weight - torch.Size([512]): 
ConstantInit: val=0, bias=0 

backbone.layer2.1.bn3.bias - torch.Size([512]): 
The value is the same before and after calling `init_weights` of EncoderDecoder  

backbone.layer2.2.conv1.weight - torch.Size([128, 512, 1, 1]): 
KaimingInit: a=0, mode=fan_out, nonlinearity=relu, distribution =normal, bias=0 

backbone.layer2.2.bn1.weight - torch.Size([128]): 
The value is the same before and after calling `init_weights` of EncoderDecoder  

backbone.layer2.2.bn1.bias - torch.Size([128]): 
The value is the same before and after calling `init_weights` of EncoderDecoder  

backbone.layer2.2.conv2.weight - torch.Size([128, 128, 3, 3]): 
KaimingInit: a=0, mode=fan_out, nonlinearity=relu, distribution =normal, bias=0 

backbone.layer2.2.bn2.weight - torch.Size([128]): 
The value is the same before and after calling `init_weights` of EncoderDecoder  

backbone.layer2.2.bn2.bias - torch.Size([128]): 
The value is the same before and after calling `init_weights` of EncoderDecoder  

backbone.layer2.2.conv3.weight - torch.Size([512, 128, 1, 1]): 
KaimingInit: a=0, mode=fan_out, nonlinearity=relu, distribution =normal, bias=0 

backbone.layer2.2.bn3.weight - torch.Size([512]): 
ConstantInit: val=0, bias=0 

backbone.layer2.2.bn3.bias - torch.Size([512]): 
The value is the same before and after calling `init_weights` of EncoderDecoder  

backbone.layer2.3.conv1.weight - torch.Size([128, 512, 1, 1]): 
KaimingInit: a=0, mode=fan_out, nonlinearity=relu, distribution =normal, bias=0 

backbone.layer2.3.bn1.weight - torch.Size([128]): 
The value is the same before and after calling `init_weights` of EncoderDecoder  

backbone.layer2.3.bn1.bias - torch.Size([128]): 
The value is the same before and after calling `init_weights` of EncoderDecoder  

backbone.layer2.3.conv2.weight - torch.Size([128, 128, 3, 3]): 
KaimingInit: a=0, mode=fan_out, nonlinearity=relu, distribution =normal, bias=0 

backbone.layer2.3.bn2.weight - torch.Size([128]): 
The value is the same before and after calling `init_weights` of EncoderDecoder  

backbone.layer2.3.bn2.bias - torch.Size([128]): 
The value is the same before and after calling `init_weights` of EncoderDecoder  

backbone.layer2.3.conv3.weight - torch.Size([512, 128, 1, 1]): 
KaimingInit: a=0, mode=fan_out, nonlinearity=relu, distribution =normal, bias=0 

backbone.layer2.3.bn3.weight - torch.Size([512]): 
ConstantInit: val=0, bias=0 

backbone.layer2.3.bn3.bias - torch.Size([512]): 
The value is the same before and after calling `init_weights` of EncoderDecoder  

backbone.layer3.0.conv1.weight - torch.Size([256, 512, 1, 1]): 
KaimingInit: a=0, mode=fan_out, nonlinearity=relu, distribution =normal, bias=0 

backbone.layer3.0.bn1.weight - torch.Size([256]): 
The value is the same before and after calling `init_weights` of EncoderDecoder  

backbone.layer3.0.bn1.bias - torch.Size([256]): 
The value is the same before and after calling `init_weights` of EncoderDecoder  

backbone.layer3.0.conv2.weight - torch.Size([256, 256, 3, 3]): 
KaimingInit: a=0, mode=fan_out, nonlinearity=relu, distribution =normal, bias=0 

backbone.layer3.0.bn2.weight - torch.Size([256]): 
The value is the same before and after calling `init_weights` of EncoderDecoder  

backbone.layer3.0.bn2.bias - torch.Size([256]): 
The value is the same before and after calling `init_weights` of EncoderDecoder  

backbone.layer3.0.conv3.weight - torch.Size([1024, 256, 1, 1]): 
KaimingInit: a=0, mode=fan_out, nonlinearity=relu, distribution =normal, bias=0 

backbone.layer3.0.bn3.weight - torch.Size([1024]): 
ConstantInit: val=0, bias=0 

backbone.layer3.0.bn3.bias - torch.Size([1024]): 
The value is the same before and after calling `init_weights` of EncoderDecoder  

backbone.layer3.0.downsample.0.weight - torch.Size([1024, 512, 1, 1]): 
KaimingInit: a=0, mode=fan_out, nonlinearity=relu, distribution =normal, bias=0 

backbone.layer3.0.downsample.1.weight - torch.Size([1024]): 
The value is the same before and after calling `init_weights` of EncoderDecoder  

backbone.layer3.0.downsample.1.bias - torch.Size([1024]): 
The value is the same before and after calling `init_weights` of EncoderDecoder  

backbone.layer3.1.conv1.weight - torch.Size([256, 1024, 1, 1]): 
KaimingInit: a=0, mode=fan_out, nonlinearity=relu, distribution =normal, bias=0 

backbone.layer3.1.bn1.weight - torch.Size([256]): 
The value is the same before and after calling `init_weights` of EncoderDecoder  

backbone.layer3.1.bn1.bias - torch.Size([256]): 
The value is the same before and after calling `init_weights` of EncoderDecoder  

backbone.layer3.1.conv2.weight - torch.Size([256, 256, 3, 3]): 
KaimingInit: a=0, mode=fan_out, nonlinearity=relu, distribution =normal, bias=0 

backbone.layer3.1.bn2.weight - torch.Size([256]): 
The value is the same before and after calling `init_weights` of EncoderDecoder  

backbone.layer3.1.bn2.bias - torch.Size([256]): 
The value is the same before and after calling `init_weights` of EncoderDecoder  

backbone.layer3.1.conv3.weight - torch.Size([1024, 256, 1, 1]): 
KaimingInit: a=0, mode=fan_out, nonlinearity=relu, distribution =normal, bias=0 

backbone.layer3.1.bn3.weight - torch.Size([1024]): 
ConstantInit: val=0, bias=0 

backbone.layer3.1.bn3.bias - torch.Size([1024]): 
The value is the same before and after calling `init_weights` of EncoderDecoder  

backbone.layer3.2.conv1.weight - torch.Size([256, 1024, 1, 1]): 
KaimingInit: a=0, mode=fan_out, nonlinearity=relu, distribution =normal, bias=0 

backbone.layer3.2.bn1.weight - torch.Size([256]): 
The value is the same before and after calling `init_weights` of EncoderDecoder  

backbone.layer3.2.bn1.bias - torch.Size([256]): 
The value is the same before and after calling `init_weights` of EncoderDecoder  

backbone.layer3.2.conv2.weight - torch.Size([256, 256, 3, 3]): 
KaimingInit: a=0, mode=fan_out, nonlinearity=relu, distribution =normal, bias=0 

backbone.layer3.2.bn2.weight - torch.Size([256]): 
The value is the same before and after calling `init_weights` of EncoderDecoder  

backbone.layer3.2.bn2.bias - torch.Size([256]): 
The value is the same before and after calling `init_weights` of EncoderDecoder  

backbone.layer3.2.conv3.weight - torch.Size([1024, 256, 1, 1]): 
KaimingInit: a=0, mode=fan_out, nonlinearity=relu, distribution =normal, bias=0 

backbone.layer3.2.bn3.weight - torch.Size([1024]): 
ConstantInit: val=0, bias=0 

backbone.layer3.2.bn3.bias - torch.Size([1024]): 
The value is the same before and after calling `init_weights` of EncoderDecoder  

backbone.layer3.3.conv1.weight - torch.Size([256, 1024, 1, 1]): 
KaimingInit: a=0, mode=fan_out, nonlinearity=relu, distribution =normal, bias=0 

backbone.layer3.3.bn1.weight - torch.Size([256]): 
The value is the same before and after calling `init_weights` of EncoderDecoder  

backbone.layer3.3.bn1.bias - torch.Size([256]): 
The value is the same before and after calling `init_weights` of EncoderDecoder  

backbone.layer3.3.conv2.weight - torch.Size([256, 256, 3, 3]): 
KaimingInit: a=0, mode=fan_out, nonlinearity=relu, distribution =normal, bias=0 

backbone.layer3.3.bn2.weight - torch.Size([256]): 
The value is the same before and after calling `init_weights` of EncoderDecoder  

backbone.layer3.3.bn2.bias - torch.Size([256]): 
The value is the same before and after calling `init_weights` of EncoderDecoder  

backbone.layer3.3.conv3.weight - torch.Size([1024, 256, 1, 1]): 
KaimingInit: a=0, mode=fan_out, nonlinearity=relu, distribution =normal, bias=0 

backbone.layer3.3.bn3.weight - torch.Size([1024]): 
ConstantInit: val=0, bias=0 

backbone.layer3.3.bn3.bias - torch.Size([1024]): 
The value is the same before and after calling `init_weights` of EncoderDecoder  

backbone.layer3.4.conv1.weight - torch.Size([256, 1024, 1, 1]): 
KaimingInit: a=0, mode=fan_out, nonlinearity=relu, distribution =normal, bias=0 

backbone.layer3.4.bn1.weight - torch.Size([256]): 
The value is the same before and after calling `init_weights` of EncoderDecoder  

backbone.layer3.4.bn1.bias - torch.Size([256]): 
The value is the same before and after calling `init_weights` of EncoderDecoder  

backbone.layer3.4.conv2.weight - torch.Size([256, 256, 3, 3]): 
KaimingInit: a=0, mode=fan_out, nonlinearity=relu, distribution =normal, bias=0 

backbone.layer3.4.bn2.weight - torch.Size([256]): 
The value is the same before and after calling `init_weights` of EncoderDecoder  

backbone.layer3.4.bn2.bias - torch.Size([256]): 
The value is the same before and after calling `init_weights` of EncoderDecoder  

backbone.layer3.4.conv3.weight - torch.Size([1024, 256, 1, 1]): 
KaimingInit: a=0, mode=fan_out, nonlinearity=relu, distribution =normal, bias=0 

backbone.layer3.4.bn3.weight - torch.Size([1024]): 
ConstantInit: val=0, bias=0 

backbone.layer3.4.bn3.bias - torch.Size([1024]): 
The value is the same before and after calling `init_weights` of EncoderDecoder  

backbone.layer3.5.conv1.weight - torch.Size([256, 1024, 1, 1]): 
KaimingInit: a=0, mode=fan_out, nonlinearity=relu, distribution =normal, bias=0 

backbone.layer3.5.bn1.weight - torch.Size([256]): 
The value is the same before and after calling `init_weights` of EncoderDecoder  

backbone.layer3.5.bn1.bias - torch.Size([256]): 
The value is the same before and after calling `init_weights` of EncoderDecoder  

backbone.layer3.5.conv2.weight - torch.Size([256, 256, 3, 3]): 
KaimingInit: a=0, mode=fan_out, nonlinearity=relu, distribution =normal, bias=0 

backbone.layer3.5.bn2.weight - torch.Size([256]): 
The value is the same before and after calling `init_weights` of EncoderDecoder  

backbone.layer3.5.bn2.bias - torch.Size([256]): 
The value is the same before and after calling `init_weights` of EncoderDecoder  

backbone.layer3.5.conv3.weight - torch.Size([1024, 256, 1, 1]): 
KaimingInit: a=0, mode=fan_out, nonlinearity=relu, distribution =normal, bias=0 

backbone.layer3.5.bn3.weight - torch.Size([1024]): 
ConstantInit: val=0, bias=0 

backbone.layer3.5.bn3.bias - torch.Size([1024]): 
The value is the same before and after calling `init_weights` of EncoderDecoder  

backbone.layer4.0.conv1.weight - torch.Size([512, 1024, 1, 1]): 
KaimingInit: a=0, mode=fan_out, nonlinearity=relu, distribution =normal, bias=0 

backbone.layer4.0.bn1.weight - torch.Size([512]): 
The value is the same before and after calling `init_weights` of EncoderDecoder  

backbone.layer4.0.bn1.bias - torch.Size([512]): 
The value is the same before and after calling `init_weights` of EncoderDecoder  

backbone.layer4.0.conv2.weight - torch.Size([512, 512, 3, 3]): 
KaimingInit: a=0, mode=fan_out, nonlinearity=relu, distribution =normal, bias=0 

backbone.layer4.0.bn2.weight - torch.Size([512]): 
The value is the same before and after calling `init_weights` of EncoderDecoder  

backbone.layer4.0.bn2.bias - torch.Size([512]): 
The value is the same before and after calling `init_weights` of EncoderDecoder  

backbone.layer4.0.conv3.weight - torch.Size([2048, 512, 1, 1]): 
KaimingInit: a=0, mode=fan_out, nonlinearity=relu, distribution =normal, bias=0 

backbone.layer4.0.bn3.weight - torch.Size([2048]): 
ConstantInit: val=0, bias=0 

backbone.layer4.0.bn3.bias - torch.Size([2048]): 
The value is the same before and after calling `init_weights` of EncoderDecoder  

backbone.layer4.0.downsample.0.weight - torch.Size([2048, 1024, 1, 1]): 
KaimingInit: a=0, mode=fan_out, nonlinearity=relu, distribution =normal, bias=0 

backbone.layer4.0.downsample.1.weight - torch.Size([2048]): 
The value is the same before and after calling `init_weights` of EncoderDecoder  

backbone.layer4.0.downsample.1.bias - torch.Size([2048]): 
The value is the same before and after calling `init_weights` of EncoderDecoder  

backbone.layer4.1.conv1.weight - torch.Size([512, 2048, 1, 1]): 
KaimingInit: a=0, mode=fan_out, nonlinearity=relu, distribution =normal, bias=0 

backbone.layer4.1.bn1.weight - torch.Size([512]): 
The value is the same before and after calling `init_weights` of EncoderDecoder  

backbone.layer4.1.bn1.bias - torch.Size([512]): 
The value is the same before and after calling `init_weights` of EncoderDecoder  

backbone.layer4.1.conv2.weight - torch.Size([512, 512, 3, 3]): 
KaimingInit: a=0, mode=fan_out, nonlinearity=relu, distribution =normal, bias=0 

backbone.layer4.1.bn2.weight - torch.Size([512]): 
The value is the same before and after calling `init_weights` of EncoderDecoder  

backbone.layer4.1.bn2.bias - torch.Size([512]): 
The value is the same before and after calling `init_weights` of EncoderDecoder  

backbone.layer4.1.conv3.weight - torch.Size([2048, 512, 1, 1]): 
KaimingInit: a=0, mode=fan_out, nonlinearity=relu, distribution =normal, bias=0 

backbone.layer4.1.bn3.weight - torch.Size([2048]): 
ConstantInit: val=0, bias=0 

backbone.layer4.1.bn3.bias - torch.Size([2048]): 
The value is the same before and after calling `init_weights` of EncoderDecoder  

backbone.layer4.2.conv1.weight - torch.Size([512, 2048, 1, 1]): 
KaimingInit: a=0, mode=fan_out, nonlinearity=relu, distribution =normal, bias=0 

backbone.layer4.2.bn1.weight - torch.Size([512]): 
The value is the same before and after calling `init_weights` of EncoderDecoder  

backbone.layer4.2.bn1.bias - torch.Size([512]): 
The value is the same before and after calling `init_weights` of EncoderDecoder  

backbone.layer4.2.conv2.weight - torch.Size([512, 512, 3, 3]): 
KaimingInit: a=0, mode=fan_out, nonlinearity=relu, distribution =normal, bias=0 

backbone.layer4.2.bn2.weight - torch.Size([512]): 
The value is the same before and after calling `init_weights` of EncoderDecoder  

backbone.layer4.2.bn2.bias - torch.Size([512]): 
The value is the same before and after calling `init_weights` of EncoderDecoder  

backbone.layer4.2.conv3.weight - torch.Size([2048, 512, 1, 1]): 
KaimingInit: a=0, mode=fan_out, nonlinearity=relu, distribution =normal, bias=0 

backbone.layer4.2.bn3.weight - torch.Size([2048]): 
ConstantInit: val=0, bias=0 

backbone.layer4.2.bn3.bias - torch.Size([2048]): 
The value is the same before and after calling `init_weights` of EncoderDecoder  

decode_head.conv_seg.weight - torch.Size([7, 512, 1, 1]): 
NormalInit: mean=0, std=0.01, bias=0 

decode_head.conv_seg.bias - torch.Size([7]): 
NormalInit: mean=0, std=0.01, bias=0 

decode_head.image_pool.1.conv.weight - torch.Size([512, 2048, 1, 1]): 
The value is the same before and after calling `init_weights` of EncoderDecoder  

decode_head.image_pool.1.bn.weight - torch.Size([512]): 
The value is the same before and after calling `init_weights` of EncoderDecoder  

decode_head.image_pool.1.bn.bias - torch.Size([512]): 
The value is the same before and after calling `init_weights` of EncoderDecoder  

decode_head.aspp_modules.0.conv.weight - torch.Size([512, 2048, 1, 1]): 
The value is the same before and after calling `init_weights` of EncoderDecoder  

decode_head.aspp_modules.0.bn.weight - torch.Size([512]): 
The value is the same before and after calling `init_weights` of EncoderDecoder  

decode_head.aspp_modules.0.bn.bias - torch.Size([512]): 
The value is the same before and after calling `init_weights` of EncoderDecoder  

decode_head.aspp_modules.1.depthwise_conv.conv.weight - torch.Size([2048, 1, 3, 3]): 
The value is the same before and after calling `init_weights` of EncoderDecoder  

decode_head.aspp_modules.1.depthwise_conv.bn.weight - torch.Size([2048]): 
The value is the same before and after calling `init_weights` of EncoderDecoder  

decode_head.aspp_modules.1.depthwise_conv.bn.bias - torch.Size([2048]): 
The value is the same before and after calling `init_weights` of EncoderDecoder  

decode_head.aspp_modules.1.pointwise_conv.conv.weight - torch.Size([512, 2048, 1, 1]): 
The value is the same before and after calling `init_weights` of EncoderDecoder  

decode_head.aspp_modules.1.pointwise_conv.bn.weight - torch.Size([512]): 
The value is the same before and after calling `init_weights` of EncoderDecoder  

decode_head.aspp_modules.1.pointwise_conv.bn.bias - torch.Size([512]): 
The value is the same before and after calling `init_weights` of EncoderDecoder  

decode_head.aspp_modules.2.depthwise_conv.conv.weight - torch.Size([2048, 1, 3, 3]): 
The value is the same before and after calling `init_weights` of EncoderDecoder  

decode_head.aspp_modules.2.depthwise_conv.bn.weight - torch.Size([2048]): 
The value is the same before and after calling `init_weights` of EncoderDecoder  

decode_head.aspp_modules.2.depthwise_conv.bn.bias - torch.Size([2048]): 
The value is the same before and after calling `init_weights` of EncoderDecoder  

decode_head.aspp_modules.2.pointwise_conv.conv.weight - torch.Size([512, 2048, 1, 1]): 
The value is the same before and after calling `init_weights` of EncoderDecoder  

decode_head.aspp_modules.2.pointwise_conv.bn.weight - torch.Size([512]): 
The value is the same before and after calling `init_weights` of EncoderDecoder  

decode_head.aspp_modules.2.pointwise_conv.bn.bias - torch.Size([512]): 
The value is the same before and after calling `init_weights` of EncoderDecoder  

decode_head.aspp_modules.3.depthwise_conv.conv.weight - torch.Size([2048, 1, 3, 3]): 
The value is the same before and after calling `init_weights` of EncoderDecoder  

decode_head.aspp_modules.3.depthwise_conv.bn.weight - torch.Size([2048]): 
The value is the same before and after calling `init_weights` of EncoderDecoder  

decode_head.aspp_modules.3.depthwise_conv.bn.bias - torch.Size([2048]): 
The value is the same before and after calling `init_weights` of EncoderDecoder  

decode_head.aspp_modules.3.pointwise_conv.conv.weight - torch.Size([512, 2048, 1, 1]): 
The value is the same before and after calling `init_weights` of EncoderDecoder  

decode_head.aspp_modules.3.pointwise_conv.bn.weight - torch.Size([512]): 
The value is the same before and after calling `init_weights` of EncoderDecoder  

decode_head.aspp_modules.3.pointwise_conv.bn.bias - torch.Size([512]): 
The value is the same before and after calling `init_weights` of EncoderDecoder  

decode_head.bottleneck.conv.weight - torch.Size([512, 2560, 3, 3]): 
Initialized by user-defined `init_weights` in ConvModule  

decode_head.bottleneck.bn.weight - torch.Size([512]): 
The value is the same before and after calling `init_weights` of EncoderDecoder  

decode_head.bottleneck.bn.bias - torch.Size([512]): 
The value is the same before and after calling `init_weights` of EncoderDecoder  

decode_head.c1_bottleneck.conv.weight - torch.Size([48, 256, 1, 1]): 
Initialized by user-defined `init_weights` in ConvModule  

decode_head.c1_bottleneck.bn.weight - torch.Size([48]): 
The value is the same before and after calling `init_weights` of EncoderDecoder  

decode_head.c1_bottleneck.bn.bias - torch.Size([48]): 
The value is the same before and after calling `init_weights` of EncoderDecoder  

decode_head.sep_bottleneck.0.depthwise_conv.conv.weight - torch.Size([560, 1, 3, 3]): 
The value is the same before and after calling `init_weights` of EncoderDecoder  

decode_head.sep_bottleneck.0.depthwise_conv.bn.weight - torch.Size([560]): 
The value is the same before and after calling `init_weights` of EncoderDecoder  

decode_head.sep_bottleneck.0.depthwise_conv.bn.bias - torch.Size([560]): 
The value is the same before and after calling `init_weights` of EncoderDecoder  

decode_head.sep_bottleneck.0.pointwise_conv.conv.weight - torch.Size([512, 560, 1, 1]): 
The value is the same before and after calling `init_weights` of EncoderDecoder  

decode_head.sep_bottleneck.0.pointwise_conv.bn.weight - torch.Size([512]): 
The value is the same before and after calling `init_weights` of EncoderDecoder  

decode_head.sep_bottleneck.0.pointwise_conv.bn.bias - torch.Size([512]): 
The value is the same before and after calling `init_weights` of EncoderDecoder  

decode_head.sep_bottleneck.1.depthwise_conv.conv.weight - torch.Size([512, 1, 3, 3]): 
The value is the same before and after calling `init_weights` of EncoderDecoder  

decode_head.sep_bottleneck.1.depthwise_conv.bn.weight - torch.Size([512]): 
The value is the same before and after calling `init_weights` of EncoderDecoder  

decode_head.sep_bottleneck.1.depthwise_conv.bn.bias - torch.Size([512]): 
The value is the same before and after calling `init_weights` of EncoderDecoder  

decode_head.sep_bottleneck.1.pointwise_conv.conv.weight - torch.Size([512, 512, 1, 1]): 
The value is the same before and after calling `init_weights` of EncoderDecoder  

decode_head.sep_bottleneck.1.pointwise_conv.bn.weight - torch.Size([512]): 
The value is the same before and after calling `init_weights` of EncoderDecoder  

decode_head.sep_bottleneck.1.pointwise_conv.bn.bias - torch.Size([512]): 
The value is the same before and after calling `init_weights` of EncoderDecoder  

auxiliary_head.conv_seg.weight - torch.Size([7, 256, 1, 1]): 
NormalInit: mean=0, std=0.01, bias=0 

auxiliary_head.conv_seg.bias - torch.Size([7]): 
NormalInit: mean=0, std=0.01, bias=0 

auxiliary_head.convs.0.conv.weight - torch.Size([256, 1024, 3, 3]): 
The value is the same before and after calling `init_weights` of EncoderDecoder  

auxiliary_head.convs.0.bn.weight - torch.Size([256]): 
The value is the same before and after calling `init_weights` of EncoderDecoder  

auxiliary_head.convs.0.bn.bias - torch.Size([256]): 
The value is the same before and after calling `init_weights` of EncoderDecoder  
2025/05/31 02:34:40 - mmengine - WARNING - "FileClient" will be deprecated in future. Please use io functions in https://mmengine.readthedocs.io/en/latest/api/fileio.html#file-io
2025/05/31 02:34:40 - mmengine - WARNING - "HardDiskBackend" is the alias of "LocalBackend" and the former will be deprecated in future.
2025/05/31 02:34:40 - mmengine - INFO - Checkpoints will be saved to /mnt/d/Github Project/mmsegmentation/mmsegmentation/work_dirs/7MINC.
2025/05/31 02:36:28 - mmengine - INFO - Epoch(train) [1][ 50/157]  lr: 9.9854e-03  eta: 17:59:02  time: 0.6666  data_time: 0.0194  memory: 22184  loss: 0.3995  decode.loss_ce: 0.2838  decode.acc_seg: 49.4586  aux.loss_ce: 0.1156  aux.acc_seg: 44.6476
2025/05/31 02:37:01 - mmengine - INFO - Epoch(train) [1][100/157]  lr: 9.9706e-03  eta: 11:40:49  time: 0.6709  data_time: 0.0196  memory: 22185  loss: 0.4860  decode.loss_ce: 0.3492  decode.acc_seg: 11.5040  aux.loss_ce: 0.1368  aux.acc_seg: 33.7044
2025/05/31 02:37:34 - mmengine - INFO - Epoch(train) [1][150/157]  lr: 9.9557e-03  eta: 9:34:43  time: 0.6639  data_time: 0.0191  memory: 22184  loss: 0.4126  decode.loss_ce: 0.2997  decode.acc_seg: 4.8734  aux.loss_ce: 0.1129  aux.acc_seg: 6.3548
2025/05/31 02:37:38 - mmengine - INFO - Exp name: 7_minc_deeplabv3plusplus_20250531_023432
2025/05/31 02:38:06 - mmengine - INFO - Epoch(train) [1][200/157]  lr: 9.9409e-03  eta: 8:30:58  time: 0.6635  data_time: 0.0195  memory: 22184  loss: 0.4009  decode.loss_ce: 0.2871  decode.acc_seg: 83.7075  aux.loss_ce: 0.1138  aux.acc_seg: 80.3307
2025/05/31 02:38:38 - mmengine - INFO - Epoch(train) [1][250/157]  lr: 9.9260e-03  eta: 7:51:55  time: 0.6633  data_time: 0.0197  memory: 22184  loss: 0.3205  decode.loss_ce: 0.2311  decode.acc_seg: 9.1270  aux.loss_ce: 0.0894  aux.acc_seg: 27.6711
2025/05/31 02:39:12 - mmengine - INFO - Epoch(train) [1][300/157]  lr: 9.9111e-03  eta: 7:28:28  time: 0.6612  data_time: 0.0194  memory: 22184  loss: 0.4349  decode.loss_ce: 0.3119  decode.acc_seg: 44.6828  aux.loss_ce: 0.1229  aux.acc_seg: 55.1806
2025/05/31 02:39:45 - mmengine - INFO - Epoch(train) [1][350/157]  lr: 9.8963e-03  eta: 7:10:08  time: 0.6757  data_time: 0.0193  memory: 22184  loss: 0.4133  decode.loss_ce: 0.2975  decode.acc_seg: 57.2740  aux.loss_ce: 0.1158  aux.acc_seg: 42.5452
2025/05/31 02:40:17 - mmengine - INFO - Epoch(train) [1][400/157]  lr: 9.8814e-03  eta: 6:55:42  time: 0.6478  data_time: 0.0196  memory: 22184  loss: 0.4988  decode.loss_ce: 0.3664  decode.acc_seg: 28.3076  aux.loss_ce: 0.1324  aux.acc_seg: 30.0831
2025/05/31 02:40:49 - mmengine - INFO - Epoch(train) [1][450/157]  lr: 9.8665e-03  eta: 6:43:46  time: 0.6438  data_time: 0.0192  memory: 22185  loss: 0.4485  decode.loss_ce: 0.3223  decode.acc_seg: 21.0863  aux.loss_ce: 0.1262  aux.acc_seg: 19.8154
2025/05/31 02:41:21 - mmengine - INFO - Epoch(train) [1][500/157]  lr: 9.8517e-03  eta: 6:34:01  time: 0.6444  data_time: 0.0196  memory: 22184  loss: 0.4368  decode.loss_ce: 0.3127  decode.acc_seg: 34.2825  aux.loss_ce: 0.1241  aux.acc_seg: 59.4922
2025/05/31 02:41:53 - mmengine - INFO - Epoch(train) [1][550/157]  lr: 9.8368e-03  eta: 6:26:08  time: 0.6451  data_time: 0.0193  memory: 22184  loss: 0.6296  decode.loss_ce: 0.4512  decode.acc_seg: 45.0466  aux.loss_ce: 0.1783  aux.acc_seg: 57.5731
2025/05/31 02:42:25 - mmengine - INFO - Epoch(train) [1][600/157]  lr: 9.8219e-03  eta: 6:19:33  time: 0.6515  data_time: 0.0195  memory: 22184  loss: 0.3517  decode.loss_ce: 0.2534  decode.acc_seg: 19.7105  aux.loss_ce: 0.0983  aux.acc_seg: 24.2829
2025/05/31 02:42:57 - mmengine - INFO - Epoch(train) [1][650/157]  lr: 9.8070e-03  eta: 6:13:52  time: 0.6468  data_time: 0.0195  memory: 22184  loss: 0.4852  decode.loss_ce: 0.3484  decode.acc_seg: 13.8811  aux.loss_ce: 0.1367  aux.acc_seg: 13.2099
2025/05/31 02:43:30 - mmengine - INFO - Epoch(train) [1][700/157]  lr: 9.7921e-03  eta: 6:09:08  time: 0.6536  data_time: 0.0197  memory: 22184  loss: 0.4010  decode.loss_ce: 0.2886  decode.acc_seg: 37.4520  aux.loss_ce: 0.1123  aux.acc_seg: 13.7490
2025/05/31 02:44:01 - mmengine - INFO - Epoch(train) [1][750/157]  lr: 9.7773e-03  eta: 6:04:43  time: 0.6457  data_time: 0.0196  memory: 22184  loss: 0.3732  decode.loss_ce: 0.2621  decode.acc_seg: 51.1945  aux.loss_ce: 0.1111  aux.acc_seg: 33.0202
2025/05/31 02:44:34 - mmengine - INFO - Epoch(train) [1][800/157]  lr: 9.7624e-03  eta: 6:00:51  time: 0.6568  data_time: 0.0194  memory: 22184  loss: 0.4044  decode.loss_ce: 0.2904  decode.acc_seg: 32.6974  aux.loss_ce: 0.1140  aux.acc_seg: 22.5254
2025/05/31 02:45:05 - mmengine - INFO - Epoch(train) [1][850/157]  lr: 9.7475e-03  eta: 5:57:16  time: 0.6533  data_time: 0.0197  memory: 22184  loss: 0.5044  decode.loss_ce: 0.3669  decode.acc_seg: 31.8963  aux.loss_ce: 0.1375  aux.acc_seg: 24.1942
2025/05/31 02:45:38 - mmengine - INFO - Epoch(train) [1][900/157]  lr: 9.7326e-03  eta: 5:54:11  time: 0.6523  data_time: 0.0199  memory: 22185  loss: 0.5322  decode.loss_ce: 0.3844  decode.acc_seg: 16.2186  aux.loss_ce: 0.1477  aux.acc_seg: 16.3989
2025/05/31 02:46:10 - mmengine - INFO - Epoch(train) [1][950/157]  lr: 9.7177e-03  eta: 5:51:16  time: 0.6533  data_time: 0.0199  memory: 22184  loss: 0.3821  decode.loss_ce: 0.2741  decode.acc_seg: 30.8927  aux.loss_ce: 0.1080  aux.acc_seg: 38.4224
2025/05/31 02:46:42 - mmengine - INFO - Exp name: 7_minc_deeplabv3plusplus_20250531_023432
2025/05/31 02:46:42 - mmengine - INFO - Epoch(train) [1][1000/157]  lr: 9.7028e-03  eta: 5:48:44  time: 0.6498  data_time: 0.0203  memory: 22184  loss: 0.4043  decode.loss_ce: 0.2936  decode.acc_seg: 24.4741  aux.loss_ce: 0.1107  aux.acc_seg: 31.3724
2025/05/31 02:47:14 - mmengine - INFO - Epoch(train) [1][1050/157]  lr: 9.6879e-03  eta: 5:46:20  time: 0.6525  data_time: 0.0205  memory: 22184  loss: 0.5118  decode.loss_ce: 0.3662  decode.acc_seg: 44.6650  aux.loss_ce: 0.1456  aux.acc_seg: 41.2051
2025/05/31 02:47:46 - mmengine - INFO - Epoch(train) [1][1100/157]  lr: 9.6730e-03  eta: 5:44:08  time: 0.6604  data_time: 0.0204  memory: 22184  loss: 0.5235  decode.loss_ce: 0.3799  decode.acc_seg: 22.2703  aux.loss_ce: 0.1436  aux.acc_seg: 27.5509
2025/05/31 02:48:18 - mmengine - INFO - Epoch(train) [1][1150/157]  lr: 9.6581e-03  eta: 5:42:04  time: 0.6585  data_time: 0.0204  memory: 22183  loss: 0.5779  decode.loss_ce: 0.4150  decode.acc_seg: 1.2325  aux.loss_ce: 0.1630  aux.acc_seg: 2.4860
2025/05/31 02:48:51 - mmengine - INFO - Epoch(train) [1][1200/157]  lr: 9.6432e-03  eta: 5:40:11  time: 0.6586  data_time: 0.0205  memory: 22184  loss: 0.3552  decode.loss_ce: 0.2514  decode.acc_seg: 52.9251  aux.loss_ce: 0.1037  aux.acc_seg: 64.1921
2025/05/31 02:49:23 - mmengine - INFO - Epoch(train) [1][1250/157]  lr: 9.6283e-03  eta: 5:38:22  time: 0.6560  data_time: 0.0203  memory: 22185  loss: 0.3009  decode.loss_ce: 0.2209  decode.acc_seg: 49.3925  aux.loss_ce: 0.0801  aux.acc_seg: 49.4812
2025/05/31 02:49:55 - mmengine - INFO - Epoch(train) [1][1300/157]  lr: 9.6133e-03  eta: 5:36:33  time: 0.6553  data_time: 0.0203  memory: 22184  loss: 0.4963  decode.loss_ce: 0.3561  decode.acc_seg: 48.0718  aux.loss_ce: 0.1402  aux.acc_seg: 39.4987
2025/05/31 02:50:28 - mmengine - INFO - Epoch(train) [1][1350/157]  lr: 9.5984e-03  eta: 5:35:00  time: 0.6662  data_time: 0.0203  memory: 22184  loss: 0.4609  decode.loss_ce: 0.3306  decode.acc_seg: 17.2278  aux.loss_ce: 0.1303  aux.acc_seg: 18.0319
2025/05/31 02:51:00 - mmengine - INFO - Epoch(train) [1][1400/157]  lr: 9.5835e-03  eta: 5:33:22  time: 0.6492  data_time: 0.0204  memory: 22184  loss: 0.4414  decode.loss_ce: 0.3165  decode.acc_seg: 45.2021  aux.loss_ce: 0.1249  aux.acc_seg: 31.8120
2025/05/31 02:51:32 - mmengine - INFO - Epoch(train) [1][1450/157]  lr: 9.5686e-03  eta: 5:31:50  time: 0.6587  data_time: 0.0206  memory: 22184  loss: 0.4182  decode.loss_ce: 0.3028  decode.acc_seg: 26.7541  aux.loss_ce: 0.1154  aux.acc_seg: 16.2446
2025/05/31 02:52:04 - mmengine - INFO - Epoch(train) [1][1500/157]  lr: 9.5536e-03  eta: 5:30:23  time: 0.6619  data_time: 0.0206  memory: 22184  loss: 0.4690  decode.loss_ce: 0.3380  decode.acc_seg: 20.7715  aux.loss_ce: 0.1310  aux.acc_seg: 31.8927
2025/05/31 02:52:36 - mmengine - INFO - Epoch(train) [1][1550/157]  lr: 9.5387e-03  eta: 5:28:59  time: 0.6549  data_time: 0.0201  memory: 22184  loss: 0.4246  decode.loss_ce: 0.3037  decode.acc_seg: 10.7009  aux.loss_ce: 0.1208  aux.acc_seg: 14.0320
2025/05/31 02:53:08 - mmengine - INFO - Epoch(train) [1][1600/157]  lr: 9.5238e-03  eta: 5:27:39  time: 0.6570  data_time: 0.0204  memory: 22185  loss: 0.4536  decode.loss_ce: 0.3280  decode.acc_seg: 49.6667  aux.loss_ce: 0.1256  aux.acc_seg: 47.4768
2025/05/31 02:53:40 - mmengine - INFO - Epoch(train) [1][1650/157]  lr: 9.5089e-03  eta: 5:26:23  time: 0.6477  data_time: 0.0204  memory: 22184  loss: 0.5073  decode.loss_ce: 0.3643  decode.acc_seg: 32.2405  aux.loss_ce: 0.1430  aux.acc_seg: 22.2047
2025/05/31 02:54:12 - mmengine - INFO - Epoch(train) [1][1700/157]  lr: 9.4939e-03  eta: 5:25:06  time: 0.6525  data_time: 0.0206  memory: 22184  loss: 0.3963  decode.loss_ce: 0.2827  decode.acc_seg: 77.7196  aux.loss_ce: 0.1136  aux.acc_seg: 72.4104
2025/05/31 02:54:44 - mmengine - INFO - Epoch(train) [1][1750/157]  lr: 9.4790e-03  eta: 5:23:52  time: 0.6497  data_time: 0.0205  memory: 22184  loss: 0.4039  decode.loss_ce: 0.2881  decode.acc_seg: 33.9521  aux.loss_ce: 0.1157  aux.acc_seg: 15.7683
2025/05/31 02:55:16 - mmengine - INFO - Epoch(train) [1][1800/157]  lr: 9.4640e-03  eta: 5:22:43  time: 0.6538  data_time: 0.0204  memory: 22184  loss: 0.5388  decode.loss_ce: 0.3877  decode.acc_seg: 23.2296  aux.loss_ce: 0.1511  aux.acc_seg: 26.5782
2025/05/31 02:55:48 - mmengine - INFO - Epoch(train) [1][1850/157]  lr: 9.4491e-03  eta: 5:21:33  time: 0.6536  data_time: 0.0203  memory: 22184  loss: 0.4798  decode.loss_ce: 0.3513  decode.acc_seg: 24.9501  aux.loss_ce: 0.1285  aux.acc_seg: 48.3144
2025/05/31 02:56:20 - mmengine - INFO - Epoch(train) [1][1900/157]  lr: 9.4342e-03  eta: 5:20:27  time: 0.6547  data_time: 0.0201  memory: 22184  loss: 0.3366  decode.loss_ce: 0.2388  decode.acc_seg: 39.4340  aux.loss_ce: 0.0978  aux.acc_seg: 60.1392
2025/05/31 02:56:56 - mmengine - INFO - Epoch(train) [1][1950/157]  lr: 9.4192e-03  eta: 5:20:17  time: 0.6551  data_time: 0.0198  memory: 22184  loss: 0.3629  decode.loss_ce: 0.2594  decode.acc_seg: 14.6408  aux.loss_ce: 0.1035  aux.acc_seg: 14.9823
2025/05/31 02:57:29 - mmengine - INFO - Exp name: 7_minc_deeplabv3plusplus_20250531_023432
2025/05/31 02:57:29 - mmengine - INFO - Epoch(train) [1][2000/157]  lr: 9.4042e-03  eta: 5:19:14  time: 0.6583  data_time: 0.0199  memory: 22184  loss: 0.4752  decode.loss_ce: 0.3409  decode.acc_seg: 41.8450  aux.loss_ce: 0.1343  aux.acc_seg: 34.0625
2025/05/31 02:58:01 - mmengine - INFO - Epoch(train) [1][2050/157]  lr: 9.3893e-03  eta: 5:18:12  time: 0.6561  data_time: 0.0196  memory: 22184  loss: 0.4555  decode.loss_ce: 0.3288  decode.acc_seg: 50.3795  aux.loss_ce: 0.1267  aux.acc_seg: 64.8541
2025/05/31 02:58:33 - mmengine - INFO - Epoch(train) [1][2100/157]  lr: 9.3743e-03  eta: 5:17:10  time: 0.6491  data_time: 0.0197  memory: 22184  loss: 0.4042  decode.loss_ce: 0.2917  decode.acc_seg: 75.2661  aux.loss_ce: 0.1126  aux.acc_seg: 83.8606
2025/05/31 02:59:05 - mmengine - INFO - Epoch(train) [1][2150/157]  lr: 9.3594e-03  eta: 5:16:10  time: 0.6543  data_time: 0.0201  memory: 22185  loss: 0.3411  decode.loss_ce: 0.2441  decode.acc_seg: 25.5480  aux.loss_ce: 0.0970  aux.acc_seg: 29.2339
2025/05/31 02:59:37 - mmengine - INFO - Epoch(train) [1][2200/157]  lr: 9.3444e-03  eta: 5:15:12  time: 0.6592  data_time: 0.0202  memory: 22184  loss: 0.3929  decode.loss_ce: 0.2820  decode.acc_seg: 79.5517  aux.loss_ce: 0.1109  aux.acc_seg: 78.2909
2025/05/31 03:00:09 - mmengine - INFO - Epoch(train) [1][2250/157]  lr: 9.3294e-03  eta: 5:14:14  time: 0.6535  data_time: 0.0197  memory: 22185  loss: 0.4171  decode.loss_ce: 0.2992  decode.acc_seg: 64.4352  aux.loss_ce: 0.1179  aux.acc_seg: 63.9134
2025/05/31 03:00:41 - mmengine - INFO - Epoch(train) [1][2300/157]  lr: 9.3145e-03  eta: 5:13:17  time: 0.6576  data_time: 0.0208  memory: 22184  loss: 0.4552  decode.loss_ce: 0.3272  decode.acc_seg: 9.6206  aux.loss_ce: 0.1280  aux.acc_seg: 11.7963
2025/05/31 03:01:14 - mmengine - INFO - Epoch(train) [1][2350/157]  lr: 9.2995e-03  eta: 5:12:29  time: 0.6731  data_time: 0.0199  memory: 22184  loss: 0.3390  decode.loss_ce: 0.2438  decode.acc_seg: 22.9296  aux.loss_ce: 0.0953  aux.acc_seg: 19.9408
2025/05/31 03:01:46 - mmengine - INFO - Epoch(train) [1][2400/157]  lr: 9.2845e-03  eta: 5:11:35  time: 0.6598  data_time: 0.0199  memory: 22185  loss: 0.4507  decode.loss_ce: 0.3242  decode.acc_seg: 47.1767  aux.loss_ce: 0.1265  aux.acc_seg: 68.6039
2025/05/31 03:02:18 - mmengine - INFO - Epoch(train) [1][2450/157]  lr: 9.2696e-03  eta: 5:10:42  time: 0.6584  data_time: 0.0199  memory: 22184  loss: 0.4695  decode.loss_ce: 0.3385  decode.acc_seg: 27.5280  aux.loss_ce: 0.1310  aux.acc_seg: 21.5260
2025/05/31 03:02:50 - mmengine - INFO - Epoch(train) [1][2500/157]  lr: 9.2546e-03  eta: 5:09:50  time: 0.6540  data_time: 0.0199  memory: 22184  loss: 0.4511  decode.loss_ce: 0.3226  decode.acc_seg: 53.0104  aux.loss_ce: 0.1285  aux.acc_seg: 37.6895
2025/05/31 03:03:23 - mmengine - INFO - Epoch(train) [1][2550/157]  lr: 9.2396e-03  eta: 5:08:59  time: 0.6577  data_time: 0.0201  memory: 22184  loss: 0.5524  decode.loss_ce: 0.3958  decode.acc_seg: 43.2731  aux.loss_ce: 0.1566  aux.acc_seg: 55.6639
2025/05/31 03:03:55 - mmengine - INFO - Epoch(train) [1][2600/157]  lr: 9.2246e-03  eta: 5:08:07  time: 0.6565  data_time: 0.0200  memory: 22184  loss: 0.4730  decode.loss_ce: 0.3379  decode.acc_seg: 46.1267  aux.loss_ce: 0.1351  aux.acc_seg: 44.7955
2025/05/31 03:04:27 - mmengine - INFO - Epoch(train) [1][2650/157]  lr: 9.2096e-03  eta: 5:07:15  time: 0.6507  data_time: 0.0204  memory: 22184  loss: 0.5133  decode.loss_ce: 0.3710  decode.acc_seg: 11.7843  aux.loss_ce: 0.1423  aux.acc_seg: 14.2590
2025/05/31 03:04:59 - mmengine - INFO - Epoch(train) [1][2700/157]  lr: 9.1946e-03  eta: 5:06:24  time: 0.6579  data_time: 0.0202  memory: 22184  loss: 0.4021  decode.loss_ce: 0.2880  decode.acc_seg: 26.6588  aux.loss_ce: 0.1141  aux.acc_seg: 41.9556
2025/05/31 03:05:30 - mmengine - INFO - Epoch(train) [1][2750/157]  lr: 9.1796e-03  eta: 5:05:32  time: 0.6553  data_time: 0.0194  memory: 22184  loss: 0.3805  decode.loss_ce: 0.2771  decode.acc_seg: 27.4635  aux.loss_ce: 0.1034  aux.acc_seg: 29.9657
2025/05/31 03:06:02 - mmengine - INFO - Epoch(train) [1][2800/157]  lr: 9.1647e-03  eta: 5:04:42  time: 0.6498  data_time: 0.0197  memory: 22184  loss: 0.4299  decode.loss_ce: 0.3087  decode.acc_seg: 16.8469  aux.loss_ce: 0.1212  aux.acc_seg: 22.4332
2025/05/31 03:06:35 - mmengine - INFO - Epoch(train) [1][2850/157]  lr: 9.1497e-03  eta: 5:03:55  time: 0.6555  data_time: 0.0195  memory: 22184  loss: 0.3930  decode.loss_ce: 0.2777  decode.acc_seg: 53.3658  aux.loss_ce: 0.1154  aux.acc_seg: 56.3433
2025/05/31 03:07:07 - mmengine - INFO - Epoch(train) [1][2900/157]  lr: 9.1347e-03  eta: 5:03:09  time: 0.6543  data_time: 0.0200  memory: 22184  loss: 0.4184  decode.loss_ce: 0.2987  decode.acc_seg: 20.6773  aux.loss_ce: 0.1197  aux.acc_seg: 17.4668
2025/05/31 03:07:39 - mmengine - INFO - Epoch(train) [1][2950/157]  lr: 9.1196e-03  eta: 5:02:20  time: 0.6445  data_time: 0.0203  memory: 22184  loss: 0.4248  decode.loss_ce: 0.3020  decode.acc_seg: 15.1991  aux.loss_ce: 0.1228  aux.acc_seg: 18.1052
2025/05/31 03:08:11 - mmengine - INFO - Exp name: 7_minc_deeplabv3plusplus_20250531_023432
2025/05/31 03:08:11 - mmengine - INFO - Epoch(train) [1][3000/157]  lr: 9.1046e-03  eta: 5:01:34  time: 0.6509  data_time: 0.0199  memory: 22184  loss: 0.4297  decode.loss_ce: 0.3071  decode.acc_seg: 21.2635  aux.loss_ce: 0.1226  aux.acc_seg: 24.0542
2025/05/31 03:08:11 - mmengine - INFO - Saving checkpoint at 3000 iterations
2025/05/31 03:08:22 - mmengine - INFO - Epoch(val) [0][ 50/217]    eta: 0:00:23  time: 0.0675  data_time: 0.0030  memory: 9013  
2025/05/31 03:08:25 - mmengine - INFO - Epoch(val) [0][100/217]    eta: 0:00:12  time: 0.0681  data_time: 0.0031  memory: 1634  
2025/05/31 03:08:28 - mmengine - INFO - Epoch(val) [0][150/217]    eta: 0:00:06  time: 0.0674  data_time: 0.0031  memory: 1634  
2025/05/31 03:08:32 - mmengine - INFO - Epoch(val) [0][200/217]    eta: 0:00:01  time: 0.0680  data_time: 0.0031  memory: 1634  
2025/05/31 03:08:33 - mmengine - INFO - per class results:
2025/05/31 03:08:33 - mmengine - INFO - 
+---------+-------+-------+
|  Class  |  IoU  |  Acc  |
+---------+-------+-------+
|  fabric | 27.59 | 55.83 |
|  glass  |  1.53 |  1.61 |
| leather |  0.0  |  0.0  |
|  metal  |  0.0  |  0.0  |
| plastic |  0.0  |  0.0  |
|  stone  |  0.0  |  0.0  |
|   wood  | 37.08 | 61.83 |
+---------+-------+-------+
2025/05/31 03:08:33 - mmengine - INFO - Epoch(val) [0][217/217]    aAcc: 41.5500  mIoU: 9.4600  mAcc: 17.0400  data_time: 0.0037  time: 0.0845
2025/05/31 03:09:06 - mmengine - INFO - Epoch(train) [1][3050/157]  lr: 9.0896e-03  eta: 5:00:53  time: 0.6548  data_time: 0.0200  memory: 22184  loss: 0.3868  decode.loss_ce: 0.2786  decode.acc_seg: 76.5474  aux.loss_ce: 0.1082  aux.acc_seg: 71.2984
2025/05/31 03:09:38 - mmengine - INFO - Epoch(train) [1][3100/157]  lr: 9.0746e-03  eta: 5:00:06  time: 0.6487  data_time: 0.0195  memory: 22184  loss: 0.4819  decode.loss_ce: 0.3439  decode.acc_seg: 34.6854  aux.loss_ce: 0.1380  aux.acc_seg: 38.4849
2025/05/31 03:10:10 - mmengine - INFO - Epoch(train) [1][3150/157]  lr: 9.0596e-03  eta: 4:59:21  time: 0.6563  data_time: 0.0194  memory: 22185  loss: 0.4391  decode.loss_ce: 0.3155  decode.acc_seg: 14.9440  aux.loss_ce: 0.1236  aux.acc_seg: 15.0818
2025/05/31 03:10:42 - mmengine - INFO - Epoch(train) [1][3200/157]  lr: 9.0446e-03  eta: 4:58:35  time: 0.6473  data_time: 0.0197  memory: 22184  loss: 0.3304  decode.loss_ce: 0.2357  decode.acc_seg: 46.2355  aux.loss_ce: 0.0948  aux.acc_seg: 52.8900
2025/05/31 03:11:14 - mmengine - INFO - Epoch(train) [1][3250/157]  lr: 9.0296e-03  eta: 4:57:53  time: 0.6529  data_time: 0.0197  memory: 22184  loss: 0.4733  decode.loss_ce: 0.3363  decode.acc_seg: 35.0919  aux.loss_ce: 0.1370  aux.acc_seg: 46.4815
2025/05/31 03:11:46 - mmengine - INFO - Epoch(train) [1][3300/157]  lr: 9.0145e-03  eta: 4:57:10  time: 0.6506  data_time: 0.0198  memory: 22184  loss: 0.4282  decode.loss_ce: 0.3058  decode.acc_seg: 37.2870  aux.loss_ce: 0.1224  aux.acc_seg: 31.7262
2025/05/31 03:12:19 - mmengine - INFO - Epoch(train) [1][3350/157]  lr: 8.9995e-03  eta: 4:56:29  time: 0.6611  data_time: 0.0194  memory: 22184  loss: 0.4090  decode.loss_ce: 0.2938  decode.acc_seg: 29.4183  aux.loss_ce: 0.1152  aux.acc_seg: 36.0734
2025/05/31 03:12:51 - mmengine - INFO - Epoch(train) [1][3400/157]  lr: 8.9845e-03  eta: 4:55:46  time: 0.6561  data_time: 0.0195  memory: 22184  loss: 0.3829  decode.loss_ce: 0.2779  decode.acc_seg: 76.1319  aux.loss_ce: 0.1050  aux.acc_seg: 78.9491
2025/05/31 03:13:23 - mmengine - INFO - Epoch(train) [1][3450/157]  lr: 8.9695e-03  eta: 4:55:02  time: 0.6465  data_time: 0.0195  memory: 22184  loss: 0.4207  decode.loss_ce: 0.2987  decode.acc_seg: 31.3520  aux.loss_ce: 0.1220  aux.acc_seg: 41.4895
2025/05/31 03:13:55 - mmengine - INFO - Epoch(train) [1][3500/157]  lr: 8.9544e-03  eta: 4:54:19  time: 0.6540  data_time: 0.0198  memory: 22184  loss: 0.4247  decode.loss_ce: 0.3040  decode.acc_seg: 29.8736  aux.loss_ce: 0.1207  aux.acc_seg: 41.0543
2025/05/31 03:14:27 - mmengine - INFO - Epoch(train) [1][3550/157]  lr: 8.9394e-03  eta: 4:53:36  time: 0.6426  data_time: 0.0196  memory: 22184  loss: 0.5888  decode.loss_ce: 0.4236  decode.acc_seg: 42.0831  aux.loss_ce: 0.1652  aux.acc_seg: 21.0727
2025/05/31 03:14:59 - mmengine - INFO - Epoch(train) [1][3600/157]  lr: 8.9243e-03  eta: 4:52:54  time: 0.6554  data_time: 0.0199  memory: 22184  loss: 0.5091  decode.loss_ce: 0.3592  decode.acc_seg: 45.3597  aux.loss_ce: 0.1499  aux.acc_seg: 18.8864
2025/05/31 03:15:31 - mmengine - INFO - Epoch(train) [1][3650/157]  lr: 8.9093e-03  eta: 4:52:14  time: 0.6880  data_time: 0.0195  memory: 22184  loss: 0.3815  decode.loss_ce: 0.2732  decode.acc_seg: 45.5196  aux.loss_ce: 0.1082  aux.acc_seg: 54.1908
2025/05/31 03:16:03 - mmengine - INFO - Epoch(train) [1][3700/157]  lr: 8.8943e-03  eta: 4:51:32  time: 0.6572  data_time: 0.0199  memory: 22184  loss: 0.3497  decode.loss_ce: 0.2496  decode.acc_seg: 48.2020  aux.loss_ce: 0.1001  aux.acc_seg: 51.6263
2025/05/31 03:16:35 - mmengine - INFO - Epoch(train) [1][3750/157]  lr: 8.8792e-03  eta: 4:50:51  time: 0.6614  data_time: 0.0196  memory: 22184  loss: 0.5005  decode.loss_ce: 0.3609  decode.acc_seg: 45.5527  aux.loss_ce: 0.1397  aux.acc_seg: 39.7687
2025/05/31 03:17:08 - mmengine - INFO - Epoch(train) [1][3800/157]  lr: 8.8642e-03  eta: 4:50:11  time: 0.6647  data_time: 0.0199  memory: 22184  loss: 0.4158  decode.loss_ce: 0.2971  decode.acc_seg: 10.1679  aux.loss_ce: 0.1187  aux.acc_seg: 21.0227
2025/05/31 03:17:40 - mmengine - INFO - Epoch(train) [1][3850/157]  lr: 8.8491e-03  eta: 4:49:31  time: 0.6591  data_time: 0.0196  memory: 22184  loss: 0.4284  decode.loss_ce: 0.3086  decode.acc_seg: 52.0309  aux.loss_ce: 0.1198  aux.acc_seg: 47.0588
2025/05/31 03:18:12 - mmengine - INFO - Epoch(train) [1][3900/157]  lr: 8.8340e-03  eta: 4:48:50  time: 0.6565  data_time: 0.0200  memory: 22184  loss: 0.4805  decode.loss_ce: 0.3448  decode.acc_seg: 15.0153  aux.loss_ce: 0.1357  aux.acc_seg: 17.6425
2025/05/31 03:18:44 - mmengine - INFO - Epoch(train) [1][3950/157]  lr: 8.8190e-03  eta: 4:48:09  time: 0.6530  data_time: 0.0195  memory: 22184  loss: 0.5110  decode.loss_ce: 0.3631  decode.acc_seg: 45.0251  aux.loss_ce: 0.1479  aux.acc_seg: 47.5601
2025/05/31 03:19:16 - mmengine - INFO - Exp name: 7_minc_deeplabv3plusplus_20250531_023432
2025/05/31 03:19:16 - mmengine - INFO - Epoch(train) [1][4000/157]  lr: 8.8039e-03  eta: 4:47:28  time: 0.6549  data_time: 0.0198  memory: 22184  loss: 0.3903  decode.loss_ce: 0.2796  decode.acc_seg: 45.7874  aux.loss_ce: 0.1107  aux.acc_seg: 46.6316
2025/05/31 03:19:48 - mmengine - INFO - Epoch(train) [1][4050/157]  lr: 8.7889e-03  eta: 4:46:48  time: 0.6569  data_time: 0.0204  memory: 22184  loss: 0.5649  decode.loss_ce: 0.4028  decode.acc_seg: 30.3755  aux.loss_ce: 0.1621  aux.acc_seg: 27.3104
2025/05/31 03:20:20 - mmengine - INFO - Epoch(train) [1][4100/157]  lr: 8.7738e-03  eta: 4:46:09  time: 0.6514  data_time: 0.0197  memory: 22184  loss: 0.4547  decode.loss_ce: 0.3249  decode.acc_seg: 41.0541  aux.loss_ce: 0.1298  aux.acc_seg: 39.4164
2025/05/31 03:20:53 - mmengine - INFO - Epoch(train) [1][4150/157]  lr: 8.7587e-03  eta: 4:45:34  time: 0.6616  data_time: 0.0197  memory: 22185  loss: 0.4701  decode.loss_ce: 0.3373  decode.acc_seg: 22.2777  aux.loss_ce: 0.1327  aux.acc_seg: 29.4261
2025/05/31 03:21:26 - mmengine - INFO - Epoch(train) [1][4200/157]  lr: 8.7436e-03  eta: 4:44:56  time: 0.6818  data_time: 0.0196  memory: 22184  loss: 0.4788  decode.loss_ce: 0.3400  decode.acc_seg: 53.7047  aux.loss_ce: 0.1388  aux.acc_seg: 65.8195
2025/05/31 03:21:58 - mmengine - INFO - Epoch(train) [1][4250/157]  lr: 8.7286e-03  eta: 4:44:16  time: 0.6481  data_time: 0.0202  memory: 22184  loss: 0.4159  decode.loss_ce: 0.3005  decode.acc_seg: 73.9379  aux.loss_ce: 0.1154  aux.acc_seg: 94.3552
2025/05/31 03:22:30 - mmengine - INFO - Epoch(train) [1][4300/157]  lr: 8.7135e-03  eta: 4:43:38  time: 0.6589  data_time: 0.0197  memory: 22184  loss: 0.4430  decode.loss_ce: 0.3144  decode.acc_seg: 73.5327  aux.loss_ce: 0.1286  aux.acc_seg: 72.3498
2025/05/31 03:23:02 - mmengine - INFO - Epoch(train) [1][4350/157]  lr: 8.6984e-03  eta: 4:42:58  time: 0.6487  data_time: 0.0198  memory: 22184  loss: 0.4867  decode.loss_ce: 0.3468  decode.acc_seg: 15.7630  aux.loss_ce: 0.1399  aux.acc_seg: 5.6209
2025/05/31 03:23:34 - mmengine - INFO - Epoch(train) [1][4400/157]  lr: 8.6833e-03  eta: 4:42:19  time: 0.6609  data_time: 0.0201  memory: 22184  loss: 0.4547  decode.loss_ce: 0.3225  decode.acc_seg: 33.5243  aux.loss_ce: 0.1322  aux.acc_seg: 28.7899
2025/05/31 03:24:06 - mmengine - INFO - Epoch(train) [1][4450/157]  lr: 8.6682e-03  eta: 4:41:38  time: 0.6556  data_time: 0.0199  memory: 22184  loss: 0.4666  decode.loss_ce: 0.3312  decode.acc_seg: 22.6452  aux.loss_ce: 0.1353  aux.acc_seg: 33.1629
2025/05/31 03:24:38 - mmengine - INFO - Epoch(train) [1][4500/157]  lr: 8.6531e-03  eta: 4:41:00  time: 0.6455  data_time: 0.0197  memory: 22184  loss: 0.4783  decode.loss_ce: 0.3410  decode.acc_seg: 42.3637  aux.loss_ce: 0.1373  aux.acc_seg: 42.2941
2025/05/31 03:25:10 - mmengine - INFO - Epoch(train) [1][4550/157]  lr: 8.6380e-03  eta: 4:40:22  time: 0.6465  data_time: 0.0199  memory: 22184  loss: 0.3504  decode.loss_ce: 0.2508  decode.acc_seg: 35.5908  aux.loss_ce: 0.0996  aux.acc_seg: 39.9173
2025/05/31 03:25:42 - mmengine - INFO - Epoch(train) [1][4600/157]  lr: 8.6229e-03  eta: 4:39:43  time: 0.6472  data_time: 0.0199  memory: 22184  loss: 0.3807  decode.loss_ce: 0.2708  decode.acc_seg: 8.7007  aux.loss_ce: 0.1098  aux.acc_seg: 12.1792
2025/05/31 03:26:14 - mmengine - INFO - Epoch(train) [1][4650/157]  lr: 8.6078e-03  eta: 4:39:06  time: 0.6641  data_time: 0.0198  memory: 22184  loss: 0.3743  decode.loss_ce: 0.2650  decode.acc_seg: 22.4747  aux.loss_ce: 0.1093  aux.acc_seg: 20.3323
2025/05/31 03:26:47 - mmengine - INFO - Epoch(train) [1][4700/157]  lr: 8.5927e-03  eta: 4:38:28  time: 0.6695  data_time: 0.0199  memory: 22184  loss: 0.4846  decode.loss_ce: 0.3464  decode.acc_seg: 27.1333  aux.loss_ce: 0.1382  aux.acc_seg: 35.8773
2025/05/31 03:27:18 - mmengine - INFO - Epoch(train) [1][4750/157]  lr: 8.5776e-03  eta: 4:37:50  time: 0.6510  data_time: 0.0200  memory: 22184  loss: 0.4239  decode.loss_ce: 0.3030  decode.acc_seg: 34.4526  aux.loss_ce: 0.1209  aux.acc_seg: 35.5143
2025/05/31 03:27:51 - mmengine - INFO - Epoch(train) [1][4800/157]  lr: 8.5625e-03  eta: 4:37:13  time: 0.6661  data_time: 0.0199  memory: 22184  loss: 0.4933  decode.loss_ce: 0.3540  decode.acc_seg: 34.6447  aux.loss_ce: 0.1393  aux.acc_seg: 39.8538
2025/05/31 03:28:23 - mmengine - INFO - Epoch(train) [1][4850/157]  lr: 8.5474e-03  eta: 4:36:34  time: 0.6545  data_time: 0.0197  memory: 22184  loss: 0.4250  decode.loss_ce: 0.3020  decode.acc_seg: 36.5366  aux.loss_ce: 0.1230  aux.acc_seg: 39.7988
2025/05/31 03:28:55 - mmengine - INFO - Epoch(train) [1][4900/157]  lr: 8.5323e-03  eta: 4:35:57  time: 0.6618  data_time: 0.0198  memory: 22184  loss: 0.4363  decode.loss_ce: 0.3090  decode.acc_seg: 42.6351  aux.loss_ce: 0.1272  aux.acc_seg: 19.8490
2025/05/31 03:29:27 - mmengine - INFO - Epoch(train) [1][4950/157]  lr: 8.5172e-03  eta: 4:35:20  time: 0.6642  data_time: 0.0197  memory: 22184  loss: 0.6253  decode.loss_ce: 0.4482  decode.acc_seg: 73.0087  aux.loss_ce: 0.1771  aux.acc_seg: 84.4850
2025/05/31 03:29:59 - mmengine - INFO - Exp name: 7_minc_deeplabv3plusplus_20250531_023432
2025/05/31 03:29:59 - mmengine - INFO - Epoch(train) [1][5000/157]  lr: 8.5020e-03  eta: 4:34:43  time: 0.6635  data_time: 0.0200  memory: 22184  loss: 0.4282  decode.loss_ce: 0.3058  decode.acc_seg: 72.7967  aux.loss_ce: 0.1223  aux.acc_seg: 60.2944
2025/05/31 03:30:31 - mmengine - INFO - Epoch(train) [1][5050/157]  lr: 8.4869e-03  eta: 4:34:06  time: 0.6581  data_time: 0.0198  memory: 22185  loss: 0.4296  decode.loss_ce: 0.3082  decode.acc_seg: 15.9666  aux.loss_ce: 0.1214  aux.acc_seg: 16.0737
2025/05/31 03:31:03 - mmengine - INFO - Epoch(train) [1][5100/157]  lr: 8.4718e-03  eta: 4:33:28  time: 0.6495  data_time: 0.0198  memory: 22184  loss: 0.5834  decode.loss_ce: 0.4150  decode.acc_seg: 41.3704  aux.loss_ce: 0.1684  aux.acc_seg: 37.4046
2025/05/31 03:31:36 - mmengine - INFO - Epoch(train) [1][5150/157]  lr: 8.4567e-03  eta: 4:32:52  time: 0.6563  data_time: 0.0197  memory: 22184  loss: 0.4285  decode.loss_ce: 0.3067  decode.acc_seg: 31.3624  aux.loss_ce: 0.1218  aux.acc_seg: 29.1383
2025/05/31 03:32:08 - mmengine - INFO - Epoch(train) [1][5200/157]  lr: 8.4415e-03  eta: 4:32:16  time: 0.6501  data_time: 0.0199  memory: 22184  loss: 0.4224  decode.loss_ce: 0.2997  decode.acc_seg: 30.7600  aux.loss_ce: 0.1227  aux.acc_seg: 52.4962
2025/05/31 03:32:40 - mmengine - INFO - Epoch(train) [1][5250/157]  lr: 8.4264e-03  eta: 4:31:39  time: 0.6516  data_time: 0.0197  memory: 22184  loss: 0.4603  decode.loss_ce: 0.3282  decode.acc_seg: 47.2450  aux.loss_ce: 0.1321  aux.acc_seg: 49.7342
2025/05/31 03:33:12 - mmengine - INFO - Epoch(train) [1][5300/157]  lr: 8.4113e-03  eta: 4:31:01  time: 0.6567  data_time: 0.0198  memory: 22184  loss: 0.5023  decode.loss_ce: 0.3562  decode.acc_seg: 46.3268  aux.loss_ce: 0.1460  aux.acc_seg: 43.9388
2025/05/31 03:33:44 - mmengine - INFO - Epoch(train) [1][5350/157]  lr: 8.3961e-03  eta: 4:30:24  time: 0.6570  data_time: 0.0200  memory: 22184  loss: 0.4932  decode.loss_ce: 0.3521  decode.acc_seg: 24.7860  aux.loss_ce: 0.1412  aux.acc_seg: 19.2108
2025/05/31 03:34:16 - mmengine - INFO - Epoch(train) [1][5400/157]  lr: 8.3810e-03  eta: 4:29:47  time: 0.6584  data_time: 0.0200  memory: 22185  loss: 0.4897  decode.loss_ce: 0.3474  decode.acc_seg: 19.0004  aux.loss_ce: 0.1423  aux.acc_seg: 21.5486
2025/05/31 03:34:48 - mmengine - INFO - Epoch(train) [1][5450/157]  lr: 8.3658e-03  eta: 4:29:11  time: 0.6472  data_time: 0.0198  memory: 22184  loss: 0.3251  decode.loss_ce: 0.2311  decode.acc_seg: 38.0561  aux.loss_ce: 0.0940  aux.acc_seg: 40.1449
2025/05/31 03:35:20 - mmengine - INFO - Epoch(train) [1][5500/157]  lr: 8.3507e-03  eta: 4:28:35  time: 0.6609  data_time: 0.0198  memory: 22184  loss: 0.4672  decode.loss_ce: 0.3331  decode.acc_seg: 61.3571  aux.loss_ce: 0.1342  aux.acc_seg: 66.9766
2025/05/31 03:35:52 - mmengine - INFO - Epoch(train) [1][5550/157]  lr: 8.3355e-03  eta: 4:27:58  time: 0.6543  data_time: 0.0198  memory: 22184  loss: 0.4509  decode.loss_ce: 0.3231  decode.acc_seg: 80.1908  aux.loss_ce: 0.1278  aux.acc_seg: 81.0945
2025/05/31 03:36:25 - mmengine - INFO - Epoch(train) [1][5600/157]  lr: 8.3203e-03  eta: 4:27:23  time: 0.6516  data_time: 0.0200  memory: 22184  loss: 0.3932  decode.loss_ce: 0.2814  decode.acc_seg: 23.6566  aux.loss_ce: 0.1119  aux.acc_seg: 10.9264
2025/05/31 03:36:57 - mmengine - INFO - Epoch(train) [1][5650/157]  lr: 8.3052e-03  eta: 4:26:46  time: 0.6521  data_time: 0.0200  memory: 22184  loss: 0.5253  decode.loss_ce: 0.3760  decode.acc_seg: 29.3196  aux.loss_ce: 0.1494  aux.acc_seg: 12.7850
2025/05/31 03:37:29 - mmengine - INFO - Epoch(train) [1][5700/157]  lr: 8.2900e-03  eta: 4:26:11  time: 0.6636  data_time: 0.0199  memory: 22184  loss: 0.3431  decode.loss_ce: 0.2462  decode.acc_seg: 42.4053  aux.loss_ce: 0.0970  aux.acc_seg: 66.8501
2025/05/31 03:38:01 - mmengine - INFO - Epoch(train) [1][5750/157]  lr: 8.2748e-03  eta: 4:25:34  time: 0.6613  data_time: 0.0200  memory: 22184  loss: 0.4175  decode.loss_ce: 0.2976  decode.acc_seg: 40.3046  aux.loss_ce: 0.1199  aux.acc_seg: 40.1491
2025/05/31 03:38:33 - mmengine - INFO - Epoch(train) [1][5800/157]  lr: 8.2597e-03  eta: 4:24:59  time: 0.6621  data_time: 0.0199  memory: 22184  loss: 0.5293  decode.loss_ce: 0.3761  decode.acc_seg: 32.8259  aux.loss_ce: 0.1532  aux.acc_seg: 34.5217
2025/05/31 03:39:05 - mmengine - INFO - Epoch(train) [1][5850/157]  lr: 8.2445e-03  eta: 4:24:23  time: 0.6665  data_time: 0.0201  memory: 22183  loss: 0.3714  decode.loss_ce: 0.2628  decode.acc_seg: 61.1206  aux.loss_ce: 0.1086  aux.acc_seg: 65.6810
2025/05/31 03:39:37 - mmengine - INFO - Epoch(train) [1][5900/157]  lr: 8.2293e-03  eta: 4:23:47  time: 0.6597  data_time: 0.0200  memory: 22184  loss: 0.4252  decode.loss_ce: 0.3028  decode.acc_seg: 65.0165  aux.loss_ce: 0.1224  aux.acc_seg: 64.0159
2025/05/31 03:40:09 - mmengine - INFO - Epoch(train) [1][5950/157]  lr: 8.2141e-03  eta: 4:23:11  time: 0.6606  data_time: 0.0200  memory: 22184  loss: 0.4677  decode.loss_ce: 0.3326  decode.acc_seg: 49.5679  aux.loss_ce: 0.1352  aux.acc_seg: 48.3920
2025/05/31 03:40:41 - mmengine - INFO - Exp name: 7_minc_deeplabv3plusplus_20250531_023432
2025/05/31 03:40:41 - mmengine - INFO - Epoch(train) [1][6000/157]  lr: 8.1990e-03  eta: 4:22:35  time: 0.6759  data_time: 0.0198  memory: 22184  loss: 0.3754  decode.loss_ce: 0.2669  decode.acc_seg: 42.3933  aux.loss_ce: 0.1085  aux.acc_seg: 42.8662
2025/05/31 03:40:41 - mmengine - INFO - Saving checkpoint at 6000 iterations
2025/05/31 03:40:49 - mmengine - INFO - Epoch(val) [0][ 50/217]    eta: 0:00:13  time: 0.0753  data_time: 0.0031  memory: 1634  
2025/05/31 03:40:53 - mmengine - INFO - Epoch(val) [0][100/217]    eta: 0:00:09  time: 0.0692  data_time: 0.0029  memory: 1634  
2025/05/31 03:40:57 - mmengine - INFO - Epoch(val) [0][150/217]    eta: 0:00:05  time: 0.0709  data_time: 0.0030  memory: 1634  
2025/05/31 03:41:00 - mmengine - INFO - Epoch(val) [0][200/217]    eta: 0:00:01  time: 0.0703  data_time: 0.0031  memory: 1634  
2025/05/31 03:41:01 - mmengine - INFO - per class results:
2025/05/31 03:41:01 - mmengine - INFO - 
+---------+-------+-------+
|  Class  |  IoU  |  Acc  |
+---------+-------+-------+
|  fabric |  25.5 | 53.95 |
|  glass  |  1.88 |  2.01 |
| leather |  0.0  |  0.0  |
|  metal  |  0.12 |  0.12 |
| plastic |  0.0  |  0.0  |
|  stone  |  0.0  |  0.0  |
|   wood  | 31.56 | 53.26 |
+---------+-------+-------+
2025/05/31 03:41:01 - mmengine - INFO - Epoch(val) [0][217/217]    aAcc: 37.7100  mIoU: 8.4400  mAcc: 15.6200  data_time: 0.0032  time: 0.0716
2025/05/31 03:41:33 - mmengine - INFO - Epoch(train) [1][6050/157]  lr: 8.1838e-03  eta: 4:22:00  time: 0.5746  data_time: 0.0202  memory: 22184  loss: 0.4009  decode.loss_ce: 0.2860  decode.acc_seg: 7.1196  aux.loss_ce: 0.1149  aux.acc_seg: 8.5833
2025/05/31 03:42:05 - mmengine - INFO - Epoch(train) [1][6100/157]  lr: 8.1686e-03  eta: 4:21:24  time: 0.5861  data_time: 0.0199  memory: 22185  loss: 0.3769  decode.loss_ce: 0.2678  decode.acc_seg: 56.7090  aux.loss_ce: 0.1091  aux.acc_seg: 56.6925
2025/05/31 03:42:37 - mmengine - INFO - Epoch(train) [1][6150/157]  lr: 8.1534e-03  eta: 4:20:48  time: 0.5767  data_time: 0.0200  memory: 22184  loss: 0.5216  decode.loss_ce: 0.3728  decode.acc_seg: 61.6420  aux.loss_ce: 0.1487  aux.acc_seg: 57.9302
2025/05/31 03:43:09 - mmengine - INFO - Epoch(train) [1][6200/157]  lr: 8.1382e-03  eta: 4:20:13  time: 0.5846  data_time: 0.0196  memory: 22184  loss: 0.3678  decode.loss_ce: 0.2623  decode.acc_seg: 48.3835  aux.loss_ce: 0.1055  aux.acc_seg: 43.5055
2025/05/31 03:43:41 - mmengine - INFO - Epoch(train) [1][6250/157]  lr: 8.1230e-03  eta: 4:19:38  time: 0.5847  data_time: 0.0195  memory: 22184  loss: 0.5171  decode.loss_ce: 0.3710  decode.acc_seg: 37.8899  aux.loss_ce: 0.1461  aux.acc_seg: 43.4583
2025/05/31 03:44:13 - mmengine - INFO - Epoch(train) [1][6300/157]  lr: 8.1078e-03  eta: 4:19:02  time: 0.5720  data_time: 0.0199  memory: 22184  loss: 0.4906  decode.loss_ce: 0.3465  decode.acc_seg: 39.9427  aux.loss_ce: 0.1441  aux.acc_seg: 17.8176
2025/05/31 03:44:46 - mmengine - INFO - Epoch(train) [1][6350/157]  lr: 8.0926e-03  eta: 4:18:27  time: 0.5811  data_time: 0.0202  memory: 22184  loss: 0.4204  decode.loss_ce: 0.2998  decode.acc_seg: 38.1972  aux.loss_ce: 0.1206  aux.acc_seg: 32.6319
2025/05/31 03:45:18 - mmengine - INFO - Epoch(train) [1][6400/157]  lr: 8.0774e-03  eta: 4:17:53  time: 0.5824  data_time: 0.0195  memory: 22184  loss: 0.4475  decode.loss_ce: 0.3180  decode.acc_seg: 63.7392  aux.loss_ce: 0.1295  aux.acc_seg: 52.0007
2025/05/31 03:45:50 - mmengine - INFO - Epoch(train) [1][6450/157]  lr: 8.0622e-03  eta: 4:17:17  time: 0.5732  data_time: 0.0203  memory: 22184  loss: 0.3802  decode.loss_ce: 0.2724  decode.acc_seg: 50.1154  aux.loss_ce: 0.1078  aux.acc_seg: 45.4107
2025/05/31 03:46:22 - mmengine - INFO - Epoch(train) [1][6500/157]  lr: 8.0469e-03  eta: 4:16:42  time: 0.5773  data_time: 0.0201  memory: 22184  loss: 0.3752  decode.loss_ce: 0.2671  decode.acc_seg: 48.5918  aux.loss_ce: 0.1081  aux.acc_seg: 59.9066
2025/05/31 03:46:55 - mmengine - INFO - Epoch(train) [1][6550/157]  lr: 8.0317e-03  eta: 4:16:09  time: 0.5930  data_time: 0.0201  memory: 22184  loss: 0.4688  decode.loss_ce: 0.3343  decode.acc_seg: 52.3070  aux.loss_ce: 0.1345  aux.acc_seg: 56.0549
2025/05/31 03:47:27 - mmengine - INFO - Epoch(train) [1][6600/157]  lr: 8.0165e-03  eta: 4:15:34  time: 0.5854  data_time: 0.0199  memory: 22184  loss: 0.3902  decode.loss_ce: 0.2778  decode.acc_seg: 72.9531  aux.loss_ce: 0.1123  aux.acc_seg: 80.8508
2025/05/31 03:47:59 - mmengine - INFO - Epoch(train) [1][6650/157]  lr: 8.0013e-03  eta: 4:15:00  time: 0.5808  data_time: 0.0201  memory: 22184  loss: 0.4451  decode.loss_ce: 0.3178  decode.acc_seg: 15.9448  aux.loss_ce: 0.1274  aux.acc_seg: 16.4158
2025/05/31 03:48:32 - mmengine - INFO - Epoch(train) [1][6700/157]  lr: 7.9860e-03  eta: 4:14:25  time: 0.5817  data_time: 0.0205  memory: 22184  loss: 0.3571  decode.loss_ce: 0.2543  decode.acc_seg: 41.0370  aux.loss_ce: 0.1028  aux.acc_seg: 42.8788
2025/05/31 03:49:04 - mmengine - INFO - Epoch(train) [1][6750/157]  lr: 7.9708e-03  eta: 4:13:51  time: 0.5881  data_time: 0.0202  memory: 22184  loss: 0.4750  decode.loss_ce: 0.3407  decode.acc_seg: 43.7813  aux.loss_ce: 0.1343  aux.acc_seg: 40.7851
2025/05/31 03:49:36 - mmengine - INFO - Epoch(train) [1][6800/157]  lr: 7.9556e-03  eta: 4:13:17  time: 0.5835  data_time: 0.0203  memory: 22184  loss: 0.4525  decode.loss_ce: 0.3227  decode.acc_seg: 24.5842  aux.loss_ce: 0.1297  aux.acc_seg: 33.9558
2025/05/31 03:50:08 - mmengine - INFO - Epoch(train) [1][6850/157]  lr: 7.9403e-03  eta: 4:12:42  time: 0.6519  data_time: 0.0201  memory: 22184  loss: 0.4052  decode.loss_ce: 0.2895  decode.acc_seg: 50.2562  aux.loss_ce: 0.1157  aux.acc_seg: 44.0810
2025/05/31 03:50:40 - mmengine - INFO - Epoch(train) [1][6900/157]  lr: 7.9251e-03  eta: 4:12:07  time: 0.5883  data_time: 0.0202  memory: 22184  loss: 0.5488  decode.loss_ce: 0.3923  decode.acc_seg: 39.3140  aux.loss_ce: 0.1565  aux.acc_seg: 36.8852
2025/05/31 03:51:13 - mmengine - INFO - Epoch(train) [1][6950/157]  lr: 7.9099e-03  eta: 4:11:32  time: 0.6787  data_time: 0.0206  memory: 22184  loss: 0.4985  decode.loss_ce: 0.3527  decode.acc_seg: 56.3220  aux.loss_ce: 0.1458  aux.acc_seg: 55.4285
2025/05/31 03:51:44 - mmengine - INFO - Exp name: 7_minc_deeplabv3plusplus_20250531_023432
2025/05/31 03:51:44 - mmengine - INFO - Epoch(train) [1][7000/157]  lr: 7.8946e-03  eta: 4:10:56  time: 0.6424  data_time: 0.0197  memory: 22185  loss: 0.4471  decode.loss_ce: 0.3189  decode.acc_seg: 6.0688  aux.loss_ce: 0.1282  aux.acc_seg: 5.2130
2025/05/31 03:52:17 - mmengine - INFO - Epoch(train) [1][7050/157]  lr: 7.8794e-03  eta: 4:10:21  time: 0.6582  data_time: 0.0197  memory: 22184  loss: 0.4352  decode.loss_ce: 0.3089  decode.acc_seg: 62.7909  aux.loss_ce: 0.1262  aux.acc_seg: 61.8674
2025/05/31 03:52:49 - mmengine - INFO - Epoch(train) [1][7100/157]  lr: 7.8641e-03  eta: 4:09:47  time: 0.5750  data_time: 0.0199  memory: 22184  loss: 0.4847  decode.loss_ce: 0.3433  decode.acc_seg: 15.6676  aux.loss_ce: 0.1414  aux.acc_seg: 25.0261
2025/05/31 03:53:21 - mmengine - INFO - Epoch(train) [1][7150/157]  lr: 7.8488e-03  eta: 4:09:12  time: 0.6512  data_time: 0.0202  memory: 22184  loss: 0.5298  decode.loss_ce: 0.3764  decode.acc_seg: 56.6495  aux.loss_ce: 0.1534  aux.acc_seg: 42.7185
2025/05/31 03:53:53 - mmengine - INFO - Epoch(train) [1][7200/157]  lr: 7.8336e-03  eta: 4:08:38  time: 0.5785  data_time: 0.0200  memory: 22184  loss: 0.4967  decode.loss_ce: 0.3519  decode.acc_seg: 68.8828  aux.loss_ce: 0.1447  aux.acc_seg: 57.0005
2025/05/31 03:54:25 - mmengine - INFO - Epoch(train) [1][7250/157]  lr: 7.8183e-03  eta: 4:08:04  time: 0.6560  data_time: 0.0199  memory: 22184  loss: 0.3725  decode.loss_ce: 0.2643  decode.acc_seg: 8.0013  aux.loss_ce: 0.1082  aux.acc_seg: 8.0876
2025/05/31 03:54:57 - mmengine - INFO - Epoch(train) [1][7300/157]  lr: 7.8030e-03  eta: 4:07:29  time: 0.6583  data_time: 0.0198  memory: 22184  loss: 0.3579  decode.loss_ce: 0.2557  decode.acc_seg: 55.9208  aux.loss_ce: 0.1021  aux.acc_seg: 38.2676
2025/05/31 03:55:30 - mmengine - INFO - Epoch(train) [1][7350/157]  lr: 7.7878e-03  eta: 4:06:55  time: 0.6580  data_time: 0.0202  memory: 22184  loss: 0.4558  decode.loss_ce: 0.3240  decode.acc_seg: 38.2152  aux.loss_ce: 0.1318  aux.acc_seg: 29.4810
2025/05/31 03:56:02 - mmengine - INFO - Epoch(train) [1][7400/157]  lr: 7.7725e-03  eta: 4:06:20  time: 0.6514  data_time: 0.0203  memory: 22185  loss: 0.4492  decode.loss_ce: 0.3190  decode.acc_seg: 59.0510  aux.loss_ce: 0.1303  aux.acc_seg: 64.2994
2025/05/31 03:56:34 - mmengine - INFO - Epoch(train) [1][7450/157]  lr: 7.7572e-03  eta: 4:05:47  time: 0.6625  data_time: 0.0203  memory: 22184  loss: 0.3599  decode.loss_ce: 0.2561  decode.acc_seg: 33.7974  aux.loss_ce: 0.1038  aux.acc_seg: 14.0919
2025/05/31 03:57:06 - mmengine - INFO - Epoch(train) [1][7500/157]  lr: 7.7419e-03  eta: 4:05:12  time: 0.6478  data_time: 0.0199  memory: 22184  loss: 0.5346  decode.loss_ce: 0.3783  decode.acc_seg: 43.0442  aux.loss_ce: 0.1563  aux.acc_seg: 49.6088
2025/05/31 03:57:39 - mmengine - INFO - Epoch(train) [1][7550/157]  lr: 7.7266e-03  eta: 4:04:38  time: 0.6565  data_time: 0.0203  memory: 22184  loss: 0.5144  decode.loss_ce: 0.3659  decode.acc_seg: 33.1688  aux.loss_ce: 0.1486  aux.acc_seg: 38.4083
2025/05/31 03:58:11 - mmengine - INFO - Epoch(train) [1][7600/157]  lr: 7.7114e-03  eta: 4:04:05  time: 0.6660  data_time: 0.0202  memory: 22184  loss: 0.4703  decode.loss_ce: 0.3354  decode.acc_seg: 71.2920  aux.loss_ce: 0.1349  aux.acc_seg: 59.4279
2025/05/31 03:58:43 - mmengine - INFO - Epoch(train) [1][7650/157]  lr: 7.6961e-03  eta: 4:03:31  time: 0.6633  data_time: 0.0207  memory: 22184  loss: 0.3705  decode.loss_ce: 0.2645  decode.acc_seg: 39.7823  aux.loss_ce: 0.1060  aux.acc_seg: 27.3356
2025/05/31 03:59:15 - mmengine - INFO - Epoch(train) [1][7700/157]  lr: 7.6808e-03  eta: 4:02:57  time: 0.6471  data_time: 0.0200  memory: 22184  loss: 0.4577  decode.loss_ce: 0.3270  decode.acc_seg: 20.7994  aux.loss_ce: 0.1307  aux.acc_seg: 20.7579
2025/05/31 03:59:47 - mmengine - INFO - Epoch(train) [1][7750/157]  lr: 7.6655e-03  eta: 4:02:22  time: 0.6586  data_time: 0.0203  memory: 22185  loss: 0.4862  decode.loss_ce: 0.3460  decode.acc_seg: 42.2430  aux.loss_ce: 0.1402  aux.acc_seg: 46.6802
2025/05/31 04:00:20 - mmengine - INFO - Epoch(train) [1][7800/157]  lr: 7.6502e-03  eta: 4:01:48  time: 0.6583  data_time: 0.0201  memory: 22184  loss: 0.4513  decode.loss_ce: 0.3207  decode.acc_seg: 36.8088  aux.loss_ce: 0.1306  aux.acc_seg: 35.4498
2025/05/31 04:00:52 - mmengine - INFO - Epoch(train) [1][7850/157]  lr: 7.6349e-03  eta: 4:01:14  time: 0.6616  data_time: 0.0204  memory: 22184  loss: 0.4311  decode.loss_ce: 0.3074  decode.acc_seg: 14.4786  aux.loss_ce: 0.1237  aux.acc_seg: 11.7276
2025/05/31 04:01:24 - mmengine - INFO - Epoch(train) [1][7900/157]  lr: 7.6196e-03  eta: 4:00:41  time: 0.6541  data_time: 0.0202  memory: 22184  loss: 0.3938  decode.loss_ce: 0.2794  decode.acc_seg: 32.8437  aux.loss_ce: 0.1144  aux.acc_seg: 26.6521
2025/05/31 04:01:57 - mmengine - INFO - Epoch(train) [1][7950/157]  lr: 7.6042e-03  eta: 4:00:07  time: 0.6592  data_time: 0.0200  memory: 22185  loss: 0.5114  decode.loss_ce: 0.3637  decode.acc_seg: 30.2495  aux.loss_ce: 0.1478  aux.acc_seg: 28.1488
2025/05/31 04:02:29 - mmengine - INFO - Exp name: 7_minc_deeplabv3plusplus_20250531_023432
2025/05/31 04:02:29 - mmengine - INFO - Epoch(train) [1][8000/157]  lr: 7.5889e-03  eta: 3:59:33  time: 0.6531  data_time: 0.0197  memory: 22184  loss: 0.4582  decode.loss_ce: 0.3266  decode.acc_seg: 34.5076  aux.loss_ce: 0.1316  aux.acc_seg: 36.4703
2025/05/31 04:03:01 - mmengine - INFO - Epoch(train) [1][8050/157]  lr: 7.5736e-03  eta: 3:58:59  time: 0.6507  data_time: 0.0202  memory: 22184  loss: 0.4823  decode.loss_ce: 0.3444  decode.acc_seg: 14.9561  aux.loss_ce: 0.1379  aux.acc_seg: 11.8517
2025/05/31 04:03:33 - mmengine - INFO - Epoch(train) [1][8100/157]  lr: 7.5583e-03  eta: 3:58:25  time: 0.6571  data_time: 0.0199  memory: 22184  loss: 0.4413  decode.loss_ce: 0.3109  decode.acc_seg: 38.3462  aux.loss_ce: 0.1303  aux.acc_seg: 37.4078
2025/05/31 04:04:05 - mmengine - INFO - Epoch(train) [1][8150/157]  lr: 7.5430e-03  eta: 3:57:51  time: 0.6580  data_time: 0.0199  memory: 22184  loss: 0.3669  decode.loss_ce: 0.2602  decode.acc_seg: 59.2534  aux.loss_ce: 0.1067  aux.acc_seg: 52.4919
2025/05/31 04:04:37 - mmengine - INFO - Epoch(train) [1][8200/157]  lr: 7.5276e-03  eta: 3:57:17  time: 0.6548  data_time: 0.0196  memory: 22184  loss: 0.4275  decode.loss_ce: 0.3037  decode.acc_seg: 63.2590  aux.loss_ce: 0.1238  aux.acc_seg: 57.1525
2025/05/31 04:05:09 - mmengine - INFO - Epoch(train) [1][8250/157]  lr: 7.5123e-03  eta: 3:56:43  time: 0.6559  data_time: 0.0194  memory: 22184  loss: 0.3892  decode.loss_ce: 0.2787  decode.acc_seg: 36.1696  aux.loss_ce: 0.1105  aux.acc_seg: 39.7116
2025/05/31 04:05:42 - mmengine - INFO - Epoch(train) [1][8300/157]  lr: 7.4970e-03  eta: 3:56:09  time: 0.6615  data_time: 0.0196  memory: 22184  loss: 0.5547  decode.loss_ce: 0.3952  decode.acc_seg: 35.8377  aux.loss_ce: 0.1595  aux.acc_seg: 32.4807
2025/05/31 04:06:14 - mmengine - INFO - Epoch(train) [1][8350/157]  lr: 7.4816e-03  eta: 3:55:35  time: 0.6695  data_time: 0.0197  memory: 22184  loss: 0.4871  decode.loss_ce: 0.3503  decode.acc_seg: 32.0279  aux.loss_ce: 0.1367  aux.acc_seg: 39.9015
2025/05/31 04:06:46 - mmengine - INFO - Epoch(train) [1][8400/157]  lr: 7.4663e-03  eta: 3:55:01  time: 0.6547  data_time: 0.0195  memory: 22184  loss: 0.4401  decode.loss_ce: 0.3121  decode.acc_seg: 27.2394  aux.loss_ce: 0.1280  aux.acc_seg: 38.6339
2025/05/31 04:07:18 - mmengine - INFO - Epoch(train) [1][8450/157]  lr: 7.4509e-03  eta: 3:54:27  time: 0.6587  data_time: 0.0199  memory: 22184  loss: 0.3526  decode.loss_ce: 0.2514  decode.acc_seg: 31.5332  aux.loss_ce: 0.1012  aux.acc_seg: 26.8525
2025/05/31 04:07:50 - mmengine - INFO - Epoch(train) [1][8500/157]  lr: 7.4356e-03  eta: 3:53:53  time: 0.6584  data_time: 0.0200  memory: 22184  loss: 0.3691  decode.loss_ce: 0.2595  decode.acc_seg: 39.1503  aux.loss_ce: 0.1096  aux.acc_seg: 27.8215
2025/05/31 04:08:22 - mmengine - INFO - Epoch(train) [1][8550/157]  lr: 7.4202e-03  eta: 3:53:19  time: 0.6558  data_time: 0.0201  memory: 22184  loss: 0.3295  decode.loss_ce: 0.2324  decode.acc_seg: 22.5910  aux.loss_ce: 0.0970  aux.acc_seg: 20.1751
2025/05/31 04:08:54 - mmengine - INFO - Epoch(train) [1][8600/157]  lr: 7.4049e-03  eta: 3:52:45  time: 0.6558  data_time: 0.0202  memory: 22185  loss: 0.5214  decode.loss_ce: 0.3706  decode.acc_seg: 12.4051  aux.loss_ce: 0.1508  aux.acc_seg: 12.2774
2025/05/31 04:09:27 - mmengine - INFO - Epoch(train) [1][8650/157]  lr: 7.3895e-03  eta: 3:52:12  time: 0.6583  data_time: 0.0197  memory: 22184  loss: 0.4247  decode.loss_ce: 0.3033  decode.acc_seg: 57.7925  aux.loss_ce: 0.1214  aux.acc_seg: 51.2646
2025/05/31 04:09:59 - mmengine - INFO - Epoch(train) [1][8700/157]  lr: 7.3741e-03  eta: 3:51:38  time: 0.6545  data_time: 0.0199  memory: 22184  loss: 0.4611  decode.loss_ce: 0.3298  decode.acc_seg: 25.9698  aux.loss_ce: 0.1313  aux.acc_seg: 24.7687
2025/05/31 04:10:31 - mmengine - INFO - Epoch(train) [1][8750/157]  lr: 7.3588e-03  eta: 3:51:04  time: 0.6548  data_time: 0.0198  memory: 22184  loss: 0.4947  decode.loss_ce: 0.3513  decode.acc_seg: 54.1648  aux.loss_ce: 0.1434  aux.acc_seg: 60.5268
2025/05/31 04:11:03 - mmengine - INFO - Epoch(train) [1][8800/157]  lr: 7.3434e-03  eta: 3:50:31  time: 0.6694  data_time: 0.0198  memory: 22184  loss: 0.3289  decode.loss_ce: 0.2309  decode.acc_seg: 33.9176  aux.loss_ce: 0.0980  aux.acc_seg: 27.6548
2025/05/31 04:11:36 - mmengine - INFO - Epoch(train) [1][8850/157]  lr: 7.3280e-03  eta: 3:49:57  time: 0.6560  data_time: 0.0200  memory: 22184  loss: 0.4293  decode.loss_ce: 0.3063  decode.acc_seg: 65.1158  aux.loss_ce: 0.1229  aux.acc_seg: 68.4791
2025/05/31 04:12:08 - mmengine - INFO - Epoch(train) [1][8900/157]  lr: 7.3126e-03  eta: 3:49:23  time: 0.6617  data_time: 0.0198  memory: 22184  loss: 0.4742  decode.loss_ce: 0.3393  decode.acc_seg: 52.7118  aux.loss_ce: 0.1348  aux.acc_seg: 61.4884
2025/05/31 04:12:40 - mmengine - INFO - Epoch(train) [1][8950/157]  lr: 7.2972e-03  eta: 3:48:49  time: 0.6583  data_time: 0.0200  memory: 22185  loss: 0.3651  decode.loss_ce: 0.2595  decode.acc_seg: 66.5320  aux.loss_ce: 0.1056  aux.acc_seg: 55.1664
2025/05/31 04:13:12 - mmengine - INFO - Exp name: 7_minc_deeplabv3plusplus_20250531_023432
2025/05/31 04:13:12 - mmengine - INFO - Epoch(train) [1][9000/157]  lr: 7.2819e-03  eta: 3:48:16  time: 0.6563  data_time: 0.0201  memory: 22184  loss: 0.3910  decode.loss_ce: 0.2806  decode.acc_seg: 26.3204  aux.loss_ce: 0.1104  aux.acc_seg: 30.9530
2025/05/31 04:13:12 - mmengine - INFO - Saving checkpoint at 9000 iterations
2025/05/31 04:13:20 - mmengine - INFO - Epoch(val) [0][ 50/217]    eta: 0:00:13  time: 0.0767  data_time: 0.0032  memory: 1634  
2025/05/31 04:13:23 - mmengine - INFO - Epoch(val) [0][100/217]    eta: 0:00:08  time: 0.0795  data_time: 0.0031  memory: 1634  
2025/05/31 04:13:27 - mmengine - INFO - Epoch(val) [0][150/217]    eta: 0:00:04  time: 0.0762  data_time: 0.0032  memory: 1634  
2025/05/31 04:13:31 - mmengine - INFO - Epoch(val) [0][200/217]    eta: 0:00:01  time: 0.0709  data_time: 0.0033  memory: 1634  
2025/05/31 04:13:32 - mmengine - INFO - per class results:
2025/05/31 04:13:32 - mmengine - INFO - 
+---------+-------+-------+
|  Class  |  IoU  |  Acc  |
+---------+-------+-------+
|  fabric | 22.34 | 37.88 |
|  glass  |  1.6  |  1.74 |
| leather |  0.0  |  0.0  |
|  metal  |  0.0  |  0.0  |
| plastic |  0.0  |  0.0  |
|  stone  |  0.0  |  0.0  |
|   wood  | 39.16 | 75.63 |
+---------+-------+-------+
2025/05/31 04:13:32 - mmengine - INFO - Epoch(val) [0][217/217]    aAcc: 41.2500  mIoU: 9.0100  mAcc: 16.4600  data_time: 0.0033  time: 0.0740
2025/05/31 04:14:04 - mmengine - INFO - Epoch(train) [1][9050/157]  lr: 7.2665e-03  eta: 3:47:43  time: 0.6675  data_time: 0.0211  memory: 22184  loss: 0.4102  decode.loss_ce: 0.2913  decode.acc_seg: 72.9195  aux.loss_ce: 0.1189  aux.acc_seg: 80.8919
2025/05/31 04:14:37 - mmengine - INFO - Epoch(train) [1][9100/157]  lr: 7.2511e-03  eta: 3:47:10  time: 0.6598  data_time: 0.0203  memory: 22184  loss: 0.4199  decode.loss_ce: 0.2985  decode.acc_seg: 11.3171  aux.loss_ce: 0.1215  aux.acc_seg: 24.5996
2025/05/31 04:15:09 - mmengine - INFO - Epoch(train) [1][9150/157]  lr: 7.2357e-03  eta: 3:46:37  time: 0.6600  data_time: 0.0205  memory: 22184  loss: 0.4147  decode.loss_ce: 0.2928  decode.acc_seg: 45.0173  aux.loss_ce: 0.1220  aux.acc_seg: 33.4542
2025/05/31 04:15:42 - mmengine - INFO - Epoch(train) [1][9200/157]  lr: 7.2203e-03  eta: 3:46:04  time: 0.6561  data_time: 0.0201  memory: 22183  loss: 0.4266  decode.loss_ce: 0.3054  decode.acc_seg: 45.9264  aux.loss_ce: 0.1212  aux.acc_seg: 58.2949
2025/05/31 04:16:14 - mmengine - INFO - Epoch(train) [1][9250/157]  lr: 7.2049e-03  eta: 3:45:30  time: 0.6666  data_time: 0.0198  memory: 22184  loss: 0.4558  decode.loss_ce: 0.3264  decode.acc_seg: 27.9123  aux.loss_ce: 0.1293  aux.acc_seg: 43.9755
2025/05/31 04:16:46 - mmengine - INFO - Epoch(train) [1][9300/157]  lr: 7.1894e-03  eta: 3:44:57  time: 0.6503  data_time: 0.0201  memory: 22184  loss: 0.4496  decode.loss_ce: 0.3201  decode.acc_seg: 16.4752  aux.loss_ce: 0.1295  aux.acc_seg: 17.3344
2025/05/31 04:17:18 - mmengine - INFO - Epoch(train) [1][9350/157]  lr: 7.1740e-03  eta: 3:44:23  time: 0.6654  data_time: 0.0200  memory: 22184  loss: 0.5400  decode.loss_ce: 0.3834  decode.acc_seg: 25.7674  aux.loss_ce: 0.1566  aux.acc_seg: 24.6287
2025/05/31 04:17:51 - mmengine - INFO - Epoch(train) [1][9400/157]  lr: 7.1586e-03  eta: 3:43:50  time: 0.6652  data_time: 0.0203  memory: 22184  loss: 0.3973  decode.loss_ce: 0.2818  decode.acc_seg: 4.5755  aux.loss_ce: 0.1155  aux.acc_seg: 4.1592
2025/05/31 04:18:23 - mmengine - INFO - Epoch(train) [1][9450/157]  lr: 7.1432e-03  eta: 3:43:17  time: 0.6634  data_time: 0.0203  memory: 22184  loss: 0.3891  decode.loss_ce: 0.2747  decode.acc_seg: 56.1068  aux.loss_ce: 0.1143  aux.acc_seg: 48.6192
2025/05/31 04:18:55 - mmengine - INFO - Epoch(train) [1][9500/157]  lr: 7.1278e-03  eta: 3:42:43  time: 0.6540  data_time: 0.0202  memory: 22184  loss: 0.3856  decode.loss_ce: 0.2730  decode.acc_seg: 30.9096  aux.loss_ce: 0.1126  aux.acc_seg: 30.5283
2025/05/31 04:19:27 - mmengine - INFO - Epoch(train) [1][9550/157]  lr: 7.1123e-03  eta: 3:42:09  time: 0.6563  data_time: 0.0204  memory: 22184  loss: 0.4032  decode.loss_ce: 0.2857  decode.acc_seg: 37.0800  aux.loss_ce: 0.1175  aux.acc_seg: 42.0291
2025/05/31 04:19:59 - mmengine - INFO - Epoch(train) [1][9600/157]  lr: 7.0969e-03  eta: 3:41:35  time: 0.6535  data_time: 0.0202  memory: 22184  loss: 0.4343  decode.loss_ce: 0.3094  decode.acc_seg: 65.1919  aux.loss_ce: 0.1249  aux.acc_seg: 61.5933
2025/05/31 04:20:31 - mmengine - INFO - Epoch(train) [1][9650/157]  lr: 7.0815e-03  eta: 3:41:02  time: 0.6556  data_time: 0.0204  memory: 22184  loss: 0.3769  decode.loss_ce: 0.2683  decode.acc_seg: 37.8869  aux.loss_ce: 0.1086  aux.acc_seg: 47.9114
2025/05/31 04:21:03 - mmengine - INFO - Epoch(train) [1][9700/157]  lr: 7.0660e-03  eta: 3:40:28  time: 0.6596  data_time: 0.0201  memory: 22185  loss: 0.4584  decode.loss_ce: 0.3248  decode.acc_seg: 16.3557  aux.loss_ce: 0.1336  aux.acc_seg: 15.1756
2025/05/31 04:21:36 - mmengine - INFO - Epoch(train) [1][9750/157]  lr: 7.0506e-03  eta: 3:39:55  time: 0.6503  data_time: 0.0202  memory: 22184  loss: 0.4894  decode.loss_ce: 0.3492  decode.acc_seg: 52.7666  aux.loss_ce: 0.1402  aux.acc_seg: 45.0826
2025/05/31 04:22:08 - mmengine - INFO - Epoch(train) [1][9800/157]  lr: 7.0351e-03  eta: 3:39:22  time: 0.6511  data_time: 0.0200  memory: 22184  loss: 0.3604  decode.loss_ce: 0.2564  decode.acc_seg: 17.9626  aux.loss_ce: 0.1040  aux.acc_seg: 20.9610
2025/05/31 04:22:40 - mmengine - INFO - Epoch(train) [1][9850/157]  lr: 7.0197e-03  eta: 3:38:48  time: 0.6642  data_time: 0.0201  memory: 22184  loss: 0.4654  decode.loss_ce: 0.3295  decode.acc_seg: 3.5257  aux.loss_ce: 0.1358  aux.acc_seg: 4.4110
2025/05/31 04:23:12 - mmengine - INFO - Epoch(train) [1][9900/157]  lr: 7.0042e-03  eta: 3:38:15  time: 0.6574  data_time: 0.0199  memory: 22184  loss: 0.4831  decode.loss_ce: 0.3411  decode.acc_seg: 49.6520  aux.loss_ce: 0.1419  aux.acc_seg: 72.5124
2025/05/31 04:23:44 - mmengine - INFO - Epoch(train) [1][9950/157]  lr: 6.9888e-03  eta: 3:37:42  time: 0.6579  data_time: 0.0200  memory: 22184  loss: 0.4235  decode.loss_ce: 0.2995  decode.acc_seg: 40.1028  aux.loss_ce: 0.1240  aux.acc_seg: 41.0754
2025/05/31 04:24:17 - mmengine - INFO - Exp name: 7_minc_deeplabv3plusplus_20250531_023432
2025/05/31 04:24:17 - mmengine - INFO - Epoch(train) [1][10000/157]  lr: 6.9733e-03  eta: 3:37:09  time: 0.6588  data_time: 0.0202  memory: 22184  loss: 0.4664  decode.loss_ce: 0.3334  decode.acc_seg: 24.6496  aux.loss_ce: 0.1330  aux.acc_seg: 27.5642
2025/05/31 04:24:49 - mmengine - INFO - Epoch(train) [1][10050/157]  lr: 6.9578e-03  eta: 3:36:36  time: 0.6658  data_time: 0.0206  memory: 22184  loss: 0.4370  decode.loss_ce: 0.3087  decode.acc_seg: 72.4156  aux.loss_ce: 0.1282  aux.acc_seg: 70.5902
2025/05/31 04:25:21 - mmengine - INFO - Epoch(train) [1][10100/157]  lr: 6.9424e-03  eta: 3:36:02  time: 0.6662  data_time: 0.0202  memory: 22185  loss: 0.4663  decode.loss_ce: 0.3322  decode.acc_seg: 38.6587  aux.loss_ce: 0.1341  aux.acc_seg: 49.4292
2025/05/31 04:25:53 - mmengine - INFO - Epoch(train) [1][10150/157]  lr: 6.9269e-03  eta: 3:35:29  time: 0.6629  data_time: 0.0204  memory: 22184  loss: 0.5199  decode.loss_ce: 0.3698  decode.acc_seg: 34.3785  aux.loss_ce: 0.1501  aux.acc_seg: 43.6784
2025/05/31 04:26:25 - mmengine - INFO - Epoch(train) [1][10200/157]  lr: 6.9114e-03  eta: 3:34:55  time: 0.6747  data_time: 0.0206  memory: 22184  loss: 0.4806  decode.loss_ce: 0.3400  decode.acc_seg: 34.1936  aux.loss_ce: 0.1405  aux.acc_seg: 31.3464
2025/05/31 04:26:57 - mmengine - INFO - Epoch(train) [1][10250/157]  lr: 6.8959e-03  eta: 3:34:21  time: 0.6684  data_time: 0.0208  memory: 22184  loss: 0.3828  decode.loss_ce: 0.2723  decode.acc_seg: 26.7204  aux.loss_ce: 0.1105  aux.acc_seg: 36.0932
2025/05/31 04:27:30 - mmengine - INFO - Epoch(train) [1][10300/157]  lr: 6.8805e-03  eta: 3:33:48  time: 0.6616  data_time: 0.0203  memory: 22184  loss: 0.3306  decode.loss_ce: 0.2364  decode.acc_seg: 26.1358  aux.loss_ce: 0.0942  aux.acc_seg: 48.9733
2025/05/31 04:28:02 - mmengine - INFO - Epoch(train) [1][10350/157]  lr: 6.8650e-03  eta: 3:33:15  time: 0.6713  data_time: 0.0210  memory: 22184  loss: 0.4344  decode.loss_ce: 0.3068  decode.acc_seg: 34.9124  aux.loss_ce: 0.1276  aux.acc_seg: 22.6980
2025/05/31 04:28:34 - mmengine - INFO - Epoch(train) [1][10400/157]  lr: 6.8495e-03  eta: 3:32:41  time: 0.6674  data_time: 0.0201  memory: 22184  loss: 0.4970  decode.loss_ce: 0.3503  decode.acc_seg: 39.5287  aux.loss_ce: 0.1467  aux.acc_seg: 46.3691
2025/05/31 04:29:06 - mmengine - INFO - Epoch(train) [1][10450/157]  lr: 6.8340e-03  eta: 3:32:09  time: 0.6704  data_time: 0.0203  memory: 22184  loss: 0.3927  decode.loss_ce: 0.2778  decode.acc_seg: 39.1155  aux.loss_ce: 0.1149  aux.acc_seg: 44.2514
2025/05/31 04:29:38 - mmengine - INFO - Epoch(train) [1][10500/157]  lr: 6.8185e-03  eta: 3:31:35  time: 0.6673  data_time: 0.0203  memory: 22184  loss: 0.3728  decode.loss_ce: 0.2632  decode.acc_seg: 53.6858  aux.loss_ce: 0.1096  aux.acc_seg: 38.9167
2025/05/31 04:30:10 - mmengine - INFO - Epoch(train) [1][10550/157]  lr: 6.8030e-03  eta: 3:31:02  time: 0.6635  data_time: 0.0203  memory: 22184  loss: 0.4291  decode.loss_ce: 0.3046  decode.acc_seg: 27.7582  aux.loss_ce: 0.1245  aux.acc_seg: 34.7839
2025/05/31 04:30:43 - mmengine - INFO - Epoch(train) [1][10600/157]  lr: 6.7875e-03  eta: 3:30:29  time: 0.6732  data_time: 0.0207  memory: 22184  loss: 0.4388  decode.loss_ce: 0.3141  decode.acc_seg: 42.9285  aux.loss_ce: 0.1247  aux.acc_seg: 41.1542
2025/05/31 04:31:15 - mmengine - INFO - Epoch(train) [1][10650/157]  lr: 6.7719e-03  eta: 3:29:56  time: 0.6630  data_time: 0.0206  memory: 22184  loss: 0.3735  decode.loss_ce: 0.2655  decode.acc_seg: 31.8752  aux.loss_ce: 0.1080  aux.acc_seg: 40.7168
2025/05/31 04:31:47 - mmengine - INFO - Epoch(train) [1][10700/157]  lr: 6.7564e-03  eta: 3:29:22  time: 0.6568  data_time: 0.0202  memory: 22184  loss: 0.4146  decode.loss_ce: 0.2937  decode.acc_seg: 51.8197  aux.loss_ce: 0.1208  aux.acc_seg: 48.9744
2025/05/31 04:32:19 - mmengine - INFO - Epoch(train) [1][10750/157]  lr: 6.7409e-03  eta: 3:28:49  time: 0.6560  data_time: 0.0204  memory: 22184  loss: 0.3926  decode.loss_ce: 0.2793  decode.acc_seg: 13.5508  aux.loss_ce: 0.1133  aux.acc_seg: 14.1341
2025/05/31 04:32:51 - mmengine - INFO - Epoch(train) [1][10800/157]  lr: 6.7254e-03  eta: 3:28:16  time: 0.6591  data_time: 0.0203  memory: 22184  loss: 0.4464  decode.loss_ce: 0.3184  decode.acc_seg: 48.9859  aux.loss_ce: 0.1280  aux.acc_seg: 43.1827
2025/05/31 04:33:23 - mmengine - INFO - Epoch(train) [1][10850/157]  lr: 6.7098e-03  eta: 3:27:42  time: 0.6623  data_time: 0.0201  memory: 22184  loss: 0.4228  decode.loss_ce: 0.2992  decode.acc_seg: 20.5217  aux.loss_ce: 0.1236  aux.acc_seg: 23.3387
2025/05/31 04:33:56 - mmengine - INFO - Epoch(train) [1][10900/157]  lr: 6.6943e-03  eta: 3:27:09  time: 0.6584  data_time: 0.0210  memory: 22184  loss: 0.4956  decode.loss_ce: 0.3467  decode.acc_seg: 35.2095  aux.loss_ce: 0.1489  aux.acc_seg: 35.9300
2025/05/31 04:34:29 - mmengine - INFO - Epoch(train) [1][10950/157]  lr: 6.6788e-03  eta: 3:26:37  time: 0.6552  data_time: 0.0209  memory: 22184  loss: 0.3233  decode.loss_ce: 0.2288  decode.acc_seg: 43.0298  aux.loss_ce: 0.0945  aux.acc_seg: 38.5929
2025/05/31 04:35:01 - mmengine - INFO - Exp name: 7_minc_deeplabv3plusplus_20250531_023432
2025/05/31 04:35:01 - mmengine - INFO - Epoch(train) [1][11000/157]  lr: 6.6632e-03  eta: 3:26:04  time: 0.6647  data_time: 0.0204  memory: 22184  loss: 0.3792  decode.loss_ce: 0.2683  decode.acc_seg: 40.0565  aux.loss_ce: 0.1109  aux.acc_seg: 35.3117
2025/05/31 04:35:33 - mmengine - INFO - Epoch(train) [1][11050/157]  lr: 6.6477e-03  eta: 3:25:31  time: 0.6515  data_time: 0.0206  memory: 22184  loss: 0.4467  decode.loss_ce: 0.3128  decode.acc_seg: 50.3965  aux.loss_ce: 0.1338  aux.acc_seg: 52.1417
2025/05/31 04:36:05 - mmengine - INFO - Epoch(train) [1][11100/157]  lr: 6.6321e-03  eta: 3:24:58  time: 0.6638  data_time: 0.0210  memory: 22184  loss: 0.5280  decode.loss_ce: 0.3773  decode.acc_seg: 51.2792  aux.loss_ce: 0.1507  aux.acc_seg: 44.6490
2025/05/31 04:36:37 - mmengine - INFO - Epoch(train) [1][11150/157]  lr: 6.6166e-03  eta: 3:24:25  time: 0.6690  data_time: 0.0209  memory: 22184  loss: 0.4302  decode.loss_ce: 0.3039  decode.acc_seg: 36.3528  aux.loss_ce: 0.1263  aux.acc_seg: 32.2646
2025/05/31 04:37:10 - mmengine - INFO - Epoch(train) [1][11200/157]  lr: 6.6010e-03  eta: 3:23:52  time: 0.6624  data_time: 0.0206  memory: 22185  loss: 0.3522  decode.loss_ce: 0.2510  decode.acc_seg: 27.2484  aux.loss_ce: 0.1012  aux.acc_seg: 28.6100
2025/05/31 04:37:43 - mmengine - INFO - Epoch(train) [1][11250/157]  lr: 6.5855e-03  eta: 3:23:21  time: 0.7688  data_time: 0.0583  memory: 22184  loss: 0.4415  decode.loss_ce: 0.3122  decode.acc_seg: 51.3357  aux.loss_ce: 0.1292  aux.acc_seg: 31.7253
2025/05/31 04:38:15 - mmengine - INFO - Epoch(train) [1][11300/157]  lr: 6.5699e-03  eta: 3:22:48  time: 0.6688  data_time: 0.0220  memory: 22184  loss: 0.4114  decode.loss_ce: 0.2926  decode.acc_seg: 44.4736  aux.loss_ce: 0.1188  aux.acc_seg: 23.8271
2025/05/31 04:38:48 - mmengine - INFO - Epoch(train) [1][11350/157]  lr: 6.5543e-03  eta: 3:22:15  time: 0.6676  data_time: 0.0210  memory: 22184  loss: 0.4319  decode.loss_ce: 0.3093  decode.acc_seg: 37.4126  aux.loss_ce: 0.1226  aux.acc_seg: 40.6604
2025/05/31 04:39:20 - mmengine - INFO - Epoch(train) [1][11400/157]  lr: 6.5387e-03  eta: 3:21:42  time: 0.6620  data_time: 0.0202  memory: 22184  loss: 0.4655  decode.loss_ce: 0.3328  decode.acc_seg: 46.6456  aux.loss_ce: 0.1327  aux.acc_seg: 43.5876
2025/05/31 04:39:52 - mmengine - INFO - Epoch(train) [1][11450/157]  lr: 6.5232e-03  eta: 3:21:09  time: 0.6583  data_time: 0.0203  memory: 22184  loss: 0.3813  decode.loss_ce: 0.2690  decode.acc_seg: 62.2419  aux.loss_ce: 0.1123  aux.acc_seg: 59.8141
2025/05/31 04:40:25 - mmengine - INFO - Epoch(train) [1][11500/157]  lr: 6.5076e-03  eta: 3:20:36  time: 0.6575  data_time: 0.0199  memory: 22184  loss: 0.4861  decode.loss_ce: 0.3456  decode.acc_seg: 18.7836  aux.loss_ce: 0.1405  aux.acc_seg: 24.3212
2025/05/31 04:40:57 - mmengine - INFO - Epoch(train) [1][11550/157]  lr: 6.4920e-03  eta: 3:20:03  time: 0.6678  data_time: 0.0198  memory: 22184  loss: 0.3693  decode.loss_ce: 0.2620  decode.acc_seg: 41.3697  aux.loss_ce: 0.1074  aux.acc_seg: 33.6611
2025/05/31 04:41:29 - mmengine - INFO - Epoch(train) [1][11600/157]  lr: 6.4764e-03  eta: 3:19:30  time: 0.6620  data_time: 0.0199  memory: 22184  loss: 0.5069  decode.loss_ce: 0.3588  decode.acc_seg: 59.3812  aux.loss_ce: 0.1481  aux.acc_seg: 50.6297
2025/05/31 04:42:01 - mmengine - INFO - Epoch(train) [1][11650/157]  lr: 6.4608e-03  eta: 3:18:57  time: 0.6606  data_time: 0.0204  memory: 22184  loss: 0.4318  decode.loss_ce: 0.3048  decode.acc_seg: 18.4120  aux.loss_ce: 0.1270  aux.acc_seg: 27.5745
2025/05/31 04:42:33 - mmengine - INFO - Epoch(train) [1][11700/157]  lr: 6.4452e-03  eta: 3:18:24  time: 0.6739  data_time: 0.0202  memory: 22184  loss: 0.3233  decode.loss_ce: 0.2297  decode.acc_seg: 5.1208  aux.loss_ce: 0.0936  aux.acc_seg: 3.6957
2025/05/31 04:43:06 - mmengine - INFO - Epoch(train) [1][11750/157]  lr: 6.4296e-03  eta: 3:17:51  time: 0.6614  data_time: 0.0203  memory: 22184  loss: 0.4184  decode.loss_ce: 0.2986  decode.acc_seg: 57.7467  aux.loss_ce: 0.1197  aux.acc_seg: 55.1899
2025/05/31 04:43:38 - mmengine - INFO - Epoch(train) [1][11800/157]  lr: 6.4140e-03  eta: 3:17:18  time: 0.6627  data_time: 0.0202  memory: 22185  loss: 0.3932  decode.loss_ce: 0.2764  decode.acc_seg: 46.6693  aux.loss_ce: 0.1168  aux.acc_seg: 39.6311
2025/05/31 04:44:10 - mmengine - INFO - Epoch(train) [1][11850/157]  lr: 6.3984e-03  eta: 3:16:45  time: 0.6624  data_time: 0.0203  memory: 22184  loss: 0.3755  decode.loss_ce: 0.2663  decode.acc_seg: 48.2725  aux.loss_ce: 0.1092  aux.acc_seg: 41.8334
2025/05/31 04:44:42 - mmengine - INFO - Epoch(train) [1][11900/157]  lr: 6.3828e-03  eta: 3:16:12  time: 0.6579  data_time: 0.0205  memory: 22184  loss: 0.3985  decode.loss_ce: 0.2800  decode.acc_seg: 65.6309  aux.loss_ce: 0.1186  aux.acc_seg: 44.5077
2025/05/31 04:45:14 - mmengine - INFO - Epoch(train) [1][11950/157]  lr: 6.3671e-03  eta: 3:15:39  time: 0.6634  data_time: 0.0205  memory: 22184  loss: 0.3822  decode.loss_ce: 0.2718  decode.acc_seg: 37.9097  aux.loss_ce: 0.1104  aux.acc_seg: 37.3129
2025/05/31 04:45:47 - mmengine - INFO - Exp name: 7_minc_deeplabv3plusplus_20250531_023432
2025/05/31 04:45:47 - mmengine - INFO - Epoch(train) [1][12000/157]  lr: 6.3515e-03  eta: 3:15:06  time: 0.6593  data_time: 0.0202  memory: 22184  loss: 0.3427  decode.loss_ce: 0.2443  decode.acc_seg: 38.2701  aux.loss_ce: 0.0983  aux.acc_seg: 34.7441
2025/05/31 04:45:47 - mmengine - INFO - Saving checkpoint at 12000 iterations
2025/05/31 04:45:54 - mmengine - INFO - Epoch(val) [0][ 50/217]    eta: 0:00:13  time: 0.0722  data_time: 0.0032  memory: 1634  
2025/05/31 04:45:57 - mmengine - INFO - Epoch(val) [0][100/217]    eta: 0:00:08  time: 0.0731  data_time: 0.0031  memory: 1634  
2025/05/31 04:46:01 - mmengine - INFO - Epoch(val) [0][150/217]    eta: 0:00:05  time: 0.0708  data_time: 0.0031  memory: 1634  
2025/05/31 04:46:05 - mmengine - INFO - Epoch(val) [0][200/217]    eta: 0:00:01  time: 0.0685  data_time: 0.0032  memory: 1634  
2025/05/31 04:46:06 - mmengine - INFO - per class results:
2025/05/31 04:46:06 - mmengine - INFO - 
+---------+-------+-------+
|  Class  |  IoU  |  Acc  |
+---------+-------+-------+
|  fabric | 15.71 | 21.47 |
|  glass  |  3.39 |  4.14 |
| leather |  0.0  |  0.0  |
|  metal  |  0.06 |  0.06 |
| plastic |  1.26 |  1.27 |
|  stone  |  0.0  |  0.0  |
|   wood  |  40.0 | 86.98 |
+---------+-------+-------+
2025/05/31 04:46:06 - mmengine - INFO - Epoch(val) [0][217/217]    aAcc: 40.7800  mIoU: 8.6300  mAcc: 16.2800  data_time: 0.0033  time: 0.0740
2025/05/31 04:46:38 - mmengine - INFO - Epoch(train) [1][12050/157]  lr: 6.3359e-03  eta: 3:14:33  time: 0.6566  data_time: 0.0205  memory: 22184  loss: 0.3727  decode.loss_ce: 0.2622  decode.acc_seg: 68.3483  aux.loss_ce: 0.1105  aux.acc_seg: 62.6167
2025/05/31 04:47:10 - mmengine - INFO - Epoch(train) [1][12100/157]  lr: 6.3202e-03  eta: 3:14:00  time: 0.6606  data_time: 0.0201  memory: 22184  loss: 0.5195  decode.loss_ce: 0.3700  decode.acc_seg: 51.8427  aux.loss_ce: 0.1495  aux.acc_seg: 41.4934
2025/05/31 04:47:42 - mmengine - INFO - Epoch(train) [1][12150/157]  lr: 6.3046e-03  eta: 3:13:27  time: 0.6599  data_time: 0.0202  memory: 22184  loss: 0.4899  decode.loss_ce: 0.3532  decode.acc_seg: 43.1687  aux.loss_ce: 0.1367  aux.acc_seg: 48.1538
2025/05/31 04:48:14 - mmengine - INFO - Epoch(train) [1][12200/157]  lr: 6.2890e-03  eta: 3:12:54  time: 0.6552  data_time: 0.0202  memory: 22184  loss: 0.4548  decode.loss_ce: 0.3202  decode.acc_seg: 10.7566  aux.loss_ce: 0.1347  aux.acc_seg: 9.4680
2025/05/31 04:48:46 - mmengine - INFO - Epoch(train) [1][12250/157]  lr: 6.2733e-03  eta: 3:12:20  time: 0.6645  data_time: 0.0200  memory: 22185  loss: 0.4751  decode.loss_ce: 0.3364  decode.acc_seg: 39.6034  aux.loss_ce: 0.1387  aux.acc_seg: 34.9425
2025/05/31 04:49:19 - mmengine - INFO - Epoch(train) [1][12300/157]  lr: 6.2577e-03  eta: 3:11:47  time: 0.6637  data_time: 0.0201  memory: 22184  loss: 0.4112  decode.loss_ce: 0.2946  decode.acc_seg: 24.3822  aux.loss_ce: 0.1166  aux.acc_seg: 19.8078
2025/05/31 04:49:51 - mmengine - INFO - Epoch(train) [1][12350/157]  lr: 6.2420e-03  eta: 3:11:14  time: 0.6526  data_time: 0.0200  memory: 22185  loss: 0.4096  decode.loss_ce: 0.2886  decode.acc_seg: 88.1871  aux.loss_ce: 0.1210  aux.acc_seg: 59.1172
2025/05/31 04:50:23 - mmengine - INFO - Epoch(train) [1][12400/157]  lr: 6.2263e-03  eta: 3:10:41  time: 0.6593  data_time: 0.0200  memory: 22184  loss: 0.4155  decode.loss_ce: 0.2971  decode.acc_seg: 45.7169  aux.loss_ce: 0.1184  aux.acc_seg: 43.9148
2025/05/31 04:50:55 - mmengine - INFO - Epoch(train) [1][12450/157]  lr: 6.2107e-03  eta: 3:10:08  time: 0.6607  data_time: 0.0200  memory: 22184  loss: 0.4590  decode.loss_ce: 0.3285  decode.acc_seg: 37.9452  aux.loss_ce: 0.1305  aux.acc_seg: 35.0652
2025/05/31 04:51:27 - mmengine - INFO - Epoch(train) [1][12500/157]  lr: 6.1950e-03  eta: 3:09:35  time: 0.6590  data_time: 0.0210  memory: 22184  loss: 0.5490  decode.loss_ce: 0.3906  decode.acc_seg: 18.0980  aux.loss_ce: 0.1584  aux.acc_seg: 31.5325
2025/05/31 04:51:59 - mmengine - INFO - Epoch(train) [1][12550/157]  lr: 6.1793e-03  eta: 3:09:02  time: 0.6517  data_time: 0.0203  memory: 22185  loss: 0.3377  decode.loss_ce: 0.2378  decode.acc_seg: 40.6507  aux.loss_ce: 0.0999  aux.acc_seg: 47.3244
2025/05/31 04:52:32 - mmengine - INFO - Epoch(train) [1][12600/157]  lr: 6.1636e-03  eta: 3:08:29  time: 0.6662  data_time: 0.0205  memory: 22185  loss: 0.3770  decode.loss_ce: 0.2693  decode.acc_seg: 57.4193  aux.loss_ce: 0.1077  aux.acc_seg: 55.7837
2025/05/31 04:53:04 - mmengine - INFO - Epoch(train) [1][12650/157]  lr: 6.1480e-03  eta: 3:07:56  time: 0.6607  data_time: 0.0203  memory: 22184  loss: 0.4237  decode.loss_ce: 0.3015  decode.acc_seg: 8.4805  aux.loss_ce: 0.1221  aux.acc_seg: 6.0588
2025/05/31 04:53:36 - mmengine - INFO - Epoch(train) [1][12700/157]  lr: 6.1323e-03  eta: 3:07:24  time: 0.6753  data_time: 0.0200  memory: 22184  loss: 0.4203  decode.loss_ce: 0.2973  decode.acc_seg: 59.6732  aux.loss_ce: 0.1230  aux.acc_seg: 62.8781
2025/05/31 04:54:08 - mmengine - INFO - Epoch(train) [1][12750/157]  lr: 6.1166e-03  eta: 3:06:51  time: 0.6705  data_time: 0.0205  memory: 22184  loss: 0.3594  decode.loss_ce: 0.2565  decode.acc_seg: 33.6500  aux.loss_ce: 0.1029  aux.acc_seg: 29.4974
2025/05/31 04:54:41 - mmengine - INFO - Epoch(train) [1][12800/157]  lr: 6.1009e-03  eta: 3:06:18  time: 0.6739  data_time: 0.0211  memory: 22184  loss: 0.4187  decode.loss_ce: 0.2998  decode.acc_seg: 71.0969  aux.loss_ce: 0.1189  aux.acc_seg: 79.6702
2025/05/31 04:55:13 - mmengine - INFO - Epoch(train) [1][12850/157]  lr: 6.0852e-03  eta: 3:05:45  time: 0.6672  data_time: 0.0206  memory: 22184  loss: 0.4980  decode.loss_ce: 0.3524  decode.acc_seg: 24.0495  aux.loss_ce: 0.1456  aux.acc_seg: 23.6493
2025/05/31 04:55:45 - mmengine - INFO - Epoch(train) [1][12900/157]  lr: 6.0695e-03  eta: 3:05:12  time: 0.6616  data_time: 0.0209  memory: 22184  loss: 0.3733  decode.loss_ce: 0.2628  decode.acc_seg: 44.5843  aux.loss_ce: 0.1106  aux.acc_seg: 47.3517
2025/05/31 04:56:17 - mmengine - INFO - Epoch(train) [1][12950/157]  lr: 6.0538e-03  eta: 3:04:39  time: 0.6611  data_time: 0.0206  memory: 22184  loss: 0.3888  decode.loss_ce: 0.2748  decode.acc_seg: 65.1728  aux.loss_ce: 0.1140  aux.acc_seg: 53.8526
2025/05/31 04:56:49 - mmengine - INFO - Exp name: 7_minc_deeplabv3plusplus_20250531_023432
2025/05/31 04:56:49 - mmengine - INFO - Epoch(train) [1][13000/157]  lr: 6.0380e-03  eta: 3:04:07  time: 0.6628  data_time: 0.0206  memory: 22184  loss: 0.3657  decode.loss_ce: 0.2568  decode.acc_seg: 65.8142  aux.loss_ce: 0.1090  aux.acc_seg: 45.9637
2025/05/31 04:57:22 - mmengine - INFO - Epoch(train) [1][13050/157]  lr: 6.0223e-03  eta: 3:03:34  time: 0.6647  data_time: 0.0204  memory: 22184  loss: 0.4336  decode.loss_ce: 0.3075  decode.acc_seg: 36.2882  aux.loss_ce: 0.1261  aux.acc_seg: 23.5550
2025/05/31 04:57:54 - mmengine - INFO - Epoch(train) [1][13100/157]  lr: 6.0066e-03  eta: 3:03:01  time: 0.6563  data_time: 0.0207  memory: 22184  loss: 0.4998  decode.loss_ce: 0.3540  decode.acc_seg: 45.4943  aux.loss_ce: 0.1458  aux.acc_seg: 49.2800
2025/05/31 04:58:26 - mmengine - INFO - Epoch(train) [1][13150/157]  lr: 5.9909e-03  eta: 3:02:28  time: 0.6659  data_time: 0.0208  memory: 22184  loss: 0.4653  decode.loss_ce: 0.3299  decode.acc_seg: 27.9789  aux.loss_ce: 0.1354  aux.acc_seg: 41.3201
2025/05/31 04:58:58 - mmengine - INFO - Epoch(train) [1][13200/157]  lr: 5.9751e-03  eta: 3:01:55  time: 0.6524  data_time: 0.0205  memory: 22185  loss: 0.5166  decode.loss_ce: 0.3681  decode.acc_seg: 24.4537  aux.loss_ce: 0.1484  aux.acc_seg: 22.4147
2025/05/31 04:59:30 - mmengine - INFO - Epoch(train) [1][13250/157]  lr: 5.9594e-03  eta: 3:01:22  time: 0.6539  data_time: 0.0203  memory: 22184  loss: 0.4290  decode.loss_ce: 0.3025  decode.acc_seg: 68.6574  aux.loss_ce: 0.1265  aux.acc_seg: 66.2989
2025/05/31 05:00:03 - mmengine - INFO - Epoch(train) [1][13300/157]  lr: 5.9436e-03  eta: 3:00:50  time: 0.6701  data_time: 0.0206  memory: 22185  loss: 0.4389  decode.loss_ce: 0.3131  decode.acc_seg: 7.4053  aux.loss_ce: 0.1259  aux.acc_seg: 8.5253
2025/05/31 05:00:35 - mmengine - INFO - Epoch(train) [1][13350/157]  lr: 5.9279e-03  eta: 3:00:17  time: 0.6550  data_time: 0.0205  memory: 22184  loss: 0.3714  decode.loss_ce: 0.2654  decode.acc_seg: 50.3182  aux.loss_ce: 0.1060  aux.acc_seg: 42.0871
2025/05/31 05:01:07 - mmengine - INFO - Epoch(train) [1][13400/157]  lr: 5.9121e-03  eta: 2:59:44  time: 0.6554  data_time: 0.0206  memory: 22184  loss: 0.4317  decode.loss_ce: 0.3054  decode.acc_seg: 49.3514  aux.loss_ce: 0.1263  aux.acc_seg: 33.8364
2025/05/31 05:01:39 - mmengine - INFO - Epoch(train) [1][13450/157]  lr: 5.8964e-03  eta: 2:59:11  time: 0.6689  data_time: 0.0205  memory: 22185  loss: 0.3593  decode.loss_ce: 0.2537  decode.acc_seg: 60.0493  aux.loss_ce: 0.1056  aux.acc_seg: 56.6369
2025/05/31 05:02:12 - mmengine - INFO - Epoch(train) [1][13500/157]  lr: 5.8806e-03  eta: 2:58:39  time: 0.6612  data_time: 0.0204  memory: 22184  loss: 0.4334  decode.loss_ce: 0.3066  decode.acc_seg: 26.0592  aux.loss_ce: 0.1267  aux.acc_seg: 25.7350
2025/05/31 05:02:44 - mmengine - INFO - Epoch(train) [1][13550/157]  lr: 5.8649e-03  eta: 2:58:06  time: 0.6647  data_time: 0.0204  memory: 22184  loss: 0.4123  decode.loss_ce: 0.2942  decode.acc_seg: 29.0196  aux.loss_ce: 0.1182  aux.acc_seg: 34.3363
2025/05/31 05:03:17 - mmengine - INFO - Epoch(train) [1][13600/157]  lr: 5.8491e-03  eta: 2:57:33  time: 0.6570  data_time: 0.0210  memory: 22184  loss: 0.5093  decode.loss_ce: 0.3625  decode.acc_seg: 16.8694  aux.loss_ce: 0.1468  aux.acc_seg: 26.7777
2025/05/31 05:03:49 - mmengine - INFO - Epoch(train) [1][13650/157]  lr: 5.8333e-03  eta: 2:57:00  time: 0.6555  data_time: 0.0204  memory: 22184  loss: 0.4324  decode.loss_ce: 0.3053  decode.acc_seg: 60.1641  aux.loss_ce: 0.1271  aux.acc_seg: 46.3176
2025/05/31 05:04:21 - mmengine - INFO - Epoch(train) [1][13700/157]  lr: 5.8175e-03  eta: 2:56:28  time: 0.6553  data_time: 0.0204  memory: 22184  loss: 0.3962  decode.loss_ce: 0.2820  decode.acc_seg: 55.4509  aux.loss_ce: 0.1142  aux.acc_seg: 43.6254
2025/05/31 05:04:53 - mmengine - INFO - Epoch(train) [1][13750/157]  lr: 5.8017e-03  eta: 2:55:55  time: 0.6653  data_time: 0.0206  memory: 22184  loss: 0.4067  decode.loss_ce: 0.2880  decode.acc_seg: 52.7092  aux.loss_ce: 0.1187  aux.acc_seg: 47.0962
2025/05/31 05:05:25 - mmengine - INFO - Epoch(train) [1][13800/157]  lr: 5.7859e-03  eta: 2:55:22  time: 0.6519  data_time: 0.0207  memory: 22184  loss: 0.5323  decode.loss_ce: 0.3793  decode.acc_seg: 83.3133  aux.loss_ce: 0.1529  aux.acc_seg: 72.0672
2025/05/31 05:05:58 - mmengine - INFO - Epoch(train) [1][13850/157]  lr: 5.7701e-03  eta: 2:54:49  time: 0.6633  data_time: 0.0204  memory: 22184  loss: 0.4178  decode.loss_ce: 0.2956  decode.acc_seg: 35.9878  aux.loss_ce: 0.1223  aux.acc_seg: 32.7784
2025/05/31 05:06:30 - mmengine - INFO - Epoch(train) [1][13900/157]  lr: 5.7543e-03  eta: 2:54:17  time: 0.6528  data_time: 0.0208  memory: 22184  loss: 0.3649  decode.loss_ce: 0.2618  decode.acc_seg: 29.8086  aux.loss_ce: 0.1031  aux.acc_seg: 25.4870
2025/05/31 05:07:02 - mmengine - INFO - Epoch(train) [1][13950/157]  lr: 5.7385e-03  eta: 2:53:44  time: 0.6615  data_time: 0.0206  memory: 22184  loss: 0.4454  decode.loss_ce: 0.3103  decode.acc_seg: 31.5101  aux.loss_ce: 0.1351  aux.acc_seg: 36.0793
2025/05/31 05:07:35 - mmengine - INFO - Exp name: 7_minc_deeplabv3plusplus_20250531_023432
2025/05/31 05:07:35 - mmengine - INFO - Epoch(train) [1][14000/157]  lr: 5.7227e-03  eta: 2:53:11  time: 0.6603  data_time: 0.0207  memory: 22184  loss: 0.4287  decode.loss_ce: 0.3023  decode.acc_seg: 12.4932  aux.loss_ce: 0.1264  aux.acc_seg: 23.7833
2025/05/31 05:08:06 - mmengine - INFO - Epoch(train) [1][14050/157]  lr: 5.7069e-03  eta: 2:52:38  time: 0.5710  data_time: 0.0205  memory: 22184  loss: 0.3419  decode.loss_ce: 0.2404  decode.acc_seg: 83.1985  aux.loss_ce: 0.1015  aux.acc_seg: 69.7875
2025/05/31 05:08:38 - mmengine - INFO - Epoch(train) [1][14100/157]  lr: 5.6911e-03  eta: 2:52:05  time: 0.5681  data_time: 0.0201  memory: 22185  loss: 0.4231  decode.loss_ce: 0.2938  decode.acc_seg: 12.4271  aux.loss_ce: 0.1293  aux.acc_seg: 6.4817
2025/05/31 05:09:10 - mmengine - INFO - Epoch(train) [1][14150/157]  lr: 5.6753e-03  eta: 2:51:32  time: 0.5647  data_time: 0.0208  memory: 22184  loss: 0.3872  decode.loss_ce: 0.2707  decode.acc_seg: 24.6840  aux.loss_ce: 0.1165  aux.acc_seg: 28.4562
2025/05/31 05:09:43 - mmengine - INFO - Epoch(train) [1][14200/157]  lr: 5.6594e-03  eta: 2:51:00  time: 0.6680  data_time: 0.0205  memory: 22184  loss: 0.4841  decode.loss_ce: 0.3405  decode.acc_seg: 38.2535  aux.loss_ce: 0.1436  aux.acc_seg: 40.2249
2025/05/31 05:10:15 - mmengine - INFO - Epoch(train) [1][14250/157]  lr: 5.6436e-03  eta: 2:50:27  time: 0.5908  data_time: 0.0185  memory: 22184  loss: 0.4064  decode.loss_ce: 0.2886  decode.acc_seg: 36.7336  aux.loss_ce: 0.1178  aux.acc_seg: 52.0320
2025/05/31 05:10:47 - mmengine - INFO - Epoch(train) [1][14300/157]  lr: 5.6278e-03  eta: 2:49:54  time: 0.6453  data_time: 0.0199  memory: 22184  loss: 0.4165  decode.loss_ce: 0.2950  decode.acc_seg: 50.5871  aux.loss_ce: 0.1215  aux.acc_seg: 45.7281
2025/05/31 05:11:19 - mmengine - INFO - Epoch(train) [1][14350/157]  lr: 5.6119e-03  eta: 2:49:21  time: 0.6386  data_time: 0.0198  memory: 22184  loss: 0.4179  decode.loss_ce: 0.2934  decode.acc_seg: 48.7727  aux.loss_ce: 0.1245  aux.acc_seg: 40.6865
2025/05/31 05:11:52 - mmengine - INFO - Epoch(train) [1][14400/157]  lr: 5.5961e-03  eta: 2:48:49  time: 0.6750  data_time: 0.0209  memory: 22185  loss: 0.4107  decode.loss_ce: 0.2902  decode.acc_seg: 18.7060  aux.loss_ce: 0.1205  aux.acc_seg: 14.8580
2025/05/31 05:12:24 - mmengine - INFO - Epoch(train) [1][14450/157]  lr: 5.5802e-03  eta: 2:48:16  time: 0.6504  data_time: 0.0206  memory: 22184  loss: 0.4735  decode.loss_ce: 0.3309  decode.acc_seg: 34.9726  aux.loss_ce: 0.1426  aux.acc_seg: 33.2634
2025/05/31 05:12:56 - mmengine - INFO - Epoch(train) [1][14500/157]  lr: 5.5643e-03  eta: 2:47:43  time: 0.6479  data_time: 0.0200  memory: 22184  loss: 0.3618  decode.loss_ce: 0.2543  decode.acc_seg: 21.1830  aux.loss_ce: 0.1075  aux.acc_seg: 15.7341
2025/05/31 05:13:28 - mmengine - INFO - Epoch(train) [1][14550/157]  lr: 5.5485e-03  eta: 2:47:10  time: 0.6546  data_time: 0.0201  memory: 22184  loss: 0.3520  decode.loss_ce: 0.2469  decode.acc_seg: 58.0579  aux.loss_ce: 0.1050  aux.acc_seg: 48.9480
2025/05/31 05:14:01 - mmengine - INFO - Epoch(train) [1][14600/157]  lr: 5.5326e-03  eta: 2:46:38  time: 0.6395  data_time: 0.0200  memory: 22184  loss: 0.4109  decode.loss_ce: 0.2917  decode.acc_seg: 57.1416  aux.loss_ce: 0.1192  aux.acc_seg: 43.2648
2025/05/31 05:14:33 - mmengine - INFO - Epoch(train) [1][14650/157]  lr: 5.5167e-03  eta: 2:46:05  time: 0.6766  data_time: 0.0201  memory: 22184  loss: 0.4696  decode.loss_ce: 0.3313  decode.acc_seg: 61.0277  aux.loss_ce: 0.1383  aux.acc_seg: 54.6970
2025/05/31 05:15:05 - mmengine - INFO - Epoch(train) [1][14700/157]  lr: 5.5008e-03  eta: 2:45:32  time: 0.6448  data_time: 0.0205  memory: 22184  loss: 0.4947  decode.loss_ce: 0.3505  decode.acc_seg: 17.5496  aux.loss_ce: 0.1442  aux.acc_seg: 16.1773
2025/05/31 05:15:37 - mmengine - INFO - Epoch(train) [1][14750/157]  lr: 5.4850e-03  eta: 2:45:00  time: 0.6401  data_time: 0.0200  memory: 22184  loss: 0.3493  decode.loss_ce: 0.2457  decode.acc_seg: 32.7491  aux.loss_ce: 0.1037  aux.acc_seg: 39.3099
2025/05/31 05:16:09 - mmengine - INFO - Epoch(train) [1][14800/157]  lr: 5.4691e-03  eta: 2:44:27  time: 0.5913  data_time: 0.0203  memory: 22184  loss: 0.4260  decode.loss_ce: 0.3034  decode.acc_seg: 39.9200  aux.loss_ce: 0.1226  aux.acc_seg: 45.5714
2025/05/31 05:16:41 - mmengine - INFO - Epoch(train) [1][14850/157]  lr: 5.4532e-03  eta: 2:43:54  time: 0.5931  data_time: 0.0202  memory: 22184  loss: 0.4187  decode.loss_ce: 0.2928  decode.acc_seg: 64.5126  aux.loss_ce: 0.1259  aux.acc_seg: 47.6926
2025/05/31 05:17:13 - mmengine - INFO - Epoch(train) [1][14900/157]  lr: 5.4373e-03  eta: 2:43:21  time: 0.5989  data_time: 0.0203  memory: 22184  loss: 0.3706  decode.loss_ce: 0.2613  decode.acc_seg: 52.6310  aux.loss_ce: 0.1093  aux.acc_seg: 51.1052
2025/05/31 05:17:45 - mmengine - INFO - Epoch(train) [1][14950/157]  lr: 5.4214e-03  eta: 2:42:48  time: 0.5994  data_time: 0.0201  memory: 22184  loss: 0.4729  decode.loss_ce: 0.3368  decode.acc_seg: 31.3071  aux.loss_ce: 0.1361  aux.acc_seg: 22.3952
2025/05/31 05:18:18 - mmengine - INFO - Exp name: 7_minc_deeplabv3plusplus_20250531_023432
2025/05/31 05:18:18 - mmengine - INFO - Epoch(train) [1][15000/157]  lr: 5.4054e-03  eta: 2:42:15  time: 0.6004  data_time: 0.0203  memory: 22185  loss: 0.3473  decode.loss_ce: 0.2469  decode.acc_seg: 37.7217  aux.loss_ce: 0.1004  aux.acc_seg: 32.5316
2025/05/31 05:18:18 - mmengine - INFO - Saving checkpoint at 15000 iterations
2025/05/31 05:18:25 - mmengine - INFO - Epoch(val) [0][ 50/217]    eta: 0:00:12  time: 0.0726  data_time: 0.0032  memory: 1634  
2025/05/31 05:18:28 - mmengine - INFO - Epoch(val) [0][100/217]    eta: 0:00:08  time: 0.0733  data_time: 0.0033  memory: 1634  
2025/05/31 05:18:32 - mmengine - INFO - Epoch(val) [0][150/217]    eta: 0:00:04  time: 0.0718  data_time: 0.0032  memory: 1634  
2025/05/31 05:18:35 - mmengine - INFO - Epoch(val) [0][200/217]    eta: 0:00:01  time: 0.0733  data_time: 0.0031  memory: 1634  
2025/05/31 05:18:37 - mmengine - INFO - per class results:
2025/05/31 05:18:37 - mmengine - INFO - 
+---------+-------+-------+
|  Class  |  IoU  |  Acc  |
+---------+-------+-------+
|  fabric |  16.7 | 22.43 |
|  glass  |  4.38 |  4.93 |
| leather |  0.0  |  0.0  |
|  metal  |  3.95 |  3.99 |
| plastic |  0.06 |  0.06 |
|  stone  |  0.02 |  0.02 |
|   wood  | 39.82 | 87.46 |
+---------+-------+-------+
2025/05/31 05:18:37 - mmengine - INFO - Epoch(val) [0][217/217]    aAcc: 41.7200  mIoU: 9.2800  mAcc: 16.9800  data_time: 0.0034  time: 0.0729
2025/05/31 05:19:09 - mmengine - INFO - Epoch(train) [1][15050/157]  lr: 5.3895e-03  eta: 2:41:43  time: 0.6576  data_time: 0.0203  memory: 22184  loss: 0.4148  decode.loss_ce: 0.2925  decode.acc_seg: 51.3567  aux.loss_ce: 0.1223  aux.acc_seg: 49.7595
2025/05/31 05:19:42 - mmengine - INFO - Epoch(train) [1][15100/157]  lr: 5.3736e-03  eta: 2:41:10  time: 0.6634  data_time: 0.0202  memory: 22183  loss: 0.4579  decode.loss_ce: 0.3234  decode.acc_seg: 56.9089  aux.loss_ce: 0.1345  aux.acc_seg: 74.1229
2025/05/31 05:20:14 - mmengine - INFO - Epoch(train) [1][15150/157]  lr: 5.3577e-03  eta: 2:40:38  time: 0.6580  data_time: 0.0201  memory: 22184  loss: 0.4593  decode.loss_ce: 0.3279  decode.acc_seg: 23.5799  aux.loss_ce: 0.1314  aux.acc_seg: 65.4720
2025/05/31 05:20:46 - mmengine - INFO - Epoch(train) [1][15200/157]  lr: 5.3417e-03  eta: 2:40:05  time: 0.6519  data_time: 0.0203  memory: 22184  loss: 0.5054  decode.loss_ce: 0.3566  decode.acc_seg: 49.9981  aux.loss_ce: 0.1488  aux.acc_seg: 36.5471
2025/05/31 05:21:18 - mmengine - INFO - Epoch(train) [1][15250/157]  lr: 5.3258e-03  eta: 2:39:32  time: 0.6588  data_time: 0.0204  memory: 22184  loss: 0.3717  decode.loss_ce: 0.2612  decode.acc_seg: 54.7023  aux.loss_ce: 0.1105  aux.acc_seg: 32.8317
2025/05/31 05:21:50 - mmengine - INFO - Epoch(train) [1][15300/157]  lr: 5.3098e-03  eta: 2:39:00  time: 0.6534  data_time: 0.0201  memory: 22184  loss: 0.3741  decode.loss_ce: 0.2608  decode.acc_seg: 63.9677  aux.loss_ce: 0.1133  aux.acc_seg: 67.8132
2025/05/31 05:22:22 - mmengine - INFO - Epoch(train) [1][15350/157]  lr: 5.2939e-03  eta: 2:38:27  time: 0.6505  data_time: 0.0205  memory: 22184  loss: 0.4136  decode.loss_ce: 0.2922  decode.acc_seg: 39.2731  aux.loss_ce: 0.1214  aux.acc_seg: 40.8208
2025/05/31 05:22:55 - mmengine - INFO - Epoch(train) [1][15400/157]  lr: 5.2779e-03  eta: 2:37:54  time: 0.6577  data_time: 0.0202  memory: 22184  loss: 0.4864  decode.loss_ce: 0.3452  decode.acc_seg: 29.5798  aux.loss_ce: 0.1413  aux.acc_seg: 43.9895
2025/05/31 05:23:27 - mmengine - INFO - Epoch(train) [1][15450/157]  lr: 5.2620e-03  eta: 2:37:22  time: 0.6688  data_time: 0.0206  memory: 22184  loss: 0.3724  decode.loss_ce: 0.2651  decode.acc_seg: 43.6366  aux.loss_ce: 0.1073  aux.acc_seg: 14.3562
2025/05/31 05:23:59 - mmengine - INFO - Epoch(train) [1][15500/157]  lr: 5.2460e-03  eta: 2:36:49  time: 0.6532  data_time: 0.0201  memory: 22185  loss: 0.4313  decode.loss_ce: 0.3033  decode.acc_seg: 28.9190  aux.loss_ce: 0.1280  aux.acc_seg: 29.4142
2025/05/31 05:24:32 - mmengine - INFO - Epoch(train) [1][15550/157]  lr: 5.2300e-03  eta: 2:36:16  time: 0.6577  data_time: 0.0205  memory: 22184  loss: 0.4970  decode.loss_ce: 0.3522  decode.acc_seg: 25.7059  aux.loss_ce: 0.1448  aux.acc_seg: 24.8505
2025/05/31 05:25:04 - mmengine - INFO - Epoch(train) [1][15600/157]  lr: 5.2141e-03  eta: 2:35:44  time: 0.6593  data_time: 0.0205  memory: 22184  loss: 0.3896  decode.loss_ce: 0.2758  decode.acc_seg: 21.0102  aux.loss_ce: 0.1138  aux.acc_seg: 24.7684
2025/05/31 05:25:36 - mmengine - INFO - Epoch(train) [1][15650/157]  lr: 5.1981e-03  eta: 2:35:11  time: 0.6593  data_time: 0.0205  memory: 22184  loss: 0.3845  decode.loss_ce: 0.2752  decode.acc_seg: 38.4818  aux.loss_ce: 0.1092  aux.acc_seg: 45.4577
2025/05/31 05:26:09 - mmengine - INFO - Epoch(train) [1][15700/157]  lr: 5.1821e-03  eta: 2:34:39  time: 0.6607  data_time: 0.0200  memory: 22183  loss: 0.4474  decode.loss_ce: 0.3175  decode.acc_seg: 50.3025  aux.loss_ce: 0.1299  aux.acc_seg: 50.0479
2025/05/31 05:26:41 - mmengine - INFO - Epoch(train) [1][15750/157]  lr: 5.1661e-03  eta: 2:34:06  time: 0.6525  data_time: 0.0202  memory: 22184  loss: 0.4603  decode.loss_ce: 0.3248  decode.acc_seg: 59.3379  aux.loss_ce: 0.1355  aux.acc_seg: 56.8131
2025/05/31 05:27:13 - mmengine - INFO - Epoch(train) [1][15800/157]  lr: 5.1501e-03  eta: 2:33:33  time: 0.6628  data_time: 0.0199  memory: 22184  loss: 0.2965  decode.loss_ce: 0.2133  decode.acc_seg: 9.7048  aux.loss_ce: 0.0832  aux.acc_seg: 12.2551
2025/05/31 05:27:45 - mmengine - INFO - Epoch(train) [1][15850/157]  lr: 5.1341e-03  eta: 2:33:01  time: 0.6473  data_time: 0.0204  memory: 22184  loss: 0.4104  decode.loss_ce: 0.2930  decode.acc_seg: 19.0869  aux.loss_ce: 0.1174  aux.acc_seg: 14.5641
2025/05/31 05:28:17 - mmengine - INFO - Epoch(train) [1][15900/157]  lr: 5.1181e-03  eta: 2:32:28  time: 0.6601  data_time: 0.0205  memory: 22184  loss: 0.3805  decode.loss_ce: 0.2685  decode.acc_seg: 47.5330  aux.loss_ce: 0.1120  aux.acc_seg: 44.7039
2025/05/31 05:28:50 - mmengine - INFO - Epoch(train) [1][15950/157]  lr: 5.1020e-03  eta: 2:31:55  time: 0.6506  data_time: 0.0202  memory: 22185  loss: 0.3855  decode.loss_ce: 0.2744  decode.acc_seg: 71.1081  aux.loss_ce: 0.1112  aux.acc_seg: 72.6549
2025/05/31 05:29:22 - mmengine - INFO - Exp name: 7_minc_deeplabv3plusplus_20250531_023432
2025/05/31 05:29:22 - mmengine - INFO - Epoch(train) [1][16000/157]  lr: 5.0860e-03  eta: 2:31:23  time: 0.6665  data_time: 0.0206  memory: 22184  loss: 0.3845  decode.loss_ce: 0.2719  decode.acc_seg: 54.9309  aux.loss_ce: 0.1126  aux.acc_seg: 46.4232
2025/05/31 05:29:54 - mmengine - INFO - Epoch(train) [1][16050/157]  lr: 5.0700e-03  eta: 2:30:50  time: 0.6630  data_time: 0.0209  memory: 22184  loss: 0.4286  decode.loss_ce: 0.3037  decode.acc_seg: 58.2871  aux.loss_ce: 0.1249  aux.acc_seg: 75.3350
2025/05/31 05:30:26 - mmengine - INFO - Epoch(train) [1][16100/157]  lr: 5.0540e-03  eta: 2:30:17  time: 0.6545  data_time: 0.0205  memory: 22184  loss: 0.4143  decode.loss_ce: 0.2945  decode.acc_seg: 43.9701  aux.loss_ce: 0.1198  aux.acc_seg: 44.9876
2025/05/31 05:30:58 - mmengine - INFO - Epoch(train) [1][16150/157]  lr: 5.0379e-03  eta: 2:29:45  time: 0.6558  data_time: 0.0200  memory: 22184  loss: 0.4452  decode.loss_ce: 0.3160  decode.acc_seg: 42.3056  aux.loss_ce: 0.1292  aux.acc_seg: 59.5631
2025/05/31 05:31:30 - mmengine - INFO - Epoch(train) [1][16200/157]  lr: 5.0219e-03  eta: 2:29:12  time: 0.6606  data_time: 0.0202  memory: 22184  loss: 0.3436  decode.loss_ce: 0.2436  decode.acc_seg: 24.5113  aux.loss_ce: 0.1000  aux.acc_seg: 27.6142
2025/05/31 05:32:02 - mmengine - INFO - Epoch(train) [1][16250/157]  lr: 5.0058e-03  eta: 2:28:39  time: 0.6616  data_time: 0.0204  memory: 22184  loss: 0.4667  decode.loss_ce: 0.3282  decode.acc_seg: 46.9572  aux.loss_ce: 0.1385  aux.acc_seg: 48.3698
2025/05/31 05:32:35 - mmengine - INFO - Epoch(train) [1][16300/157]  lr: 4.9898e-03  eta: 2:28:07  time: 0.6561  data_time: 0.0201  memory: 22184  loss: 0.4250  decode.loss_ce: 0.2979  decode.acc_seg: 29.3911  aux.loss_ce: 0.1271  aux.acc_seg: 29.0844
2025/05/31 05:33:06 - mmengine - INFO - Epoch(train) [1][16350/157]  lr: 4.9737e-03  eta: 2:27:33  time: 0.5690  data_time: 0.0202  memory: 22184  loss: 0.3581  decode.loss_ce: 0.2560  decode.acc_seg: 23.0611  aux.loss_ce: 0.1022  aux.acc_seg: 22.5930
2025/05/31 05:33:39 - mmengine - INFO - Epoch(train) [1][16400/157]  lr: 4.9576e-03  eta: 2:27:01  time: 0.6579  data_time: 0.0203  memory: 22184  loss: 0.3822  decode.loss_ce: 0.2716  decode.acc_seg: 32.5193  aux.loss_ce: 0.1106  aux.acc_seg: 32.6085
2025/05/31 05:34:11 - mmengine - INFO - Epoch(train) [1][16450/157]  lr: 4.9416e-03  eta: 2:26:28  time: 0.6627  data_time: 0.0204  memory: 22184  loss: 0.4873  decode.loss_ce: 0.3424  decode.acc_seg: 56.5204  aux.loss_ce: 0.1449  aux.acc_seg: 57.0275
2025/05/31 05:34:43 - mmengine - INFO - Epoch(train) [1][16500/157]  lr: 4.9255e-03  eta: 2:25:56  time: 0.6708  data_time: 0.0201  memory: 22186  loss: 0.4261  decode.loss_ce: 0.3044  decode.acc_seg: 24.4239  aux.loss_ce: 0.1218  aux.acc_seg: 21.3133
2025/05/31 05:35:15 - mmengine - INFO - Epoch(train) [1][16550/157]  lr: 4.9094e-03  eta: 2:25:23  time: 0.6629  data_time: 0.0202  memory: 22184  loss: 0.3720  decode.loss_ce: 0.2617  decode.acc_seg: 32.5514  aux.loss_ce: 0.1102  aux.acc_seg: 37.2688
2025/05/31 05:35:47 - mmengine - INFO - Epoch(train) [1][16600/157]  lr: 4.8933e-03  eta: 2:24:50  time: 0.6761  data_time: 0.0203  memory: 22184  loss: 0.3704  decode.loss_ce: 0.2644  decode.acc_seg: 29.0976  aux.loss_ce: 0.1059  aux.acc_seg: 32.6003
2025/05/31 05:36:19 - mmengine - INFO - Epoch(train) [1][16650/157]  lr: 4.8772e-03  eta: 2:24:18  time: 0.6627  data_time: 0.0203  memory: 22183  loss: 0.4238  decode.loss_ce: 0.3003  decode.acc_seg: 28.9449  aux.loss_ce: 0.1235  aux.acc_seg: 43.8692
2025/05/31 05:36:52 - mmengine - INFO - Epoch(train) [1][16700/157]  lr: 4.8611e-03  eta: 2:23:45  time: 0.6529  data_time: 0.0204  memory: 22184  loss: 0.3977  decode.loss_ce: 0.2829  decode.acc_seg: 38.6478  aux.loss_ce: 0.1148  aux.acc_seg: 36.9391
2025/05/31 05:37:24 - mmengine - INFO - Epoch(train) [1][16750/157]  lr: 4.8450e-03  eta: 2:23:12  time: 0.6568  data_time: 0.0204  memory: 22184  loss: 0.4314  decode.loss_ce: 0.3040  decode.acc_seg: 50.5681  aux.loss_ce: 0.1273  aux.acc_seg: 44.9053
2025/05/31 05:37:56 - mmengine - INFO - Epoch(train) [1][16800/157]  lr: 4.8289e-03  eta: 2:22:40  time: 0.6610  data_time: 0.0203  memory: 22184  loss: 0.3670  decode.loss_ce: 0.2587  decode.acc_seg: 51.5065  aux.loss_ce: 0.1083  aux.acc_seg: 62.8799
2025/05/31 05:38:28 - mmengine - INFO - Epoch(train) [1][16850/157]  lr: 4.8127e-03  eta: 2:22:07  time: 0.6674  data_time: 0.0201  memory: 22184  loss: 0.3708  decode.loss_ce: 0.2610  decode.acc_seg: 58.5743  aux.loss_ce: 0.1098  aux.acc_seg: 55.7179
2025/05/31 05:39:00 - mmengine - INFO - Epoch(train) [1][16900/157]  lr: 4.7966e-03  eta: 2:21:34  time: 0.6594  data_time: 0.0204  memory: 22184  loss: 0.4145  decode.loss_ce: 0.2926  decode.acc_seg: 45.9369  aux.loss_ce: 0.1218  aux.acc_seg: 37.1497
2025/05/31 05:39:32 - mmengine - INFO - Epoch(train) [1][16950/157]  lr: 4.7805e-03  eta: 2:21:02  time: 0.6743  data_time: 0.0205  memory: 22184  loss: 0.5063  decode.loss_ce: 0.3591  decode.acc_seg: 42.6507  aux.loss_ce: 0.1472  aux.acc_seg: 52.7326
2025/05/31 05:40:04 - mmengine - INFO - Exp name: 7_minc_deeplabv3plusplus_20250531_023432
2025/05/31 05:40:04 - mmengine - INFO - Epoch(train) [1][17000/157]  lr: 4.7643e-03  eta: 2:20:29  time: 0.6555  data_time: 0.0203  memory: 22184  loss: 0.4129  decode.loss_ce: 0.2909  decode.acc_seg: 31.9402  aux.loss_ce: 0.1219  aux.acc_seg: 34.5592
2025/05/31 05:40:36 - mmengine - INFO - Epoch(train) [1][17050/157]  lr: 4.7482e-03  eta: 2:19:56  time: 0.6611  data_time: 0.0204  memory: 22184  loss: 0.3635  decode.loss_ce: 0.2577  decode.acc_seg: 40.5327  aux.loss_ce: 0.1058  aux.acc_seg: 47.0614
2025/05/31 05:41:08 - mmengine - INFO - Epoch(train) [1][17100/157]  lr: 4.7320e-03  eta: 2:19:23  time: 0.6631  data_time: 0.0205  memory: 22184  loss: 0.4273  decode.loss_ce: 0.3041  decode.acc_seg: 62.6769  aux.loss_ce: 0.1233  aux.acc_seg: 50.3299
2025/05/31 05:41:40 - mmengine - INFO - Epoch(train) [1][17150/157]  lr: 4.7159e-03  eta: 2:18:51  time: 0.6632  data_time: 0.0203  memory: 22184  loss: 0.4493  decode.loss_ce: 0.3177  decode.acc_seg: 34.2370  aux.loss_ce: 0.1316  aux.acc_seg: 31.1200
2025/05/31 05:42:12 - mmengine - INFO - Epoch(train) [1][17200/157]  lr: 4.6997e-03  eta: 2:18:18  time: 0.6595  data_time: 0.0202  memory: 22184  loss: 0.4245  decode.loss_ce: 0.2981  decode.acc_seg: 25.6525  aux.loss_ce: 0.1264  aux.acc_seg: 28.9637
2025/05/31 05:42:44 - mmengine - INFO - Epoch(train) [1][17250/157]  lr: 4.6835e-03  eta: 2:17:45  time: 0.6622  data_time: 0.0207  memory: 22184  loss: 0.5222  decode.loss_ce: 0.3660  decode.acc_seg: 26.8954  aux.loss_ce: 0.1562  aux.acc_seg: 38.7122
2025/05/31 05:43:17 - mmengine - INFO - Epoch(train) [1][17300/157]  lr: 4.6673e-03  eta: 2:17:13  time: 0.6629  data_time: 0.0202  memory: 22184  loss: 0.3511  decode.loss_ce: 0.2465  decode.acc_seg: 42.9556  aux.loss_ce: 0.1046  aux.acc_seg: 36.6364
2025/05/31 05:43:49 - mmengine - INFO - Epoch(train) [1][17350/157]  lr: 4.6511e-03  eta: 2:16:40  time: 0.6816  data_time: 0.0203  memory: 22184  loss: 0.4019  decode.loss_ce: 0.2811  decode.acc_seg: 38.4722  aux.loss_ce: 0.1209  aux.acc_seg: 33.5945
2025/05/31 05:44:21 - mmengine - INFO - Epoch(train) [1][17400/157]  lr: 4.6350e-03  eta: 2:16:08  time: 0.6561  data_time: 0.0205  memory: 22184  loss: 0.3970  decode.loss_ce: 0.2832  decode.acc_seg: 45.5021  aux.loss_ce: 0.1139  aux.acc_seg: 52.1589
2025/05/31 05:44:53 - mmengine - INFO - Epoch(train) [1][17450/157]  lr: 4.6188e-03  eta: 2:15:35  time: 0.6594  data_time: 0.0202  memory: 22184  loss: 0.4224  decode.loss_ce: 0.2979  decode.acc_seg: 41.7589  aux.loss_ce: 0.1245  aux.acc_seg: 56.2117
2025/05/31 05:45:25 - mmengine - INFO - Epoch(train) [1][17500/157]  lr: 4.6025e-03  eta: 2:15:03  time: 0.6638  data_time: 0.0201  memory: 22184  loss: 0.3870  decode.loss_ce: 0.2756  decode.acc_seg: 25.1341  aux.loss_ce: 0.1114  aux.acc_seg: 28.5765
2025/05/31 05:45:58 - mmengine - INFO - Epoch(train) [1][17550/157]  lr: 4.5863e-03  eta: 2:14:30  time: 0.6587  data_time: 0.0205  memory: 22184  loss: 0.3757  decode.loss_ce: 0.2605  decode.acc_seg: 65.4167  aux.loss_ce: 0.1152  aux.acc_seg: 58.0532
2025/05/31 05:46:31 - mmengine - INFO - Epoch(train) [1][17600/157]  lr: 4.5701e-03  eta: 2:13:58  time: 0.6553  data_time: 0.0203  memory: 22184  loss: 0.4144  decode.loss_ce: 0.2909  decode.acc_seg: 32.1694  aux.loss_ce: 0.1235  aux.acc_seg: 32.9476
2025/05/31 05:47:02 - mmengine - INFO - Epoch(train) [1][17650/157]  lr: 4.5539e-03  eta: 2:13:25  time: 0.6623  data_time: 0.0205  memory: 22184  loss: 0.3714  decode.loss_ce: 0.2587  decode.acc_seg: 11.3525  aux.loss_ce: 0.1127  aux.acc_seg: 13.3494
2025/05/31 05:47:34 - mmengine - INFO - Epoch(train) [1][17700/157]  lr: 4.5377e-03  eta: 2:12:52  time: 0.5618  data_time: 0.0205  memory: 22184  loss: 0.4517  decode.loss_ce: 0.3185  decode.acc_seg: 20.5382  aux.loss_ce: 0.1331  aux.acc_seg: 20.1066
2025/05/31 05:48:06 - mmengine - INFO - Epoch(train) [1][17750/157]  lr: 4.5214e-03  eta: 2:12:19  time: 0.5694  data_time: 0.0202  memory: 22184  loss: 0.4321  decode.loss_ce: 0.3052  decode.acc_seg: 21.3440  aux.loss_ce: 0.1270  aux.acc_seg: 20.4799
2025/05/31 05:48:38 - mmengine - INFO - Epoch(train) [1][17800/157]  lr: 4.5052e-03  eta: 2:11:47  time: 0.5782  data_time: 0.0203  memory: 22184  loss: 0.3490  decode.loss_ce: 0.2443  decode.acc_seg: 25.0465  aux.loss_ce: 0.1048  aux.acc_seg: 24.6930
2025/05/31 05:49:10 - mmengine - INFO - Epoch(train) [1][17850/157]  lr: 4.4889e-03  eta: 2:11:14  time: 0.5738  data_time: 0.0201  memory: 22184  loss: 0.4249  decode.loss_ce: 0.2992  decode.acc_seg: 15.8600  aux.loss_ce: 0.1257  aux.acc_seg: 16.3270
2025/05/31 05:49:42 - mmengine - INFO - Epoch(train) [1][17900/157]  lr: 4.4727e-03  eta: 2:10:42  time: 0.5724  data_time: 0.0204  memory: 22184  loss: 0.3972  decode.loss_ce: 0.2791  decode.acc_seg: 30.6353  aux.loss_ce: 0.1181  aux.acc_seg: 20.4351
2025/05/31 05:50:15 - mmengine - INFO - Epoch(train) [1][17950/157]  lr: 4.4564e-03  eta: 2:10:09  time: 0.5700  data_time: -0.0673  memory: 22184  loss: 0.5083  decode.loss_ce: 0.3554  decode.acc_seg: 59.7426  aux.loss_ce: 0.1529  aux.acc_seg: 47.9388
2025/05/31 05:50:47 - mmengine - INFO - Exp name: 7_minc_deeplabv3plusplus_20250531_023432
2025/05/31 05:50:47 - mmengine - INFO - Epoch(train) [1][18000/157]  lr: 4.4401e-03  eta: 2:09:37  time: 0.5735  data_time: 0.0203  memory: 22184  loss: 0.3977  decode.loss_ce: 0.2778  decode.acc_seg: 21.5982  aux.loss_ce: 0.1199  aux.acc_seg: 14.4423
2025/05/31 05:50:47 - mmengine - INFO - Saving checkpoint at 18000 iterations
2025/05/31 05:50:55 - mmengine - INFO - Epoch(val) [0][ 50/217]    eta: 0:00:12  time: 0.0739  data_time: 0.0035  memory: 1634  
2025/05/31 05:50:58 - mmengine - INFO - Epoch(val) [0][100/217]    eta: 0:00:08  time: 0.0723  data_time: 0.0033  memory: 1634  
2025/05/31 05:51:02 - mmengine - INFO - Epoch(val) [0][150/217]    eta: 0:00:05  time: 0.0707  data_time: 0.0031  memory: 1634  
2025/05/31 05:51:06 - mmengine - INFO - Epoch(val) [0][200/217]    eta: 0:00:01  time: 0.0734  data_time: 0.0032  memory: 1634  
2025/05/31 05:51:07 - mmengine - INFO - per class results:
2025/05/31 05:51:07 - mmengine - INFO - 
+---------+-------+-------+
|  Class  |  IoU  |  Acc  |
+---------+-------+-------+
|  fabric |  24.2 | 45.32 |
|  glass  |  4.21 |  6.85 |
| leather |  0.0  |  0.0  |
|  metal  |  1.9  |  2.04 |
| plastic |  0.39 |  0.39 |
|  stone  |  0.17 |  0.18 |
|   wood  | 35.97 | 60.86 |
+---------+-------+-------+
2025/05/31 05:51:07 - mmengine - INFO - Epoch(val) [0][217/217]    aAcc: 38.6400  mIoU: 9.5500  mAcc: 16.5200  data_time: 0.0034  time: 0.0747
2025/05/31 05:51:39 - mmengine - INFO - Epoch(train) [1][18050/157]  lr: 4.4238e-03  eta: 2:09:04  time: 0.6554  data_time: 0.0209  memory: 22184  loss: 0.3899  decode.loss_ce: 0.2740  decode.acc_seg: 32.4971  aux.loss_ce: 0.1159  aux.acc_seg: 26.7274
2025/05/31 05:52:12 - mmengine - INFO - Epoch(train) [1][18100/157]  lr: 4.4076e-03  eta: 2:08:32  time: 0.6705  data_time: 0.0202  memory: 22184  loss: 0.3608  decode.loss_ce: 0.2513  decode.acc_seg: 31.8150  aux.loss_ce: 0.1094  aux.acc_seg: 24.0729
2025/05/31 05:52:44 - mmengine - INFO - Epoch(train) [1][18150/157]  lr: 4.3913e-03  eta: 2:07:59  time: 0.6590  data_time: 0.0206  memory: 22184  loss: 0.4812  decode.loss_ce: 0.3419  decode.acc_seg: 69.5511  aux.loss_ce: 0.1394  aux.acc_seg: 70.1739
2025/05/31 05:53:16 - mmengine - INFO - Epoch(train) [1][18200/157]  lr: 4.3750e-03  eta: 2:07:27  time: 0.6600  data_time: 0.0204  memory: 22184  loss: 0.3319  decode.loss_ce: 0.2326  decode.acc_seg: 40.7683  aux.loss_ce: 0.0994  aux.acc_seg: 25.3299
2025/05/31 05:53:48 - mmengine - INFO - Epoch(train) [1][18250/157]  lr: 4.3587e-03  eta: 2:06:54  time: 0.6655  data_time: 0.0202  memory: 22184  loss: 0.3255  decode.loss_ce: 0.2278  decode.acc_seg: 43.1143  aux.loss_ce: 0.0977  aux.acc_seg: 49.1468
2025/05/31 05:54:20 - mmengine - INFO - Epoch(train) [1][18300/157]  lr: 4.3423e-03  eta: 2:06:22  time: 0.6649  data_time: 0.0204  memory: 22184  loss: 0.3849  decode.loss_ce: 0.2702  decode.acc_seg: 30.7856  aux.loss_ce: 0.1147  aux.acc_seg: 31.3682
2025/05/31 05:54:53 - mmengine - INFO - Epoch(train) [1][18350/157]  lr: 4.3260e-03  eta: 2:05:49  time: 0.6578  data_time: 0.0206  memory: 22185  loss: 0.4255  decode.loss_ce: 0.3007  decode.acc_seg: 53.5134  aux.loss_ce: 0.1248  aux.acc_seg: 43.2523
2025/05/31 05:55:25 - mmengine - INFO - Epoch(train) [1][18400/157]  lr: 4.3097e-03  eta: 2:05:17  time: 0.6644  data_time: 0.0202  memory: 22184  loss: 0.4686  decode.loss_ce: 0.3295  decode.acc_seg: 67.7305  aux.loss_ce: 0.1391  aux.acc_seg: 62.9606
2025/05/31 05:55:57 - mmengine - INFO - Epoch(train) [1][18450/157]  lr: 4.2934e-03  eta: 2:04:44  time: 0.6482  data_time: 0.0201  memory: 22184  loss: 0.3825  decode.loss_ce: 0.2713  decode.acc_seg: 62.1830  aux.loss_ce: 0.1112  aux.acc_seg: 59.1483
2025/05/31 05:56:29 - mmengine - INFO - Epoch(train) [1][18500/157]  lr: 4.2770e-03  eta: 2:04:12  time: 0.6692  data_time: 0.0208  memory: 22184  loss: 0.4035  decode.loss_ce: 0.2806  decode.acc_seg: 51.4164  aux.loss_ce: 0.1229  aux.acc_seg: 55.0180
2025/05/31 05:57:01 - mmengine - INFO - Epoch(train) [1][18550/157]  lr: 4.2607e-03  eta: 2:03:39  time: 0.6568  data_time: 0.0204  memory: 22184  loss: 0.4986  decode.loss_ce: 0.3506  decode.acc_seg: 78.1907  aux.loss_ce: 0.1480  aux.acc_seg: 83.7715
2025/05/31 05:57:34 - mmengine - INFO - Epoch(train) [1][18600/157]  lr: 4.2443e-03  eta: 2:03:06  time: 0.6640  data_time: 0.0201  memory: 22184  loss: 0.4789  decode.loss_ce: 0.3399  decode.acc_seg: 44.6227  aux.loss_ce: 0.1390  aux.acc_seg: 41.6302
2025/05/31 05:58:06 - mmengine - INFO - Epoch(train) [1][18650/157]  lr: 4.2280e-03  eta: 2:02:34  time: 0.6650  data_time: 0.0209  memory: 22184  loss: 0.3764  decode.loss_ce: 0.2613  decode.acc_seg: 58.6001  aux.loss_ce: 0.1151  aux.acc_seg: 44.0659
2025/05/31 05:58:38 - mmengine - INFO - Epoch(train) [1][18700/157]  lr: 4.2116e-03  eta: 2:02:01  time: 0.6553  data_time: 0.0211  memory: 22184  loss: 0.3468  decode.loss_ce: 0.2434  decode.acc_seg: 47.4439  aux.loss_ce: 0.1034  aux.acc_seg: 18.0881
2025/05/31 05:59:09 - mmengine - INFO - Epoch(train) [1][18750/157]  lr: 4.1952e-03  eta: 2:01:28  time: 0.5788  data_time: 0.0203  memory: 22184  loss: 0.4641  decode.loss_ce: 0.3271  decode.acc_seg: 52.7308  aux.loss_ce: 0.1370  aux.acc_seg: 48.3006
2025/05/31 05:59:41 - mmengine - INFO - Epoch(train) [1][18800/157]  lr: 4.1788e-03  eta: 2:00:56  time: 0.5695  data_time: 0.0204  memory: 22184  loss: 0.4066  decode.loss_ce: 0.2872  decode.acc_seg: 27.0642  aux.loss_ce: 0.1195  aux.acc_seg: 28.5297
2025/05/31 06:00:14 - mmengine - INFO - Epoch(train) [1][18850/157]  lr: 4.1624e-03  eta: 2:00:23  time: 0.5710  data_time: 0.0206  memory: 22185  loss: 0.4000  decode.loss_ce: 0.2811  decode.acc_seg: 39.7930  aux.loss_ce: 0.1190  aux.acc_seg: 30.3734
2025/05/31 06:00:46 - mmengine - INFO - Epoch(train) [1][18900/157]  lr: 4.1460e-03  eta: 1:59:51  time: 0.5769  data_time: 0.0204  memory: 22184  loss: 0.4771  decode.loss_ce: 0.3384  decode.acc_seg: 51.7907  aux.loss_ce: 0.1387  aux.acc_seg: 55.9694
2025/05/31 06:01:18 - mmengine - INFO - Epoch(train) [1][18950/157]  lr: 4.1296e-03  eta: 1:59:18  time: 0.5646  data_time: -0.0757  memory: 22184  loss: 0.4237  decode.loss_ce: 0.2925  decode.acc_seg: 34.2903  aux.loss_ce: 0.1312  aux.acc_seg: 36.9847
2025/05/31 06:01:50 - mmengine - INFO - Exp name: 7_minc_deeplabv3plusplus_20250531_023432
2025/05/31 06:01:50 - mmengine - INFO - Epoch(train) [1][19000/157]  lr: 4.1132e-03  eta: 1:58:46  time: 0.5625  data_time: 0.0203  memory: 22184  loss: 0.3293  decode.loss_ce: 0.2345  decode.acc_seg: 45.2797  aux.loss_ce: 0.0948  aux.acc_seg: 45.6422
2025/05/31 06:02:22 - mmengine - INFO - Epoch(train) [1][19050/157]  lr: 4.0968e-03  eta: 1:58:13  time: 0.5619  data_time: 0.0207  memory: 22185  loss: 0.4127  decode.loss_ce: 0.2888  decode.acc_seg: 50.9972  aux.loss_ce: 0.1239  aux.acc_seg: 60.6399
2025/05/31 06:02:55 - mmengine - INFO - Epoch(train) [1][19100/157]  lr: 4.0804e-03  eta: 1:57:41  time: 0.5717  data_time: 0.0205  memory: 22184  loss: 0.3487  decode.loss_ce: 0.2451  decode.acc_seg: 69.9095  aux.loss_ce: 0.1036  aux.acc_seg: 73.5610
2025/05/31 06:03:27 - mmengine - INFO - Epoch(train) [1][19150/157]  lr: 4.0639e-03  eta: 1:57:08  time: 0.5731  data_time: 0.0204  memory: 22184  loss: 0.4791  decode.loss_ce: 0.3356  decode.acc_seg: 44.3521  aux.loss_ce: 0.1435  aux.acc_seg: 37.3895
2025/05/31 06:03:59 - mmengine - INFO - Epoch(train) [1][19200/157]  lr: 4.0475e-03  eta: 1:56:36  time: 0.5632  data_time: 0.0205  memory: 22185  loss: 0.4766  decode.loss_ce: 0.3365  decode.acc_seg: 18.8010  aux.loss_ce: 0.1401  aux.acc_seg: 15.2962
2025/05/31 06:04:31 - mmengine - INFO - Epoch(train) [1][19250/157]  lr: 4.0310e-03  eta: 1:56:03  time: 0.6664  data_time: 0.0205  memory: 22185  loss: 0.4023  decode.loss_ce: 0.2861  decode.acc_seg: 25.8836  aux.loss_ce: 0.1162  aux.acc_seg: 37.2930
2025/05/31 06:05:04 - mmengine - INFO - Epoch(train) [1][19300/157]  lr: 4.0146e-03  eta: 1:55:31  time: 0.6686  data_time: 0.0213  memory: 22185  loss: 0.3371  decode.loss_ce: 0.2360  decode.acc_seg: 49.6985  aux.loss_ce: 0.1011  aux.acc_seg: 64.3537
2025/05/31 06:05:36 - mmengine - INFO - Epoch(train) [1][19350/157]  lr: 3.9981e-03  eta: 1:54:58  time: 0.6700  data_time: 0.0204  memory: 22184  loss: 0.3187  decode.loss_ce: 0.2244  decode.acc_seg: 26.2727  aux.loss_ce: 0.0943  aux.acc_seg: 25.5747
2025/05/31 06:06:08 - mmengine - INFO - Epoch(train) [1][19400/157]  lr: 3.9816e-03  eta: 1:54:26  time: 0.6704  data_time: 0.0207  memory: 22184  loss: 0.4226  decode.loss_ce: 0.2979  decode.acc_seg: 44.4127  aux.loss_ce: 0.1247  aux.acc_seg: 12.0752
2025/05/31 06:06:40 - mmengine - INFO - Epoch(train) [1][19450/157]  lr: 3.9651e-03  eta: 1:53:53  time: 0.6673  data_time: 0.0202  memory: 22184  loss: 0.3749  decode.loss_ce: 0.2623  decode.acc_seg: 62.4095  aux.loss_ce: 0.1126  aux.acc_seg: 59.7824
2025/05/31 06:07:13 - mmengine - INFO - Epoch(train) [1][19500/157]  lr: 3.9487e-03  eta: 1:53:21  time: 0.6590  data_time: 0.0206  memory: 22184  loss: 0.4094  decode.loss_ce: 0.2897  decode.acc_seg: 51.0242  aux.loss_ce: 0.1197  aux.acc_seg: 61.3190
2025/05/31 06:07:45 - mmengine - INFO - Epoch(train) [1][19550/157]  lr: 3.9322e-03  eta: 1:52:48  time: 0.6628  data_time: 0.0206  memory: 22184  loss: 0.4721  decode.loss_ce: 0.3357  decode.acc_seg: 62.2577  aux.loss_ce: 0.1364  aux.acc_seg: 61.5134
2025/05/31 06:08:17 - mmengine - INFO - Epoch(train) [1][19600/157]  lr: 3.9157e-03  eta: 1:52:16  time: 0.6664  data_time: 0.0205  memory: 22184  loss: 0.3494  decode.loss_ce: 0.2449  decode.acc_seg: 61.6315  aux.loss_ce: 0.1044  aux.acc_seg: 44.2480
2025/05/31 06:08:49 - mmengine - INFO - Epoch(train) [1][19650/157]  lr: 3.8991e-03  eta: 1:51:43  time: 0.6610  data_time: 0.0205  memory: 22185  loss: 0.3772  decode.loss_ce: 0.2670  decode.acc_seg: 30.4565  aux.loss_ce: 0.1102  aux.acc_seg: 26.2080
2025/05/31 06:09:21 - mmengine - INFO - Epoch(train) [1][19700/157]  lr: 3.8826e-03  eta: 1:51:11  time: 0.6556  data_time: 0.0209  memory: 22185  loss: 0.4314  decode.loss_ce: 0.3007  decode.acc_seg: 8.2936  aux.loss_ce: 0.1307  aux.acc_seg: 5.2636
2025/05/31 06:09:53 - mmengine - INFO - Epoch(train) [1][19750/157]  lr: 3.8661e-03  eta: 1:50:38  time: 0.6559  data_time: 0.0208  memory: 22184  loss: 0.4477  decode.loss_ce: 0.3126  decode.acc_seg: 45.7838  aux.loss_ce: 0.1351  aux.acc_seg: 43.8453
2025/05/31 06:10:26 - mmengine - INFO - Epoch(train) [1][19800/157]  lr: 3.8496e-03  eta: 1:50:06  time: 0.6653  data_time: 0.0207  memory: 22184  loss: 0.3240  decode.loss_ce: 0.2282  decode.acc_seg: 47.5527  aux.loss_ce: 0.0957  aux.acc_seg: 43.0203
2025/05/31 06:10:58 - mmengine - INFO - Epoch(train) [1][19850/157]  lr: 3.8330e-03  eta: 1:49:33  time: 0.6686  data_time: 0.0206  memory: 22184  loss: 0.4125  decode.loss_ce: 0.2905  decode.acc_seg: 36.2083  aux.loss_ce: 0.1220  aux.acc_seg: 36.7563
2025/05/31 06:11:30 - mmengine - INFO - Epoch(train) [1][19900/157]  lr: 3.8165e-03  eta: 1:49:01  time: 0.6647  data_time: 0.0205  memory: 22185  loss: 0.3926  decode.loss_ce: 0.2722  decode.acc_seg: 86.8975  aux.loss_ce: 0.1204  aux.acc_seg: 77.1247
2025/05/31 06:12:02 - mmengine - INFO - Epoch(train) [1][19950/157]  lr: 3.7999e-03  eta: 1:48:29  time: 0.6746  data_time: 0.0206  memory: 22184  loss: 0.4876  decode.loss_ce: 0.3379  decode.acc_seg: 52.1341  aux.loss_ce: 0.1497  aux.acc_seg: 41.1022
2025/05/31 06:12:34 - mmengine - INFO - Exp name: 7_minc_deeplabv3plusplus_20250531_023432
2025/05/31 06:12:34 - mmengine - INFO - Epoch(train) [1][20000/157]  lr: 3.7833e-03  eta: 1:47:56  time: 0.6574  data_time: 0.0205  memory: 22184  loss: 0.4165  decode.loss_ce: 0.2964  decode.acc_seg: 28.0370  aux.loss_ce: 0.1201  aux.acc_seg: 27.6253
2025/05/31 06:13:06 - mmengine - INFO - Epoch(train) [1][20050/157]  lr: 3.7667e-03  eta: 1:47:23  time: 0.6612  data_time: 0.0205  memory: 22184  loss: 0.3449  decode.loss_ce: 0.2414  decode.acc_seg: 41.3963  aux.loss_ce: 0.1035  aux.acc_seg: 51.6123
2025/05/31 06:13:38 - mmengine - INFO - Epoch(train) [1][20100/157]  lr: 3.7502e-03  eta: 1:46:51  time: 0.6633  data_time: 0.0207  memory: 22184  loss: 0.4493  decode.loss_ce: 0.3152  decode.acc_seg: 34.7527  aux.loss_ce: 0.1341  aux.acc_seg: 24.8057
2025/05/31 06:14:11 - mmengine - INFO - Epoch(train) [1][20150/157]  lr: 3.7336e-03  eta: 1:46:18  time: 0.6720  data_time: 0.0204  memory: 22184  loss: 0.4450  decode.loss_ce: 0.3115  decode.acc_seg: 20.9386  aux.loss_ce: 0.1334  aux.acc_seg: 50.2638
2025/05/31 06:14:43 - mmengine - INFO - Epoch(train) [1][20200/157]  lr: 3.7170e-03  eta: 1:45:46  time: 0.6637  data_time: 0.0205  memory: 22184  loss: 0.4898  decode.loss_ce: 0.3474  decode.acc_seg: 24.2049  aux.loss_ce: 0.1424  aux.acc_seg: 16.6095
2025/05/31 06:15:15 - mmengine - INFO - Epoch(train) [1][20250/157]  lr: 3.7003e-03  eta: 1:45:14  time: 0.6716  data_time: 0.0207  memory: 22184  loss: 0.3682  decode.loss_ce: 0.2603  decode.acc_seg: 67.0666  aux.loss_ce: 0.1079  aux.acc_seg: 73.0498
2025/05/31 06:15:48 - mmengine - INFO - Epoch(train) [1][20300/157]  lr: 3.6837e-03  eta: 1:44:41  time: 0.6690  data_time: 0.0207  memory: 22184  loss: 0.4896  decode.loss_ce: 0.3458  decode.acc_seg: 23.4972  aux.loss_ce: 0.1438  aux.acc_seg: 26.9401
2025/05/31 06:16:20 - mmengine - INFO - Epoch(train) [1][20350/157]  lr: 3.6671e-03  eta: 1:44:09  time: 0.6650  data_time: 0.0208  memory: 22184  loss: 0.4904  decode.loss_ce: 0.3377  decode.acc_seg: 45.0264  aux.loss_ce: 0.1527  aux.acc_seg: 34.5405
2025/05/31 06:16:52 - mmengine - INFO - Epoch(train) [1][20400/157]  lr: 3.6504e-03  eta: 1:43:36  time: 0.6858  data_time: 0.0207  memory: 22184  loss: 0.3525  decode.loss_ce: 0.2489  decode.acc_seg: 44.0700  aux.loss_ce: 0.1036  aux.acc_seg: 52.0393
2025/05/31 06:17:24 - mmengine - INFO - Epoch(train) [1][20450/157]  lr: 3.6338e-03  eta: 1:43:04  time: 0.6565  data_time: 0.0209  memory: 22184  loss: 0.4658  decode.loss_ce: 0.3313  decode.acc_seg: 34.1059  aux.loss_ce: 0.1345  aux.acc_seg: 36.3044
2025/05/31 06:17:56 - mmengine - INFO - Epoch(train) [1][20500/157]  lr: 3.6171e-03  eta: 1:42:31  time: 0.6663  data_time: 0.0208  memory: 22184  loss: 0.3972  decode.loss_ce: 0.2736  decode.acc_seg: 49.4485  aux.loss_ce: 0.1236  aux.acc_seg: 70.7012
2025/05/31 06:18:28 - mmengine - INFO - Epoch(train) [1][20550/157]  lr: 3.6005e-03  eta: 1:41:59  time: 0.6607  data_time: 0.0210  memory: 22184  loss: 0.3854  decode.loss_ce: 0.2725  decode.acc_seg: 50.9449  aux.loss_ce: 0.1129  aux.acc_seg: 57.8351
2025/05/31 06:19:01 - mmengine - INFO - Epoch(train) [1][20600/157]  lr: 3.5838e-03  eta: 1:41:26  time: 0.6665  data_time: 0.0211  memory: 22184  loss: 0.4486  decode.loss_ce: 0.3139  decode.acc_seg: 36.6030  aux.loss_ce: 0.1347  aux.acc_seg: 34.3383
2025/05/31 06:19:33 - mmengine - INFO - Epoch(train) [1][20650/157]  lr: 3.5671e-03  eta: 1:40:54  time: 0.6701  data_time: 0.0208  memory: 22184  loss: 0.4285  decode.loss_ce: 0.3010  decode.acc_seg: 46.0346  aux.loss_ce: 0.1275  aux.acc_seg: 27.5808
2025/05/31 06:20:05 - mmengine - INFO - Epoch(train) [1][20700/157]  lr: 3.5504e-03  eta: 1:40:21  time: 0.6650  data_time: 0.0212  memory: 22184  loss: 0.4472  decode.loss_ce: 0.3113  decode.acc_seg: 54.2755  aux.loss_ce: 0.1359  aux.acc_seg: 28.7119
2025/05/31 06:20:37 - mmengine - INFO - Epoch(train) [1][20750/157]  lr: 3.5337e-03  eta: 1:39:49  time: 0.6619  data_time: 0.0210  memory: 22184  loss: 0.3745  decode.loss_ce: 0.2629  decode.acc_seg: 48.1744  aux.loss_ce: 0.1116  aux.acc_seg: 47.1789
2025/05/31 06:21:09 - mmengine - INFO - Epoch(train) [1][20800/157]  lr: 3.5170e-03  eta: 1:39:16  time: 0.6613  data_time: 0.0209  memory: 22184  loss: 0.4271  decode.loss_ce: 0.3003  decode.acc_seg: 55.1942  aux.loss_ce: 0.1269  aux.acc_seg: 67.6553
2025/05/31 06:21:41 - mmengine - INFO - Epoch(train) [1][20850/157]  lr: 3.5003e-03  eta: 1:38:44  time: 0.6639  data_time: 0.0209  memory: 22185  loss: 0.4953  decode.loss_ce: 0.3465  decode.acc_seg: 49.5864  aux.loss_ce: 0.1488  aux.acc_seg: 5.3286
2025/05/31 06:22:13 - mmengine - INFO - Epoch(train) [1][20900/157]  lr: 3.4836e-03  eta: 1:38:11  time: 0.6668  data_time: 0.0205  memory: 22184  loss: 0.3311  decode.loss_ce: 0.2322  decode.acc_seg: 27.1241  aux.loss_ce: 0.0990  aux.acc_seg: 34.1882
2025/05/31 06:22:46 - mmengine - INFO - Epoch(train) [1][20950/157]  lr: 3.4668e-03  eta: 1:37:39  time: 0.6640  data_time: 0.0207  memory: 22184  loss: 0.4119  decode.loss_ce: 0.2910  decode.acc_seg: 16.4507  aux.loss_ce: 0.1209  aux.acc_seg: 33.1087
2025/05/31 06:23:18 - mmengine - INFO - Exp name: 7_minc_deeplabv3plusplus_20250531_023432
2025/05/31 06:23:18 - mmengine - INFO - Epoch(train) [1][21000/157]  lr: 3.4501e-03  eta: 1:37:07  time: 0.6582  data_time: 0.0208  memory: 22184  loss: 0.4432  decode.loss_ce: 0.3105  decode.acc_seg: 40.2163  aux.loss_ce: 0.1327  aux.acc_seg: 54.2549
2025/05/31 06:23:18 - mmengine - INFO - Saving checkpoint at 21000 iterations
2025/05/31 06:23:24 - mmengine - INFO - Epoch(val) [0][ 50/217]    eta: 0:00:12  time: 0.0718  data_time: 0.0031  memory: 1634  
2025/05/31 06:23:28 - mmengine - INFO - Epoch(val) [0][100/217]    eta: 0:00:08  time: 0.0696  data_time: 0.0031  memory: 1634  
2025/05/31 06:23:32 - mmengine - INFO - Epoch(val) [0][150/217]    eta: 0:00:04  time: 0.0722  data_time: 0.0032  memory: 1634  
2025/05/31 06:23:35 - mmengine - INFO - Epoch(val) [0][200/217]    eta: 0:00:01  time: 0.0725  data_time: 0.0031  memory: 1634  
2025/05/31 06:23:37 - mmengine - INFO - per class results:
2025/05/31 06:23:37 - mmengine - INFO - 
+---------+-------+-------+
|  Class  |  IoU  |  Acc  |
+---------+-------+-------+
|  fabric | 23.92 | 40.41 |
|  glass  |  4.58 |  5.78 |
| leather |  0.0  |  0.0  |
|  metal  |  6.88 |  8.78 |
| plastic |  0.95 |  1.02 |
|  stone  |  2.65 |  2.82 |
|   wood  | 35.75 | 65.92 |
+---------+-------+-------+
2025/05/31 06:23:37 - mmengine - INFO - Epoch(val) [0][217/217]    aAcc: 39.7400  mIoU: 10.6800  mAcc: 17.8200  data_time: 0.0033  time: 0.0733
2025/05/31 06:24:09 - mmengine - INFO - Epoch(train) [1][21050/157]  lr: 3.4333e-03  eta: 1:36:34  time: 0.6619  data_time: 0.0203  memory: 22184  loss: 0.4796  decode.loss_ce: 0.3341  decode.acc_seg: 50.3791  aux.loss_ce: 0.1455  aux.acc_seg: 50.1109
2025/05/31 06:24:41 - mmengine - INFO - Epoch(train) [1][21100/157]  lr: 3.4166e-03  eta: 1:36:02  time: 0.6690  data_time: 0.0205  memory: 22184  loss: 0.4989  decode.loss_ce: 0.3453  decode.acc_seg: 67.2915  aux.loss_ce: 0.1536  aux.acc_seg: 49.2059
2025/05/31 06:25:14 - mmengine - INFO - Epoch(train) [1][21150/157]  lr: 3.3998e-03  eta: 1:35:29  time: 0.6652  data_time: 0.0209  memory: 22184  loss: 0.4394  decode.loss_ce: 0.3074  decode.acc_seg: 53.5721  aux.loss_ce: 0.1320  aux.acc_seg: 34.5443
2025/05/31 06:25:46 - mmengine - INFO - Epoch(train) [1][21200/157]  lr: 3.3830e-03  eta: 1:34:57  time: 0.6727  data_time: 0.0208  memory: 22184  loss: 0.4132  decode.loss_ce: 0.2918  decode.acc_seg: 87.2479  aux.loss_ce: 0.1214  aux.acc_seg: 85.1352
2025/05/31 06:26:18 - mmengine - INFO - Epoch(train) [1][21250/157]  lr: 3.3662e-03  eta: 1:34:24  time: 0.6588  data_time: 0.0206  memory: 22184  loss: 0.3858  decode.loss_ce: 0.2673  decode.acc_seg: 70.1620  aux.loss_ce: 0.1185  aux.acc_seg: 88.5789
2025/05/31 06:26:50 - mmengine - INFO - Epoch(train) [1][21300/157]  lr: 3.3494e-03  eta: 1:33:52  time: 0.6682  data_time: 0.0205  memory: 22184  loss: 0.4222  decode.loss_ce: 0.2977  decode.acc_seg: 60.3977  aux.loss_ce: 0.1246  aux.acc_seg: 27.5185
2025/05/31 06:27:22 - mmengine - INFO - Epoch(train) [1][21350/157]  lr: 3.3326e-03  eta: 1:33:19  time: 0.6545  data_time: 0.0206  memory: 22184  loss: 0.3442  decode.loss_ce: 0.2393  decode.acc_seg: 20.9927  aux.loss_ce: 0.1050  aux.acc_seg: 19.8492
2025/05/31 06:27:54 - mmengine - INFO - Epoch(train) [1][21400/157]  lr: 3.3158e-03  eta: 1:32:47  time: 0.6682  data_time: 0.0202  memory: 22184  loss: 0.3677  decode.loss_ce: 0.2568  decode.acc_seg: 38.4923  aux.loss_ce: 0.1110  aux.acc_seg: 28.2259
2025/05/31 06:28:26 - mmengine - INFO - Epoch(train) [1][21450/157]  lr: 3.2990e-03  eta: 1:32:15  time: 0.6637  data_time: 0.0203  memory: 22184  loss: 0.4886  decode.loss_ce: 0.3435  decode.acc_seg: 34.3931  aux.loss_ce: 0.1450  aux.acc_seg: 43.2719
2025/05/31 06:28:59 - mmengine - INFO - Epoch(train) [1][21500/157]  lr: 3.2821e-03  eta: 1:31:42  time: 0.6532  data_time: 0.0202  memory: 22184  loss: 0.3358  decode.loss_ce: 0.2322  decode.acc_seg: 33.8601  aux.loss_ce: 0.1035  aux.acc_seg: 26.3179
2025/05/31 06:29:31 - mmengine - INFO - Epoch(train) [1][21550/157]  lr: 3.2653e-03  eta: 1:31:10  time: 0.6606  data_time: 0.0209  memory: 22184  loss: 0.3593  decode.loss_ce: 0.2500  decode.acc_seg: 46.1428  aux.loss_ce: 0.1094  aux.acc_seg: 44.5130
2025/05/31 06:30:03 - mmengine - INFO - Epoch(train) [1][21600/157]  lr: 3.2484e-03  eta: 1:30:37  time: 0.6621  data_time: 0.0204  memory: 22184  loss: 0.5295  decode.loss_ce: 0.3720  decode.acc_seg: 42.5225  aux.loss_ce: 0.1574  aux.acc_seg: 45.2657
2025/05/31 06:30:36 - mmengine - INFO - Epoch(train) [1][21650/157]  lr: 3.2315e-03  eta: 1:30:05  time: 0.6682  data_time: 0.0205  memory: 22184  loss: 0.3889  decode.loss_ce: 0.2723  decode.acc_seg: 52.3326  aux.loss_ce: 0.1166  aux.acc_seg: 44.0579
2025/05/31 06:31:08 - mmengine - INFO - Epoch(train) [1][21700/157]  lr: 3.2147e-03  eta: 1:29:32  time: 0.6665  data_time: 0.0203  memory: 22184  loss: 0.5180  decode.loss_ce: 0.3634  decode.acc_seg: 40.1213  aux.loss_ce: 0.1547  aux.acc_seg: 39.7212
2025/05/31 06:31:40 - mmengine - INFO - Epoch(train) [1][21750/157]  lr: 3.1978e-03  eta: 1:29:00  time: 0.6535  data_time: 0.0206  memory: 22184  loss: 0.5265  decode.loss_ce: 0.3722  decode.acc_seg: 9.1886  aux.loss_ce: 0.1543  aux.acc_seg: 8.6583
2025/05/31 06:32:11 - mmengine - INFO - Epoch(train) [1][21800/157]  lr: 3.1809e-03  eta: 1:28:27  time: 0.6577  data_time: 0.0205  memory: 22184  loss: 0.3846  decode.loss_ce: 0.2718  decode.acc_seg: 36.1739  aux.loss_ce: 0.1128  aux.acc_seg: 27.0100
2025/05/31 06:32:43 - mmengine - INFO - Epoch(train) [1][21850/157]  lr: 3.1639e-03  eta: 1:27:55  time: 0.6698  data_time: 0.0202  memory: 22184  loss: 0.3711  decode.loss_ce: 0.2601  decode.acc_seg: 75.1114  aux.loss_ce: 0.1110  aux.acc_seg: 68.3883
2025/05/31 06:33:16 - mmengine - INFO - Epoch(train) [1][21900/157]  lr: 3.1470e-03  eta: 1:27:22  time: 0.6664  data_time: 0.0201  memory: 22184  loss: 0.4447  decode.loss_ce: 0.3106  decode.acc_seg: 64.4426  aux.loss_ce: 0.1341  aux.acc_seg: 57.1161
2025/05/31 06:33:48 - mmengine - INFO - Epoch(train) [1][21950/157]  lr: 3.1301e-03  eta: 1:26:50  time: 0.6653  data_time: 0.0202  memory: 22184  loss: 0.4460  decode.loss_ce: 0.3139  decode.acc_seg: 30.1496  aux.loss_ce: 0.1321  aux.acc_seg: 36.0767
2025/05/31 06:34:20 - mmengine - INFO - Exp name: 7_minc_deeplabv3plusplus_20250531_023432
2025/05/31 06:34:20 - mmengine - INFO - Epoch(train) [1][22000/157]  lr: 3.1131e-03  eta: 1:26:18  time: 0.6666  data_time: 0.0201  memory: 22184  loss: 0.3325  decode.loss_ce: 0.2295  decode.acc_seg: 49.5759  aux.loss_ce: 0.1031  aux.acc_seg: 3.0288
2025/05/31 06:34:52 - mmengine - INFO - Epoch(train) [1][22050/157]  lr: 3.0962e-03  eta: 1:25:45  time: 0.6707  data_time: 0.0204  memory: 22184  loss: 0.3979  decode.loss_ce: 0.2749  decode.acc_seg: 37.7020  aux.loss_ce: 0.1230  aux.acc_seg: 32.8014
2025/05/31 06:35:25 - mmengine - INFO - Epoch(train) [1][22100/157]  lr: 3.0792e-03  eta: 1:25:13  time: 0.6687  data_time: 0.0206  memory: 22184  loss: 0.4675  decode.loss_ce: 0.3348  decode.acc_seg: 25.7798  aux.loss_ce: 0.1327  aux.acc_seg: 30.9356
2025/05/31 06:35:57 - mmengine - INFO - Epoch(train) [1][22150/157]  lr: 3.0623e-03  eta: 1:24:40  time: 0.6544  data_time: 0.0206  memory: 22185  loss: 0.4215  decode.loss_ce: 0.2958  decode.acc_seg: 27.8009  aux.loss_ce: 0.1257  aux.acc_seg: 28.4520
2025/05/31 06:36:29 - mmengine - INFO - Epoch(train) [1][22200/157]  lr: 3.0453e-03  eta: 1:24:08  time: 0.6605  data_time: 0.0207  memory: 22184  loss: 0.4316  decode.loss_ce: 0.3040  decode.acc_seg: 35.3369  aux.loss_ce: 0.1276  aux.acc_seg: 39.8170
2025/05/31 06:37:00 - mmengine - INFO - Epoch(train) [1][22250/157]  lr: 3.0283e-03  eta: 1:23:35  time: 0.5595  data_time: 0.0206  memory: 22185  loss: 0.4007  decode.loss_ce: 0.2786  decode.acc_seg: 24.9349  aux.loss_ce: 0.1221  aux.acc_seg: 27.0993
2025/05/31 06:37:32 - mmengine - INFO - Epoch(train) [1][22300/157]  lr: 3.0113e-03  eta: 1:23:03  time: 0.5548  data_time: 0.0204  memory: 22184  loss: 0.3482  decode.loss_ce: 0.2433  decode.acc_seg: 28.7827  aux.loss_ce: 0.1049  aux.acc_seg: 20.8854
2025/05/31 06:38:04 - mmengine - INFO - Epoch(train) [1][22350/157]  lr: 2.9942e-03  eta: 1:22:30  time: 0.5622  data_time: 0.0204  memory: 22185  loss: 0.4820  decode.loss_ce: 0.3395  decode.acc_seg: 43.5421  aux.loss_ce: 0.1425  aux.acc_seg: 36.0917
2025/05/31 06:38:36 - mmengine - INFO - Epoch(train) [1][22400/157]  lr: 2.9772e-03  eta: 1:21:58  time: 0.5583  data_time: 0.0204  memory: 22184  loss: 0.4479  decode.loss_ce: 0.3230  decode.acc_seg: 48.1141  aux.loss_ce: 0.1250  aux.acc_seg: 49.3135
2025/05/31 06:39:09 - mmengine - INFO - Epoch(train) [1][22450/157]  lr: 2.9602e-03  eta: 1:21:25  time: 0.5699  data_time: -0.0880  memory: 22184  loss: 0.4047  decode.loss_ce: 0.2881  decode.acc_seg: 37.5402  aux.loss_ce: 0.1166  aux.acc_seg: 26.6324
2025/05/31 06:39:41 - mmengine - INFO - Epoch(train) [1][22500/157]  lr: 2.9431e-03  eta: 1:20:53  time: 0.5582  data_time: 0.0204  memory: 22184  loss: 0.4033  decode.loss_ce: 0.2832  decode.acc_seg: 47.0102  aux.loss_ce: 0.1201  aux.acc_seg: 39.3226
2025/05/31 06:40:13 - mmengine - INFO - Epoch(train) [1][22550/157]  lr: 2.9260e-03  eta: 1:20:21  time: 0.5520  data_time: 0.0206  memory: 22184  loss: 0.4181  decode.loss_ce: 0.2871  decode.acc_seg: 30.3872  aux.loss_ce: 0.1310  aux.acc_seg: 35.3272
2025/05/31 06:40:45 - mmengine - INFO - Epoch(train) [1][22600/157]  lr: 2.9090e-03  eta: 1:19:48  time: 0.5506  data_time: 0.0204  memory: 22184  loss: 0.3750  decode.loss_ce: 0.2612  decode.acc_seg: 62.9005  aux.loss_ce: 0.1138  aux.acc_seg: 56.6826
2025/05/31 06:41:17 - mmengine - INFO - Epoch(train) [1][22650/157]  lr: 2.8919e-03  eta: 1:19:16  time: 0.5539  data_time: 0.0201  memory: 22184  loss: 0.4385  decode.loss_ce: 0.3088  decode.acc_seg: 49.9164  aux.loss_ce: 0.1298  aux.acc_seg: 59.1010
2025/05/31 06:41:49 - mmengine - INFO - Epoch(train) [1][22700/157]  lr: 2.8748e-03  eta: 1:18:43  time: 0.5583  data_time: 0.0206  memory: 22184  loss: 0.4546  decode.loss_ce: 0.3132  decode.acc_seg: 58.6366  aux.loss_ce: 0.1414  aux.acc_seg: 45.6034
2025/05/31 06:42:22 - mmengine - INFO - Epoch(train) [1][22750/157]  lr: 2.8577e-03  eta: 1:18:11  time: 0.5598  data_time: 0.0204  memory: 22184  loss: 0.4071  decode.loss_ce: 0.2832  decode.acc_seg: 17.9212  aux.loss_ce: 0.1239  aux.acc_seg: 21.9246
2025/05/31 06:42:54 - mmengine - INFO - Epoch(train) [1][22800/157]  lr: 2.8406e-03  eta: 1:17:38  time: 0.5529  data_time: 0.0203  memory: 22185  loss: 0.4149  decode.loss_ce: 0.2921  decode.acc_seg: 59.5378  aux.loss_ce: 0.1228  aux.acc_seg: 53.0090
2025/05/31 06:43:26 - mmengine - INFO - Epoch(train) [1][22850/157]  lr: 2.8234e-03  eta: 1:17:06  time: 0.5628  data_time: 0.0206  memory: 22184  loss: 0.3927  decode.loss_ce: 0.2703  decode.acc_seg: 31.4798  aux.loss_ce: 0.1224  aux.acc_seg: 25.6962
2025/05/31 06:43:58 - mmengine - INFO - Epoch(train) [1][22900/157]  lr: 2.8063e-03  eta: 1:16:34  time: 0.5696  data_time: 0.0205  memory: 22184  loss: 0.4076  decode.loss_ce: 0.2836  decode.acc_seg: 48.9705  aux.loss_ce: 0.1240  aux.acc_seg: 46.0504
2025/05/31 06:44:31 - mmengine - INFO - Epoch(train) [1][22950/157]  lr: 2.7891e-03  eta: 1:16:01  time: 0.5555  data_time: 0.0205  memory: 22184  loss: 0.4711  decode.loss_ce: 0.3310  decode.acc_seg: 70.3360  aux.loss_ce: 0.1401  aux.acc_seg: 76.2061
2025/05/31 06:45:04 - mmengine - INFO - Exp name: 7_minc_deeplabv3plusplus_20250531_023432
2025/05/31 06:45:04 - mmengine - INFO - Epoch(train) [1][23000/157]  lr: 2.7719e-03  eta: 1:15:29  time: 0.5594  data_time: 0.0207  memory: 22184  loss: 0.3828  decode.loss_ce: 0.2666  decode.acc_seg: 45.8037  aux.loss_ce: 0.1162  aux.acc_seg: 29.8262
2025/05/31 06:45:36 - mmengine - INFO - Epoch(train) [1][23050/157]  lr: 2.7548e-03  eta: 1:14:57  time: 0.5528  data_time: 0.0205  memory: 22184  loss: 0.3291  decode.loss_ce: 0.2311  decode.acc_seg: 25.4911  aux.loss_ce: 0.0980  aux.acc_seg: 23.4656
2025/05/31 06:46:08 - mmengine - INFO - Epoch(train) [1][23100/157]  lr: 2.7376e-03  eta: 1:14:24  time: 0.5432  data_time: 0.0205  memory: 22184  loss: 0.3696  decode.loss_ce: 0.2572  decode.acc_seg: 68.7557  aux.loss_ce: 0.1124  aux.acc_seg: 59.4948
2025/05/31 06:46:40 - mmengine - INFO - Epoch(train) [1][23150/157]  lr: 2.7204e-03  eta: 1:13:52  time: 0.5714  data_time: 0.0202  memory: 22185  loss: 0.2457  decode.loss_ce: 0.1717  decode.acc_seg: 35.2369  aux.loss_ce: 0.0740  aux.acc_seg: 46.4217
2025/05/31 06:47:13 - mmengine - INFO - Epoch(train) [1][23200/157]  lr: 2.7031e-03  eta: 1:13:20  time: 0.5557  data_time: 0.0204  memory: 22184  loss: 0.4357  decode.loss_ce: 0.2996  decode.acc_seg: 50.8405  aux.loss_ce: 0.1361  aux.acc_seg: 35.0980
2025/05/31 06:47:45 - mmengine - INFO - Epoch(train) [1][23250/157]  lr: 2.6859e-03  eta: 1:12:47  time: 0.5523  data_time: 0.0203  memory: 22184  loss: 0.4454  decode.loss_ce: 0.3141  decode.acc_seg: 56.9767  aux.loss_ce: 0.1313  aux.acc_seg: 32.1007
2025/05/31 06:48:17 - mmengine - INFO - Epoch(train) [1][23300/157]  lr: 2.6687e-03  eta: 1:12:15  time: 0.5630  data_time: 0.0205  memory: 22185  loss: 0.3839  decode.loss_ce: 0.2677  decode.acc_seg: 35.4273  aux.loss_ce: 0.1162  aux.acc_seg: 14.3095
2025/05/31 06:48:49 - mmengine - INFO - Epoch(train) [1][23350/157]  lr: 2.6514e-03  eta: 1:11:42  time: 0.5580  data_time: 0.0204  memory: 22184  loss: 0.4076  decode.loss_ce: 0.2797  decode.acc_seg: 66.3734  aux.loss_ce: 0.1279  aux.acc_seg: 54.2223
2025/05/31 06:49:22 - mmengine - INFO - Epoch(train) [1][23400/157]  lr: 2.6341e-03  eta: 1:11:10  time: 0.5546  data_time: 0.0205  memory: 22184  loss: 0.3452  decode.loss_ce: 0.2454  decode.acc_seg: 16.8510  aux.loss_ce: 0.0998  aux.acc_seg: 18.1096
2025/05/31 06:49:54 - mmengine - INFO - Epoch(train) [1][23450/157]  lr: 2.6168e-03  eta: 1:10:38  time: 0.5525  data_time: 0.0209  memory: 22184  loss: 0.3323  decode.loss_ce: 0.2312  decode.acc_seg: 60.0158  aux.loss_ce: 0.1011  aux.acc_seg: 59.5088
2025/05/31 06:50:26 - mmengine - INFO - Epoch(train) [1][23500/157]  lr: 2.5995e-03  eta: 1:10:05  time: 0.5694  data_time: 0.0204  memory: 22184  loss: 0.3266  decode.loss_ce: 0.2281  decode.acc_seg: 50.5203  aux.loss_ce: 0.0985  aux.acc_seg: 60.6317
2025/05/31 06:50:58 - mmengine - INFO - Epoch(train) [1][23550/157]  lr: 2.5822e-03  eta: 1:09:33  time: 0.5499  data_time: 0.0203  memory: 22184  loss: 0.4173  decode.loss_ce: 0.2900  decode.acc_seg: 71.3196  aux.loss_ce: 0.1273  aux.acc_seg: 56.4072
2025/05/31 06:51:31 - mmengine - INFO - Epoch(train) [1][23600/157]  lr: 2.5649e-03  eta: 1:09:01  time: 0.5623  data_time: 0.0207  memory: 22184  loss: 0.4506  decode.loss_ce: 0.3162  decode.acc_seg: 23.0298  aux.loss_ce: 0.1344  aux.acc_seg: 24.1647
2025/05/31 06:52:03 - mmengine - INFO - Epoch(train) [1][23650/157]  lr: 2.5476e-03  eta: 1:08:28  time: 0.5513  data_time: 0.0207  memory: 22184  loss: 0.3799  decode.loss_ce: 0.2689  decode.acc_seg: 40.9159  aux.loss_ce: 0.1110  aux.acc_seg: 33.7182
2025/05/31 06:52:35 - mmengine - INFO - Epoch(train) [1][23700/157]  lr: 2.5302e-03  eta: 1:07:56  time: 0.6682  data_time: 0.0205  memory: 22184  loss: 0.4075  decode.loss_ce: 0.2815  decode.acc_seg: 58.3578  aux.loss_ce: 0.1259  aux.acc_seg: 58.0823
2025/05/31 06:53:07 - mmengine - INFO - Epoch(train) [1][23750/157]  lr: 2.5129e-03  eta: 1:07:23  time: 0.6709  data_time: 0.0209  memory: 22184  loss: 0.4412  decode.loss_ce: 0.3094  decode.acc_seg: 45.3931  aux.loss_ce: 0.1318  aux.acc_seg: 56.4732
2025/05/31 06:53:40 - mmengine - INFO - Epoch(train) [1][23800/157]  lr: 2.4955e-03  eta: 1:06:51  time: 0.6595  data_time: 0.0207  memory: 22184  loss: 0.4364  decode.loss_ce: 0.3004  decode.acc_seg: 50.4460  aux.loss_ce: 0.1361  aux.acc_seg: 46.8066
2025/05/31 06:54:13 - mmengine - INFO - Epoch(train) [1][23850/157]  lr: 2.4781e-03  eta: 1:06:19  time: 0.6641  data_time: 0.0208  memory: 22184  loss: 0.3658  decode.loss_ce: 0.2572  decode.acc_seg: 53.9450  aux.loss_ce: 0.1086  aux.acc_seg: 51.3568
2025/05/31 06:54:45 - mmengine - INFO - Epoch(train) [1][23900/157]  lr: 2.4607e-03  eta: 1:05:46  time: 0.6637  data_time: 0.0208  memory: 22184  loss: 0.5018  decode.loss_ce: 0.3533  decode.acc_seg: 51.4298  aux.loss_ce: 0.1485  aux.acc_seg: 22.2378
2025/05/31 06:55:17 - mmengine - INFO - Epoch(train) [1][23950/157]  lr: 2.4433e-03  eta: 1:05:14  time: 0.6577  data_time: 0.0210  memory: 22184  loss: 0.4430  decode.loss_ce: 0.3147  decode.acc_seg: 24.0983  aux.loss_ce: 0.1283  aux.acc_seg: 30.1535
2025/05/31 06:55:49 - mmengine - INFO - Exp name: 7_minc_deeplabv3plusplus_20250531_023432
2025/05/31 06:55:49 - mmengine - INFO - Epoch(train) [1][24000/157]  lr: 2.4258e-03  eta: 1:04:42  time: 0.6665  data_time: 0.0203  memory: 22184  loss: 0.3577  decode.loss_ce: 0.2484  decode.acc_seg: 35.5669  aux.loss_ce: 0.1093  aux.acc_seg: 24.6779
2025/05/31 06:55:49 - mmengine - INFO - Saving checkpoint at 24000 iterations
2025/05/31 06:55:56 - mmengine - INFO - Epoch(val) [0][ 50/217]    eta: 0:00:13  time: 0.0720  data_time: 0.0033  memory: 1634  
2025/05/31 06:56:00 - mmengine - INFO - Epoch(val) [0][100/217]    eta: 0:00:08  time: 0.0727  data_time: 0.0034  memory: 1634  
2025/05/31 06:56:04 - mmengine - INFO - Epoch(val) [0][150/217]    eta: 0:00:05  time: 0.0719  data_time: 0.0033  memory: 1634  
2025/05/31 06:56:07 - mmengine - INFO - Epoch(val) [0][200/217]    eta: 0:00:01  time: 0.0709  data_time: 0.0031  memory: 1634  
2025/05/31 06:56:09 - mmengine - INFO - per class results:
2025/05/31 06:56:09 - mmengine - INFO - 
+---------+-------+-------+
|  Class  |  IoU  |  Acc  |
+---------+-------+-------+
|  fabric | 19.65 | 29.67 |
|  glass  |  6.95 |  9.74 |
| leather |  0.0  |  0.0  |
|  metal  | 14.22 | 19.97 |
| plastic |  3.1  |  4.07 |
|  stone  |  0.05 |  0.05 |
|   wood  | 36.64 | 69.51 |
+---------+-------+-------+
2025/05/31 06:56:09 - mmengine - INFO - Epoch(val) [0][217/217]    aAcc: 39.4600  mIoU: 11.5200  mAcc: 19.0000  data_time: 0.0034  time: 0.0744
2025/05/31 06:56:41 - mmengine - INFO - Epoch(train) [1][24050/157]  lr: 2.4084e-03  eta: 1:04:09  time: 0.6643  data_time: 0.0205  memory: 22184  loss: 0.5011  decode.loss_ce: 0.3507  decode.acc_seg: 52.8764  aux.loss_ce: 0.1504  aux.acc_seg: 56.8199
2025/05/31 06:57:13 - mmengine - INFO - Epoch(train) [1][24100/157]  lr: 2.3909e-03  eta: 1:03:37  time: 0.6852  data_time: 0.0207  memory: 22184  loss: 0.4629  decode.loss_ce: 0.3185  decode.acc_seg: 79.4117  aux.loss_ce: 0.1444  aux.acc_seg: 65.2430
2025/05/31 06:57:45 - mmengine - INFO - Epoch(train) [1][24150/157]  lr: 2.3734e-03  eta: 1:03:05  time: 0.6548  data_time: 0.0205  memory: 22184  loss: 0.3064  decode.loss_ce: 0.2123  decode.acc_seg: 59.5525  aux.loss_ce: 0.0940  aux.acc_seg: 47.3245
2025/05/31 06:58:18 - mmengine - INFO - Epoch(train) [1][24200/157]  lr: 2.3559e-03  eta: 1:02:32  time: 0.6648  data_time: 0.0207  memory: 22184  loss: 0.4007  decode.loss_ce: 0.2791  decode.acc_seg: 30.7168  aux.loss_ce: 0.1216  aux.acc_seg: 22.7930
2025/05/31 06:58:50 - mmengine - INFO - Epoch(train) [1][24250/157]  lr: 2.3384e-03  eta: 1:02:00  time: 0.6661  data_time: 0.0208  memory: 22184  loss: 0.4201  decode.loss_ce: 0.2876  decode.acc_seg: 47.9205  aux.loss_ce: 0.1326  aux.acc_seg: 51.5561
2025/05/31 06:59:22 - mmengine - INFO - Epoch(train) [1][24300/157]  lr: 2.3209e-03  eta: 1:01:27  time: 0.6620  data_time: 0.0208  memory: 22184  loss: 0.4542  decode.loss_ce: 0.3192  decode.acc_seg: 44.1277  aux.loss_ce: 0.1351  aux.acc_seg: 27.8259
2025/05/31 06:59:54 - mmengine - INFO - Epoch(train) [1][24350/157]  lr: 2.3033e-03  eta: 1:00:55  time: 0.6881  data_time: 0.0211  memory: 22184  loss: 0.3938  decode.loss_ce: 0.2788  decode.acc_seg: 21.5670  aux.loss_ce: 0.1150  aux.acc_seg: 12.2106
2025/05/31 07:00:27 - mmengine - INFO - Epoch(train) [1][24400/157]  lr: 2.2858e-03  eta: 1:00:23  time: 0.6635  data_time: 0.0207  memory: 22183  loss: 0.3716  decode.loss_ce: 0.2572  decode.acc_seg: 37.8165  aux.loss_ce: 0.1144  aux.acc_seg: 39.9568
2025/05/31 07:00:59 - mmengine - INFO - Epoch(train) [1][24450/157]  lr: 2.2682e-03  eta: 0:59:50  time: 0.6664  data_time: 0.0208  memory: 22184  loss: 0.4231  decode.loss_ce: 0.2983  decode.acc_seg: 33.8590  aux.loss_ce: 0.1248  aux.acc_seg: 18.7973
2025/05/31 07:01:31 - mmengine - INFO - Epoch(train) [1][24500/157]  lr: 2.2506e-03  eta: 0:59:18  time: 0.6642  data_time: 0.0207  memory: 22185  loss: 0.3747  decode.loss_ce: 0.2587  decode.acc_seg: 21.4709  aux.loss_ce: 0.1160  aux.acc_seg: 23.1308
2025/05/31 07:02:03 - mmengine - INFO - Epoch(train) [1][24550/157]  lr: 2.2330e-03  eta: 0:58:46  time: 0.6617  data_time: 0.0209  memory: 22184  loss: 0.3646  decode.loss_ce: 0.2562  decode.acc_seg: 20.9690  aux.loss_ce: 0.1084  aux.acc_seg: 22.2764
2025/05/31 07:02:35 - mmengine - INFO - Epoch(train) [1][24600/157]  lr: 2.2154e-03  eta: 0:58:13  time: 0.6567  data_time: 0.0206  memory: 22184  loss: 0.3751  decode.loss_ce: 0.2598  decode.acc_seg: 58.4641  aux.loss_ce: 0.1153  aux.acc_seg: 39.3653
2025/05/31 07:03:08 - mmengine - INFO - Epoch(train) [1][24650/157]  lr: 2.1978e-03  eta: 0:57:41  time: 0.6654  data_time: 0.0206  memory: 22184  loss: 0.3985  decode.loss_ce: 0.2732  decode.acc_seg: 36.8224  aux.loss_ce: 0.1253  aux.acc_seg: 28.3642
2025/05/31 07:03:40 - mmengine - INFO - Epoch(train) [1][24700/157]  lr: 2.1801e-03  eta: 0:57:08  time: 0.6574  data_time: 0.0208  memory: 22184  loss: 0.4921  decode.loss_ce: 0.3400  decode.acc_seg: 11.5934  aux.loss_ce: 0.1521  aux.acc_seg: 9.0515
2025/05/31 07:04:12 - mmengine - INFO - Epoch(train) [1][24750/157]  lr: 2.1624e-03  eta: 0:56:36  time: 0.6572  data_time: 0.0208  memory: 22184  loss: 0.5285  decode.loss_ce: 0.3680  decode.acc_seg: 57.5259  aux.loss_ce: 0.1606  aux.acc_seg: 37.9198
2025/05/31 07:04:44 - mmengine - INFO - Epoch(train) [1][24800/157]  lr: 2.1448e-03  eta: 0:56:04  time: 0.6713  data_time: 0.0206  memory: 22184  loss: 0.4659  decode.loss_ce: 0.3257  decode.acc_seg: 55.5203  aux.loss_ce: 0.1401  aux.acc_seg: 52.8734
2025/05/31 07:05:16 - mmengine - INFO - Epoch(train) [1][24850/157]  lr: 2.1271e-03  eta: 0:55:31  time: 0.6619  data_time: 0.0210  memory: 22184  loss: 0.4207  decode.loss_ce: 0.2946  decode.acc_seg: 60.0080  aux.loss_ce: 0.1261  aux.acc_seg: 62.0742
2025/05/31 07:05:48 - mmengine - INFO - Epoch(train) [1][24900/157]  lr: 2.1093e-03  eta: 0:54:59  time: 0.6648  data_time: 0.0208  memory: 22184  loss: 0.3492  decode.loss_ce: 0.2362  decode.acc_seg: 44.9862  aux.loss_ce: 0.1130  aux.acc_seg: 45.4181
2025/05/31 07:06:21 - mmengine - INFO - Epoch(train) [1][24950/157]  lr: 2.0916e-03  eta: 0:54:26  time: 0.6643  data_time: 0.0209  memory: 22185  loss: 0.4914  decode.loss_ce: 0.3410  decode.acc_seg: 31.8299  aux.loss_ce: 0.1504  aux.acc_seg: 31.3925
2025/05/31 07:06:52 - mmengine - INFO - Exp name: 7_minc_deeplabv3plusplus_20250531_023432
2025/05/31 07:06:52 - mmengine - INFO - Epoch(train) [1][25000/157]  lr: 2.0738e-03  eta: 0:53:54  time: 0.5600  data_time: 0.0212  memory: 22184  loss: 0.4439  decode.loss_ce: 0.3041  decode.acc_seg: 26.3052  aux.loss_ce: 0.1398  aux.acc_seg: 41.4008
2025/05/31 07:07:24 - mmengine - INFO - Epoch(train) [1][25050/157]  lr: 2.0561e-03  eta: 0:53:22  time: 0.5569  data_time: 0.0210  memory: 22184  loss: 0.4187  decode.loss_ce: 0.2881  decode.acc_seg: 49.1225  aux.loss_ce: 0.1306  aux.acc_seg: 31.3321
2025/05/31 07:07:56 - mmengine - INFO - Epoch(train) [1][25100/157]  lr: 2.0383e-03  eta: 0:52:49  time: 0.5532  data_time: 0.0211  memory: 22184  loss: 0.5371  decode.loss_ce: 0.3806  decode.acc_seg: 61.3492  aux.loss_ce: 0.1565  aux.acc_seg: 40.7675
2025/05/31 07:08:29 - mmengine - INFO - Epoch(train) [1][25150/157]  lr: 2.0205e-03  eta: 0:52:17  time: 0.5680  data_time: 0.0208  memory: 22184  loss: 0.3829  decode.loss_ce: 0.2628  decode.acc_seg: 51.0550  aux.loss_ce: 0.1201  aux.acc_seg: 43.3545
2025/05/31 07:09:01 - mmengine - INFO - Epoch(train) [1][25200/157]  lr: 2.0026e-03  eta: 0:51:44  time: 0.5510  data_time: 0.0207  memory: 22184  loss: 0.4388  decode.loss_ce: 0.3051  decode.acc_seg: 67.5071  aux.loss_ce: 0.1337  aux.acc_seg: 67.6507
2025/05/31 07:09:33 - mmengine - INFO - Epoch(train) [1][25250/157]  lr: 1.9848e-03  eta: 0:51:12  time: 0.5665  data_time: 0.0214  memory: 22184  loss: 0.4200  decode.loss_ce: 0.2872  decode.acc_seg: 62.4738  aux.loss_ce: 0.1328  aux.acc_seg: 64.3149
2025/05/31 07:10:05 - mmengine - INFO - Epoch(train) [1][25300/157]  lr: 1.9669e-03  eta: 0:50:40  time: 0.5522  data_time: 0.0207  memory: 22184  loss: 0.4449  decode.loss_ce: 0.3116  decode.acc_seg: 31.8012  aux.loss_ce: 0.1333  aux.acc_seg: 42.3905
2025/05/31 07:10:37 - mmengine - INFO - Epoch(train) [1][25350/157]  lr: 1.9490e-03  eta: 0:50:07  time: 0.5494  data_time: 0.0210  memory: 22184  loss: 0.3421  decode.loss_ce: 0.2415  decode.acc_seg: 76.1578  aux.loss_ce: 0.1006  aux.acc_seg: 83.5379
2025/05/31 07:11:10 - mmengine - INFO - Epoch(train) [1][25400/157]  lr: 1.9311e-03  eta: 0:49:35  time: 0.6681  data_time: 0.0209  memory: 22184  loss: 0.4482  decode.loss_ce: 0.3062  decode.acc_seg: 59.5741  aux.loss_ce: 0.1419  aux.acc_seg: 40.5770
2025/05/31 07:11:42 - mmengine - INFO - Epoch(train) [1][25450/157]  lr: 1.9132e-03  eta: 0:49:03  time: 0.6729  data_time: 0.0211  memory: 22184  loss: 0.4558  decode.loss_ce: 0.3189  decode.acc_seg: 37.0646  aux.loss_ce: 0.1369  aux.acc_seg: 40.9545
2025/05/31 07:12:15 - mmengine - INFO - Epoch(train) [1][25500/157]  lr: 1.8953e-03  eta: 0:48:30  time: 0.6608  data_time: 0.0208  memory: 22184  loss: 0.4627  decode.loss_ce: 0.3207  decode.acc_seg: 56.3229  aux.loss_ce: 0.1420  aux.acc_seg: 63.5391
2025/05/31 07:12:47 - mmengine - INFO - Epoch(train) [1][25550/157]  lr: 1.8773e-03  eta: 0:47:58  time: 0.6723  data_time: 0.0209  memory: 22185  loss: 0.3096  decode.loss_ce: 0.2171  decode.acc_seg: 17.4196  aux.loss_ce: 0.0924  aux.acc_seg: 23.8741
2025/05/31 07:13:19 - mmengine - INFO - Epoch(train) [1][25600/157]  lr: 1.8593e-03  eta: 0:47:26  time: 0.6693  data_time: 0.0208  memory: 22184  loss: 0.3367  decode.loss_ce: 0.2311  decode.acc_seg: 58.3384  aux.loss_ce: 0.1056  aux.acc_seg: 63.5935
2025/05/31 07:13:51 - mmengine - INFO - Epoch(train) [1][25650/157]  lr: 1.8413e-03  eta: 0:46:53  time: 0.6517  data_time: 0.0209  memory: 22184  loss: 0.3452  decode.loss_ce: 0.2397  decode.acc_seg: 54.7646  aux.loss_ce: 0.1055  aux.acc_seg: 48.9631
2025/05/31 07:14:23 - mmengine - INFO - Epoch(train) [1][25700/157]  lr: 1.8233e-03  eta: 0:46:21  time: 0.6619  data_time: 0.0207  memory: 22184  loss: 0.4544  decode.loss_ce: 0.3148  decode.acc_seg: 72.3417  aux.loss_ce: 0.1396  aux.acc_seg: 45.6166
2025/05/31 07:14:56 - mmengine - INFO - Epoch(train) [1][25750/157]  lr: 1.8053e-03  eta: 0:45:48  time: 0.6621  data_time: 0.0209  memory: 22184  loss: 0.3337  decode.loss_ce: 0.2277  decode.acc_seg: 34.2864  aux.loss_ce: 0.1060  aux.acc_seg: 22.0058
2025/05/31 07:15:28 - mmengine - INFO - Epoch(train) [1][25800/157]  lr: 1.7872e-03  eta: 0:45:16  time: 0.6626  data_time: 0.0208  memory: 22184  loss: 0.3280  decode.loss_ce: 0.2250  decode.acc_seg: 28.9184  aux.loss_ce: 0.1029  aux.acc_seg: 41.9134
2025/05/31 07:16:00 - mmengine - INFO - Epoch(train) [1][25850/157]  lr: 1.7691e-03  eta: 0:44:44  time: 0.6635  data_time: 0.0207  memory: 22184  loss: 0.4683  decode.loss_ce: 0.3266  decode.acc_seg: 34.8367  aux.loss_ce: 0.1417  aux.acc_seg: 53.5266
2025/05/31 07:16:32 - mmengine - INFO - Epoch(train) [1][25900/157]  lr: 1.7510e-03  eta: 0:44:11  time: 0.6628  data_time: 0.0208  memory: 22184  loss: 0.4194  decode.loss_ce: 0.2905  decode.acc_seg: 38.2363  aux.loss_ce: 0.1289  aux.acc_seg: 45.3113
2025/05/31 07:17:04 - mmengine - INFO - Epoch(train) [1][25950/157]  lr: 1.7329e-03  eta: 0:43:39  time: 0.6755  data_time: 0.0212  memory: 22184  loss: 0.3579  decode.loss_ce: 0.2444  decode.acc_seg: 61.9916  aux.loss_ce: 0.1135  aux.acc_seg: 48.3935
2025/05/31 07:17:36 - mmengine - INFO - Exp name: 7_minc_deeplabv3plusplus_20250531_023432
2025/05/31 07:17:36 - mmengine - INFO - Epoch(train) [1][26000/157]  lr: 1.7147e-03  eta: 0:43:07  time: 0.6669  data_time: 0.0207  memory: 22184  loss: 0.4129  decode.loss_ce: 0.2854  decode.acc_seg: 36.9732  aux.loss_ce: 0.1275  aux.acc_seg: 34.1591
2025/05/31 07:18:09 - mmengine - INFO - Epoch(train) [1][26050/157]  lr: 1.6965e-03  eta: 0:42:34  time: 0.6705  data_time: 0.0209  memory: 22184  loss: 0.4007  decode.loss_ce: 0.2827  decode.acc_seg: 77.3637  aux.loss_ce: 0.1180  aux.acc_seg: 44.4526
2025/05/31 07:18:41 - mmengine - INFO - Epoch(train) [1][26100/157]  lr: 1.6783e-03  eta: 0:42:02  time: 0.6646  data_time: 0.0211  memory: 22184  loss: 0.3906  decode.loss_ce: 0.2680  decode.acc_seg: 43.0944  aux.loss_ce: 0.1227  aux.acc_seg: 45.8049
2025/05/31 07:19:14 - mmengine - INFO - Epoch(train) [1][26150/157]  lr: 1.6601e-03  eta: 0:41:30  time: 0.6642  data_time: 0.0209  memory: 22184  loss: 0.3778  decode.loss_ce: 0.2665  decode.acc_seg: 27.4364  aux.loss_ce: 0.1114  aux.acc_seg: 35.5914
2025/05/31 07:19:46 - mmengine - INFO - Epoch(train) [1][26200/157]  lr: 1.6419e-03  eta: 0:40:57  time: 0.6767  data_time: 0.0209  memory: 22185  loss: 0.3073  decode.loss_ce: 0.2090  decode.acc_seg: 33.5850  aux.loss_ce: 0.0984  aux.acc_seg: 28.7240
2025/05/31 07:20:18 - mmengine - INFO - Epoch(train) [1][26250/157]  lr: 1.6236e-03  eta: 0:40:25  time: 0.6811  data_time: 0.0211  memory: 22184  loss: 0.3689  decode.loss_ce: 0.2537  decode.acc_seg: 46.6219  aux.loss_ce: 0.1152  aux.acc_seg: 33.1796
2025/05/31 07:20:50 - mmengine - INFO - Epoch(train) [1][26300/157]  lr: 1.6053e-03  eta: 0:39:53  time: 0.6679  data_time: 0.0210  memory: 22184  loss: 0.4147  decode.loss_ce: 0.2865  decode.acc_seg: 39.4280  aux.loss_ce: 0.1282  aux.acc_seg: 44.2377
2025/05/31 07:21:22 - mmengine - INFO - Epoch(train) [1][26350/157]  lr: 1.5870e-03  eta: 0:39:20  time: 0.6675  data_time: 0.0211  memory: 22184  loss: 0.3665  decode.loss_ce: 0.2581  decode.acc_seg: 62.2698  aux.loss_ce: 0.1084  aux.acc_seg: 57.9766
2025/05/31 07:21:55 - mmengine - INFO - Epoch(train) [1][26400/157]  lr: 1.5686e-03  eta: 0:38:48  time: 0.6613  data_time: 0.0207  memory: 22184  loss: 0.3854  decode.loss_ce: 0.2661  decode.acc_seg: 26.3834  aux.loss_ce: 0.1193  aux.acc_seg: 24.8839
2025/05/31 07:22:27 - mmengine - INFO - Epoch(train) [1][26450/157]  lr: 1.5503e-03  eta: 0:38:16  time: 0.6689  data_time: 0.0209  memory: 22184  loss: 0.4167  decode.loss_ce: 0.2861  decode.acc_seg: 84.6320  aux.loss_ce: 0.1306  aux.acc_seg: 68.2683
2025/05/31 07:22:59 - mmengine - INFO - Epoch(train) [1][26500/157]  lr: 1.5319e-03  eta: 0:37:43  time: 0.6798  data_time: 0.0213  memory: 22184  loss: 0.3226  decode.loss_ce: 0.2230  decode.acc_seg: 34.2047  aux.loss_ce: 0.0996  aux.acc_seg: 32.5649
2025/05/31 07:23:32 - mmengine - INFO - Epoch(train) [1][26550/157]  lr: 1.5134e-03  eta: 0:37:11  time: 0.6664  data_time: 0.0209  memory: 22184  loss: 0.4257  decode.loss_ce: 0.2998  decode.acc_seg: 14.7923  aux.loss_ce: 0.1259  aux.acc_seg: 11.3154
2025/05/31 07:24:04 - mmengine - INFO - Epoch(train) [1][26600/157]  lr: 1.4950e-03  eta: 0:36:38  time: 0.6787  data_time: 0.0207  memory: 22184  loss: 0.3791  decode.loss_ce: 0.2685  decode.acc_seg: 70.1982  aux.loss_ce: 0.1105  aux.acc_seg: 71.7522
2025/05/31 07:24:36 - mmengine - INFO - Epoch(train) [1][26650/157]  lr: 1.4765e-03  eta: 0:36:06  time: 0.6656  data_time: 0.0208  memory: 22184  loss: 0.3790  decode.loss_ce: 0.2636  decode.acc_seg: 21.7310  aux.loss_ce: 0.1154  aux.acc_seg: 22.6243
2025/05/31 07:25:08 - mmengine - INFO - Epoch(train) [1][26700/157]  lr: 1.4580e-03  eta: 0:35:34  time: 0.6676  data_time: 0.0209  memory: 22184  loss: 0.4959  decode.loss_ce: 0.3374  decode.acc_seg: 10.5238  aux.loss_ce: 0.1586  aux.acc_seg: 16.4555
2025/05/31 07:25:40 - mmengine - INFO - Epoch(train) [1][26750/157]  lr: 1.4395e-03  eta: 0:35:01  time: 0.6687  data_time: 0.0211  memory: 22184  loss: 0.4808  decode.loss_ce: 0.3399  decode.acc_seg: 21.9335  aux.loss_ce: 0.1410  aux.acc_seg: 23.0520
2025/05/31 07:26:13 - mmengine - INFO - Epoch(train) [1][26800/157]  lr: 1.4209e-03  eta: 0:34:29  time: 0.6786  data_time: 0.0207  memory: 22184  loss: 0.3943  decode.loss_ce: 0.2734  decode.acc_seg: 83.2141  aux.loss_ce: 0.1209  aux.acc_seg: 72.1018
2025/05/31 07:26:44 - mmengine - INFO - Epoch(train) [1][26850/157]  lr: 1.4023e-03  eta: 0:33:57  time: 0.5469  data_time: 0.0206  memory: 22184  loss: 0.3818  decode.loss_ce: 0.2610  decode.acc_seg: 58.4723  aux.loss_ce: 0.1208  aux.acc_seg: 58.4931
2025/05/31 07:27:16 - mmengine - INFO - Epoch(train) [1][26900/157]  lr: 1.3837e-03  eta: 0:33:24  time: 0.5420  data_time: 0.0207  memory: 22184  loss: 0.4755  decode.loss_ce: 0.3334  decode.acc_seg: 12.6671  aux.loss_ce: 0.1421  aux.acc_seg: 13.0104
2025/05/31 07:27:49 - mmengine - INFO - Epoch(train) [1][26950/157]  lr: 1.3651e-03  eta: 0:32:52  time: 0.5574  data_time: 0.0208  memory: 22184  loss: 0.3445  decode.loss_ce: 0.2403  decode.acc_seg: 32.3182  aux.loss_ce: 0.1042  aux.acc_seg: 14.9544
2025/05/31 07:28:21 - mmengine - INFO - Exp name: 7_minc_deeplabv3plusplus_20250531_023432
2025/05/31 07:28:21 - mmengine - INFO - Epoch(train) [1][27000/157]  lr: 1.3464e-03  eta: 0:32:20  time: 0.5442  data_time: 0.0209  memory: 22184  loss: 0.3787  decode.loss_ce: 0.2656  decode.acc_seg: 37.0174  aux.loss_ce: 0.1131  aux.acc_seg: 28.2492
2025/05/31 07:28:21 - mmengine - INFO - Saving checkpoint at 27000 iterations
2025/05/31 07:28:29 - mmengine - INFO - Epoch(val) [0][ 50/217]    eta: 0:00:12  time: 0.0723  data_time: 0.0035  memory: 1634  
2025/05/31 07:28:32 - mmengine - INFO - Epoch(val) [0][100/217]    eta: 0:00:08  time: 0.0753  data_time: 0.0033  memory: 1634  
2025/05/31 07:28:36 - mmengine - INFO - Epoch(val) [0][150/217]    eta: 0:00:05  time: 0.0714  data_time: 0.0033  memory: 1634  
2025/05/31 07:28:40 - mmengine - INFO - Epoch(val) [0][200/217]    eta: 0:00:01  time: 0.0766  data_time: 0.0032  memory: 1634  
2025/05/31 07:28:41 - mmengine - INFO - per class results:
2025/05/31 07:28:41 - mmengine - INFO - 
+---------+-------+-------+
|  Class  |  IoU  |  Acc  |
+---------+-------+-------+
|  fabric | 22.79 | 36.28 |
|  glass  |  5.33 |  7.66 |
| leather |  0.11 |  0.11 |
|  metal  | 10.51 | 17.57 |
| plastic |  1.39 |  1.66 |
|  stone  |  4.58 |  4.69 |
|   wood  | 35.57 | 63.33 |
+---------+-------+-------+
2025/05/31 07:28:41 - mmengine - INFO - Epoch(val) [0][217/217]    aAcc: 38.6400  mIoU: 11.4700  mAcc: 18.7600  data_time: 0.0034  time: 0.0750
2025/05/31 07:29:13 - mmengine - INFO - Epoch(train) [1][27050/157]  lr: 1.3277e-03  eta: 0:31:47  time: 0.6758  data_time: 0.0214  memory: 22184  loss: 0.5719  decode.loss_ce: 0.3963  decode.acc_seg: 45.8212  aux.loss_ce: 0.1756  aux.acc_seg: 40.4636
2025/05/31 07:29:45 - mmengine - INFO - Epoch(train) [1][27100/157]  lr: 1.3089e-03  eta: 0:31:15  time: 0.6684  data_time: 0.0206  memory: 22184  loss: 0.3252  decode.loss_ce: 0.2291  decode.acc_seg: 40.0717  aux.loss_ce: 0.0961  aux.acc_seg: 31.8783
2025/05/31 07:30:18 - mmengine - INFO - Epoch(train) [1][27150/157]  lr: 1.2901e-03  eta: 0:30:43  time: 0.6660  data_time: 0.0207  memory: 22184  loss: 0.3985  decode.loss_ce: 0.2725  decode.acc_seg: 37.0250  aux.loss_ce: 0.1260  aux.acc_seg: 46.4052
2025/05/31 07:30:50 - mmengine - INFO - Epoch(train) [1][27200/157]  lr: 1.2713e-03  eta: 0:30:10  time: 0.6835  data_time: 0.0205  memory: 22184  loss: 0.3827  decode.loss_ce: 0.2591  decode.acc_seg: 58.0986  aux.loss_ce: 0.1236  aux.acc_seg: 39.1677
2025/05/31 07:31:22 - mmengine - INFO - Epoch(train) [1][27250/157]  lr: 1.2525e-03  eta: 0:29:38  time: 0.6602  data_time: 0.0207  memory: 22184  loss: 0.4266  decode.loss_ce: 0.2950  decode.acc_seg: 65.2882  aux.loss_ce: 0.1316  aux.acc_seg: 36.7615
2025/05/31 07:31:54 - mmengine - INFO - Epoch(train) [1][27300/157]  lr: 1.2336e-03  eta: 0:29:06  time: 0.6655  data_time: 0.0206  memory: 22184  loss: 0.4258  decode.loss_ce: 0.2961  decode.acc_seg: 49.1860  aux.loss_ce: 0.1297  aux.acc_seg: 17.0856
2025/05/31 07:32:27 - mmengine - INFO - Epoch(train) [1][27350/157]  lr: 1.2147e-03  eta: 0:28:33  time: 0.6810  data_time: 0.0210  memory: 22184  loss: 0.4362  decode.loss_ce: 0.3040  decode.acc_seg: 14.3106  aux.loss_ce: 0.1322  aux.acc_seg: 12.0863
2025/05/31 07:32:59 - mmengine - INFO - Epoch(train) [1][27400/157]  lr: 1.1958e-03  eta: 0:28:01  time: 0.6554  data_time: 0.0212  memory: 22184  loss: 0.3387  decode.loss_ce: 0.2378  decode.acc_seg: 52.6998  aux.loss_ce: 0.1009  aux.acc_seg: 42.2731
2025/05/31 07:33:31 - mmengine - INFO - Epoch(train) [1][27450/157]  lr: 1.1768e-03  eta: 0:27:28  time: 0.6626  data_time: 0.0211  memory: 22184  loss: 0.4762  decode.loss_ce: 0.3340  decode.acc_seg: 49.0681  aux.loss_ce: 0.1423  aux.acc_seg: 42.4655
2025/05/31 07:34:03 - mmengine - INFO - Epoch(train) [1][27500/157]  lr: 1.1578e-03  eta: 0:26:56  time: 0.6848  data_time: 0.0210  memory: 22184  loss: 0.4454  decode.loss_ce: 0.3048  decode.acc_seg: 49.7498  aux.loss_ce: 0.1405  aux.acc_seg: 23.5201
2025/05/31 07:34:36 - mmengine - INFO - Epoch(train) [1][27550/157]  lr: 1.1387e-03  eta: 0:26:24  time: 0.6702  data_time: 0.0207  memory: 22184  loss: 0.3088  decode.loss_ce: 0.2133  decode.acc_seg: 51.4266  aux.loss_ce: 0.0955  aux.acc_seg: 55.1545
2025/05/31 07:35:08 - mmengine - INFO - Epoch(train) [1][27600/157]  lr: 1.1196e-03  eta: 0:25:51  time: 0.6670  data_time: 0.0206  memory: 22184  loss: 0.2612  decode.loss_ce: 0.1817  decode.acc_seg: 59.0026  aux.loss_ce: 0.0795  aux.acc_seg: 68.9251
2025/05/31 07:35:40 - mmengine - INFO - Epoch(train) [1][27650/157]  lr: 1.1005e-03  eta: 0:25:19  time: 0.6659  data_time: 0.0210  memory: 22184  loss: 0.4229  decode.loss_ce: 0.2946  decode.acc_seg: 69.1895  aux.loss_ce: 0.1283  aux.acc_seg: 72.9055
2025/05/31 07:36:13 - mmengine - INFO - Epoch(train) [1][27700/157]  lr: 1.0813e-03  eta: 0:24:47  time: 0.6727  data_time: 0.0207  memory: 22184  loss: 0.4150  decode.loss_ce: 0.2807  decode.acc_seg: 28.7858  aux.loss_ce: 0.1343  aux.acc_seg: 20.0699
2025/05/31 07:36:45 - mmengine - INFO - Epoch(train) [1][27750/157]  lr: 1.0621e-03  eta: 0:24:15  time: 0.6636  data_time: 0.0210  memory: 22184  loss: 0.4342  decode.loss_ce: 0.2971  decode.acc_seg: 26.5379  aux.loss_ce: 0.1371  aux.acc_seg: 11.5842
2025/05/31 07:37:16 - mmengine - INFO - Epoch(train) [1][27800/157]  lr: 1.0428e-03  eta: 0:23:42  time: 0.5542  data_time: 0.0209  memory: 22184  loss: 0.3732  decode.loss_ce: 0.2561  decode.acc_seg: 34.9064  aux.loss_ce: 0.1171  aux.acc_seg: 25.8574
2025/05/31 07:37:50 - mmengine - INFO - Epoch(train) [1][27850/157]  lr: 1.0235e-03  eta: 0:23:10  time: 0.6622  data_time: 0.0209  memory: 22184  loss: 0.3515  decode.loss_ce: 0.2460  decode.acc_seg: 34.3234  aux.loss_ce: 0.1056  aux.acc_seg: 13.3511
2025/05/31 07:38:22 - mmengine - INFO - Epoch(train) [1][27900/157]  lr: 1.0041e-03  eta: 0:22:37  time: 0.6601  data_time: 0.0208  memory: 22184  loss: 0.4626  decode.loss_ce: 0.3175  decode.acc_seg: 59.0955  aux.loss_ce: 0.1451  aux.acc_seg: 44.8430
2025/05/31 07:38:54 - mmengine - INFO - Epoch(train) [1][27950/157]  lr: 9.8474e-04  eta: 0:22:05  time: 0.6725  data_time: 0.0212  memory: 22184  loss: 0.4268  decode.loss_ce: 0.2890  decode.acc_seg: 31.3895  aux.loss_ce: 0.1378  aux.acc_seg: 33.0870
2025/05/31 07:39:26 - mmengine - INFO - Exp name: 7_minc_deeplabv3plusplus_20250531_023432
2025/05/31 07:39:26 - mmengine - INFO - Epoch(train) [1][28000/157]  lr: 9.6530e-04  eta: 0:21:33  time: 0.6621  data_time: 0.0208  memory: 22184  loss: 0.2581  decode.loss_ce: 0.1757  decode.acc_seg: 67.9880  aux.loss_ce: 0.0824  aux.acc_seg: 57.4219
2025/05/31 07:39:58 - mmengine - INFO - Epoch(train) [1][28050/157]  lr: 9.4580e-04  eta: 0:21:00  time: 0.6615  data_time: 0.0209  memory: 22185  loss: 0.4206  decode.loss_ce: 0.2910  decode.acc_seg: 29.1274  aux.loss_ce: 0.1296  aux.acc_seg: 46.4412
2025/05/31 07:40:30 - mmengine - INFO - Epoch(train) [1][28100/157]  lr: 9.2626e-04  eta: 0:20:28  time: 0.6634  data_time: 0.0208  memory: 22184  loss: 0.4397  decode.loss_ce: 0.3019  decode.acc_seg: 35.7816  aux.loss_ce: 0.1378  aux.acc_seg: 15.0277
2025/05/31 07:41:02 - mmengine - INFO - Epoch(train) [1][28150/157]  lr: 9.0667e-04  eta: 0:19:56  time: 0.6710  data_time: 0.0210  memory: 22184  loss: 0.3626  decode.loss_ce: 0.2515  decode.acc_seg: 50.5584  aux.loss_ce: 0.1112  aux.acc_seg: 29.7274
2025/05/31 07:41:35 - mmengine - INFO - Epoch(train) [1][28200/157]  lr: 8.8702e-04  eta: 0:19:23  time: 0.6725  data_time: 0.0208  memory: 22184  loss: 0.3323  decode.loss_ce: 0.2236  decode.acc_seg: 56.8241  aux.loss_ce: 0.1087  aux.acc_seg: 64.1737
2025/05/31 07:42:07 - mmengine - INFO - Epoch(train) [1][28250/157]  lr: 8.6731e-04  eta: 0:18:51  time: 0.6606  data_time: 0.0210  memory: 22184  loss: 0.4577  decode.loss_ce: 0.3179  decode.acc_seg: 55.2137  aux.loss_ce: 0.1399  aux.acc_seg: 42.2059
2025/05/31 07:42:39 - mmengine - INFO - Epoch(train) [1][28300/157]  lr: 8.4755e-04  eta: 0:18:19  time: 0.6648  data_time: 0.0207  memory: 22184  loss: 0.4068  decode.loss_ce: 0.2798  decode.acc_seg: 31.8186  aux.loss_ce: 0.1270  aux.acc_seg: 35.3639
2025/05/31 07:43:12 - mmengine - INFO - Epoch(train) [1][28350/157]  lr: 8.2774e-04  eta: 0:17:46  time: 0.6735  data_time: 0.0209  memory: 22184  loss: 0.3283  decode.loss_ce: 0.2227  decode.acc_seg: 58.7574  aux.loss_ce: 0.1056  aux.acc_seg: 59.9376
2025/05/31 07:43:42 - mmengine - INFO - Epoch(train) [1][28400/157]  lr: 8.0786e-04  eta: 0:17:14  time: 0.5448  data_time: 0.0207  memory: 22184  loss: 0.4378  decode.loss_ce: 0.3025  decode.acc_seg: 35.7225  aux.loss_ce: 0.1353  aux.acc_seg: 39.5033
2025/05/31 07:44:15 - mmengine - INFO - Epoch(train) [1][28450/157]  lr: 7.8792e-04  eta: 0:16:42  time: 0.5374  data_time: 0.0217  memory: 22184  loss: 0.3820  decode.loss_ce: 0.2658  decode.acc_seg: 55.7503  aux.loss_ce: 0.1162  aux.acc_seg: 25.5358
2025/05/31 07:44:47 - mmengine - INFO - Epoch(train) [1][28500/157]  lr: 7.6792e-04  eta: 0:16:09  time: 0.5614  data_time: 0.0209  memory: 22184  loss: 0.3277  decode.loss_ce: 0.2287  decode.acc_seg: 42.8766  aux.loss_ce: 0.0990  aux.acc_seg: 41.6746
2025/05/31 07:45:19 - mmengine - INFO - Epoch(train) [1][28550/157]  lr: 7.4784e-04  eta: 0:15:37  time: 0.5413  data_time: 0.0207  memory: 22184  loss: 0.3270  decode.loss_ce: 0.2230  decode.acc_seg: 25.0437  aux.loss_ce: 0.1040  aux.acc_seg: 29.3395
2025/05/31 07:45:52 - mmengine - INFO - Epoch(train) [1][28600/157]  lr: 7.2770e-04  eta: 0:15:05  time: 0.5498  data_time: 0.0213  memory: 22184  loss: 0.3918  decode.loss_ce: 0.2715  decode.acc_seg: 46.3704  aux.loss_ce: 0.1203  aux.acc_seg: 49.6333
2025/05/31 07:46:24 - mmengine - INFO - Epoch(train) [1][28650/157]  lr: 7.0749e-04  eta: 0:14:32  time: 0.5381  data_time: 0.0212  memory: 22184  loss: 0.4144  decode.loss_ce: 0.2860  decode.acc_seg: 40.6283  aux.loss_ce: 0.1284  aux.acc_seg: 24.9523
2025/05/31 07:46:57 - mmengine - INFO - Epoch(train) [1][28700/157]  lr: 6.8720e-04  eta: 0:14:00  time: 0.5641  data_time: 0.0210  memory: 22184  loss: 0.3192  decode.loss_ce: 0.2201  decode.acc_seg: 36.6968  aux.loss_ce: 0.0991  aux.acc_seg: 48.7479
2025/05/31 07:47:29 - mmengine - INFO - Epoch(train) [1][28750/157]  lr: 6.6684e-04  eta: 0:13:28  time: 0.5401  data_time: 0.0212  memory: 22184  loss: 0.3899  decode.loss_ce: 0.2666  decode.acc_seg: 66.3383  aux.loss_ce: 0.1233  aux.acc_seg: 50.9979
2025/05/31 07:48:01 - mmengine - INFO - Epoch(train) [1][28800/157]  lr: 6.4639e-04  eta: 0:12:55  time: 0.5357  data_time: 0.0210  memory: 22184  loss: 0.3156  decode.loss_ce: 0.2144  decode.acc_seg: 48.4988  aux.loss_ce: 0.1012  aux.acc_seg: 51.4982
2025/05/31 07:48:33 - mmengine - INFO - Epoch(train) [1][28850/157]  lr: 6.2586e-04  eta: 0:12:23  time: 0.5401  data_time: 0.0212  memory: 22184  loss: 0.2870  decode.loss_ce: 0.1998  decode.acc_seg: 25.3983  aux.loss_ce: 0.0873  aux.acc_seg: 26.0928
2025/05/31 07:49:05 - mmengine - INFO - Epoch(train) [1][28900/157]  lr: 6.0523e-04  eta: 0:11:51  time: 0.5315  data_time: 0.0211  memory: 22184  loss: 0.4287  decode.loss_ce: 0.2963  decode.acc_seg: 69.1057  aux.loss_ce: 0.1324  aux.acc_seg: 65.0175
2025/05/31 07:49:37 - mmengine - INFO - Epoch(train) [1][28950/157]  lr: 5.8452e-04  eta: 0:11:18  time: 0.5526  data_time: 0.0210  memory: 22184  loss: 0.4030  decode.loss_ce: 0.2750  decode.acc_seg: 56.8272  aux.loss_ce: 0.1280  aux.acc_seg: 26.9536
2025/05/31 07:50:10 - mmengine - INFO - Exp name: 7_minc_deeplabv3plusplus_20250531_023432
2025/05/31 07:50:10 - mmengine - INFO - Epoch(train) [1][29000/157]  lr: 5.6370e-04  eta: 0:10:46  time: 0.5432  data_time: 0.0210  memory: 22184  loss: 0.4529  decode.loss_ce: 0.3121  decode.acc_seg: 21.9096  aux.loss_ce: 0.1407  aux.acc_seg: 33.1932
2025/05/31 07:50:42 - mmengine - INFO - Epoch(train) [1][29050/157]  lr: 5.4278e-04  eta: 0:10:14  time: 0.5466  data_time: 0.0209  memory: 22184  loss: 0.3992  decode.loss_ce: 0.2736  decode.acc_seg: 28.0088  aux.loss_ce: 0.1256  aux.acc_seg: 5.4479
2025/05/31 07:51:15 - mmengine - INFO - Epoch(train) [1][29100/157]  lr: 5.2175e-04  eta: 0:09:41  time: 0.6677  data_time: 0.0212  memory: 22184  loss: 0.4050  decode.loss_ce: 0.2791  decode.acc_seg: 33.6035  aux.loss_ce: 0.1260  aux.acc_seg: 8.2086
2025/05/31 07:51:47 - mmengine - INFO - Epoch(train) [1][29150/157]  lr: 5.0060e-04  eta: 0:09:09  time: 0.6682  data_time: 0.0209  memory: 22184  loss: 0.3512  decode.loss_ce: 0.2379  decode.acc_seg: 44.0853  aux.loss_ce: 0.1134  aux.acc_seg: 40.8763
2025/05/31 07:52:19 - mmengine - INFO - Epoch(train) [1][29200/157]  lr: 4.7933e-04  eta: 0:08:37  time: 0.6551  data_time: 0.0211  memory: 22184  loss: 0.4617  decode.loss_ce: 0.3153  decode.acc_seg: 68.4276  aux.loss_ce: 0.1464  aux.acc_seg: 45.5336
2025/05/31 07:52:51 - mmengine - INFO - Epoch(train) [1][29250/157]  lr: 4.5793e-04  eta: 0:08:04  time: 0.6632  data_time: 0.0213  memory: 22184  loss: 0.3936  decode.loss_ce: 0.2678  decode.acc_seg: 28.3168  aux.loss_ce: 0.1259  aux.acc_seg: 56.8595
2025/05/31 07:53:24 - mmengine - INFO - Epoch(train) [1][29300/157]  lr: 4.3638e-04  eta: 0:07:32  time: 0.6686  data_time: 0.0210  memory: 22184  loss: 0.3469  decode.loss_ce: 0.2356  decode.acc_seg: 62.9073  aux.loss_ce: 0.1113  aux.acc_seg: 53.0056
2025/05/31 07:53:56 - mmengine - INFO - Epoch(train) [1][29350/157]  lr: 4.1467e-04  eta: 0:07:00  time: 0.6655  data_time: 0.0209  memory: 22184  loss: 0.4489  decode.loss_ce: 0.3140  decode.acc_seg: 21.1591  aux.loss_ce: 0.1349  aux.acc_seg: 22.9728
2025/05/31 07:54:28 - mmengine - INFO - Epoch(train) [1][29400/157]  lr: 3.9280e-04  eta: 0:06:27  time: 0.6677  data_time: 0.0210  memory: 22184  loss: 0.3774  decode.loss_ce: 0.2523  decode.acc_seg: 58.5464  aux.loss_ce: 0.1252  aux.acc_seg: 21.1711
2025/05/31 07:55:00 - mmengine - INFO - Epoch(train) [1][29450/157]  lr: 3.7075e-04  eta: 0:05:55  time: 0.6642  data_time: 0.0207  memory: 22184  loss: 0.3738  decode.loss_ce: 0.2546  decode.acc_seg: 58.6579  aux.loss_ce: 0.1192  aux.acc_seg: 9.3851
2025/05/31 07:55:32 - mmengine - INFO - Epoch(train) [1][29500/157]  lr: 3.4849e-04  eta: 0:05:23  time: 0.6637  data_time: 0.0209  memory: 22184  loss: 0.5404  decode.loss_ce: 0.3712  decode.acc_seg: 52.8998  aux.loss_ce: 0.1692  aux.acc_seg: 27.1905
2025/05/31 07:56:05 - mmengine - INFO - Epoch(train) [1][29550/157]  lr: 3.2601e-04  eta: 0:04:50  time: 0.6719  data_time: 0.0212  memory: 22184  loss: 0.3443  decode.loss_ce: 0.2389  decode.acc_seg: 42.5325  aux.loss_ce: 0.1054  aux.acc_seg: 53.5792
2025/05/31 07:56:37 - mmengine - INFO - Epoch(train) [1][29600/157]  lr: 3.0328e-04  eta: 0:04:18  time: 0.6705  data_time: 0.0209  memory: 22184  loss: 0.4705  decode.loss_ce: 0.3217  decode.acc_seg: 32.9727  aux.loss_ce: 0.1487  aux.acc_seg: 36.5263
2025/05/31 07:57:10 - mmengine - INFO - Epoch(train) [1][29650/157]  lr: 2.8026e-04  eta: 0:03:46  time: 0.6873  data_time: 0.0213  memory: 22184  loss: 0.3725  decode.loss_ce: 0.2603  decode.acc_seg: 69.8934  aux.loss_ce: 0.1121  aux.acc_seg: 44.3971
2025/05/31 07:57:42 - mmengine - INFO - Epoch(train) [1][29700/157]  lr: 2.5691e-04  eta: 0:03:13  time: 0.6882  data_time: 0.0217  memory: 22184  loss: 0.3755  decode.loss_ce: 0.2551  decode.acc_seg: 44.2570  aux.loss_ce: 0.1204  aux.acc_seg: 31.7672
2025/05/31 07:58:14 - mmengine - INFO - Epoch(train) [1][29750/157]  lr: 2.3316e-04  eta: 0:02:41  time: 0.6665  data_time: 0.0209  memory: 22184  loss: 0.3506  decode.loss_ce: 0.2402  decode.acc_seg: 29.9208  aux.loss_ce: 0.1103  aux.acc_seg: 17.3910
2025/05/31 07:58:46 - mmengine - INFO - Epoch(train) [1][29800/157]  lr: 2.0893e-04  eta: 0:02:09  time: 0.6763  data_time: 0.0209  memory: 22185  loss: 0.4622  decode.loss_ce: 0.3124  decode.acc_seg: 35.2924  aux.loss_ce: 0.1499  aux.acc_seg: 12.4254
2025/05/31 07:59:18 - mmengine - INFO - Epoch(train) [1][29850/157]  lr: 1.8409e-04  eta: 0:01:36  time: 0.6611  data_time: 0.0209  memory: 22184  loss: 0.3901  decode.loss_ce: 0.2661  decode.acc_seg: 25.3833  aux.loss_ce: 0.1241  aux.acc_seg: 3.5981
2025/05/31 07:59:50 - mmengine - INFO - Epoch(train) [1][29900/157]  lr: 1.5838e-04  eta: 0:01:04  time: 0.6715  data_time: 0.0212  memory: 22185  loss: 0.5256  decode.loss_ce: 0.3587  decode.acc_seg: 63.2917  aux.loss_ce: 0.1669  aux.acc_seg: 47.2454
2025/05/31 08:00:23 - mmengine - INFO - Epoch(train) [1][29950/157]  lr: 1.3128e-04  eta: 0:00:32  time: 0.6701  data_time: 0.0211  memory: 22184  loss: 0.3746  decode.loss_ce: 0.2586  decode.acc_seg: 60.5905  aux.loss_ce: 0.1161  aux.acc_seg: 63.0533
2025/05/31 08:00:55 - mmengine - INFO - Exp name: 7_minc_deeplabv3plusplus_20250531_023432
2025/05/31 08:00:55 - mmengine - INFO - Epoch(train) [1][30000/157]  lr: 1.0000e-04  eta: 0:00:00  time: 0.6647  data_time: 0.0212  memory: 22184  loss: 0.4272  decode.loss_ce: 0.2953  decode.acc_seg: 36.4352  aux.loss_ce: 0.1319  aux.acc_seg: 18.3809
2025/05/31 08:00:55 - mmengine - INFO - Saving checkpoint at 30000 iterations
2025/05/31 08:01:03 - mmengine - INFO - Epoch(val) [0][ 50/217]    eta: 0:00:13  time: 0.0722  data_time: 0.0033  memory: 1634  
2025/05/31 08:01:07 - mmengine - INFO - Epoch(val) [0][100/217]    eta: 0:00:08  time: 0.0692  data_time: 0.0031  memory: 1634  
2025/05/31 08:01:09 - mmengine - INFO - Epoch(val) [0][150/217]    eta: 0:00:04  time: -0.0480  data_time: 0.0031  memory: 1634  
2025/05/31 08:01:13 - mmengine - INFO - Epoch(val) [0][200/217]    eta: 0:00:01  time: 0.0740  data_time: 0.0031  memory: 1634  
2025/05/31 08:01:14 - mmengine - INFO - per class results:
2025/05/31 08:01:14 - mmengine - INFO - 
+---------+-------+-------+
|  Class  |  IoU  |  Acc  |
+---------+-------+-------+
|  fabric | 22.79 | 37.15 |
|  glass  |  6.39 |  9.3  |
| leather |  0.05 |  0.05 |
|  metal  |  8.7  | 13.17 |
| plastic |  0.68 |  0.78 |
|  stone  |  8.43 |  8.86 |
|   wood  | 35.23 |  63.3 |
+---------+-------+-------+
2025/05/31 08:01:14 - mmengine - INFO - Epoch(val) [0][217/217]    aAcc: 38.6100  mIoU: 11.7500  mAcc: 18.9400  data_time: 0.0033  time: 0.0699
