# https://github.com/mikedh/trimesh
v 0.02755076 0.02834097 -0.19629748
v 0.01663276 0.03199045 -0.20359196
v 0.03298417 0.02688084 -0.19320835
v -0.05574109 0.02720044 -0.19254322
v -0.04719872 0.03131855 -0.19720154
v -0.04771903 0.03068150 -0.19478257
v -0.00110343 0.17214794 -0.24960151
v 0.04891041 0.17268659 -0.24876378
v 0.03455299 0.17082584 -0.24876830
v -0.00159121 0.19650722 -0.25491554
v 0.04888214 0.22021008 -0.25905213
v 0.02265844 0.22645010 -0.26134875
v 0.04936188 0.25776306 -0.26808736
v 0.02616850 0.27721816 -0.27394226
v -0.00099322 0.26780060 -0.27231121
v -0.00147437 0.22481316 -0.26160228
v -0.00047986 0.29476368 -0.27943024
v -0.02366288 0.21346775 -0.25834370
v -0.02243076 0.29738528 -0.27926183
v -0.02429142 0.27028096 -0.27210516
v 0.03469324 0.29900932 -0.27892512
v 0.05045684 0.29210788 -0.27616379
v 0.05797138 0.30120680 -0.27791467
v 0.08391985 0.27358875 -0.26920664
v 0.09869052 0.29058722 -0.27247772
v 0.09806500 0.26582760 -0.26631153
v 0.09831209 0.31145233 -0.27832997
v 0.06615286 0.31104097 -0.28022179
v 0.09676823 0.23537119 -0.25814947
v 0.09857005 0.22098778 -0.25447434
v 0.06649071 0.17137025 -0.24717771
v 0.09399435 0.15290216 -0.24090174
v 0.09510256 0.18506248 -0.24747878
v 0.04182538 0.13586600 -0.24145800
v 0.02193331 0.13294697 -0.24166413
v 0.05070355 0.10925756 -0.23512931
v 0.09346603 0.11964171 -0.23416446
v 0.09185024 0.08220728 -0.22677784
v 0.03792573 0.09090029 -0.23242538
v -0.00056113 0.12099595 -0.23983265
v -0.00021377 0.07778862 -0.23165765
v 0.03723365 0.06182057 -0.22737741
v 0.09116112 0.06282717 -0.22331344
v 0.00030561 0.04941050 -0.22606434
v 0.03323010 0.04606983 -0.22441013
v 0.08929542 0.04236976 -0.21901444
v 0.07120799 0.03727344 -0.21942160
v 0.03133914 0.03771421 -0.22218007
v -0.00086322 0.03795054 -0.22280553
v -0.05172554 0.18331254 -0.25076538
v -0.05167978 0.21364346 -0.25736722
v -0.02406830 0.15222090 -0.24512421
v -0.01547976 0.10356727 -0.23590207
v -0.04949174 0.14673582 -0.24297586
v -0.04597577 0.09356774 -0.23224150
v -0.03867774 0.06961096 -0.22838534
v -0.03565732 0.05053837 -0.22477601
v -0.05073139 0.23864698 -0.26340020
v -0.04834872 0.28256080 -0.27393785
v -0.04810779 0.29942065 -0.27820429
v -0.04829125 0.03695037 -0.22037739
v 0.10547317 0.23118930 -0.25568935
v 0.12517068 0.27457586 -0.26500183
v 0.12464456 0.29912832 -0.27150539
v -0.09705621 0.11967621 -0.23361591
v -0.09454218 0.09368011 -0.22845460
v -0.09410277 0.06552894 -0.22314005
v -0.09548803 0.04530615 -0.21858726
v -0.09929705 0.14111096 -0.23742682
v -0.08140235 0.29722360 -0.27478981
v -0.08997932 0.27224123 -0.26714954
v -0.06508075 0.26037923 -0.26688027
v -0.09546787 0.23492116 -0.25725183
v -0.09582577 0.20614895 -0.25017282
v -0.11450125 0.28098583 -0.26767263
v -0.12786588 0.24710949 -0.25745222
v -0.12682615 0.20817748 -0.24791828
v -0.13178553 0.29625863 -0.27025682
v -0.12455117 0.17750952 -0.24130370
v -0.06558575 0.20077910 -0.25301901
v -0.07070871 0.16974860 -0.24607426
v -0.11270887 0.32552966 -0.28091186
v -0.05672582 0.31330097 -0.28174353
v -0.09684889 0.32968166 -0.28353962
v -0.12364433 0.34365293 -0.28476638
v -0.13647483 0.33083639 -0.27956763
v -0.12493496 0.14161146 -0.23404483
v -0.12419691 0.04900919 -0.21525963
v -0.12025294 0.08870929 -0.22355723
v -0.13981806 0.37011677 -0.28957540
v -0.01393459 0.32455805 -0.28926238
v -0.04252474 0.34701303 -0.29459953
v -0.07257967 0.35013759 -0.29266441
v -0.07905535 0.37971017 -0.30095294
v -0.01769233 0.36235669 -0.30120313
v -0.00065081 0.34470859 -0.29777482
v -0.06847190 0.39550248 -0.30623111
v -0.07964662 0.41463500 -0.31080630
v -0.03564411 0.40566865 -0.31112549
v -0.09653588 0.36504114 -0.29470727
v -0.00035360 0.31500787 -0.28673300
v -0.00087181 0.37710318 -0.30613226
v 0.00038170 0.34530175 -0.29776853
v -0.00001698 0.42034954 -0.31645566
v -0.01765880 0.43403330 -0.31929281
v 0.00054445 0.45297906 -0.32528391
v -0.07634378 0.46204054 -0.32286364
v -0.05801095 0.44026890 -0.31872454
v -0.01446594 0.46191734 -0.32748967
v -0.04271670 0.46022597 -0.32526508
v 0.03380698 0.42555791 -0.31609964
v 0.03680395 0.38744405 -0.30673558
v 0.03640555 0.45776504 -0.32493407
v -0.00012985 0.48391896 -0.33489561
v -0.03491947 0.48773432 -0.33433470
v -0.04565777 0.47795138 -0.33073637
v 0.00645890 0.49183327 -0.33673680
v 0.02073519 0.48614234 -0.33493868
v -0.07792480 0.48509103 -0.32985592
v -0.07697653 0.49157593 -0.33141810
v 0.05165784 0.42990506 -0.31598383
v 0.06991509 0.35631245 -0.29606241
v 0.07224800 0.40497723 -0.30814749
v 0.07241972 0.37503254 -0.30060971
v 0.04448150 0.34899032 -0.29594958
v 0.07456353 0.34002903 -0.29012489
v 0.03998932 0.48878652 -0.33447397
v -0.04010624 0.49357951 -0.33489928
v -0.10987761 0.37774754 -0.29657423
v -0.12550053 0.38786665 -0.29684633
v 0.07993726 0.43948433 -0.31560844
v 0.06439664 0.46264890 -0.32356110
v 0.06965871 0.48789415 -0.33115646
v 0.04882425 0.49307638 -0.33458039
v -0.09253347 0.42732191 -0.31192008
v -0.08861925 0.45226583 -0.31829441
v -0.11829848 0.03453469 -0.21239808
v -0.14574248 0.03522548 -0.20812498
v -0.09192017 0.03403203 -0.21548533
v -0.06386036 0.03338306 -0.21739447
v 0.11840335 0.32263404 -0.27925420
v 0.08843412 0.36810866 -0.29679528
v 0.09092720 0.34334257 -0.28911835
v 0.10962315 0.41213915 -0.30516988
v 0.11826419 0.38362488 -0.29685187
v 0.11277414 0.45330572 -0.31434450
v 0.09983613 0.46779940 -0.32042572
v 0.12643217 0.34730583 -0.28542444
v 0.09218086 0.47320062 -0.32331795
v 0.09152677 0.48570225 -0.32763258
v 0.12460470 0.48807535 -0.32402128
v 0.09827030 0.48977923 -0.32755959
v 0.08113077 0.49427110 -0.33066186
v 0.13370489 0.23969671 -0.25373790
v 0.14281528 0.21171257 -0.24538025
v 0.12981278 0.04175828 -0.21294588
v 0.10619251 0.03353577 -0.21416371
v 0.12034806 0.03373387 -0.21226652
v 0.08188671 0.03334187 -0.21648766
v 0.10780155 0.49284840 -0.32687604
v 0.10911788 0.12268342 -0.23237874
v 0.13684140 0.16063797 -0.23548768
v 0.15892239 0.17199416 -0.23442215
v 0.13538024 0.13332979 -0.22999808
v 0.15823884 0.08942747 -0.21710983
v 0.17478195 0.13200709 -0.22311483
v 0.17492154 0.09841723 -0.21627556
v 0.17491697 0.06161295 -0.20854655
v 0.17319421 0.16978657 -0.23142463
v 0.11655474 0.08266029 -0.22286326
v 0.13153207 0.05989878 -0.21609946
v 0.14634448 0.34191704 -0.28033593
v 0.14392962 0.45881340 -0.31080523
v 0.15009992 0.42976591 -0.30258936
v 0.15517698 0.46231893 -0.30977041
v 0.14870502 0.40384352 -0.29672009
v 0.14617187 0.37316340 -0.28909901
v 0.14226402 0.47312692 -0.31572086
v 0.14537172 0.29097679 -0.26593530
v 0.14612013 0.31149733 -0.27134678
v 0.14792268 0.27034384 -0.25949857
v 0.14716898 0.03451328 -0.20791908
v 0.15080205 0.23476899 -0.24944474
v 0.15311691 0.20298809 -0.24166249
v 0.13538459 0.49228263 -0.32318565
v 0.15355240 0.48793635 -0.31913978
v 0.16764702 0.03476666 -0.20415643
v 0.17574574 0.03562661 -0.20271106
v 0.17461832 0.48228839 -0.31252414
v 0.17118821 0.48752061 -0.31528109
v -0.00690030 0.03231764 -0.22002567
v 0.02283124 0.03219817 -0.21968564
v -0.13713013 0.45483845 -0.31057855
v -0.15455131 0.45606360 -0.30756870
v -0.14605078 0.40465230 -0.29698944
v -0.12131985 0.48757800 -0.32281733
v -0.14040568 0.48672846 -0.31949794
v -0.15765163 0.48345950 -0.31562364
v -0.09745400 0.48827353 -0.32707372
v -0.14925390 0.08767399 -0.21833767
v -0.14008667 0.14099073 -0.23107967
v 0.16807604 0.21664488 -0.24102068
v 0.17271446 0.46050391 -0.30545712
v 0.16970551 0.42634347 -0.29701766
v 0.02148774 0.49553895 -0.33612931
v -0.14941819 0.04731284 -0.21013944
v -0.17995115 0.15583514 -0.22663240
v -0.18147962 0.17634319 -0.23043501
v -0.15057705 0.17230326 -0.23528887
v -0.16201147 0.20307665 -0.23929353
v -0.17856145 0.10938226 -0.21763006
v -0.17664462 0.06342199 -0.20833990
v -0.14580092 0.20392412 -0.24305838
v -0.16443922 0.03502953 -0.20428450
v -0.17661695 0.03446054 -0.20176265
v -0.14770138 0.24301220 -0.25198853
v -0.14460745 0.26578256 -0.25858617
v -0.14798999 0.30120683 -0.26776236
v -0.16488127 0.48979124 -0.31511265
v -0.18695691 0.21530761 -0.23577979
v -0.17584550 0.48856172 -0.31228235
v 0.15671878 0.49381220 -0.31913245
v 0.16414121 0.24347366 -0.24815615
v 0.17382069 0.26252863 -0.24998841
v 0.18204780 0.03367518 -0.20134214
v -0.16259164 0.27006760 -0.25501564
v 0.16936363 0.39708874 -0.28919584
v 0.17173381 0.36933920 -0.28091824
v -0.16824037 0.44277021 -0.30059093
v -0.17329974 0.43180594 -0.29654852
v -0.17116910 0.45876870 -0.30403730
v -0.17463577 0.47607937 -0.30912980
v -0.17621675 0.48422685 -0.31183058
v -0.14956699 0.37000018 -0.28692126
v -0.18547405 0.39534569 -0.28366786
v -0.15727660 0.35245985 -0.28032279
v -0.18274154 0.25599754 -0.24575198
v -0.18966274 0.22950451 -0.23781498
v -0.16986324 0.31618962 -0.26593924
v -0.18186179 0.30081964 -0.25773290
v -0.18117203 0.27828601 -0.25164109
v -0.18383354 0.32795447 -0.26500276
v -0.18535709 0.36524296 -0.27507406
v -0.20179199 0.44981059 -0.29185110
v -0.19749595 0.43058196 -0.28835678
v -0.19102173 0.40197456 -0.28363675
v -0.20351560 0.46304709 -0.29528031
v -0.09912465 0.49314365 -0.32679522
v -0.14427941 0.49108481 -0.31876326
v -0.11999025 0.49293980 -0.32292914
v 0.17628130 0.28979149 -0.25583908
v 0.17856531 0.32815397 -0.26631400
v 0.19424033 0.45124343 -0.29651418
v 0.18207446 0.43677536 -0.29630315
v 0.18463431 0.46670726 -0.30399394
v 0.18991682 0.39199236 -0.28152117
v 0.18894035 0.42544904 -0.29064572
v -0.19246712 0.25084907 -0.24131970
v 0.19187696 0.21708784 -0.23390821
v 0.19056663 0.24390423 -0.23983787
v 0.18727598 0.48659715 -0.30982271
v -0.19167097 0.48386732 -0.30573550
v 0.05337423 0.49550912 -0.33389997
v 0.17144282 0.49324667 -0.31541783
v 0.18957092 0.04954878 -0.20101684
v 0.19062763 0.16993737 -0.22532058
v 0.19001339 0.13217957 -0.21801648
v 0.19149181 0.09761361 -0.21046637
v 0.19495161 0.03531598 -0.19680935
v 0.19892067 0.46939033 -0.29958645
v 0.19304627 0.28005907 -0.24715242
v 0.19052024 0.30690303 -0.25562519
v 0.19367774 0.34781992 -0.26637343
v 0.18434373 0.37098655 -0.27692747
v 0.00533957 0.49735931 -0.33618572
v 0.19839755 0.43785977 -0.29065168
v -0.19678432 0.28481644 -0.24727878
v 0.09969941 0.49633491 -0.32675374
v 0.20368971 0.16493902 -0.21931490
v 0.20508030 0.08881639 -0.20326906
v 0.20389406 0.13503198 -0.21306938
v 0.20225118 0.41621870 -0.28251174
v 0.08192571 0.49598819 -0.32984236
v -0.19106494 0.05779614 -0.20150724
v -0.19483045 0.11611685 -0.21292658
v -0.19644199 0.16057429 -0.22127815
v -0.19775666 0.03613721 -0.19457951
v 0.21142869 0.31464586 -0.24928313
v 0.22204931 0.33377311 -0.25033680
v 0.20123625 0.18958148 -0.22447491
v 0.20531328 0.06128732 -0.19713689
v 0.20285158 0.03685776 -0.19363874
v 0.19947100 0.37710488 -0.27235639
v 0.20535490 0.46812713 -0.29654086
v 0.20101200 0.48313853 -0.30229959
v 0.13594730 0.49481168 -0.32282999
v 0.10918937 0.49535149 -0.32590139
v 0.20082477 0.24537393 -0.23580649
v -0.20212410 0.30736324 -0.25117487
v 0.21790597 0.36114264 -0.25907865
v 0.21268678 0.37434715 -0.26500240
v 0.20728704 0.39102793 -0.27239075
v -0.19564077 0.20002219 -0.22894676
v -0.20234664 0.22959419 -0.23171258
v -0.21144328 0.10875365 -0.20421377
v -0.20261404 0.05561139 -0.19610462
v -0.21804540 0.32754320 -0.24989754
v -0.20384920 0.37730968 -0.27012071
v -0.20350711 0.35905293 -0.26505932
v -0.20255402 0.40885961 -0.27972320
v -0.20686568 0.16131476 -0.21684285
v 0.20776375 0.21001074 -0.22516121
v -0.20479251 0.48082575 -0.29899374
v -0.22465855 0.33337593 -0.24841656
v 0.22025254 0.12324635 -0.20308845
v 0.21300620 0.09797788 -0.20140567
v -0.22748674 0.14352851 -0.20379668
v 0.00364384 0.02456065 -0.22136086
v 0.02149065 0.02375013 -0.22120944
v 0.00241956 0.00016699 -0.22236399
v 0.05292050 0.00113521 -0.22142906
v 0.04003210 -0.01481488 -0.22148664
v -0.00175473 -0.01484536 -0.22196062
v 0.04660924 -0.01969751 -0.22031748
v -0.00407211 -0.02039001 -0.22057466
v -0.04592766 -0.02025005 -0.21985054
v -0.05445125 -0.01423986 -0.22082597
v -0.09477101 -0.02092614 -0.21716692
v 0.09456762 -0.01890191 -0.21821742
v -0.09790242 -0.01831839 -0.21806505
v -0.11950170 -0.01412489 -0.21741109
v -0.16044581 -0.01867638 -0.21369280
v -0.16126680 -0.01383958 -0.21455032
v -0.19433881 -0.02016077 -0.21144237
v -0.19532566 -0.01657828 -0.21176755
v -0.20925127 -0.02984583 -0.21101567
v -0.20623013 -0.03417620 -0.20939136
v 0.08214486 -0.01004663 -0.21967110
v 0.14132717 -0.01419294 -0.21576160
v 0.15660264 -0.02174613 -0.21380472
v 0.19283789 -0.01876493 -0.21150455
v 0.19055869 -0.02347899 -0.21089765
v 0.20183577 -0.01659738 -0.21081150
v 0.12929188 -0.02254787 -0.21484911
v -0.15537521 -0.02132989 -0.21275111
v -0.04768505 -0.00025135 -0.22151405
v -0.04227050 0.01814737 -0.22090501
v 0.09585916 -0.02294426 -0.21628918
v 0.03601596 -0.02355242 -0.21771732
v 0.08997569 0.00395485 -0.21954027
v 0.20417263 -0.02607871 -0.21081521
v 0.19950384 -0.02855296 -0.20960018
v 0.21102329 -0.03712464 -0.21020886
v 0.21841967 -0.03117556 -0.21144862
v -0.21322744 -0.01749966 -0.21083631
v -0.11196513 0.00048463 -0.21786977
v -0.21342513 -0.04197075 -0.20954546
v -0.08219828 0.01129028 -0.21941712
v -0.22241962 -0.03297433 -0.21153621
v -0.21795695 -0.04151294 -0.21151143
v 0.14410444 0.00235568 -0.21520193
v -0.19378833 -0.00860769 -0.21163434
v -0.13821639 0.01209546 -0.21542417
v -0.18784070 -0.02325254 -0.21012716
v -0.19977771 -0.02884539 -0.20942247
v 0.05342568 0.01941930 -0.22054960
v 0.21756251 -0.04281675 -0.21126965
v 0.19028637 -0.02543125 -0.20987201
v 0.14385721 -0.02419676 -0.21248527
v 0.18235761 0.00243872 -0.21094325
v 0.08398058 0.01865220 -0.21895681
v 0.22113247 -0.01806955 -0.21039519
v -0.22836520 -0.02324318 -0.21050572
v 0.23327832 -0.03375431 -0.21188225
v 0.13610563 0.01783132 -0.21446115
v -0.16047953 0.01255433 -0.21327105
v -0.08730245 0.02550947 -0.21794261
v -0.05542574 0.02846356 -0.21934693
v -0.08295237 0.03343166 -0.21647580
v -0.10510593 0.02759135 -0.21615106
v -0.13372009 0.02437333 -0.21403809
v 0.19587089 0.00470060 -0.20895077
v -0.22432862 -0.05314254 -0.21321687
v -0.23561609 -0.04875452 -0.21338390
v 0.06436206 0.02814501 -0.21904300
v 0.22677597 -0.05747998 -0.21361776
v 0.23351082 -0.04915129 -0.21401267
v -0.17987178 0.01263421 -0.21108693
v 0.23326133 -0.06279399 -0.21512505
v 0.23188640 -0.07844125 -0.21611148
v 0.24838930 -0.06605642 -0.21577805
v -0.20138267 0.00804700 -0.20883961
v -0.21445325 -0.00418216 -0.20906319
v 0.21664765 -0.04658370 -0.20998999
v 0.24290301 -0.07954627 -0.21762317
v 0.23646687 -0.09104903 -0.21826269
v 0.10110569 0.02874463 -0.21605863
v 0.24898511 -0.04314184 -0.21168305
v 0.24928607 -0.10015669 -0.22099400
v 0.24357545 -0.11328116 -0.22220424
v 0.25125310 -0.14876367 -0.22759463
v 0.25657001 -0.12279902 -0.22376479
v 0.26318353 -0.14853983 -0.22765388
v 0.25485155 -0.17412892 -0.23106346
v 0.26564491 -0.17327847 -0.23111901
v -0.25269702 -0.04259349 -0.21077181
v 0.24700069 -0.14875571 -0.22662951
v 0.25750554 -0.19219890 -0.23416954
v 0.26355204 -0.19281906 -0.23415864
v 0.26108199 -0.21645401 -0.23820943
v -0.23100671 -0.06528064 -0.21576512
v -0.23703171 -0.08064999 -0.21815845
v -0.25196964 -0.07236731 -0.21651506
v -0.23272432 -0.08158235 -0.21701567
v -0.25210685 -0.09128064 -0.21981451
v -0.23966834 -0.10624003 -0.22210515
v -0.24468806 -0.12957463 -0.22527993
v -0.25358024 -0.14201702 -0.22755766
v -0.25269008 -0.15875712 -0.22974142
v -0.26608157 -0.16663478 -0.23043926
v -0.25932992 -0.19220075 -0.23435646
v -0.25392592 -0.18978053 -0.23350182
v -0.27046460 -0.19143979 -0.23293909
v -0.25691459 -0.13059953 -0.22569069
v -0.26431179 -0.14188570 -0.22641695
v -0.24850705 -0.16457902 -0.22964749
v 0.27537146 -0.19330046 -0.23209074
v 0.26509300 -0.10709842 -0.21991630
v -0.25911143 -0.20953450 -0.23735100
v -0.26196679 -0.21197233 -0.23785093
v -0.26409304 -0.23626508 -0.24112973
v -0.27431759 -0.22983900 -0.23898888
v -0.27477637 -0.20976284 -0.23548198
v -0.27206126 -0.24637821 -0.24204555
v -0.26913479 -0.27196801 -0.24596864
v -0.27536806 -0.28183186 -0.24663419
v -0.26968896 -0.30158973 -0.24983165
v -0.27562082 -0.30822188 -0.25032237
v -0.27234688 -0.32546926 -0.25336260
v -0.27867740 -0.35044360 -0.25637788
v -0.27557072 -0.35524091 -0.25705844
v -0.27946141 -0.38025916 -0.26020676
v -0.22742084 -0.06813585 -0.21458878
v -0.24486871 -0.14749032 -0.22651903
v 0.13895661 0.02757250 -0.21229441
v 0.23201968 -0.00776823 -0.20714575
v -0.23302498 -0.00950400 -0.20752749
v -0.23593229 -0.09307282 -0.21916240
v -0.07619685 0.49420452 -0.33119091
v -0.04294649 0.49633136 -0.33399877
v 0.26715782 -0.14744176 -0.22660612
v 0.26255435 -0.21632868 -0.23857959
v 0.27616882 -0.20877562 -0.23491298
v 0.27562454 -0.22413331 -0.23767115
v 0.26629370 -0.24886668 -0.24290980
v 0.26397863 -0.24692678 -0.24239157
v 0.26688942 -0.27892590 -0.24658144
v 0.27068749 -0.28417113 -0.24758106
v 0.26688737 -0.29183361 -0.24644588
v 0.28068081 -0.25516218 -0.24056740
v -0.25982735 -0.10595522 -0.22092381
v 0.28279150 -0.28394246 -0.24522923
v 0.28630251 -0.28995341 -0.24513268
v 0.27356607 -0.30762574 -0.25087154
v 0.22314598 0.00387457 -0.20541726
v 0.29211709 -0.32011643 -0.24795853
v -0.29117331 -0.36244646 -0.25469834
v -0.28603074 -0.39862663 -0.26143441
v -0.28063330 -0.40001890 -0.26206604
v -0.28624046 -0.42368612 -0.26531631
v -0.28359008 -0.42478207 -0.26519793
v -0.28699228 -0.44442818 -0.26838312
v -0.29045123 -0.45467034 -0.26969790
v 0.19799198 0.01784209 -0.20544209
v -0.26112026 -0.24776144 -0.24107908
v -0.26605836 -0.28063068 -0.24560510
v -0.13363896 0.03102121 -0.21217228
v -0.20715763 0.01193055 -0.20667857
v 0.26168138 -0.05616554 -0.21069425
v 0.26485160 -0.08450669 -0.21561663
v -0.29320577 -0.42599714 -0.26384923
v 0.04954331 0.49720907 -0.33347043
v -0.24661864 -0.16239679 -0.22715041
v 0.25104952 -0.02223071 -0.20641746
v 0.26183262 -0.04189171 -0.20753230
v 0.27715808 -0.32821772 -0.25374866
v 0.27946904 -0.34404671 -0.25575641
v 0.28228712 -0.36020225 -0.25770572
v 0.28027225 -0.36167496 -0.25741714
v 0.27924234 -0.37202787 -0.25690031
v -0.25132388 -0.02598513 -0.20740815
v -0.27998093 -0.26503709 -0.24220558
v -0.29159847 -0.29444766 -0.24333559
v -0.29189035 -0.32756621 -0.24864627
v 0.21788323 0.16201182 -0.21193413
v -0.27757612 -0.39213204 -0.26015615
v 0.27625248 -0.17151786 -0.22714002
v 0.18166219 0.49212596 -0.31149387
v -0.24350451 -0.00365108 -0.20391141
v -0.22671361 0.00937408 -0.20363033
v -0.29983595 -0.40469486 -0.25769010
v 0.24984318 -0.17482594 -0.22913939
v 0.18308450 0.02866024 -0.20478787
v 0.29877484 -0.35346514 -0.25063241
v 0.29723129 -0.38707748 -0.25630471
v 0.28395241 -0.39624158 -0.26194292
v 0.28696695 -0.41074219 -0.26366419
v 0.28783235 -0.42716032 -0.26526788
v 0.28942022 -0.43337196 -0.26670289
v -0.26905122 -0.10869083 -0.21850808
v -0.30176750 -0.43980736 -0.26326036
v -0.30076033 -0.48972008 -0.27226654
v -0.29208711 -0.48092818 -0.27285635
v -0.28910020 -0.46033946 -0.27028272
v -0.29657659 -0.49908039 -0.27506280
v -0.29369110 -0.49996433 -0.27451020
v -0.30821794 -0.50005895 -0.27209231
v 0.30791947 -0.42159197 -0.25780749
v 0.26878864 -0.09879948 -0.21699110
v 0.22424546 0.21061452 -0.21714009
v 0.30115050 -0.43474320 -0.26283121
v 0.30801189 -0.44066951 -0.26152554
v 0.29150626 -0.45359802 -0.26891354
v 0.30855435 -0.46300000 -0.26514572
v 0.29356095 -0.47035477 -0.27067935
v 0.30982924 -0.48428386 -0.26811981
v 0.29527900 -0.48529428 -0.27252188
v 0.30907923 -0.49955237 -0.27103618
v 0.29824662 -0.49958268 -0.27378431
v 0.29512846 -0.49979904 -0.27239382
v -0.26329029 -0.06716799 -0.21165209
v 0.22561423 -0.06186310 -0.21260911
v 0.25093874 -0.00924240 -0.20277490
v -0.21737748 0.21388757 -0.22112563
v -0.23121850 0.18205267 -0.20874552
v -0.23475927 0.22736034 -0.21489018
v 0.30653328 -0.39903754 -0.25439560
v -0.30902901 -0.48402154 -0.26826200
v -0.30845526 -0.46494311 -0.26465902
v 0.22799845 0.01447976 -0.20100959
v 0.23817164 0.00921339 -0.20040506
v 0.22624351 0.24587540 -0.22296008
v 0.21363503 0.27989027 -0.23620784
v 0.23867381 0.26030934 -0.22025660
v 0.23779863 0.28330457 -0.22627366
v 0.23516063 0.30082428 -0.23260373
v 0.23917575 0.23442699 -0.21392289
v 0.23781909 0.20637897 -0.20913093
v 0.23156284 0.17277886 -0.20656820
v 0.27513528 -0.13561812 -0.22068959
v -0.25493315 -0.01678946 -0.20391318
v -0.21907327 0.06288362 -0.18963815
v -0.21573862 0.03680810 -0.18599361
v -0.22408016 0.10651834 -0.19742669
v -0.23555712 0.26155567 -0.22152655
v -0.20666303 0.26448375 -0.23716617
v -0.21770465 0.28381038 -0.23604727
v -0.23530060 0.28930920 -0.22835596
v -0.22277114 0.35740381 -0.25518337
v -0.19148637 0.48711681 -0.30543667
v 0.21702604 0.05517414 -0.18970242
v 0.21258068 0.03703976 -0.18887582
v 0.19452907 0.48847330 -0.30617616
v -0.27412677 -0.13765028 -0.22154507
v 0.21409501 0.30114838 -0.24357563
v 0.20337692 0.28117415 -0.24212456
v 0.23120141 0.31442934 -0.23900667
v 0.20182110 0.02929343 -0.20046364
v -0.20438832 0.02117059 -0.20364179
v -0.17967364 0.02911695 -0.20478736
v -0.30235454 -0.35488099 -0.24851155
v -0.29971769 -0.38187927 -0.25396669
v -0.27590218 -0.18695426 -0.22974055
v 0.20921992 0.42020795 -0.27981851
v 0.20951428 0.44794032 -0.28732556
v -0.30692482 -0.43000415 -0.25910062
v -0.26863137 -0.04315056 -0.20395435
v 0.22011913 0.39103135 -0.26442513
v 0.28777432 -0.24194688 -0.23444730
v 0.30451044 -0.35506094 -0.24802913
v -0.29627979 -0.30627015 -0.24299039
v 0.22122395 0.10343699 -0.19780929
v -0.13052088 0.03392057 -0.21124665
v -0.28598374 -0.45730799 -0.26683536
v -0.29429016 -0.26200894 -0.23453230
v 0.27811018 -0.11021451 -0.21434356
v 0.27533245 -0.07454752 -0.20818166
v -0.22136408 -0.05410997 -0.21119259
v -0.25702754 -0.21388640 -0.23630199
v -0.25819162 -0.24272346 -0.23703210
v 0.30211836 -0.33279651 -0.24505094
v 0.22900736 0.12738341 -0.19861822
v 0.26345736 -0.02307659 -0.20118201
v -0.26960105 -0.32202363 -0.25143850
v 0.29757506 -0.29573244 -0.24012922
v -0.27823636 -0.15115027 -0.22188230
v -0.29297543 -0.24544653 -0.23134485
v 0.21019427 0.48161343 -0.29603890
v -0.29977170 -0.32096750 -0.24314529
v 0.25301194 -0.00163326 -0.19900227
v 0.30535829 -0.34872505 -0.24597329
v -0.30539680 -0.39436355 -0.25261194
v 0.29335862 -0.26053989 -0.23478207
v 0.20473805 0.03394498 -0.19433005
v -0.28150791 -0.10052848 -0.21016273
v -0.28190503 -0.07718243 -0.20464903
v -0.24259327 -0.13003282 -0.22391762
v -0.23491311 0.01360250 -0.19920143
v 0.28732693 -0.15892340 -0.21795069
v 0.28699040 -0.13146819 -0.21259721
v 0.22935793 0.09764650 -0.19096936
v -0.25430292 -0.00229652 -0.19883715
v 0.22079423 0.44988257 -0.28032911
v 0.21747066 0.42121491 -0.27448827
v 0.30097446 -0.31193444 -0.24087964
v 0.21795894 0.47423849 -0.28911719
v 0.27449280 -0.04784218 -0.20174180
v 0.31385240 -0.49975595 -0.26794219
v 0.21752861 0.02876638 -0.19643456
v 0.23096558 0.02295764 -0.19565105
v 0.29018548 -0.22019045 -0.22823115
v 0.28570625 -0.09974901 -0.20721449
v -0.26497146 -0.28740111 -0.24537137
v -0.28695625 -0.16620806 -0.21897683
v -0.28403300 -0.19386683 -0.22601673
v -0.26736537 -0.01808381 -0.19721828
v -0.28501341 -0.12545484 -0.21207048
v -0.05043484 -0.02362213 -0.21667948
v 0.24865325 0.01112593 -0.19493537
v -0.28066188 -0.42275205 -0.26296297
v 0.22011681 0.05323399 -0.18688683
v 0.21884239 0.03653308 -0.18435489
v -0.27148488 -0.33433130 -0.25230283
v 0.24020430 0.13778423 -0.19235121
v 0.23978798 0.17293806 -0.20000567
v 0.31196949 -0.48046502 -0.26588714
v 0.22299638 0.40679112 -0.26640865
v 0.22689025 0.43085635 -0.26971760
v 0.23288614 0.38570467 -0.25240451
v -0.20859571 0.02721685 -0.19901562
v -0.29802781 -0.28063747 -0.23594958
v -0.28013426 -0.04010779 -0.19585413
v -0.26147422 -0.26674056 -0.24176542
v -0.28956398 -0.21566777 -0.22675979
v -0.28172818 -0.43668362 -0.26314566
v 0.29351571 -0.24527957 -0.23098709
v 0.27461186 -0.03030467 -0.19610213
v 0.20107821 0.48789084 -0.30118853
v -0.25016630 -0.18258218 -0.23062824
v -0.25396845 -0.20182423 -0.23340906
v 0.26531431 -0.00087609 -0.19130246
v -0.27778995 -0.40595973 -0.25926131
v 0.23319554 0.36327577 -0.24679756
v -0.29007065 -0.18909109 -0.22070594
v 0.28189695 -0.04388626 -0.19529127
v -0.31569496 -0.49927124 -0.26651663
v -0.26580337 -0.30356833 -0.24655217
v 0.22708689 0.46779862 -0.27947515
v 0.23201892 0.41262600 -0.25984752
v 0.29773343 -0.27622077 -0.23495139
v 0.24143237 0.10991760 -0.18334250
v 0.24853195 0.16444781 -0.19011234
v 0.24869472 0.18059584 -0.19326898
v 0.29040796 -0.17983039 -0.21965827
v 0.23706524 0.45139581 -0.26553530
v 0.23420367 0.05836710 -0.17493305
v 0.22818720 0.03926205 -0.17544135
v 0.22745621 0.03528221 -0.17667525
v 0.27621126 -0.01548125 -0.18875822
v 0.28098032 -0.02673825 -0.18915419
v -0.13299035 0.49309340 -0.31982979
v -0.16220261 0.49213380 -0.31388173
v -0.10214829 0.49444100 -0.32517752
v -0.28164417 -0.06110755 -0.20039317
v -0.08491965 0.49511778 -0.32739908
v -0.26207447 -0.28111020 -0.24106278
v -0.17650460 0.49118873 -0.30936822
v 0.29382509 -0.01957234 0.05020836
v 0.30255145 -0.02172962 0.05310301
v 0.29358813 -0.01847418 0.08006182
v 0.30177265 -0.02072261 0.08407792
v 0.29935688 -0.02393324 0.00316805
v 0.28774649 -0.01953440 0.01147132
v 0.28888959 -0.02264778 -0.02376736
v 0.29987729 -0.02674793 -0.03738386
v 0.28496566 -0.02411170 -0.05034002
v 0.29630691 -0.02832548 -0.06266081
v 0.28517422 -0.02652576 -0.07467446
v 0.29162017 -0.03117771 -0.09861638
v 0.29771599 -0.01933248 0.13677154
v 0.31153619 -0.02234483 0.11036895
v 0.31148657 -0.02155746 0.15582363
v 0.31132805 -0.02270762 0.07357591
v 0.31047273 -0.02306653 0.04590964
v 0.30450124 -0.02406693 0.01296180
v 0.28458160 -0.03139884 -0.11018908
v 0.30160183 -0.02042667 0.16579808
v 0.29531288 -0.01887440 0.16609269
v 0.30573183 -0.02173124 0.18857113
v 0.29422516 -0.03099946 -0.09570160
v 0.29151833 -0.03325004 -0.11308803
v 0.29822853 -0.02284005 0.20128351
v 0.31067723 -0.02159023 0.19363964
v 0.28665233 -0.03440953 -0.11972694
v 0.31070092 -0.02135913 0.20490250
v 0.29858404 -0.02843657 -0.07418885
v 0.29369470 -0.03332723 -0.12089204
v 0.27228475 -0.02670777 -0.10581698
v 0.28622866 -0.01521496 0.14551088
v 0.29006293 -0.01807206 0.17748697
v 0.29520538 -0.02276531 0.20582604
v 0.27589232 -0.02286629 -0.07193457
v 0.26674563 -0.02365227 -0.10310404
v 0.27123886 -0.02999218 -0.12084153
v 0.28578827 -0.01542032 0.08048227
v 0.28283578 -0.01480367 0.05327652
v 0.28062350 -0.01890127 -0.01943123
v 0.27319342 -0.01945927 -0.05402057
v 0.28388199 -0.01685703 0.19281243
v 0.28527036 -0.01874843 0.20746641
v 0.28116992 -0.01310277 0.16009125
v 0.29743779 -0.02630080 0.22092326
v 0.29152447 -0.02439811 0.22128741
v 0.28068626 -0.01222742 0.12734133
v 0.26720929 -0.01912383 -0.07624940
v 0.26420856 -0.02669672 -0.11997683
v 0.28075209 -0.01280467 0.07959765
v 0.27777454 -0.01214107 0.05210811
v 0.27398485 -0.01207283 0.01079270
v 0.28004667 -0.01846038 0.22322477
v 0.26093692 -0.01963526 -0.10007983
v 0.27741140 -0.01404773 0.20992982
v 0.27886206 -0.01116511 0.15755384
v 0.27311960 -0.01324244 -0.01268763
v 0.25361544 -0.01959311 -0.11914243
v 0.26719433 -0.03304280 -0.13143805
v 0.26937014 -0.03913815 -0.14066473
v 0.28357956 -0.03853391 -0.13269280
v 0.25479957 -0.02814167 -0.13634837
v 0.27044797 -0.01125104 -0.01598190
v 0.26859295 -0.01325796 -0.04073865
v 0.25607949 -0.03388808 -0.14323919
v 0.30922514 -0.02270980 0.00394935
v 0.30795529 -0.02340801 0.22000703
v 0.27946961 -0.04271874 -0.14171094
v 0.29356033 -0.03726707 -0.14029770
v 0.27948168 -0.02163428 0.23179100
v 0.30848756 -0.02308863 -0.01783177
v 0.30543280 -0.02595793 0.22521973
v 0.30565435 -0.02434604 -0.03024041
v 0.30486137 -0.02448608 -0.06342708
v 0.29110301 -0.04142318 -0.14902191
v 0.27582264 -0.04765759 -0.14956285
v 0.25995520 -0.04057495 -0.14818217
v 0.31432116 -0.02082467 0.12216578
v 0.30214384 -0.02610015 -0.07600763
v 0.31402129 -0.02002201 0.16375990
v 0.28963634 -0.04633493 -0.15667392
v 0.29827634 -0.02863612 -0.09862808
v 0.29708189 -0.03049046 -0.12427983
v 0.31549138 -0.01942740 0.07888184
v 0.26284108 -0.04882855 -0.15525901
v 0.27321073 -0.05510446 -0.15746841
v 0.28997466 -0.05286705 -0.16532815
v 0.31154412 -0.02064426 0.22207111
v 0.30972800 -0.02699524 0.23306099
v 0.31269681 -0.02030511 0.01992552
v 0.30811822 -0.02220604 -0.03024991
v -0.04311199 0.00061183 0.34127691
v -0.04617899 -0.00722751 0.34067872
v 0.00166820 -0.00620487 0.34218189
v -0.00452289 0.00113160 0.34227401
v -0.00133188 -0.01108313 0.34160757
v -0.07739357 -0.00652010 0.33881757
v -0.06915841 0.00134844 0.33957279
v -0.07355680 -0.01120845 0.33841434
v -0.04608141 -0.01321267 0.33940947
v 0.04667054 -0.00601398 0.34110922
v 0.04724339 -0.01308757 0.33998743
v 0.04870579 0.00167222 0.34129822
v 0.02120654 0.00180486 0.34206676
v 0.07488427 0.00015941 0.33966851
v 0.08000311 -0.01137901 0.33865771
v 0.09745170 -0.00040550 0.33760825
v 0.11056495 -0.01294155 0.33519557
v -0.12162219 -0.00989350 0.33432880
v -0.12324446 0.00057799 0.33454949
v -0.14917107 -0.01074565 0.33055997
v -0.15669903 -0.00017262 0.32979092
v -0.17579997 -0.00747607 0.32592866
v -0.16340925 -0.01300672 0.32755575
v 0.12465669 0.00038219 0.33403745
v 0.13465340 -0.01267352 0.33217719
v -0.18319559 -0.01278785 0.32338572
v -0.00332213 -0.01561439 0.33995089
v 0.15164641 -0.00017760 0.32997918
v -0.17680533 0.00030768 0.32572928
v 0.15612227 -0.01403975 0.32806149
v -0.20209196 -0.00666214 0.31947696
v -0.20917110 -0.01206569 0.31664395
v 0.04474336 -0.01752437 0.33664808
v 0.07849046 -0.01468091 0.33760515
v 0.14471224 -0.01851560 0.32671785
v 0.11374734 -0.01932607 0.33002916
v 0.07458065 -0.01928599 0.33377916
v 0.18053162 -0.01389694 0.32129288
v 0.17479625 -0.01921642 0.31773990
v -0.00497000 -0.02018342 0.33476397
v -0.04926574 -0.01958610 0.33401650
v 0.20684072 -0.01929129 0.30815753
v 0.02945584 -0.02425243 0.31078327
v 0.01094808 -0.02388272 0.32174695
v -0.04299105 -0.02379512 0.32148549
v -0.07464970 -0.02406926 0.31082135
v 0.06062777 -0.02381486 0.32102412
v -0.10054264 -0.02308551 0.32189152
v -0.14951919 -0.02320287 0.30824021
v 0.09470901 -0.02518849 0.31204942
v -0.15795824 -0.02147674 0.31821752
v -0.17561737 -0.02287604 0.30667403
v -0.16567701 -0.02215919 0.29985657
v -0.11453793 -0.02304828 0.30562916
v -0.18743803 -0.02226375 0.29525810
v -0.19754674 -0.02248863 0.30593055
v -0.20658816 -0.02324140 0.29491010
v -0.21356605 -0.02261505 0.30406490
v -0.06261109 -0.02258489 0.30124220
v 0.00990064 -0.02254562 0.30044660
v 0.09521025 -0.02336846 0.30144775
v -0.15792550 -0.02097067 0.29416165
v -0.11541041 -0.02091203 0.29504430
v 0.15328540 -0.02392951 0.30949801
v 0.12303396 -0.02225711 0.29708463
v 0.16336559 -0.02359059 0.30506918
v 0.19034003 -0.02305522 0.29934412
v 0.18918860 -0.02291518 0.29652169
v 0.21324125 -0.02423642 0.29183447
v 0.16605274 -0.02251111 0.29795232
v 0.05507162 -0.02123761 0.29392374
v -0.01706361 -0.02084559 0.29485065
v 0.17918579 -0.01972278 0.28784755
v 0.07634618 -0.02009104 0.29036236
v 0.12368742 -0.01997052 0.29005498
v 0.20979269 -0.01963511 0.28269833
v -0.18645665 -0.01859990 0.28532809
v -0.20795420 -0.02053736 0.28498143
v -0.22282834 -0.02611443 0.29279518
v -0.22372723 -0.02393938 0.30259499
v 0.19943206 -0.02107351 0.30554309
v 0.10046388 -0.02241978 0.32405883
v 0.13757373 -0.02218900 0.31904128
v -0.18916897 -0.01975238 0.31648037
v -0.00187996 -0.02173307 0.33068410
v 0.06538887 -0.02136322 0.32984942
v 0.17867605 -0.02109027 0.31250721
v -0.05169534 -0.02122430 0.33003813
v 0.16007784 -0.02136724 0.31699279
v 0.22070265 -0.02057035 0.30338356
v -0.21401863 -0.02028170 0.30871239
v -0.13566494 -0.01956761 0.32684889
v -0.08813927 -0.01986278 0.33115786
v -0.15989056 -0.01877679 0.32399684
v 0.22827385 -0.02664174 0.29028696
v 0.22616778 -0.02551075 0.28756613
v 0.23057026 -0.02178215 0.30154508
v -0.22175996 -0.02124826 0.28167900
v -0.15251081 -0.01653758 0.28530297
v -0.22946373 -0.02349737 0.28091994
v -0.11146405 -0.01563174 0.28548345
v 0.00126158 -0.01776668 0.28936037
v -0.04083426 -0.01435531 0.28456345
v 0.17742807 -0.01783518 0.28498709
v 0.05016742 -0.01475261 0.28414708
v 0.12018973 -0.01614796 0.28453013
v 0.22836901 -0.02017662 0.27843711
v -0.19966690 -0.01716401 0.28220347
v 0.07744758 -0.01656445 0.28543946
v 0.00562847 -0.01368866 0.28364524
v -0.09626120 -0.01222948 0.28109130
v -0.22846541 -0.02685882 0.30235273
v -0.15566042 -0.01271317 0.28067547
v -0.12015723 -0.01268290 0.28174949
v 0.19090976 -0.01192603 0.27848658
v 0.12973684 -0.01266837 0.28050575
v 0.16928123 -0.01364930 0.28070515
v 0.19227394 -0.01568601 0.28105122
v 0.07830310 -0.01185533 0.28063712
v 0.00959028 -0.01115912 0.28144872
v -0.06661759 -0.01121568 0.28088561
v -0.03509051 -0.01077926 0.28114033
v -0.23223253 -0.03308207 0.29191905
v -0.23971421 -0.03654604 0.30279139
v -0.20155445 -0.01640455 0.31685099
v -0.22504839 -0.01878927 0.30815801
v 0.03689184 0.01709612 0.29364860
v 0.04094550 0.02451202 0.30358106
v 0.07469392 0.02201156 0.29453045
v 0.01644771 0.01119940 0.28880543
v 0.00796118 0.01863195 0.30103099
v 0.06768245 0.03239254 0.30984110
v 0.03806401 0.03177509 0.31275427
v 0.08582219 0.03230819 0.30599630
v 0.09142666 0.02114863 0.29127043
v 0.05318956 0.01414995 0.28812921
v 0.11860429 0.03362306 0.30180752
v 0.12834974 0.02909642 0.29456577
v 0.13888022 0.03537438 0.30089486
v 0.01917346 0.03236420 0.31552744
v -0.00536982 0.02124786 0.30428588
v -0.00901244 0.01607323 0.29731804
v -0.00426395 0.01057748 0.28847137
v 0.14766261 0.02060308 0.28475362
v 0.15404262 0.03385204 0.29792997
v 0.16877477 0.02434138 0.28621078
v -0.00849590 0.03233452 0.31591576
v 0.13004850 0.01826962 0.28375432
v 0.18015133 0.03492499 0.29407695
v 0.19664729 0.03339575 0.28929225
v 0.00386218 0.00535370 0.28336361
v 0.02950002 0.00576058 0.28264856
v 0.09239750 0.01305332 0.28381997
v -0.02190608 0.01179563 0.28845668
v -0.02369446 0.00630831 0.28309995
v -0.03007605 0.03265249 0.31383389
v -0.02829499 0.02365616 0.30320919
v 0.10977738 0.03667520 0.30557355
v -0.05223926 0.03244300 0.31028491
v 0.20764716 0.03210426 0.28649357
v -0.05632310 0.02610687 0.30105418
v -0.08230934 0.03301793 0.30807167
v -0.05350608 0.01824696 0.29062024
v -0.05497374 0.00980078 0.28267205
v -0.08008131 0.02333333 0.29353026
v -0.11839157 0.02758133 0.29300851
v -0.09798207 0.03023544 0.30011144
v -0.09064634 0.01949530 0.28823757
v -0.11180079 0.03490895 0.30505988
v -0.13272844 0.03460223 0.30079553
v -0.14597061 0.02696865 0.28923938
v -0.15303533 0.03374648 0.29739252
v -0.13085765 0.02206310 0.28564984
v -0.16488768 0.03347538 0.29432595
v -0.16579425 0.02915980 0.28875953
v -0.16688673 0.02541171 0.28462625
v -0.08313401 0.03369518 0.30974725
v -0.17621051 0.03551859 0.29291034
v -0.19436255 0.03627337 0.28809226
v -0.20155582 0.03582839 0.28516436
v -0.10076896 0.01480060 0.28323948
v -0.08867031 0.03629414 0.30977595
v -0.15945263 0.03573062 0.29751676
v -0.16750345 0.01947348 0.28003439
v 0.15746005 0.01493962 0.27981320
v 0.18164617 0.01791264 0.28017360
v -0.19672278 0.02770422 0.27984747
v -0.21539843 0.03014993 0.27586439
v 0.13225575 0.01195395 0.27981856
v 0.08274604 0.03667305 0.30954540
v -0.14606029 0.01533867 0.27977097
v -0.10435811 0.00973755 0.27996004
v 0.20187446 0.02035188 0.27985853
v 0.21386459 0.02124538 0.27746460
v -0.11497034 0.03621125 0.30515051
v -0.05330446 0.03646494 0.31193247
v -0.03379279 0.03556413 0.31373689
v -0.07687148 0.03602271 0.31086814
v -0.26112103 0.16977550 -0.12646954
v -0.26490736 0.15213095 -0.10799914
v -0.25299934 0.11845814 -0.12026642
v -0.25281724 0.14007039 -0.13381569
v -0.25766000 0.10868514 -0.10118158
v -0.25969258 0.18193799 -0.13582836
v -0.24793686 0.14373627 -0.14779598
v -0.24461988 0.12360737 -0.14373164
v -0.25003743 0.10519166 -0.11890799
v -0.26592237 0.12109983 -0.08920631
v -0.25100917 0.17183669 -0.15124761
v -0.26238874 0.20021486 -0.13713261
v -0.27112910 0.20384036 -0.12139083
v -0.27101299 0.17300221 -0.10647601
v -0.25852799 0.09138945 -0.08565535
v -0.25177971 0.09300507 -0.10452575
v -0.27170303 0.24642079 -0.13922156
v -0.27047211 0.13758051 -0.08914158
v -0.27046254 0.11253291 -0.07621065
v -0.24203904 0.10595134 -0.13616154
v -0.26521441 0.09251227 -0.07289805
v -0.24597517 0.16776295 -0.15909529
v -0.24850439 0.18723124 -0.16011271
v -0.25908843 0.22002433 -0.15005308
v -0.24564955 0.09509355 -0.12001066
v -0.27516201 0.18755180 -0.10663925
v -0.27511027 0.16125607 -0.09389232
v -0.27511239 0.21070765 -0.11758467
v -0.27552351 0.23002386 -0.12620464
v -0.23937136 0.12305491 -0.15189131
v -0.26051828 0.23279668 -0.15218964
v -0.26595104 0.26499024 -0.15507500
v -0.27143294 0.26989755 -0.14801997
v -0.24203427 0.14688940 -0.15806113
v -0.26704094 0.28795785 -0.16042189
v -0.24756940 0.22251998 -0.16909491
v -0.25382033 0.23892060 -0.16426890
v -0.27116543 0.08716611 -0.05977238
v -0.23413888 0.09797227 -0.14408918
v -0.24230668 0.20421848 -0.17300649
v -0.24576013 0.23896728 -0.17594427
v -0.24127072 0.22588682 -0.17858966
v -0.27519029 0.13671729 -0.08176526
v -0.23630536 0.09093707 -0.13466352
v -0.25256589 0.26243201 -0.17272274
v -0.27515438 0.11732583 -0.07227659
v -0.27468991 0.10119672 -0.06439259
v -0.24321154 0.08617921 -0.11595710
v -0.27132595 0.28159395 -0.15261221
v -0.23694903 0.18904571 -0.17571475
v -0.23480771 0.16331194 -0.17139134
v -0.25141600 0.31556258 -0.18575512
v -0.23286925 0.12283834 -0.15967937
v -0.22668511 0.10407464 -0.15679123
v -0.22669084 0.14290671 -0.17341116
v -0.27124366 0.29862460 -0.15979537
v -0.27548522 0.24425462 -0.13343589
v -0.27587587 0.25854284 -0.13962255
v -0.23654337 0.23353708 -0.18573047
v -0.24246494 0.27587685 -0.18731794
v -0.23549530 0.30235943 -0.20103103
v -0.24257468 0.34057748 -0.20348811
v -0.25364819 0.35382345 -0.19522747
v -0.26150092 0.32838762 -0.17900185
v -0.25832805 0.31270447 -0.17749968
v -0.26854557 0.30595645 -0.16471723
v -0.22371191 0.21630491 -0.19495891
v -0.24685459 0.37109128 -0.20694013
v -0.22355978 0.26538441 -0.20459965
v -0.22699580 0.24132492 -0.19691694
v -0.22722940 0.32513312 -0.21542165
v -0.22385572 0.29230762 -0.21039602
v -0.22858062 0.35735837 -0.22212276
v -0.24490522 0.38039193 -0.21208425
v -0.23643070 0.39836618 -0.22693482
v -0.22439535 0.38102704 -0.23369409
v -0.21980686 0.17862269 -0.18991530
v -0.22195277 0.09079602 -0.15403755
v -0.22060424 0.12334459 -0.17201063
v -0.21953584 0.39596727 -0.24248978
v -0.22500050 0.43146086 -0.24901010
v -0.24723177 0.40389109 -0.21860565
v -0.21578614 0.23419026 -0.20493379
v -0.21450308 0.35003135 -0.23347495
v -0.26003447 0.35663980 -0.19030567
v -0.25395042 0.38165742 -0.20465076
v -0.22793874 0.08721690 -0.14387801
v -0.21976411 0.10937548 -0.16600160
v -0.21662484 0.14472283 -0.18267548
v -0.21515422 0.19725657 -0.19798335
v -0.25800711 0.08097482 -0.07476094
v -0.24845484 0.07856263 -0.09262196
v -0.26611170 0.08332912 -0.06342601
v -0.26927841 0.07544144 -0.05220171
v -0.21458137 0.29560816 -0.21908465
v -0.20817651 0.27342460 -0.21893144
v -0.20321104 0.24938856 -0.21788995
v -0.24309492 0.42211744 -0.22947797
v -0.20726329 0.33614510 -0.23574746
v -0.20778807 0.36128712 -0.24194011
v -0.26427045 0.33952072 -0.18069005
v -0.27487594 0.08780175 -0.05673011
v -0.22151680 0.06836859 -0.13362946
v -0.23973514 0.43298817 -0.23731247
v -0.23278734 0.44903103 -0.25056496
v -0.21061921 0.06675228 -0.14729242
v -0.21434015 0.40851551 -0.25032753
v -0.20842771 0.38118580 -0.24669054
v -0.21499008 0.43556595 -0.25862485
v -0.21638718 0.45376119 -0.26430303
v -0.20428801 0.29515997 -0.22676702
v -0.20833334 0.09048928 -0.16565247
v -0.27910167 0.15316561 -0.08663417
v -0.27918375 0.14311664 -0.08158749
v -0.27919617 0.18028909 -0.09998102
v -0.27911139 0.16678569 -0.09344734
v -0.27871582 0.19662262 -0.10822007
v -0.27865598 0.21132310 -0.11526363
v -0.27905482 0.13126683 -0.07599501
v -0.22951299 0.06957329 -0.12093251
v -0.20871206 0.21138881 -0.20556056
v -0.20271018 0.22736789 -0.21284224
v -0.20461772 0.39728054 -0.25375992
v -0.26731190 0.32733664 -0.17439088
v -0.26863652 0.31693435 -0.16919288
v -0.20824195 0.10774280 -0.17432731
v -0.20893224 0.12296706 -0.18049495
v -0.20343666 0.06518688 -0.15357298
v -0.20699412 0.18510628 -0.20065130
v -0.20808874 0.14507149 -0.18872522
v -0.19712830 0.06452831 -0.15838024
v -0.27834868 0.22366333 -0.12192088
v -0.26003957 0.07350027 -0.06046498
v -0.27966574 0.11590672 -0.06871349
v -0.24466461 0.07240613 -0.09073253
v -0.23466206 0.06983653 -0.10920325
v -0.25292668 0.07269332 -0.07127704
v -0.27522573 0.27172732 -0.14662552
v -0.26582164 0.06929626 -0.04808367
v -0.28020507 0.10277123 -0.06278527
v -0.27972555 0.08091160 -0.05112456
v -0.27797484 0.23779829 -0.12942986
v -0.27914810 0.07252701 -0.04527530
v -0.28232139 0.08928960 -0.05591384
v -0.28194121 0.09735724 -0.05999663
v -0.27458739 0.28295374 -0.15282701
v -0.27144268 0.30839300 -0.16578752
v -0.27860075 0.24594209 -0.13460998
v -0.28328618 0.07335357 -0.04726248
v -0.28287518 0.10917795 -0.06736279
v 0.31014279 -0.50001824 0.30230746
v 0.34413287 -0.50009805 0.29379520
v 0.32420334 -0.50021058 0.31521875
v 0.33197412 -0.50011402 0.28445533
v 0.30959058 -0.50014800 0.31548998
v 0.34260744 -0.50030971 0.28545818
v 0.30577323 -0.49984655 0.31117922
v 0.31528190 -0.49980414 0.29689205
v 0.31672496 -0.49913359 0.31959257
v 0.33265239 -0.49926880 0.30865335
v 0.32722843 -0.49934775 0.28663570
v 0.33848310 -0.49928311 0.28375342
v 0.34091011 -0.49916247 0.29898933
v 0.32780048 -0.49912199 0.31321970
v -0.33205217 -0.50004947 0.28449550
v -0.31735286 -0.49997243 0.29674158
v -0.33457002 -0.49994630 0.30819380
v -0.34466973 -0.50016642 0.29415569
v -0.32003698 -0.49985927 0.31540394
v -0.30833030 -0.49983516 0.31006673
v -0.34271082 -0.50029027 0.28503388
v -0.31587985 -0.49873412 0.31630325
v -0.30811876 -0.49859303 0.30681950
v -0.31459495 -0.49914777 0.29756820
v -0.32647887 -0.49911398 0.28739256
v -0.34289590 -0.49884668 0.29982457
v 0.05414494 -0.02498728 -0.21391062
v 0.04293746 -0.02804716 -0.20161520
v -0.01497115 -0.02495814 -0.21369335
v 0.01129289 -0.02767899 -0.20161414
v -0.04282147 -0.02826029 -0.20166643
v 0.08359917 -0.02713517 -0.20242144
v 0.10359140 -0.02451334 -0.21139717
v -0.10225039 -0.02256422 -0.21444111
v -0.08081375 -0.02656311 -0.20204061
v -0.11805891 -0.02610181 -0.20191838
v -0.16944472 -0.02605989 -0.20247379
v 0.14099833 -0.02708606 -0.20452493
v -0.18057065 -0.02399777 -0.20834844
v -0.18828104 -0.02659398 -0.20405056
v 0.19174360 -0.02835033 -0.20527734
v -0.17703366 -0.02628558 -0.19772956
v -0.18450683 -0.02674687 -0.19676748
v -0.11680602 -0.02597040 -0.19931953
v -0.19403121 -0.02865574 -0.19594359
v 0.18213125 -0.02768504 -0.20155440
v 0.14250578 -0.02717251 -0.20045377
v 0.09265278 -0.02631587 -0.19839387
v 0.19383635 -0.02766678 -0.19488902
v 0.17510882 -0.02583392 -0.19503158
v -0.06599092 -0.02494054 -0.19432090
v 0.06736326 -0.02539792 -0.19497800
v -0.10767072 -0.02483465 -0.19516534
v 0.19985223 -0.03112904 -0.20698927
v 0.20344913 -0.03115562 -0.19587696
v -0.20191145 -0.03207553 -0.20574850
v -0.20173039 -0.03117772 -0.19517796
v 0.00242191 -0.02602468 -0.19680935
v -0.12741303 -0.02332533 -0.19075318
v -0.07128079 -0.02284046 -0.19012952
v -0.18141101 -0.02352669 -0.18940599
v 0.00933824 -0.02331299 -0.19129586
v 0.13430704 -0.02320616 -0.18951140
v 0.18458678 -0.02338748 -0.18908694
v -0.19711293 -0.02360426 -0.18411754
v 0.20307401 -0.02560588 -0.18743078
v -0.09455296 -0.02119321 -0.18722837
v -0.15968478 -0.02035656 -0.18537477
v -0.18061799 -0.02043662 -0.18413477
v -0.00105505 -0.02084098 -0.18794423
v -0.20560853 -0.02625839 -0.18354475
v -0.20646931 -0.03430043 -0.19584745
v 0.18639563 -0.02040464 -0.18424337
v 0.16654782 -0.02037037 -0.18507296
v 0.07150371 -0.02099776 -0.18738118
v 0.10582014 -0.01941220 -0.18506038
v 0.20802940 -0.03751821 -0.20705357
v 0.20375809 -0.02125114 -0.18247029
v -0.20336229 -0.02079598 -0.17961864
v -0.21319211 -0.03132613 -0.18256758
v -0.28497013 -0.01574340 0.05361232
v -0.27829534 -0.01226724 0.03970304
v -0.28153142 -0.01224213 0.08009890
v -0.28711659 -0.01920542 0.02483205
v -0.27290985 -0.01153407 0.00710178
v -0.28343216 -0.01925181 0.00483296
v -0.28694415 -0.01633756 0.07764659
v -0.29197651 -0.01965082 0.05139774
v -0.29223850 -0.01905179 0.07957058
v -0.28720361 -0.01625314 0.11944989
v -0.27822039 -0.00957085 0.12953360
v -0.27904552 -0.01047196 0.15551563
v -0.28853089 -0.01670998 0.15624361
v -0.28850219 -0.01728834 0.17238127
v -0.27919206 -0.01091807 0.17303160
v -0.29436159 -0.01889987 0.13760903
v -0.28862977 -0.01981860 0.19593734
v -0.29822722 -0.02063151 0.16875970
v -0.29153630 -0.02283254 0.00038397
v -0.27850512 -0.01258439 0.20223853
v -0.30038065 -0.02359237 0.03170718
v -0.27518377 -0.01914476 -0.02665455
v -0.27809939 -0.02343599 -0.05820717
v -0.27172646 -0.02012607 -0.05466441
v -0.26549935 -0.01902774 -0.07390376
v -0.29171804 -0.02671893 -0.04725215
v -0.28791687 -0.02995878 -0.08337563
v -0.27358815 -0.02467425 -0.08407833
v -0.28620404 -0.03152144 -0.10125905
v -0.27112368 -0.02617858 -0.10186691
v -0.30303377 -0.02269057 0.05383773
v -0.30042550 -0.02105848 0.08325770
v -0.29906839 -0.02004971 0.15502872
v -0.30005768 -0.02433321 0.01308762
v -0.29604921 -0.02473653 -0.01123894
v -0.29953715 -0.02329511 0.19137897
v -0.26082796 -0.02066397 -0.09907793
v -0.26848885 -0.02954839 -0.12075927
v -0.30838072 -0.02118554 0.15355892
v -0.29924941 -0.02491472 0.20340034
v -0.28578773 -0.01884956 0.20311880
v -0.30675003 -0.02219534 0.17944947
v -0.30732295 -0.02172875 0.08307146
v -0.30475283 -0.02347885 0.03881491
v -0.29504719 -0.02634306 -0.03901991
v -0.29192483 -0.02783340 -0.06086816
v -0.25984681 -0.02539397 -0.12128506
v -0.29916874 -0.02485347 -0.01476609
v -0.28319061 -0.03481483 -0.11682189
v -0.30621454 -0.02333904 0.19513685
v -0.28764418 -0.02493550 0.22415321
v -0.29941231 -0.02829468 0.21915153
v -0.31015128 -0.02106742 0.15972205
v -0.31002873 -0.02097927 0.08747797
v -0.30961412 -0.02262496 0.19507414
v -0.31050467 -0.02306565 0.20518385
v -0.28056687 -0.03859004 -0.12673409
v -0.26500726 -0.03212905 -0.12939343
v -0.27942231 -0.04131167 -0.13316250
v -0.25525683 -0.02959397 -0.13746434
v -0.30870908 -0.02595928 0.21906184
v -0.28285974 -0.02041939 0.22013213
v -0.27647811 -0.01967939 0.23272583
v -0.26212820 -0.03656556 -0.13998480
v -0.27474508 -0.01227882 0.22172169
v -0.25857225 -0.01979056 -0.10345807
v -0.26177162 -0.01660760 -0.08000006
v -0.27336496 -0.00776049 0.20363639
v -0.27305287 -0.00449640 0.16401421
v -0.26917210 -0.01208176 -0.01960863
v -0.27662447 -0.00733179 0.07695712
v -0.26638734 -0.01308643 -0.04774116
v -0.25403589 -0.01950289 -0.12148616
v -0.25040707 -0.03387060 -0.14905308
v -0.27621764 -0.04486959 -0.14008248
v -0.29595730 -0.03155698 0.22706090
v -0.29951352 -0.03066882 0.22466937
v -0.28451496 -0.02919005 0.23481910
v -0.26065141 -0.04252332 -0.14828478
v -0.27514556 -0.04956742 -0.14515407
v -0.25029129 -0.04476267 -0.15816925
v -0.26435924 -0.05923077 -0.15861671
v -0.27226022 -0.06273547 -0.15629509
v -0.27442321 -0.05602856 -0.15079992
v -0.26287746 -0.06886843 -0.16626678
v -0.25090897 -0.05515930 -0.16410656
v -0.27250376 -0.07703965 -0.16860536
v -0.27450764 -0.07849418 -0.16894546
v -0.25167388 -0.07324613 -0.17263168
v -0.28007370 -0.06231240 -0.16211511
v -0.25009009 -0.06705243 -0.17061746
v -0.27397701 -0.08586390 -0.17175603
v -0.32977194 -0.36409229 0.27703974
v -0.32543617 -0.33446327 0.27488080
v -0.31605637 -0.36811611 0.27521932
v -0.31348601 -0.34415770 0.27414209
v -0.30964804 -0.32433972 0.27252343
v -0.32317623 -0.30718711 0.27256885
v -0.32208607 -0.29382840 0.27123946
v -0.30857691 -0.30123842 0.27047569
v -0.30706456 -0.26884848 0.26797962
v -0.31679401 -0.26944900 0.26912636
v -0.30684495 -0.24356855 0.26534992
v -0.33287865 -0.39269161 0.27963430
v -0.31819579 -0.39799324 0.27821162
v -0.33407661 -0.42027053 0.28188539
v -0.32695198 -0.43057024 0.28158143
v -0.33910701 -0.45220435 0.28326628
v -0.32690713 -0.45275021 0.28267604
v -0.32667503 -0.48460215 0.28455812
v -0.31883979 -0.43337390 0.28179070
v -0.34140730 -0.46836278 0.28393620
v -0.34228185 -0.48855767 0.28444007
v -0.33602428 -0.41921410 0.28241950
v -0.32015899 -0.25940010 0.26988843
v -0.31866497 -0.45221198 0.28402576
v -0.30276817 -0.26501152 0.26827762
v -0.30407801 -0.23616685 0.26496369
v -0.30300450 -0.28783655 0.27067626
v -0.30612391 -0.22566749 0.26419300
v -0.30250767 -0.19919333 0.26097637
v -0.33647496 -0.49920496 0.28388047
v -0.32704639 -0.34292024 0.27574828
v -0.28552619 0.04236271 0.02923099
v -0.28566608 0.03902478 0.04035160
v -0.28436366 0.03853799 0.01781868
v -0.28676578 0.04421713 0.04329866
v -0.28437933 0.04205805 0.00286270
v -0.28387532 0.03673252 0.00264397
v -0.28991151 0.04180325 0.07420125
v -0.28910154 0.03791607 0.07470797
v -0.28287312 0.04161230 -0.00569480
v -0.28215054 0.03774979 -0.00710459
v -0.28062174 0.04258522 -0.01963271
v -0.29059473 0.04271860 0.09689363
v -0.29018509 0.03884433 0.09703787
v -0.29059398 0.03901759 0.12900957
v -0.29189059 0.04440545 0.12973909
v -0.29040283 0.04197580 0.15382822
v -0.29063511 0.04746541 0.15388234
v -0.28918046 0.04054411 0.17705403
v -0.29018310 0.04643492 0.09844156
v -0.28936115 0.04648837 0.07684173
v -0.29087329 0.04715712 0.11884185
v -0.28843960 0.03674311 0.17288896
v -0.28924906 0.03817913 0.14794855
v -0.28220668 0.03353798 0.01469221
v -0.28271741 0.03197992 0.04025313
v -0.28686970 0.03533545 0.18416293
v -0.28498214 0.02961499 0.17471242
v -0.28077567 0.01911240 0.18334456
v -0.28039750 0.01915938 0.17673828
v -0.28598979 0.03288863 0.16128570
v -0.28694761 0.03403503 0.13759483
v -0.28727362 0.03382660 0.10861783
v -0.28635317 0.03336112 0.07483295
v -0.27579781 0.01636329 0.06338769
v -0.27606499 0.01929904 0.04382213
v -0.27308974 0.01143555 0.04486329
v -0.27237201 0.01470148 0.02590119
v -0.27358139 0.01865369 0.02233977
v -0.26862541 0.01264329 0.00318725
v -0.27686760 0.01800801 0.07918338
v -0.27298632 0.00936235 0.07767188
v -0.27735639 0.01975808 0.10510526
v -0.27068594 0.00925191 0.12974775
v -0.27687123 0.02061735 0.12881900
v -0.27459082 0.01933189 0.14772670
v -0.27057162 0.01418997 0.16495785
v -0.26866496 0.00911723 0.15636072
v -0.27571216 0.02533361 0.00972196
v -0.28147754 0.02588501 0.16864499
v -0.26720715 0.00958935 0.16799311
v -0.27153763 0.02885219 -0.02396126
v -0.26790467 0.02115536 -0.02393400
v -0.26609936 0.02293033 -0.05135418
v -0.27250823 0.03569889 -0.03966026
v -0.27790323 0.04101067 -0.02691728
v -0.27652943 0.03269759 -0.01407420
v -0.27175114 0.01370169 0.17585991
v -0.27218604 0.04114364 -0.05197707
v -0.27235469 0.00536252 0.05116170
v -0.26307309 0.01210962 -0.04671235
v -0.26534289 0.01165971 -0.01983870
v -0.25962859 0.01073130 -0.06405006
v -0.27540246 0.01890244 0.16777356
v -0.26635164 0.03132265 -0.06596339
v -0.26457399 0.03474697 -0.07679811
v -0.25554630 0.01159741 -0.08231471
v -0.28190872 0.02400386 0.18696970
v -0.26921609 0.00197434 0.02286183
v -0.26625469 0.00122596 0.00139410
v -0.25416324 0.02406939 -0.09989336
v -0.26171479 0.04401682 -0.09477130
v -0.26661280 0.04302533 -0.07553241
v -0.27561554 0.04634164 -0.04355079
v -0.27866432 0.04636110 -0.02870573
v -0.24937761 0.01231620 -0.10882588
v -0.25722152 0.00001916 -0.06639741
v -0.26123086 0.00012013 -0.04546033
v -0.25260451 0.00107589 -0.08754131
v -0.26429597 0.00078810 -0.01430017
v -0.27246666 0.00569582 0.07971351
v -0.25535831 0.03974310 -0.10884368
v -0.25231034 0.03243211 -0.11352272
v -0.25146964 0.03602533 -0.12210093
v -0.24993938 0.02632853 -0.11363764
v -0.24649537 0.02648482 -0.12131640
v -0.27262005 0.00142594 0.05678679
v -0.24730569 0.03524160 -0.12893337
v -0.24630423 -0.00033359 -0.12286487
v -0.24836360 0.04359037 -0.13292451
v -0.25154951 0.04833797 -0.12681606
v -0.25186577 0.05404354 -0.13618886
v -0.24859300 0.04787900 -0.13813467
v -0.24898739 0.04980054 -0.13995335
v -0.25264055 0.05086950 -0.11819869
v -0.25495312 0.04669041 -0.11040222
v -0.27552125 0.05094162 -0.04461315
v -0.26754490 0.05248423 -0.07350910
v -0.26157895 0.05047187 -0.09398975
v -0.24581088 0.01200517 -0.12207939
v -0.25125253 0.05849428 -0.12636773
v -0.27080101 0.00502414 0.13006189
v -0.26944870 0.00603165 0.15387593
v -0.28857210 0.04731578 0.17915833
v -0.28727746 0.04323233 0.18508264
v -0.28402680 0.04539394 0.01914254
v -0.29111451 0.04988882 0.12992017
v -0.27061683 0.05613533 -0.06027364
v -0.24054457 0.02705851 -0.13011894
v -0.24058016 0.03394574 -0.13687670
v -0.23619069 0.02746679 -0.13660917
v -0.24302554 0.04394222 -0.14047450
v -0.23324984 0.03592248 -0.14754461
v -0.22807345 0.02727015 -0.14840612
v -0.22379136 0.03538874 -0.16004391
v -0.22253536 0.02725692 -0.15550981
v -0.26612955 0.06031175 -0.07350705
v -0.25369838 0.05359767 -0.10939284
v -0.25867376 0.05657168 -0.09690496
v -0.23128143 0.04321297 -0.15191372
v -0.27533123 0.01467220 0.17924240
v -0.25066161 0.05739458 -0.11312161
v -0.28769252 0.05193027 0.17561062
v -0.27591652 0.05236383 -0.03716059
v -0.23737136 0.04700069 -0.14621402
v -0.28297257 0.04394721 0.19426905
v -0.28934583 0.05159945 0.15448128
v -0.26129067 0.06060559 -0.08505348
v -0.27961510 0.04661877 -0.01318716
v -0.28118339 0.03968547 0.19546917
v -0.28725007 0.05144666 0.08002643
v -0.28279445 0.05216241 0.19196847
v -0.27887404 0.05241713 0.20125102
v -0.24794555 0.06261922 -0.13770793
v -0.28828922 0.05416009 0.12880994
v -0.28512818 0.05053195 0.05541181
v -0.27395946 0.04637145 0.20841494
v -0.28339916 0.04889073 0.03578790
v -0.27727455 0.01889084 0.18814369
v -0.26879957 0.01279462 0.18509737
v -0.27203554 0.03754465 0.20641235
v -0.27231529 0.02846683 0.19924553
v -0.27461076 0.02521035 0.19398223
v -0.27091017 0.05754453 -0.05228957
v -0.25161290 0.06031265 -0.10297062
v -0.28056377 0.04867564 0.00314918
v -0.27121645 0.01788642 0.19137228
v -0.25681356 0.06061545 -0.09473075
v -0.25493729 -0.22724363 -0.22244835
v -0.25784302 -0.22511515 -0.21056074
v -0.25743109 -0.24810287 -0.22380000
v -0.25356552 -0.20256315 -0.21258560
v -0.26233765 -0.25386891 -0.21383680
v -0.25996935 -0.26863658 -0.22567935
v -0.25903359 -0.19646502 -0.19776751
v -0.26334885 -0.23503900 -0.20279451
v -0.25490016 -0.17632979 -0.19950545
v -0.24960779 -0.17122580 -0.21149999
v -0.24612325 -0.15214111 -0.21166423
v -0.25343883 -0.14724182 -0.19244105
v -0.25669730 -0.16107629 -0.19038604
v -0.24233955 -0.13251869 -0.20987825
v -0.24780947 -0.12644233 -0.19453651
v -0.26732892 -0.27677706 -0.21432088
v -0.26238477 -0.29279575 -0.22989802
v -0.27119756 -0.29228872 -0.21246934
v -0.26458722 -0.31693351 -0.23396097
v -0.26665273 -0.25129053 -0.20442784
v -0.24358794 -0.10551589 -0.19156426
v -0.23752537 -0.10714178 -0.20695876
v -0.23707297 -0.08585930 -0.19267972
v -0.23424375 -0.09234744 -0.20628223
v -0.25535133 -0.13284966 -0.18416663
v -0.23948829 -0.07815142 -0.18378931
v -0.25768799 -0.15667565 -0.18896388
v -0.27365443 -0.30700973 -0.21488595
v -0.26639244 -0.33146954 -0.23619616
v -0.27560681 -0.32733220 -0.21981810
v -0.27768511 -0.34605831 -0.22277625
v -0.26878524 -0.35207990 -0.23954640
v -0.27195662 -0.37946475 -0.24124905
v -0.27952388 -0.37669137 -0.22890984
v -0.27593723 -0.41019595 -0.24427530
v -0.26268211 -0.20964488 -0.19625022
v -0.27275077 -0.38955674 -0.24371630
v -0.27767149 -0.42794383 -0.24762961
v -0.24931507 -0.10241528 -0.18281998
v -0.22995260 -0.07644182 -0.20508257
v -0.26986569 -0.26847276 -0.20729870
v -0.27221140 -0.28855002 -0.21073398
v -0.26118475 -0.18637143 -0.19233204
v -0.28380376 -0.39920300 -0.23056073
v -0.28180736 -0.42330924 -0.24098635
v -0.28237924 -0.45557410 -0.24862403
v -0.28139624 -0.45431080 -0.25095254
v -0.28526416 -0.48049170 -0.25190130
v -0.28991744 -0.50023234 -0.25106353
v -0.28707558 -0.49871346 -0.25433403
v -0.23312646 -0.06302184 -0.18363592
v -0.22853038 -0.06285906 -0.19433041
v -0.28018293 -0.36602640 -0.22533225
v -0.22432652 -0.06015226 -0.20425484
v -0.28834382 -0.42378637 -0.23410185
v -0.28918371 -0.44107434 -0.23828091
v -0.22545923 -0.04662900 -0.18239646
v -0.22050597 -0.04904917 -0.19580010
v -0.21748051 -0.04757079 -0.20437926
v -0.26477537 -0.22728439 -0.19921805
v -0.29613218 -0.46737379 -0.23877876
v -0.29763639 -0.50026214 -0.24417718
v -0.25176743 -0.08854125 -0.17605045
v -0.24575588 -0.06928544 -0.17497540
v -0.25534981 -0.10939644 -0.17918499
v -0.23569486 -0.04024448 -0.16898905
v -0.22187060 -0.03171031 -0.17602783
v -0.22278956 -0.02006623 -0.16885209
v -0.24713445 -0.16546260 -0.22158109
v -0.25012019 -0.18404415 -0.22183557
v -0.25256637 -0.20293340 -0.22144398
v -0.26051041 -0.27558079 -0.22904427
v -0.24274543 -0.02991894 -0.15548185
v -0.23620410 -0.02022122 -0.15759103
v -0.24028756 -0.01784186 -0.15072124
v -0.23313816 0.00220326 -0.15616801
v -0.23797002 0.00228199 -0.14784436
v -0.24355313 -0.01334993 -0.14100312
v -0.23489574 0.00585381 -0.15208828
v -0.24120931 0.01715567 -0.13210829
v -0.24990848 -0.01226475 -0.12169044
v -0.25308126 -0.00930271 -0.10044243
v -0.25418666 -0.00312052 -0.08285419
v -0.25934801 -0.00778701 -0.06755044
v -0.25755790 -0.01152301 -0.08375416
v -0.26319072 -0.00807505 -0.04889215
v -0.26125199 -0.00322418 -0.04898043
v -0.26601619 -0.00770099 -0.02247453
v -0.23218857 -0.08242677 -0.21560822
v -0.25052479 -0.02078710 -0.13166969
v -0.24926807 -0.02737902 -0.14301792
v -0.27260450 -0.00678703 0.02363540
v -0.27650306 -0.00891880 0.04997068
v -0.23885043 -0.10805281 -0.22046266
v -0.26587495 -0.31977984 -0.24071853
v -0.25665838 -0.22764181 -0.23405464
v -0.27390772 -0.00177574 0.08125751
v -0.27386802 -0.00441582 0.12551591
v -0.28840187 -0.49948320 -0.26287317
v -0.28472897 -0.46693203 -0.26025867
v -0.27768245 -0.41495597 -0.25597358
v -0.27402133 -0.38397112 -0.25228927
v -0.26796660 0.00588970 0.16618040
v -0.26579195 0.00923396 0.18909912
v -0.26955545 -0.00060250 0.18058679
v -0.26947087 -0.00104432 0.20290624
v -0.26578096 0.01023955 0.20279725
v -0.26730201 0.00307193 0.22454031
v -0.27015567 -0.00586837 0.22882682
v -0.26519245 0.01232440 0.22149554
v -0.26407415 0.01291275 0.23296075
v -0.26497445 0.01972815 0.22838448
v -0.26429254 0.00408867 0.23918508
v -0.26189098 0.01502984 0.24018283
v -0.27082434 -0.34777287 -0.24841022
v -0.26257595 0.03029944 0.23524864
v -0.28762457 -0.47850481 -0.26653492
v -0.29042965 -0.50015581 -0.26990315
v -0.26852909 0.02746344 0.21620123
v -0.26882434 0.02312408 0.20887873
v -0.26953879 0.03938808 0.21500473
v -0.26722148 -0.00784489 0.23984958
v -0.26650396 0.04615235 0.22349979
v -0.26410517 0.04579780 0.23260716
v -0.26324603 0.05192418 0.23252852
v -0.26494899 0.05011278 0.22267815
v -0.25955111 0.05261400 0.24408437
v -0.26008379 0.04539433 0.24373421
v -0.27431768 -0.36620799 -0.25531900
v -0.26865819 0.01733888 0.19798306
v -0.25618264 0.05806156 0.24647853
v -0.21311605 -0.04097278 -0.19853997
v -0.25895771 0.03204010 0.24295643
v -0.21499486 -0.03753535 -0.18787697
v -0.27034548 0.04886010 0.21592166
v -0.27385449 0.04978507 0.20824176
v -0.22389346 0.02152924 -0.15567341
v -0.22749375 -0.02052746 -0.16573951
v -0.28227356 -0.37594253 -0.22674738
v -0.30013171 -0.48486009 -0.23947564
v -0.29470137 -0.44242722 -0.23525789
v -0.30539829 -0.50014663 -0.23981604
v -0.27850410 -0.32783544 -0.21871059
v -0.27794212 -0.31015584 -0.21506779
v -0.31059760 -0.48582941 -0.23569444
v -0.31087705 -0.49902195 -0.23747584
v -0.28887758 -0.40436313 -0.23022924
v -0.31092352 -0.46774456 -0.23428711
v -0.31074560 -0.45467591 -0.23269311
v -0.30731270 -0.43656498 -0.23147452
v -0.30374867 -0.40620643 -0.22787441
v -0.29519755 -0.37250474 -0.22431791
v -0.25975627 -0.11471011 -0.17933691
v -0.26717058 -0.13645919 -0.18236077
v -0.27106267 -0.16348001 -0.18769747
v -0.28344947 -0.34004658 -0.22053942
v -0.26654142 -0.17849140 -0.19079110
v 0.28372258 0.02334744 0.05735427
v 0.29235420 0.02698972 0.05458357
v 0.27924964 0.02244909 0.03328224
v 0.29063755 0.02691157 0.03089648
v 0.28821373 0.02625150 0.02236358
v 0.29460809 0.02799240 0.06996059
v 0.28752014 0.02588534 0.00088609
v 0.27816346 0.02272196 0.00320589
v 0.27420270 0.02062945 0.01003749
v 0.28692362 0.02645252 -0.01307914
v 0.28485999 0.02579611 -0.01394771
v 0.28310579 0.02252868 0.11916938
v 0.28868711 0.02471741 0.11431760
v 0.28883499 0.02575744 0.16465120
v 0.29490423 0.02826332 0.15310138
v 0.27784500 0.02230218 0.17634176
v 0.29007682 0.02736720 0.18525945
v 0.27952147 0.02324549 0.20150408
v 0.27477604 0.02404826 -0.02563288
v 0.28384086 0.02607707 -0.02536792
v 0.27607682 0.01918816 0.12417818
v 0.27170417 0.01908634 0.17215362
v 0.27587745 0.01870675 0.08161193
v 0.29470253 0.02785730 0.10255897
v 0.27610695 0.01954809 0.05479495
v 0.27244219 0.01922786 0.20324534
v 0.27012330 0.02065734 -0.01497357
v 0.27616712 0.02671132 -0.04493704
v 0.28297913 0.02752011 -0.03688236
v 0.26872945 0.02252684 -0.04196189
v 0.27180827 0.02537167 -0.04870701
v 0.26927429 0.02578442 -0.05923542
v 0.27337083 0.02101906 0.21375896
v 0.29125926 0.02933458 0.19425772
v 0.28821322 0.02931420 0.20420919
v 0.29583633 0.03048623 0.17277136
v 0.28319785 0.02945265 0.21684664
v 0.27371728 0.02311496 0.21895489
v 0.26602605 0.01350899 0.18400989
v 0.26787063 0.01447207 0.21129975
v 0.29697722 0.03022307 0.12643760
v 0.26670012 0.01362422 0.16606794
v 0.29512665 0.03300450 0.18460606
v 0.26740474 0.01652950 0.22392322
v 0.29569346 0.02967305 0.08730751
v 0.29457694 0.02960453 0.05992511
v 0.29096526 0.02902685 0.02971826
v 0.28889748 0.02885780 0.00949212
v 0.29109302 0.03228359 0.20140928
v 0.29507396 0.03134361 0.06235660
v 0.29745528 0.03417641 0.14136133
v 0.29688704 0.03384025 0.16801409
v 0.29581481 0.03372759 0.09015386
v 0.25410965 -0.21667218 -0.21707021
v 0.25480163 -0.23146681 -0.22361042
v 0.25848407 -0.26425499 -0.22745751
v 0.25196958 -0.20547575 -0.22000176
v 0.25074548 -0.18637428 -0.21568537
v 0.25514731 -0.18385980 -0.20274800
v 0.25899988 -0.21239646 -0.20368096
v 0.24797958 -0.16558312 -0.21401058
v 0.25160000 -0.15720172 -0.20099764
v 0.24610731 -0.15639792 -0.21509069
v 0.25943249 -0.18938832 -0.19534755
v 0.26219141 -0.24729362 -0.21262936
v 0.26131693 -0.28261480 -0.22860064
v 0.24248528 -0.13686514 -0.21117079
v 0.24379106 -0.12128134 -0.20042962
v 0.23906003 -0.11667782 -0.20834030
v 0.26343670 -0.23007499 -0.20257722
v 0.26279938 -0.20916849 -0.19665597
v 0.25695282 -0.15073396 -0.18730584
v 0.25862506 -0.16196945 -0.18881464
v 0.24104065 -0.09211063 -0.19040300
v 0.24951197 -0.11869397 -0.18879999
v 0.23638679 -0.09607720 -0.20232616
v 0.26614434 -0.27370608 -0.21605727
v 0.27008399 -0.32743046 -0.22909249
v 0.27175993 -0.28833562 -0.21183012
v 0.26544905 -0.31760243 -0.23343489
v 0.26549661 -0.32479474 -0.23741314
v 0.26970980 -0.35176206 -0.23807824
v 0.27332622 -0.35181013 -0.23142222
v 0.27039534 -0.36937338 -0.24364109
v 0.27420971 -0.40233937 -0.24494097
v 0.27216837 -0.38681743 -0.24499483
v 0.26259518 -0.30159193 -0.23416656
v 0.27639282 -0.32847726 -0.21912429
v 0.27469197 -0.31150264 -0.21611300
v 0.26766834 -0.24974988 -0.20463055
v 0.27982622 -0.37359571 -0.22763191
v 0.23164773 -0.07087508 -0.19402902
v 0.23069562 -0.07836327 -0.20247690
v 0.23773377 -0.07172225 -0.18386602
v 0.27087414 -0.26997867 -0.20799537
v 0.28346425 -0.39717677 -0.23007610
v 0.28124511 -0.41632795 -0.23926815
v 0.27988717 -0.35631257 -0.22365366
v 0.25478190 -0.12429300 -0.18293455
v 0.24821560 -0.10099994 -0.18419769
v 0.24159628 -0.08071638 -0.18381253
v 0.22481570 -0.06157851 -0.20168868
v 0.23453204 -0.09266318 -0.20603967
v 0.23337922 -0.05942750 -0.18197154
v 0.27683279 -0.41755879 -0.24489509
v 0.27846768 -0.43580219 -0.24762391
v 0.28080928 -0.45270163 -0.24773224
v 0.28775045 -0.41794035 -0.23222949
v 0.29000318 -0.43928108 -0.23565198
v 0.27514896 -0.40748149 -0.24686806
v 0.22687186 -0.04844673 -0.18239579
v 0.22285041 -0.05478409 -0.19670556
v 0.26204720 -0.18449943 -0.19165015
v 0.26636192 -0.23174636 -0.20044751
v 0.29048568 -0.45404619 -0.23885170
v 0.25188479 -0.09152780 -0.17754112
v 0.25023219 -0.07657549 -0.17425773
v 0.25548235 -0.11692870 -0.18081082
v 0.28975219 -0.47173652 -0.24313104
v 0.23869769 -0.03907347 -0.16459896
v 0.24883839 -0.06485359 -0.17072147
v 0.21655759 -0.04765616 -0.20529674
v 0.28515226 -0.48179018 -0.24877602
v 0.28415573 -0.47811174 -0.25062811
v 0.28634197 -0.50027883 -0.25158134
v 0.29080445 -0.49983391 -0.24627905
v 0.24780831 -0.05451071 -0.16605794
v 0.24923299 -0.04553345 -0.15935600
v 0.21304275 -0.04026872 -0.19562146
v 0.22200111 -0.02874316 -0.17407146
v 0.23048265 -0.02116439 -0.16142665
v 0.24742472 -0.03293323 -0.15083522
v 0.23772217 -0.02077994 -0.15283288
v 0.22952062 -0.00819491 -0.15666024
v 0.23541513 -0.00970252 -0.14864895
v 0.24339643 -0.01684672 -0.13822971
v 0.23647273 -0.00580285 -0.14407206
v 0.23286562 0.00989080 -0.14580464
v 0.22553940 0.00331338 -0.15722294
v 0.22401008 0.01214385 -0.15766647
v 0.23321475 0.01446674 -0.14567503
v 0.24597569 -0.02213267 -0.13999121
v 0.21230373 -0.03023442 -0.18404569
v 0.21193604 -0.00610140 -0.17185016
v 0.21382822 0.00935658 -0.16720073
v 0.21371701 -0.02063697 -0.17541777
v 0.20795088 0.01099694 -0.17146572
v 0.28318369 -0.38542017 -0.22779530
v 0.29492912 -0.46987420 -0.23900914
v 0.30004707 -0.49895108 -0.24020627
v 0.29434621 -0.44815439 -0.23569120
v 0.25459236 -0.08031695 -0.17404285
v 0.25878772 -0.05847249 -0.16381940
v 0.25769329 -0.06815343 -0.16925587
v 0.25983745 -0.12045812 -0.18058072
v 0.30128393 -0.45682120 -0.23557955
v 0.30804649 -0.44555953 -0.23214369
v 0.31037042 -0.46150652 -0.23427087
v 0.30701256 -0.42732936 -0.23044358
v 0.30441192 -0.40068018 -0.22711933
v 0.31020644 -0.46998808 -0.23492804
v 0.30702868 -0.50016332 -0.23878393
v 0.27282223 -0.06202584 -0.16299947
v 0.27323517 -0.07554058 -0.16996714
v 0.31142348 -0.49964961 -0.23796029
v 0.26809344 -0.14109112 -0.18399441
v 0.27090696 -0.08364510 -0.17263418
v 0.27032954 -0.24705970 -0.20376208
v 0.26820934 -0.09730618 -0.17570226
v 0.30321905 -0.36746281 -0.22288418
v 0.28549427 -0.31223047 -0.21560046
v 0.30113381 -0.34080335 -0.21947014
v 0.27812141 -0.33112058 -0.21947838
v 0.26602876 -0.20454586 -0.19557258
v 0.26845205 -0.16292579 -0.18832801
v 0.30094135 -0.32949704 -0.21759863
v 0.29936081 -0.31249848 -0.21531582
v 0.28655335 -0.27798790 -0.20977569
v 0.27845725 -0.09372455 -0.17606720
v 0.28343859 -0.11675327 -0.18100023
v 0.29582936 -0.28370574 -0.21097875
v 0.29386878 -0.25124174 -0.20679367
v 0.27756143 -0.14136997 -0.18467461
v 0.28378063 -0.16250142 -0.18967102
v 0.28759980 -0.18941794 -0.19486846
v 0.29225436 -0.22849613 -0.20382005
v 0.29105914 -0.20935884 -0.19948201
v 0.30603692 -0.40256333 -0.22757375
v 0.28793973 -0.13102487 -0.18462306
v 0.28771442 -0.14688887 -0.18758745
v 0.28685614 -0.10819775 -0.18054259
v 0.28967303 -0.16527240 -0.19184642
v 0.29008096 -0.18721277 -0.19526704
v 0.28601605 -0.08729337 -0.17722575
v 0.28060973 -0.07394667 -0.17180599
v 0.28958094 -0.05724410 -0.16831230
v 0.30272552 -0.34381640 -0.22069025
v 0.29107565 -0.19000956 -0.19695227
v 0.28965297 -0.14501569 -0.18830870
v 0.28964782 -0.07515362 -0.17703781
v 0.28950396 -0.06807054 -0.17397217
v 0.31435436 -0.49973449 -0.24015117
v 0.28876716 -0.10061853 -0.18079090
v 0.28665206 0.05054535 0.08132400
v 0.28905857 0.04269375 0.05493255
v 0.29260787 0.03932676 0.07681395
v 0.29331359 0.03425543 0.05691348
v 0.29301849 0.04183909 0.10865092
v 0.28704876 0.05229373 0.10027612
v 0.28856102 0.05242401 0.13422477
v 0.29473251 0.03935931 0.16784357
v 0.28806624 0.05212549 0.16681528
v 0.28603765 0.04139449 0.02453293
v 0.29072466 0.03180684 0.02990122
v 0.28803879 0.03482563 0.01723594
v 0.28043440 0.04832998 0.00328196
v 0.28405818 0.04049104 -0.00589162
v 0.28244990 0.05015960 0.03911575
v 0.28711331 0.03333979 -0.00352225
v 0.28336564 0.05253132 0.05716896
v 0.27899998 0.05238503 0.01832986
v 0.28286397 0.03580508 -0.02503269
v 0.27929258 0.04296821 -0.02272161
v 0.27900130 0.04074268 -0.03915092
v 0.28282666 0.03322991 -0.03406166
v 0.27994820 0.03647326 -0.04161261
v 0.28626761 0.05075648 0.18830034
v 0.28645176 0.02924138 -0.01460606
v 0.28320232 0.02976139 -0.03713046
v 0.28304794 0.05599209 0.09056554
v 0.27448800 0.04774487 -0.02878903
v 0.27302927 0.04851616 -0.04212869
v 0.27441767 0.04486942 -0.04493713
v 0.27042869 0.04955429 -0.04989778
v 0.27560854 0.05072608 -0.00615490
v 0.28387481 0.05303649 0.19196160
v 0.28264901 0.05186737 0.20103581
v 0.26657721 0.05358717 -0.05024070
v 0.26681823 0.05099171 -0.06219764
v 0.26319110 0.05609065 -0.06775541
v 0.28264609 0.05800507 0.13181469
v 0.28343761 0.05589519 0.17530274
v 0.27871335 0.05749170 0.06550269
v 0.28984007 0.04017701 0.19179729
v 0.25812930 0.06047691 -0.07007916
v 0.25900304 0.05675697 -0.08222019
v 0.25798470 0.06072333 -0.05560451
v 0.26327023 0.05583519 -0.03729793
v 0.27458358 0.05523883 0.01465056
v 0.26575243 0.05436689 -0.02517366
v 0.26582310 0.05553707 -0.01334085
v 0.27590522 0.06051724 0.08281632
v 0.27160338 0.06069266 0.04932318
v 0.27727705 0.06109278 0.14791350
v 0.25334200 0.06023179 -0.08395302
v 0.25434628 0.05640801 -0.09230231
v 0.25618255 0.06061003 -0.01128908
v 0.28020507 0.05285100 0.20447612
v 0.28867626 0.03389580 0.20428784
v 0.28400874 0.04054016 0.20463769
v 0.25592726 0.06006957 -0.03347462
v 0.26575246 0.06023164 0.01424632
v 0.26590231 0.06472748 0.06222372
v 0.27111283 0.06419416 0.12669821
v 0.26691940 0.06499478 0.08495077
v 0.24595819 0.05652091 -0.10637511
v 0.25081182 0.05062991 -0.10752229
v 0.24536839 0.05281901 -0.11626466
v 0.25147220 0.04579950 -0.12148432
v 0.24756680 0.04806392 -0.12448923
v 0.27486444 0.06093633 0.16980962
v 0.23707822 0.05427486 -0.12433834
v 0.24163717 0.04728040 -0.13141063
v 0.23594914 0.04693814 -0.14087339
v 0.22925007 0.05471866 -0.13632728
v 0.23293820 0.05982346 -0.11446061
v 0.24022320 0.06325145 -0.09398205
v 0.22218274 0.06020452 -0.12873371
v 0.21156600 0.05524142 -0.15356563
v 0.20776711 0.06050593 -0.14406817
v 0.19337404 0.06018596 -0.15547165
v 0.22408928 0.05263280 -0.14514197
v 0.19249351 0.05593580 -0.16482890
v 0.17556319 0.06030289 -0.16414122
v 0.20525052 0.05214412 -0.16312675
v 0.18224902 0.05530553 -0.17053823
v 0.17016532 0.05458186 -0.17665891
v 0.15555902 0.05821793 -0.17323869
v 0.16689675 0.05351508 -0.17967305
v 0.21508481 0.05092185 -0.15641491
v 0.21550536 0.04755696 -0.16839221
v 0.21776210 0.04539998 -0.16874595
v 0.22155941 0.04587133 -0.15791111
v 0.22503968 0.04742723 -0.14874899
v 0.23153277 0.04695441 -0.14501330
v 0.23468846 0.03356866 -0.14391229
v 0.22848096 0.02573896 -0.13995230
v 0.23334338 0.02770980 -0.13615395
v 0.24084172 0.03548741 -0.13741471
v 0.24009714 0.03012359 -0.13050318
v 0.22280248 0.02860584 -0.15018955
v 0.23240489 0.02528965 -0.13482577
v 0.22437768 0.02570476 -0.14524634
v 0.23467605 0.02550411 -0.12843557
v 0.23881176 0.02716382 -0.12544823
v 0.24740171 0.03420102 -0.13051219
v 0.23864326 0.02536427 -0.12419015
v 0.24211693 0.02602626 -0.12086906
v 0.22851039 0.03722043 -0.15167645
v 0.22347558 0.03516953 -0.15853123
v 0.21874583 0.02826731 -0.15527724
v 0.21909359 0.03362889 -0.16926369
v 0.24749805 0.02991076 -0.12637590
v 0.25167012 0.03054978 -0.12259725
v 0.24869713 0.02756655 -0.11944757
v 0.21631536 0.02972686 -0.16104807
v 0.21356539 0.02952308 -0.16683607
v 0.21286064 0.03237259 -0.17196435
v 0.20888619 0.02621127 -0.15948237
v 0.20678273 0.02704995 -0.16138969
v 0.20625800 0.02924295 -0.16596061
v 0.19978172 0.02640300 -0.16546659
v 0.20171991 0.03105301 -0.16965885
v 0.20538090 0.03429878 -0.17308469
v 0.19717389 0.02878239 -0.16890025
v 0.19117239 0.02630537 -0.17000696
v 0.21158846 0.03450710 -0.17388947
v 0.21563797 0.03799262 -0.17345056
v 0.21995598 0.03664697 -0.16982335
v 0.22023283 0.02564003 -0.15186416
v 0.19599192 0.03557807 -0.17270413
v 0.24662057 0.02329859 -0.11830828
v 0.21771528 0.02550686 -0.15530311
v -0.23990180 0.02179848 -0.18950076
v -0.23778488 0.02862716 -0.17683046
v -0.22706564 0.03314575 -0.17666297
v -0.22719450 0.02752949 -0.18903176
v -0.21579744 0.03363519 -0.18747582
v -0.25290608 0.02296281 -0.17721830
v -0.25127143 0.01701832 -0.18840766
v -0.22141959 0.02673532 -0.19452934
v -0.24942075 0.03200771 -0.15338156
v -0.26872033 0.02207266 -0.15606967
v -0.26125506 0.03188823 -0.13676542
v -0.26359972 0.01727471 -0.17578582
v -0.26967576 0.03137456 -0.12280679
v -0.27034199 0.01743924 -0.16498181
v -0.28293943 0.02254176 -0.12063190
v -0.27405602 0.03180122 -0.11529589
v -0.27906996 0.01612744 -0.14985155
v -0.28530008 0.02671318 -0.10291266
v -0.28690004 0.01628252 -0.12940960
v -0.20257038 0.03407928 -0.19395690
v -0.27176905 0.00939478 -0.17693909
v -0.28045779 0.00892506 -0.16071293
v -0.28529996 0.01299642 -0.14205492
v -0.29263499 0.01588615 -0.10714091
v -0.25723359 0.03528935 -0.13814245
v -0.26484644 0.03439009 -0.12748118
v -0.23797689 0.01673887 -0.19556250
v -0.25409275 0.00982553 -0.19243225
v -0.29740024 0.01701595 -0.08339893
v -0.28540230 0.00288448 -0.15874895
v -0.27080992 -0.00284911 -0.18780422
v -0.27981830 -0.00424396 -0.17825729
v -0.27860549 -0.02176942 -0.19021447
v -0.29815793 -0.49962255 -0.26542640
v -0.31261650 -0.49940678 -0.24716488
v -0.32481194 -0.50022233 -0.25217003
v -0.31509629 -0.50019813 -0.23943508
v 0.22906832 0.02740879 -0.19210942
v 0.22688270 0.03194457 -0.18089737
v 0.23821443 0.02697538 -0.18230452
v 0.21613859 0.03353332 -0.18913035
v 0.24017426 0.02340885 -0.19040069
v 0.25405103 0.02254496 -0.17679107
v 0.24020360 0.02781847 -0.17288850
v 0.25109854 0.02663782 -0.16063271
v 0.26914439 0.02019846 -0.15993784
v 0.26325524 0.02518638 -0.14484081
v 0.27115366 0.02215170 -0.14746067
v 0.27264789 0.02425502 -0.12808836
v 0.28537941 0.01916642 -0.12806159
v 0.28171626 0.02307394 -0.10914661
v 0.28979370 0.01868249 -0.11453881
v 0.29338253 0.02000772 -0.09091894
v 0.28739530 0.02243646 -0.09326954
v 0.29148623 0.02187874 -0.07757736
v 0.28085473 0.01868869 -0.14069468
v 0.29751843 0.01924722 -0.06662414
v 0.26370487 0.02683430 -0.13734342
v 0.25329393 0.02804414 -0.15247583
v 0.23747540 0.03084797 -0.16879827
v 0.26400456 0.01647544 -0.17788358
v 0.29451680 0.02159231 -0.06439375
v 0.29941699 0.02040726 -0.04631548
v 0.24670801 0.03060203 -0.15762427
v 0.27323219 0.02636206 -0.12134393
v 0.27065098 0.01471076 -0.17133935
v 0.28269023 0.01436984 -0.14783560
v 0.25192499 0.01731615 -0.18847701
v 0.29172635 0.01573120 -0.11690090
v 0.30114460 0.01596330 -0.06105525
v 0.26221353 0.02973664 -0.13529235
v 0.28226009 0.00733490 -0.16113305
v 0.29646856 0.01580673 -0.09206490
v 0.27374133 0.00875580 -0.17457531
v 0.25189811 0.03599201 -0.14517556
v 0.26565549 0.00599818 -0.18635087
v 0.27691606 0.00092187 -0.17739160
v 0.31372869 -0.47152683 -0.25337821
v 0.30973849 -0.47009140 -0.26086402
v 0.31771609 -0.48983291 -0.25773126
v 0.31032994 -0.46013284 -0.25254810
v 0.30551651 -0.45698828 -0.25942484
v 0.30662873 -0.45194399 -0.25311014
v 0.30937397 -0.47550684 -0.26383561
v 0.31482297 -0.49399063 -0.26400527
v 0.31824276 -0.49966770 -0.26269895
v 0.32184386 -0.49968976 -0.25376019
v 0.31637561 -0.47955108 -0.25207934
v 0.30506411 -0.45327169 -0.25676277
v 0.30186963 -0.44722801 -0.25521493
v 0.31418312 -0.47151613 -0.24864705
v 0.31027585 -0.46002170 -0.24508099
v 0.30642474 -0.45144251 -0.24508099
v 0.30269957 -0.44777530 -0.24828428
v 0.31836137 -0.48740092 -0.24798200
v 0.31456158 -0.47781959 -0.24422534
v 0.31862125 -0.49761310 -0.24397287
v 0.32015684 -0.49962369 -0.24609126
v 0.31215695 -0.47292817 -0.24347016
v 0.22488348 0.02378590 -0.15880875
v 0.23209819 0.02369323 -0.14970697
v 0.21625316 0.02469390 -0.16840219
v 0.21207845 0.02463124 -0.17293763
v 0.20436595 0.02471517 -0.17679667
v 0.18276972 0.02544461 -0.17839301
v 0.18275777 0.02640909 -0.17366214
v 0.17836738 0.02502684 -0.18121171
v 0.17523795 0.02655065 -0.17690657
v 0.16702554 0.02612020 -0.18261001
v 0.23890951 0.02317141 -0.13358907
v 0.24230921 0.02308276 -0.12631573
v 0.03657983 0.03111110 -0.20138763
v 0.03759337 0.02975493 -0.19642718
v 0.30327791 -0.48189098 -0.24107775
v 0.30815753 -0.46116599 -0.24296215
v 0.30777732 -0.48419017 -0.24017705
v 0.30263257 -0.49861661 -0.24002019
v 0.29627255 -0.47866559 -0.24379607
v 0.30322844 -0.46467224 -0.24197732
v 0.29604682 -0.45616990 -0.24446383
v 0.30015525 -0.45095459 -0.24430393
v 0.31111142 -0.48896310 -0.24019611
v -0.14483136 0.49334583 -0.31363186
v -0.16054767 0.49249879 -0.30916888
v -0.18241256 0.49154285 -0.30395481
v -0.11937232 0.49384856 -0.31792986
v -0.10095664 0.49400795 -0.32151666
v -0.06955774 0.49454182 -0.32556951
v -0.16607644 0.49084657 -0.30332717
v -0.17558646 0.49022609 -0.29997233
v -0.19353409 0.48887050 -0.29615530
v -0.19761845 0.48845553 -0.29961017
v -0.20498380 0.48523983 -0.29085654
v -0.14784257 0.49013165 -0.30761003
v -0.13179348 0.48955595 -0.31094596
v -0.19373849 0.48574683 -0.29190093
v -0.20266196 0.48003277 -0.28391284
v -0.21049406 0.48025361 -0.28295711
v -0.18007521 0.48553061 -0.29500258
v -0.21384229 0.48117688 -0.28694966
v -0.22304353 0.47432476 -0.27790740
v -0.21733612 0.47316876 -0.27403665
v -0.22447291 0.46929616 -0.26973718
v -0.22265764 0.46528244 -0.26564398
v -0.10536687 0.49024293 -0.31720215
v -0.07783805 0.49251431 -0.32302734
v -0.23421012 0.46065128 -0.26176193
v -0.23642597 0.45406297 -0.25395221
v -0.20933530 0.47389141 -0.27749673
v -0.22745590 0.45902398 -0.25966132
v -0.23818481 0.44743940 -0.24745867
v -0.19292232 0.48141438 -0.28854114
v -0.17365259 0.48281649 -0.29501882
v -0.24058893 0.43981567 -0.24100932
v -0.24622920 0.43288323 -0.23571272
v -0.24925795 0.42234704 -0.22807311
v -0.24877745 0.41488579 -0.22295293
v -0.25299177 0.40888599 -0.21858227
v -0.25374988 0.39544970 -0.21098654
v -0.25705299 0.39463982 -0.21028021
v -0.25711328 0.38378704 -0.20396143
v -0.25975749 0.38437071 -0.20452099
v -0.26049292 0.37234494 -0.19703224
v -0.26046872 0.36611137 -0.19381849
v -0.26315543 0.36036295 -0.19060908
v -0.26653597 0.33912838 -0.18049768
v -0.19810341 0.46083483 -0.27809435
v -0.20138019 0.43068793 -0.26615921
v -0.19013405 0.43549877 -0.27304673
v -0.19004995 0.40904191 -0.26588529
v -0.18382603 0.37498122 -0.25872129
v -0.18657121 0.34372604 -0.24883567
v -0.19378985 0.31142125 -0.23720196
v -0.19577484 0.28186077 -0.22882953
v -0.18723965 0.27648586 -0.23195511
v -0.19580388 0.25025627 -0.22214325
v -0.18892041 0.22111681 -0.21826759
v -0.19420178 0.19152492 -0.20881848
v -0.19184662 0.15491119 -0.19937259
v -0.21296629 -0.00731282 0.27381131
v -0.21260805 -0.01209003 0.27609348
v -0.22845858 -0.01124861 0.27275965
v -0.17907608 -0.01013069 0.27767029
v -0.18266891 -0.00275603 0.27528045
v -0.23308952 -0.00703013 0.27077377
v -0.14194979 -0.00742233 0.27851444
v -0.14640960 -0.00287347 0.27711728
v -0.08330956 -0.00364842 0.27795514
v -0.07989807 -0.00782741 0.27908182
v -0.03039029 -0.00466821 0.27960390
v -0.14780767 0.00129108 0.27641138
v -0.09370483 0.00032423 0.27734381
v -0.21264538 -0.00279695 0.27328959
v -0.20116590 0.00046420 0.27405468
v -0.04185122 0.00077283 0.27910292
v -0.00448775 -0.00179730 0.27970207
v 0.02679208 -0.00861851 0.28035626
v 0.07477865 -0.00360359 0.27851281
v 0.10168952 -0.00748811 0.27879351
v -0.20823181 0.01308270 0.27401483
v 0.14278384 -0.00304167 0.27748692
v 0.11375036 0.00112913 0.27767301
v 0.16519202 0.00126641 0.27662319
v 0.19810432 0.00274294 0.27578551
v 0.19460723 -0.00666246 0.27677405
v -0.22167106 0.01676850 0.27187127
v 0.22222714 -0.00056481 0.27251974
v 0.22015215 -0.01238822 0.27441102
v 0.06123609 0.00099031 0.27912182
v -0.18325648 0.01220708 0.27620530
v 0.15476774 0.00618917 0.27739221
v 0.18378407 0.01127376 0.27735513
v 0.20109785 0.01000414 0.27621973
v -0.23360309 0.00959002 0.26977497
v 0.22149369 0.01513072 0.27320215
v 0.23225896 -0.01325131 0.27182904
v 0.23105605 -0.00237501 0.27069697
v -0.22358701 0.02676867 0.27043998
v -0.23819949 -0.01216998 0.26980940
v 0.00532043 0.00046743 0.28027907
v -0.20265692 0.02375242 0.27588215
v -0.21539287 0.02507266 0.27306443
v -0.18760945 0.01891800 0.27733645
v -0.14313293 0.00651356 0.27741051
v -0.09273989 0.00427536 0.27829915
v 0.10769115 0.00762677 0.27985612
v 0.29108337 -0.45756358 -0.25930509
v 0.29025105 -0.47642064 -0.26203996
v 0.29549348 -0.46772969 -0.26369134
v 0.29363820 -0.45549399 -0.25958282
v 0.29900521 -0.45479646 -0.26006964
v 0.30331251 -0.46689600 -0.26315039
v 0.30369380 -0.48319110 -0.26747093
v 0.29797712 -0.48014653 -0.26684034
v 0.29216877 -0.47527847 -0.26390880
v 0.29472688 -0.48351699 -0.26734808
v 0.29837680 -0.49955076 -0.27239388
v 0.29226187 -0.49979064 -0.26971111
v 0.29597592 -0.44863796 -0.25493070
v 0.30825856 -0.48674273 -0.26701400
v 0.30995646 -0.49936190 -0.27003044
v 0.29761866 -0.44627523 -0.25247431
v 0.27110663 0.05050580 0.21893667
v 0.27023840 0.04056708 0.21947211
v 0.26445431 0.03993795 0.23589158
v 0.26594236 0.04802479 0.23461704
v 0.26571682 0.03622704 0.23262762
v 0.26515189 0.02682242 0.23441005
v 0.26246196 0.04906980 0.24145108
v 0.25263232 0.02805463 0.25472718
v 0.25597262 0.03908166 0.24966969
v 0.25416237 0.01938976 0.25097495
v 0.26410401 0.01890071 0.23403485
v 0.27257892 0.02450444 0.22217660
v 0.26943567 0.03066978 0.22780669
v 0.25808170 0.04837947 0.24746476
v 0.25856912 0.00389996 0.24780855
v 0.26594594 0.00786550 0.23422660
v 0.25521812 0.00265794 0.25220564
v 0.27824104 0.04263196 0.21015872
v 0.27559498 0.05229561 0.21339472
v 0.27986163 0.05029818 0.20727091
v 0.25153536 0.04634481 0.25416428
v 0.26797503 -0.00296066 0.23565342
v 0.26651064 -0.01266909 0.24256417
v 0.27125004 -0.01334623 0.23447233
v 0.25877145 -0.01286685 0.25227940
v 0.24996454 0.01889709 0.25585258
v 0.27476043 0.03690601 0.21585824
v 0.26732618 0.05227720 0.22765742
v 0.26887852 0.00469848 0.22255836
v 0.27117932 -0.03063629 0.24700798
v 0.27360827 -0.01273993 0.22494525
v 0.27263045 0.03363755 0.22180666
v 0.27540874 0.02890223 0.22145507
v 0.27691838 0.03447474 0.21694264
v 0.26049545 0.05220174 0.24037895
v 0.28192019 0.03882072 0.20911802
v 0.27012143 0.05291441 0.21774299
v 0.25213465 0.05303340 0.24911630
v 0.28459308 0.03402184 0.21258855
v 0.28727975 0.03103899 0.20961480
v 0.28328794 0.03235964 0.21718249
v 0.25035524 0.05207459 0.25323787
v 0.26583746 0.01045267 0.18739691
v 0.26739255 0.01028916 0.16094378
v 0.26824927 0.01356597 0.15418808
v 0.26862118 0.01037788 0.15145195
v 0.27034897 0.01051234 0.12632102
v 0.27101219 0.01371901 0.12553456
v 0.27140707 0.01056171 0.08200472
v 0.27454990 -0.00148681 0.08061927
v 0.27460140 -0.00537502 0.05259876
v 0.27069151 0.00955187 0.05309512
v 0.27394763 -0.00087569 0.12782684
v 0.27236679 -0.00332586 0.03347735
v 0.26863384 0.00904907 0.02413311
v 0.26990786 -0.00487671 0.00138302
v 0.26772484 0.00957253 0.00991949
v 0.27781132 -0.00994136 0.09956090
v 0.27788910 -0.01017288 0.07758600
v 0.27394027 -0.00267526 0.15132146
v 0.27761543 -0.00888470 0.12778446
v 0.26650536 -0.00290309 -0.02314094
v 0.26621187 -0.01178878 -0.04465850
v 0.26265436 -0.00228541 -0.05007872
v 0.26875305 0.00501213 0.17101946
v 0.26963839 0.00152824 0.19335373
v 0.26821649 0.00916249 0.20757917
v 0.27135602 -0.00319849 0.21851365
v 0.27438557 -0.01032005 0.20532203
v 0.26539710 0.00944894 -0.00975984
v 0.26253116 0.01065268 -0.03065592
v 0.27371860 -0.00556620 0.17613462
v 0.26057631 0.01027465 -0.04803984
v 0.26285946 -0.01141266 -0.06259817
v 0.25937659 -0.00961062 -0.07710939
v 0.25735983 0.01090599 -0.06829563
v 0.25395140 0.01119529 -0.08312736
v 0.26079458 -0.01260503 -0.07772465
v 0.24870515 0.01178369 -0.10173713
v 0.25500241 -0.01036782 -0.09417059
v 0.24429907 0.01038437 -0.11535721
v 0.24017319 0.01298996 -0.12540905
v 0.24636023 -0.00393544 -0.11693633
v 0.24894120 -0.01131629 -0.11560012
v 0.24098890 -0.00639288 -0.13341810
v -0.29795566 -0.03925733 0.23364167
v -0.29933643 -0.05176563 0.24315017
v -0.30590004 -0.04088385 0.23910087
v -0.30601704 -0.04911266 0.24573816
v -0.30534047 -0.06072231 0.25198251
v -0.30946660 -0.03124307 0.23112144
v -0.30778238 -0.02866612 0.22563836
v -0.31320778 -0.02148865 0.22324716
v -0.31036198 -0.03571497 0.24035777
v -0.30849978 -0.05917865 0.25655568
v -0.31204748 -0.02302985 0.22153233
v -0.03798344 0.02591927 -0.19306068
v -0.02797151 0.02221877 -0.19134451
v -0.03045774 0.03238984 -0.19934998
v -0.01707798 0.03276113 -0.20291094
v 0.00131405 0.02239344 -0.19186938
v 0.00137222 0.02193602 -0.19002976
v -0.02871429 0.02188471 -0.18985482
v -0.01148907 0.49794900 -0.33367720
v -0.04492863 0.49667615 -0.33179012
v -0.06571762 0.49564999 -0.33094996
v 0.02503781 0.49761546 -0.33308962
v 0.05293348 0.49718860 -0.33181038
v -0.06192267 0.49535871 -0.32806715
v -0.04445176 0.49492469 -0.32835695
v -0.02784481 0.49571770 -0.32981023
v -0.23630504 0.05960702 -0.14516415
v -0.24350281 0.05610777 -0.14338435
v -0.23336421 0.05118715 -0.14883807
v -0.24279168 0.06051003 -0.14230072
v -0.22975560 0.05576089 -0.14818893
v -0.24949460 0.05586673 -0.13993523
v -0.22639598 0.04954346 -0.15497325
v -0.22276521 0.05622415 -0.15191410
v -0.23912267 0.06314261 -0.14124213
v -0.24390262 0.05055235 -0.14257053
v -0.22330642 0.04190481 -0.16152339
v -0.22069608 0.05030074 -0.16074026
v -0.21584824 0.05376323 -0.16218491
v -0.21650194 0.04683870 -0.16982672
v -0.22035819 0.04306665 -0.16672659
v -0.21858348 0.03720267 -0.17167512
v -0.21388979 0.04192941 -0.17309508
v -0.21034217 0.05027909 -0.17038372
v -0.21307896 0.03617666 -0.17345284
v -0.19893782 0.04767583 -0.17325430
v -0.20689291 0.05582715 -0.16523334
v -0.19576158 0.05408601 -0.16909935
v -0.19276977 0.05287636 -0.17439424
v -0.19440268 0.04861837 -0.17534763
v -0.19409040 0.04353857 -0.17612430
v -0.20005673 0.03890575 -0.17329240
v -0.18955089 0.05674559 -0.17281289
v -0.22380099 0.05898957 -0.14571993
v -0.19605282 0.05778721 -0.16426265
v -0.18729171 0.05740202 -0.16896115
v -0.23375987 0.06406821 -0.13919114
v -0.18749514 0.05653158 -0.18496144
v -0.18818526 0.04975171 -0.18587609
v -0.18213375 0.05538226 -0.18878427
v -0.18329637 0.06046125 -0.18517523
v -0.18708616 0.05949248 -0.17987470
v -0.18856893 0.04188531 -0.18491223
v -0.17488930 0.05985236 -0.18518001
v -0.17776689 0.05582115 -0.18847653
v -0.22046952 0.03536159 -0.16725609
v -0.17842761 0.06349730 -0.18003789
v 0.19747894 0.04141369 -0.17248307
v 0.21157502 0.04203990 -0.17358898
v 0.20143007 0.04417979 -0.17154777
v 0.19965446 0.04828614 -0.16895369
v 0.20956333 0.04710583 -0.16986611
v 0.19131824 0.04736264 -0.17399909
v 0.19084522 0.03976951 -0.17568246
v 0.19136889 0.05234859 -0.17047887
v 0.21993987 0.04016364 -0.16972983
v 0.18857278 0.05326272 -0.17268495
v 0.18772119 0.05632342 -0.18148229
v 0.18810274 0.04710069 -0.18474281
v 0.18580012 0.05586871 -0.18597201
v 0.18865396 0.03861954 -0.17863360
v 0.18326253 0.03509394 -0.18517709
v 0.18696448 0.03195038 -0.17499271
v 0.18395263 0.03211672 -0.17784967
v 0.18219239 0.04832849 -0.18839972
v 0.18225259 0.05528370 -0.18837331
v 0.17482722 0.03033700 -0.18596451
v 0.18387902 0.05997069 -0.18540569
v 0.25028414 -0.06020805 0.28670406
v 0.25406453 -0.07401857 0.28757542
v 0.25480551 -0.07368337 0.28941831
v 0.25256950 -0.05734348 0.29200134
v 0.25860336 -0.09798244 0.29007146
v 0.25730267 -0.06885927 0.29388943
v 0.26245579 -0.08554973 0.29658687
v 0.26242206 -0.06243512 0.30150801
v 0.26457042 -0.10912493 0.29565316
v 0.26205483 -0.12514862 0.29073659
v 0.26648766 -0.13697675 0.29548705
v 0.27123278 -0.13006477 0.30099037
v 0.27310997 -0.15590782 0.30334139
v 0.27005091 -0.16215287 0.29835814
v 0.26619494 -0.15611656 0.29103607
v 0.27357975 -0.18313046 0.30320624
v 0.25492850 -0.04265324 0.30173162
v 0.27044612 -0.10641257 0.30085501
v 0.26764694 -0.08760160 0.30050632
v 0.24769028 -0.03743540 0.29825586
v 0.24299866 -0.04515522 0.28696644
v 0.24975237 -0.02877588 0.30338979
v 0.23850088 -0.02763852 0.29759952
v 0.23448372 -0.03354491 0.28776616
v 0.24318019 -0.02652865 0.30142587
v 0.24383326 -0.02206413 0.30383098
v 0.26662749 -0.15553090 0.28749853
v 0.26773828 -0.17239206 0.29078493
v 0.27338246 -0.19666016 0.30193904
v 0.27031082 -0.20972244 0.29413420
v 0.27309036 -0.21320863 0.30079415
v 0.26959118 -0.19765486 0.29253653
v 0.27362344 -0.24596922 0.29612857
v 0.27742413 -0.24949050 0.30282348
v 0.27780041 -0.27803683 0.29882213
v 0.28162497 -0.29590675 0.30237064
v 0.27725533 -0.22616394 0.30540502
v 0.27686334 -0.21418411 0.30557704
v 0.28242910 -0.25319144 0.30848894
v 0.28609821 -0.29004580 0.30813688
v 0.28500566 -0.33329952 0.30295339
v 0.28906491 -0.34235853 0.30663022
v 0.28965551 -0.36669749 0.30384433
v 0.29381219 -0.38320491 0.30755705
v 0.29327169 -0.39358675 0.30579785
v 0.29696000 -0.42088985 0.30672586
v 0.30146322 -0.42024970 0.31179771
v 0.30083644 -0.45180002 0.30916852
v 0.30328742 -0.45341808 0.31187695
v 0.28206608 -0.30128852 0.29942009
v 0.29990739 -0.39375561 0.31251976
v 0.29779154 -0.36747497 0.31223375
v 0.30884087 -0.48342431 0.31504813
v 0.29457250 -0.32866594 0.31212130
v 0.30749613 -0.39754105 0.31775695
v 0.29572403 -0.26609620 0.31731129
v 0.29997081 -0.30410743 0.31751722
v 0.29804197 -0.27462950 0.31801096
v 0.29199818 -0.24172015 0.31566608
v 0.30411056 -0.33985093 0.31764054
v 0.31249028 -0.44696563 0.31799728
v 0.30624384 -0.36884180 0.31724420
v 0.28753909 -0.19847520 0.31173208
v 0.29103541 -0.22356181 0.31412068
v 0.28344661 -0.17136799 0.30954418
v 0.28009528 -0.14346963 0.30737656
v 0.27916965 -0.12193644 0.30619889
v 0.27664232 -0.09905145 0.30438599
v 0.31650707 -0.48812672 0.31956133
v 0.31431413 -0.45470849 0.31878364
v 0.31141740 -0.42036116 0.31846783
v 0.27118021 -0.08116566 0.30287498
v 0.29381961 -0.24691802 0.31643969
v 0.26455790 -0.06279147 0.30221596
v 0.26187593 -0.05342439 0.30220059
v 0.30225304 -0.30627739 0.31784359
v 0.30947223 -0.39388096 0.31749368
v 0.30099753 -0.45479375 0.30756369
v 0.29364088 -0.39495793 0.30427772
v 0.17393464 0.49563432 -0.31030461
v 0.16090274 0.49668995 -0.31488717
v 0.19271907 0.49203485 -0.30351585
v 0.14934474 0.49633786 -0.31866720
v 0.13437480 0.49679586 -0.32132104
v 0.12118335 0.49693385 -0.32238927
v 0.18890634 0.49295557 -0.30192897
v 0.10400400 0.49655473 -0.32399631
v 0.20438813 0.48819527 -0.29390946
v 0.18968968 0.49079055 -0.29829317
v 0.21375637 0.48299876 -0.28899091
v 0.20870861 0.48482785 -0.28863660
v 0.21501057 0.48103890 -0.28310126
v 0.22229983 0.47667530 -0.27862030
v 0.14657567 0.49646598 -0.31649780
v 0.12721673 0.49462816 -0.31634775
v 0.15147936 0.49490428 -0.31217414
v 0.16793327 0.49428192 -0.30719188
v 0.10613862 0.49438730 -0.32002866
v 0.07829121 0.49437186 -0.32461479
v 0.08239488 0.49639121 -0.32805601
v 0.05457097 0.49531603 -0.32791999
v 0.16176952 0.49014655 -0.30412665
v 0.14315856 0.48771390 -0.30725080
v 0.17287616 0.48553881 -0.29705760
v 0.20393464 0.48378646 -0.28837055
v 0.22077963 0.47187680 -0.27225536
v 0.22824000 0.46928269 -0.26986149
v 0.22492437 0.46704072 -0.26696411
v 0.23218222 0.46233329 -0.26213124
v 0.23527856 0.45499742 -0.25446448
v 0.07812008 0.48988068 -0.32106170
v 0.11210273 0.48697123 -0.31352457
v 0.04341255 0.48833665 -0.32405624
v 0.15699494 0.48615584 -0.30253655
v 0.02020300 0.49538547 -0.33121726
v -0.00400088 0.49478751 -0.33086988
v 0.23934749 0.45418042 -0.25468287
v 0.24593310 0.44175172 -0.24379301
v 0.23775020 0.44777438 -0.24820919
v 0.24507387 0.43512201 -0.23800029
v 0.19235191 0.47915787 -0.28792238
v 0.20558459 0.47472373 -0.28062981
v 0.24973640 0.43000317 -0.23440841
v 0.24607854 0.42564401 -0.23129450
v 0.25208578 0.42167440 -0.22781007
v 0.25379613 0.41198424 -0.22099525
v 0.23955457 0.43385538 -0.23927641
v 0.23614687 0.44243875 -0.24560913
v 0.17701145 0.48101175 -0.29330790
v 0.14806126 0.47601825 -0.29966974
v 0.24847311 0.40601379 -0.21941285
v 0.25260785 0.39546528 -0.21216132
v 0.25476798 0.40217888 -0.21522175
v 0.26012015 0.38964754 -0.20862725
v 0.25919276 0.38266176 -0.20411439
v 0.25749356 0.37736645 -0.20164034
v 0.26155630 0.36974585 -0.19664823
v 0.26010001 0.36236897 -0.19313112
v 0.26500738 0.36356622 -0.19363405
v 0.26525405 0.35059732 -0.18593855
v 0.26343945 0.33726746 -0.18033661
v 0.26713675 0.33647990 -0.17916988
v 0.26820666 0.32538623 -0.17384286
v 0.21199262 0.46243781 -0.27164429
v 0.20112687 0.45676449 -0.27500638
v 0.21090116 0.44656047 -0.26528150
v 0.18700927 0.46309072 -0.28302339
v 0.22703914 0.44845617 -0.25534520
v 0.26419288 0.32028344 -0.17356247
v 0.26728651 0.31551492 -0.16975178
v 0.27309501 0.31042281 -0.16634433
v 0.27214748 0.30010456 -0.16125636
v 0.24254571 0.41788986 -0.22945882
v 0.25051972 0.38325733 -0.20833792
v 0.18996197 0.43479660 -0.27239946
v 0.17248389 0.43605277 -0.27941483
v 0.20154631 0.42691696 -0.26440823
v 0.26718161 0.30113000 -0.16417658
v 0.18623821 0.40694386 -0.26651376
v 0.17913854 0.38778865 -0.26378444
v 0.18997680 0.38706931 -0.25887924
v 0.17018510 0.37105510 -0.26262155
v 0.18753214 0.34838766 -0.24966936
v 0.16950674 0.33500442 -0.25361526
v 0.18866400 0.30869412 -0.24036634
v 0.20387264 0.39095932 -0.25258166
v 0.20371212 0.36790463 -0.24631593
v 0.20024160 0.31330365 -0.23624846
v 0.19106945 0.27784821 -0.23146161
v 0.17039746 0.27405116 -0.23842771
v 0.18708205 0.25113595 -0.22696280
v 0.16777274 0.22977176 -0.22919081
v 0.18869072 0.21707503 -0.21734047
v 0.17055346 0.19211507 -0.21820956
v 0.19706850 0.19198990 -0.20771341
v 0.18716042 0.14423649 -0.19824360
v 0.20140052 0.15115501 -0.19456859
v 0.18550853 0.12459590 -0.19222496
v 0.20279431 0.10721821 -0.17841581
v 0.19949517 0.25026751 -0.22092797
v 0.20257032 0.34300712 -0.24106504
v 0.20024996 0.22843784 -0.21440257
v 0.20044124 0.21097910 -0.20997030
v 0.20215252 0.27746978 -0.22548589
v 0.20476197 0.18969624 -0.20294692
v 0.20984535 0.16366203 -0.19317795
v 0.20870669 0.13764767 -0.18576011
v 0.18919712 0.10306492 -0.18215373
v 0.20482130 0.31888947 -0.23469380
v 0.21296321 0.10727808 -0.17218578
v 0.20390806 0.09322054 -0.17205732
v 0.19819069 0.06929329 -0.16394819
v 0.17618994 0.09951136 -0.18542385
v 0.17318030 0.12375718 -0.19641206
v 0.18329293 0.07633933 -0.17250445
v 0.17927271 0.06373002 -0.16997592
v 0.17132382 0.07411065 -0.17666806
v 0.17014794 0.06428859 -0.17470707
v 0.19267443 0.05868873 -0.16367149
v 0.19742821 0.05915473 -0.16193786
v 0.15213436 0.07209145 -0.18345381
v 0.14955781 0.08002321 -0.18700267
v 0.16290289 0.05894889 -0.17678879
v 0.15806322 0.05657002 -0.17839417
v 0.20625870 0.06853041 -0.15896408
v 0.21487439 0.09210207 -0.16408476
v 0.21140073 0.35087591 -0.23654163
v 0.21834092 0.14230946 -0.18069188
v 0.21600838 0.43649539 -0.25799751
v 0.21003011 0.41260946 -0.25448978
v 0.21312450 0.22953542 -0.20508146
v 0.20764445 0.24926315 -0.21460779
v 0.25844356 0.35383755 -0.19063906
v 0.17384543 0.10890361 -0.19050108
v 0.21974698 0.19151966 -0.19277869
v 0.21810734 0.17563398 -0.19030580
v 0.17687421 0.06002641 -0.16910212
v 0.21379581 0.05869319 -0.14991041
v 0.21534157 0.07074606 -0.15312867
v 0.22421445 0.43067750 -0.24961375
v 0.21910271 0.40957031 -0.24662896
v 0.22217767 0.39014849 -0.23819533
v 0.25938338 0.33789921 -0.18379168
v 0.17695980 0.06067162 -0.17188199
v 0.16918035 0.05898551 -0.17618103
v 0.27744234 0.29729348 -0.16084251
v 0.27559283 0.28834882 -0.15528759
v 0.27857623 0.28593662 -0.15435398
v 0.27934784 0.27320859 -0.14712110
v 0.27515376 0.27559921 -0.14908263
v 0.27584466 0.26684269 -0.14430216
v 0.27975208 0.25171438 -0.13571286
v 0.28190273 0.26469463 -0.14315736
v 0.27283457 0.31874382 -0.17117058
v 0.26405698 0.37342769 -0.19999172
v 0.25801605 0.39970204 -0.21472780
v 0.28344503 0.25209707 -0.13732053
v 0.28074279 0.24273221 -0.13131401
v 0.28461483 0.23610926 -0.12920074
v 0.26924798 0.33670959 -0.18011731
v 0.28238398 0.22911766 -0.12438010
v 0.28493711 0.21601824 -0.11811557
v 0.28040496 0.22367121 -0.12169405
v 0.28013659 0.21265367 -0.11623614
v 0.28344595 0.19688202 -0.10767639
v 0.28618619 0.20291550 -0.11203975
v 0.27277753 0.32534927 -0.17610787
v 0.28069729 0.28035575 -0.15247469
v 0.28825599 0.19369616 -0.10913038
v 0.26847225 0.34876695 -0.18696164
v 0.23526981 0.46244913 -0.26456031
v 0.25186333 0.10788087 -0.11242609
v 0.25178197 0.13094406 -0.12871289
v 0.24409217 0.08618519 -0.11833508
v 0.25246158 0.09820133 -0.10399138
v 0.24947195 0.14323382 -0.14300984
v 0.24531427 0.12338638 -0.14098799
v 0.24164769 0.11169163 -0.14181283
v 0.25684655 0.13432138 -0.11592519
v 0.26449922 0.14060792 -0.10051841
v 0.26195213 0.11295144 -0.08977128
v 0.25907695 0.16506042 -0.12776989
v 0.26450008 0.16242312 -0.11245455
v 0.26189062 0.18000105 -0.12922707
v 0.26111248 0.09043142 -0.07901452
v 0.24917918 0.07748190 -0.10140532
v 0.24357185 0.06165019 -0.10742129
v 0.26140684 0.08056504 -0.07267941
v 0.23747911 0.06015477 -0.12028260
v 0.25734779 0.19073848 -0.14430973
v 0.27096480 0.18736902 -0.11346347
v 0.26496822 0.21318440 -0.13744463
v 0.27073002 0.21169184 -0.12623544
v 0.27133745 0.24194504 -0.13837899
v 0.24719299 0.06189882 -0.09972239
v 0.23665330 0.07824726 -0.12950735
v 0.25139114 0.17455435 -0.15082905
v 0.25185296 0.19168325 -0.15643252
v 0.25214669 0.06292252 -0.08995259
v 0.25662053 0.06389026 -0.07929676
v 0.25576657 0.21914917 -0.15656747
v 0.26020902 0.24048571 -0.15581699
v 0.25893912 0.06448917 -0.07175520
v 0.26340941 0.06454113 -0.06028715
v 0.26567379 0.07758200 -0.06263147
v 0.26579213 0.11726518 -0.08540414
v 0.27085477 0.15269323 -0.09583545
v 0.24220487 0.14106672 -0.15511525
v 0.24612468 0.16812344 -0.15773425
v 0.25409040 0.24132186 -0.16526423
v 0.23152897 0.08853050 -0.14510500
v 0.27107987 0.27022126 -0.14991195
v 0.23350471 0.10734714 -0.15218647
v 0.27522418 0.21733272 -0.12187897
v 0.23160759 0.05962888 -0.12905611
v 0.22657435 0.07613518 -0.14456537
v 0.27504760 0.23364177 -0.12940441
v 0.24134478 0.19997300 -0.17402619
v 0.27517346 0.20182829 -0.11440505
v 0.27469891 0.17955717 -0.10413428
v 0.22475648 0.05933229 -0.13878000
v 0.27112886 0.11808974 -0.07818480
v 0.26774880 0.28448200 -0.15842691
v 0.23667231 0.16459166 -0.16933313
v 0.23511198 0.14052160 -0.16434199
v 0.23687014 0.19015807 -0.17663309
v 0.27536410 0.25339225 -0.13854557
v 0.24679717 0.23170017 -0.17314555
v 0.25495377 0.28118920 -0.17387195
v 0.27462491 0.15241635 -0.09096868
v 0.26890555 0.06415582 -0.05323831
v 0.27180356 0.06173054 -0.04881587
v 0.23721178 0.23469606 -0.18547119
v 0.23456968 0.22125056 -0.18514778
v 0.25385481 0.30317280 -0.18042870
v 0.23569930 0.25786123 -0.19142725
v 0.22561082 0.10394347 -0.15992847
v 0.23324774 0.29771778 -0.20256093
v 0.25101984 0.31898391 -0.18718198
v 0.23378679 0.31348830 -0.20607799
v 0.24040818 0.33666062 -0.20402783
v 0.23172382 0.35747850 -0.21891837
v 0.24807949 0.36315617 -0.20332019
v 0.22272322 0.31842372 -0.21919955
v 0.23855221 0.38385394 -0.21981069
v 0.22107799 0.35164273 -0.22831455
v 0.21733588 0.30998042 -0.22220093
v 0.22608158 0.16573030 -0.18076456
v 0.22503199 0.14173034 -0.17512482
v 0.22489043 0.29556558 -0.21049547
v 0.27077076 0.07804613 -0.05752082
v 0.27066660 0.09131026 -0.06450135
v 0.22433646 0.24521305 -0.19949833
v 0.23833585 0.40522745 -0.22791909
v 0.22404794 0.21949647 -0.19430414
v 0.21382473 0.29637957 -0.22111759
v 0.21558943 0.27777758 -0.21460694
v 0.27477711 0.12680213 -0.07869485
v 0.27495936 0.10698230 -0.06891979
v 0.27111235 0.28641105 -0.15610799
v 0.27908286 0.19521660 -0.10816994
v 0.28018183 0.18003953 -0.10011701
v 0.28015608 0.16617940 -0.09337106
v 0.28044343 0.15213689 -0.08677453
v 0.28021422 0.14085461 -0.08179691
v 0.27310187 0.07213721 -0.05360238
v 0.28015733 0.12061270 -0.07262173
v 0.27803016 0.06583963 -0.04921547
v 0.28086773 0.10679881 -0.06596788
v 0.28120321 0.08871611 -0.05779321
v 0.28385791 0.13464572 -0.07793880
v 0.28438407 0.14809626 -0.08438913
v 0.28424579 0.11375885 -0.06862669
v 0.28522280 0.12600309 -0.07404611
v 0.28490329 0.09849331 -0.06157600
v 0.28526688 0.16454646 -0.09173004
v 0.28490487 0.17734054 -0.09813882
v 0.28550231 0.18567957 -0.10243038
v 0.28549588 0.06996128 -0.05046184
v 0.28384146 0.05624825 -0.04525935
v 0.28537008 0.08129086 -0.05483574
v 0.27944320 0.05438371 -0.04439636
v 0.27469152 0.05927354 -0.04713734
v 0.28177854 0.05036901 -0.04165681
v -0.00095637 0.35158151 -0.27881902
v -0.00141319 0.32060710 -0.26959136
v 0.03683551 0.33017966 -0.27118015
v 0.04657008 0.37093067 -0.28302500
v -0.00091145 0.38048333 -0.28788334
v 0.07711012 0.33270562 -0.26990739
v 0.07676140 0.35640818 -0.27748072
v 0.07550965 0.37776282 -0.28375155
v 0.05705963 0.31290174 -0.26530942
v 0.07875638 0.31143296 -0.26374030
v 0.03603550 0.40398520 -0.29320717
v -0.00133502 0.40489945 -0.29502705
v -0.00164107 0.42967692 -0.30205509
v 0.03627359 0.43699205 -0.30282336
v 0.07539072 0.40702671 -0.29176825
v 0.07139560 0.43940642 -0.30069050
v 0.09501214 0.37053710 -0.28007150
v 0.03955765 0.30550736 -0.26462138
v -0.00273091 0.28163970 -0.25953624
v 0.09477891 0.33223704 -0.26809743
v 0.09493648 0.31260821 -0.26276848
v 0.02229413 0.45520645 -0.30966172
v -0.00147812 0.45684001 -0.31134456
v 0.04535898 0.47044170 -0.31281018
v 0.06545065 0.47120994 -0.31146789
v 0.09642942 0.39228022 -0.28556076
v 0.09527276 0.42670515 -0.29487556
v 0.08380643 0.45053574 -0.30282205
v -0.01244788 0.34547442 -0.27685437
v 0.09259433 0.47251067 -0.30883688
v 0.11073235 0.44115573 -0.29652539
v 0.04621340 0.26912710 -0.25595987
v -0.00219253 0.25855055 -0.25429031
v 0.07879124 0.28201276 -0.25649491
v 0.09766013 0.28512129 -0.25561872
v 0.11820439 0.29702950 -0.25591925
v 0.10460687 0.32899404 -0.26558840
v 0.12421028 0.33147752 -0.26344284
v 0.12060046 0.35230291 -0.27001029
v 0.10103003 0.26321641 -0.25083327
v 0.07697679 0.25383991 -0.25103113
v 0.04733589 0.24019897 -0.25031784
v 0.10031939 0.25009090 -0.24773869
v 0.07175395 0.21631862 -0.24268956
v 0.05756021 0.22100578 -0.24523696
v 0.04683052 0.21270868 -0.24437723
v 0.06312003 0.16616595 -0.23274720
v 0.09504347 0.21789375 -0.23997483
v 0.04527066 0.17109419 -0.23568405
v 0.04257132 0.14280185 -0.22888410
v 0.06554994 0.13430744 -0.22420037
v 0.04303848 0.10886846 -0.21946637
v -0.00069688 0.13986945 -0.22948159
v -0.00200582 0.10844023 -0.22069444
v -0.00184764 0.15932369 -0.23427427
v 0.10116159 0.20953307 -0.23676017
v -0.00272087 0.18843308 -0.24057856
v -0.00231938 0.23408537 -0.25058079
v 0.08840677 0.12739763 -0.21924233
v 0.09120376 0.17358385 -0.23053733
v 0.09729599 0.13599969 -0.22006902
v 0.02551580 0.23871054 -0.25037962
v 0.11870670 0.25908661 -0.24712256
v 0.08363557 0.10902978 -0.21391025
v 0.05975784 0.10781962 -0.21688184
v 0.12269874 0.21291961 -0.23435509
v 0.12058852 0.18644115 -0.22803073
v 0.12988380 0.24448298 -0.24128605
v 0.15399361 0.23267017 -0.23436937
v 0.14742774 0.21466698 -0.23072518
v 0.12861650 0.19504100 -0.22864087
v 0.12011690 0.37356824 -0.27622959
v 0.12020891 0.43875945 -0.29410833
v 0.14630064 0.35829687 -0.26656336
v 0.12128253 0.47492933 -0.30498680
v 0.14104635 0.30028918 -0.25261146
v 0.13885850 0.34239474 -0.26381975
v 0.12673806 0.15923989 -0.21903534
v 0.15161774 0.25019246 -0.23846731
v 0.15085393 0.32571062 -0.25684169
v 0.15170425 0.29017252 -0.24757224
v 0.11898679 0.15915556 -0.22101094
v 0.11961218 0.13288729 -0.21378456
v 0.04236561 0.09672526 -0.21510951
v -0.00213849 0.08955058 -0.21428016
v 0.02224657 0.06528898 -0.20484146
v 0.09610268 0.10764869 -0.21114181
v 0.13359186 0.40925562 -0.28271762
v 0.14986686 0.44160864 -0.28791389
v 0.14814037 0.40878958 -0.27908850
v 0.15828322 0.18984103 -0.22100574
v 0.14883073 0.15067157 -0.21156578
v 0.04290480 0.06967158 -0.20478827
v 0.04391323 0.06107488 -0.20256484
v 0.06593287 0.07062441 -0.20200175
v 0.08668157 0.08307402 -0.20294970
v 0.07003912 0.06361017 -0.20015578
v 0.03461608 0.05154872 -0.20164965
v 0.05561225 0.05161124 -0.20012099
v -0.00407133 0.05121599 -0.20219368
v -0.00094784 0.06500339 -0.20529877
v 0.10162348 0.07017111 -0.19591300
v 0.12320472 0.08339008 -0.19546029
v 0.07659941 0.05140142 -0.19763523
v 0.08978935 0.05124003 -0.19609731
v 0.12910856 0.12943614 -0.21015145
v 0.14585361 0.46019179 -0.29483956
v -0.03577941 0.33470047 -0.27326348
v -0.05123771 0.38088945 -0.28633040
v -0.05136475 0.30874142 -0.26544386
v -0.03373175 0.30270669 -0.26422274
v -0.05372896 0.28501913 -0.25917706
v -0.05089529 0.26993620 -0.25570923
v -0.03500849 0.10819759 -0.21962899
v -0.05037370 0.15315777 -0.23109949
v -0.05389068 0.14975612 -0.23000517
v -0.02681359 0.07740012 -0.20883979
v -0.01950547 0.16185446 -0.23409158
v -0.03936718 0.16895051 -0.23515157
v -0.03127992 0.21890442 -0.24637856
v -0.05689589 0.16964144 -0.23461664
v -0.02710712 0.06339091 -0.20414078
v -0.04140477 0.05196021 -0.20123471
v -0.02367854 0.24468708 -0.25160179
v -0.05263788 0.23984510 -0.25000456
v -0.05439075 0.20485213 -0.24207638
v -0.04398911 0.41503665 -0.29594660
v -0.04030959 0.43189558 -0.30103639
v -0.03440396 0.45745346 -0.30944341
v -0.08020103 0.26622698 -0.25294861
v -0.08051879 0.41112712 -0.29252458
v -0.08012649 0.44416234 -0.30167034
v -0.08163773 0.38167456 -0.28470707
v -0.06261047 0.33533210 -0.27214363
v -0.08251479 0.30958620 -0.26310089
v -0.08033281 0.33213216 -0.26964194
v -0.08011887 0.28396770 -0.25680816
v -0.02185529 0.05012785 -0.20121209
v 0.01953820 0.46818250 -0.31500641
v 0.03656822 0.47151327 -0.31444636
v -0.05692361 0.47075707 -0.31233969
v -0.00166840 0.46743673 -0.31593144
v -0.04478844 0.47138584 -0.31350395
v -0.05225114 0.10725708 -0.21775886
v -0.07371561 0.25181079 -0.25056660
v -0.08069006 0.47215602 -0.31064025
v -0.04581513 0.07734754 -0.20714325
v -0.05412543 0.06742428 -0.20280011
v -0.07559600 0.12652948 -0.22068657
v -0.10646508 0.29624721 -0.25680172
v -0.12266827 0.33541587 -0.26488453
v -0.11061277 0.27848437 -0.25204262
v -0.09693495 0.37209108 -0.27990606
v -0.10172976 0.33012608 -0.26634184
v -0.08181972 0.16048691 -0.22907041
v -0.10096304 0.40313300 -0.28762454
v -0.09920301 0.44056267 -0.29807627
v -0.13014174 0.29346624 -0.25286633
v -0.10611696 0.26683027 -0.24955015
v -0.12605995 0.26758221 -0.24705131
v -0.07856346 0.23503841 -0.24586189
v -0.08090752 0.20111102 -0.23783274
v -0.10903380 0.47342923 -0.30699393
v -0.07297617 0.05264369 -0.19705591
v -0.10721086 0.20573597 -0.23456535
v -0.12798229 0.22944230 -0.23747717
v -0.12818559 0.20461991 -0.23133221
v -0.11107242 0.18717207 -0.23021427
v -0.13080204 0.32683828 -0.26143202
v -0.13075256 0.36970070 -0.27305633
v -0.08553878 0.08619846 -0.20443386
v -0.08966706 0.10839983 -0.21276319
v -0.10576645 0.14022933 -0.21975034
v -0.09732147 0.12268537 -0.21594357
v -0.10456574 0.16089237 -0.22534391
v -0.08207690 0.07092538 -0.19972400
v -0.07652757 0.05498889 -0.19674039
v -0.12298211 0.43742889 -0.29312482
v -0.12561341 0.16252540 -0.22177239
v -0.12989084 0.16379011 -0.22140037
v -0.12945236 0.13108948 -0.21167469
v -0.12858850 0.47510186 -0.30388239
v -0.10827787 0.07023790 -0.19444646
v -0.09492711 0.05559143 -0.19401155
v -0.13365595 0.40284586 -0.28110182
v 0.12517151 0.10766989 -0.20426449
v 0.09415770 0.09933335 -0.20783374
v 0.12215723 0.06959236 -0.19102970
v 0.10113420 0.05095146 -0.19410336
v -0.12751630 0.09036327 -0.19739392
v -0.12549557 0.05616425 -0.18738966
v -0.13045295 0.07105342 -0.18959431
v -0.14175084 0.35516217 -0.26663309
v -0.15147173 0.30928901 -0.25196669
v -0.16385649 0.27087802 -0.23852608
v -0.15514714 0.23264666 -0.23175301
v -0.15822092 0.18873955 -0.22045054
v -0.13010803 0.10786821 -0.20366496
v -0.14896917 0.44231230 -0.28839719
v -0.14384593 0.45929375 -0.29493767
v -0.14685208 0.47795209 -0.30064562
v 0.13874230 0.06844351 -0.18643951
v 0.13746466 0.08524962 -0.19252703
v 0.13920473 0.10754174 -0.20052326
v 0.15258069 0.12201976 -0.20172308
v 0.17459045 0.14218658 -0.20196047
v 0.17313026 0.16415715 -0.20903255
v 0.12122911 0.05719021 -0.18935128
v 0.17340414 0.46957111 -0.29006082
v -0.14976721 0.40405846 -0.27724504
v 0.15112916 0.10725768 -0.19704074
v 0.13313504 0.05568013 -0.18568271
v 0.12526248 0.05328576 -0.18706426
v 0.07148663 0.04999455 -0.19742779
v 0.07210492 0.48208871 -0.31679979
v -0.17176087 0.46924955 -0.29039544
v -0.16169892 0.16534916 -0.21313602
v -0.17698444 0.17588545 -0.21172726
v -0.17729339 0.19437753 -0.21659143
v -0.17769328 0.22374339 -0.22330287
v -0.18013665 0.25657457 -0.23033744
v -0.17894073 0.28853714 -0.23824841
v -0.17637374 0.14173473 -0.20164528
v -0.17696893 0.16149484 -0.20738128
v -0.16469720 0.11902910 -0.19747180
v -0.17716566 0.12439760 -0.19553494
v -0.04677733 0.48433450 -0.32112101
v -0.16058010 0.31003380 -0.24953687
v -0.17718658 0.43867552 -0.27870736
v -0.18133871 0.40446293 -0.26799747
v -0.15679309 0.36474788 -0.26481295
v -0.17815377 0.35993263 -0.25680012
v -0.18048981 0.31958380 -0.24556556
v -0.17672214 0.46635282 -0.28814119
v -0.10467014 0.48271993 -0.31277290
v -0.15310894 0.08411778 -0.18763019
v -0.15676661 0.07172210 -0.18208431
v -0.14236984 0.05960839 -0.18315580
v -0.15861613 0.05981585 -0.17849752
v -0.01805093 0.48932812 -0.32697365
v 0.14791362 0.05677261 -0.18123601
v -0.17595640 0.10832940 -0.18975866
v -0.17654902 0.09119868 -0.18232761
v -0.17314401 0.07519107 -0.17712745
v 0.00064746 0.48111755 -0.32455894
v -0.00011387 0.48953059 -0.32927170
v 0.01372353 0.48982504 -0.32940838
v 0.01428918 0.48500198 -0.32684648
v 0.11604450 0.05208008 -0.19030334
v -0.19202623 0.46718234 -0.28283784
v -0.19497387 0.13936174 -0.19323158
v -0.19630717 0.11846835 -0.18510571
v -0.16766281 0.06154418 -0.17480201
v -0.18820027 0.07918754 -0.17135575
v -0.17798807 0.06438966 -0.17028379
v -0.14046401 0.05737575 -0.18221134
v -0.15195397 0.05878346 -0.17875235
v -0.18792988 0.06433696 -0.16458990
v 0.03114412 0.05041413 -0.20104560
v 0.05164010 0.05199325 -0.19875455
v -0.09508403 0.05488779 -0.19306058
v -0.25581175 0.41525963 -0.23086287
v -0.25310075 0.42349404 -0.23722987
v -0.25723955 0.40718281 -0.22829114
v -0.26094565 0.39544165 -0.21955681
v -0.24080521 0.45235699 -0.25748855
v -0.23160696 0.46472067 -0.27066755
v -0.23684555 0.45207480 -0.26445979
v -0.24178781 0.44553173 -0.25708228
v -0.24797884 0.43345979 -0.24627382
v -0.24753712 0.43899050 -0.24651194
v -0.22801107 0.45773864 -0.27470726
v -0.22471100 0.46863723 -0.28009540
v -0.24155815 0.39033785 -0.24354461
v -0.25640416 0.38463920 -0.22425230
v -0.23720582 0.39729491 -0.24997589
v -0.23660187 0.41871294 -0.25561503
v -0.23048742 0.36938533 -0.25060624
v -0.25547382 0.34150267 -0.21701266
v -0.24196337 0.32087338 -0.22828165
v -0.25876531 0.32361266 -0.20940579
v -0.23340291 0.30702505 -0.23468672
v -0.24457179 0.27557024 -0.21567352
v -0.25415745 0.28890759 -0.20815891
v -0.26286724 0.29075629 -0.19837305
v -0.26092944 0.22713751 -0.18829927
v -0.25308779 0.23767740 -0.19896802
v -0.24874315 0.17359774 -0.19054936
v -0.25597614 0.16971602 -0.18175742
v -0.24290526 0.19103278 -0.20000786
v -0.24421133 0.11561369 -0.18145134
v -0.25263327 0.11454420 -0.17139152
v -0.23669527 0.11948647 -0.19012380
v -0.23590693 0.14942347 -0.19772109
v -0.22334829 0.40288556 -0.26533508
v -0.22289354 0.43893501 -0.27477947
v -0.22245821 0.37845600 -0.26015863
v -0.23707998 0.06694305 -0.17290330
v -0.22826633 0.07394078 -0.18434282
v -0.22293375 0.03662889 -0.17927521
v -0.23525973 0.04098339 -0.16803347
v -0.21238261 0.47660202 -0.29246664
v -0.24906410 0.05052424 -0.15130569
v -0.24676722 0.06317484 -0.15862350
v -0.25115740 0.06889153 -0.15432611
v -0.24817064 0.03565635 -0.15119717
v -0.25918910 0.15513204 -0.17321943
v -0.23413531 0.03486136 -0.16910234
v -0.26240522 0.38628241 -0.21595682
v -0.26578364 0.37406215 -0.20776412
v -0.26360261 0.13525936 -0.16053140
v -0.26898712 0.20456569 -0.16989791
v -0.26665995 0.16257110 -0.16245703
v -0.26970920 0.33036512 -0.19318648
v -0.26920691 0.35870609 -0.19894148
v -0.26046157 0.11438121 -0.15850635
v -0.27076709 0.24741705 -0.17608885
v -0.27134311 0.28872076 -0.18334778
v -0.21867967 0.47614843 -0.28592443
v -0.21332517 0.45986047 -0.28744492
v -0.26032624 0.07111885 -0.13827312
v -0.26376301 0.06093677 -0.12807015
v -0.26423073 0.04394687 -0.12410758
v -0.25035477 0.04095975 -0.14720385
v -0.28015774 0.06260531 -0.10302772
v -0.27541310 0.04459064 -0.10737547
v -0.27074447 0.07611654 -0.12242261
v -0.28082138 0.08752643 -0.10992387
v -0.27300003 0.09633937 -0.12645184
v -0.28350151 0.04990629 -0.09465573
v -0.28285050 0.10728988 -0.11138380
v -0.27407551 0.32833245 -0.18489164
v -0.27648169 0.11367099 -0.12563658
v -0.26898995 0.10913378 -0.13929246
v -0.27218744 0.34255034 -0.19011061
v -0.27432826 0.21360046 -0.16148621
v -0.28192475 0.27702022 -0.16023126
v -0.28042772 0.29018736 -0.16563320
v -0.27635109 0.31644821 -0.17820764
v -0.28370598 0.04230243 -0.09459253
v -0.27486593 0.12979485 -0.13356054
v -0.26810294 0.14068727 -0.15303414
v -0.27730504 0.19873832 -0.15086806
v -0.27954972 0.14066254 -0.12497014
v -0.28447846 0.07064185 -0.09548066
v -0.28426212 0.25767624 -0.14996092
v -0.27532873 0.16192682 -0.14217977
v -0.28527942 0.24465589 -0.14328663
v -0.28369936 0.20521940 -0.13660964
v -0.28410038 0.09680875 -0.10452630
v -0.28111258 0.16382006 -0.12688828
v -0.28418377 0.14859340 -0.11275173
v -0.28742608 0.18128525 -0.11193149
v -0.28755254 0.20406567 -0.12192816
v -0.28962839 0.04369061 -0.07816257
v -0.28853962 0.05913175 -0.08025894
v -0.28691038 0.21954055 -0.13030609
v -0.28733861 0.08228924 -0.08764929
v -0.28838858 0.14372811 -0.09570523
v -0.28703558 0.10785758 -0.09506399
v -0.27983695 0.03277064 -0.10601627
v -0.21124278 0.43294942 -0.28136644
v -0.21212932 0.39843923 -0.27121508
v -0.29237080 0.02736367 -0.08028702
v -0.28594938 0.02851868 -0.09826346
v -0.29270014 0.04887338 -0.06274866
v -0.29019701 0.07139847 -0.07227582
v -0.28907093 0.12012202 -0.08565050
v -0.29859897 0.02710948 -0.05343696
v -0.20880663 0.48345003 -0.29353234
v -0.24013048 0.03298714 -0.16316958
v -0.24120457 0.44910431 -0.25093380
v 0.33400136 -0.41527599 0.28204915
v 0.33638430 -0.41656461 0.28329605
v 0.33423609 -0.42574683 0.28221586
v 0.33761960 -0.42948171 0.28372890
v 0.33618039 -0.47815481 0.28330281
v 0.34003696 -0.46394345 0.28469595
v 0.33021131 -0.38586077 0.27903938
v 0.33169413 -0.37547553 0.28010085
v 0.32869151 -0.35075429 0.27790284
v 0.32277113 -0.35912636 0.27608818
v 0.32576656 -0.34014818 0.27605072
v 0.32348573 -0.32814255 0.27426386
v 0.32422999 -0.30865115 0.27441660
v 0.32184193 -0.39974973 0.27795014
v 0.34164798 -0.47895706 0.28463235
v 0.32187089 -0.42401028 0.28017581
v 0.32542452 -0.45002812 0.28171819
v 0.32988173 -0.46428260 0.28234488
v 0.31559476 -0.35801777 0.27523336
v 0.31828362 -0.38811904 0.27729851
v 0.31431147 -0.33185706 0.27368909
v 0.32314438 -0.31019524 0.27321121
v 0.30884519 -0.31180334 0.27205938
v 0.31011954 -0.28299981 0.26922023
v 0.31719199 -0.26826993 0.26992923
v 0.30584666 -0.27276576 0.26810560
v 0.30652693 -0.24161509 0.26511317
v 0.31055117 -0.33662158 0.27444518
v 0.32706204 -0.48128635 0.28377110
v 0.29410326 -0.23628739 0.26864725
v 0.30249089 -0.28477943 0.27122509
v 0.28954092 -0.26606220 0.27678254
v 0.30116373 -0.31311780 0.27781850
v 0.30892608 -0.38325167 0.28284961
v 0.31451884 -0.36922175 0.27648178
v 0.31259778 -0.41054410 0.28381097
v 0.28210822 -0.23418050 0.27747896
v 0.28819901 -0.20808206 0.26852810
v 0.28716308 -0.17910786 0.26450449
v 0.29394674 -0.21305142 0.26610735
v 0.32307437 -0.44659606 0.28214958
v 0.30994207 -0.41778347 0.28708705
v 0.31396574 -0.44620395 0.28879035
v 0.31685004 -0.47030160 0.29019421
v 0.27780986 -0.19483890 0.27548066
v 0.27667579 -0.15482262 0.27042773
v 0.28749806 -0.27239686 0.28019249
v 0.30833054 -0.45374027 0.29543930
v 0.29711619 -0.35002327 0.28810483
v 0.29249629 -0.30990860 0.28523579
v 0.28346771 -0.14598942 0.26244518
v 0.27836972 -0.13751641 0.26510030
v 0.27812761 -0.10436325 0.26075900
v 0.28503349 -0.11154314 0.25712997
v 0.27562195 -0.06900640 0.25645128
v 0.26253390 -0.06048205 0.26550284
v 0.28836656 -0.15734935 0.26092526
v 0.27341354 -0.05341020 0.25386864
v 0.27853179 -0.04699953 0.24783379
v 0.30081010 -0.39274263 0.29261827
v 0.26527444 -0.03685910 0.25541934
v 0.27491114 -0.11549000 0.26548743
v 0.26949766 -0.08731143 0.26524284
v 0.25436634 -0.03590415 0.26595950
v 0.27846447 -0.03681900 0.24295545
v 0.28519160 -0.08357918 0.25328881
v 0.28565469 -0.06790236 0.25033927
v 0.24446316 -0.02201755 0.26968184
v 0.30301988 -0.26523310 0.26835474
v 0.30961031 -0.49423930 0.30240014
v 0.26869687 -0.11359123 0.27260262
v 0.27407348 -0.15282831 0.27322191
v 0.26423356 -0.07891844 0.26962963
v 0.30167893 -0.42038995 0.29815182
v 0.24557655 -0.01293358 0.26400203
v 0.24586980 0.00297011 0.26075679
v 0.24085157 -0.00329346 0.26550773
v 0.23918831 0.00115823 0.26632443
v 0.23591095 0.00148109 0.26898268
v 0.23604144 0.01322648 0.26710686
v 0.23304334 0.00772170 0.26952073
v 0.22889709 0.01475578 0.27047241
v 0.23592246 0.02138126 0.26514092
v 0.29935306 -0.15296184 0.25577086
v 0.30006859 -0.16391449 0.25712553
v 0.30263668 -0.19866332 0.26082909
v 0.30418363 -0.21969007 0.26310164
v 0.28860787 -0.05597518 0.24606198
v 0.29460052 -0.04678318 0.24008569
v 0.23659797 0.03276704 0.26564923
v 0.24044502 0.04867477 0.26223987
v 0.22935478 0.02334976 0.27047160
v 0.22217207 0.02203450 0.27456996
v 0.29523712 -0.11774007 0.25413853
v 0.29580769 -0.09858377 0.25255501
v 0.23458581 0.04829736 0.26754063
v 0.29418331 -0.03993860 0.23526287
v 0.23531084 -0.02097462 0.27564362
v 0.29579592 -0.06415330 0.24667373
v 0.29564026 -0.07923542 0.25042266
v 0.22417225 0.03117864 0.27652615
v 0.23184860 0.04786725 0.27114788
v 0.24165431 -0.02934057 0.27637157
v 0.27816764 -0.03047731 0.23960301
v 0.29032862 -0.03206573 0.23091085
v 0.27894360 -0.22651297 0.28028309
v 0.29879203 -0.11569328 0.25330207
v 0.22844230 0.04828818 0.27510545
v 0.21478166 0.03322886 0.28408402
v 0.22156164 0.04812299 0.28008166
v 0.21541743 0.04858049 0.28349036
v 0.20684692 0.03691207 0.28763732
v 0.19568531 0.04874707 0.29059273
v 0.20277934 0.05176341 0.28684145
v 0.19018401 0.03794728 0.29240128
v 0.18259408 0.04859263 0.29385033
v 0.24735846 -0.04583748 0.28038564
v 0.29064426 -0.31793973 0.28982779
v 0.29220381 -0.36205816 0.29815924
v 0.28455493 -0.29286414 0.29133901
v 0.25829285 -0.06020836 0.27185062
v 0.26936421 -0.13504620 0.27630147
v 0.27897426 -0.27055815 0.29270706
v 0.26041448 -0.08125255 0.27713302
v 0.27121711 -0.17700548 0.28344262
v 0.23634325 0.05238283 0.26175421
v 0.16246700 0.04424890 0.29800579
v 0.21312910 0.05217554 0.28207600
v 0.17199403 0.05201174 0.29461321
v 0.15834241 0.04980741 0.29823199
v 0.14142466 0.04821628 0.30245075
v 0.14242907 0.04019589 0.30193272
v 0.15896761 0.03634209 0.29795855
v 0.11633265 0.04565674 0.30633283
v 0.18863705 0.05270945 0.29036704
v 0.11674550 0.04024632 0.30587864
v 0.08368813 0.04082925 0.31009015
v 0.29577336 -0.03177720 0.22769499
v 0.05852900 0.03596427 0.31194049
v 0.03724762 0.03458314 0.31349456
v 0.22688487 0.05230535 0.27219775
v 0.26357472 -0.11569408 0.28354388
v -0.29576170 -0.05077948 0.24175841
v -0.29484224 -0.06825599 0.24874285
v -0.30111021 -0.07363953 0.25422716
v -0.29587835 -0.04251270 0.23670878
v -0.30544266 -0.07377987 0.25810313
v -0.30175900 -0.10263230 0.25779459
v -0.29202378 -0.09356049 0.25257447
v -0.29428819 -0.11479963 0.25372231
v -0.29845169 -0.13639721 0.25542608
v -0.30603471 -0.14399433 0.26050618
v -0.29909813 -0.15364227 0.25623283
v -0.30194676 -0.17011042 0.25851417
v -0.31347492 -0.17737862 0.26743844
v -0.31059274 -0.18813309 0.26531571
v -0.31167370 -0.20280591 0.26607946
v -0.31870914 -0.18872698 0.27148682
v -0.30652088 -0.09824917 0.26158062
v -0.32003105 -0.23148350 0.27070555
v -0.31368813 -0.23539096 0.26747003
v -0.30419078 -0.08202461 0.25823340
v -0.29489845 -0.08167644 0.25235283
v -0.31730297 -0.16060579 0.27214557
v -0.31162861 -0.14365402 0.26597100
v -0.30991897 -0.09781459 0.26543510
v -0.30881736 -0.07865054 0.26370770
v -0.30887735 -0.06990691 0.26158825
v -0.31480262 -0.14191438 0.27076384
v -0.31288177 -0.12553161 0.26921457
v -0.29188094 -0.08014942 0.25148255
v -0.29582101 -0.13526051 0.25501215
v -0.32081994 -0.23095345 0.27282155
v -0.31904355 -0.19001991 0.27381855
v 0.27844810 0.02827658 -0.04317368
v 0.27402437 0.02925297 -0.05005975
v 0.27501026 0.03631572 -0.04732369
v 0.27019873 0.03738704 -0.05738537
v 0.26859108 0.02880354 -0.06418978
v 0.26357561 0.05161758 -0.07397395
v 0.26151258 0.03370111 -0.08339779
v 0.25758880 0.04779763 -0.09323037
v 0.25721726 0.03744570 -0.09803978
v 0.25460577 0.04440841 -0.10543667
v 0.25698709 0.03063740 -0.09758522
v 0.25450236 0.03744186 -0.11638486
v 0.25195929 0.03732761 -0.12487830
v 0.24765550 0.03975831 -0.13136773
v 0.26606226 0.02476792 -0.06968953
v 0.24095905 0.04216762 -0.13720827
v 0.23598985 0.03926183 -0.14482270
v 0.22923881 0.04150961 -0.15033500
v 0.22461854 0.04125444 -0.15691434
v -0.30465677 -0.48142654 0.30972764
v -0.30408412 -0.47824210 0.30762818
v -0.30018389 -0.44992757 0.30824474
v 0.17196754 0.05905928 -0.17285743
v 0.18389621 0.06029075 -0.17289591
v 0.17904137 0.06350563 -0.17670093
v 0.18801843 0.05624207 -0.17632671
v 0.18534425 0.06097209 -0.17952661
v 0.23712164 0.06139964 0.27544516
v 0.23873268 0.05987862 0.28101796
v 0.23469155 0.05563102 0.27784455
v 0.23395309 0.05462148 0.27232018
v 0.23474127 0.05206927 0.27857161
v 0.23882575 0.06110509 0.26898405
v 0.23674798 0.05653644 0.26781875
v 0.24169134 0.06432284 0.27493262
v 0.24507339 0.06144322 0.28063565
v 0.24524520 0.06422467 0.27389789
v 0.24320969 0.05711539 0.28318548
v 0.24385893 0.05685807 0.28548196
v 0.24754389 0.06079162 0.26852050
v 0.24110842 0.05474575 0.26488897
v 0.24678706 0.05531080 0.26551771
v -0.18402301 0.03603452 -0.18451561
v -0.18855487 0.03605381 -0.17584375
v -0.18357873 0.03149360 -0.17521185
v -0.17549019 0.02876727 -0.17758423
v -0.17236662 0.03248797 -0.18704714
v -0.17457084 0.03537038 -0.18959022
v -0.17689501 0.02590506 -0.17387752
v -0.19389415 0.03097343 -0.17115808
v -0.19422817 0.02665798 -0.16812785
v -0.20218804 0.03186765 -0.16931120
v -0.20433742 0.02718342 -0.16431017
v -0.17950018 0.04114930 -0.18934664
v -0.20959055 0.03231665 -0.17069665
v -0.21627980 0.03276838 -0.17006256
v -0.21628298 0.02826981 -0.16030821
v -0.22196379 0.03227130 -0.15963638
v 0.00847908 0.02415690 -0.19107763
v 0.05484771 0.02129311 -0.18803413
v 0.05284055 0.02880758 -0.19354889
v 0.03870227 0.03329647 -0.20071778
v 0.05012594 0.03570579 -0.20067257
v 0.06513620 0.03444180 -0.19591486
v 0.06517553 0.02807023 -0.19122680
v 0.08542680 0.03275530 -0.19222744
v 0.04354046 0.01911189 -0.18710831
v 0.08014774 0.02211607 -0.18764031
v 0.10444469 0.02330485 -0.18693304
v 0.09730264 0.03568367 -0.19268286
v 0.11585449 0.03340771 -0.19058725
v 0.06863014 0.03808884 -0.19627669
v 0.01291621 0.01736389 -0.18834801
v 0.13063860 0.03103874 -0.18920273
v -0.01608984 0.01667313 -0.18840811
v 0.12551670 0.01828046 -0.18502015
v 0.15015689 0.02446613 -0.18641406
v 0.16195464 0.03068276 -0.18967092
v 0.14759423 0.01999297 -0.18466742
v 0.16499671 0.02244729 -0.18366727
v 0.16376057 0.02664669 -0.18555179
v 0.17466804 0.03534911 -0.18922168
v -0.04623108 0.01809049 -0.18672876
v -0.03085002 0.02412375 -0.19122159
v -0.05605115 0.02513246 -0.18953191
v -0.08382581 0.01675439 -0.18536881
v -0.08007938 0.03011903 -0.19138719
v -0.05793391 0.02979035 -0.19257726
v -0.05769378 0.03597362 -0.19699951
v -0.09550414 0.03408883 -0.19240084
v -0.11642331 0.03230065 -0.18971470
v -0.11627355 0.02098261 -0.18428555
v -0.13757877 0.02657360 -0.18448086
v -0.13313554 0.03557254 -0.18911795
v -0.15670927 0.03240891 -0.18895444
v -0.16185002 0.03727680 -0.19065507
v -0.10191457 0.03721911 -0.19278361
v -0.06618765 0.03971908 -0.19665982
v -0.04653737 0.04253026 -0.19931297
v -0.13994531 0.01996472 -0.18049622
v 0.03483685 0.03698399 -0.20172983
v -0.14985879 0.02096597 -0.17880066
v -0.04902171 0.03429332 -0.19729114
v -0.04522388 0.03839075 -0.19938770
v -0.02948268 0.03453047 -0.19996177
v -0.15128736 0.02751422 -0.18397491
v 0.05471197 0.03792861 -0.19984141
v -0.16396545 0.02567114 -0.17844012
v -0.16284192 0.02164922 -0.17652199
v -0.02542534 0.03734837 -0.20087169
v -0.08896767 0.04192055 -0.19492286
v 0.16292426 0.03631837 -0.19037329
v 0.10079756 0.04181489 -0.19302467
v 0.06732038 0.04251927 -0.19682549
v -0.10998595 0.04124758 -0.19205929
v 0.12754512 0.04106527 -0.18942836
v 0.17608486 0.04344912 -0.18919669
v -0.13348193 0.04465489 -0.18906267
v -0.06109104 0.04672413 -0.19687912
v -0.10160547 0.04583374 -0.19304527
v -0.17359832 0.04527773 -0.18936004
v -0.09064830 0.04800418 -0.19428174
v 0.17629147 0.05575863 -0.18801019
v 0.05087594 0.04216149 -0.20000060
v 0.17220563 0.04873618 -0.18788046
v -0.12021028 0.04824391 -0.18945406
v 0.16288720 0.04720242 -0.18646066
v 0.10103551 0.04610867 -0.19241029
v 0.13786818 0.04485247 -0.18877056
v 0.12267596 0.04821009 -0.18828696
v 0.14799795 0.04237173 -0.18889731
v 0.00955265 0.04194510 -0.20083801
v 0.01072668 0.03806859 -0.20252895
v 0.07106401 0.04663464 -0.19523388
v -0.15327728 0.04620599 -0.18820940
v -0.16987796 0.04714104 -0.18843563
v -0.04167486 0.04728483 -0.19774000
v 0.04601544 0.04793108 -0.19790709
v -0.17056713 0.05211545 -0.18555555
v -0.07721815 -0.01155945 -0.18431354
v -0.08302382 -0.01696545 -0.18493836
v -0.00029541 -0.01645368 -0.18531890
v -0.03115849 -0.00057316 -0.18463276
v -0.08863577 0.00073001 -0.18360329
v 0.00018424 -0.00193284 -0.18534878
v 0.01536971 -0.00326412 -0.18508290
v 0.02697043 -0.01718522 -0.18527612
v -0.12596986 -0.00180284 -0.18254831
v -0.11830591 0.00556436 -0.18275936
v -0.13307649 -0.01629676 -0.18382753
v 0.07061020 -0.00028247 -0.18406634
v 0.06906103 -0.01231632 -0.18434513
v 0.13376500 -0.00010176 -0.18256333
v 0.13939360 -0.00949655 -0.18288416
v 0.10511895 -0.01504319 -0.18389364
v 0.16858710 -0.00751310 -0.18155225
v 0.16971004 0.00364790 -0.18088290
v 0.16348928 -0.01496605 -0.18321049
v -0.14635561 0.00521986 -0.18072432
v 0.18373774 -0.00381878 -0.18008238
v 0.18912731 -0.01382415 -0.18136200
v 0.18695915 0.00480811 -0.17895056
v -0.15992180 0.00019419 -0.17994706
v -0.17320345 -0.01346898 -0.18148768
v -0.17771940 0.00945741 -0.17643489
v 0.20158033 -0.00115634 -0.17681018
v 0.20323880 -0.01169464 -0.17867154
v -0.09075853 -0.01967886 -0.18582956
v -0.18945488 -0.00383158 -0.17705743
v -0.18792789 -0.01567254 -0.18029545
v -0.18285018 0.02272873 -0.17291363
v -0.11817314 0.01700207 -0.18320931
v 0.20032552 0.01114880 -0.17577964
v 0.11778225 0.00433961 -0.18317282
v 0.15022807 0.00781239 -0.18243459
v 0.16873030 0.01713426 -0.18224922
v 0.18625768 0.01186545 -0.17935205
v 0.18350324 0.02262409 -0.18076889
v 0.05989346 0.00856191 -0.18510813
v 0.09114156 0.01491395 -0.18528512
v -0.04645139 0.00976070 -0.18529262
v 0.00156524 0.00808060 -0.18659100
v 0.19903198 0.02171490 -0.17890714
v -0.20358936 0.00416926 -0.17182547
v -0.20518732 -0.00857668 -0.17449127
v -0.20515750 -0.01766957 -0.17729773
v -0.00254187 -0.01859112 -0.18623833
v 0.20569366 0.02228651 -0.17681061
v -0.20513207 0.02181139 -0.16556376
v -0.21170947 0.02579175 -0.16168843
v -0.21522669 -0.02107829 -0.17379192
v -0.21943460 0.00768834 -0.16350728
v -0.26342326 0.05981611 0.20051239
v -0.26328185 0.05222169 0.20446454
v -0.26777655 0.05616146 0.19589218
v -0.26921707 0.05933813 0.19161335
v -0.25934237 0.05986756 0.20445256
v -0.25688419 0.06030754 0.21229859
v -0.26236016 0.05188240 0.21691784
v -0.26055405 0.06417891 0.19600698
v -0.25934961 0.05653652 0.21984954
v -0.25795224 0.06031686 0.22899926
v -0.25134626 0.06383825 0.23818806
v -0.25163513 0.06084751 0.24940650
v -0.25287041 0.06474116 0.20283747
v -0.25199515 0.06426899 0.22065552
v -0.24766503 0.06396095 0.24636588
v -0.25086749 0.05692105 0.25467506
v -0.26729548 0.05002139 0.21778430
v -0.27023792 0.05162258 0.21192555
v -0.27367735 0.05258102 0.20537217
v -0.24161799 0.06045824 0.25740770
v -0.27535051 0.05588106 0.19664152
v -0.27898976 0.05615529 0.19374391
v -0.28216416 0.05639579 0.18515879
v -0.26588216 0.05189302 0.20349474
v -0.28641543 0.05531897 0.16706887
v -0.27813834 0.06178983 0.16425969
v -0.28044629 0.06109181 0.12967491
v -0.28449208 0.05717187 0.11604608
v -0.27862689 0.06083857 0.09248713
v -0.28328434 0.05594356 0.07600019
v -0.27344713 0.05997620 0.04727806
v -0.27907270 0.05408977 0.03612216
v -0.26868343 0.06012018 0.03007403
v -0.27397594 0.05577585 0.01697830
v -0.27850047 0.05201363 0.00626827
v -0.27138144 0.05619770 0.00332010
v -0.27441093 0.05234077 -0.01311295
v -0.26766428 0.05641189 -0.01983142
v -0.27540195 0.05146640 -0.02744916
v -0.27147728 0.05656956 -0.03992083
v -0.26783851 0.06023664 -0.05744436
v -0.17965311 0.06135379 -0.17238408
v -0.17411880 0.05820169 -0.17223907
v -0.18376227 0.05862177 -0.17119244
v -0.17270577 0.06073445 -0.17535222
v -0.17870907 0.06344952 -0.17653945
v -0.18571192 0.06024187 -0.17417656
v -0.17251693 0.06059082 -0.18039030
v -0.05481108 0.08061127 0.00214714
v 0.00164097 0.08075513 0.02337052
v -0.05361967 0.08114012 0.05641338
v 0.07010968 0.08085831 0.05189595
v 0.06902785 0.08048515 0.01030982
v 0.12727553 0.07990438 0.02438186
v 0.15354642 0.07974225 0.08660380
v 0.13116457 0.08004456 0.09047639
v 0.06596869 0.08065064 0.09116545
v 0.01289173 0.08076306 0.08917233
v -0.05100017 0.08104593 0.09156207
v 0.02306198 0.08041117 0.11116716
v 0.00609197 0.07989217 0.14617826
v -0.04270395 0.07943527 0.17274788
v 0.07283407 0.07967769 0.15770590
v 0.06024548 0.07893500 0.18383294
v 0.00770686 0.07899988 0.19633779
v 0.13254596 0.07929121 0.15790853
v 0.17016891 0.07888013 0.14233173
v 0.16724429 0.07848980 0.16527557
v 0.14812070 0.07958678 0.03887988
v 0.07306181 0.07985602 -0.01559920
v 0.00508657 0.08014998 -0.02701666
v 0.11405282 0.07963926 0.00224920
v 0.09557844 0.07947987 -0.01556201
v -0.10785116 0.07990451 0.00243517
v -0.10908340 0.08030894 0.02412665
v -0.13769250 0.08018335 0.08366570
v -0.08830285 0.08058627 0.09225062
v -0.14371045 0.07945156 0.14624274
v -0.16257693 0.07937951 0.12880102
v -0.16385390 0.07869819 0.16508323
v -0.08906609 0.07977347 0.14216825
v -0.03142594 0.07874049 0.19954430
v -0.07034563 0.07900783 0.18212539
v -0.10229526 0.07825334 0.19374949
v -0.10988789 0.07869801 0.18329339
v -0.10721461 0.07918762 0.16862661
v -0.15907587 0.07803536 0.17490797
v -0.11309417 0.08049551 0.05398371
v 0.08715463 0.07864747 0.18167998
v 0.05185471 0.07852276 0.19703044
v 0.13261984 0.07816818 0.17845120
v 0.15220945 0.07968936 0.06561052
v 0.16911754 0.07933833 0.07740086
v -0.16540793 0.07943878 0.08634271
v -0.12777302 0.07984165 0.03059817
v -0.14225088 0.07975392 0.05897175
v -0.03306340 0.07978532 -0.02703096
v -0.01005673 0.07953522 -0.03798931
v 0.00782777 0.07931370 -0.04418663
v -0.08849254 0.07949941 -0.01733420
v 0.02701313 0.07972092 -0.03073075
v 0.06623584 0.07901196 -0.03499329
v 0.04009314 0.07802600 0.20705689
v -0.00649701 0.07792637 0.21324416
v 0.16504204 0.07817097 0.02345339
v 0.14870732 0.07774549 -0.00742858
v 0.11677814 0.07760622 -0.03508224
v -0.18104865 0.07832846 0.11973679
v -0.18022878 0.07840610 0.09248427
v -0.17795120 0.07775486 0.15801956
v 0.17685162 0.07661084 -0.01536201
v 0.17326312 0.07542373 -0.04943658
v 0.14790310 0.07534815 -0.06871347
v 0.12148570 0.07600354 -0.06933722
v 0.08192926 0.07711274 -0.05864851
v 0.13906874 0.07422546 -0.09804372
v 0.19885822 0.07375479 -0.07838383
v 0.15625246 0.07391839 -0.10039551
v 0.13017091 0.07370316 -0.11248502
v 0.10223153 0.07345993 -0.11107733
v 0.19515795 0.07432801 -0.04782920
v 0.19993418 0.07599591 0.01166798
v 0.20097557 0.07635155 0.05823394
v 0.18858935 0.07742659 0.12541015
v 0.18883027 0.07742795 0.07062899
v 0.05726003 0.07294940 -0.12287543
v 0.07984116 0.07485395 -0.08892684
v 0.04511144 0.07524758 -0.07992373
v 0.07323613 0.07247205 -0.13950469
v -0.00166430 0.07266691 -0.14524801
v 0.02371915 0.07288174 -0.13388799
v 0.00048461 0.07314287 -0.12823769
v 0.00875870 0.07478391 -0.10124221
v 0.00550871 0.07548690 -0.08460774
v 0.01095480 0.07662267 -0.06723952
v 0.03341563 0.07749586 -0.05315288
v -0.01387834 0.07720333 -0.05960900
v -0.04143321 0.07675913 -0.05503640
v -0.04758270 0.07214862 -0.13421275
v 0.10959044 0.07203940 -0.13637275
v 0.08779462 0.07117625 -0.15585087
v 0.03537765 0.07297900 -0.15583941
v -0.00517784 0.07311829 -0.15582861
v -0.04469133 0.07294270 -0.15449427
v 0.05895351 0.07206410 -0.15953492
v 0.12782113 0.07236704 -0.13139102
v -0.08434007 0.07153450 -0.12629433
v -0.11235271 0.07097219 -0.14175123
v -0.07641100 0.07141189 -0.14768897
v -0.12846990 0.07179300 -0.11842479
v -0.12830794 0.07071708 -0.14509846
v -0.16989546 0.07056347 -0.12491999
v -0.15329759 0.07164452 -0.10632168
v -0.18862775 0.07004239 -0.11264200
v -0.06455189 0.07418352 -0.09109783
v -0.12617746 0.07393119 -0.08799139
v -0.08539873 0.07632883 -0.05532863
v -0.11839118 0.07695491 -0.03438997
v -0.13153273 0.07824124 -0.00792177
v -0.13102081 0.07590161 -0.05055373
v -0.07439234 0.07762454 -0.04302737
v -0.10957342 0.07018413 -0.15403335
v -0.05568723 0.07212137 -0.15867463
v -0.20630735 0.07098736 -0.07984100
v -0.17206325 0.07390794 -0.06290349
v -0.13991371 0.07780878 -0.00580629
v -0.16650403 0.07550585 -0.03755863
v -0.17976412 0.07658590 0.00441955
v -0.15950930 0.07802691 0.02649923
v -0.17870367 0.07759892 0.05844098
v -0.15640497 0.06964222 -0.14668588
v -0.18515372 0.07450463 -0.03457119
v 0.16393369 0.07236000 -0.11892792
v 0.19272147 0.07278346 -0.09516261
v -0.04043562 0.07237253 -0.16131391
v -0.20457777 0.06969663 -0.10244017
v 0.03953944 0.07228688 -0.16221373
v -0.00128252 0.07250922 -0.16141181
v -0.18012141 0.06847923 -0.14530562
v -0.19625406 0.07198581 -0.06319936
v -0.20682961 0.07120957 -0.05321116
v 0.12151871 0.07043625 -0.14883123
v 0.20700772 0.07600350 0.12724663
v 0.21956174 0.07474058 0.12345230
v -0.19877632 0.07568216 0.04904355
v -0.20496972 0.07396229 0.00689846
v -0.19463216 0.07615674 0.07114062
v 0.15279740 0.07029530 -0.14152770
v 0.21940920 0.07203268 -0.06296118
v 0.19227351 0.07605716 0.16069345
v 0.17908968 0.07097027 -0.12285035
v 0.12464133 0.07617097 0.20241451
v 0.21981229 0.07182254 -0.03829164
v 0.22047208 0.07379026 0.04947371
v 0.22058202 0.07310723 0.00872693
v 0.22110437 0.07318714 0.16427936
v -0.20820262 0.06718758 -0.12417801
v -0.19679123 0.06769273 -0.13085125
v 0.21100983 0.07181562 -0.08675363
v 0.22209646 0.07067685 -0.08183219
v 0.08335199 0.07617505 0.21285525
v 0.13465646 0.07357118 0.22984174
v 0.12479001 0.07214498 0.24581638
v 0.05224849 0.07427485 0.23736562
v 0.17599539 0.07486660 0.19225769
v -0.20069265 0.07562259 0.13952541
v -0.11216091 0.07496143 0.22551765
v -0.07991031 0.07322183 0.24609338
v -0.11915735 0.07255059 0.24602805
v -0.04671485 0.07625558 0.22108564
v -0.16304970 0.07631721 0.18978181
v -0.16704449 0.07371857 0.21497954
v -0.16898471 0.07131652 0.23520309
v -0.15359752 0.06905007 0.26437935
v -0.17600565 0.06869487 0.26036280
v -0.17984238 0.07650764 0.17598622
v -0.19671755 0.06869826 0.24479571
v -0.19046003 0.07110067 0.22021300
v -0.18516962 0.07438885 0.19127835
v 0.17233409 0.07257524 0.21944545
v 0.19121045 0.06864142 0.24856465
v 0.16355503 0.06996243 0.25046897
v 0.21550909 0.07095638 0.20216385
v 0.20299448 0.06936303 0.22776099
v -0.22718795 0.06850665 -0.06959720
v -0.22157401 0.06899252 -0.08181193
v 0.00322547 0.07382864 0.24641031
v 0.04018517 0.07322474 0.24666579
v -0.04326666 0.07314922 0.24650821
v -0.19677708 0.07481296 0.16845880
v -0.21923460 0.07290449 0.16029045
v -0.21421374 0.07134730 0.18615671
v -0.21759078 0.06819236 0.22488786
v -0.23208703 0.06942515 0.18968715
v -0.24051632 0.06781515 0.20977208
v -0.22239584 0.07311268 0.13693890
v -0.25278634 0.06823923 0.16861533
v -0.21916935 0.07326294 0.10649084
v -0.22183827 0.07247666 0.08196840
v -0.23918939 0.06586791 0.23206030
v -0.22395837 0.07217904 0.04304402
v -0.24577811 0.06742045 0.19741048
v -0.25521615 0.06718761 0.17750089
v 0.23807272 0.07131258 0.15500979
v -0.13350742 0.06841441 0.27357310
v -0.09035639 0.06893018 0.27333996
v -0.02466775 0.06983472 0.26914006
v -0.22571647 0.06824444 -0.04460839
v -0.25162494 0.06871564 0.13858600
v -0.25121757 0.06791054 0.08944343
v -0.23565587 0.07002712 0.04444275
v 0.11806871 0.06958655 0.26441732
v -0.19962788 0.06633235 0.26198924
v -0.23745240 0.06654897 -0.07843193
v -0.22484373 0.06372203 0.25292513
v -0.23780192 0.06401781 0.25169879
v -0.24132419 0.06520165 0.24211109
v 0.06409519 0.06899101 0.27014494
v 0.23748517 0.07178485 0.13427649
v 0.23584855 0.07157505 0.08095937
v 0.22330572 0.06910782 0.21101753
v 0.00819378 0.06989706 0.26863292
v 0.25002575 0.06849266 0.17011121
v 0.23527244 0.06851895 0.19486663
v -0.14119208 0.06854694 -0.15395531
v -0.21939580 0.07128321 0.00391839
v -0.22251223 0.06944356 -0.01892963
v -0.23131935 0.06779354 -0.00516716
v 0.20074922 0.06860273 -0.12016448
v 0.22090985 0.06860412 -0.09610868
v 0.17670050 0.06776389 -0.14488240
v 0.25540066 0.06843331 0.14995623
v -0.17954926 0.06628595 0.27305633
v 0.16646726 0.06772353 0.26269293
v -0.27125093 0.06435265 0.10067154
v -0.25299445 0.06672639 0.04878306
v 0.18897881 0.06878133 -0.12944506
v -0.24094144 0.06870364 0.03988913
v 0.00744308 0.06780375 0.27935082
v -0.04325556 0.06666455 0.28342563
v -0.26882440 0.06354481 0.06665666
v -0.27255660 0.06425376 0.16241512
v -0.27279052 0.06424609 0.12895413
v 0.11631867 0.06803832 0.27236184
v 0.23514393 0.06840968 -0.07847657
v -0.17282787 0.06800444 -0.15001942
v 0.23679060 0.06878569 -0.05778798
v 0.23479205 0.06820566 -0.03524748
v 0.23824874 0.06970939 0.02766265
v -0.22668582 0.06411526 -0.11644851
v -0.24366811 0.06470289 -0.08405364
v -0.25224036 0.06298849 -0.06394119
v 0.21010694 0.06741868 0.23415577
v 0.26452890 0.06604601 0.12295689
v 0.25225919 0.06762107 0.06654131
v 0.25516686 0.06592403 0.03819410
v 0.12607194 0.06835581 -0.15751402
v 0.15284725 0.06762640 -0.15417562
v -0.19618189 0.06449306 0.27327725
v -0.25136980 0.06324357 -0.07551160
v -0.26291195 0.06239735 -0.06740669
v -0.25916407 0.06310225 -0.07808168
v -0.25476885 0.06268185 -0.08935914
v -0.24749915 0.06275080 -0.09847780
v -0.24549310 0.06314753 -0.09042670
v -0.25921687 0.06032612 -0.04226534
v -0.24382821 0.06158953 -0.10870717
v -0.24884559 0.06226047 -0.04082164
v -0.25868484 0.06005688 -0.02526554
v -0.25182995 0.06376035 0.01164343
v -0.26208135 0.06394058 0.04220267
v -0.24356848 0.06414414 -0.00977329
v -0.25862813 0.06059265 -0.00663161
v -0.11250534 0.06582954 0.28517640
v -0.07130823 0.06481562 0.29049495
v -0.13456535 0.06478929 0.28573409
v 0.00717817 0.06644079 0.28497592
v -0.18193051 0.06435894 0.28055003
v 0.07051020 0.06489626 0.28593197
v 0.11385244 0.06458493 0.28474212
v 0.23562743 0.06822617 -0.00666194
v 0.23760135 0.06866748 0.00750024
v -0.10646704 0.06930368 -0.15824817
v 0.19700274 0.06457124 0.26401967
v -0.15367027 0.06444740 0.28283316
v -0.20687054 0.06425427 0.26632547
v -0.21461871 0.06441184 -0.13274762
v -0.20396958 0.06365076 -0.14585847
v 0.09747976 0.06945862 -0.15999237
v 0.26816124 0.06519987 0.14817423
v 0.20601894 0.06524123 0.25169641
v -0.26762798 0.06366075 0.18013108
v 0.17020257 0.06527243 0.27078921
v -0.24854425 0.06025026 -0.11044051
v 0.26788497 0.06353218 0.17232816
v 0.24697705 0.06527149 0.19785851
v 0.23099235 0.06591535 0.21922007
v 0.19807370 0.06485009 -0.13974319
v 0.24906956 0.06475451 -0.06752694
v -0.26303488 0.06014220 0.00889097
v 0.19036099 0.06344457 0.27016288
v 0.25921887 0.06377128 0.02641889
v 0.25034478 0.06435359 -0.05181282
v 0.16239160 0.06205229 0.28000829
v -0.04972652 0.06426627 0.29077607
v -0.24317613 0.06247726 -0.11595105
v -0.23777579 0.06111725 -0.11323868
v -0.09238819 0.06706567 -0.16623951
v -0.11096285 0.06413039 0.29035243
v -0.22681876 0.06133806 -0.13059902
v -0.23314252 0.06137229 -0.12033109
v 0.06795847 0.06961950 -0.16512842
v -0.23844284 0.06445258 -0.12314704
v -0.23243153 0.06409168 -0.13192770
v -0.24338487 0.06494223 -0.13303180
v -0.24503435 0.06371230 -0.11939368
v -0.24741365 0.06339179 -0.12517656
v -0.19061285 0.06500652 -0.15019837
v 0.24621816 0.06460662 -0.03812265
v 0.24692793 0.06371260 -0.02241401
v 0.00534054 0.06424923 0.29114190
v 0.21546073 0.06381094 -0.12372416
v -0.00259956 0.06939287 -0.16977629
v 0.23246509 0.05727455 0.25129405
v 0.26730525 0.05988776 0.19282009
v 0.17824751 0.06485084 -0.15258315
v 0.25094172 0.05855034 0.22504687
v -0.22639920 0.06133484 -0.13976973
v -0.26330903 0.06152536 -0.07785761
v 0.24489835 0.06425723 -0.08313882
v -0.03676158 0.06897677 -0.16999413
v 0.03815547 0.06895000 -0.17065668
v -0.21356653 0.05994661 -0.14939922
v -0.24840973 0.06036774 -0.11736359
v 0.25777712 0.05885617 0.21078883
v -0.16129249 0.06418703 -0.16130155
v -0.20375681 0.05950918 -0.15647051
v 0.22681311 0.05651714 0.25966498
v 0.04369061 0.06068829 0.29713959
v -0.22518529 0.06016308 0.26085782
v -0.16922568 0.05871954 -0.17110071
v -0.16798909 0.05558469 -0.17997386
v -0.16051359 0.05457181 -0.18076137
v -0.12897480 0.06361573 -0.16588722
v 0.20727850 0.05953670 0.26938871
v 0.10984999 0.06545929 -0.16626559
v 0.07107443 0.06408296 -0.17530867
v -0.09939940 0.05796693 -0.18310712
v -0.06803174 0.06130334 -0.18092401
v -0.12469927 0.05616822 -0.18080567
v 0.09893344 0.05757769 -0.18241467
v -0.00223111 0.06264182 -0.18121929
v -0.03068343 0.06207544 -0.18176214
v 0.12063947 0.05451844 -0.18239833
v 0.14335135 0.05144090 -0.18487132
v 0.16382711 0.05155400 -0.18247984
v 0.04656260 0.06029355 -0.18423037
v -0.07026335 0.05671642 -0.18785179
v -0.12447657 0.05265582 -0.18611513
v -0.10616638 0.05520566 0.30254409
v -0.10264835 0.04851236 0.30639812
v -0.12460987 0.05008085 0.30211934
v -0.09045284 0.05193294 0.30707186
v -0.13564773 0.05581737 0.29819480
v -0.14638999 0.05006474 0.29866612
v -0.15690112 0.05530974 0.29462940
v -0.17137393 0.05001681 0.29416898
v -0.17361134 0.05616461 0.29127976
v -0.18643090 0.04519201 0.29098362
v -0.08780341 0.04365658 0.30921423
v -0.11458351 0.04044640 0.30576500
v -0.13523778 0.04074277 0.30184439
v -0.15720704 0.03963440 0.29846761
v -0.17776781 0.03985011 0.29364479
v -0.05343084 0.04866610 0.31065565
v -0.01581515 0.03661945 0.31502739
v -0.00771669 0.04402321 0.31362155
v -0.19350703 0.03992970 0.28953409
v 0.01450619 0.03512349 0.31525624
v 0.01080479 0.03911909 0.31406432
v 0.04998988 0.04497993 0.31212863
v 0.04329837 0.05171471 0.31082571
v 0.01276787 0.05186097 0.31117824
v -0.01649699 0.05202630 0.31061336
v 0.07704304 0.04721708 0.31028056
v -0.05111184 0.05214361 0.30933365
v 0.07575855 0.04999630 0.30919668
v 0.10208929 0.05091930 0.30650055
v -0.08587768 0.05588124 0.30486253
v 0.11492186 0.04833930 0.30615458
v 0.13245171 0.05162997 0.30270270
v 0.11394337 0.05267773 0.30348042
v -0.05911062 0.05590375 0.30598646
v -0.20109944 0.04914860 0.28383151
v -0.18816228 0.06017108 0.28365007
v -0.20153204 0.04360536 0.28576803
v -0.21407500 0.04609371 0.28137296
v -0.20773779 0.05323858 0.27854434
v -0.20461063 0.05480594 0.27854311
v -0.21889633 0.05181750 0.27865818
v -0.21626084 0.05525278 0.27102768
v -0.06594341 0.06015381 0.29962295
v -0.10172473 0.06038795 0.29769817
v 0.07397825 0.05323257 0.30657679
v 0.13843992 0.05392046 0.29950497
v 0.15536480 0.05244651 0.29767537
v -0.01462239 0.06012110 0.30010140
v 0.03953074 0.05536138 0.30660480
v -0.00913485 0.05627490 0.30666524
v -0.12924573 0.06023204 0.29488206
v -0.17156407 0.06013465 0.28812674
v -0.15161167 0.05981930 0.29079759
v -0.19808450 0.06014551 0.27899295
v 0.16878249 0.05650037 0.28964949
v 0.07541072 0.06012253 0.29523551
v 0.11472666 0.06167701 0.28995344
v 0.14188074 0.06052427 0.28714722
v 0.19188607 0.05575217 0.28477782
v -0.21217695 0.06073542 0.26827779
v -0.22317758 0.05488961 0.26704386
v -0.22247002 0.05028126 0.27518293
v -0.23493038 0.05548237 0.26335406
v 0.24895279 0.04962621 0.27081174
v 0.24447173 0.04643069 0.27438810
v 0.24932364 0.04948535 0.27651122
v 0.24745531 0.04982634 0.28054771
v 0.25243992 0.05442823 0.27369481
v 0.25039306 0.05400643 0.28071037
v 0.24956997 0.05441329 0.26740196
v 0.24721628 0.05126512 0.26525214
v 0.24200889 0.04870494 0.26760188
v 0.24092861 0.04637937 0.27386245
v 0.24898490 0.06076615 0.27824819
v 0.24964304 0.06099421 0.27265695
v 0.22315888 -0.05815231 -0.20926182
v 0.23479177 -0.09181539 -0.21664192
v 0.23906501 -0.10987163 -0.21940231
v 0.24324872 -0.13134676 -0.22296061
v 0.24677064 -0.15808523 -0.22345516
v 0.25081983 -0.18697269 -0.22492845
v 0.25407812 -0.21569642 -0.22672813
v 0.25827312 -0.23239698 -0.23418358
v 0.25413272 -0.19275185 -0.23132740
v 0.26119462 -0.26512092 -0.23749760
v 0.26078221 -0.28053460 -0.23139520
v 0.26526484 -0.30411386 -0.24278137
v 0.26645157 -0.32832339 -0.24077778
v 0.26820573 -0.33218271 -0.24435456
v 0.26938695 -0.35451049 -0.24337734
v 0.26262701 -0.25983524 -0.24114712
v 0.25620580 -0.20867802 -0.23209246
v 0.27473715 -0.38120615 -0.25085670
v 0.27760953 -0.40610993 -0.25481817
v 0.27903727 -0.42059803 -0.25664467
v 0.28166303 -0.44496980 -0.25981933
v 0.28309831 -0.45842007 -0.26081526
v 0.28501773 -0.47254512 -0.26229489
v 0.28700837 -0.49983659 -0.26387438
v 0.27382624 -0.34570026 -0.25043306
v 0.28088209 -0.41430664 -0.25926855
v 0.17081152 0.05931233 -0.18021047
v 0.17896888 0.06359208 -0.18002072
v 0.17127746 0.05878691 -0.18301240
v 0.17219916 0.06128522 -0.17582072
v 0.17744026 0.06053799 -0.18513487
v 0.16868034 0.05190538 -0.18445000
v 0.09979558 0.05440548 -0.18618135
v 0.09477303 0.04890945 -0.19179066
v 0.07329510 0.04981479 -0.19290572
v 0.04461234 0.05338698 -0.19330540
v 0.00544107 0.04805243 -0.19825931
v -0.01353295 0.04789223 -0.19767392
v -0.05583931 0.05177967 -0.19435991
v -0.09415888 0.05163263 -0.19152184
v -0.00505431 0.05303644 -0.19352591
v -0.01134282 0.05733462 -0.18828698
v -0.15856278 0.05125016 -0.18490641
v -0.16964410 0.05541901 -0.18203557
v 0.23706798 0.05082801 0.26753297
v 0.23643602 0.04882563 0.27293035
v 0.29701257 -0.44730788 -0.24783641
v 0.23511241 0.02200121 -0.14503708
v 0.23824444 0.02026877 -0.13629182
v 0.22970821 0.01836704 -0.15299259
v 0.22719574 0.02109172 -0.15781265
v 0.22037765 0.02066312 -0.16477686
v 0.22363690 0.02144931 -0.16191012
v 0.24807130 0.01968603 -0.11060793
v 0.25439358 0.02089047 -0.09347214
v 0.26127076 0.02042464 -0.06990274
v 0.26120555 0.01355723 -0.04905185
v 0.25543949 0.02504024 -0.09817106
v 0.26034746 0.02463719 -0.08241901
v 0.25149542 0.02601665 -0.11269049
v 0.25477111 0.03298619 -0.11200920
v 0.26417115 0.02076401 -0.05613406
v 0.26461628 0.01669202 -0.02839658
v 0.26758969 0.01556310 -0.01028137
v 0.27208915 0.01896272 0.00921797
v 0.27284202 0.01560115 0.04756056
v 0.27258375 0.01425474 0.10468952
v -0.28985506 -0.36951780 0.30330727
v -0.29352468 -0.39363346 0.30544516
v -0.29331490 -0.39487094 0.30431435
v -0.29781577 -0.41914788 0.30413505
v -0.24990021 -0.06008285 0.28675994
v -0.25387153 -0.07551225 0.29112297
v -0.25532928 -0.07310936 0.28086746
v -0.25179645 -0.05948611 0.28000903
v -0.25882527 -0.09855568 0.29068318
v -0.26332352 -0.10563951 0.27942076
v -0.26601043 -0.12734908 0.28144237
v -0.26199532 -0.11821875 0.29097006
v -0.26490372 -0.14644675 0.29104391
v -0.26935926 -0.14333165 0.27712205
v -0.26545388 -0.10498501 0.27520850
v -0.26927951 -0.17752922 0.28710002
v -0.27238303 -0.17788839 0.27915904
v -0.26975417 -0.19360004 0.29183218
v -0.27370423 -0.23860033 0.29540452
v -0.27743918 -0.21432441 0.27955538
v -0.27786800 -0.24791971 0.28845328
v -0.27752107 -0.27099490 0.29669535
v -0.25812903 -0.07611872 0.27635339
v -0.28301549 -0.29755643 0.29539448
v -0.28110477 -0.29772675 0.30033424
v -0.28343016 -0.32173982 0.30254591
v -0.28745791 -0.32034326 0.29525119
v -0.29259238 -0.36000314 0.29700342
v -0.28723505 -0.29099548 0.28671679
v -0.28223220 -0.24604253 0.28104055
v -0.27203757 -0.13840017 0.27190104
v -0.26838058 -0.10664800 0.27138257
v -0.26074535 -0.06613189 0.26964945
v -0.27599585 -0.18400562 0.27560979
v -0.29988018 -0.37343308 0.28994823
v -0.30323404 -0.39731497 0.29122928
v -0.29399911 -0.31649953 0.28543839
v -0.30265060 -0.41899621 0.29618573
v -0.30903137 -0.42867675 0.28957605
v -0.30849478 -0.45309389 0.29445732
v -0.25296122 -0.05174606 0.27428663
v -0.29738736 -0.42191905 0.30655655
v -0.31404433 -0.46495703 0.29023513
v -0.29011396 -0.27649125 0.27958104
v -0.24451253 -0.04436797 0.28118891
v -0.25005892 -0.03650817 0.27119657
v -0.26093909 -0.04588884 0.26407617
v -0.26237816 -0.06277036 0.26692110
v -0.27319071 -0.10494000 0.26600194
v -0.26737347 -0.16670053 0.29286969
v -0.24423902 -0.05003163 0.29168087
v -0.26962730 -0.19561933 0.29451105
v -0.27721536 -0.27010149 0.29857641
v -0.23821461 -0.04050997 0.29179263
v -0.23797521 -0.03227075 0.28101969
v -0.23399429 -0.02671430 0.28054464
v -0.25028780 -0.06225790 0.29214787
v -0.24729313 -0.04646052 0.30237994
v -0.28567952 -0.09912755 0.25623915
v -0.28809351 -0.13561158 0.25877303
v -0.28742206 -0.07063685 0.25194156
v -0.27756736 -0.06979194 0.25672546
v -0.29302189 -0.16750009 0.26035336
v -0.28570768 -0.16860126 0.26476738
v -0.28984922 -0.20409486 0.26779824
v -0.30030823 -0.19302851 0.26080191
v -0.29685098 -0.21707717 0.26582798
v -0.29865977 -0.24849142 0.26897794
v -0.28853649 -0.05710627 0.24814998
v -0.27138546 -0.06432012 0.25972632
v -0.27783361 -0.10460997 0.26197952
v -0.27804324 -0.14434770 0.26695871
v -0.28965947 -0.24379717 0.27439585
v -0.28612247 -0.04671382 0.24685159
v -0.26976907 -0.04534201 0.25693715
v -0.28046781 -0.21709941 0.27706948
v -0.27813271 -0.17102976 0.27117351
v -0.30663896 -0.30951682 0.27201402
v -0.27119988 -0.03463819 0.25178540
v -0.29823080 -0.33861065 0.28526756
v -0.31097367 -0.34424466 0.27500504
v -0.30524790 -0.37054989 0.28384382
v -0.31558105 -0.39154798 0.27864519
v -0.30923793 -0.39251992 0.28433126
v -0.31402370 -0.42895055 0.28443107
v -0.31814191 -0.48142555 0.28987479
v -0.26018012 -0.01522368 0.25330633
v -0.24948095 -0.01409537 0.26257768
v -0.24273384 -0.02585060 0.27334556
v -0.25834858 -0.00246558 0.25176850
v -0.25093940 -0.00190677 0.25895867
v -0.24262680 -0.01249920 0.26742551
v -0.23907474 0.00906195 0.26692352
v -0.24939068 0.02245687 0.25669044
v -0.25621367 0.01814135 0.25059968
v -0.23104876 0.02860157 0.26646855
v -0.24010482 0.02981423 0.26058728
v -0.25238368 0.02962195 0.25211370
v -0.25357112 0.03423933 0.25121465
v -0.26631686 -0.02274630 0.25086117
v -0.27950343 -0.03326903 0.24408017
v -0.24985264 0.04336726 0.25700319
v -0.25565669 0.04557223 0.25185543
v -0.24947299 0.05046687 0.25808260
v -0.23940820 0.04752677 0.26437703
v -0.24375612 0.05577630 0.25988540
v -0.22872514 0.03892251 0.27196458
v -0.23157857 0.04721827 0.26976153
v -0.25594196 0.05240282 0.25177339
v -0.22736096 0.04740509 0.27375141
v -0.22226903 0.04367834 0.27772909
v -0.20868608 0.03963501 0.28373289
v -0.21771969 0.03658456 0.27881780
v -0.22625257 0.05038344 0.27071393
v -0.27183896 -0.02301190 0.24516854
v -0.27112767 -0.01971307 0.24134080
v 0.24302475 0.05375680 0.28349984
v 0.24026862 0.04947916 0.28012124
v -0.27925706 -0.04339102 -0.13890834
v -0.27952507 -0.04640783 -0.14632669
v -0.29140481 -0.03560960 -0.14758147
v -0.28957418 -0.04237049 -0.15573588
v -0.29202288 -0.02996099 -0.11969457
v -0.29478455 -0.02664250 -0.09672353
v -0.29635379 -0.02565522 -0.10776196
v -0.30091771 -0.02255791 -0.07684381
v -0.30084383 -0.02341857 -0.05988912
v -0.30473268 -0.02017783 -0.05112006
v -0.30555534 -0.02148589 -0.01676486
v -0.30650857 -0.02221610 0.01228917
v -0.30967030 -0.01987367 0.00330667
v -0.31193060 -0.02042591 0.02785082
v -0.30924794 -0.02223978 0.04062312
v -0.31423873 -0.01953018 0.05711080
v -0.31482348 -0.01851969 0.08385337
v -0.31875613 -0.01502779 0.07107577
v -0.31820384 -0.01553952 0.11285676
v -0.31426325 -0.01845089 0.16405402
v -0.31560305 -0.01717274 0.18391393
v -0.28960356 -0.05014436 -0.16359200
v -0.28895506 -0.06863151 -0.17554757
v -0.28311986 -0.07319681 -0.17177467
v -0.28534588 -0.08520032 -0.17864566
v -0.28018585 -0.08737863 -0.17515038
v -0.31879893 0.00137492 0.04277489
v -0.31920773 -0.01106072 0.04528601
v -0.32050028 -0.01094157 0.07044509
v -0.32068631 0.00168427 0.07397026
v -0.32075080 -0.01070105 0.09905062
v -0.32103512 0.00158704 0.12559029
v -0.32075313 -0.01091430 0.12918392
v -0.32046989 0.00269723 0.15004764
v -0.31968957 -0.01076958 0.17117904
v -0.31910238 0.00340076 0.17243855
v -0.31743398 -0.01104820 0.19718403
v -0.31630307 -0.01274989 0.02270098
v -0.31179005 0.00199483 -0.00484662
v -0.31948456 0.01156876 0.12070034
v -0.31217605 -0.01318215 -0.00187223
v -0.30933788 -0.01277347 -0.03283641
v -0.30983451 0.00116407 -0.02601928
v -0.30714417 0.00084089 -0.05305387
v -0.30456004 -0.01350613 -0.08147742
v -0.30421892 0.00101918 -0.07659666
v -0.29998353 0.00079338 -0.10331519
v -0.29918224 -0.01702464 -0.12058389
v -0.30432284 -0.01566477 -0.08066931
v -0.29982349 -0.01952328 -0.11234249
v -0.29722112 -0.02272043 -0.13219070
v -0.29555675 -0.02072385 -0.14305843
v -0.29332858 -0.03063238 -0.15137972
v -0.29237303 -0.03298068 -0.15924780
v -0.29145473 -0.04003200 -0.15939596
v -0.32026294 -0.01296871 0.12538210
v -0.29112875 -0.04429457 -0.16590224
v -0.29361805 -0.03110500 -0.14495715
v -0.31774497 -0.01525659 0.04535465
v -0.29028577 -0.04137469 -0.17123033
v -0.29071879 -0.05565314 -0.17021181
v -0.29007012 -0.06571145 -0.17774270
v -0.31730878 -0.01503990 0.18642077
v -0.31535545 -0.01720661 0.20799321
v -0.31522271 -0.01409714 0.21450447
v -0.30793506 -0.01812083 -0.02259580
v -0.29681060 -0.02450087 -0.12105154
v -0.29351208 -0.02997361 -0.13199289
v -0.29943326 -0.02225743 -0.10362382
v -0.29124758 -0.02178025 -0.16289130
v -0.28888413 -0.03267280 -0.17499952
v -0.28851169 -0.06443764 -0.18512762
v -0.31302094 -0.01142943 0.22667542
v -0.31238794 -0.02430790 0.23533824
v -0.31091687 -0.03947340 0.24654363
v -0.30961311 -0.05387413 0.25924695
v -0.31151593 -0.03073174 0.24603267
v -0.28775874 -0.04244813 -0.18042719
v -0.29095507 -0.08170582 -0.18523252
v -0.29656497 -0.00222451 -0.12569779
v -0.31611022 -0.00127251 0.19977656
v -0.29275709 -0.01160600 -0.15046516
v -0.31829563 0.01566736 0.14871840
v -0.31804353 0.01594713 0.07104290
v -0.31382445 -0.00030573 0.21067198
v -0.31626287 0.01591906 0.04668424
v -0.31444114 0.01468238 0.03010531
v -0.28977337 -0.08380842 -0.18320553
v -0.31387475 0.03386773 0.16497563
v -0.31486174 0.03419981 0.13181005
v -0.31401944 0.03499972 0.08591437
v -0.30935156 -0.01610452 0.24452220
v -0.30901146 -0.03044519 0.25516161
v -0.30813566 0.01594460 -0.00976426
v -0.31249481 0.03586400 0.17544226
v -0.31435642 0.01628390 0.18863007
v -0.30909607 0.03498008 0.19876742
v -0.28491080 -0.05782979 -0.19272360
v -0.31353518 0.03408483 0.07009963
v -0.30999655 0.01773614 0.20692793
v -0.28523687 -0.08427311 -0.20143673
v -0.29267251 -0.10481995 -0.18948971
v -0.28482288 -0.01790443 -0.17933160
v -0.29280293 -0.15270892 -0.20336588
v -0.29456496 -0.13592114 -0.19350515
v -0.29525763 -0.15472096 -0.19688813
v -0.29601759 -0.17632245 -0.20049588
v -0.29365715 -0.11999658 -0.18991375
v -0.29390904 -0.18290038 -0.21062362
v -0.30406684 0.01393097 -0.04809121
v -0.31316617 0.02550259 0.04383360
v -0.29255423 -0.00109032 -0.14045459
v -0.29709938 -0.18970151 -0.20524874
v -0.29826018 -0.20043570 -0.20826030
v -0.29930064 -0.21847759 -0.20968615
v -0.29869869 -0.21465439 -0.21163209
v -0.30086368 -0.23233731 -0.21258008
v -0.30847460 0.03215405 0.02658079
v -0.31265107 0.03863855 0.15631257
v -0.30001497 0.01450751 -0.07541014
v -0.28625202 -0.00699397 -0.16732529
v -0.30582717 0.02745547 0.00033630
v -0.30055580 0.02923808 -0.02860650
v -0.29938915 0.02973079 -0.03963333
v -0.29682201 0.03704651 -0.04161773
v -0.29609236 0.04064666 -0.04959556
v -0.29256514 0.05690693 -0.05224475
v -0.29184982 0.06206474 -0.06125328
v -0.29014835 0.08034915 -0.06361084
v -0.29006732 0.09807216 -0.07324656
v -0.28920868 0.11714344 -0.07979432
v -0.28827131 0.15059291 -0.09560455
v -0.28780201 0.16733783 -0.10400510
v -0.28723133 0.18635875 -0.11179226
v -0.29046661 0.06805334 -0.05446997
v -0.29199031 0.05359065 -0.04526086
v -0.29345497 0.04421121 -0.03402556
v -0.30234310 0.03637925 0.22359370
v -0.28846923 -0.15239295 -0.21318391
v -0.30486721 0.01725219 0.22548781
v -0.29127911 0.01047301 -0.12487134
v -0.30826280 0.01279842 0.21815355
v -0.30772847 -0.00184497 0.23504025
v -0.29684964 0.03532486 -0.02244776
v -0.31025413 0.04375541 0.12727369
v -0.30275112 0.03345273 -0.00083163
v -0.29757044 0.02394573 -0.06364708
v -0.30122215 0.01473171 0.23644084
v -0.30084637 -0.00074186 0.25310904
v -0.30790192 0.04520670 0.17732830
v -0.28832090 0.10315350 -0.07127433
v -0.29565629 0.03695112 0.24103467
v -0.30335101 0.04741224 0.19878112
v -0.28755480 0.08377077 -0.05888852
v -0.29244021 -0.22386485 -0.22494256
v -0.30866522 0.04608905 0.15755329
v -0.29737625 0.04763653 0.22367516
v -0.29310891 0.04753011 0.23539843
v -0.30961293 0.03475624 0.04483859
v -0.30497798 -0.01946712 0.25805950
v -0.30254084 -0.24913718 -0.21608718
v -0.30415082 -0.26679385 -0.21965098
v -0.29096758 0.03566270 0.25182420
v -0.29371166 0.01816902 0.25268713
v -0.28877702 0.06270489 -0.04626728
v -0.28948444 0.05055538 -0.03273196
v -0.30668035 -0.29035196 -0.22441183
v -0.30787274 -0.30674946 -0.22837830
v -0.30894676 -0.31710246 -0.22918004
v -0.30532080 -0.28244641 -0.22178733
v -0.30923620 0.04292608 0.09042735
v -0.30860436 0.04198089 0.07355506
v -0.30600312 -0.05513404 0.26591226
v -0.29463327 -0.16960829 -0.19740383
v -0.30503231 -0.07372682 0.26984647
v -0.30950490 -0.10292707 0.26991817
v -0.30935410 -0.12575498 0.27557907
v -0.30417252 -0.03209515 0.26390892
v -0.31406173 -0.15334490 0.27576602
v -0.28876781 0.02550926 0.25902554
v -0.28653827 0.01588547 0.26660386
v -0.29356623 0.01088694 0.25879648
v -0.30971676 -0.34076840 -0.23582084
v -0.30993408 -0.32874003 -0.23060739
v -0.31162196 -0.34823990 -0.23371698
v -0.31298858 -0.35251945 -0.23604561
v -0.31437072 -0.36544800 -0.23688772
v -0.31407762 -0.36865410 -0.23951395
v -0.31483364 -0.37983125 -0.23815933
v -0.31663278 -0.39173293 -0.24143592
v -0.28435957 0.04836490 0.25367290
v -0.29207620 0.04190991 -0.02075551
v -0.29734877 -0.01215134 0.26704955
v -0.31087643 -0.18028697 0.28718135
v -0.28028724 0.03619672 0.26885903
v -0.30550641 -0.09999131 0.27550915
v -0.31075630 -0.40201369 -0.23259935
v -0.29499763 0.04209498 0.00042481
v -0.30203420 0.03844224 0.01833644
v -0.31655264 -0.18548250 0.27976677
v -0.31854227 -0.20801397 0.28058660
v -0.32081664 -0.23854885 0.28154764
v -0.32188407 -0.25977957 0.27457538
v -0.32089755 -0.24277198 0.28709695
v -0.32348606 -0.27403525 0.28723249
v -0.32463810 -0.30903298 0.28044996
v -0.32414678 -0.28943899 0.29131019
v -0.32572788 -0.31368834 0.29376400
v -0.32799134 -0.34242857 0.29521346
v -0.32978481 -0.35962215 0.27880955
v -0.33034083 -0.36151364 0.29552183
v -0.33351427 -0.39533493 0.29775012
v -0.33547074 -0.41187170 0.29797757
v -0.34024161 -0.45457199 0.29497367
v -0.33941841 -0.44906592 0.28577009
v -0.34366333 -0.48750994 0.29644796
v -0.34409773 -0.49926558 0.28765041
v -0.33982822 -0.45594278 0.29802260
v -0.31978831 -0.24324153 0.28947407
v -0.31777778 -0.21874782 0.28771895
v -0.32979786 -0.36410210 0.29764631
v -0.30140835 0.05328104 0.17952843
v -0.28402865 0.16514996 -0.09705848
v -0.30110115 0.05476076 0.12334113
v -0.29120532 0.04677288 0.00059128
v -0.28454915 0.05446064 -0.01060710
v -0.28390136 0.05350392 -0.02801672
v -0.28212088 0.06203139 0.00961143
v -0.29262340 0.04484218 0.00775629
v -0.28456897 0.06307209 0.03868836
v -0.29291454 0.04799199 0.03795519
v -0.28873679 0.06262655 0.07091011
v -0.29369947 0.04894092 0.04648562
v -0.29353720 0.05549489 0.07240056
v -0.29484203 0.05833334 0.10040864
v -0.27745509 0.06264468 -0.01260031
v -0.27736422 0.06137689 -0.03255184
v -0.30132553 0.05482557 0.15828581
v -0.29166880 0.06393488 0.11827122
v -0.29578012 0.05956879 0.12952431
v -0.29982254 -0.31076398 -0.21625094
v -0.31782746 -0.41070119 -0.24202470
v -0.31828442 -0.41256028 -0.24384487
v -0.32062227 -0.43687594 -0.24514198
v -0.31810719 -0.43427715 -0.24781959
v -0.31328458 -0.46153659 -0.25915179
v -0.32233354 -0.46022892 -0.24750115
v -0.31688991 -0.49012184 -0.26154277
v -0.32416192 -0.48056957 -0.24939372
v -0.32566410 -0.49864709 -0.25212297
v -0.32475916 -0.49780324 -0.24920544
v -0.30747041 -0.36578351 -0.22722606
v -0.30212820 -0.34454462 -0.22050841
v -0.29776537 -0.03606959 0.27347833
v -0.34058583 -0.48603052 0.30034456
v -0.29055494 0.05606484 0.22272474
v -0.29492041 0.05703713 0.19882403
v -0.29174080 0.06420864 0.14777079
v -0.29506198 0.05949481 0.17628257
v -0.28391194 0.13835622 -0.08323112
v -0.31214535 -0.43369883 -0.23472670
v -0.29280826 -0.19286972 -0.20021231
v -0.30198663 0.04224209 0.04197919
v -0.29731318 -0.28020266 -0.21191157
v -0.30683941 -0.14883733 0.28383419
v -0.29030550 -0.05400528 0.28555739
v -0.29676196 -0.08545428 0.28260136
v -0.28244296 -0.07547613 0.30176821
v -0.28422648 -0.09764256 0.30260828
v -0.28113586 -0.06036497 0.29988697
v -0.29830930 -0.11042966 0.28581688
v -0.29638147 -0.13306220 0.29288346
v -0.28736216 -0.12638356 0.30305159
v -0.29341447 -0.16607276 0.30269089
v -0.29786381 -0.18570666 0.30214050
v -0.28072640 -0.05151754 0.29704222
v -0.28634804 -0.04239450 0.28780597
v -0.27314344 0.04788545 0.27041274
v -0.32353428 -0.33423573 0.29900232
v -0.31641299 -0.46795079 -0.24046102
v -0.29348552 -0.22267850 -0.20434165
v -0.29627025 -0.24898833 -0.20878966
v -0.30112028 0.04953056 0.07415891
v -0.31161591 -0.26493454 0.30207437
v -0.31488988 -0.29906052 0.30338141
v -0.33562374 -0.44434923 0.30165234
v -0.27724412 0.01554548 0.27772462
v -0.26765165 0.03598476 0.28457931
v -0.28816515 -0.10692766 -0.18440123
v -0.28358462 0.05678975 0.23821670
v -0.29035023 0.06319487 0.18651631
v -0.28745508 -0.01574560 0.27941722
v -0.26832512 0.01103872 0.28818247
v -0.32803789 -0.45917693 0.31107414
v -0.32597923 -0.41816771 0.30830306
v -0.30591199 -0.40261754 -0.22739764
v -0.30869621 -0.43545088 -0.23140860
v -0.30306590 -0.36867672 -0.22300166
v -0.29874727 -0.24372347 0.31197971
v -0.30809531 -0.22528313 0.29891926
v -0.28467575 0.05970526 -0.03740440
v -0.25973296 0.04786418 0.28593016
v -0.27439684 0.05725328 0.25541300
v -0.26887000 0.05448662 0.26721436
v -0.28883055 -0.14040034 -0.18895514
v -0.28984016 -0.16158618 -0.19223647
v -0.28368327 0.18225430 -0.10487404
v -0.28449586 0.20392278 -0.11736825
v -0.28582191 0.22857003 -0.13343625
v -0.29035065 -0.20690355 -0.20010981
v -0.28723654 -0.17660928 -0.19408661
v -0.29438028 -0.25321317 -0.20777142
v -0.30058455 -0.33776554 -0.21888725
v -0.29057598 -0.22954191 -0.20404735
v -0.28272292 -0.13839620 -0.18535291
v -0.28503150 -0.15235561 -0.18848501
v -0.28660303 -0.19843554 -0.19753981
v -0.27520964 -0.10508180 -0.17663458
v -0.30017313 -0.34916645 -0.22020942
v 0.32294780 -0.49990982 -0.25522926
v 0.32378063 -0.50017565 -0.25235474
v 0.28806162 -0.49968645 -0.26342684
v 0.28742099 -0.49785993 -0.25659800
v -0.27665502 -0.23668240 -0.20271863
v -0.29506603 -0.28255367 -0.21150923
v -0.27477336 -0.27765024 -0.20896393
v -0.29243797 -0.31436524 -0.21583067
v -0.27514610 -0.19623207 -0.19526282
v -0.27807570 -0.17853992 -0.19147855
v -0.27156970 -0.14908648 -0.18458959
v -0.27435836 -0.12473550 -0.18012339
v -0.27061471 -0.09822293 -0.17492993
v 0.12583049 0.05037498 0.32993749
v 0.09208600 0.04707960 0.33451995
v 0.12640245 0.03856412 0.32924253
v 0.10616717 0.05069917 0.33269516
v -0.27285901 -0.21429059 0.29848701
v -0.27478179 -0.23809923 0.29848835
v -0.27442887 -0.18056376 0.30241072
v -0.27291951 -0.15588754 0.30120295
v -0.28181031 -0.26202777 0.30525881
v -0.27724031 -0.21702150 0.30376169
v -0.27004161 -0.12656434 0.29983798
v -0.27720597 -0.17336731 0.30533379
v -0.28588888 -0.29555044 0.30732888
v -0.26985955 -0.10900849 0.30092582
v -0.28573838 -0.25874788 0.30977631
v -0.28323039 -0.22622085 0.30872250
v -0.25919273 -0.08422743 0.29466143
v -0.29091337 -0.34442008 0.30737907
v -0.29420158 -0.36990058 0.30800650
v -0.26623446 -0.08421265 0.30127290
v -0.30429882 -0.41846409 0.31339484
v -0.25833756 -0.06388147 0.30153266
v -0.28686485 -0.19485012 0.31204426
v -0.30719918 -0.47306278 0.31294459
v -0.29534930 -0.32399926 0.31280103
v -0.28043205 -0.13931875 0.30847698
v -0.27880794 -0.10985197 0.30739871
v -0.30732372 -0.39190957 0.31743500
v -0.30395752 -0.34872952 0.31687376
v -0.31047994 -0.41497126 0.31859607
v -0.31213498 -0.44376731 0.31776118
v -0.28336388 -0.17150953 0.31025892
v -0.29519206 -0.26820087 0.31633714
v -0.29425278 -0.25053847 0.31621554
v -0.30010366 -0.31229097 0.31667146
v -0.29095149 -0.22182426 0.31421158
v -0.28917938 -0.20544556 0.31286538
v -0.31471762 -0.46773255 0.31830513
v -0.26231244 -0.06277378 0.30501279
v -0.28232044 -0.14453317 0.30950007
v -0.27559540 -0.09215564 0.30594048
v -0.27208179 -0.08196687 0.30557469
v -0.26617119 -0.06542471 0.30569771
v -0.31776890 -0.49353296 0.31753129
v -0.25562078 -0.04766092 0.30710220
v -0.25165582 -0.05174978 0.30296388
v -0.31345078 -0.43532875 0.31832218
v -0.24764548 -0.03566428 0.30880603
v -0.29842085 -0.27965054 0.31694460
v -0.26126704 -0.05219031 0.30613163
v -0.28247938 -0.11863095 0.30691576
v -0.24051729 -0.02816699 0.30807430
v -0.24464598 -0.02649419 0.30952799
v -0.30290678 -0.32271367 0.31702814
v -0.23218906 -0.02056229 0.30838770
v -0.23780207 -0.01769120 0.31007162
v -0.28618300 -0.17387927 0.31041628
v -0.30707484 -0.37225243 0.31677672
v -0.22766849 -0.01497239 0.30987072
v -0.22878666 -0.00948047 0.31104141
v -0.30945158 -0.39183766 0.31741449
v -0.27946839 -0.09317490 0.30557480
v -0.25056648 -0.03718621 0.30834675
v -0.27181908 -0.07265615 0.30520102
v -0.27891898 -0.07530832 0.30374232
v -0.23807111 -0.01188827 0.30949920
v -0.31643620 -0.46604231 0.31791794
v -0.29419026 -0.23622024 0.31486741
v -0.22946618 0.00381103 0.30878234
v -0.22110733 -0.00697754 0.31333774
v -0.20420313 0.01093588 0.31638646
v -0.17039159 0.01124334 0.32511652
v -0.20143522 0.02016792 0.31506649
v -0.14891498 0.01489829 0.32837820
v -0.12109705 0.01483782 0.33217296
v -0.06548027 0.01450456 0.33711049
v -0.17854482 0.03135705 0.31783658
v -0.19871670 0.03019278 0.31302887
v -0.15660192 0.03228157 0.32193923
v -0.03859866 0.01346620 0.33900127
v -0.05128710 0.03210054 0.33414310
v 0.00087940 0.01388457 0.33992952
v -0.07141880 0.03096851 0.33270574
v -0.10394789 0.03202280 0.32927123
v -0.13276009 0.03241742 0.32572749
v 0.04819537 0.01462387 0.33908311
v 0.02246590 0.01857430 0.33887747
v -0.00266324 0.03274869 0.33539835
v 0.05006325 0.03261087 0.33482534
v 0.09327379 0.02019692 0.33482111
v 0.07565315 0.03289163 0.33362958
v 0.12487464 0.01690961 0.33162802
v 0.10169952 0.03342620 0.33126107
v 0.12505510 0.03363737 0.32841709
v 0.15261783 0.02655062 0.32551557
v 0.14168598 0.03395855 0.32568249
v -0.18687157 0.04052301 0.31861371
v -0.20985956 0.04083815 0.31215239
v -0.21906745 0.02753379 0.30677423
v -0.18677250 0.04985064 0.31917074
v -0.16861264 0.03871748 0.32244855
v -0.16403061 0.04972078 0.32423168
v -0.15485199 0.04242095 0.32508656
v -0.14808443 0.05258954 0.32632160
v -0.12853652 0.04330722 0.32908219
v -0.12678549 0.05244689 0.32971194
v -0.10574148 0.04986421 0.33344501
v -0.16894649 0.05217626 0.32297930
v -0.11853480 0.03858406 0.32998389
v -0.08943824 0.04439547 0.33504298
v -0.07171018 0.04970979 0.33703929
v -0.06259442 0.04179789 0.33706662
v -0.04290509 0.05046079 0.33790359
v -0.02454411 0.04119159 0.33771455
v -0.00076483 0.03926318 0.33769789
v -0.01100200 0.04637854 0.33813208
v -0.00349981 0.05081512 0.33780858
v 0.03591714 0.04965853 0.33758944
v 0.04835193 0.04118002 0.33722416
v 0.05858266 0.04641172 0.33717287
v 0.07359571 0.04977173 0.33615190
v 0.07301721 0.04116324 0.33592343
v -0.21414633 0.04862048 0.31072965
v -0.23268729 0.04199935 0.30493844
v -0.14715159 0.03840387 0.32540247
v -0.09296868 0.03804497 0.33329043
v 0.09410683 0.03690446 0.33325553
v 0.05517638 0.03554120 0.33582908
v -0.06652426 0.03586636 0.33527115
v -0.02828492 0.03531709 0.33626682
v -0.22727707 0.03040689 0.30536160
v -0.24358104 0.02792685 0.30047655
v -0.23132357 0.02425037 0.30285472
v -0.25146338 0.01842425 0.29830077
v -0.24745178 0.03959908 0.30000460
v -0.24400888 0.00526285 0.30198231
v 0.00569775 0.03530753 0.33643782
v -0.09906709 0.05250389 0.33355156
v -0.07765432 0.05283416 0.33511695
v -0.23620325 0.04729855 0.30263254
v 0.15326449 0.04412843 0.32457641
v 0.17103106 0.03490106 0.31996915
v 0.14452042 0.05156503 0.32598314
v 0.16520438 0.05111422 0.32175896
v 0.17232992 0.04230613 0.32031849
v 0.16924824 0.02042036 0.32318383
v 0.17466761 0.03165131 0.31985721
v 0.17608678 0.00032376 0.32434785
v 0.18411385 0.04994710 0.31695583
v 0.18475392 -0.01084608 0.32124689
v 0.19476423 0.03407774 0.31377327
v 0.20880519 -0.00085464 0.31503943
v 0.19900119 0.01687905 0.31572700
v 0.21606344 0.02902509 0.30894983
v 0.21671030 0.03722866 0.30699047
v 0.20081878 0.05016263 0.31173798
v 0.23754355 0.03610012 0.30193886
v 0.23685350 0.02473734 0.30389646
v 0.22453982 0.00016517 0.30986145
v 0.23784742 -0.00172586 0.30607080
v 0.23509139 -0.01538282 0.30672899
v 0.22419418 -0.01370026 0.30914456
v 0.24586402 -0.01647585 0.30401510
v 0.21152051 -0.01352223 0.31254014
v 0.20374148 -0.01283191 0.31514204
v 0.25246823 0.00192355 0.30077592
v 0.25144026 0.02533165 0.29882765
v 0.21827316 0.04996482 0.30546615
v 0.22887853 0.04033260 0.30288574
v 0.23512523 0.04897901 0.29867181
v 0.08940729 0.05312196 0.33340329
v -0.33053312 -0.49837187 0.31144148
v 0.25952157 -0.02860889 0.29943010
v 0.25124273 0.03586934 0.29691356
v 0.05177546 0.05322853 0.33550140
v 0.25678071 -0.04189771 0.30252147
v 0.27692488 -0.02923658 0.29239479
v 0.27086824 -0.01735117 0.29295194
v 0.28138357 -0.05346504 0.29641569
v 0.28296319 -0.06348261 0.29804426
v 0.28379148 -0.07558001 0.29884404
v 0.27661568 -0.09407844 0.30348718
v -0.25216731 0.03853601 0.29768869
v -0.23590815 0.00823148 0.30490169
v -0.24898368 -0.00820548 0.30211079
v -0.26194087 0.00161198 0.29409909
v -0.25852701 0.02272694 0.29413879
v -0.25390106 -0.01796658 0.30113077
v -0.25400016 -0.03548273 0.30624518
v -0.32197636 -0.42764553 0.31264439
v 0.28535891 -0.10618369 0.29914379
v -0.26431605 -0.03009163 0.29683128
v -0.26979128 -0.01289445 0.29226354
v -0.27688575 -0.02316319 0.29107159
v -0.26739907 -0.03484491 0.29665416
v -0.27930856 -0.04198657 0.29477671
v -0.26967406 -0.04943414 0.30096808
v -0.05129694 0.05548790 0.33462688
v -0.18680909 0.05386326 0.31719285
v 0.08612376 0.05896236 0.33035505
v 0.11309569 0.06214392 0.32560906
v 0.14652768 0.06248603 0.31992060
v -0.14428443 0.06192512 0.32183477
v -0.12602369 0.05869350 0.32591313
v -0.11025883 0.06153319 0.32631573
v 0.15395693 0.05985542 0.31946000
v 0.26437247 0.00230807 0.29399756
v 0.27467170 -0.00706531 0.28862551
v 0.24627528 0.04177497 0.29597571
v 0.24671602 0.04859979 0.29255930
v -0.31939504 -0.39304847 0.31097817
v -0.31203911 -0.35490471 0.31279331
v -0.31799877 -0.37364605 0.30975932
v 0.00204046 0.05972861 0.33239847
v -0.03465695 0.05886537 0.33267802
v -0.17800593 -0.01669494 0.32206255
v 0.03823924 0.05829543 0.33237138
v 0.17234997 0.05871571 0.31535617
v 0.19231410 0.05856310 0.30959302
v 0.17122002 0.06275425 0.31398299
v 0.18246715 0.06444793 0.30970877
v 0.19476426 0.06477792 0.30536154
v 0.20873089 0.06493999 0.30040911
v 0.21215519 0.05834268 0.30250299
v -0.20883666 0.05504122 0.30898252
v -0.16511734 0.06207334 0.31752929
v -0.28665927 -0.14919621 0.30690905
v -0.14414285 -0.01647573 0.32892242
v -0.10179563 -0.01587946 0.33390766
v -0.30301753 -0.29082277 0.31446800
v 0.15785247 0.06512502 0.31497321
v -0.07423871 0.06123177 0.32930467
v -0.01439251 0.06204778 0.33059010
v 0.26375228 0.03575674 0.28685024
v 0.23015463 0.06477606 0.29007187
v 0.23088314 0.05757096 0.29346043
v 0.24079089 0.06358363 0.28474200
v 0.28189144 -0.14080222 0.30676001
v 0.28419015 -0.16652948 0.30915296
v 0.28950569 -0.20603462 0.31225112
v 0.29427728 -0.20625070 0.30872208
v 0.30081785 -0.24786842 0.31127247
v 0.29869148 -0.17678525 0.29972342
v 0.29289535 -0.14863577 0.29892057
v -0.24868448 0.04763426 0.29510173
v -0.21963848 0.05685858 0.30299532
v -0.30992767 -0.32830203 0.31178626
v -0.18302390 0.06238858 0.31192985
v 0.04658511 0.06127070 0.32959434
v 0.30396587 -0.21752779 0.30203629
v 0.30430371 -0.28091395 0.31330472
v 0.31635320 -0.34308401 0.30844128
v 0.31923088 -0.36833093 0.30795133
v 0.32458016 -0.43226242 0.31039780
v 0.32892373 -0.45772773 0.30976811
v 0.32820883 -0.47097647 0.31136757
v 0.33051026 -0.37080970 0.29812717
v 0.31315315 -0.30289420 0.30745441
v 0.30904913 -0.25611913 0.30469483
v 0.28583616 -0.01436738 0.28005263
v -0.20114428 0.06318954 0.30435494
v 0.27568117 0.01934878 0.27978718
v 0.27078298 0.03641510 0.27973387
v -0.23613584 0.05551500 0.29545859
v 0.29701474 -0.10456953 0.28687081
v 0.30315316 -0.14776851 0.28817934
v 0.28754270 -0.09106836 0.29571563
v 0.25817412 0.04789476 0.28350323
v 0.25017968 0.06318118 0.27649319
v 0.25278965 0.05488672 0.27896827
v 0.25685281 0.06222906 0.27086315
v 0.25974989 0.05526557 0.27211681
v 0.26658413 0.05500018 0.26413682
v 0.26865751 0.06379126 0.25503218
v 0.27295408 0.05487491 0.25548103
v -0.28189388 0.27385834 -0.15661363
v -0.27962562 0.25282151 -0.13957670
v -0.27633604 0.29600883 -0.16275594
v -0.27270752 0.32333240 -0.17661834
v -0.26825693 0.34773189 -0.18781401
v -0.26503715 0.37295237 -0.20264533
v -0.24562518 0.43934816 -0.24251866
v -0.26369798 0.38355094 -0.21024507
v -0.25705916 0.40241924 -0.21807101
v -0.27752256 0.30794215 -0.17289057
v 0.31156096 -0.20382555 0.26617104
v 0.31743133 -0.23259158 0.26960653
v 0.31826636 -0.19492017 0.27065679
v 0.31362316 -0.18256131 0.26703060
v 0.32252347 -0.27443841 0.27209243
v 0.32357946 -0.28252694 0.27400225
v 0.32529694 -0.30869749 0.29000586
v 0.32426938 -0.29218972 0.29218534
v 0.32742006 -0.33607939 0.29596078
v 0.32383794 -0.29563880 0.29420331
v 0.32291475 -0.26421553 0.27399009
v 0.32562706 -0.33111376 0.27731827
v 0.32048628 -0.24609154 0.29017249
v 0.32878524 -0.34720227 0.29592738
v 0.31797653 -0.22873171 0.28927556
v 0.31761110 -0.19808334 0.28362575
v 0.30751970 -0.17091689 0.28889853
v 0.31677827 -0.17254619 0.27834427
v 0.31953728 -0.21045966 0.27531788
v 0.31873751 -0.21776451 0.28621677
v 0.31569082 -0.15954751 0.27688694
v 0.31319940 -0.14014691 0.27485350
v 0.31336665 -0.13785718 0.26846048
v 0.31263444 -0.13008888 0.27132922
v 0.31235433 -0.11977950 0.26687956
v 0.31152529 -0.13389486 0.26392791
v 0.31318462 -0.14381950 0.26649377
v 0.31061754 -0.15274867 0.26338232
v 0.31418607 -0.17074867 0.26759532
v 0.30424529 -0.09415550 0.25667164
v 0.31121480 -0.09900308 0.26340812
v 0.30880231 -0.11519008 0.27512869
v 0.32069284 -0.24237409 0.28772429
v 0.30199239 -0.16621685 0.25759479
v 0.31626052 -0.17350142 0.27241090
v 0.32096559 -0.23559321 0.27166209
v 0.30990627 -0.07474604 0.26008600
v 0.30442989 -0.07277004 0.25453639
v 0.29855865 -0.07408953 0.25040105
v 0.30363035 -0.04858148 0.24645075
v 0.30456975 -0.03930847 0.24135189
v 0.30339053 -0.03214223 0.23287973
v 0.31032842 -0.05395960 0.25447595
v 0.29878056 -0.09867376 0.25309634
v 0.31053361 -0.08103336 0.26258302
v 0.33175775 -0.37247849 0.29620934
v 0.33638009 -0.42065704 0.29762033
v 0.33667961 -0.41415858 0.29530522
v 0.33930483 -0.44211411 0.29464799
v 0.33901295 -0.43903211 0.28656459
v 0.34089458 -0.46191826 0.28704512
v 0.34068477 -0.46420175 0.29508808
v 0.34291878 -0.48444071 0.28653356
v 0.33354080 -0.44948167 0.30306929
v 0.30514815 -0.09421679 0.27509236
v 0.29386222 -0.05503746 0.27982873
v 0.30358475 -0.05046246 0.26600128
v 0.28506926 -0.03726115 0.28606001
v 0.29428831 -0.03687057 0.27507970
v 0.31029183 -0.06518944 0.25971174
v 0.29672295 -0.01232107 0.26765814
v 0.30518264 -0.02368272 0.25714728
v 0.29968482 -0.01405127 0.26373735
v 0.30803743 -0.01518255 0.24652517
v 0.29605463 0.01101110 0.25406113
v 0.30684322 0.01029418 0.22893246
v 0.31055710 -0.01568915 0.23949881
v 0.30226883 0.03551406 0.22769170
v 0.30709228 0.03496189 0.20877093
v 0.29657021 0.04841410 0.22205979
v 0.29726583 0.04705706 0.22321747
v 0.29012725 0.04705423 0.24038932
v 0.30179173 0.04665355 0.20410506
v 0.31022009 0.03373911 0.19282199
v 0.31197846 0.03623193 0.17252837
v 0.30562875 0.04434572 0.18409520
v 0.31008020 0.04084436 0.15853636
v 0.31427875 0.03597790 0.13075615
v 0.30960745 0.04155187 0.12609158
v 0.30910289 0.04066570 0.10148004
v 0.31416240 0.03377335 0.09783868
v 0.31529018 0.03139171 0.12047790
v 0.31361893 0.03052248 0.07165139
v 0.31675899 0.01931979 0.10747539
v 0.31595114 0.01499686 0.06712515
v 0.31296811 0.02665733 0.05307850
v 0.31159794 0.03177974 0.05654307
v 0.31312481 0.01410960 0.02820681
v 0.30956113 0.02478742 0.01644978
v 0.30854788 0.01539363 -0.00943832
v 0.30830276 0.00350030 -0.03327561
v 0.31153619 -0.00095847 -0.00665676
v 0.30550662 0.01090402 -0.04305885
v 0.30437237 0.00120821 -0.07728729
v 0.30148241 0.01966737 -0.04241750
v 0.30125222 0.00615902 -0.08762879
v 0.30773950 -0.00562538 -0.05375850
v 0.29723346 0.00591153 -0.11204119
v 0.31508580 0.00614000 0.03791361
v 0.31625131 -0.00292271 0.04485539
v 0.31751445 -0.00312546 0.07217961
v 0.31610942 -0.01700459 0.04731226
v 0.31463629 -0.01491510 0.02345423
v 0.31729519 -0.01485387 0.07172781
v 0.31865603 -0.00129503 0.12812345
v 0.31820002 -0.01467440 0.12568107
v 0.31760135 -0.01459108 0.17551886
v 0.31731230 0.00297235 0.17396416
v 0.31614500 -0.00264243 0.19574694
v 0.31623963 -0.01572931 0.20249262
v 0.31480429 -0.01485191 0.21387482
v 0.31266734 -0.01780964 0.00700205
v 0.30948350 -0.02005241 -0.02470067
v 0.31225207 -0.01644081 0.23197883
v 0.30669850 -0.01743947 -0.06357920
v 0.30401531 -0.02293962 -0.07691347
v 0.31300890 -0.01875854 0.22468007
v 0.31155342 -0.02360116 0.23436134
v 0.31686583 -0.01742439 0.14351559
v 0.30008051 -0.02617730 -0.10499971
v 0.29858860 -0.02506491 -0.12179496
v 0.29331464 -0.03718544 -0.14813106
v 0.29410341 -0.02621817 -0.15162039
v 0.29098806 -0.04846758 -0.16370521
v 0.29070675 -0.04615254 -0.17121451
v 0.29836828 -0.01403810 -0.12787303
v 0.30105755 -0.01359819 -0.11037008
v 0.31362832 -0.00519481 0.01231869
v 0.30590808 0.02283408 -0.00945551
v 0.31493866 0.03003572 0.15403955
v 0.29816639 -0.00120531 -0.11741355
v 0.31777433 0.01380587 0.12572159
v 0.30994788 0.02902966 0.03879492
v 0.29849821 0.02309600 -0.03865393
v 0.29873446 0.02685632 -0.04115637
v 0.29545161 0.03239032 -0.03848302
v 0.29833776 0.02745613 -0.04940448
v 0.30263126 0.04799265 0.18466745
v 0.29666099 0.04185903 -0.04974102
v 0.29482907 0.04287451 -0.04561632
v 0.29457965 0.04452497 -0.06197331
v 0.29477313 0.05586250 -0.05725761
v 0.29383510 0.07504604 -0.06715365
v 0.29158038 0.03993716 -0.04033656
v 0.30083090 0.03272692 -0.00800929
v 0.29308605 0.04128082 -0.02400085
v 0.29054412 0.04426011 -0.07912000
v 0.29072270 0.02427082 -0.07788634
v 0.28830180 0.05068695 -0.08760989
v 0.28908968 0.08931825 -0.09392422
v 0.29323921 0.09997363 -0.07811275
v 0.29145002 0.12607478 -0.09305125
v 0.28439963 0.10529456 -0.11151583
v 0.28387976 0.08848706 -0.10998379
v 0.27565879 0.11621380 -0.12770022
v 0.28068027 0.12533449 -0.12065459
v 0.28752956 0.14470473 -0.10961436
v 0.28463656 0.06745506 -0.10249217
v 0.29081684 0.14441878 -0.09931673
v 0.28998667 0.16564418 -0.10909967
v 0.29121071 0.16162556 -0.09759777
v 0.29026505 0.17579155 -0.10433751
v 0.28963184 0.19249569 -0.11293602
v 0.28870383 0.19197617 -0.12086350
v 0.28973520 0.16394253 -0.09515794
v 0.28868136 0.20121016 -0.12229773
v 0.28700960 0.22249742 -0.13303801
v 0.28606153 0.21871044 -0.13642989
v 0.28276569 0.19892566 -0.13773820
v 0.27799290 0.23602661 -0.15829280
v 0.27261320 0.20943722 -0.16247712
v 0.26988757 0.24436346 -0.17532469
v 0.28146705 0.27329797 -0.16066585
v 0.26540911 0.27627864 -0.18888105
v 0.26299253 0.25575474 -0.18851855
v 0.25108904 0.25090635 -0.20393339
v 0.25481927 0.20697214 -0.19129321
v 0.24777836 0.21592271 -0.20080118
v 0.26012048 0.15401548 -0.17191510
v 0.25045955 0.12484102 -0.17808533
v 0.26326910 0.13326810 -0.16080645
v 0.25997016 0.11897969 -0.16141240
v 0.26386589 0.10424768 -0.14693107
v 0.25105956 0.08209099 -0.16047230
v 0.26255214 0.08024296 -0.13791321
v 0.26001298 0.06919274 -0.13570035
v 0.24570671 0.06836162 -0.16202165
v 0.24511607 0.04621281 -0.14969459
v 0.25412053 0.04799898 -0.13448475
v 0.26193559 0.04854249 -0.12256196
v 0.27252033 0.03499572 -0.11550860
v 0.23682994 0.04379006 -0.16406380
v 0.26969758 0.04786698 -0.11301315
v 0.27591246 0.06436881 -0.11225432
v 0.24212547 0.03944824 -0.15743023
v 0.27788070 0.02907078 -0.11065406
v 0.28281477 0.02503147 -0.10324872
v 0.28567222 0.02520534 -0.09446104
v 0.27049425 0.08052756 -0.12537134
v 0.27662811 0.04521270 -0.10497687
v 0.24621007 0.09996798 -0.17538740
v 0.26951957 0.11502969 -0.13948564
v 0.27041426 0.14743857 -0.14921273
v 0.26489392 0.15833385 -0.16544966
v 0.26077136 0.29410735 -0.19902632
v 0.27440110 0.31423405 -0.18152830
v 0.24681970 0.28946602 -0.21678226
v 0.24701364 0.31784880 -0.22242129
v 0.24140546 0.34738734 -0.23521842
v 0.24646868 0.36607939 -0.23280536
v 0.25248337 0.33016258 -0.21798378
v 0.26285368 0.37191346 -0.21217120
v 0.26095030 0.33915883 -0.20775464
v 0.26675105 0.35516882 -0.20260242
v 0.26635382 0.36343384 -0.20413493
v 0.27124292 0.33037469 -0.18935107
v 0.27019164 0.34281805 -0.19057950
v 0.26760161 0.35804629 -0.19472541
v 0.26395699 0.37690800 -0.20599197
v 0.27190417 0.33311120 -0.18315174
v 0.26248544 0.38221049 -0.21374306
v 0.25706980 0.39543149 -0.22568633
v 0.24562620 0.39388523 -0.24002612
v 0.25397560 0.41561270 -0.23458746
v 0.25050160 0.42725360 -0.24246076
v 0.25227752 0.42500448 -0.23727275
v 0.24688128 0.44284767 -0.24795675
v 0.24237597 0.45169982 -0.25667793
v 0.24302685 0.44401416 -0.25700238
v 0.23616175 0.45983630 -0.26732078
v 0.23242559 0.46148139 -0.27247688
v 0.22531620 0.47353417 -0.27963635
v 0.21855286 0.47766155 -0.28815117
v 0.23788455 0.39326391 -0.24901940
v 0.25684071 0.40863630 -0.22388300
v 0.25789630 0.40042067 -0.22482815
v 0.25969091 0.30993745 -0.20400605
v 0.27657092 0.29778504 -0.17473421
v 0.27799660 0.30107746 -0.17104283
v 0.27574933 0.31402725 -0.17260458
v 0.27705994 0.30502656 -0.16638343
v 0.28006905 0.29024658 -0.16278374
v 0.28292543 0.26848343 -0.14927638
v 0.28333327 0.25701088 -0.15292381
v 0.28422096 0.25601843 -0.14210156
v 0.28605467 0.23526779 -0.13283043
v 0.26524216 0.19890201 -0.17425746
v 0.27322540 0.18216836 -0.15325122
v 0.28740862 0.22072138 -0.12490135
v 0.28773531 0.17483650 -0.11805686
v 0.28822604 0.20688796 -0.11761885
v 0.28470045 0.24583595 -0.14645961
v 0.28721246 0.14647458 -0.08496870
v 0.28903538 0.13087939 -0.07860208
v 0.28928509 0.11257782 -0.07068065
v 0.29201123 0.10320792 -0.07098768
v 0.29256654 0.12631048 -0.08248780
v 0.28915402 0.09531877 -0.06300356
v 0.29209471 0.08266106 -0.06096735
v 0.29040682 0.07145461 -0.05420215
v 0.28996521 0.05559259 -0.04712781
v 0.28295860 0.05533509 -0.10146554
v 0.27908799 0.16276681 -0.13261166
v 0.27318338 0.32527170 -0.18399838
v 0.23587407 0.03939550 -0.16552903
v 0.29181987 0.14561926 -0.09296667
v 0.24648659 0.43737638 -0.25075671
v 0.26071429 0.39121476 -0.21417361
v 0.29308647 0.11640346 -0.08185359
v 0.28170151 0.14835696 -0.12275040
v 0.30956596 0.03587975 0.06241452
v 0.30245870 0.04464641 0.07059900
v 0.30143255 0.04070274 0.03308915
v 0.29217228 0.04828568 0.01608298
v 0.29714692 0.04179684 0.00658438
v 0.28725263 0.04790642 -0.02369678
v 0.31392378 0.02990144 0.17104669
v 0.29350641 0.07434934 -0.06119638
v 0.29261383 0.05333880 -0.07164840
v 0.27761737 0.09598538 -0.12015328
v 0.31070319 0.01281836 0.21108241
v 0.29740235 0.03572719 0.23956504
v 0.29128370 0.02030007 0.25926366
v 0.31051683 -0.01293333 -0.02484902
v 0.30438262 0.03546586 0.02651032
v 0.30522344 -0.01536354 -0.08021585
v 0.30226877 0.02446947 -0.01896542
v 0.28360084 0.03811990 -0.09721141
v 0.34366718 -0.48751992 0.29303125
v 0.29285803 -0.00650681 -0.14702359
v 0.29194719 0.00361007 -0.13802038
v 0.28956577 0.01144691 0.26629573
v 0.28165171 0.03603002 0.26776794
v 0.27064347 0.04828209 0.27048475
v 0.28325838 0.04704879 0.25470501
v 0.28628954 0.04711138 -0.04109919
v 0.30940619 -0.04052745 0.24719217
v 0.31069407 -0.03782146 0.24902965
v 0.29094231 0.14137207 -0.08609585
v 0.28244394 0.08019790 -0.11009558
v 0.29244131 -0.02301451 -0.16182004
v 0.27058434 0.10210048 -0.13256508
v 0.31038073 -0.09663438 0.26646945
v 0.29124814 0.03600716 0.25280398
v 0.30692190 0.02686941 0.01281307
v 0.29039967 -0.03503973 -0.17447665
v 0.29014933 -0.05624098 -0.17913677
v 0.28757125 -0.04727705 -0.18442717
v 0.28471047 -0.06457211 -0.19825768
v 0.28906795 -0.08009476 -0.19176577
v 0.28752938 -0.01819834 -0.17231312
v 0.28162780 -0.00661602 -0.17617169
v 0.29111797 -0.07991001 -0.18336213
v 0.29232204 -0.09813855 -0.18656585
v 0.29098612 -0.08091979 -0.18086755
v 0.29349047 -0.11667216 -0.19041544
v 0.29422334 -0.13020143 -0.19401446
v 0.30888411 0.00076961 0.23033103
v 0.29506409 -0.14489987 -0.19732581
v 0.29560572 -0.16629931 -0.20030949
v 0.29002267 -0.15318200 -0.21305852
v 0.29458374 -0.18044698 -0.21011190
v 0.29282179 -0.19590127 -0.21941258
v 0.29723772 -0.18902062 -0.20698383
v 0.29850289 -0.19973826 -0.20941946
v 0.30058119 -0.22814268 -0.21311083
v 0.30173656 -0.24138458 -0.21540199
v 0.29746640 -0.23115367 -0.21894628
v 0.30357587 -0.25950354 -0.21888220
v 0.29269230 -0.21854326 -0.22513665
v 0.29954776 -0.21435897 -0.21226545
v 0.29598030 -0.17759657 -0.20290647
v 0.29835922 -0.28684372 -0.21369620
v 0.30687124 -0.30152684 -0.22548324
v 0.30873850 -0.31500122 -0.22901936
v 0.30770838 -0.30497411 -0.22827384
v 0.30626419 -0.28851146 -0.22438031
v 0.30555284 -0.33418024 -0.24167272
v 0.31046617 -0.33631751 -0.23181224
v 0.30537426 -0.36446288 -0.22456521
v 0.31305754 -0.35430777 -0.23590915
v 0.31674296 -0.39183816 -0.24113049
v 0.31459945 -0.37098581 -0.23963159
v 0.31748775 -0.40499908 -0.24159537
v 0.31944719 -0.42935339 -0.24472792
v 0.31588483 -0.45295775 -0.24046999
v 0.31634772 -0.47904488 -0.24146295
v 0.32035866 -0.44581780 -0.24702635
v 0.32180983 -0.46491423 -0.24888705
v 0.32336515 -0.48488781 -0.25117674
v 0.31679851 -0.39488754 -0.24229279
v 0.30862904 -0.38799876 -0.25043163
v 0.31022537 -0.33694580 -0.23383033
v 0.30485597 -0.27379975 -0.22119552
v 0.32270467 -0.48059186 -0.25156218
v 0.28798515 -0.00447936 -0.15991031
v 0.29076168 -0.06535712 -0.17611347
v 0.29404315 0.05590830 -0.05301757
v 0.31056681 -0.04817140 0.25371733
v 0.24920064 0.05444985 0.28306109
v 0.28016013 0.05058641 0.25361007
v 0.28032273 0.05513646 0.24085452
v 0.27489156 0.06437395 0.24228370
v 0.28059065 0.06288724 0.23200722
v 0.28230003 0.06479993 0.22509328
v 0.27576241 0.06988527 0.22234237
v 0.26517472 0.06949872 0.24519585
v 0.26563102 0.07309322 0.22599012
v 0.25022152 0.07336178 0.25094083
v 0.25737080 0.06938629 0.25626659
v 0.25053474 0.06880410 0.26655459
v 0.26155561 0.06437480 0.26253945
v 0.25277770 0.06557179 0.27127501
v 0.23189077 0.07146107 0.27401218
v 0.23669642 0.07447968 0.25567949
v 0.24098080 0.07612416 0.23419593
v 0.21683978 0.07255745 0.27697292
v 0.21892458 0.07582688 0.25246546
v 0.20672545 0.07377881 0.27540082
v 0.17961115 0.07229996 0.29195982
v 0.20549181 0.06907608 0.29517889
v 0.16373275 0.06920010 0.30606091
v 0.13382974 0.06960370 0.30917054
v 0.12425303 0.06325611 0.32256472
v 0.11569940 0.06538311 0.31968647
v 0.06304677 0.06534088 0.32218024
v 0.00154260 0.06419426 0.32672030
v -0.05026590 0.06645451 0.32027867
v -0.01981901 0.06817254 0.31688526
v -0.08502497 0.06602921 0.32075965
v -0.11306959 0.06544948 0.32021096
v -0.11174382 0.07067914 0.30518618
v -0.15534148 0.06960458 0.30428261
v -0.14954042 0.07382888 0.28870672
v -0.17873856 0.07325698 0.28446943
v -0.19860061 0.06984878 0.29047269
v -0.18293014 0.06799713 0.30108148
v -0.19463275 0.07380074 0.27436528
v -0.21766782 0.06882463 0.28469035
v -0.16045532 0.07635396 0.26774794
v -0.19759953 0.07637531 0.25017050
v -0.22430637 0.07384848 0.25786752
v -0.16712904 0.07809853 0.24471401
v -0.13932975 0.07782085 0.25881574
v -0.13094895 0.07981074 0.22574729
v -0.20952286 0.07755347 0.22309013
v -0.17903921 0.07974352 0.20451483
v -0.21856438 0.07961477 0.18867438
v -0.23845416 0.07737213 0.20823164
v -0.21295770 0.08061564 0.17226040
v -0.23746204 0.07980941 0.17204010
v -0.21753955 0.08098298 0.15862903
v -0.23816767 0.08024126 0.14720574
v -0.22207732 0.08136638 0.12261117
v -0.23809271 0.08015514 0.12446590
v -0.23667322 0.07982785 0.08816443
v -0.21960680 0.08148298 0.05109694
v -0.23760059 0.07896619 0.04348164
v -0.22159010 0.08091979 0.01996210
v -0.23573226 0.07810890 0.01201283
v -0.23761690 0.07585681 -0.03273423
v -0.25273043 0.07346049 -0.00977882
v -0.25021917 0.07193675 -0.04510796
v -0.24220231 0.07347758 -0.05905911
v -0.25228584 0.07056294 -0.06529439
v -0.25820664 0.07017127 -0.05466393
v -0.26620880 0.06700866 -0.04129811
v -0.27159142 0.06822897 -0.04368405
v -0.27716160 0.06369556 -0.03748099
v -0.27125412 0.06463397 -0.03451181
v -0.24800037 0.07069501 -0.07516864
v -0.26361182 0.06888684 -0.02243622
v -0.22153305 0.07839490 -0.04911305
v -0.20573983 0.08246046 0.05752061
v -0.20303124 0.08232213 0.01584115
v -0.14724950 0.08489569 0.05258344
v -0.17632063 0.08378170 0.08758342
v -0.12486187 0.08568271 0.06856561
v -0.13585050 0.08471469 0.11356286
v -0.10070734 0.08588067 0.08867848
v -0.06906597 0.08647067 0.03039767
v -0.03765720 0.08665723 0.05592080
v -0.04150286 0.08587079 0.09197778
v -0.06660390 0.08628671 0.00177286
v -0.12374336 0.08461087 -0.02374225
v -0.08367923 0.08508343 -0.03488885
v -0.01135774 0.08623930 -0.02173582
v -0.01765928 0.08429562 -0.06976752
v 0.03299912 0.08300082 -0.09579396
v 0.05111541 0.08505238 -0.04042261
v 0.05228246 0.08593899 -0.01143449
v 0.08879051 0.08495159 -0.02326825
v 0.06953675 0.08604817 0.02043902
v 0.12028556 0.08452326 0.01243578
v 0.13428478 0.08343175 -0.01480428
v 0.18526074 0.08167104 -0.01350332
v 0.20125946 0.08167063 0.03545339
v 0.12498492 0.08472226 0.05647652
v 0.20195040 0.08101149 -0.00625574
v 0.20334829 0.07931034 -0.05341247
v 0.22097433 0.07780810 -0.05286898
v 0.20292293 0.07728378 -0.08251529
v 0.22072965 0.07413030 -0.08808506
v 0.20421545 0.07339032 -0.10902312
v 0.17538224 0.07509527 -0.12154477
v 0.18654169 0.07337534 -0.12419216
v 0.20253949 0.07049035 -0.12622222
v 0.16115694 0.07328100 -0.14061752
v 0.12540217 0.07668725 -0.13361683
v 0.12934320 0.07255196 -0.15546708
v 0.08349453 0.07424303 -0.15934700
v 0.11265563 0.06778298 -0.16749828
v 0.06137397 0.07839134 -0.13896582
v 0.03341395 0.07781070 -0.15901193
v 0.07265066 0.08034736 -0.12128268
v 0.11572801 0.07943428 -0.11644604
v 0.06341703 0.07302483 -0.16617778
v 0.02924471 0.08124637 -0.12659428
v 0.14997673 0.06474081 -0.16766429
v 0.15049447 0.07016352 -0.15612082
v 0.17492162 0.06479106 -0.16068949
v 0.16353354 0.05887612 -0.17482953
v 0.18464111 0.05980965 -0.16614790
v 0.20199533 0.05900689 -0.15824516
v 0.19948861 0.06486775 -0.14701544
v 0.21539995 0.06128293 -0.14255041
v 0.21976154 0.06531993 -0.12670448
v 0.24347599 0.06523553 -0.09639961
v 0.23192008 0.06970749 -0.09628953
v 0.24345016 0.07011041 -0.07705227
v 0.25745851 0.06966154 -0.04472375
v 0.26698026 0.06613871 -0.04114174
v 0.27818012 0.05999477 -0.02755039
v 0.28195781 0.05204135 -0.02229369
v 0.28145263 0.05681627 -0.01460604
v 0.28303504 0.05978588 0.00611422
v 0.28665403 0.05252568 0.01594763
v 0.29074681 0.05261901 0.05001246
v 0.29364637 0.05257315 0.07847471
v 0.30366114 0.04682135 0.11500724
v 0.29722768 0.05197101 0.12219080
v 0.29513124 0.05579089 0.11895700
v 0.29570121 0.05354119 0.16431838
v 0.29354689 0.06059023 0.14821090
v 0.29183036 0.06230299 0.18239082
v 0.29083428 0.06458525 0.17012024
v 0.28773135 0.06521140 0.20082922
v 0.29031867 0.06174107 0.20004278
v 0.28654811 0.06228783 0.21618280
v 0.29264599 0.05481988 0.20197609
v 0.29038584 0.05504330 0.21320495
v 0.29441842 0.05376716 0.18374637
v 0.29074833 0.06443489 0.12467483
v 0.28369942 0.07007445 0.16439736
v 0.28249165 0.06997517 0.12057847
v 0.28711432 0.06368843 0.06805759
v 0.27805531 0.06981809 0.07273655
v 0.26895481 0.07505332 0.11375247
v 0.26622164 0.07442836 0.07327409
v 0.27473435 0.06962158 0.04322003
v 0.26521817 0.07381311 0.05355069
v 0.24962939 0.07746246 0.07506067
v 0.24260892 0.07774304 0.03015578
v 0.24976477 0.07522007 -0.00221503
v 0.23398423 0.07766446 -0.00550941
v 0.24670388 0.07396269 -0.03584226
v 0.23240340 0.07589148 -0.05153572
v 0.23770735 0.07913969 0.07233531
v 0.23869203 0.07967691 0.13415059
v 0.22732386 0.08034122 0.13492805
v 0.23985460 0.07962254 0.16511118
v 0.24935295 0.07906593 0.15964787
v 0.22978841 0.07987773 0.17271799
v 0.19301295 0.08180230 0.12674436
v 0.14585346 0.08257262 0.13991255
v 0.11232754 0.08492485 0.08487691
v 0.07062372 0.08405466 0.13207707
v 0.07448685 0.08553682 0.08744049
v 0.02695121 0.08607674 0.07727361
v 0.02833521 0.08333605 0.15633962
v 0.00385143 0.08439199 0.13232926
v 0.16528851 0.08086651 0.18588246
v -0.03589294 0.08311184 0.17329617
v -0.01208998 0.08180487 0.20705032
v -0.08887091 0.08247524 0.18992804
v 0.25222650 0.07824314 0.19416989
v 0.23508880 0.07851337 0.20113938
v 0.26681423 0.07626095 0.16002260
v -0.10665967 0.08131692 0.20935981
v -0.11668378 0.08228524 0.18705855
v -0.01442549 0.07985677 0.23623769
v 0.03186115 0.08107055 0.21518087
v 0.05096468 0.07907266 0.24412599
v -0.01788734 0.07787180 0.26953027
v 0.11273344 0.07693253 0.27175370
v 0.13608818 0.07813737 0.25400075
v 0.11829418 0.07998960 0.21945257
v 0.10126842 0.07545394 0.28665906
v 0.06180777 0.08210203 0.18629304
v 0.22098939 0.08070646 0.07060916
v 0.11182129 0.08129880 0.19644035
v 0.26418012 0.07134928 -0.00080890
v 0.25507304 0.07743417 0.11989842
v 0.28592032 0.06227585 0.03970611
v 0.27309948 0.07475629 0.16543402
v 0.29352304 0.06017675 0.12215675
v 0.29010472 0.06177629 0.07833754
v 0.29051533 0.05544743 0.05700876
v 0.28573135 0.05829499 0.01915724
v 0.28166917 0.06194410 0.00871187
v 0.27986422 0.05974451 -0.01404686
v 0.27522510 0.06566631 0.00105511
v 0.26527375 0.07016092 -0.01271377
v 0.13933170 0.05696661 -0.18109080
v 0.12010290 0.05940014 -0.17964828
v 0.15359171 0.07791626 -0.11074908
v 0.11893340 0.08071731 -0.09619426
v 0.17316489 0.07024080 -0.14806105
v 0.18612595 0.06933217 -0.14300318
v 0.17709120 0.07817557 -0.09625532
v 0.21566385 0.06889173 -0.11873256
v 0.18347850 0.07864974 -0.08415363
v 0.23654604 0.07273546 -0.07477756
v 0.19408849 0.08214810 0.09631889
v 0.14784317 0.08131990 -0.06309494
v 0.05328869 0.08641749 0.04737863
v 0.22077155 0.07980847 0.00687058
v -0.00557600 0.08265959 -0.10924336
v -0.12736547 0.08338647 -0.05837825
v -0.17167459 0.08264294 -0.04503487
v -0.14796866 0.08223949 -0.06912612
v -0.12800495 0.08143002 -0.09336961
v -0.18043347 0.08124287 -0.06425867
v -0.20400885 0.08084139 -0.04742735
v -0.19389407 0.08248509 -0.00460606
v -0.20651859 0.07787979 -0.08283120
v -0.18044916 0.07913916 -0.08881820
v -0.20549588 0.07269862 -0.12427036
v -0.18709829 0.07446857 -0.12731545
v -0.18862709 0.07225416 -0.14138763
v -0.20431609 0.06918770 -0.14259270
v -0.22538359 0.06882986 -0.12436268
v -0.21177281 0.06694337 -0.14357953
v -0.22395422 0.07310663 -0.10137222
v -0.17553625 0.07317161 -0.14616957
v -0.04977010 0.08255241 -0.10371937
v -0.00106887 0.08108758 -0.13562067
v -0.05363243 0.08176973 -0.11345871
v -0.03254174 0.07829547 -0.15800513
v -0.06910868 0.07854409 -0.13636346
v -0.12843993 0.07747430 -0.13286997
v -0.07717799 0.07481005 -0.15926751
v -0.12481366 0.07958604 -0.11649032
v -0.14998922 0.08007252 -0.10022819
v -0.09144295 0.08409166 0.14313735
v -0.16376688 0.07732246 -0.12022740
v -0.15731293 0.07359462 -0.15010011
v -0.13124704 0.07402045 -0.15340357
v -0.15844652 0.06526120 -0.16768672
v -0.11470199 0.06953544 -0.16455054
v -0.12683582 0.06163439 -0.17684618
v -0.16697635 0.06160667 -0.17280486
v -0.11342987 0.05544614 -0.18883406
v -0.10539537 0.06054163 -0.18226995
v -0.17930864 0.06310213 -0.16702765
v -0.07215577 0.06419162 -0.18132149
v -0.04424294 0.06123417 -0.18806811
v -0.04836235 0.05503156 -0.19605736
v -0.00067649 0.05484658 -0.19650018
v -0.00054415 0.06141436 -0.18809572
v 0.04515510 0.05484635 -0.19616121
v 0.07658158 0.05211611 -0.19502653
v 0.04238996 0.06402046 -0.18375638
v -0.00100033 0.06812563 -0.17822734
v -0.03403401 0.06733061 -0.17918283
v -0.00088560 0.07457529 -0.16749975
v 0.09627341 0.05563693 -0.18920827
v -0.03808373 0.05205825 -0.19926371
v -0.07682012 0.05414190 -0.19499700
v -0.14989108 0.08435201 0.00384617
v -0.25391075 0.07399446 0.01270504
v -0.25189805 0.07617885 0.05019249
v -0.26421377 0.07362162 0.06487602
v -0.25534731 0.07616256 0.07444249
v -0.27288964 0.07355832 0.11568163
v -0.27784193 0.07073316 0.08775844
v -0.28159118 0.07019943 0.12808697
v -0.27616340 0.07275231 0.15576458
v -0.28226092 0.06941240 0.16312246
v -0.27573475 0.07251488 0.17487913
v -0.28648201 0.06288259 0.20778108
v -0.28063443 0.06335235 0.22543177
v -0.27156496 0.06407323 0.24244913
v -0.26430064 0.06393015 0.25509223
v -0.26166365 0.05763784 0.27111045
v -0.25184941 0.06385332 0.27034715
v -0.24942414 0.05512593 0.28682974
v -0.23487207 0.06337709 0.28557923
v -0.23762588 0.06952789 0.26878199
v -0.25068626 0.06990618 0.25409722
v -0.23509035 0.07288803 0.25552198
v -0.25197342 0.07344344 0.23353884
v -0.26332426 0.06919782 0.23706198
v -0.26777959 0.07098230 0.21829006
v -0.26408872 0.07503525 0.19298145
v -0.27488354 0.07032332 0.20183939
v -0.27475342 0.06916950 0.04828987
v -0.28688785 0.06407108 0.06859449
v -0.26553795 0.07543834 0.12531731
v -0.25093728 0.07862336 0.13823523
v -0.20417535 0.08236606 0.11729009
v -0.20620792 0.08170703 -0.00628566
v -0.25269571 0.07782961 0.19045588
v -0.10800544 0.07403235 -0.15668125
v 0.07682398 0.08226419 -0.09380214
v -0.03610091 0.07425766 -0.16716622
v -0.16663085 0.08171454 0.17586318
v 0.00021561 0.07884138 -0.15798052
v -0.23529923 0.07528728 0.23546004
v 0.03867168 0.07280456 -0.17014413
v -0.15995286 0.06535314 0.31348270
v -0.10595319 0.07534165 0.28583619
v -0.06246405 0.07526449 0.28738189
v -0.06119595 0.07667330 0.27619264
v -0.21223904 0.06251109 0.30012977
v -0.21850164 0.07200637 0.27231488
v -0.03188749 0.07215882 0.30337173
v 0.03750940 0.06837463 0.31553009
v 0.02339171 0.07230519 0.30329689
v 0.00967962 0.07606062 0.28617641
v -0.03547246 0.07589071 0.28610498
v -0.21371798 0.07698424 -0.08222553
v -0.23366803 0.07339340 -0.08305898
v -0.24229889 0.07081838 -0.09012174
v 0.19290224 0.07657050 0.25414184
v 0.19820781 0.07888548 0.21018335
v 0.23261562 0.06911004 0.28069907
v 0.25120670 0.07594249 0.22955070
v 0.27219510 0.07432385 0.19868562
v 0.28666961 0.05519883 0.22606018
v 0.28266749 0.06939887 0.19753858
v -0.23678297 0.07038428 -0.10286139
v -0.18109173 0.06965181 -0.15315863
v 0.06957737 0.06428643 -0.18041421
v -0.25422791 0.07828480 0.17044555
v -0.27002573 0.06869144 0.01017004
v 0.30339792 0.04782550 0.14920905
v 0.28853914 0.05932858 0.04703496
v -0.01067387 0.08670984 0.00521966
v -0.27532327 0.06612144 0.00852200
v -0.03674037 0.08496062 0.12662919
v 0.16877282 0.07787024 0.24873823
v 0.16603284 0.07603930 0.27140945
v 0.15691981 0.07408475 0.28918630
v 0.12638462 0.07299601 0.29691428
v 0.07889086 0.07258159 0.30104604
v -0.05395569 0.07817817 0.26138923
v 0.29021430 -0.45929274 -0.25666440
v 0.29121557 -0.45259485 -0.25452495
v 0.29090095 -0.45587057 -0.24947865
v 0.29052550 -0.46934083 -0.24850629
v 0.28845286 -0.49821487 -0.25079137
v 0.29123935 -0.49384826 -0.24696124
f 2068 2 1
f 2068 1 3
f 2296 2295 3365
f 4 5 6
f 2297 5 2295
f 2 2298 2299
f 1 2 3
f 2295 2296 2297
f 2298 2296 2299
f 3 2 3340
f 2296 2298 2297
f 3340 2 2299
f 2068 3 2069
f 4 2295 5
f 2595 1909 3304
f 3185 3188 3187
f 3185 3186 3188
f 4454 3971 2194
f 529 2193 530
f 1788 1785 1825
f 528 618 2197
f 4452 2043 2042
f 1940 1944 1939
f 4802 5038 1118
f 4802 1118 1122
f 4800 4802 3122
f 3113 4800 3122
f 4800 5038 4802
f 4800 4801 5038
f 4801 1129 5038
f 5038 1129 1118
f 3111 3109 4799
f 3111 4799 4800
f 3111 4800 3113
f 4797 4798 4799
f 3109 4797 4799
f 4799 4798 4800
f 4798 4801 4800
f 4797 4796 4798
f 4796 4801 4798
f 4796 4803 4801
f 4801 4803 1129
f 4803 1126 1129
f 3108 3109 3110
f 3109 3115 4797
f 3109 3111 3110
f 3115 4795 4797
f 4721 4796 4795
f 4795 4796 4797
f 4796 4718 4803
f 4803 4719 4720
f 4803 4720 1126
f 3116 3115 3114
f 3116 4763 3115
f 4763 4795 3115
f 4763 4721 4795
f 4721 4718 4796
f 4721 4717 4718
f 4718 4719 4803
f 4720 1130 1126
f 5099 4453 4452
f 5099 2054 4453
f 3120 4761 3118
f 3118 4761 3116
f 3120 4756 4761
f 4761 4756 4763
f 4761 4763 3116
f 4756 4758 4763
f 4757 4759 4758
f 4757 4758 4756
f 4758 4721 4763
f 4758 4716 4721
f 4719 2441 4720
f 4720 2440 1130
f 5104 5099 2042
f 2042 5099 4452
f 5098 5099 5104
f 5097 5095 5098
f 5098 5096 5099
f 5099 5096 2053
f 5099 2053 2054
f 4785 4760 4754
f 4754 4760 4755
f 4754 4755 3129
f 3129 4755 3120
f 3129 3120 3119
f 4785 4782 4760
f 4760 4757 4755
f 4755 4756 3120
f 4782 4757 4760
f 4755 4757 4756
f 4782 4762 4757
f 4757 4762 4759
f 4762 4722 4759
f 4759 4722 4758
f 4716 4717 4721
f 4718 2441 4719
f 4720 2441 2440
f 1130 2440 1125
f 636 5104 2042
f 524 5098 5104
f 524 5097 5098
f 5091 5093 5100
f 5100 5093 5094
f 5094 5095 5097
f 5095 5096 5098
f 5096 1825 2053
f 4849 4848 4834
f 4849 4850 4851
f 4834 4850 4849
f 4850 4853 4851
f 4853 761 4851
f 4834 4881 4850
f 4881 4854 4850
f 4853 4855 761
f 4850 4854 4853
f 4833 4881 4834
f 4854 4855 4853
f 4855 4868 761
f 761 4868 755
f 4833 4831 4881
f 4854 4856 4855
f 4855 4856 4868
f 4868 757 755
f 4881 4857 4854
f 4881 4879 4857
f 4854 4857 4856
f 4879 5026 4857
f 5026 4858 4857
f 4857 4858 4856
f 4856 4859 4868
f 4858 4859 4856
f 4858 4860 4859
f 4751 4752 4785
f 4751 4785 4754
f 4752 4784 4767
f 4767 4768 4752
f 4752 4768 4785
f 4767 4765 4768
f 4768 4765 4769
f 4768 4769 4785
f 4785 4769 4782
f 4769 4765 4764
f 4769 4764 4782
f 4782 4764 4762
f 4723 4722 4762
f 4722 4716 4758
f 2433 2448 4717
f 4717 2448 4718
f 4718 2448 2442
f 2442 2441 4718
f 526 636 618
f 524 5104 636
f 2036 2040 2041
f 2047 2034 2044
f 5092 5091 5100
f 5090 5091 5092
f 5093 1811 5094
f 1811 1782 5094
f 5094 1782 5095
f 5095 1782 1781
f 5095 1781 1825
f 1825 1781 1784
f 5095 1825 5096
f 1784 1788 1825
f 4837 4848 4841
f 4841 4848 4877
f 4877 4852 4861
f 4861 4852 767
f 4848 4849 4877
f 4877 4849 4852
f 4852 4851 767
f 4838 4835 4837
f 4852 4849 4851
f 4835 4834 4837
f 4837 4834 4848
f 4851 761 767
f 4835 4832 4834
f 4830 4831 4832
f 4832 4831 4833
f 4832 4833 4834
f 4830 4827 4831
f 4827 4879 4831
f 4831 4879 4881
f 4827 5026 4879
f 4827 4824 5026
f 4823 4858 5026
f 757 4859 705
f 4823 5030 4858
f 5030 4863 4858
f 4858 4863 4860
f 4859 765 705
f 4860 4866 4859
f 4859 4866 765
f 4860 4863 4866
f 4866 4863 4867
f 4776 4772 4784
f 4776 4784 4778
f 4778 4784 4753
f 4753 4784 4752
f 4773 4771 4772
f 4772 4771 4770
f 4772 4770 4784
f 4770 4767 4784
f 4770 4766 4767
f 4767 4766 4765
f 4766 4707 4765
f 4765 4714 4764
f 4762 4714 4723
f 2442 2432 2441
f 2441 2424 2440
f 2440 2424 1125
f 1125 2424 1121
f 2040 2196 2041
f 2037 2038 2035
f 2037 2035 2034
f 580 5092 5100
f 601 5092 580
f 601 5102 5090
f 601 5090 5092
f 1788 1784 1785
f 5102 5088 5090
f 5089 5093 5091
f 1782 1780 1781
f 5084 5088 5102
f 5088 5089 5090
f 5088 1820 5089
f 5090 5089 5091
f 5089 1811 5093
f 4862 748 768
f 4841 4877 5033
f 4862 743 748
f 4839 4837 4840
f 4840 4837 4841
f 4877 4861 5033
f 5033 4861 4862
f 4862 4861 743
f 4839 4838 4837
f 4861 767 743
f 4882 4835 4838
f 4882 4836 4835
f 4836 5022 5020
f 4836 4832 4835
f 5020 4832 4836
f 5020 5021 4829
f 4829 4830 5020
f 5020 4830 4832
f 4829 4827 4830
f 4829 4828 4827
f 4828 4826 4827
f 4828 5456 4826
f 4827 4826 4824
f 5456 4887 4826
f 4826 4825 4824
f 4824 4823 5026
f 5030 5067 4863
f 4866 766 765
f 5067 4816 4863
f 4866 4867 766
f 4863 4816 4867
f 4816 5047 4867
f 4867 5047 766
f 766 5047 5046
f 766 5046 4790
f 5046 5047 5108
f 5046 5108 4792
f 5108 4809 4792
f 4792 4809 4786
f 4786 4809 4794
f 4786 4794 4780
f 4794 4809 5052
f 4794 5052 4780
f 4780 5052 4774
f 4780 4774 4775
f 4775 4774 4772
f 4775 4772 4776
f 4775 4776 4777
f 4777 4776 4778
f 4777 4778 4753
f 4750 4751 3134
f 5052 4781 4774
f 4774 4781 4773
f 4774 4773 4772
f 4781 4771 4773
f 4771 4730 4770
f 4730 4766 4770
f 4707 4714 4765
f 4764 4714 4762
f 4715 4716 4722
f 4715 2447 4716
f 4716 2431 4717
f 2431 2433 4717
f 2433 2426 2448
f 2448 2426 2442
f 2442 2426 2432
f 2432 2424 2441
f 2196 2189 2193
f 2196 2193 2197
f 2040 2188 2189
f 2040 2189 2196
f 2038 2188 2035
f 2039 2045 2038
f 5087 5102 601
f 5087 5085 5102
f 5087 615 5085
f 1784 1773 1785
f 5085 5084 5102
f 1780 1779 1781
f 1811 1783 1782
f 5086 5083 5085
f 5085 5083 5084
f 5084 1799 5088
f 5088 1799 1820
f 1793 1783 1811
f 5089 1793 1811
f 5103 5083 5086
f 5083 1800 5084
f 5084 1800 1799
f 1820 1793 5089
f 4843 4846 5035
f 4846 4864 5035
f 4864 751 4865
f 4842 4840 4843
f 4843 4840 4846
f 4864 4862 751
f 4862 768 751
f 4846 5033 4864
f 768 750 751
f 4864 5033 4862
f 4840 4841 4846
f 4846 4841 5033
f 4878 4839 4842
f 4842 4839 4840
f 768 748 750
f 4878 4838 4839
f 4878 5054 4838
f 5054 4882 4838
f 5034 4882 5054
f 5034 5022 4836
f 5034 4836 4882
f 5020 5022 5021
f 5021 5249 4829
f 4829 5249 4828
f 5249 5456 4828
f 4826 4887 4825
f 4825 4822 4824
f 4822 4823 4824
f 4822 4818 4823
f 4818 5030 4823
f 4818 4817 4815
f 4818 4815 5030
f 4815 5067 5030
f 5067 4815 4816
f 4815 4813 4816
f 4813 4811 4816
f 4816 4811 5047
f 4811 5108 5047
f 4792 4786 4787
f 4786 4780 4779
f 4780 4775 4779
f 4775 4777 4779
f 4779 4777 4783
f 5108 4811 4806
f 5108 4806 4809
f 4806 4804 4809
f 4809 4804 5052
f 4804 4781 5052
f 4781 4729 4771
f 4729 4730 4771
f 4730 4707 4766
f 4714 4706 4723
f 4706 4715 4723
f 4723 4715 4722
f 4715 2429 2447
f 2426 2422 2418
f 2426 2418 2420
f 2420 1123 2424
f 2424 1123 1121
f 2447 2431 4716
f 527 526 528
f 527 528 529
f 2189 2190 2193
f 2185 2190 2189
f 2188 2185 2189
f 2187 2185 2188
f 2038 2187 2188
f 518 505 537
f 2046 2187 2045
f 615 5087 591
f 2070 2072 2073
f 1781 1779 1784
f 1784 1779 1773
f 660 5086 5085
f 1782 1774 1780
f 1780 1774 1779
f 1783 1731 1782
f 646 5078 5103
f 646 5103 5086
f 1795 1793 1820
f 5103 5082 5083
f 1799 1795 1820
f 5076 1804 5078
f 5103 5078 5082
f 5078 1804 5082
f 5082 1800 5083
f 4875 4880 4876
f 4876 5035 4870
f 5035 4865 4869
f 4870 5035 4869
f 4880 4845 4843
f 4880 4843 4876
f 4843 5035 4876
f 4865 756 4869
f 2026 4843 4845
f 4865 751 756
f 2026 4842 4843
f 2026 2013 2019
f 2026 2019 4844
f 4844 4842 2026
f 4844 4878 4842
f 4844 4883 5036
f 4844 5036 4878
f 5036 5054 4878
f 4894 5054 5036
f 4894 5034 5054
f 4894 4895 5034
f 5249 5250 5456
f 4887 4822 4825
f 4887 5259 4822
f 5259 4819 4822
f 4822 4819 4818
f 4818 4819 4817
f 4817 4814 4815
f 4817 5031 4814
f 4814 4813 4815
f 3206 4787 4788
f 4814 4812 4813
f 4813 4812 4811
f 4812 4810 4811
f 4811 4810 4806
f 4804 4805 4729
f 4804 4729 4781
f 2418 2417 2419
f 4706 2429 4715
f 2431 2423 2433
f 2433 2423 2426
f 2426 2423 2422
f 2429 2428 2447
f 2447 2428 2431
f 2192 2194 2193
f 2190 2192 2193
f 2185 2191 2190
f 2191 2192 2190
f 2187 2186 2185
f 2195 2186 2187
f 2046 2195 2187
f 504 537 505
f 591 466 615
f 595 660 615
f 1779 1774 1772
f 1779 1772 1773
f 1782 1731 1774
f 5077 5076 646
f 646 5076 5078
f 5077 5079 5080
f 5077 5080 5075
f 5082 1804 1800
f 5080 5074 5075
f 5075 1805 5076
f 5076 1805 1804
f 5074 1810 5075
f 1810 1809 5075
f 4875 4876 4870
f 4870 4869 760
f 4869 759 760
f 4847 4845 4880
f 4869 756 759
f 2029 4845 4847
f 2029 2009 2026
f 756 706 759
f 2029 2026 4845
f 2009 2013 2026
f 4888 4884 4886
f 4886 4884 2019
f 4884 4883 2019
f 4883 4844 2019
f 4883 4885 5036
f 4893 4894 4885
f 4885 4894 5036
f 4893 4895 4894
f 5024 5034 4895
f 5024 5022 5034
f 5024 5023 5022
f 5022 5023 5021
f 5021 5247 5248
f 5021 5248 5249
f 5249 5248 5250
f 5250 5252 5456
f 5252 5261 5456
f 5261 4887 5456
f 4887 5261 5259
f 4819 4820 4817
f 4820 5031 4817
f 5031 5032 4814
f 4810 4808 4806
f 4806 4808 4805
f 4806 4805 4804
f 4730 4729 4708
f 4708 4707 4730
f 4707 4704 4705
f 4707 4705 4714
f 4714 4705 4706
f 4705 2435 4706
f 2423 2415 2422
f 2415 2417 2418
f 2422 2415 2418
f 4706 2435 2444
f 2428 2425 2431
f 2431 2425 2423
f 4706 2444 2429
f 2444 2427 2429
f 2191 2184 2192
f 2192 2184 2194
f 2184 4454 2194
f 2183 2184 2185
f 2186 2183 2185
f 2185 2184 2191
f 2195 5468 2186
f 2186 5468 5467
f 2186 5467 2183
f 2198 5468 2195
f 2198 3994 5468
f 5468 3994 5469
f 5470 2076 2074
f 463 603 595
f 1772 1742 1773
f 1742 1749 1773
f 1774 1732 1738
f 1774 1738 1772
f 1731 1732 1774
f 603 646 660
f 1721 1771 1793
f 1793 1771 1783
f 5079 5077 646
f 1795 1721 1793
f 5072 5080 5079
f 1800 1794 1799
f 1799 1794 1795
f 5072 5073 5074
f 5072 5071 5073
f 5070 5069 5071
f 5071 5069 5081
f 5071 5081 5073
f 5075 1809 1805
f 5070 5068 5069
f 5073 1821 5074
f 5074 1821 1810
f 5069 1816 5081
f 5081 1816 5073
f 5073 1816 1821
f 5066 1822 5068
f 5068 1822 5069
f 5039 4875 5050
f 5050 4875 4872
f 4872 4870 4871
f 4875 4870 4872
f 5040 4880 5039
f 5039 4880 4875
f 4870 760 4871
f 4871 760 746
f 5040 4847 4880
f 760 707 746
f 760 700 707
f 2025 2009 2029
f 2009 2011 2013
f 2011 2018 2013
f 4892 5027 4891
f 5027 5107 4891
f 2018 2019 2013
f 4891 4888 4890
f 4888 4886 4890
f 4891 5107 4888
f 4886 2019 2018
f 4888 5107 4889
f 5107 5010 4889
f 685 686 687
f 4889 4884 4888
f 4889 4893 4884
f 4893 4885 4884
f 4885 4883 4884
f 4895 5025 5024
f 5024 5025 5023
f 5023 5247 5021
f 1673 1830 1669
f 1673 1669 1629
f 1673 1629 1668
f 1668 1629 1647
f 5248 5251 5250
f 5315 5253 5251
f 5253 5252 5251
f 5251 5252 5250
f 5259 5260 4819
f 4820 4819 4821
f 4821 5031 4820
f 5031 4821 5053
f 5053 5032 5031
f 4814 5041 4812
f 5041 4810 4812
f 4810 4724 4808
f 4808 4807 4805
f 4805 4645 4729
f 4645 4731 4729
f 4729 4655 4708
f 4708 4703 4707
f 4707 4703 4704
f 2425 2413 2423
f 2423 2413 2415
f 4705 4704 2435
f 2435 2430 2444
f 2427 2411 2429
f 2429 2411 2428
f 2428 2411 2425
f 527 2194 525
f 2183 5467 2184
f 5467 4455 2184
f 2184 4455 4454
f 5468 5469 5467
f 5469 5470 5467
f 5467 5470 4455
f 5470 5471 4455
f 5470 5472 5471
f 5471 5472 1749
f 1746 1749 1742
f 579 646 603
f 1783 1771 1731
f 621 5079 646
f 664 5072 5079
f 664 5070 5071
f 664 5071 5072
f 1804 1801 1800
f 1800 1801 1794
f 1805 1801 1804
f 610 622 5070
f 622 5068 5070
f 622 5059 5066
f 622 5066 5068
f 1821 1808 1810
f 5059 5065 5066
f 5069 1815 1816
f 5059 5063 5065
f 1822 1813 1815
f 1822 1815 5069
f 5059 5062 5063
f 5065 1812 5066
f 5066 1812 1822
f 5057 5056 5059
f 5059 5056 5062
f 5062 5064 5063
f 5064 1826 5063
f 5063 1826 5065
f 5065 1826 1812
f 1826 1814 1812
f 5057 5055 5056
f 5056 5106 5062
f 5106 1823 5064
f 5062 5106 5064
f 1823 1817 5064
f 5064 1817 1826
f 5055 4874 5056
f 5056 4874 5106
f 1824 1823 5106
f 4874 764 5106
f 764 1819 5106
f 1819 1824 5106
f 5060 5050 5055
f 4874 4873 764
f 5050 4874 5055
f 4873 758 764
f 5105 5050 5060
f 5050 4872 4874
f 4874 4872 4871
f 4874 4871 4873
f 5105 5039 5050
f 4871 758 4873
f 4871 752 758
f 5040 5039 5105
f 4912 4911 4909
f 2620 4911 4912
f 4911 2620 4914
f 4909 4911 4910
f 2008 2009 2025
f 4911 4914 4910
f 4909 4910 4908
f 4910 5015 4908
f 5015 4901 4908
f 4910 4914 5048
f 4910 5048 5015
f 4914 5002 5048
f 5015 5048 5006
f 5006 5018 4901
f 5015 5006 4901
f 5048 5002 5003
f 4901 5018 4900
f 4901 4900 4899
f 2009 2010 2011
f 5048 5003 5006
f 4899 4900 4896
f 5006 5003 5005
f 5006 5005 5018
f 4900 4892 5028
f 4900 5028 4896
f 5003 5004 5005
f 5018 5005 4900
f 4900 5005 5027
f 4900 5027 4892
f 4890 4886 4896
f 5028 4890 4896
f 4896 4886 4897
f 4897 4886 2018
f 4897 2018 2011
f 5004 5007 5005
f 5005 5007 5008
f 5005 5008 5027
f 4892 4890 5028
f 5007 5009 5008
f 5007 2732 5009
f 5009 5107 5027
f 5008 5009 5027
f 5009 2732 2730
f 5009 5010 5107
f 4889 5010 5045
f 4889 5045 4893
f 5023 5025 5246
f 5023 5246 5247
f 5457 5316 5317
f 5317 5248 5247
f 5316 5248 5317
f 1625 1624 1629
f 5316 5265 5262
f 5316 5315 5251
f 5316 5251 5248
f 1629 1636 1647
f 1647 1636 1638
f 5316 5262 5315
f 5262 5253 5315
f 1636 1637 1638
f 5262 5255 5253
f 5255 5254 5253
f 5253 5254 5252
f 5254 5261 5252
f 1638 1637 1640
f 5255 5256 5254
f 5254 5257 5261
f 5254 5256 5257
f 5257 5259 5261
f 1657 1658 1672
f 5260 5449 4819
f 5449 5110 4819
f 4819 5110 4821
f 4821 5044 5053
f 5032 5041 4814
f 5041 4724 4810
f 4808 4724 4807
f 4805 4644 4645
f 4731 4655 4729
f 4703 2434 4704
f 2411 2413 2425
f 2430 2410 2427
f 2427 2410 2411
f 488 505 506
f 1738 1730 1742
f 1771 1719 1731
f 1796 1721 1795
f 1794 1711 1796
f 610 5070 609
f 609 5070 664
f 1809 1791 1805
f 5058 5059 622
f 1815 1807 1816
f 1816 1807 1808
f 5058 5057 5059
f 1813 1807 1815
f 1812 1813 1822
f 655 5055 5057
f 1814 1803 1812
f 5060 5055 655
f 1817 1814 1826
f 1824 1818 1823
f 1823 1818 1817
f 1819 1818 1824
f 2028 5040 5105
f 2023 5040 2028
f 4994 4995 5001
f 5001 4995 4916
f 5001 4916 4917
f 4994 2608 4995
f 2608 2610 4995
f 2608 2609 2610
f 4917 4916 4913
f 4995 2610 4998
f 4995 4998 4916
f 4916 4998 4915
f 4916 4915 4913
f 2006 2025 2023
f 2610 2613 4998
f 2610 2612 2613
f 4998 5000 4915
f 4918 4913 4999
f 4998 2613 5000
f 2006 2008 2025
f 2613 2617 5000
f 5000 4912 4915
f 4913 4909 4999
f 4909 5019 4999
f 2617 2613 2616
f 5000 2617 2620
f 5000 2620 4912
f 4909 4906 5019
f 2008 2006 2007
f 2617 2616 2620
f 2620 2616 2729
f 2620 2729 4914
f 4909 4908 4906
f 4908 4902 4906
f 4902 4899 4903
f 2008 2007 2009
f 2729 2728 4914
f 4908 4901 4902
f 4901 4899 4902
f 2009 2007 2010
f 2728 2727 4914
f 4899 4898 4907
f 4907 4898 5037
f 2727 5002 4914
f 2727 2723 5002
f 4899 4896 4898
f 4898 4897 5037
f 5037 4897 4947
f 4898 4896 4897
f 4947 2011 2010
f 5002 2723 2722
f 5002 2722 5003
f 4947 4897 2011
f 5003 2722 2725
f 2725 5004 5003
f 2725 2724 5004
f 5004 2726 5007
f 5004 2724 2726
f 2726 2732 5007
f 2730 5010 5009
f 2730 2731 5010
f 5010 2731 2735
f 5010 2735 5045
f 5045 4895 4893
f 5025 5045 5243
f 1851 1634 1633
f 1842 1851 1633
f 1634 1631 1633
f 5025 5243 5246
f 1633 1631 1630
f 1628 1630 1626
f 5318 5457 5246
f 5318 5313 5457
f 1628 1626 1627
f 5457 5247 5246
f 1627 1626 1625
f 5457 5317 5247
f 5313 5265 5457
f 5265 5316 5457
f 1624 1635 1629
f 1629 1635 1636
f 5265 5264 5262
f 5262 5264 5263
f 1636 1635 1637
f 5262 5263 5255
f 5263 5450 5255
f 5255 5450 5256
f 1640 1641 1657
f 1657 1641 1658
f 5256 5258 5257
f 5258 5260 5259
f 5257 5258 5259
f 5258 5449 5260
f 5449 5111 5110
f 4821 5110 5044
f 5044 5042 5053
f 5053 5042 5032
f 5042 5041 5032
f 5041 4726 4724
f 4724 4641 4807
f 4807 4643 4805
f 4643 4644 4805
f 4731 4645 4655
f 4655 2438 4702
f 4655 4702 4708
f 4708 4702 4703
f 2411 2412 2413
f 2436 2434 4703
f 2434 2409 2435
f 2435 2409 2430
f 2430 2409 2408
f 2408 2410 2430
f 464 463 466
f 1720 1730 1732
f 454 579 460
f 1771 1714 1719
f 1721 1714 1771
f 1718 1794 1801
f 1805 1791 1801
f 1791 1718 1801
f 655 5058 622
f 1810 1737 1809
f 1737 1791 1809
f 1808 1797 1737
f 1808 1737 1810
f 5058 655 5057
f 1806 1807 1813
f 670 5060 655
f 1803 1806 1812
f 1812 1806 1813
f 670 5061 5060
f 1817 1802 1814
f 1802 1803 1814
f 1818 1787 1817
f 1787 1802 1817
f 5061 5105 5060
f 2028 5105 5061
f 1819 1786 1818
f 764 1786 1819
f 4991 2619 4992
f 4991 4992 4922
f 4922 4992 4993
f 2619 2604 4992
f 2619 2600 2604
f 4992 4994 4993
f 4993 4994 5001
f 5001 4917 4919
f 4992 2604 4994
f 4919 4917 4918
f 2604 2600 2603
f 2604 2608 4994
f 2604 2603 2608
f 2603 2609 2608
f 2012 2006 2023
f 2609 2612 2610
f 4918 4999 5012
f 4999 5019 5012
f 2612 2614 2613
f 2614 2615 2613
f 5019 4906 4905
f 4906 4902 4905
f 2006 2005 2007
f 2613 2615 2616
f 4903 4907 5049
f 2616 2713 2729
f 5049 4907 5011
f 2729 2713 2728
f 2713 2714 2728
f 4946 5037 4947
f 2728 2714 2727
f 4907 5037 5011
f 4946 4947 2010
f 4946 2010 2007
f 2714 2715 2727
f 2727 2715 2723
f 2715 2716 2723
f 2723 2716 2722
f 2722 2718 2725
f 2725 2718 2724
f 2724 2720 2726
f 2720 2721 2726
f 2726 2721 2732
f 2732 2721 2730
f 2730 2721 2719
f 2730 2719 2731
f 2719 2733 2731
f 2731 2733 2735
f 5045 2735 5243
f 1643 1642 1634
f 1634 1642 1631
f 5244 5245 5243
f 5244 5320 5245
f 5243 5245 5246
f 5245 5320 5319
f 5245 5318 5246
f 5319 5318 5245
f 5319 5313 5318
f 1626 1648 1624
f 5313 5266 5265
f 1648 1646 1624
f 1624 1646 1635
f 5265 5266 5264
f 1635 1646 1644
f 1644 1639 1635
f 1635 1639 1637
f 1637 1639 1640
f 1639 1641 1640
f 5450 5115 5114
f 5256 5450 5114
f 1641 1656 1658
f 1658 1656 1660
f 5114 5258 5256
f 5114 5449 5258
f 5114 5113 5449
f 5113 5111 5449
f 4724 4672 4641
f 4641 4643 4807
f 4645 4646 4655
f 4646 2439 4655
f 4655 2439 2438
f 4702 2438 2437
f 4702 2437 4703
f 2437 2436 4703
f 2410 2407 2411
f 1796 1711 1721
f 1718 1702 1794
f 1702 1712 1794
f 617 655 587
f 669 670 655
f 1806 1798 1807
f 2033 5061 670
f 2033 670 669
f 2033 2030 2028
f 2033 2028 5061
f 4988 4990 4991
f 4988 4991 4987
f 4987 4991 4922
f 1786 1787 1818
f 4990 2522 2597
f 4990 2597 4991
f 4991 2597 2619
f 4922 4993 4919
f 764 763 1786
f 2597 2599 2619
f 4993 5001 4919
f 758 753 763
f 2599 2598 2600
f 2599 2600 2619
f 2601 2602 2600
f 4919 4918 4920
f 2600 2602 2603
f 2602 2678 2603
f 4918 5012 4997
f 2004 2006 2012
f 2603 2668 2609
f 2609 2668 2612
f 2612 2668 2614
f 2614 2665 2615
f 4905 4902 4904
f 4902 4903 4904
f 4904 4903 5029
f 4903 5049 5029
f 2615 2670 2712
f 2615 2712 2616
f 4945 4946 2007
f 4949 5037 4946
f 4949 4946 4945
f 5011 5037 4949
f 2716 2709 2718
f 2722 2716 2718
f 2718 2710 2720
f 2720 2710 2721
f 2710 2702 2721
f 2719 2734 2733
f 2733 2734 5242
f 3282 1651 1652
f 5242 5243 2733
f 2733 5243 2735
f 1652 1651 1642
f 5242 5244 5243
f 1652 1642 1643
f 5242 5320 5244
f 5242 5319 5320
f 5242 5321 5319
f 1631 1642 1632
f 1631 1632 1626
f 5321 5313 5319
f 5321 5269 5313
f 1626 1632 1648
f 1866 1844 1843
f 5313 5269 5266
f 5266 5267 5264
f 1646 4014 1644
f 5264 5267 5314
f 1644 1645 1639
f 5264 5314 5263
f 5263 5448 5450
f 1639 1645 1649
f 1639 1649 1641
f 5450 5448 5115
f 1641 1649 1656
f 5114 5112 5113
f 5114 5115 5112
f 5113 5112 5111
f 5111 4739 5110
f 5110 5043 5044
f 5043 5042 5044
f 5042 4726 5041
f 4726 4672 4724
f 4643 2445 4644
f 4644 2443 4645
f 4645 2443 4646
f 2437 2384 2436
f 2436 2384 2387
f 2436 2387 2434
f 2434 2387 2409
f 519 587 586
f 1807 1736 1808
f 1808 1736 1797
f 1798 1736 1807
f 1806 1789 1798
f 5013 4989 4955
f 1803 1789 1806
f 4969 2618 5013
f 5013 2618 4989
f 2033 2032 2030
f 1802 1792 1803
f 1792 1789 1803
f 4989 4988 4955
f 4955 4988 4987
f 1787 1790 1802
f 1790 1792 1802
f 2618 2605 4989
f 4988 4989 4990
f 4987 4922 4923
f 4923 4922 4921
f 2605 2522 4989
f 4989 2522 4990
f 4921 4922 4919
f 2522 2523 2597
f 2022 2028 2030
f 2022 2023 2028
f 2022 2002 2023
f 2597 2598 2599
f 2597 2523 2598
f 2711 2601 2598
f 4920 4918 4997
f 2598 2601 2600
f 2002 2012 2023
f 2012 2002 2004
f 2678 2645 2668
f 2678 2668 2603
f 5012 5019 4952
f 4952 5019 4951
f 2006 2004 2005
f 5019 4904 4951
f 4904 5029 5051
f 5029 5049 4948
f 4940 4945 2021
f 2021 4945 2007
f 2021 2007 2005
f 2712 2670 2671
f 2670 2642 2671
f 4940 4949 4945
f 2713 2671 2681
f 2681 2673 2709
f 2716 2681 2709
f 2709 2673 2710
f 2718 2709 2710
f 2719 2717 2682
f 2719 2682 2734
f 3283 1654 1651
f 1651 1654 1653
f 2734 2683 5242
f 2683 5241 5242
f 1651 1650 1642
f 5242 5241 5321
f 734 740 717
f 1642 1650 1632
f 1632 1650 4012
f 5321 5322 5269
f 5269 5268 5266
f 4013 2250 2247
f 2247 2246 4014
f 2246 2243 1645
f 1644 2246 1645
f 5314 5448 5263
f 5115 5116 5112
f 5112 4739 5111
f 4739 4737 5110
f 5043 4727 5042
f 5043 4732 4727
f 5042 4727 4726
f 4672 4642 4641
f 4643 2446 2445
f 4644 2445 2443
f 2443 2439 4646
f 2439 2389 2438
f 2438 2389 2383
f 2438 2383 2437
f 2437 2383 2384
f 1705 3962 1707
f 1702 1701 1712
f 485 617 587
f 1791 1713 1718
f 1737 1713 1791
f 4964 4966 4965
f 651 669 647
f 4967 2621 4966
f 2621 4969 4966
f 4966 4969 4965
f 4965 4969 5013
f 4955 4987 4923
f 651 2033 669
f 2621 2611 4969
f 2032 2033 651
f 2611 2618 4969
f 2611 2513 2514
f 2611 2514 2618
f 2618 2514 2605
f 2605 2514 2522
f 4919 4920 4921
f 4920 4996 4921
f 2521 2523 2522
f 2523 2711 2598
f 2711 2663 2601
f 4997 5012 4952
f 753 762 763
f 2663 2645 2678
f 4930 4952 4951
f 2003 2005 2004
f 2645 2643 2644
f 4951 4904 5051
f 5051 5029 4948
f 4948 4943 4939
f 2671 2642 2658
f 4942 4949 4940
f 2710 2673 2703
f 2673 2656 2703
f 2717 2702 2682
f 2682 2683 2734
f 1654 1655 1653
f 5241 5322 5321
f 5311 5269 5322
f 5269 5311 5270
f 5269 5270 5268
f 5268 5267 5266
f 5267 5297 5314
f 2243 1665 1645
f 1665 1662 1645
f 1645 1662 1649
f 1649 1662 1663
f 5115 5448 5117
f 1661 1667 2210
f 2210 1667 2209
f 5115 5117 5116
f 5116 4738 5112
f 5112 4738 4739
f 5110 4737 5043
f 4727 4698 4726
f 4726 4698 4672
f 4671 4642 4672
f 4642 4637 4641
f 2385 2399 2403
f 4641 4640 4643
f 4643 4640 2446
f 2389 2380 2383
f 2383 2382 2384
f 2443 2390 2439
f 2439 2390 2389
f 1700 1689 1701
f 1701 1689 1703
f 4968 2606 4964
f 2606 4967 4964
f 4964 4967 4966
f 4963 4965 4962
f 1797 1694 1737
f 2606 2510 4967
f 4962 4965 4986
f 4965 4955 4986
f 4986 4955 4954
f 1797 1736 1694
f 4967 2510 2621
f 4955 4923 4954
f 1696 1736 1798
f 2510 2511 2621
f 1789 1696 1798
f 2511 2611 2621
f 2511 2513 2611
f 4923 4921 4924
f 2512 2514 2513
f 4921 4996 4924
f 2017 2030 2032
f 1792 1778 1789
f 2514 2520 2521
f 2514 2521 2522
f 1787 1777 1775
f 1787 1775 1790
f 2521 2529 2523
f 4996 4920 4953
f 2002 2017 1999
f 1776 1777 1786
f 1786 1777 1787
f 4920 4997 4953
f 4997 4952 4953
f 4953 4952 4930
f 763 762 1776
f 753 754 762
f 4930 4951 4932
f 737 754 753
f 2645 2653 2643
f 4932 4951 5051
f 2003 2014 2005
f 5051 4948 4934
f 2027 2021 2014
f 2031 4940 2027
f 2027 4940 2021
f 4939 4942 4940
f 2658 2634 2631
f 2631 2657 2658
f 2656 2655 2682
f 3296 4003 4009
f 3296 4009 1655
f 2655 5241 2683
f 2682 2655 2683
f 1655 4009 1653
f 1653 4009 4010
f 4011 4010 2268
f 5314 5297 5448
f 5297 5295 5448
f 4738 4737 4739
f 4727 4732 4698
f 4698 4671 4672
f 4671 4630 4642
f 4630 4637 4642
f 2380 2381 2382
f 4637 4640 4641
f 2390 2378 2389
f 2378 2380 2389
f 2379 2390 2443
f 2445 2379 2443
f 1688 1689 1700
f 5017 2505 4970
f 2505 4968 4970
f 4970 4968 4964
f 4970 4964 4961
f 4964 4963 4961
f 4961 4963 4962
f 2505 2606 4968
f 2606 2506 2508
f 2606 2508 2510
f 2508 2509 2510
f 2510 2509 2511
f 2509 2512 2511
f 1789 1695 1696
f 2511 2512 2513
f 1778 1695 1789
f 2514 2512 2520
f 1792 1775 1778
f 1790 1775 1792
f 4996 4953 4928
f 2529 2680 2674
f 4953 4930 4928
f 4930 4932 4931
f 2002 2003 2004
f 4934 4948 4935
f 2031 4939 4940
f 3296 4006 4003
f 4009 4003 4004
f 5241 5240 5322
f 5311 5273 5270
f 5268 5312 5267
f 5267 5312 5297
f 5117 5118 5116
f 5116 5119 4738
f 4738 5119 5121
f 5121 4735 4738
f 4738 4735 4737
f 4737 4736 5043
f 4736 4732 5043
f 4698 4638 4671
f 4640 2379 2446
f 2446 2379 2445
f 4984 2607 5017
f 4984 5017 4985
f 4985 5017 4970
f 4985 4970 4971
f 1688 1677 1679
f 4961 4962 4960
f 1683 1677 1688
f 2607 2504 2505
f 2607 2505 5017
f 4962 4986 4960
f 2505 2506 2606
f 533 593 485
f 2506 2507 2508
f 2507 2509 2508
f 4954 4923 4925
f 4925 4923 4924
f 4925 4924 4926
f 1696 1687 1736
f 651 2024 2032
f 2512 2584 2594
f 4924 4996 4926
f 2024 2017 2032
f 2594 2520 2512
f 1741 1722 1778
f 1778 1722 1695
f 4926 4996 4928
f 1775 1741 1778
f 1777 1740 1775
f 2680 2661 2674
f 4929 4930 4931
f 762 1751 1776
f 4931 4932 4933
f 2002 2001 2003
f 2643 2652 2641
f 2001 2015 2003
f 4932 5051 4934
f 2003 2015 2014
f 2014 2015 2027
f 2631 2623 2632
f 4005 4002 4006
f 4002 2274 4003
f 2655 5240 5241
f 5240 5275 5322
f 5311 5322 5273
f 5268 5271 5312
f 5312 5281 5297
f 5448 5295 5447
f 5448 5447 5117
f 5117 5447 5118
f 5116 5118 5119
f 4735 4736 4737
f 4736 4734 4732
f 4732 4638 4698
f 4638 4631 4671
f 2377 2376 2378
f 4637 2393 4640
f 4640 2388 2379
f 4975 2496 4984
f 4975 4984 4973
f 4973 4984 4985
f 4973 4985 4971
f 2496 2497 4984
f 4971 4961 4959
f 2497 2607 4984
f 2497 2504 2607
f 428 391 480
f 2504 2503 2505
f 2505 2503 2506
f 2506 2503 2507
f 2584 2694 2594
f 2520 2594 2690
f 2520 2690 2686
f 4926 4928 662
f 2024 1998 2017
f 4928 4929 662
f 2017 1998 1999
f 1775 1739 1741
f 1775 1740 1739
f 1777 1744 1740
f 1999 2001 2002
f 1776 1750 1744
f 1776 1744 1777
f 1751 1750 1776
f 4932 4934 4933
f 4934 4935 4933
f 2031 2027 2015
f 4938 4939 2031
f 2275 2277 2273
f 2650 2654 2651
f 2654 5239 2655
f 2655 5239 5240
f 5270 5271 5268
f 5297 5281 5295
f 5118 5120 5119
f 5119 5120 5121
f 5122 4735 5121
f 5121 5120 5122
f 5122 4733 4735
f 4735 4734 4736
f 4671 4631 4630
f 4630 2393 4637
f 2393 2388 4640
f 4976 4975 4974
f 4975 4973 4974
f 4976 2489 2494
f 4975 4976 2494
f 4974 4973 4972
f 2494 2496 4975
f 4973 4971 4972
f 4961 4960 4959
f 4959 4960 4957
f 2497 2502 2504
f 2502 2503 2504
f 4960 4986 4957
f 4957 4986 4956
f 4986 4954 4956
f 4927 4926 663
f 4926 662 663
f 4929 4931 4950
f 1999 2000 2001
f 754 1755 1751
f 4935 4938 4937
f 4938 2031 4944
f 1937 1938 4007
f 4001 2277 4002
f 5237 2654 2650
f 5239 5332 5240
f 5240 5332 5275
f 5275 5273 5322
f 5270 5273 5272
f 5270 5272 5271
f 4735 4733 4734
f 4733 3946 3941
f 4733 3941 4734
f 4734 3941 5109
f 4734 5109 4732
f 4674 4673 4638
f 4732 4674 4638
f 2375 2391 2372
f 4630 4627 2393
f 5016 4976 4974
f 2489 2491 2494
f 2491 2495 2494
f 2494 2495 2496
f 2496 2495 2497
f 2495 2524 2502
f 2497 2495 2502
f 2525 2696 2694
f 2694 2692 2690
f 2024 629 1998
f 1739 1724 1723
f 1998 1996 1999
f 1740 1724 1739
f 2649 2660 2648
f 4937 4938 4944
f 1936 1931 1937
f 1937 1931 1938
f 1938 1931 1955
f 2646 5237 2650
f 5237 5239 2654
f 5272 5277 5271
f 5271 5278 5312
f 5312 5278 5281
f 5278 5280 5281
f 5281 5280 5295
f 5295 5125 5447
f 5447 5125 5118
f 5118 5123 5120
f 3321 3323 3942
f 3943 3944 3936
f 3936 3944 3937
f 3936 3937 3938
f 5122 4701 4733
f 4733 4701 3317
f 4733 3317 3946
f 3938 3937 3939
f 5109 3319 3320
f 5109 3320 4732
f 4732 3320 4674
f 2391 2392 2372
f 4673 4621 4638
f 4638 4621 4631
f 4631 4622 4630
f 4630 4622 4624
f 4630 4624 4627
f 4627 2397 2393
f 2397 2396 2393
f 2393 2396 2391
f 2393 2391 2388
f 4977 4976 4978
f 4978 4976 5016
f 4977 2488 4976
f 5016 4974 4983
f 2488 2489 4976
f 4974 4972 4983
f 2490 2491 2489
f 4983 4972 4959
f 2491 2498 2495
f 2498 2524 2495
f 4957 4956 545
f 4956 4925 545
f 545 4925 544
f 544 4925 547
f 2694 2693 2692
f 547 4927 548
f 4927 663 548
f 663 662 635
f 635 662 634
f 662 4929 634
f 2680 2687 2684
f 1724 1697 1723
f 1999 1996 2000
f 1744 1727 1724
f 1743 1750 1751
f 2001 2016 2020
f 2016 4944 2020
f 3297 1922 3295
f 1922 1923 1929
f 1929 1923 1936
f 1923 1928 1931
f 1936 1923 1931
f 2067 2280 4001
f 2638 5237 2646
f 5273 5275 5274
f 5273 5274 5272
f 5271 5277 5278
f 5280 5282 5295
f 5282 5296 5295
f 5295 5296 5125
f 5118 5125 5124
f 5118 5124 5123
f 3321 3314 3322
f 3321 3322 3323
f 3323 3322 3943
f 3322 3944 3943
f 3944 3945 3937
f 5120 4701 5122
f 3937 3945 4132
f 3937 4132 3939
f 3317 4701 3320
f 3317 3320 3319
f 4674 4634 4673
f 2391 2394 2392
f 2396 2394 2391
f 4621 4622 4631
f 4979 4977 4978
f 4979 4978 665
f 2622 2488 4977
f 4978 5016 4983
f 2488 2481 2489
f 2481 2490 2489
f 2490 2499 2491
f 2491 2499 2498
f 4983 4959 653
f 2705 2593 2696
f 374 446 398
f 446 533 484
f 2686 2689 2687
f 4950 4936 666
f 2000 2016 2001
f 1750 1743 1727
f 4936 4937 4941
f 4941 4937 4944
f 1756 1754 1755
f 2659 2664 2628
f 2628 2664 2629
f 1919 1921 1922
f 1922 1921 1923
f 2640 5237 2638
f 5237 5238 5239
f 3843 3758 1900
f 5275 5332 5276
f 3314 3315 3322
f 3322 3315 3992
f 3322 3992 3944
f 3944 3992 3993
f 3944 3993 3945
f 5120 5446 4701
f 3945 3993 4132
f 4701 4700 3320
f 2394 2395 2392
f 3320 4634 4674
f 4673 4634 4621
f 2397 2394 2396
f 4624 4625 4627
f 4627 4625 2397
f 4980 4979 665
f 2622 4977 4979
f 2480 2481 2488
f 2622 2480 2488
f 4978 4983 659
f 659 4983 639
f 639 4983 653
f 653 546 567
f 2524 2705 2502
f 2692 2693 2691
f 548 635 549
f 1715 1699 1697
f 1998 1994 1996
f 2685 2586 2677
f 2669 2685 2677
f 2669 2677 2675
f 1995 2016 2000
f 1996 1995 2000
f 4936 4941 666
f 5014 4944 2016
f 1897 1918 3298
f 1761 1760 2283
f 1921 1927 1923
f 1923 1927 1928
f 2640 5236 5237
f 5236 5238 5237
f 5238 5332 5239
f 5276 5274 5275
f 5277 5279 5278
f 5278 5279 5280
f 5279 5282 5280
f 3190 3199 3197
f 3314 3309 3312
f 3314 3312 3315
f 3315 3312 3992
f 3992 3312 3993
f 3309 3311 3312
f 3312 3311 3313
f 3312 3313 3993
f 5120 5123 5446
f 3309 3310 3311
f 3993 3313 4132
f 5446 4699 4701
f 4701 4699 4700
f 3320 4700 4634
f 2394 863 2395
f 4634 4633 4621
f 4622 4623 4624
f 4624 4623 4625
f 2622 2478 2480
f 2490 2519 2499
f 2499 2591 2498
f 2498 2591 2524
f 2591 2705 2524
f 543 545 544
f 2693 2695 2691
f 2689 2701 2687
f 2704 2685 2684
f 1994 1995 1996
f 2677 2699 2676
f 2677 2676 2675
f 666 4941 667
f 4941 5014 667
f 2676 2688 2664
f 1756 1757 1754
f 1919 1920 1921
f 1921 1920 1925
f 2666 5236 2640
f 5332 5210 5276
f 5272 5309 5277
f 5296 5445 5125
f 5125 5127 5124
f 4622 4621 4618
f 4622 4618 4623
f 4623 4626 4625
f 4981 4979 658
f 658 4979 4980
f 658 665 613
f 4981 2464 2622
f 4981 2622 4979
f 2464 2478 2622
f 2478 2479 2480
f 2480 2479 2481
f 2479 2490 2481
f 2499 2519 2591
f 653 567 289
f 2591 2592 2705
f 2704 2706 2685
f 620 619 1994
f 2586 2587 2699
f 1753 1734 1743
f 667 5014 668
f 1761 1762 1757
f 2688 2667 2662
f 1917 3300 3299
f 1932 1924 1919
f 1919 1924 1920
f 5236 5330 5238
f 5238 5330 5212
f 5238 5212 5332
f 5212 5210 5332
f 5276 5210 5274
f 5274 5210 5336
f 5274 5336 5272
f 5336 5309 5272
f 5124 5128 5126
f 5124 5126 5123
f 5123 5126 5446
f 4634 4632 4633
f 4633 4619 4621
f 4982 4981 658
f 4982 658 616
f 2464 2477 2478
f 2478 2477 2479
f 2479 2515 2490
f 2490 2515 2519
f 2519 2580 2591
f 2705 2592 2593
f 2698 2707 2701
f 2704 2582 2706
f 1994 619 1997
f 1994 1997 1995
f 2699 2587 2700
f 1995 632 668
f 1762 1767 1757
f 4000 3999 3998
f 1933 1934 1924
f 1924 1926 1920
f 2589 5235 2666
f 2672 2589 2666
f 5235 5236 2666
f 5309 5279 5277
f 5445 5127 5125
f 5127 5128 5124
f 4699 4688 4700
f 4700 4632 4634
f 4632 4619 4633
f 4621 4619 4618
f 4982 2461 4981
f 616 658 613
f 4981 2461 2464
f 614 637 578
f 2515 2517 2519
f 2517 2580 2519
f 2701 2707 2708
f 1734 1752 1735
f 1766 1752 1734
f 2587 2579 2700
f 2700 2561 2688
f 2688 2561 2577
f 1916 1915 2359
f 1767 1769 1754
f 1916 1913 1915
f 2056 2058 4000
f 1763 1768 1762
f 1762 1768 1767
f 1935 1939 1934
f 1935 1934 1933
f 1934 1953 1924
f 5446 5130 4699
f 5130 4687 4699
f 4699 4687 4688
f 4688 4632 4700
f 4623 4616 4626
f 4616 4628 4626
f 598 4982 616
f 2463 2464 2461
f 575 613 574
f 2464 2463 2477
f 2477 2515 2479
f 2580 2581 2591
f 2581 2537 2592
f 2592 2537 2593
f 2593 2578 2697
f 2697 2578 2698
f 2708 2583 2704
f 2704 2583 2582
f 2706 2582 2586
f 2586 2557 2587
f 1769 1766 1753
f 1914 2352 1915
f 1915 2352 1951
f 1915 1951 2359
f 2359 1951 1952
f 1952 1951 1941
f 1952 1941 1935
f 2058 2059 3999
f 1935 1941 1940
f 3999 1770 1763
f 1763 1770 1768
f 1935 1940 1939
f 2577 2576 2590
f 1939 1942 1934
f 1934 1942 1956
f 5213 5211 5212
f 5211 5210 5212
f 5211 5209 5210
f 5279 5309 5333
f 5279 5333 5283
f 5282 5445 5296
f 5126 5130 5446
f 4632 4620 4619
f 4618 4617 4623
f 2461 4982 598
f 2461 2459 2462
f 2461 2462 2463
f 2477 2493 2515
f 2517 2528 2580
f 2593 2537 2578
f 2578 2560 2698
f 279 315 281
f 2582 2556 2586
f 2586 2556 2557
f 2587 2557 2579
f 619 604 1997
f 1766 1171 1752
f 2579 2557 2558
f 1951 2352 1950
f 1767 3448 1769
f 1914 2355 2352
f 2059 1770 3999
f 1768 1770 1767
f 1941 1944 1940
f 2590 2576 2589
f 1944 1943 1939
f 1939 1943 1942
f 5233 5235 2589
f 5235 5234 5236
f 5236 5216 5330
f 5330 5216 5213
f 5336 5210 5208
f 5336 5206 5309
f 4617 4616 4623
f 4616 4629 4628
f 648 2461 598
f 648 2459 2461
f 2462 2476 2463
f 2476 2493 2477
f 2463 2476 2477
f 282 574 302
f 2515 2516 2517
f 2528 2581 2580
f 2537 2538 2578
f 2578 2538 2552
f 2578 2552 2560
f 2560 2555 2698
f 2698 2555 2707
f 2707 2555 2708
f 2708 2555 2583
f 2583 2553 2582
f 474 465 372
f 619 568 604
f 2557 2548 2558
f 1769 1194 1766
f 3448 1194 1769
f 2561 2550 2562
f 2352 1947 1950
f 2059 2060 3469
f 2059 3469 1770
f 1770 3447 1767
f 1767 3447 3448
f 2561 2562 2577
f 1950 1947 1941
f 1941 1947 1944
f 2562 2563 2576
f 2576 2571 2589
f 2571 5233 2589
f 5234 5216 5236
f 5209 5208 5210
f 5208 5206 5336
f 5279 5283 5282
f 5282 5291 5445
f 5127 5444 5128
f 4688 4620 4632
f 4616 4614 4629
f 2493 2516 2515
f 2517 2516 2528
f 2528 2537 2581
f 2552 2539 2560
f 2583 2551 2553
f 2554 2546 2556
f 2556 2546 2548
f 2548 2550 2558
f 2353 2351 2352
f 2352 2351 1947
f 3469 3454 1770
f 1770 3454 3447
f 2355 2354 2353
f 1947 1946 1944
f 2576 2563 2571
f 1946 1945 1943
f 1944 1946 1943
f 1943 1945 1942
f 5235 5233 5234
f 5309 5206 5333
f 5445 5444 5127
f 4687 4683 4688
f 4620 4615 4619
f 4619 4615 4618
f 563 648 295
f 648 2453 2459
f 2459 2476 2462
f 2476 2492 2493
f 2538 2534 2552
f 565 566 271
f 2539 2540 2555
f 269 604 568
f 2060 3464 3469
f 3469 3464 3454
f 2353 2354 2351
f 2351 1954 1947
f 1954 1948 1946
f 1947 1954 1946
f 1946 1948 1945
f 5234 5328 5216
f 5130 4686 4687
f 4687 4686 4683
f 4688 4683 4620
f 4629 810 4628
f 648 563 2453
f 2453 2460 2459
f 2459 2460 2476
f 2492 2516 2493
f 2516 2526 2528
f 2528 2532 2537
f 2532 2534 2537
f 2537 2534 2538
f 2552 2534 2539
f 2539 2536 2540
f 2540 2542 2555
f 2555 2542 2551
f 2551 2544 2553
f 2553 2544 2554
f 2554 2544 2546
f 267 281 268
f 265 291 292
f 2548 2549 2550
f 2559 2562 2550
f 3464 3458 3454
f 3458 3443 3454
f 3454 3443 3447
f 3447 3442 3448
f 2354 2358 2356
f 2354 2356 2351
f 1908 2358 2354
f 1948 1949 1945
f 2571 2570 5233
f 5215 5214 5213
f 5213 5214 5211
f 5211 5329 5331
f 5211 5331 5209
f 5209 5205 5208
f 5128 5129 5126
f 5126 5129 5130
f 4618 4615 4611
f 4618 4611 4617
f 4617 4612 4616
f 4614 806 4629
f 2453 2457 2460
f 2492 2518 2516
f 2516 2518 2526
f 2528 2530 2532
f 2534 2536 2539
f 2546 2547 2548
f 568 503 225
f 2548 2547 2549
f 1194 3442 1189
f 2060 2061 3459
f 2060 3459 3464
f 3447 3443 3441
f 3447 3441 3442
f 2356 2357 2351
f 2351 2357 1954
f 2562 2559 2563
f 1954 1949 1948
f 5233 5230 5234
f 5328 5215 5216
f 5211 5214 5329
f 5208 5205 5206
f 4686 4685 4683
f 4620 4613 4615
f 4616 4612 4614
f 563 498 2453
f 2460 2475 2476
f 2476 2475 2492
f 271 260 224
f 2550 2549 2559
f 2362 2365 2364
f 3464 3459 3458
f 2364 2366 2357
f 2357 2366 1954
f 2559 2566 2563
f 1954 2366 1949
f 5233 5232 5230
f 5234 5327 5328
f 5444 5462 5128
f 5130 4685 4686
f 807 855 810
f 2453 498 2451
f 2453 2451 2457
f 2518 2527 2526
f 2526 2527 2530
f 2530 2531 2532
f 272 271 251
f 2534 2535 2536
f 2536 2541 2540
f 2544 2545 2546
f 2546 2545 2547
f 2565 2564 2549
f 2549 2564 2559
f 2371 2369 2363
f 2363 2369 2368
f 2363 2368 2362
f 2362 2368 2365
f 2564 2566 2559
f 2366 2367 2062
f 2566 2567 2563
f 2563 2567 2570
f 2567 2588 2570
f 2570 2588 5232
f 5234 5230 5327
f 5445 5461 5444
f 5444 5461 5462
f 5129 5131 5130
f 4683 4613 4620
f 4615 4606 4611
f 4611 4610 4617
f 4617 4610 4612
f 2457 2468 2460
f 2475 2500 2492
f 2492 2500 2944
f 2518 2944 2527
f 2531 2533 2534
f 2536 2535 2541
f 2542 2543 2544
f 2545 2942 2547
f 167 268 168
f 2547 2942 2941
f 2547 2941 2549
f 2369 3404 3398
f 2369 3398 2368
f 2371 3978 3404
f 2371 3404 2369
f 2368 3398 3363
f 2368 3363 2365
f 3459 2063 3457
f 3437 3439 3442
f 3442 3439 1189
f 2370 2064 2367
f 2365 2370 2367
f 2061 2063 3459
f 3459 3457 3458
f 2367 2064 2062
f 5328 5327 5215
f 5206 5207 5333
f 5283 5284 5282
f 5282 5284 5291
f 5445 5291 5461
f 5462 5463 5128
f 5128 5463 5129
f 4685 4682 4683
f 4683 4682 4613
f 4613 4608 4609
f 4613 4609 4615
f 498 264 2451
f 2451 2468 2457
f 203 253 204
f 2530 2527 2531
f 2533 2535 2534
f 2549 2941 2565
f 2565 2585 2564
f 3404 3406 3398
f 3978 3976 3404
f 3363 2370 2365
f 3439 1190 1189
f 2564 2568 2566
f 3458 3438 3443
f 3443 3438 3441
f 2566 2568 2567
f 2568 2569 2567
f 2567 2569 2595
f 2595 3304 2588
f 5232 2588 5230
f 5215 5217 5214
f 5130 5131 4685
f 849 832 835
f 4685 4684 4682
f 4615 4609 4606
f 2468 2473 2460
f 2460 2473 2475
f 2527 2533 2531
f 2541 2543 2542
f 2544 2543 2545
f 503 187 225
f 3398 3393 3363
f 3404 3976 3979
f 3404 3979 3406
f 3362 2065 2370
f 2063 2065 3361
f 2063 3361 3457
f 3458 3457 3438
f 3438 3437 3441
f 2569 2596 3977
f 2370 2065 2064
f 2596 3304 1910
f 5327 5217 5215
f 5214 5325 5329
f 5331 5334 5209
f 5334 5205 5209
f 5131 4695 4685
f 4685 4695 4684
f 264 2452 2451
f 2475 2501 2500
f 2944 2824 2527
f 2545 2826 2942
f 2565 2940 2585
f 2585 2946 2564
f 3408 3398 3406
f 3393 3359 3363
f 3979 3869 3408
f 3979 3408 3406
f 3363 3359 2370
f 2370 3359 3362
f 2564 2573 2568
f 3976 3974 1912
f 3976 1912 3979
f 2569 2574 2596
f 3974 2596 1910
f 3974 1910 1912
f 2574 5231 3304
f 2596 2574 3304
f 3304 5231 2588
f 5231 5230 2588
f 5230 5229 5327
f 2159 2167 2168
f 4684 4670 4682
f 4682 4608 4613
f 4614 798 806
f 264 222 2452
f 2451 2452 2468
f 2473 2485 2475
f 2475 2485 2501
f 2500 2501 2944
f 2535 2816 2541
f 202 169 184
f 2541 2814 2543
f 2942 2827 2941
f 2940 2946 2585
f 2065 3362 3361
f 5334 5204 5205
f 4684 4695 4670
f 4682 4670 4608
f 4608 4605 4609
f 4610 796 4612
f 796 798 4612
f 4612 798 4614
f 2468 2467 2473
f 2501 2842 2944
f 2842 2824 2944
f 2533 2815 2535
f 2814 2804 2543
f 2804 2826 2543
f 2826 2827 2942
f 2941 2940 2565
f 2946 2573 2564
f 3359 3358 3362
f 2573 2572 2568
f 2568 2572 2569
f 2569 2572 2574
f 2574 2572 2575
f 2574 2575 5231
f 5231 5228 5230
f 5327 5229 5219
f 5327 5219 5217
f 5291 5306 5461
f 5461 5305 5462
f 914 913 917
f 4608 4607 4605
f 4609 4605 4606
f 4606 4559 4611
f 4611 4559 4610
f 222 2454 2452
f 2452 2467 2468
f 2824 2825 2527
f 2527 2825 2533
f 2533 2809 2815
f 2535 2815 2816
f 2541 2816 2814
f 2941 2827 2940
f 3398 3412 3393
f 3362 3358 3361
f 3361 3360 3457
f 3360 3456 3457
f 3457 3456 3438
f 3438 3434 3437
f 3437 3434 3435
f 3437 3435 3439
f 5230 5228 5229
f 5205 5203 5206
f 5206 5203 5207
f 5129 5463 5131
f 4695 4666 4670
f 4605 4560 4606
f 4610 4559 796
f 2454 2465 2452
f 2452 2465 2467
f 2473 2474 2485
f 2533 2825 2809
f 2804 2805 2826
f 2572 2976 2575
f 3358 3360 3361
f 3456 3434 3438
f 2976 5323 2575
f 2575 5323 5231
f 5217 5218 5214
f 5329 5334 5331
f 5207 5285 5333
f 5286 5291 5284
f 912 913 914
f 857 851 832
f 4608 4670 4607
f 222 296 2454
f 2467 2474 2473
f 2815 2811 2816
f 2805 2813 2826
f 3393 3355 3359
f 2573 2937 2572
f 1190 1192 1179
f 5219 5218 5217
f 5214 5218 5325
f 5462 5304 5463
f 5131 5132 4695
f 4606 4560 4559
f 796 793 798
f 793 803 798
f 2485 2474 2501
f 2809 2812 2815
f 2815 2812 2811
f 2811 2814 2816
f 2814 2803 2804
f 2804 2801 2805
f 2826 2813 2827
f 2940 2939 2946
f 2939 2938 2946
f 2946 2938 2573
f 3412 3410 3393
f 2572 2947 2976
f 3868 3410 3408
f 3359 3355 3358
f 5323 5228 5231
f 5329 5326 5334
f 5205 5204 5203
f 5291 5310 5306
f 5306 5305 5461
f 912 907 913
f 5463 5132 5131
f 296 2455 2454
f 2454 2455 2465
f 2824 2823 2825
f 2825 2823 2809
f 2803 2801 2804
f 2827 2841 2940
f 2940 2841 2939
f 2938 2937 2573
f 2572 2937 2947
f 2947 5323 2976
f 5325 5326 5329
f 5333 5285 5283
f 5305 5304 5462
f 5463 5464 5132
f 5132 5133 4695
f 4695 5133 4666
f 4607 4465 4605
f 4465 4467 4605
f 4605 4467 4560
f 4559 4556 796
f 2455 2466 2465
f 2465 2466 2467
f 2467 2466 2474
f 2474 2810 2501
f 2842 2808 2824
f 2808 2823 2824
f 2806 2813 2805
f 2813 2841 2827
f 3410 3397 3393
f 3393 3397 3355
f 3435 3436 3439
f 3439 3436 1190
f 5218 5225 5325
f 5463 5307 5464
f 916 906 912
f 912 906 907
f 4670 4666 4607
f 4467 4558 4560
f 4560 4558 4559
f 4559 4558 4556
f 793 804 803
f 2501 2810 2842
f 2823 2807 2809
f 2807 2774 2809
f 2809 2774 2812
f 2774 2773 2812
f 2805 2801 2806
f 445 158 182
f 2841 2921 2939
f 2939 2921 2938
f 2921 2838 2938
f 2938 2838 2937
f 3355 3357 3358
f 3358 3357 3360
f 2947 2948 5323
f 3360 3357 3456
f 3436 1192 1190
f 5323 5324 5228
f 4666 4665 4607
f 4556 792 796
f 792 793 796
f 2455 2456 2466
f 2466 2483 2474
f 2810 2808 2842
f 2812 2773 2811
f 2811 2798 2814
f 2814 2798 2803
f 2838 2923 2937
f 3868 3411 3410
f 3410 3411 3397
f 3357 3455 3456
f 3456 3455 3434
f 5228 5219 5229
f 5325 5225 5326
f 5285 5284 5283
f 5304 5307 5463
f 907 906 905
f 5132 5134 5133
f 4666 5133 4665
f 785 804 793
f 296 2456 2455
f 2474 2483 2810
f 2773 2771 2811
f 2811 2771 2798
f 2803 2778 2801
f 2806 2802 2813
f 2813 2818 2841
f 2818 2921 2841
f 2923 2943 2937
f 2937 2943 2947
f 2947 2943 2948
f 3397 3352 3355
f 5324 5221 5228
f 5334 5201 5204
f 4607 4665 4465
f 296 297 2456
f 144 176 145
f 2808 2807 2823
f 2798 2778 2803
f 2801 2802 2806
f 2802 2817 2813
f 2817 2818 2813
f 2943 2984 2948
f 3355 3352 3350
f 3355 3350 3357
f 2948 5324 5323
f 3770 3802 3859
f 2158 2182 957
f 2771 2775 2798
f 2801 2791 2802
f 3409 3394 3397
f 3397 3394 3352
f 3350 3461 3357
f 5228 5221 5219
f 5204 5201 5203
f 916 903 906
f 4665 4468 4465
f 297 2458 2456
f 2765 2766 2808
f 2810 2765 2808
f 2766 2807 2808
f 2807 2752 2774
f 2772 2771 2773
f 2775 2778 2798
f 2778 2791 2801
f 2817 2796 2818
f 2818 2822 2921
f 2921 2822 2922
f 2838 2837 2923
f 2923 2837 2943
f 2943 2837 2924
f 2943 2924 2984
f 2948 2984 5324
f 3859 3864 3867
f 5286 5310 5291
f 906 903 905
f 4467 4557 4558
f 4558 4557 4554
f 4558 4554 4556
f 792 785 793
f 2458 2469 2456
f 2456 2469 2466
f 2466 2469 2483
f 2761 2752 2807
f 2773 2774 2772
f 2771 2770 2775
f 2802 2795 2817
f 2921 2831 2838
f 2831 2837 2838
f 3394 3351 3352
f 3357 3461 3455
f 5219 5220 5218
f 5326 5424 5334
f 5134 4665 5133
f 4468 4466 4465
f 4466 4591 4467
f 4465 4466 4467
f 4467 4591 4557
f 4556 4554 784
f 4556 784 792
f 792 784 785
f 160 278 297
f 297 278 2458
f 2483 2765 2810
f 2766 2761 2807
f 2755 2756 2772
f 2772 2756 2771
f 2756 2770 2771
f 2802 2791 2795
f 2922 2831 2921
f 1164 1148 1154
f 3411 3981 3409
f 3351 3350 3352
f 1192 1191 1179
f 2984 5386 5324
f 3867 3864 3980
f 5221 5220 5219
f 5220 5222 5218
f 5285 5286 5284
f 903 902 905
f 2763 2762 2766
f 2774 2755 2772
f 2778 2783 2791
f 161 37 32
f 2795 2796 2817
f 2796 2794 2822
f 5307 5465 5464
f 5464 5465 5132
f 4665 4664 4468
f 4468 4664 4635
f 785 802 804
f 2765 2763 2766
f 2766 2762 2761
f 2752 2755 2774
f 397 159 157
f 3455 3432 3434
f 5324 5453 5221
f 5218 5224 5225
f 5424 5201 5334
f 5207 5335 5285
f 5285 5335 5287
f 5285 5287 5286
f 4635 4585 4468
f 4468 4585 4466
f 784 783 785
f 278 2471 2458
f 2482 2950 2483
f 2770 2769 2775
f 2794 2799 2822
f 2837 2840 2924
f 5324 5386 5453
f 3432 3433 3434
f 3434 3433 3435
f 3435 3433 3436
f 5132 5135 5134
f 4466 4586 4591
f 783 802 785
f 278 283 2471
f 2483 2950 2765
f 2752 2742 2755
f 2755 2745 2756
f 2756 2769 2770
f 2775 2776 2778
f 2822 2799 2922
f 2837 2832 2840
f 2840 5381 2924
f 3409 3395 3394
f 3394 3395 3351
f 3347 3349 3350
f 3351 3347 3350
f 3350 3349 3461
f 5453 5226 5221
f 5226 5220 5221
f 5225 5424 5326
f 3587 3588 3600
f 5306 5310 5302
f 5306 5302 5305
f 2762 2750 2761
f 2761 2743 2752
f 2743 2742 2752
f 2755 2742 2741
f 2741 2745 2755
f 2756 2745 2769
f 2769 2776 2775
f 2778 2779 2783
f 2783 2779 2791
f 2791 2779 2795
f 2831 2830 2837
f 2837 2830 2832
f 3409 3415 3395
f 3395 3353 3351
f 3351 3353 3347
f 3461 3432 3455
f 5222 5224 5218
f 5202 5335 5203
f 5203 5335 5207
f 5286 5308 5310
f 5134 5135 4665
f 4557 4555 4554
f 4554 782 784
f 784 782 783
f 2471 2470 2458
f 2763 2751 2762
f 2751 2750 2762
f 2750 2743 2761
f 2778 2776 2779
f 2779 2782 2795
f 2782 2794 2796
f 2795 2782 2796
f 2799 2831 2922
f 2832 2839 2840
f 2840 2839 5381
f 5201 5202 5203
f 5305 5302 5304
f 903 897 902
f 5465 5437 5132
f 5135 4713 4665
f 371 366 385
f 3436 3433 1192
f 897 900 902
f 854 815 850
f 4665 4713 4664
f 2950 2760 2765
f 2765 2760 2763
f 2839 2949 5381
f 5386 5380 5453
f 5201 5200 5202
f 5308 5301 5310
f 5302 5303 5304
f 4585 4584 4466
f 4466 4584 4586
f 153 263 283
f 2741 2744 2745
f 2776 2769 2767
f 2776 2780 2779
f 2780 2782 2779
f 2782 2786 2794
f 2794 2786 2799
f 2799 2800 2831
f 2832 2834 2839
f 2839 2834 2949
f 1164 1144 1148
f 3353 3345 3347
f 3345 3346 3347
f 3347 3346 3349
f 3349 3348 3461
f 3461 3348 3460
f 3461 3460 3432
f 3860 3870 3864
f 5224 5424 5225
f 4586 4592 4591
f 4591 4592 4555
f 4554 4555 4550
f 4554 780 782
f 802 801 805
f 283 2472 2471
f 2471 2472 2470
f 2760 2751 2763
f 2743 2739 2742
f 2745 2744 2753
f 2769 2745 2767
f 2767 2777 2776
f 2776 2777 2780
f 32 36 34
f 2799 2786 2800
f 3346 3341 3349
f 3349 3341 3348
f 5424 5199 5201
f 5199 5200 5201
f 5303 5439 5307
f 5304 5303 5307
f 897 896 900
f 5132 5437 5135
f 4664 4639 4635
f 4635 4639 4585
f 263 2306 283
f 283 2306 2472
f 2950 2875 2760
f 2743 2750 2739
f 2739 2741 2742
f 2745 2753 2767
f 2786 2787 2800
f 2832 2829 2834
f 2834 2995 2949
f 3395 3388 3353
f 3353 3388 3345
f 2949 2995 5381
f 5453 5429 5226
f 5424 5198 5199
f 5288 5286 5287
f 5307 5439 5465
f 5465 5438 5437
f 4554 4550 780
f 783 779 802
f 2470 2472 2484
f 2470 2484 2482
f 2482 2875 2950
f 2780 2781 2782
f 2782 2785 2786
f 2800 2819 2831
f 2819 2828 2831
f 2831 2828 2830
f 3415 3405 3395
f 3395 3405 3388
f 3388 3344 3345
f 3982 3419 3415
f 3345 3342 3346
f 3346 3342 3341
f 3432 3428 3433
f 3433 3428 1192
f 5453 5382 5429
f 5226 5223 5220
f 5222 5227 5224
f 5310 5301 5302
f 4664 4681 4639
f 4584 4583 4586
f 4586 4583 4592
f 780 778 782
f 782 778 783
f 2484 2875 2482
f 2875 2759 2760
f 2760 2759 2751
f 2741 2738 2744
f 2781 2784 2782
f 2800 2787 2819
f 2830 2829 2832
f 3415 3419 3405
f 5380 5382 5453
f 1192 3428 1191
f 5220 5223 5222
f 897 904 895
f 895 896 897
f 4592 4553 4555
f 4555 4553 4550
f 783 778 779
f 802 779 801
f 482 2306 263
f 2751 2746 2750
f 2750 2746 2739
f 21 28 23
f 2780 2777 2781
f 2782 2784 2785
f 2785 2787 2786
f 2830 2828 2829
f 3405 3344 3388
f 3344 3343 3342
f 5335 5288 5287
f 4713 4681 4664
f 4639 4582 4585
f 4585 4582 4584
f 2759 2749 2751
f 2749 2746 2751
f 2739 2738 2741
f 2738 2753 2744
f 2829 2833 2834
f 2834 2833 2995
f 3432 3427 3428
f 3543 3574 3575
f 5200 5335 5202
f 5465 5439 5438
f 896 901 900
f 134 205 482
f 3344 3382 3343
f 3405 3382 3344
f 3343 2069 3342
f 2069 3 3342
f 3342 3 3341
f 5226 5429 5223
f 5223 5227 5222
f 5224 5227 5424
f 2165 2152 2176
f 482 2305 2306
f 2306 2305 2486
f 2306 2486 2472
f 2472 2486 2484
f 2875 2757 2759
f 2767 2768 2777
f 2768 2797 2777
f 2797 2781 2777
f 2833 2994 2995
f 3428 1186 1191
f 5200 5458 5335
f 5286 5288 5289
f 5286 5289 5308
f 5308 5293 5301
f 4584 4582 4583
f 2828 2821 2829
f 3382 2068 3343
f 3405 3413 3382
f 3 3340 3341
f 3341 3340 3348
f 5227 5198 5424
f 5301 5300 5302
f 896 899 901
f 5437 5136 5135
f 4583 4601 4592
f 4592 4601 4553
f 4553 4551 4550
f 4550 4551 781
f 4550 781 780
f 779 795 801
f 801 808 805
f 780 771 778
f 205 275 482
f 2875 2874 2757
f 2759 2757 2749
f 2746 2740 2739
f 2739 2736 2738
f 2781 2792 2784
f 2819 2821 2828
f 2829 2821 2833
f 3419 3413 3405
f 3348 3463 3427
f 3348 3427 3460
f 3460 3427 3432
f 5429 5427 5223
f 5135 5136 4713
f 854 853 815
f 780 781 771
f 778 773 779
f 779 773 795
f 2486 2983 2484
f 2484 2983 2875
f 2738 2737 2753
f 2784 2790 2785
f 3419 3984 3413
f 3988 3984 3983
f 3340 3354 3348
f 5382 5383 5429
f 5289 5293 5308
f 895 898 896
f 853 812 815
f 4713 4678 4681
f 4582 4580 4583
f 2486 2982 2983
f 2875 2983 2874
f 2749 2748 2746
f 2785 2788 2787
f 2789 2820 2819
f 2787 2789 2819
f 3382 2 2068
f 3348 3354 3463
f 5429 5383 5385
f 4681 4678 4639
f 778 771 773
f 2739 2740 2736
f 2767 2753 2754
f 2797 2793 2781
f 2788 2789 2787
f 2819 2820 2821
f 3413 3414 3382
f 3382 3414 2
f 5223 5427 5227
f 5198 5196 5199
f 5199 5196 5200
f 898 899 896
f 4678 4581 4639
f 4639 4581 4582
f 4580 4579 4583
f 4583 4579 4601
f 2874 2758 2757
f 2757 2748 2749
f 2747 2740 2746
f 2737 2754 2753
f 2767 2754 2768
f 2793 2792 2781
f 2792 2790 2784
f 2785 2790 2788
f 5380 5378 5379
f 5379 5383 5382
f 3427 3423 3428
f 5227 5337 5198
f 5197 5196 5198
f 5288 5290 5289
f 5290 5292 5289
f 4601 4552 4553
f 4553 4552 4551
f 482 275 2305
f 2748 2747 2746
f 2768 2793 2797
f 3414 2298 2
f 3423 3468 3428
f 3428 3468 1186
f 5427 5356 5227
f 5227 5356 5337
f 5198 5337 5197
f 5196 5458 5200
f 5460 5290 5288
f 5437 5138 5136
f 5136 4697 4713
f 4713 4697 4678
f 781 772 771
f 2486 2487 2982
f 2982 2487 2981
f 2981 2980 2983
f 2982 2981 2983
f 2980 2877 2983
f 2983 2877 2874
f 2874 2877 2758
f 2757 2758 2748
f 2736 2737 2738
f 2820 2836 2821
f 2836 2835 2821
f 2821 2835 2833
f 3340 2300 3354
f 3463 3426 3427
f 3427 3426 3423
f 5458 5191 5335
f 5438 5138 5437
f 899 909 908
f 4552 4546 4551
f 4551 4546 781
f 801 795 808
f 4546 772 781
f 2305 2487 2486
f 2833 2835 2873
f 2833 2873 2994
f 3984 3985 3413
f 3340 2299 2300
f 5301 5293 5300
f 898 919 911
f 898 911 910
f 898 910 899
f 899 910 909
f 4582 4581 4580
f 275 2302 2305
f 2305 2302 2487
f 2300 3356 3354
f 3354 3356 3463
f 2487 2975 2981
f 2981 2975 2980
f 2736 2764 2737
f 3426 3424 3423
f 5288 5191 5460
f 5289 5292 5293
f 4678 4577 4581
f 2758 2877 2864
f 2758 2864 2748
f 2740 2764 2736
f 2793 2854 2792
f 2792 2853 2790
f 2820 2852 2836
f 2836 2852 2857
f 2836 2857 2835
f 3414 3391 2298
f 3988 3985 3984
f 5335 5191 5288
f 5302 5300 5303
f 4579 4594 4601
f 4601 4594 4552
f 2309 2975 2487
f 2487 2302 2309
f 2748 2862 2747
f 2747 2844 2740
f 2737 2846 2754
f 2848 2859 2768
f 2793 2855 2854
f 2790 2853 2788
f 2788 2849 2789
f 2835 2858 2873
f 5383 5384 5385
f 5385 5358 5427
f 5427 5358 5356
f 5191 5192 5460
f 919 922 911
f 911 922 910
f 909 924 915
f 4552 4544 4546
f 4546 4544 772
f 2980 2975 2877
f 2754 2848 2768
f 2768 2859 2793
f 2789 2849 2820
f 2835 2857 2858
f 2296 2301 2300
f 2299 2296 2300
f 2300 2301 3356
f 5376 5384 5379
f 3463 3424 3426
f 5384 5425 5385
f 5356 5357 5355
f 5303 5440 5439
f 2152 2151 2176
f 919 923 922
f 5439 5436 5438
f 5436 5138 5438
f 795 809 808
f 2864 2863 2748
f 2863 2862 2748
f 2793 2859 2855
f 2853 2850 2788
f 2849 2852 2820
f 3985 3418 3413
f 3356 3462 3463
f 3463 3462 3424
f 5290 5460 5292
f 5300 5466 5303
f 910 925 909
f 853 856 813
f 4697 4679 4678
f 4579 4578 4594
f 4580 4577 4579
f 4544 769 772
f 772 769 771
f 2877 2878 2864
f 2764 2843 2737
f 2737 2843 2846
f 2792 2854 2853
f 3391 3386 2298
f 3418 3380 3413
f 3413 3380 3391
f 5378 5376 5379
f 5356 5355 5337
f 5337 5355 5197
f 5196 5193 5458
f 5439 5440 5436
f 925 924 909
f 769 770 771
f 771 770 773
f 275 128 450
f 2975 2878 2877
f 3386 2297 2298
f 5385 5425 5358
f 4678 4679 4577
f 4594 4545 4552
f 4581 4577 4580
f 795 777 809
f 2309 2308 2975
f 2862 2844 2747
f 2740 2844 2764
f 2846 2848 2754
f 2848 2860 2859
f 2788 2850 2849
f 378 140 191
f 2852 2882 2857
f 3988 3986 3985
f 3985 3986 3418
f 5378 5377 5376
f 3365 2301 2296
f 3365 3364 2301
f 2301 3364 3356
f 3356 3364 3462
f 3424 3421 3423
f 5298 5300 5293
f 5138 5137 5136
f 5136 5137 4697
f 770 777 773
f 773 777 795
f 2302 450 2303
f 2302 2303 2309
f 2309 2303 2308
f 2859 2860 2855
f 2854 2850 2853
f 2873 2858 5387
f 3380 3385 3391
f 3391 3385 3386
f 3468 3449 1186
f 5303 5432 5440
f 922 931 925
f 925 927 924
f 2975 2308 2962
f 2975 2962 2878
f 2764 2844 2843
f 2843 2845 2846
f 2846 2847 2848
f 2855 2861 2854
f 2849 2879 2852
f 2882 2883 2857
f 3385 3384 3386
f 3386 3384 5
f 3386 5 2297
f 5466 5433 5303
f 4679 4662 4577
f 2303 2307 2308
f 2846 2845 2847
f 2850 2851 2849
f 2857 2883 2858
f 2295 3366 3365
f 3365 3366 3364
f 5193 5190 5458
f 5458 5190 5191
f 925 931 929
f 5137 4696 4697
f 4697 4696 4679
f 4577 4576 4578
f 4578 4576 4594
f 4552 4545 4544
f 2962 2876 2878
f 2844 2845 2843
f 2855 2860 2861
f 2856 2850 2854
f 2851 2879 2849
f 2852 2879 2882
f 3866 3871 3989
f 5384 5375 5425
f 3844 3862 3866
f 5358 5359 5357
f 5460 5364 5292
f 5303 5433 5432
f 5138 5436 5137
f 4696 4662 4679
f 450 2304 2303
f 2303 2304 2307
f 2878 2876 2864
f 2861 2856 2854
f 3418 3400 3380
f 3385 3370 3384
f 3986 3400 3418
f 3384 6 5
f 3384 3369 6
f 6 3369 4
f 2295 4 3366
f 5376 5375 5384
f 5425 5361 5358
f 5355 5195 5197
f 5197 5195 5196
f 5196 5195 5193
f 2151 932 923
f 5440 5432 5436
f 4540 775 4544
f 4544 775 769
f 2307 2084 2308
f 2308 2084 2962
f 2847 2865 2848
f 2856 2851 2850
f 2879 2906 2882
f 3380 3370 3385
f 3384 3370 3369
f 3424 3425 3421
f 3611 3630 3628
f 5292 5294 5293
f 4662 4575 4577
f 4577 4575 4576
f 4545 4540 4544
f 770 776 777
f 450 449 2304
f 2844 2869 2845
f 2848 2865 2860
f 2860 2880 2861
f 2851 2884 2879
f 2906 2883 2882
f 2858 2899 5387
f 3400 3379 3380
f 3380 3379 3370
f 3370 3368 3369
f 3369 3366 4
f 3449 1183 1186
f 5191 5189 5192
f 5432 5141 5436
f 5137 5139 4696
f 4576 4593 4594
f 4594 4593 4545
f 2084 2102 2962
f 2962 2102 2881
f 2962 2881 2876
f 2844 2868 2869
f 2845 2870 2847
f 2860 2865 2880
f 2883 2899 2858
f 1167 1151 1147
f 3369 3368 3366
f 3421 3422 3423
f 5358 5361 5359
f 5364 5294 5292
f 930 945 927
f 775 774 769
f 769 774 770
f 770 774 776
f 2864 2876 2867
f 2867 2863 2864
f 2863 2867 2862
f 2866 2844 2862
f 2866 2868 2844
f 2869 2870 2845
f 2896 2861 2880
f 2883 2906 2911
f 2911 2912 2883
f 2883 2912 2899
f 3379 3371 3370
f 3370 3371 3368
f 3368 3367 3366
f 5377 2996 5376
f 3366 3367 3364
f 5192 5189 5460
f 931 933 929
f 4662 4603 4575
f 4593 4547 4545
f 777 4693 809
f 2867 2866 2862
f 2869 2868 2871
f 2869 2871 2870
f 2851 2856 2890
f 2851 2890 2884
f 3364 3367 3462
f 3462 3425 3424
f 5357 5362 5355
f 5189 5364 5460
f 2151 2181 932
f 4696 4603 4662
f 2304 675 2307
f 2307 675 2084
f 2876 2881 2867
f 2847 2870 2872
f 2847 2872 2865
f 2861 2896 2897
f 2861 2897 2856
f 2856 2897 2890
f 2899 5388 5377
f 5375 5369 5425
f 5436 5139 5137
f 856 816 813
f 776 4693 777
f 2304 449 675
f 675 2083 2084
f 2084 2083 2102
f 2879 2884 2907
f 2879 2907 2906
f 2912 5388 2899
f 3986 3403 3400
f 3400 3392 3379
f 3367 3425 3462
f 5425 5369 5361
f 5193 5187 5190
f 5190 5189 5191
f 5293 5294 5298
f 2181 960 932
f 4575 4574 4576
f 4576 4574 4590
f 4576 4590 4593
f 2870 2885 2872
f 2897 2896 2900
f 2912 2996 5388
f 3400 3403 3392
f 5388 2996 5377
f 5190 5187 5189
f 5298 5154 5300
f 3883 966 950
f 5436 5141 5139
f 4696 4602 4603
f 4547 4548 4540
f 2102 2970 2881
f 2867 2881 2898
f 2867 2891 2866
f 2866 2891 2868
f 2868 2888 2871
f 2872 2887 2865
f 2865 2896 2880
f 2890 2908 2884
f 2884 2909 2907
f 2912 2919 2996
f 3392 3378 3379
f 3379 3378 3371
f 929 935 930
f 4603 4571 4575
f 4575 4571 4574
f 4548 4539 4540
f 449 248 675
f 2881 2970 2898
f 2867 2898 2892
f 2867 2892 2891
f 2868 2891 2888
f 2871 2888 2889
f 2887 2894 2865
f 2897 2900 2903
f 2884 2908 2909
f 3403 3401 3392
f 5355 5338 5195
f 5466 5431 5433
f 5433 5431 5432
f 5432 5431 5141
f 4696 4669 4602
f 4603 4602 4571
f 774 786 776
f 248 673 675
f 675 673 2083
f 2083 2101 2102
f 2102 2101 2970
f 2871 2889 2870
f 2885 2887 2872
f 2865 2894 2896
f 2897 2903 2890
f 2910 2908 2890
f 2911 2918 2912
f 2918 2919 2912
f 5359 5360 5357
f 5355 5362 5341
f 5195 5194 5193
f 5300 5154 5466
f 5140 4669 4696
f 5139 5140 4696
f 4540 4539 775
f 775 787 774
f 774 787 786
f 2870 2886 2885
f 3401 3396 3392
f 3392 3396 3378
f 3987 3401 3403
f 3368 3373 3367
f 5373 5369 5375
f 5355 5341 5338
f 933 934 935
f 5141 5140 5139
f 776 786 4693
f 2892 2913 2891
f 2896 2895 2900
f 2906 2907 2933
f 2906 2918 2911
f 2919 5372 2996
f 3373 3453 3367
f 3367 3453 3425
f 5361 5360 5359
f 5360 5362 5357
f 5364 5299 5294
f 5154 5153 5466
f 5466 5153 5431
f 4590 4548 4547
f 4539 787 775
f 2892 2898 2913
f 2889 2886 2870
f 2896 2894 2895
f 2903 2910 2890
f 2910 2914 2908
f 2906 2933 2925
f 2906 2925 2918
f 2919 2926 5372
f 3371 3372 3368
f 3425 3429 3421
f 3429 3431 3421
f 3421 3431 3422
f 5195 5338 5194
f 5189 5188 5364
f 935 937 930
f 4669 4570 4602
f 4574 4571 4573
f 673 2082 2083
f 2083 2082 2101
f 2891 2905 2888
f 2888 2886 2889
f 2918 2926 2919
f 3378 3372 3371
f 3372 3373 3368
f 3453 3430 3425
f 3430 3429 3425
f 5373 5370 5369
f 5294 5299 5298
f 4602 4570 4571
f 673 250 2082
f 2888 2905 2886
f 2909 2908 2916
f 2909 2916 2933
f 2909 2933 2907
f 3987 3407 3401
f 3401 3407 3396
f 5361 5423 5360
f 4548 4573 4549
f 4669 4668 4570
f 786 4692 4693
f 2101 2091 2970
f 2891 2913 2920
f 2891 2920 2905
f 2886 2893 2885
f 2887 2895 2894
f 2900 2902 2903
f 2903 2914 2910
f 2918 2927 2926
f 5372 5370 5373
f 5193 5194 5187
f 5431 5143 5141
f 5141 5142 5140
f 250 671 2082
f 2082 2091 2101
f 2970 2091 2898
f 2898 2917 2913
f 2885 2893 2887
f 2895 2901 2900
f 2914 2916 2908
f 477 583 137
f 2925 2927 2918
f 3396 3375 3378
f 3378 3375 3372
f 3372 3374 3373
f 5187 5188 5189
f 5140 4667 4669
f 4571 4569 4573
f 2091 2917 2898
f 2886 2904 2893
f 2887 2893 2895
f 2900 2901 2902
f 2903 2902 2914
f 2914 2902 2915
f 2914 2915 2916
f 3407 3399 3396
f 3396 3399 3375
f 3872 3399 3407
f 3372 3375 3374
f 3373 3374 3381
f 3373 3381 3453
f 5372 2991 5370
f 5423 5367 5360
f 5188 5299 5364
f 4667 4668 4669
f 4573 4569 4549
f 4571 4570 4569
f 4549 4539 4548
f 671 2079 2082
f 2905 2904 2886
f 363 381 380
f 5372 2926 2991
f 3453 3429 3430
f 5149 5143 5431
f 934 939 938
f 786 788 4692
f 2082 2079 2091
f 2091 2936 2917
f 2917 2936 2935
f 2917 2935 2913
f 2913 2934 2920
f 2904 2905 2928
f 2904 2929 2893
f 2895 2931 2901
f 2973 2926 2927
f 3449 1184 1183
f 5152 5153 5154
f 5431 5153 5149
f 941 939 934
f 4668 4568 4570
f 2091 2079 2090
f 2935 2934 2913
f 2905 2920 2928
f 2904 2928 2929
f 2893 2929 2895
f 2901 2931 2902
f 2925 2933 2971
f 2925 2971 2927
f 2973 2991 2926
f 3453 3381 3440
f 3453 3440 3429
f 3429 3440 3431
f 5367 5366 5360
f 5360 5365 5362
f 5341 5340 5338
f 5194 5389 5187
f 5389 5185 5187
f 5188 5426 5299
f 5143 5142 5141
f 4549 4538 4539
f 4539 4538 787
f 787 788 786
f 2920 2945 2928
f 2915 2952 2916
f 2916 2960 2933
f 3872 3416 3399
f 3375 3376 3374
f 2991 2992 5370
f 5369 5368 5367
f 5362 5363 5341
f 5341 5363 5340
f 5338 5339 5194
f 5187 5186 5188
f 5142 5430 5140
f 5140 5430 4667
f 4568 4567 4569
f 4570 4568 4569
f 4567 4589 4569
f 4569 4589 4549
f 2079 2080 2090
f 2091 2090 2936
f 2928 2963 2929
f 2895 2930 2931
f 2931 2932 2902
f 2902 2932 2915
f 2927 2972 2973
f 3376 3387 3374
f 3374 3383 3381
f 3381 3383 3440
f 5360 5366 5365
f 5365 5363 5362
f 4667 4568 4668
f 787 789 788
f 2920 2934 2945
f 2945 2966 2928
f 2929 2930 2895
f 2932 2952 2915
f 2916 2952 2958
f 2916 2958 2960
f 2933 2960 2971
f 3416 3377 3399
f 3399 3377 3375
f 2971 2972 2927
f 3856 3990 3872
f 3374 3387 3383
f 3440 3444 3431
f 2991 2973 2992
f 5370 5371 5368
f 3738 3849 3857
f 5340 5339 5338
f 5339 5389 5194
f 5185 5186 5187
f 4589 4543 4549
f 4538 789 787
f 671 672 2079
f 2929 2963 2930
f 3377 3376 3375
f 2972 2974 2973
f 3444 3445 3431
f 2973 2974 2992
f 3383 3444 3440
f 3639 3640 3633
f 5299 5426 5298
f 944 939 941
f 4667 4572 4568
f 4572 4566 4568
f 4568 4566 4567
f 4549 4543 4538
f 249 219 672
f 2080 2085 2090
f 2090 2109 2936
f 2936 2951 2935
f 2935 2951 2934
f 2928 2966 2963
f 3416 3417 3377
f 5367 5368 5366
f 5366 5354 5365
f 5152 5149 5153
f 943 942 939
f 5430 4690 4667
f 4567 4565 4589
f 4589 4565 4543
f 788 791 4692
f 2079 672 2080
f 2090 2085 2109
f 2934 2951 2964
f 2934 2964 2945
f 2945 2965 2966
f 2931 2955 2932
f 2952 2959 2958
f 3990 3417 3416
f 3376 3328 3387
f 2972 2979 2974
f 3328 3389 3387
f 3445 1185 3431
f 3387 3389 3383
f 3383 3389 3390
f 3383 3390 3444
f 2992 2974 5371
f 5186 5420 5188
f 5426 5154 5298
f 5156 5152 5154
f 4667 4690 4572
f 4543 4541 4538
f 4538 4536 789
f 4692 791 862
f 2936 2109 2951
f 2945 2964 2965
f 2932 2955 2954
f 138 570 214
f 2960 2978 2971
f 3377 3329 3376
f 3420 3417 3990
f 3376 3329 3328
f 2971 2979 2972
f 2979 2988 2974
f 3390 3446 3444
f 3444 3446 3445
f 2974 2988 5371
f 3854 3855 3856
f 5368 5452 5366
f 5363 5346 5342
f 5363 5342 5340
f 5340 5342 5339
f 5149 5144 5143
f 2147 2166 2180
f 4541 4536 4538
f 789 797 790
f 789 790 788
f 788 790 791
f 219 677 672
f 672 677 2081
f 672 2081 2080
f 2080 2081 2085
f 2085 2086 2109
f 2963 2957 2930
f 2930 2956 2931
f 2931 2956 2955
f 2954 2953 2932
f 2932 2953 2952
f 2952 2953 2959
f 2977 2978 2960
f 3417 3402 3377
f 2971 2978 2979
f 3328 3327 3389
f 3389 3327 3330
f 3389 3330 3390
f 3390 3452 3446
f 5368 5371 5452
f 5363 5365 5346
f 5389 5184 5185
f 5142 5146 5430
f 4565 4541 4543
f 4566 4565 4567
f 791 4680 862
f 219 221 677
f 2085 2081 2086
f 2109 2969 2951
f 2951 2969 2964
f 2966 2965 2967
f 2966 2967 2968
f 2966 2968 2963
f 2963 2968 2957
f 2960 2958 2961
f 2960 2961 2977
f 3402 3335 3377
f 3377 3335 3329
f 3991 2347 3420
f 3420 3402 3417
f 3390 3330 3452
f 2988 2990 5374
f 2988 5374 5371
f 5452 5354 5366
f 3644 3652 3759
f 5339 5344 5389
f 5426 5156 5154
f 5143 5144 5142
f 943 946 942
f 5430 4712 4690
f 4572 4564 4566
f 4566 4564 4565
f 862 4680 852
f 791 794 4680
f 2109 2086 2095
f 2109 2095 2969
f 2930 2957 2956
f 2343 3335 3402
f 2347 2348 3420
f 2979 2990 2988
f 5371 5374 5452
f 5354 5348 5365
f 3638 3637 3626
f 5144 5145 5142
f 5145 5146 5142
f 4564 4561 4565
f 790 794 791
f 2081 2087 2086
f 2086 2087 2095
f 2969 2123 2964
f 2965 2127 2967
f 2127 2128 2967
f 2967 2128 2968
f 2954 2134 2953
f 2959 2135 2958
f 2347 2344 2343
f 2347 2343 2348
f 3335 3324 3329
f 3329 3324 3328
f 2977 2987 2978
f 3328 3324 3327
f 3445 3451 1185
f 3324 3326 3327
f 3446 3450 3445
f 2978 2989 2979
f 2979 2989 2990
f 3327 3326 3330
f 5389 5344 5184
f 5420 5159 5188
f 5188 5159 5426
f 5152 5150 5149
f 5149 5147 5144
f 943 947 946
f 5146 4712 5430
f 4712 4663 4690
f 4690 4663 4572
f 4572 4663 4564
f 221 560 677
f 2087 2092 2095
f 2095 2092 2108
f 2095 2108 2969
f 2969 2108 2985
f 2985 2123 2969
f 2123 2125 2964
f 2125 2965 2964
f 2965 2126 2127
f 2968 2129 2957
f 2957 2129 2131
f 2131 2956 2957
f 2956 2133 2955
f 2955 2134 2954
f 2953 2134 2135
f 2953 2135 2959
f 2135 2986 2958
f 2958 2986 2961
f 2344 2341 2343
f 2343 2341 2342
f 2343 2342 3335
f 2342 2346 3335
f 3335 2346 3324
f 3324 3325 3326
f 3445 3450 3451
f 2987 2989 2978
f 3326 3331 3330
f 3452 3450 3446
f 2989 2993 2990
f 2990 2993 5374
f 5374 1097 5452
f 5365 5348 5346
f 5345 5342 5346
f 5185 5183 5186
f 5149 5150 5147
f 5146 4725 4712
f 677 560 2088
f 677 2088 2081
f 2965 2125 2126
f 2128 2129 2968
f 2131 2132 2956
f 2956 2132 2133
f 2133 2134 2955
f 570 640 215
f 2961 2987 2977
f 2344 2345 2341
f 2346 3325 3324
f 3325 3331 3326
f 3330 3331 3332
f 3330 3332 3452
f 5374 2993 1097
f 5354 5349 5348
f 5342 5343 5339
f 5339 5343 5344
f 5426 5159 5156
f 5156 5155 5152
f 4541 4561 4542
f 4541 4537 4536
f 4537 4535 4536
f 4536 4535 797
f 797 799 790
f 790 799 794
f 2081 2088 2087
f 2125 2124 2126
f 2126 1089 2127
f 2127 1066 2128
f 2129 2130 2131
f 2131 2130 2132
f 2961 2986 2987
f 1195 1181 1185
f 2345 2332 2341
f 2341 2332 2333
f 2341 2333 2342
f 2333 2334 2346
f 2342 2333 2346
f 2346 2334 3325
f 3450 3466 3451
f 2345 3520 2336
f 2345 2336 2332
f 3325 2334 3331
f 2989 1097 2993
f 5452 5350 5354
f 5354 5350 5349
f 5184 5183 5185
f 5420 5161 5159
f 5144 5147 5145
f 4541 4542 4537
f 794 893 4680
f 2092 2093 2108
f 2108 2093 2985
f 2985 2093 2123
f 2123 2124 2125
f 2127 1089 1066
f 1066 2129 2128
f 2132 1088 2133
f 2133 1088 2134
f 364 1156 365
f 569 640 570
f 2987 1092 2989
f 2332 2329 2333
f 2333 2329 2334
f 2334 2335 3331
f 3452 3465 3450
f 3465 3466 3450
f 2336 2331 2332
f 3332 3465 3452
f 2989 1078 1097
f 1097 1094 5452
f 1094 5350 5452
f 5349 5347 5348
f 5348 5347 5346
f 5343 5421 5344
f 5152 5155 5150
f 944 948 947
f 5145 4725 5146
f 4564 4562 4561
f 4561 4562 4542
f 4535 799 797
f 799 800 794
f 794 800 893
f 2087 2088 2089
f 2087 2089 2092
f 2092 2089 2093
f 2089 2094 2093
f 2093 2105 2123
f 1089 1074 1066
f 1066 1065 2129
f 2129 1065 1077
f 1077 2130 2129
f 2132 1063 1088
f 2134 1088 1095
f 1095 2135 2134
f 2135 1096 2986
f 2986 1093 2987
f 2987 1093 1092
f 3466 3467 3451
f 3451 3467 1195
f 2334 2329 2335
f 2335 3333 3331
f 3331 3333 3332
f 3334 3470 3332
f 3627 3670 3671
f 5347 5345 5346
f 5345 5343 5342
f 5344 5421 5184
f 5147 5435 5145
f 3926 3908 3907
f 3891 947 948
f 4712 4725 4689
f 4712 4689 4663
f 2088 3105 2089
f 2124 1089 2126
f 2130 1077 1062
f 2130 1062 2132
f 2132 1062 1063
f 1088 1087 1095
f 365 1172 337
f 2135 1095 1096
f 2986 1096 1093
f 1195 1187 1181
f 2329 2326 2328
f 2329 2328 2335
f 1092 1078 2989
f 2331 2327 2329
f 2335 2328 3333
f 3332 3470 3465
f 3333 3334 3332
f 1078 1094 1097
f 3471 3470 3334
f 1094 5352 5350
f 5349 5350 5347
f 5186 5183 5420
f 4725 4710 4689
f 4663 4689 4587
f 4663 4587 4564
f 4564 4587 4562
f 2089 3105 2096
f 2089 2096 2094
f 2093 2094 2105
f 2105 1076 2123
f 2123 1076 2124
f 2124 1076 1075
f 2124 1075 1089
f 1063 1062 1049
f 1063 1049 1088
f 337 1172 357
f 1095 1087 1056
f 1173 1187 1188
f 1187 1196 1188
f 3467 3472 1195
f 1195 3472 1187
f 2327 2326 2329
f 2328 3336 3333
f 3470 3473 3465
f 1094 1072 5352
f 5159 5157 5156
f 955 956 948
f 5148 4725 5145
f 5434 4710 4725
f 4542 4563 4537
f 4535 4534 799
f 799 4534 800
f 2105 2094 2098
f 2105 2098 2100
f 2105 2100 1076
f 1089 1073 1074
f 1073 1046 1074
f 1074 1046 1066
f 1077 1065 1061
f 1077 1061 1062
f 1062 1038 1049
f 1088 1049 1087
f 1087 1049 1056
f 357 1172 1598
f 1095 1056 1043
f 640 1964 1976
f 1096 1055 1093
f 1093 1045 1092
f 3466 3472 3467
f 1045 1054 1092
f 2327 2323 2326
f 2328 3337 3336
f 1092 1054 1078
f 3336 3337 3334
f 3334 3337 3338
f 3334 3338 3471
f 5350 5351 5347
f 3670 3649 3699
f 5345 5347 5441
f 5441 5182 5345
f 5345 5182 5343
f 5421 5168 5184
f 5183 5166 5420
f 5156 5157 5155
f 5150 5151 5147
f 5147 5151 5435
f 4725 5148 5434
f 4562 4563 4542
f 2096 2097 2094
f 1075 1073 1089
f 1066 1046 1050
f 1066 1050 1065
f 1065 1050 1061
f 1061 1038 1062
f 1049 1033 1056
f 357 1598 1525
f 1964 1961 1976
f 1095 1043 1096
f 1043 1055 1096
f 1055 1045 1093
f 3472 1533 1196
f 2326 2323 2325
f 2326 2325 2328
f 2328 2325 3337
f 3466 1534 3472
f 2327 2322 2323
f 3465 3473 3466
f 1054 1044 1078
f 2330 2322 2327
f 3471 1603 3470
f 3470 1603 3473
f 1078 1044 1094
f 1094 1044 1072
f 1072 1069 5352
f 5352 5351 5350
f 5347 5351 5353
f 5347 5353 5441
f 5182 5421 5343
f 5184 5168 5183
f 5183 5168 5166
f 5166 5163 5420
f 5420 5163 5161
f 5155 5428 5150
f 5150 5428 5151
f 848 847 825
f 4537 4563 4535
f 800 894 893
f 3054 2097 2096
f 2094 2097 2098
f 2097 2099 2098
f 2098 2099 2100
f 2100 2106 1076
f 1075 1076 1047
f 1075 1047 1073
f 1050 1038 1061
f 1038 1035 1049
f 357 1525 588
f 1035 1036 1049
f 1525 1598 1524
f 1056 1033 1043
f 1598 1600 1524
f 1043 1021 1055
f 1055 1021 1045
f 1534 1533 3472
f 2323 2324 2325
f 2325 2324 2349
f 2325 2349 3337
f 3473 1534 3466
f 2322 2321 2323
f 2323 2321 2324
f 2321 2320 2324
f 3337 2349 3339
f 3337 3339 3338
f 1054 1020 1044
f 2317 2321 2322
f 3338 3339 1434
f 3338 1434 3471
f 3471 1434 1603
f 1044 1053 1072
f 5352 1069 5351
f 5421 5182 5168
f 5155 5158 5428
f 4689 4710 4587
f 4587 4588 4562
f 4563 4533 4535
f 4534 4524 800
f 1076 2106 1071
f 1076 1071 1047
f 1047 1046 1073
f 1042 1039 1046
f 1046 1039 1050
f 1050 1039 1037
f 1037 1038 1050
f 588 1525 1520
f 1049 1036 1033
f 1525 1524 1520
f 1033 1016 1043
f 1964 1960 1961
f 1960 1959 1961
f 1196 1533 1523
f 2324 2320 1433
f 2324 1433 2349
f 1433 3339 2349
f 3473 1542 1534
f 2321 2316 2320
f 1603 1542 3473
f 2317 2316 2321
f 3339 1433 1434
f 1053 1069 1072
f 5166 5165 5163
f 5163 5162 5161
f 5161 5160 5159
f 5157 5158 5155
f 3934 3913 4125
f 5148 5407 5434
f 5434 4728 4710
f 4710 4604 4587
f 4562 4595 4563
f 4563 4597 4533
f 4535 4533 4534
f 800 4524 4523
f 2097 2103 2099
f 2099 2103 2100
f 2100 2103 2104
f 2100 2104 2106
f 1047 1041 1046
f 1046 1041 1042
f 383 588 443
f 443 588 1506
f 1038 1027 1035
f 588 1520 1506
f 1520 1524 1518
f 1043 1016 1017
f 1524 1523 1518
f 1043 1017 1021
f 1533 1532 1523
f 1019 1020 1045
f 1534 1542 1604
f 1045 1020 1054
f 2316 1438 2320
f 2320 1438 1433
f 2317 2314 2316
f 1433 1432 1434
f 1434 1432 1603
f 1044 1005 1053
f 5351 1069 1086
f 1086 1102 5351
f 5351 1102 5353
f 5353 5442 5441
f 5441 5442 5182
f 5182 5170 5168
f 5159 5160 5157
f 5428 5410 5151
f 5435 5408 5148
f 4121 2174 4110
f 5434 5407 4728
f 880 891 847
f 848 880 847
f 4587 4604 4588
f 4562 4588 4595
f 2106 2104 2107
f 2106 2107 1071
f 1071 1070 1047
f 1047 1048 1041
f 1037 1027 1038
f 443 1506 1555
f 1027 1026 1035
f 1520 1518 1506
f 1035 1025 1036
f 1036 1025 1033
f 1964 1957 1960
f 1518 1523 1517
f 1533 1534 1532
f 1604 1532 1534
f 1021 1019 1045
f 1542 1540 1604
f 2314 2312 2316
f 2316 2312 1438
f 1438 1431 1433
f 1603 1545 1542
f 1020 1005 1044
f 1433 1431 1432
f 1603 1432 1545
f 1431 1429 1432
f 1010 1069 1053
f 1010 1086 1069
f 1102 5451 5353
f 5451 5443 5353
f 5443 5442 5353
f 5182 5173 5170
f 5170 5169 5168
f 5168 5169 5167
f 5167 5165 5166
f 5168 5167 5166
f 5165 5164 5163
f 5163 5164 5162
f 5162 5160 5161
f 5157 5160 5158
f 5151 5410 5408
f 5151 5408 5435
f 4122 4124 4121
f 5148 5408 5407
f 4728 4604 4710
f 4588 4596 4595
f 4595 4596 4597
f 4597 4648 4533
f 894 4519 848
f 4534 4533 4524
f 4523 4519 894
f 1071 2110 1070
f 1047 1070 1064
f 1047 1064 1048
f 1041 1039 1042
f 406 447 373
f 1555 1506 1490
f 1506 1489 1490
f 1035 1026 1025
f 1518 1489 1506
f 1518 1517 1489
f 1033 1025 1008
f 1033 1008 1016
f 1957 1958 1959
f 1960 1957 1959
f 1523 1530 1517
f 1017 1000 1021
f 1021 1000 1019
f 1604 1540 1532
f 1019 996 1020
f 1020 996 1005
f 2310 2312 2314
f 2337 2310 2314
f 2312 2311 1443
f 2312 1443 1438
f 1438 1443 1431
f 2340 2318 2310
f 1005 1010 1053
f 1432 1429 1545
f 5182 5442 5173
f 5428 5411 5410
f 4648 4530 4533
f 4519 4516 880
f 848 4519 880
f 4533 4530 4524
f 4524 4530 4520
f 4524 4520 4523
f 4523 4520 4519
f 2104 2103 3107
f 2104 3107 2107
f 2107 2110 1071
f 1039 1041 1040
f 414 1555 448
f 448 1555 1560
f 1040 1034 1039
f 1034 1028 1039
f 1555 1490 1488
f 1555 1488 1560
f 1039 1028 1037
f 1037 1028 1027
f 1490 1489 1488
f 1517 1492 1489
f 1008 1006 1016
f 1517 1530 1492
f 1523 1532 1530
f 1959 1958 1965
f 1959 1965 3106
f 1000 996 1019
f 1540 1539 1532
f 1542 1541 1540
f 1545 1543 1542
f 1542 1543 1541
f 996 974 1005
f 974 986 1005
f 2318 2313 2310
f 2310 2311 2312
f 2310 2313 2311
f 2311 2319 1443
f 1443 2319 1430
f 1443 1430 1431
f 1430 1428 1431
f 1429 1546 1545
f 1545 1546 1543
f 986 1010 1005
f 1431 1428 1429
f 1428 1427 1429
f 1429 1427 1546
f 1010 1014 1086
f 1014 1058 1086
f 1058 1102 1086
f 5451 1102 1101
f 5451 1101 5443
f 5443 5180 5442
f 5442 5180 5173
f 2175 2170 2141
f 4728 4709 4604
f 891 892 4068
f 4604 4599 4588
f 4597 4600 4648
f 4520 4517 4519
f 3107 4746 2107
f 2107 4746 2110
f 2110 4746 2111
f 2110 2111 1070
f 1070 2111 1064
f 1048 1064 2113
f 1048 1040 1041
f 1560 607 416
f 1560 1488 607
f 1488 1480 607
f 1488 1487 1480
f 1489 1487 1488
f 1026 1007 1025
f 1025 1007 1008
f 1532 1282 1530
f 1006 988 1016
f 1016 988 1017
f 988 1000 1017
f 1540 1541 1539
f 1543 1544 1541
f 2318 1452 2313
f 2319 1411 1430
f 1543 1546 1544
f 1428 1406 1427
f 986 991 1010
f 991 1014 1010
f 1058 1101 1102
f 5173 5172 5170
f 5167 5169 5391
f 5167 5391 5165
f 5419 5454 5162
f 5162 5454 5160
f 5160 5422 5158
f 5158 5411 5428
f 5411 5409 5410
f 5410 5409 5408
f 5408 5405 5407
f 5407 5405 5406
f 4069 4068 4059
f 4068 4065 4059
f 892 4065 4068
f 4588 4599 4596
f 4530 4649 4517
f 4516 4512 892
f 4520 4530 4517
f 4517 4512 4516
f 2111 2112 1064
f 1064 2112 2113
f 417 607 444
f 444 1535 483
f 607 1480 444
f 1480 1477 444
f 444 1477 1535
f 1048 1052 1040
f 1481 1478 1480
f 1034 1029 1028
f 1487 1481 1480
f 1028 1018 1027
f 608 1984 1983
f 1018 1026 1027
f 1492 1505 1487
f 1011 1007 1026
f 1957 1962 1958
f 1530 1529 1492
f 1492 1529 1505
f 1008 1002 1006
f 1282 1287 1530
f 1002 989 1006
f 1958 1962 1965
f 1006 989 988
f 1532 1277 1282
f 1539 1277 1532
f 988 973 1000
f 1000 973 996
f 973 974 996
f 1541 1557 1539
f 1557 1270 1539
f 1541 1544 1557
f 2313 1452 2315
f 2313 2315 2311
f 2311 2315 1412
f 2311 1412 2319
f 2319 1412 1411
f 1411 1408 1430
f 1430 1408 1428
f 1408 1406 1428
f 986 974 975
f 974 969 975
f 1406 1404 1427
f 1546 1418 1407
f 1546 1407 1544
f 986 975 991
f 1427 1404 1418
f 1427 1418 1546
f 1418 1394 1407
f 5443 1101 5180
f 5180 5174 5173
f 5174 5172 5173
f 5170 5171 5169
f 5169 5171 5390
f 5391 5393 5165
f 5164 5419 5162
f 5160 5454 5422
f 5158 5422 5411
f 4111 4113 4116
f 4111 4108 4112
f 5409 5405 5408
f 4709 4647 4599
f 4599 4598 4596
f 4596 4598 4597
f 892 4072 4065
f 4597 4598 4600
f 4648 4600 4649
f 892 4512 4072
f 426 419 483
f 426 483 649
f 2112 2114 2113
f 483 1535 1536
f 483 1536 649
f 2113 2114 1048
f 1535 1476 1536
f 1048 2114 2115
f 1535 1477 1476
f 1048 2115 1052
f 1040 1052 1034
f 1480 1478 1477
f 1029 1018 1028
f 1487 1491 1481
f 1487 1505 1491
f 1018 1011 1026
f 1018 1001 1011
f 1287 1285 1530
f 1530 1285 1529
f 1007 1003 1008
f 1008 1003 1002
f 989 977 988
f 1539 1270 1277
f 988 977 973
f 970 974 973
f 974 970 969
f 1452 1410 2315
f 2315 1410 1412
f 1412 1410 1411
f 1452 1419 1410
f 1410 1408 1411
f 1452 3830 1419
f 1410 1419 1409
f 1410 1409 1408
f 1544 1547 1556
f 1409 1402 1408
f 1408 1402 1406
f 1407 1547 1544
f 3830 3829 3847
f 1406 1402 1404
f 1402 1403 1404
f 1402 1401 1403
f 1404 1403 1394
f 1404 1394 1418
f 975 982 991
f 991 982 1014
f 1407 1548 1547
f 1394 1397 1407
f 1407 1397 1548
f 982 1058 1014
f 982 981 1058
f 1101 1103 5180
f 5180 1103 5174
f 5172 5171 5170
f 5390 5391 5169
f 5405 5404 5406
f 4059 4022 4055
f 4059 4019 4022
f 4059 4065 4019
f 4728 5406 4709
f 4065 4071 4019
f 4599 4647 4598
f 4649 4652 4517
f 4652 4653 4517
f 4517 4653 4527
f 4512 4510 4072
f 422 649 650
f 2112 2997 2114
f 649 1537 650
f 649 1536 1537
f 1537 1536 1470
f 1470 1467 1537
f 2114 2116 2115
f 1536 1476 1470
f 2115 2116 2117
f 2115 2117 1052
f 1476 1475 1470
f 1052 2117 2119
f 1052 1051 1034
f 1052 2120 1051
f 1051 1029 1034
f 1477 1478 1475
f 1477 1475 1476
f 1029 1051 1030
f 1029 1030 1018
f 1481 1491 1478
f 1491 1493 1478
f 1505 1531 1491
f 1529 1531 1505
f 1011 998 1007
f 998 1003 1007
f 1003 990 1002
f 990 989 1002
f 1278 1282 1277
f 989 978 977
f 1270 1275 1277
f 978 972 977
f 977 972 973
f 1256 1260 1270
f 1557 1256 1270
f 972 970 973
f 972 967 970
f 1556 1256 1557
f 1419 1413 1409
f 1556 1547 1269
f 1419 1440 1413
f 1409 1413 1402
f 971 975 969
f 1414 1400 1402
f 1413 1414 1402
f 1440 1436 1413
f 1436 1414 1413
f 1402 1400 1401
f 1547 1548 1269
f 3807 1463 1440
f 1440 1463 1436
f 1401 1389 1403
f 971 982 975
f 1463 1466 1436
f 1403 1389 1394
f 1389 1385 1394
f 1397 1549 1548
f 1394 1385 1397
f 981 1057 1058
f 1057 1101 1058
f 1101 1057 1103
f 5174 1103 5175
f 5174 5175 5172
f 5172 5175 5176
f 5393 5418 5164
f 3484 3485 1597
f 1597 3489 4123
f 4118 4116 4117
f 4123 4118 4117
f 5409 5403 5405
f 5404 4434 5406
f 4019 4021 4022
f 4019 4020 4021
f 5406 4434 4709
f 4019 4071 4020
f 4709 4434 4647
f 4647 4651 4598
f 4598 4651 4600
f 4651 4650 4600
f 4512 4527 4509
f 4512 4509 4510
f 4509 4486 4510
f 589 650 1562
f 589 1562 590
f 650 1467 1562
f 1562 1467 590
f 650 1537 1467
f 590 1467 1469
f 2114 4748 2116
f 1467 1470 1468
f 1467 1468 1469
f 2116 2118 2117
f 1470 1473 1468
f 2117 2118 2119
f 1475 1473 1470
f 2119 2120 1052
f 1478 1479 1475
f 1475 1479 1473
f 1478 1493 1479
f 1051 1067 1030
f 1531 1619 1491
f 1018 1030 1031
f 1963 1968 1962
f 1529 1619 1531
f 1031 1001 1018
f 1285 1288 1529
f 1287 1281 1285
f 1282 1281 1287
f 998 997 1003
f 1003 997 990
f 1277 1275 1278
f 990 978 989
f 1256 1269 1243
f 967 969 970
f 967 968 969
f 968 971 969
f 1269 1548 1262
f 1466 1437 1436
f 1436 1437 1414
f 1437 1417 1414
f 1400 1389 1401
f 1400 1390 1389
f 1549 1551 1548
f 1385 1381 1397
f 1549 1550 1551
f 1381 1395 1397
f 1397 1395 1549
f 1549 1395 1550
f 1057 1099 1103
f 1057 1059 1099
f 1103 1099 5175
f 5176 5181 5172
f 5172 5181 5171
f 5390 5392 5391
f 5422 5414 5411
f 3479 3483 3482
f 1597 1593 1591
f 3483 1597 1591
f 5411 5412 5409
f 1597 4123 1593
f 4123 4117 1594
f 1593 4123 1594
f 1594 4117 4113
f 1594 4113 1599
f 5409 5412 5403
f 4060 4055 4061
f 4055 4022 4047
f 4047 4022 4037
f 4022 4021 4037
f 4020 4023 4021
f 4020 4481 4023
f 4600 4650 4649
f 4649 4650 4652
f 4071 4486 4020
f 4020 4486 4481
f 4652 4656 4653
f 4653 4514 4527
f 4527 4514 4509
f 4509 4503 4486
f 589 590 429
f 429 590 475
f 475 590 643
f 643 590 676
f 1469 1538 676
f 590 1469 676
f 1469 1472 1538
f 1538 1472 1483
f 1469 1471 1472
f 1469 1468 1471
f 1468 1474 1471
f 1468 1473 1474
f 1473 1502 1474
f 2119 2121 2120
f 1473 1509 1502
f 2120 2121 1051
f 1493 1509 1479
f 1051 2121 2122
f 1051 2122 1067
f 1984 1977 1963
f 1491 1620 1493
f 1619 1620 1491
f 1030 1067 1090
f 1030 1091 1032
f 1030 1032 1031
f 1529 1288 1619
f 1031 1032 1001
f 1011 1001 998
f 1282 1278 1281
f 1962 1966 1965
f 1275 1279 1278
f 1965 1966 1967
f 1981 1967 1982
f 1262 1233 1243
f 1417 1390 1414
f 1414 1390 1400
f 1390 1384 1389
f 976 981 971
f 971 981 982
f 1466 1446 1437
f 1437 1446 1417
f 1262 1551 1263
f 1389 1384 1385
f 987 1057 981
f 1551 1550 1263
f 1384 1372 1385
f 1372 1381 1385
f 1395 1552 1550
f 1395 1396 1553
f 1395 1553 1552
f 1099 1105 5175
f 1381 1379 1395
f 1395 1379 1396
f 5175 1105 5176
f 5181 5455 5171
f 5171 5455 5390
f 5390 5455 5392
f 5391 5392 5393
f 5393 5394 5418
f 3478 3479 3475
f 3479 3480 3475
f 3482 1592 3480
f 3482 3483 1591
f 5411 5413 5412
f 1593 1594 1590
f 1591 1593 1590
f 1582 1599 1580
f 1599 4109 1580
f 1580 4109 1579
f 5412 5402 5403
f 4109 4104 1579
f 4101 4060 4093
f 5405 5403 5404
f 4061 4047 4062
f 4037 4021 4024
f 4021 4023 4024
f 4481 4478 4023
f 4023 4478 4026
f 4650 4656 4652
f 4486 4484 4481
f 4656 4659 4653
f 4503 4484 4486
f 4509 4514 4503
f 4503 4514 4507
f 475 643 476
f 643 676 476
f 476 676 623
f 623 676 657
f 657 676 1561
f 676 1538 1485
f 676 1485 1561
f 1561 1485 1495
f 1538 1483 1485
f 1472 1482 1483
f 1471 1486 1482
f 1471 1482 1472
f 1526 1486 1474
f 2119 4745 2121
f 1623 1502 1509
f 1493 1621 1623
f 1493 1623 1509
f 1620 1621 1493
f 1067 2122 1090
f 4464 1620 1619
f 1288 4464 1619
f 1030 1090 1091
f 1285 1283 1288
f 1968 1970 1966
f 1001 999 998
f 1966 1969 1967
f 990 983 978
f 967 980 968
f 968 976 971
f 1417 1391 1390
f 1233 1263 1221
f 976 985 981
f 3842 1435 1446
f 1435 1416 1417
f 1446 1435 1417
f 1390 1391 1384
f 981 985 987
f 1417 1416 1391
f 987 1059 1057
f 1383 1372 1384
f 1059 1004 1060
f 1099 1059 1060
f 1550 1552 1268
f 1550 1268 1221
f 1060 1105 1099
f 1372 1379 1381
f 1396 1554 1553
f 1553 1554 1552
f 5176 5179 5181
f 1379 1371 1380
f 1379 1398 1396
f 1396 1398 1554
f 1379 1380 1398
f 5393 5392 5394
f 5454 5418 5397
f 5454 5399 5414
f 3477 3474 3476
f 3474 3475 3476
f 1591 1590 1589
f 1592 1591 1589
f 1589 1590 1578
f 1578 1577 1576
f 1594 1582 1590
f 1590 1582 1578
f 1578 1582 1577
f 1594 1599 1582
f 1582 1580 1577
f 1577 1580 1579
f 4104 4101 1588
f 1588 4101 4130
f 4130 4101 4114
f 4061 4062 4084
f 4037 4029 4047
f 4023 4025 4024
f 4023 4026 4025
f 4026 4027 4025
f 4420 4425 4651
f 4650 4657 4656
f 4478 4475 4026
f 4475 4472 4027
f 4026 4475 4027
f 4484 4478 4481
f 4659 4661 4514
f 4503 4507 4484
f 4507 4506 4484
f 437 657 594
f 657 1561 594
f 1561 1498 1581
f 1561 1495 1498
f 1485 1494 1495
f 1483 1484 1485
f 1485 1484 1494
f 1482 1484 1483
f 1482 1508 1484
f 1486 1507 1482
f 1482 1507 1508
f 1526 4456 1486
f 1502 4460 1526
f 3050 3070 4744
f 1623 4460 1502
f 1620 4462 1621
f 1984 1987 1977
f 1620 4463 4462
f 4450 4463 4464
f 4464 4463 1620
f 2122 4743 1090
f 1283 1284 1288
f 1091 1113 1032
f 1032 1113 1022
f 1032 1022 1001
f 1278 1279 1281
f 1022 1015 1001
f 1022 1112 1015
f 1015 999 1001
f 1276 1280 1279
f 999 983 998
f 998 983 997
f 983 990 997
f 1275 1260 1271
f 1275 1271 1276
f 983 979 978
f 979 967 972
f 978 979 972
f 1234 1253 1243
f 979 980 967
f 980 976 968
f 980 984 976
f 984 985 976
f 985 1013 1004
f 985 1004 987
f 1435 1426 1416
f 1391 1377 1384
f 1384 1377 1383
f 1004 1059 987
f 1435 3514 1426
f 3514 1462 1426
f 1221 1268 1220
f 1266 1220 1268
f 5177 5178 5176
f 1105 5177 5176
f 1372 1371 1379
f 5176 5178 5179
f 1372 1370 1371
f 1554 1266 1268
f 5179 4368 5181
f 4368 5459 5181
f 5181 5459 5455
f 3511 3509 3510
f 1371 1358 1380
f 1380 1388 1398
f 1398 1388 1554
f 1380 1358 1388
f 1358 1387 1388
f 5455 5416 5392
f 5416 5395 5392
f 5454 5397 5399
f 1366 1569 1421
f 1365 1369 1366
f 1366 1369 1569
f 1458 1570 1369
f 1369 1376 1458
f 1369 1570 1569
f 1569 1570 1571
f 5414 5399 5415
f 1570 1572 1571
f 1596 1570 1458
f 1458 1465 1596
f 1596 1573 1570
f 1570 1573 1572
f 5414 5415 5413
f 1596 1586 1573
f 1586 1576 1573
f 1573 1574 1572
f 1585 1576 1586
f 1573 1576 1574
f 1574 1575 1572
f 3490 1589 1601
f 1601 1589 1587
f 1585 1578 1576
f 5413 5401 5412
f 1587 1589 1578
f 1587 1578 1585
f 1576 1577 1574
f 5412 5401 5402
f 1577 1579 1574
f 1574 1579 1575
f 1579 1588 1575
f 5402 4435 5403
f 5403 4435 5404
f 5404 4435 4436
f 4046 4029 4028
f 4029 4025 4028
f 4420 4419 4425
f 4025 4027 4028
f 4650 4425 4657
f 4027 4064 4030
f 4030 4064 4032
f 4657 4658 4656
f 4656 4658 4659
f 4064 4066 4032
f 4027 4472 4064
f 4661 4408 4514
f 4408 4402 4514
f 4514 4402 4507
f 4507 4528 4506
f 594 633 439
f 439 633 441
f 633 1595 441
f 594 1581 633
f 633 1581 1595
f 1595 1581 1568
f 1498 1503 1568
f 1581 1498 1568
f 1498 1499 1503
f 1499 1501 1503
f 1498 1495 1497
f 1498 1497 1499
f 1495 1496 1497
f 1508 1494 1484
f 1507 4458 1508
f 1486 4456 1507
f 4449 4456 1526
f 4460 4449 1526
f 1623 4461 4460
f 1623 1621 4461
f 4744 3070 4743
f 4464 1288 4450
f 1091 4743 1113
f 4743 4742 1113
f 1113 4742 1022
f 1970 1973 1966
f 1015 1104 999
f 1015 1112 1104
f 1104 1024 999
f 999 1024 983
f 1024 1023 983
f 1023 995 983
f 983 995 979
f 995 994 979
f 995 1098 994
f 1969 1971 1972
f 994 992 979
f 979 992 980
f 992 993 980
f 993 984 980
f 993 1009 984
f 993 1079 1009
f 984 1009 985
f 1009 1085 1012
f 1009 1012 985
f 1012 1100 1013
f 1012 1013 985
f 1013 1106 1068
f 1013 1068 1004
f 1426 1415 1416
f 1415 1392 1391
f 1416 1415 1391
f 1391 1392 1377
f 1004 1068 1060
f 1068 1107 1060
f 1060 1107 1105
f 1105 1107 1109
f 1462 1415 1426
f 1105 1109 5177
f 5177 1109 5178
f 1462 1442 1415
f 1377 1373 1383
f 1383 1373 1372
f 1462 3513 1442
f 1373 1370 1372
f 5179 5178 4369
f 1266 1218 1220
f 5179 4369 4368
f 1266 1201 1218
f 1370 1357 1371
f 1370 1367 1357
f 1371 1357 1358
f 1357 1356 1358
f 1388 1387 1558
f 1388 1558 1201
f 1358 1356 1387
f 5455 5459 5416
f 1356 1355 1387
f 1378 1405 1387
f 1387 1355 1378
f 1360 1399 1378
f 1378 1399 1405
f 1399 1563 1405
f 5392 5395 5394
f 1360 1362 1399
f 1399 1420 1563
f 1362 1420 1399
f 1362 1421 1420
f 1364 1365 1362
f 1365 1366 1362
f 1362 1366 1421
f 1420 1421 1265
f 1420 1265 1564
f 1421 1569 1265
f 1376 1369 1365
f 1365 1382 1376
f 1376 1382 1439
f 1569 1571 1265
f 1571 1264 1265
f 1458 1457 1465
f 1571 1572 1264
f 1465 1460 1596
f 1465 1461 1460
f 1460 1459 1586
f 1460 1586 1596
f 3492 3491 1602
f 1459 1587 1585
f 1459 1585 1586
f 3491 1601 1602
f 1602 1601 1455
f 1455 1601 1587
f 1455 1587 1459
f 1572 1575 1264
f 1264 1575 1261
f 5413 5415 5401
f 1575 1588 1261
f 1261 1588 1259
f 1588 4130 1259
f 4028 4031 4045
f 4028 4030 4031
f 4030 4032 4031
f 4425 4658 4657
f 4658 4660 4659
f 4032 4066 4033
f 4659 4660 4661
f 4661 4660 4408
f 4064 4469 4066
f 4064 4471 4469
f 4066 4469 4033
f 4469 4470 4033
f 4507 4402 4528
f 4506 4505 4484
f 4484 4505 4491
f 4484 4491 4478
f 4478 4491 4475
f 4475 4476 4472
f 4476 4471 4472
f 4064 4472 4471
f 441 1595 496
f 1595 652 496
f 1595 1568 652
f 1568 1567 652
f 1568 1503 1567
f 1503 1504 1567
f 1503 1501 1504
f 1499 1500 1501
f 1497 1500 1499
f 1496 1609 1497
f 1494 1610 1496
f 1610 1609 1496
f 1508 1610 1494
f 1507 4456 4458
f 4462 4447 4448
f 4462 4448 1621
f 4463 4447 4462
f 1288 4158 4450
f 1284 4156 4158
f 1284 4158 1288
f 1970 1978 1973
f 1276 4134 1280
f 1271 4134 1276
f 1966 1973 1971
f 1024 4741 1114
f 1024 1114 1023
f 1966 1971 1969
f 1255 4133 1271
f 1114 1108 1023
f 1023 1108 995
f 995 1108 1098
f 1098 1084 994
f 1084 1083 992
f 994 1084 992
f 1225 1245 1234
f 1083 1081 992
f 992 1081 993
f 1081 1082 993
f 1082 1079 993
f 1079 1080 1009
f 1080 1085 1009
f 1085 1100 1012
f 1100 1106 1013
f 1106 1111 1068
f 1111 1110 1068
f 1068 1110 1107
f 1415 1442 1393
f 1415 1393 1392
f 1392 1393 1377
f 5178 4433 4369
f 1393 1374 1377
f 1377 1374 1373
f 1374 1370 1373
f 1442 3512 1393
f 1393 1330 1374
f 1374 1375 1370
f 3510 1447 1393
f 3512 3510 1393
f 1375 1367 1370
f 1375 1325 1367
f 1201 1202 1218
f 3510 3508 1464
f 4368 4360 5459
f 1201 1558 1198
f 1357 1354 1356
f 1354 1355 1356
f 1558 1559 1198
f 5459 4362 5416
f 1354 1353 1355
f 1355 1353 1378
f 1405 1267 1559
f 1353 1360 1378
f 1353 1359 1360
f 1405 1563 1267
f 1563 1564 1267
f 1359 1361 1360
f 1564 1207 1267
f 5395 5396 5394
f 1361 1362 1360
f 1361 1363 1362
f 1363 1364 1362
f 5394 5396 5397
f 1564 1265 1207
f 1265 1211 1208
f 1382 1348 1439
f 5397 5398 5399
f 1439 1458 1376
f 1439 1348 1347
f 1439 1347 1458
f 1458 1347 1457
f 1448 1460 1461
f 1455 1459 1448
f 1448 1459 1460
f 1264 1261 1216
f 5402 5401 4422
f 5402 4422 4435
f 1274 4129 4115
f 4435 4323 4436
f 4436 4323 4410
f 4063 4045 4085
f 4085 4045 4086
f 4086 4045 4091
f 4045 4048 4091
f 4031 4034 4048
f 4425 4424 4658
f 4031 4033 4034
f 4033 4035 4034
f 4033 4036 4035
f 4033 4470 4067
f 4033 4067 4036
f 4402 4529 4528
f 4528 4529 4506
f 4506 4529 4526
f 4506 4526 4505
f 4471 4474 4469
f 4469 4474 4470
f 4474 4473 4470
f 4470 4473 4067
f 4505 4526 4491
f 4491 4490 4475
f 4475 4490 4476
f 4476 4490 4496
f 4496 4487 4476
f 4476 4487 4471
f 496 652 469
f 469 652 630
f 652 1567 630
f 630 1567 645
f 1567 1504 645
f 1504 1513 645
f 1504 1512 1513
f 1504 1511 1512
f 1501 1511 1504
f 1501 1510 1511
f 1519 1605 1500
f 1605 1510 1500
f 1500 1510 1501
f 1497 1622 1519
f 1609 1622 1497
f 4456 4457 4458
f 4449 4446 4456
f 4461 4443 4449
f 4461 4449 4460
f 4450 4447 4463
f 4158 4157 4421
f 4158 4421 4450
f 4156 4157 4158
f 4742 3073 4740
f 1104 4740 4741
f 1979 1975 1973
f 1114 4441 1108
f 1108 4441 1098
f 1084 4440 1083
f 1972 1971 1974
f 1083 4439 1081
f 1082 4355 1079
f 1079 4392 1080
f 1080 4392 1085
f 1100 1116 1106
f 1106 1116 1111
f 1110 1115 1107
f 1107 1115 1109
f 1109 1115 4433
f 1109 4433 5178
f 4369 4433 4359
f 1330 1329 1374
f 1374 1329 1375
f 1393 1447 1330
f 1447 1328 1330
f 1330 1328 1329
f 4368 4358 4360
f 1464 1324 1447
f 1447 1324 1328
f 1329 1325 1375
f 1464 3508 1424
f 1325 1343 1367
f 3508 1456 1424
f 3508 3505 1456
f 1343 1357 1367
f 5459 4360 4362
f 1343 1344 1357
f 1357 1344 1354
f 3505 1454 1456
f 4362 5417 5416
f 1344 1353 1354
f 5416 5417 5395
f 1559 1267 1199
f 1559 1199 1198
f 3499 3498 3500
f 5396 5398 5397
f 1364 1349 1365
f 1368 1382 1365
f 1349 1368 1365
f 1382 1368 1348
f 3495 1450 3496
f 1386 1457 1347
f 5399 5400 5415
f 1386 1448 1461
f 1386 1461 1457
f 3495 1451 1450
f 1450 1451 1444
f 1451 1455 1444
f 1444 1455 1448
f 1261 1258 1237
f 5415 5400 5401
f 5401 4388 4422
f 4422 4323 4435
f 4410 4323 4327
f 4085 4086 4074
f 4078 4086 4091
f 4091 4048 4090
f 4048 4034 4090
f 4034 4044 4090
f 4034 4035 4044
f 4658 4409 4660
f 4660 4409 4408
f 4035 4036 4038
f 4036 4067 4039
f 4036 4039 4038
f 4402 4400 4529
f 4529 4400 4526
f 4067 4473 4039
f 4526 4515 4491
f 4491 4515 4490
f 4515 4504 4490
f 4487 4480 4471
f 4471 4480 4474
f 4480 4479 4473
f 4474 4480 4473
f 4490 4504 4496
f 630 645 471
f 471 645 584
f 645 1566 584
f 645 1513 1566
f 1566 1513 1514
f 1513 1512 1514
f 1511 1522 1512
f 1521 1522 1511
f 1511 1510 1521
f 1510 1605 1613
f 1618 1605 1519
f 1610 4459 1609
f 596 624 627
f 4458 4459 1508
f 4456 4446 4444
f 4456 4444 4457
f 4448 4438 4443
f 4447 4437 4448
f 4450 4421 4447
f 4156 4155 4157
f 3081 3083 4741
f 1114 3083 4441
f 4441 4440 1098
f 4440 4439 1083
f 3096 3100 3075
f 4392 1116 1100
f 1110 4297 1115
f 1115 4297 4433
f 4359 4298 4324
f 1328 1324 1325
f 1328 1325 1329
f 1324 1322 1325
f 1325 1322 1343
f 1424 1320 1324
f 1324 1320 1322
f 1456 1323 1424
f 1424 1323 1320
f 1320 1321 1322
f 1321 1344 1343
f 1322 1321 1343
f 1320 1323 1321
f 1344 1321 1327
f 1456 1454 1323
f 1327 1352 1344
f 1344 1352 1353
f 1352 1359 1353
f 3503 1449 1454
f 1352 1361 1359
f 3501 1449 3503
f 1352 1351 1361
f 1351 1363 1361
f 5395 4371 5396
f 1351 1350 1363
f 4371 4390 5396
f 1363 1350 1364
f 3500 3498 1453
f 5396 4390 5398
f 1349 1364 1350
f 1346 1368 1349
f 5398 4390 4423
f 1368 1346 1348
f 5398 4423 5399
f 3496 1441 3498
f 1346 1345 1347
f 1346 1347 1348
f 1211 1213 1210
f 1450 1422 1441
f 3496 1450 1441
f 1345 1386 1347
f 1423 1444 1345
f 5399 4423 5400
f 1450 1444 1423
f 1422 1450 1423
f 1444 1448 1345
f 1345 1448 1386
f 4327 4312 4313
f 4091 4090 4079
f 4313 4325 4419
f 4419 4325 4424
f 4658 4424 4409
f 4044 4035 4043
f 4409 4398 4408
f 4035 4038 4043
f 4408 4398 4402
f 4038 4039 4040
f 4526 4401 4515
f 4515 4691 4504
f 4479 4477 4473
f 4039 4473 4477
f 4039 4477 4040
f 4477 4482 4040
f 4504 4521 4496
f 4496 4521 4487
f 4501 4500 4480
f 4487 4501 4480
f 514 473 584
f 584 1583 514
f 514 1583 1584
f 1583 1565 1584
f 584 1566 1583
f 1566 1565 1583
f 1566 1514 1565
f 1565 1514 1516
f 1514 1515 1516
f 1514 1512 1515
f 1512 1527 1515
f 1527 1528 1515
f 1522 1527 1512
f 1510 1613 1521
f 1622 1618 1519
f 4459 4445 1609
f 1609 4445 1622
f 4458 4457 4459
f 1508 4459 1610
f 4442 4413 4449
f 4449 4413 4446
f 4443 4239 4394
f 4443 4394 4449
f 4449 4394 4442
f 4438 4306 4443
f 4448 4437 4438
f 4157 4220 4421
f 4155 4220 4157
f 4264 4263 4392
f 1116 4263 4283
f 4297 4298 4433
f 4298 4276 4324
f 1323 1326 1321
f 1326 1327 1321
f 1323 1339 1326
f 1454 1449 1339
f 1327 1351 1352
f 1449 1338 1339
f 1338 1331 1326
f 1339 1338 1326
f 1331 1332 1327
f 1326 1331 1327
f 1327 1332 1351
f 1449 1340 1338
f 1449 1453 1340
f 1332 1333 1351
f 1333 1350 1351
f 1333 1342 1350
f 1453 1445 1425
f 1342 1333 1335
f 1342 1349 1350
f 1336 1337 1335
f 1335 1337 1341
f 1335 1341 1342
f 1342 1341 1349
f 3498 1441 1445
f 1441 1422 1336
f 1445 1441 1336
f 1336 1422 1337
f 1349 1341 1346
f 1422 1423 1337
f 1337 1345 1341
f 1341 1345 1346
f 1423 1345 1337
f 4423 4388 5400
f 4422 4290 4323
f 4323 4284 4295
f 4075 3256 3278
f 4044 4043 4058
f 4691 4406 4521
f 4040 4482 4015
f 4482 4483 4015
f 4521 4501 4487
f 4477 4489 4482
f 4500 4498 4480
f 4480 4498 4479
f 4498 4497 4479
f 513 1584 516
f 1521 1607 1522
f 1522 1607 1527
f 4445 4451 1622
f 1622 4451 1618
f 4444 4396 4457
f 4446 4413 4414
f 4446 4414 4444
f 4394 4413 4442
f 4237 4238 4306
f 3100 1985 3099
f 3090 3104 3101
f 4324 4330 4357
f 4357 4330 4361
f 4365 4415 4366
f 1331 1333 1332
f 4367 4372 4371
f 1340 1334 1331
f 1331 1334 1333
f 1340 1425 1334
f 4371 4372 4390
f 1425 1336 1334
f 1336 1335 1334
f 1334 1335 1333
f 4390 4372 4391
f 4390 4391 4423
f 4423 4391 4354
f 4423 4354 4389
f 4388 4289 4290
f 4290 4284 4323
f 4409 4424 4386
f 4058 4043 4051
f 4051 4041 4042
f 4406 4407 4521
f 4521 4407 4501
f 4015 4483 4016
f 4015 4016 4017
f 4500 4532 4498
f 4497 4489 4479
f 4479 4489 4477
f 1527 1606 1528
f 1618 1617 1613
f 1605 1618 1613
f 4451 4430 1618
f 4459 4373 4445
f 4457 4396 4373
f 4457 4373 4459
f 4444 4414 4396
f 4245 4246 4247
f 4413 4247 4414
f 1215 1217 1230
f 4330 4395 4363
f 4395 4365 4363
f 4415 4367 4366
f 1209 1214 1212
f 4372 4370 4391
f 1213 1236 1232
f 4389 4285 4388
f 4388 4285 4289
f 4296 4281 4314
f 4314 4281 4325
f 4409 4386 4398
f 4051 4042 4049
f 4042 4015 4017
f 4016 4056 4018
f 4017 4016 4018
f 4483 4485 4016
f 4532 4431 4498
f 4499 4493 4489
f 4489 4493 4482
f 4498 4513 4497
f 4489 4497 4499
f 4497 4513 4499
f 1606 1608 1528
f 1607 1614 1527
f 1616 1615 1607
f 1613 1617 1607
f 1617 1616 1607
f 4430 4428 1618
f 1618 4428 1617
f 4445 4385 4451
f 4451 4385 4430
f 4293 4396 4414
f 4212 4180 4179
f 4278 4250 4331
f 4331 4291 4395
f 4365 4395 4415
f 4367 4415 4356
f 4372 4356 4370
f 4370 4288 4354
f 4354 4285 4389
f 4284 4270 4272
f 4281 4292 4325
f 4404 4397 4406
f 4094 4051 4049
f 4050 4017 4052
f 4407 4432 4532
f 4018 4056 3303
f 4016 4485 4056
f 4056 4485 3303
f 4482 4493 4483
f 4483 4493 4492
f 4483 4492 4485
f 4499 4513 4518
f 4518 4493 4499
f 4318 4315 599
f 4315 4316 4301
f 599 4315 4301
f 1527 1614 1611
f 1527 1611 1606
f 1611 1612 1608
f 1606 1611 1608
f 1607 1615 1614
f 1617 4428 4429
f 1617 4429 1616
f 4302 4299 4373
f 4331 4250 4291
f 4395 4304 4415
f 4277 4288 4356
f 4310 4305 4386
f 4399 4307 4328
f 4092 4051 4094
f 4309 4397 4404
f 4406 4397 4326
f 4096 4049 4050
f 4052 4018 4054
f 4018 3303 4054
f 3303 3302 4054
f 4431 4416 4694
f 3303 3301 3302
f 4492 4494 4485
f 3303 4485 4488
f 3303 4488 3301
f 4694 4711 4518
f 4518 4522 4493
f 4493 4522 4492
f 1616 4429 1615
f 4304 4223 4303
f 4282 4227 4229
f 3274 3273 4308
f 4326 4352 4407
f 4052 4054 4053
f 4054 3302 1139
f 3301 1136 3302
f 3302 1136 1139
f 4711 4676 4518
f 4518 4676 4522
f 3301 4488 1136
f 4488 1138 1136
f 4492 4522 4525
f 4492 4525 4494
f 4485 4494 4495
f 4485 4495 4488
f 517 656 538
f 1614 1993 1611
f 1611 1993 1612
f 4317 4318 4319
f 4319 4321 4329
f 4393 1615 4429
f 4226 4171 4219
f 3277 4311 4309
f 4095 4096 4097
f 4397 4311 4326
f 4053 4054 4099
f 4054 4057 4099
f 4054 1140 4057
f 4432 4351 4431
f 4054 1139 1140
f 4431 4351 4416
f 4416 4417 4694
f 4494 4511 4495
f 4511 4502 4495
f 4488 4495 4502
f 4488 4502 1138
f 4374 4376 4393
f 4393 4379 4412
f 4097 4099 1307
f 4326 4332 4352
f 4352 4351 4432
f 4057 1140 4100
f 4417 4411 4711
f 4711 4677 4676
f 4522 4677 4525
f 4677 4675 4525
f 4675 4654 4494
f 4511 4531 4502
f 4502 4531 4508
f 4502 4508 1138
f 4508 1135 1138
f 4379 4381 4412
f 4172 4162 4164
f 4411 4353 4711
f 4711 4353 4677
f 4511 4654 4531
f 4417 4340 4411
f 4426 4636 4531
f 4531 4636 4508
f 4508 4636 1135
f 4353 4344 4675
f 4427 4426 4654
f 4344 4345 4427
f 4636 4426 1133
f 4427 4345 4418
f 4426 4418 1133
f 4350 4387 4418
f 4387 1142 1133
f 3122 4802 1122
f 3122 1122 1128
f 1118 1129 1126
f 3110 3111 3112
f 3111 3113 3112
f 3113 3122 3112
f 3122 1128 3112
f 3114 3115 3109
f 3114 3109 3108
f 3110 3112 3125
f 3125 3112 1120
f 3112 1128 1120
f 1128 1122 1120
f 1120 1122 1118
f 1120 1118 1117
f 1118 1126 1119
f 1117 1118 1119
f 3118 3116 3117
f 3116 3114 3117
f 3114 3108 3121
f 3123 3108 3110
f 3123 3110 3124
f 3110 3125 3124
f 3124 3125 3136
f 3136 3125 1120
f 3136 1120 1127
f 1119 1126 1130
f 3120 3118 3119
f 3119 3118 3117
f 3121 3117 3114
f 3121 3108 3123
f 3123 3124 3148
f 3148 3124 3136
f 1119 1130 1125
f 4452 4453 2043
f 2043 4453 2054
f 3132 4754 3129
f 3119 3117 3126
f 3126 3117 3127
f 3117 3121 3127
f 3127 3121 3123
f 3148 3136 3151
f 3150 3148 3151
f 3136 1127 1124
f 3151 3136 1124
f 1127 1120 1124
f 1124 1120 1117
f 1121 1117 1119
f 636 2042 618
f 522 5097 524
f 2043 2036 2042
f 518 5094 5097
f 2044 2036 2043
f 5100 5094 518
f 2051 2044 2043
f 2051 2043 2053
f 2053 2043 2054
f 4868 4859 757
f 4750 4752 4751
f 3132 4751 4754
f 3131 3132 3129
f 3128 3129 3119
f 3128 3119 3126
f 3142 3126 3127
f 3127 3123 3143
f 3143 3123 3148
f 526 618 528
f 524 636 526
f 2041 618 2042
f 2036 2041 2042
f 518 5097 522
f 5101 5100 537
f 537 5100 518
f 2034 2036 2044
f 2047 2044 2052
f 2052 2044 2051
f 2055 2052 2078
f 2052 2051 2053
f 2052 2053 1825
f 2078 2052 1825
f 743 767 694
f 694 767 693
f 693 767 761
f 693 761 691
f 761 755 691
f 691 755 692
f 692 755 757
f 692 757 703
f 757 705 703
f 705 765 744
f 4753 4752 4750
f 3134 4751 3132
f 3131 3129 3130
f 3129 3128 3130
f 3130 3128 3135
f 3128 3126 3135
f 3135 3126 3142
f 3141 3142 3127
f 3141 3127 3143
f 3143 3148 3149
f 3149 3148 3150
f 3155 3151 1124
f 1121 1119 1125
f 2197 2041 2196
f 2041 2197 618
f 2035 2040 2036
f 2034 2035 2036
f 580 5100 5101
f 2048 2037 2034
f 2048 2034 2047
f 2048 2055 2071
f 2055 2048 2047
f 2055 2047 2052
f 2071 2055 2072
f 2072 2055 2078
f 2078 1825 2073
f 2072 2078 2073
f 2073 1825 1785
f 695 743 694
f 693 691 681
f 692 703 699
f 744 765 749
f 765 766 749
f 749 766 4791
f 4790 5046 4789
f 5046 4792 4789
f 4783 4777 4753
f 4783 4753 3193
f 3193 4753 4750
f 3193 4750 3194
f 4750 3134 3194
f 3134 3132 3133
f 3133 3132 3131
f 3133 3131 3130
f 3135 3142 3141
f 3141 3143 3149
f 3149 3150 3155
f 3155 3150 3151
f 3177 3155 1124
f 3177 1124 1117
f 1123 1117 1121
f 529 528 2193
f 525 524 526
f 2193 528 2197
f 522 524 521
f 518 522 521
f 2040 2035 2188
f 580 5101 537
f 2039 2038 2037
f 2039 2049 2050
f 2049 2039 2037
f 2049 2037 2048
f 591 5087 601
f 2050 2049 2077
f 2049 2048 2071
f 2077 2049 2071
f 2077 2071 2075
f 2075 2071 2070
f 2070 2071 2072
f 2073 1785 1773
f 5035 4864 4865
f 756 751 685
f 751 750 685
f 685 750 748
f 685 748 695
f 748 743 695
f 695 694 679
f 694 693 681
f 679 694 681
f 691 692 690
f 690 692 697
f 697 692 699
f 699 703 702
f 703 705 702
f 722 744 749
f 4791 766 4790
f 4789 4792 4787
f 3206 4789 4787
f 4787 4786 4779
f 4793 4779 3214
f 3214 4779 4783
f 3134 3133 3176
f 3133 3130 3138
f 3130 3135 3140
f 3140 3135 3141
f 3141 3149 3167
f 3181 3149 3155
f 3181 3155 2449
f 2449 3155 3177
f 2449 3177 1123
f 1123 3177 1117
f 2426 2420 2432
f 2420 2424 2432
f 525 526 527
f 521 524 523
f 523 524 525
f 518 521 509
f 505 518 509
f 2187 2038 2045
f 504 580 537
f 2039 2046 2045
f 591 601 504
f 504 601 580
f 2050 2046 2039
f 2198 2046 2050
f 2198 2050 3994
f 3994 2050 2077
f 2077 2075 2076
f 2076 2075 2074
f 2075 2070 2074
f 2074 2070 2073
f 660 5085 615
f 646 5086 660
f 5077 5075 5076
f 706 756 685
f 685 695 682
f 682 695 679
f 681 691 690
f 697 699 702
f 705 744 722
f 702 705 722
f 749 4791 3245
f 722 749 3245
f 3245 4791 3204
f 3204 4791 4790
f 3204 4790 3196
f 3196 4790 4789
f 3196 4789 3206
f 4788 4787 4779
f 4788 4779 4793
f 3191 3214 4783
f 3191 4783 3192
f 3192 4783 3193
f 3194 3134 3137
f 3137 3134 3176
f 3176 3133 3138
f 3138 3130 3140
f 3140 3141 3156
f 3167 3156 3141
f 3167 3149 3181
f 2417 3181 2449
f 2419 2449 1123
f 2418 2419 2420
f 2419 1123 2420
f 527 529 530
f 509 521 523
f 530 2193 2194
f 507 505 509
f 2195 2046 2198
f 466 591 504
f 3994 2077 2076
f 3994 2076 5469
f 595 615 466
f 5472 2074 2073
f 5472 2073 1749
f 1749 2073 1773
f 603 660 595
f 5074 5080 5072
f 760 759 700
f 2025 2029 4847
f 759 706 700
f 700 706 687
f 687 706 685
f 682 679 678
f 679 681 680
f 678 679 680
f 680 681 690
f 690 697 698
f 698 697 702
f 711 702 722
f 3206 4788 3207
f 3207 4788 4793
f 3207 4793 3202
f 3202 4793 3214
f 3201 3214 3191
f 3192 3193 3164
f 3147 3193 3194
f 3194 3137 3147
f 3137 3176 3138
f 3139 3138 3140
f 3139 3140 3154
f 3154 3140 3157
f 3157 3140 3156
f 3167 3181 2450
f 2450 3181 2417
f 2417 2449 2419
f 488 504 505
f 466 504 488
f 5469 2076 5470
f 5470 2074 5472
f 463 595 466
f 752 4871 746
f 2025 4847 5040
f 701 707 700
f 701 700 689
f 689 700 687
f 4892 4891 4890
f 686 685 684
f 685 682 684
f 682 678 683
f 1676 1673 1668
f 1831 1829 1676
f 1676 1668 1664
f 1664 1668 1647
f 1831 1676 1674
f 1674 1676 1664
f 1664 1647 1638
f 1674 1664 1659
f 1659 1664 1638
f 1834 1674 1675
f 1675 1674 1659
f 1666 1834 1675
f 1666 1675 1659
f 710 698 702
f 710 702 711
f 723 711 722
f 723 722 3245
f 723 3245 3212
f 3196 3206 3195
f 3202 3214 3201
f 3191 3192 3164
f 3164 3193 3147
f 3145 3147 3137
f 3137 3138 3139
f 3157 3156 3225
f 3225 3156 3226
f 3226 3156 3167
f 3226 3167 2450
f 2416 2450 2417
f 2415 2416 2417
f 2194 527 530
f 507 509 508
f 505 507 506
f 4454 4455 3971
f 466 488 487
f 4455 5471 1748
f 3971 4455 1748
f 1748 5471 1749
f 579 603 463
f 1738 1742 1772
f 621 646 579
f 609 664 621
f 664 5079 621
f 1808 1821 1816
f 2023 2025 5040
f 746 707 738
f 738 707 704
f 707 701 704
f 4915 4912 4913
f 4913 4912 4909
f 704 701 689
f 689 687 688
f 688 687 686
f 684 682 683
f 1830 1837 1670
f 1670 1627 1625
f 1837 1830 1836
f 683 678 716
f 1830 1670 1669
f 1669 1670 1625
f 1828 1836 1830
f 1629 1669 1625
f 678 680 716
f 1828 1830 1673
f 716 680 715
f 1829 1828 1673
f 1829 1673 1676
f 680 690 709
f 715 680 709
f 1833 1831 1674
f 709 690 698
f 1835 1833 1834
f 1834 1833 1674
f 709 698 710
f 1659 1638 1640
f 1850 1834 1666
f 1867 1850 1666
f 1666 1659 1640
f 1666 1640 1657
f 1672 1867 1666
f 710 711 719
f 1672 1666 1657
f 1882 1672 1658
f 720 711 723
f 3212 3245 3204
f 3204 3196 3166
f 3195 3206 3174
f 3174 3206 3207
f 3174 3207 3173
f 3173 3207 3202
f 3173 3202 3161
f 3202 3201 3161
f 3201 3191 3161
f 3161 3191 3164
f 3164 3147 3146
f 3146 3147 3145
f 3145 3137 3144
f 3144 3137 3139
f 2414 3226 2450
f 2414 2450 2416
f 2413 2414 2415
f 2415 2414 2416
f 2444 2430 2427
f 506 507 508
f 509 3969 3968
f 509 523 3969
f 3969 523 3970
f 523 525 3970
f 525 2194 3970
f 3970 2194 3971
f 466 487 486
f 1746 1748 1749
f 579 463 460
f 1730 1738 1732
f 453 621 579
f 609 621 453
f 610 609 550
f 1795 1794 1796
f 753 758 752
f 753 752 745
f 745 752 746
f 4917 4913 4918
f 745 746 738
f 704 689 696
f 4903 4899 4907
f 5025 4895 5045
f 684 683 717
f 1842 1633 1671
f 1671 1633 1630
f 1838 1842 1671
f 1671 1630 1628
f 1838 1671 1670
f 1670 1671 1628
f 1836 1838 1837
f 1837 1838 1670
f 1670 1628 1627
f 1841 1828 1827
f 1827 1828 1829
f 1827 1829 1831
f 1832 1827 1831
f 1833 1832 1831
f 709 710 721
f 1850 1835 1834
f 721 710 719
f 1860 1850 1867
f 1882 1867 1672
f 1883 1867 1882
f 720 719 711
f 2238 1882 1658
f 1882 2238 2237
f 747 723 3212
f 3212 3204 3172
f 3172 3204 3166
f 3166 3196 3195
f 3158 3161 3164
f 3158 3164 3146
f 3144 3139 3154
f 3154 3157 3227
f 3227 3157 3225
f 3227 3225 2421
f 2421 3225 2412
f 2412 3225 3226
f 2412 3226 2414
f 2413 2412 2414
f 4704 2434 2435
f 489 488 490
f 490 488 506
f 490 506 3973
f 3973 506 508
f 508 509 3973
f 3973 509 3968
f 489 487 488
f 3970 3971 1748
f 464 466 486
f 1730 3968 3969
f 3969 3970 1730
f 1730 3970 1747
f 1747 3970 1748
f 458 463 464
f 1746 1730 1747
f 1746 1747 1748
f 460 463 462
f 462 463 458
f 1730 1746 1742
f 1731 1720 1732
f 453 579 454
f 1719 1720 1731
f 497 609 427
f 609 453 427
f 550 609 497
f 586 610 550
f 622 610 586
f 1711 1794 1712
f 587 655 622
f 763 764 758
f 5049 5011 4943
f 696 689 688
f 712 688 686
f 686 684 717
f 1852 1652 1643
f 1845 1848 1852
f 1845 1852 1851
f 1851 1852 1643
f 1851 1643 1634
f 1840 1845 1842
f 1842 1845 1851
f 717 683 729
f 734 717 729
f 1839 1840 1838
f 1840 1842 1838
f 1836 1839 1838
f 1841 1836 1828
f 1624 1625 1626
f 1843 1841 1827
f 727 716 715
f 728 716 727
f 1853 1843 1827
f 1853 1827 1832
f 715 709 724
f 727 715 724
f 1864 1853 1832
f 1864 1832 1833
f 724 709 721
f 1865 1864 1833
f 1865 1833 1835
f 1877 1864 1865
f 1865 1835 1859
f 1859 1835 1850
f 1859 1850 1860
f 1859 1860 1881
f 1860 1867 1883
f 732 719 720
f 2234 1883 1882
f 2234 1882 2237
f 2234 2237 2232
f 2237 2238 1660
f 2238 1658 1660
f 2239 2237 1660
f 2232 2237 2239
f 730 720 723
f 732 720 730
f 730 723 747
f 747 3212 3211
f 3211 3212 3172
f 3166 3195 3174
f 3166 3174 3162
f 3174 3173 3162
f 3162 3173 3161
f 3160 3161 3158
f 3159 3158 3153
f 3158 3146 3153
f 3153 3146 3152
f 3146 3145 3144
f 3152 3146 3144
f 3230 3144 3154
f 3230 3154 3227
f 3230 3227 2421
f 2407 2421 2412
f 2411 2407 2412
f 490 3967 3966
f 3967 490 3973
f 3967 3973 3968
f 3967 3968 1729
f 1729 3968 1730
f 1728 1729 1720
f 1720 1729 1730
f 1728 1720 1708
f 1714 1708 1719
f 1708 1720 1719
f 587 622 586
f 647 655 617
f 647 669 655
f 745 738 737
f 5019 4905 4904
f 737 738 704
f 4948 5049 4943
f 704 696 714
f 714 696 708
f 4943 5011 4949
f 4943 4949 4942
f 2616 2712 2713
f 696 688 708
f 2724 2718 2720
f 712 686 718
f 718 686 717
f 1849 3282 1852
f 1852 3282 1652
f 1847 1849 1848
f 1845 1847 1848
f 1848 1849 1852
f 1846 1847 1845
f 1847 1846 1854
f 1839 1846 1840
f 1846 1845 1840
f 1858 1839 1844
f 1630 1631 1626
f 1844 1839 1841
f 1841 1839 1836
f 683 716 728
f 729 683 728
f 1843 1844 1841
f 2257 728 727
f 1866 1843 1853
f 2256 2257 727
f 1866 1853 1875
f 1853 1864 1875
f 2256 727 724
f 2256 724 2259
f 733 724 721
f 2259 724 733
f 1894 1877 1865
f 1881 1865 1859
f 1894 1865 1881
f 733 721 719
f 733 719 732
f 1881 1860 2218
f 1860 1883 2218
f 2218 1883 2216
f 2216 1883 2234
f 2216 2234 2225
f 2225 2234 2232
f 2239 1660 2231
f 2232 2239 2231
f 1660 1656 1661
f 2231 1660 1661
f 730 747 2222
f 3165 3166 3162
f 3162 3161 3160
f 3169 3160 3159
f 3160 3158 3159
f 3152 3144 3213
f 3230 3213 3144
f 2406 3230 2421
f 2406 2421 2407
f 2408 2405 2410
f 2410 2405 2407
f 2405 2406 2407
f 486 487 3972
f 487 489 3972
f 3972 489 490
f 3972 490 3965
f 3965 490 3966
f 3965 3966 1709
f 1709 3966 1733
f 1709 1733 1708
f 1733 3966 3967
f 3967 1729 1733
f 460 462 458
f 455 460 458
f 1708 1733 1728
f 1728 1733 1729
f 454 460 455
f 1706 1708 1714
f 405 497 427
f 451 550 497
f 1721 1706 1714
f 1711 1706 1721
f 519 586 550
f 4965 5013 4955
f 753 745 737
f 737 704 714
f 2614 2668 2665
f 2615 2665 2670
f 2712 2671 2713
f 2713 2681 2714
f 708 688 713
f 2714 2681 2715
f 2715 2681 2716
f 688 712 713
f 2721 2702 2717
f 2721 2717 2719
f 1849 3284 3283
f 1849 3283 3282
f 3282 3283 1651
f 1856 3284 1849
f 1855 1856 1847
f 1856 1849 1847
f 741 718 717
f 1855 1847 1854
f 1854 1846 1858
f 1858 1846 1839
f 1858 1844 1872
f 1632 4012 4013
f 2249 729 728
f 729 2249 2252
f 1866 1872 1844
f 1872 1866 1876
f 1648 1632 4013
f 2257 2249 728
f 1646 1648 4013
f 1646 4013 2247
f 1876 1866 1875
f 2248 2249 2257
f 1646 2247 4014
f 2248 2257 2256
f 2251 2248 2256
f 1875 1864 1887
f 2251 2256 2259
f 1644 4014 2246
f 2251 2259 2258
f 1887 1864 1877
f 2258 2259 733
f 2270 2258 733
f 3808 1894 1881
f 2267 2270 733
f 2267 733 732
f 2217 1881 2218
f 1881 2217 2235
f 2217 2218 2216
f 2229 2267 732
f 2230 2232 2231
f 2225 2232 2230
f 2231 1661 2210
f 2229 732 730
f 2222 2229 730
f 2222 747 2221
f 2221 747 3211
f 2221 3211 2228
f 2228 3211 3172
f 3172 3166 3165
f 3170 3160 3169
f 3169 3159 3178
f 3178 3159 3179
f 3179 3159 3153
f 3179 3153 3152
f 3232 3179 3152
f 3232 3152 3213
f 3232 3213 2404
f 2404 3213 3230
f 2404 3230 2406
f 2405 2402 2404
f 2404 2406 2405
f 2387 2400 2409
f 2400 2402 2409
f 2409 2402 2408
f 2402 2405 2408
f 457 458 459
f 459 458 464
f 464 3961 459
f 3961 464 486
f 486 3972 3961
f 3961 3972 3962
f 3972 3965 3962
f 3962 3965 1707
f 1707 3965 1709
f 455 458 457
f 452 454 455
f 1707 1709 1708
f 409 427 452
f 427 453 452
f 453 454 452
f 1705 1707 1706
f 1707 1708 1706
f 405 427 409
f 451 497 405
f 1701 1705 1706
f 428 550 451
f 1701 1706 1711
f 519 550 428
f 1712 1701 1711
f 485 587 480
f 587 519 480
f 593 617 485
f 647 617 593
f 4963 4964 4965
f 651 647 593
f 2601 2663 2602
f 2602 2663 2678
f 737 714 736
f 2668 2645 2644
f 2021 2005 2014
f 2665 2668 2644
f 2665 2644 2642
f 2670 2665 2642
f 4939 4943 4942
f 726 714 708
f 2671 2658 2681
f 2681 2658 2673
f 713 712 725
f 712 718 725
f 2710 2703 2702
f 3285 3286 3283
f 3283 3286 1655
f 3284 3285 3283
f 3283 1655 1654
f 1857 3285 3284
f 1855 1857 1856
f 1857 3284 1856
f 1855 1854 1873
f 1861 1855 1873
f 1651 1653 1650
f 741 717 740
f 1874 1854 1858
f 1874 1858 1872
f 740 734 729
f 4012 1650 4011
f 4012 4011 2255
f 2254 740 729
f 2253 2254 2252
f 2252 2254 729
f 4013 4012 2255
f 4013 2255 2253
f 1885 1872 1876
f 4013 2253 2250
f 2250 2253 2252
f 2250 2252 2249
f 1876 1875 1886
f 2247 2250 2249
f 2247 2249 2248
f 1886 1875 1888
f 2245 2247 2248
f 2246 2247 2245
f 2245 2248 2251
f 1888 1875 1887
f 2244 2245 2251
f 1887 1877 3803
f 2243 2246 2245
f 2244 2251 2258
f 2243 2245 2244
f 2244 2258 2242
f 3803 1877 1894
f 3803 1894 3808
f 2263 2242 2258
f 2263 2258 2270
f 2264 2263 2270
f 3808 1881 3838
f 2267 2264 2270
f 2266 2264 2267
f 1881 2235 3838
f 2265 2264 2266
f 1656 1649 1663
f 2235 2217 2199
f 2199 2217 2216
f 2199 2216 2200
f 2200 2216 2225
f 1661 1656 1663
f 2265 2266 2227
f 2200 2225 2230
f 1661 1663 1667
f 2266 2267 2229
f 2211 2230 2231
f 2200 2230 2211
f 2211 2231 2210
f 2220 2266 2229
f 2220 2229 2222
f 2228 3172 3168
f 3172 3165 3168
f 3165 3162 3163
f 3163 3162 3160
f 3163 3160 3170
f 3170 3169 3178
f 3178 3179 3229
f 3229 3179 3232
f 2398 3232 2399
f 2399 3232 2403
f 2403 3232 2401
f 2401 3232 2404
f 2385 2403 2400
f 2403 2401 2400
f 2400 2401 2402
f 2401 2404 2402
f 2384 2385 2387
f 2385 2400 2387
f 456 455 457
f 3959 459 3961
f 3959 3961 3960
f 452 455 456
f 3960 3961 3962
f 3960 3962 1705
f 1704 3960 1705
f 1703 1704 1701
f 1704 1705 1701
f 451 405 403
f 428 451 403
f 428 480 519
f 1700 1701 1702
f 479 485 480
f 1718 1700 1702
f 1713 1700 1718
f 2022 2030 2017
f 2002 2022 2017
f 2523 2529 2674
f 2523 2674 2711
f 1786 763 1776
f 2711 2674 2663
f 2645 2663 2653
f 2644 2643 2635
f 2642 2644 2635
f 726 708 713
f 2658 2642 2634
f 2658 2657 2673
f 731 713 725
f 2673 2657 2656
f 2276 725 2272
f 1862 3286 3285
f 2272 725 718
f 2703 2656 2702
f 3286 3296 1655
f 2702 2656 2682
f 1857 1862 3285
f 2272 718 2261
f 1861 1862 1857
f 1861 1857 1855
f 718 741 2261
f 1871 1861 1873
f 1650 1653 4010
f 2260 2261 740
f 740 2261 741
f 1650 4010 4011
f 1873 1854 1874
f 2268 2260 2254
f 2254 2260 740
f 2255 4011 2268
f 1874 1872 1885
f 2255 2268 2254
f 2253 2255 2254
f 1885 1876 1886
f 3767 1888 1887
f 3767 1887 3803
f 2243 2244 2242
f 1665 2243 2242
f 1665 2242 2241
f 2241 2242 2263
f 1662 1665 2241
f 2241 2263 2264
f 1663 1662 2241
f 1663 2241 2265
f 2265 2241 2264
f 3838 2235 3848
f 1663 2265 2227
f 1667 1663 2227
f 2226 2235 2199
f 2199 2200 2201
f 2202 2199 2201
f 2226 2199 2202
f 2201 2200 2203
f 2203 2200 2211
f 1667 2227 2214
f 2214 2227 2266
f 2214 2266 2220
f 2203 2211 2204
f 2204 2211 2210
f 2204 2210 2209
f 2209 1667 2214
f 2221 2220 2222
f 3163 3168 3165
f 3180 3170 3178
f 3249 3178 3229
f 3249 3229 2398
f 2398 3229 3232
f 2386 2398 2399
f 2386 2399 2385
f 2383 2380 2382
f 2382 2386 2385
f 2384 2382 2385
f 410 452 456
f 410 456 3963
f 456 457 3963
f 3963 457 3959
f 457 459 3959
f 409 452 410
f 408 409 410
f 3957 3963 3959
f 3957 3959 1710
f 3957 1710 3958
f 1710 3959 1704
f 1704 3959 3960
f 405 409 408
f 404 405 408
f 1710 1704 1703
f 404 403 405
f 1689 1710 1703
f 402 428 403
f 4971 4970 4961
f 1688 1700 1713
f 1693 1688 1713
f 1737 1693 1713
f 600 651 593
f 1694 1693 1737
f 2521 2520 2529
f 4928 4930 4929
f 754 737 742
f 742 737 736
f 742 736 739
f 4935 4948 4939
f 4938 4935 4939
f 726 736 714
f 2642 2635 2634
f 2657 2631 2632
f 2657 2632 2636
f 2657 2636 2656
f 3288 4006 3296
f 3286 3288 3296
f 731 725 2276
f 2656 2636 2639
f 3287 3288 3286
f 2639 2654 2655
f 3287 1862 1863
f 1862 3287 3286
f 2656 2639 2655
f 1861 1863 1862
f 1863 1861 1868
f 2262 2272 2261
f 4009 4004 4010
f 2269 2262 2260
f 2260 2262 2261
f 4010 4004 2269
f 2268 2269 2260
f 4010 2269 2268
f 1873 1874 1880
f 1874 1885 1880
f 3815 1885 1886
f 3767 3803 3745
f 3808 3838 3809
f 3809 3838 3848
f 3848 2235 3840
f 3840 2235 2226
f 2233 2226 2202
f 3840 2226 2233
f 2233 2202 2205
f 2201 2203 2204
f 2205 2202 2201
f 2213 2214 2220
f 2213 2220 2221
f 2223 2221 2228
f 3171 3168 3163
f 3163 3170 3180
f 3163 3180 3231
f 3231 3180 3178
f 3231 3178 3249
f 2381 3249 2398
f 2381 2398 2386
f 2382 2381 2386
f 2376 2380 2378
f 2379 2378 2390
f 410 3963 3955
f 3955 3963 3957
f 3957 3958 1679
f 402 403 401
f 401 403 404
f 1679 3958 1689
f 1689 3958 1710
f 399 428 402
f 1688 1679 1689
f 533 485 484
f 1683 1688 1693
f 600 593 533
f 1687 1683 1694
f 1683 1693 1694
f 1736 1687 1694
f 2509 2584 2512
f 2520 2686 2529
f 2529 2686 2680
f 2663 2674 2661
f 2663 2661 2653
f 2643 2653 2652
f 754 1751 762
f 2635 2643 2641
f 2635 2641 2633
f 739 736 726
f 739 726 735
f 2635 2633 2634
f 2633 2630 2634
f 731 726 713
f 735 726 731
f 2634 2630 2631
f 3288 3290 3292
f 3288 3289 3290
f 3292 4005 4006
f 3288 3292 4006
f 2276 2278 731
f 1869 3289 3287
f 3287 3289 3288
f 4006 4002 4003
f 2639 2651 2654
f 1863 1869 3287
f 1869 1863 1868
f 2272 2273 2276
f 4004 4003 2274
f 2274 2273 2271
f 2271 2273 2262
f 2262 2273 2272
f 1868 1861 1870
f 4004 2274 2271
f 1870 1861 1871
f 1870 1871 1884
f 2269 4004 2271
f 2271 2262 2269
f 1871 1873 1880
f 3769 3815 1886
f 3769 1886 3768
f 1886 1888 3768
f 3768 1888 3767
f 3745 3803 3808
f 2233 2205 2212
f 2205 2201 2207
f 2212 2205 2207
f 2207 2201 2206
f 2206 2201 2204
f 2204 2209 2208
f 2209 2214 2213
f 2213 2221 2223
f 2223 2228 3168
f 2223 3168 3171
f 3171 3163 3228
f 3228 3163 3231
f 2376 3231 3249
f 2376 3249 2381
f 2380 2376 2381
f 2379 2377 2378
f 502 404 408
f 502 408 3956
f 3956 408 410
f 3956 410 3964
f 410 3955 3964
f 3956 3964 3954
f 3954 3964 3955
f 3954 3955 1678
f 3955 3957 1678
f 1678 3957 1679
f 399 402 401
f 391 428 399
f 1677 1678 1679
f 398 479 391
f 391 479 480
f 4956 4954 4925
f 484 485 398
f 485 479 398
f 1682 1677 1683
f 629 651 600
f 1685 1682 1687
f 1687 1682 1683
f 2024 651 629
f 1695 1685 1696
f 1685 1687 1696
f 4950 4931 4933
f 2653 2661 2652
f 2641 2652 2649
f 1755 754 742
f 2633 2627 2630
f 2630 2627 2624
f 2631 2630 2623
f 735 731 2282
f 3291 3293 3290
f 3293 4008 3292
f 3290 3293 3292
f 3292 4008 4005
f 2282 731 2278
f 2632 2623 2626
f 3291 3289 1879
f 3289 3291 3290
f 2632 2626 2636
f 2636 2626 2637
f 2639 2637 2650
f 1869 1879 3289
f 2636 2637 2639
f 2639 2650 2651
f 1879 1869 1878
f 2273 2278 2276
f 1869 1868 1878
f 2274 4002 2275
f 2274 2275 2273
f 1868 1870 3812
f 3812 1870 3816
f 3816 1870 1884
f 1884 1871 1880
f 1880 1885 3815
f 3745 3808 3736
f 3736 3808 3809
f 3809 3848 3840
f 3840 2233 2236
f 2236 2233 2212
f 2206 2204 2208
f 2208 2209 2213
f 2215 2208 2213
f 2215 2213 2223
f 2215 2223 3183
f 3183 2223 3182
f 3171 3228 3224
f 2373 3228 3231
f 2373 3231 2376
f 2373 2376 2374
f 2375 2374 2377
f 2377 2374 2376
f 2379 2375 2377
f 2388 2375 2379
f 4972 4971 4959
f 407 401 404
f 407 404 502
f 4958 4959 4957
f 399 401 400
f 400 401 407
f 502 3956 3953
f 3953 3956 3954
f 1680 3953 3954
f 1680 3954 1678
f 1681 3953 1680
f 1677 1680 1678
f 1681 1680 1677
f 1684 1681 1682
f 1682 1681 1677
f 2503 2525 2507
f 2507 2525 2509
f 4925 4926 4927
f 1685 1684 1682
f 2509 2525 2694
f 2509 2694 2584
f 1685 1695 1691
f 1722 1698 1695
f 1722 1741 1723
f 1723 1741 1739
f 2680 2679 2661
f 2661 2649 2652
f 4933 4935 4936
f 4936 4935 4937
f 2031 2015 2020
f 2641 2649 2648
f 2641 2648 2627
f 2641 2627 2633
f 742 739 1765
f 1765 739 735
f 2630 2624 2623
f 1892 3294 3293
f 3293 3294 1937
f 1890 1892 3291
f 3291 1892 3293
f 3293 1937 4008
f 4008 1937 4007
f 4008 4007 4005
f 4005 4007 4001
f 1890 1879 1889
f 1879 1890 3291
f 4002 4005 4001
f 2637 2646 2650
f 2279 2281 2278
f 2281 2282 2278
f 1889 1879 1878
f 2275 4002 2277
f 2277 2279 2273
f 2273 2279 2278
f 1878 1868 3812
f 3843 1878 3812
f 3816 1884 3832
f 3832 1884 3833
f 1884 1880 3833
f 3795 3815 3769
f 3762 3769 3768
f 3732 3767 3745
f 2240 2236 2212
f 2240 2212 2219
f 2219 2212 2207
f 2206 2219 2207
f 2206 2208 2224
f 2224 2208 2215
f 2224 2215 3183
f 3182 2223 3175
f 3175 2223 3171
f 3224 3228 2372
f 2372 3228 2373
f 2375 2372 2374
f 2372 2373 2374
f 2375 2388 2391
f 3951 400 407
f 3952 407 502
f 395 399 400
f 3952 502 3953
f 395 391 399
f 1686 3952 1681
f 1681 3952 3953
f 2503 2502 2525
f 1686 1681 1684
f 4925 4927 547
f 541 600 533
f 629 600 541
f 2694 2690 2594
f 1691 1695 1698
f 661 4929 4950
f 1698 1722 1723
f 2661 2679 2669
f 2649 2661 2669
f 2020 2015 2001
f 4944 2031 2020
f 2648 2660 2627
f 1765 1755 742
f 2627 2628 2624
f 2624 2628 2625
f 2623 2624 2625
f 1893 3295 1892
f 1896 3295 1893
f 1892 3295 3294
f 3294 3295 1929
f 3294 1929 1937
f 1937 1929 1936
f 2282 1765 735
f 1893 1892 1891
f 1938 1955 4007
f 1891 1892 1890
f 4007 1955 4001
f 2623 2625 2626
f 2626 2625 2637
f 1889 1891 1890
f 2637 2638 2646
f 1889 1878 1900
f 1900 1878 3843
f 3812 3816 3760
f 1880 3815 3795
f 3768 3767 3732
f 3732 3745 3717
f 3717 3745 3736
f 3737 3736 3809
f 2240 2219 3198
f 3198 2219 2206
f 3323 3943 3942
f 3942 3943 3936
f 3175 3171 3210
f 3947 3321 3942
f 3947 3942 3940
f 3321 3947 3318
f 3940 3942 3936
f 3946 3947 3940
f 3318 3947 3946
f 3940 3936 3938
f 3210 3171 3224
f 3946 3940 3941
f 3318 3946 3317
f 3319 5109 3941
f 3319 3941 4131
f 3941 3940 3938
f 3941 3938 3939
f 4131 3941 3939
f 4959 4958 653
f 4958 4957 546
f 396 395 400
f 3951 407 3952
f 2502 2705 2525
f 3951 3952 1690
f 1690 3952 1686
f 387 398 391
f 391 395 389
f 387 391 389
f 446 484 398
f 1690 1686 1684
f 1685 1690 1684
f 1692 1690 1691
f 1691 1690 1685
f 2690 2692 2691
f 1998 629 620
f 1697 1691 1698
f 2690 2689 2686
f 634 4929 661
f 1723 1697 1698
f 2686 2687 2680
f 2680 2684 2679
f 2684 2685 2679
f 1744 1724 1740
f 4950 4933 4936
f 1727 1744 1750
f 2649 2669 2660
f 1755 1743 1751
f 2627 2660 2659
f 2627 2659 2628
f 1756 1755 1765
f 1759 1756 1765
f 2625 2628 2629
f 3295 1922 1929
f 2283 1759 2282
f 2282 1759 1765
f 1896 1893 1891
f 2281 2283 2282
f 2067 1955 1931
f 1930 2067 1931
f 1955 2067 4001
f 2625 2640 2638
f 2637 2625 2638
f 1895 1891 1889
f 2277 4001 2280
f 2277 2280 2279
f 3758 3843 3812
f 3832 3833 3761
f 3833 1880 3794
f 3794 1880 3795
f 3810 3809 3840
f 3837 3840 2236
f 3837 2236 2240
f 3198 2206 3197
f 3197 2206 2224
f 3197 2224 3190
f 3190 2224 3183
f 3185 3183 3184
f 3184 3183 3182
f 3314 3321 3318
f 3314 3318 3316
f 3316 3318 3317
f 3316 3317 3310
f 3310 3317 3319
f 4131 3939 4132
f 3210 3224 2395
f 2395 3224 2392
f 2392 3224 2372
f 638 665 4978
f 653 4958 546
f 546 4957 545
f 396 400 3950
f 400 3951 3950
f 2525 2705 2696
f 389 395 396
f 3950 3951 1690
f 374 398 387
f 1692 3950 1690
f 548 663 635
f 541 533 446
f 620 629 541
f 1699 1692 1697
f 1697 1692 1691
f 634 661 611
f 1717 1697 1724
f 2679 2685 2669
f 1727 1717 1724
f 2660 2669 2675
f 2660 2675 2659
f 4941 4944 5014
f 1754 1743 1755
f 1758 1756 1759
f 1760 1758 1759
f 1896 1897 3297
f 3995 3996 2066
f 2283 1760 1759
f 1896 3297 3295
f 2629 2647 2625
f 2066 2067 1927
f 2067 2066 3996
f 2067 3996 2280
f 2280 2283 2281
f 1895 1896 1891
f 1927 2067 1930
f 2279 2280 2281
f 2625 2647 2640
f 1928 1930 1931
f 1895 1889 1899
f 1899 1889 1900
f 3758 3812 3760
f 3760 3816 3761
f 3761 3816 3832
f 3762 3795 3769
f 3762 3768 3733
f 3768 3732 3733
f 3837 3810 3840
f 3837 2240 3233
f 3233 2240 3198
f 3203 3198 3197
f 3190 3183 3187
f 3187 3183 3185
f 3186 3185 3184
f 3184 3182 2172
f 3314 3316 3309
f 3182 3175 3205
f 3205 3175 3210
f 3309 3316 3310
f 3310 3319 4131
f 3310 4131 3313
f 3313 4131 4132
f 638 4978 659
f 390 389 396
f 390 396 3949
f 3949 396 3950
f 2694 2696 2693
f 446 374 372
f 3949 1692 1726
f 3949 3950 1692
f 540 541 465
f 465 541 446
f 549 635 634
f 549 634 592
f 1699 1726 1692
f 2690 2691 2689
f 620 541 540
f 592 634 611
f 1994 1998 620
f 1717 1715 1697
f 661 4950 666
f 2675 2676 2659
f 2659 2676 2664
f 2629 2664 2662
f 2629 2662 2647
f 1897 3298 3297
f 3297 3298 1922
f 1922 3298 1919
f 2057 3995 2066
f 3996 3995 1764
f 1897 1896 1895
f 3996 1764 2280
f 2280 1764 1761
f 2280 1761 2283
f 2647 2666 2640
f 1925 2066 1927
f 1928 1927 1930
f 3761 3833 3794
f 3717 3736 3669
f 3737 3809 3810
f 3810 3837 3766
f 3837 3233 3851
f 3233 3198 3203
f 3203 3197 3209
f 3208 3197 3199
f 3189 3190 3187
f 3189 3187 3188
f 3186 3184 2173
f 3188 3186 2173
f 3184 2172 2173
f 2172 3182 3205
f 3311 3310 3313
f 3205 3210 864
f 865 2394 2397
f 4625 865 2397
f 4980 665 658
f 637 659 639
f 639 653 289
f 544 547 542
f 2696 2697 2693
f 386 389 390
f 547 548 520
f 520 548 549
f 354 374 387
f 354 387 386
f 387 389 386
f 390 3949 1716
f 1716 3949 1726
f 1716 1726 1699
f 1715 1716 1699
f 2687 2704 2684
f 611 661 631
f 1715 1727 1734
f 1735 1715 1734
f 1727 1715 1717
f 661 666 631
f 668 2016 1995
f 1743 1734 1727
f 5014 2016 668
f 1754 1753 1743
f 1757 1756 1758
f 2057 3997 3995
f 3995 3997 1764
f 1761 1757 1760
f 1760 1757 1758
f 1918 3299 3298
f 3299 1932 3298
f 3298 1932 1919
f 2662 2667 2647
f 1918 1897 1898
f 2057 2066 1920
f 2647 2667 2666
f 1898 1897 1895
f 1920 2066 1925
f 1927 1921 1925
f 1898 1895 1899
f 1900 3758 3743
f 3666 3761 3794
f 3657 3733 3732
f 3657 3732 3717
f 3669 3736 3737
f 3851 3233 3248
f 3199 3190 3189
f 3233 3203 3209
f 3233 3209 3215
f 3209 3197 3208
f 2172 3205 875
f 875 3205 864
f 864 3210 2395
f 864 2395 863
f 865 863 2394
f 613 665 638
f 638 659 637
f 637 639 578
f 578 639 300
f 300 639 289
f 543 546 545
f 543 544 542
f 2696 2593 2697
f 542 547 520
f 520 549 495
f 354 372 374
f 532 386 390
f 495 549 315
f 532 390 1716
f 2691 2698 2689
f 2698 2701 2689
f 315 549 592
f 1725 532 1716
f 592 611 582
f 582 611 561
f 1725 1716 1715
f 611 631 561
f 2685 2706 2586
f 2677 2586 2699
f 631 666 667
f 2676 2699 2700
f 2676 2700 2688
f 2664 2688 2662
f 3299 3300 1932
f 2056 3998 2057
f 2056 2057 1926
f 2057 3998 3997
f 3997 1763 1764
f 1764 1763 1761
f 1763 1762 1761
f 1918 1917 3299
f 1917 1918 1905
f 2057 1920 1926
f 2666 2667 2672
f 1905 1918 1898
f 1898 1899 1901
f 1901 1899 3835
f 3835 1899 1900
f 3743 3758 3673
f 3673 3758 3662
f 3662 3758 3760
f 3760 3761 3662
f 3662 3761 3666
f 3794 3795 3668
f 3667 3762 3733
f 3667 3733 3657
f 3669 3737 3734
f 3734 3737 3810
f 3248 3233 3215
f 3200 3199 3189
f 3200 3189 2171
f 3189 3188 2173
f 2163 2173 2172
f 3215 3209 3208
f 2164 2172 875
f 858 865 4625
f 858 4625 4626
f 614 638 637
f 289 567 288
f 565 567 546
f 2693 2697 2695
f 2691 2695 2698
f 354 386 367
f 367 386 394
f 394 386 532
f 3948 532 1725
f 2701 2704 2687
f 315 592 582
f 619 620 540
f 1735 1725 1715
f 631 667 632
f 632 1995 1997
f 667 668 632
f 1766 1734 1753
f 2056 4000 3998
f 1767 1754 1757
f 1917 1916 3300
f 3300 1933 1932
f 3997 3998 1763
f 1932 1933 1924
f 2056 1926 1953
f 3835 1900 3743
f 3668 3795 3762
f 3668 3762 3667
f 3657 3717 3669
f 3669 3734 3696
f 3734 3810 3766
f 3766 3837 3804
f 2171 3189 2173
f 2171 2173 2163
f 2163 2172 2164
f 3248 3215 3217
f 3208 3199 3200
f 858 863 865
f 616 613 294
f 614 613 638
f 614 578 574
f 301 578 300
f 565 546 543
f 312 542 520
f 520 495 312
f 354 367 353
f 495 315 279
f 465 446 372
f 394 532 3948
f 2701 2708 2704
f 316 315 582
f 1745 3948 1725
f 619 540 568
f 1735 1745 1725
f 316 582 561
f 1753 1754 1769
f 1916 2359 3300
f 3300 2359 1952
f 3999 4000 2058
f 3300 1952 1933
f 1952 1935 1933
f 2058 2056 1956
f 3998 3999 1763
f 2688 2577 2590
f 2688 2590 2667
f 2056 1953 1956
f 1913 1916 1917
f 2667 2590 2672
f 2672 2590 2589
f 1905 1913 1917
f 1913 1905 1902
f 1924 1953 1926
f 1902 1905 1898
f 3668 3666 3794
f 3804 3837 3851
f 3851 3248 3858
f 3858 3248 3235
f 3248 3217 3235
f 962 3200 2171
f 3235 3217 3218
f 3217 3215 3216
f 3216 3215 3208
f 3216 3208 3200
f 875 864 844
f 864 863 837
f 863 858 837
f 294 613 575
f 574 613 614
f 574 578 302
f 302 578 301
f 301 300 273
f 273 300 289
f 2591 2581 2592
f 288 567 565
f 565 543 566
f 543 542 298
f 298 542 312
f 2697 2698 2695
f 312 495 290
f 343 354 351
f 351 354 353
f 353 367 394
f 1745 394 3948
f 1752 1745 1735
f 561 631 562
f 562 631 632
f 562 632 1997
f 2579 2561 2700
f 1913 1914 1915
f 1934 1956 1953
f 1902 1898 1901
f 5212 5330 5213
f 3743 3673 3672
f 3672 3673 3662
f 3656 3657 3669
f 962 2171 2169
f 2169 2171 2163
f 2161 2163 2164
f 962 3216 3200
f 3218 3217 3216
f 844 864 837
f 810 858 4626
f 810 4626 4628
f 598 616 294
f 302 301 293
f 290 495 279
f 281 315 316
f 382 372 343
f 372 354 343
f 353 394 1193
f 474 540 465
f 1193 394 1745
f 568 540 474
f 1193 1745 1752
f 316 561 291
f 2579 2558 2561
f 1951 1950 1941
f 2355 1914 1908
f 1908 1914 1913
f 1908 1913 1902
f 1902 1901 1903
f 1903 1901 3835
f 3835 3743 3742
f 3672 3662 3590
f 3590 3662 3594
f 3594 3662 3666
f 3666 3668 3595
f 3667 3657 3596
f 3596 3657 3656
f 3696 3734 3697
f 3697 3734 3766
f 2169 2163 2160
f 883 2164 875
f 883 875 844
f 3218 3216 3219
f 3219 3216 928
f 928 3216 962
f 837 858 849
f 849 858 810
f 295 598 294
f 294 575 276
f 276 575 574
f 293 301 273
f 289 288 273
f 273 288 272
f 543 298 271
f 351 353 352
f 281 316 280
f 474 372 382
f 280 316 291
f 1193 1752 1171
f 291 561 292
f 561 562 292
f 562 1997 604
f 292 562 604
f 1171 1766 1182
f 1182 1766 1194
f 2558 2550 2561
f 2353 2352 2355
f 2059 2058 1942
f 2577 2562 2576
f 2058 1956 1942
f 3742 3743 3672
f 3595 3668 3667
f 3656 3669 3663
f 3663 3669 3696
f 3804 3851 3797
f 3797 3851 3858
f 961 962 2169
f 2160 2163 2161
f 3221 3235 3218
f 835 837 849
f 648 598 295
f 270 295 294
f 276 574 282
f 288 565 271
f 566 543 271
f 266 290 279
f 2555 2551 2583
f 352 353 1193
f 352 1193 1170
f 2582 2553 2554
f 2582 2554 2556
f 503 568 474
f 2556 2548 2557
f 2060 2059 1945
f 2354 2355 1908
f 1945 2059 1942
f 1908 1902 1906
f 3811 1903 3835
f 3811 3835 3742
f 3666 3595 3594
f 3595 3667 3596
f 3598 3596 3656
f 3697 3766 3694
f 3694 3766 3804
f 2161 2164 883
f 928 962 961
f 886 883 844
f 3221 3218 3220
f 3220 3218 3219
f 844 837 836
f 836 837 835
f 261 295 270
f 270 294 253
f 253 294 276
f 282 302 256
f 256 302 293
f 298 312 259
f 2560 2539 2555
f 259 312 290
f 279 281 267
f 343 351 342
f 341 343 342
f 342 351 352
f 281 280 268
f 352 1170 1157
f 280 291 265
f 1171 1170 1193
f 1170 1171 1165
f 292 604 269
f 1165 1171 1182
f 1949 2060 1945
f 1902 1903 1904
f 1904 1903 3811
f 3742 3672 3647
f 3672 3590 3647
f 3598 3656 3597
f 3694 3804 3797
f 3797 3858 3814
f 3814 3858 3235
f 3814 3235 3931
f 3931 3235 3221
f 3219 928 918
f 563 295 261
f 255 261 270
f 257 276 282
f 257 282 256
f 274 293 273
f 272 288 271
f 271 298 260
f 260 298 259
f 342 352 368
f 368 352 1157
f 268 280 265
f 265 292 269
f 1157 1170 1165
f 1165 1182 1180
f 1194 3448 3442
f 2563 2570 2571
f 2358 1908 1906
f 1906 1902 1904
f 3811 3742 3750
f 5215 5213 5216
f 3664 3742 3647
f 3584 3594 3595
f 3597 3656 3663
f 3693 3697 3694
f 928 961 954
f 3931 3221 3242
f 3242 3221 3220
f 3220 3219 3222
f 3222 3219 918
f 253 276 254
f 254 276 257
f 256 293 274
f 2528 2526 2530
f 252 273 272
f 259 290 266
f 266 279 267
f 370 382 343
f 269 568 225
f 1182 1194 1189
f 1180 1182 1189
f 2061 2060 1949
f 3839 1904 3811
f 3585 3590 3594
f 3678 3663 3696
f 3693 3696 3697
f 954 961 2169
f 954 2169 2168
f 886 844 872
f 3223 3220 3222
f 844 836 841
f 810 4629 806
f 498 563 261
f 255 270 253
f 274 273 228
f 169 259 266
f 2551 2542 2544
f 167 267 268
f 370 343 341
f 188 265 269
f 188 269 225
f 1162 1157 1165
f 3307 2361 2356
f 2361 2362 2356
f 2356 2362 2364
f 2356 2364 2357
f 3307 2356 2360
f 2061 1949 2062
f 2358 2360 2356
f 5233 2570 5232
f 3839 3811 3744
f 3744 3811 3750
f 3750 3742 3664
f 3578 3595 3596
f 2168 2169 2160
f 2159 2160 2161
f 914 918 928
f 872 844 841
f 917 3222 918
f 849 810 855
f 807 810 806
f 261 255 189
f 228 273 252
f 2532 2531 2534
f 251 271 224
f 169 266 166
f 166 266 267
f 166 267 167
f 168 268 265
f 445 474 382
f 1162 1165 1166
f 1165 1180 1166
f 3308 2371 2363
f 3308 2363 2361
f 2371 3308 3975
f 2361 2363 2362
f 3308 2361 3307
f 3975 3308 3306
f 2364 2365 2367
f 3305 3308 3307
f 3305 3307 2360
f 3306 3308 3305
f 3305 2360 1909
f 2364 2367 2366
f 1909 2360 2358
f 2366 2062 1949
f 1907 1906 1904
f 3598 3597 3566
f 3597 3663 3540
f 3678 3696 3693
f 2168 2160 2159
f 3814 3931 3927
f 928 954 914
f 3242 3220 3223
f 917 918 914
f 264 498 261
f 264 261 190
f 190 261 189
f 189 255 203
f 255 253 203
f 253 254 204
f 204 257 227
f 2492 2944 2518
f 227 257 256
f 227 256 228
f 256 274 228
f 202 260 259
f 202 259 169
f 2540 2541 2542
f 168 265 188
f 368 1157 1154
f 1154 1157 1162
f 3978 2371 3975
f 3441 3437 3442
f 3306 3305 2595
f 2595 3305 1909
f 2063 2061 2062
f 2358 1906 1909
f 1909 1906 1907
f 1907 1904 3839
f 3646 3664 3647
f 3591 3647 3590
f 3586 3590 3585
f 3584 3595 3578
f 3566 3597 3540
f 3540 3663 3541
f 3663 3678 3541
f 3693 3694 3675
f 3747 3694 3797
f 3747 3797 3806
f 3806 3797 3814
f 2159 2161 2157
f 885 886 872
f 3927 3931 3242
f 3223 3222 3234
f 3234 3222 917
f 836 835 834
f 204 254 257
f 224 260 223
f 223 260 202
f 340 341 342
f 342 368 369
f 503 474 445
f 3976 3978 3975
f 3976 3975 3974
f 1180 1189 1190
f 3974 3975 3306
f 3974 3306 3977
f 3977 3306 2595
f 3977 2595 2569
f 3304 1909 1910
f 2063 2062 2064
f 2567 2595 2588
f 3646 3647 3591
f 3585 3594 3584
f 3806 3814 3817
f 883 886 885
f 3817 3814 3927
f 3927 3242 3236
f 3242 3223 3236
f 3236 3223 3234
f 841 836 838
f 834 835 832
f 832 849 855
f 252 272 251
f 167 168 165
f 361 370 341
f 188 225 187
f 3974 3977 2596
f 2063 2064 2065
f 1910 1909 1907
f 3744 3750 3664
f 3596 3598 3566
f 3675 3694 3695
f 3695 3694 3747
f 3234 917 3240
f 838 836 834
f 176 204 227
f 180 228 252
f 252 251 179
f 181 251 224
f 165 166 167
f 339 341 340
f 168 188 187
f 3869 3979 1912
f 1907 3839 3771
f 3771 3839 3744
f 3578 3596 3566
f 953 954 2168
f 2161 883 884
f 884 883 885
f 3237 3236 3234
f 832 855 857
f 857 855 807
f 222 264 190
f 222 190 186
f 175 189 203
f 203 204 175
f 172 228 180
f 179 251 181
f 183 223 202
f 2543 2826 2545
f 340 342 369
f 3869 1912 1911
f 1911 1912 1910
f 1910 1907 1911
f 1911 1907 3771
f 3661 3664 3646
f 3528 3566 3540
f 953 2168 2167
f 914 954 953
f 3927 3236 3919
f 3919 3236 3237
f 857 807 803
f 803 807 806
f 803 806 798
f 178 190 189
f 178 189 175
f 175 204 174
f 174 204 176
f 177 227 228
f 252 179 180
f 183 202 184
f 184 169 163
f 163 169 164
f 164 169 166
f 182 187 503
f 1163 1162 1166
f 3771 3744 3661
f 3744 3664 3661
f 3578 3566 3565
f 3565 3566 3528
f 3540 3541 3539
f 3930 3817 3927
f 3240 917 913
f 186 190 178
f 177 176 227
f 177 228 172
f 224 223 183
f 165 168 171
f 382 370 375
f 375 370 361
f 156 168 187
f 156 187 182
f 182 503 445
f 369 368 1149
f 1149 368 1154
f 3412 3398 3408
f 3589 3590 3586
f 3579 3584 3578
f 3579 3578 3527
f 3542 3578 3565
f 3678 3693 3675
f 912 914 953
f 884 885 872
f 874 872 841
f 178 175 173
f 181 224 183
f 183 184 155
f 445 382 375
f 361 341 339
f 1179 1180 1190
f 3868 3408 3869
f 3868 3869 1911
f 3619 3646 3591
f 3591 3590 3589
f 3586 3585 3579
f 3579 3585 3584
f 3528 3540 3539
f 3665 3678 3675
f 3237 3234 3238
f 3238 3234 3239
f 3239 3234 3240
f 296 222 185
f 185 222 186
f 155 184 163
f 162 163 164
f 170 165 171
f 171 168 156
f 344 340 369
f 1166 1180 1179
f 3770 1911 3771
f 3655 3771 3661
f 3619 3661 3646
f 3528 3542 3565
f 3541 3678 3665
f 3747 3806 3817
f 2158 2167 2159
f 2157 2161 2155
f 2155 2161 884
f 912 953 957
f 884 872 874
f 833 841 838
f 3239 3240 907
f 907 3240 913
f 173 175 174
f 154 181 183
f 154 183 155
f 164 166 165
f 1154 1162 1163
f 3412 3408 3410
f 3592 3591 3589
f 3527 3578 3542
f 3529 3528 3539
f 3675 3695 3676
f 3695 3747 3725
f 953 2167 957
f 957 2167 2158
f 3927 3919 3918
f 3919 3237 3238
f 3918 3919 3238
f 185 186 151
f 63 179 181
f 63 181 154
f 161 164 165
f 3655 3661 3619
f 3619 3591 3592
f 3589 3586 3587
f 3747 3817 3793
f 2158 2159 2157
f 3793 3817 3930
f 916 912 957
f 874 841 843
f 843 841 833
f 3930 3927 3918
f 851 857 803
f 851 803 804
f 151 186 178
f 146 173 174
f 177 172 148
f 172 180 64
f 64 180 179
f 64 179 63
f 155 163 162
f 161 165 170
f 375 361 350
f 3770 3771 3655
f 3580 3586 3579
f 3564 3541 3665
f 3676 3695 3725
f 3725 3747 3757
f 3757 3747 3793
f 3918 3238 3904
f 833 838 834
f 833 834 832
f 147 178 173
f 148 172 141
f 156 182 158
f 3868 1911 3867
f 3587 3586 3580
f 3545 3579 3527
f 3527 3542 3528
f 3527 3528 3525
f 3525 3528 3529
f 3539 3541 3564
f 3904 3238 3241
f 3241 3238 3239
f 147 173 146
f 144 174 176
f 176 177 145
f 145 177 148
f 141 172 64
f 154 155 62
f 371 375 350
f 339 340 329
f 329 340 344
f 1164 1163 1166
f 3411 3868 3867
f 3859 1911 3770
f 3592 3589 3593
f 3546 3579 3545
f 3929 3930 3918
f 162 164 161
f 350 361 339
f 1154 1163 1164
f 3867 1911 3859
f 3580 3579 3546
f 3918 3904 3905
f 3239 907 926
f 926 907 905
f 818 832 851
f 851 804 850
f 297 296 185
f 151 178 149
f 146 174 144
f 62 155 33
f 33 155 162
f 171 156 43
f 158 445 157
f 157 445 397
f 397 445 375
f 397 375 371
f 3411 3409 3397
f 3770 3655 3614
f 3655 3619 3613
f 3674 3665 3675
f 916 957 921
f 921 957 2182
f 3793 3930 3929
f 3905 3904 3903
f 3903 3904 3241
f 3241 3239 3243
f 3243 3239 926
f 297 185 160
f 160 185 151
f 149 178 147
f 170 171 43
f 329 344 348
f 156 158 157
f 3411 3867 3980
f 3562 3564 3665
f 3929 3918 3905
f 829 833 832
f 818 851 850
f 142 145 148
f 143 148 141
f 25 64 63
f 26 63 29
f 30 62 33
f 33 162 32
f 32 162 161
f 1149 1154 1148
f 3593 3589 3587
f 3539 3564 3562
f 3905 3903 3901
f 829 832 818
f 146 144 131
f 25 63 26
f 29 63 154
f 29 154 62
f 46 156 157
f 338 339 329
f 344 369 348
f 348 369 1149
f 3613 3619 3593
f 3619 3592 3593
f 3587 3580 3588
f 3901 3903 3241
f 152 160 151
f 143 141 27
f 141 64 27
f 27 64 25
f 37 161 38
f 161 170 38
f 350 339 338
f 2818 2796 2822
f 1164 1166 1168
f 1168 1166 1179
f 3981 3411 3980
f 3802 3770 3614
f 3536 3529 3539
f 3674 3675 3676
f 3929 3905 3917
f 926 905 902
f 278 160 152
f 152 151 150
f 150 151 149
f 142 144 145
f 142 148 143
f 29 62 30
f 43 156 46
f 5386 2984 2924
f 1168 1179 1178
f 3614 3655 3613
f 3525 3529 3530
f 3530 3529 3536
f 3677 3676 3725
f 903 916 921
f 3917 3905 3901
f 2469 2482 2483
f 38 170 43
f 3536 3539 3562
f 3731 3757 3793
f 2158 2157 2154
f 2154 2157 2155
f 2155 884 887
f 884 874 877
f 877 874 843
f 3241 3243 3244
f 3244 3243 926
f 3244 926 958
f 147 146 132
f 146 131 132
f 24 25 26
f 385 397 371
f 3860 3864 3859
f 3602 3593 3599
f 3593 3587 3600
f 3543 3545 3527
f 887 884 877
f 842 843 833
f 958 926 902
f 805 804 802
f 283 278 152
f 149 147 132
f 2469 2458 2470
f 2469 2470 2482
f 123 144 124
f 144 142 124
f 26 29 24
f 5381 5386 2924
f 3981 3980 3982
f 3860 3859 3802
f 3602 3613 3593
f 3588 3580 3546
f 3546 3545 3543
f 3543 3527 3526
f 3665 3674 3563
f 3725 3757 3731
f 842 877 843
f 3793 3929 3928
f 842 833 839
f 3928 3929 3917
f 839 833 829
f 3901 3241 3898
f 3898 3241 3244
f 818 850 815
f 283 152 153
f 153 152 150
f 153 150 133
f 131 144 123
f 126 143 27
f 23 27 25
f 46 157 159
f 159 397 385
f 3415 3409 3981
f 1178 1179 1191
f 3614 3613 3602
f 3599 3593 3600
f 3674 3676 3677
f 3677 3725 3731
f 3731 3793 3792
f 4555 4557 4591
f 133 150 149
f 23 25 24
f 32 37 36
f 348 1149 1143
f 3415 3981 3982
f 3860 3802 3825
f 3825 3802 3618
f 3618 3802 3614
f 3588 3546 3575
f 3575 3546 3543
f 3562 3665 3563
f 2165 2182 2158
f 921 2182 2165
f 904 903 921
f 3792 3793 3928
f 3917 3901 3900
f 3900 3901 3898
f 850 804 854
f 854 804 805
f 124 142 122
f 122 142 126
f 126 142 143
f 13 24 29
f 30 33 31
f 47 46 159
f 1143 1149 1148
f 3537 3562 3563
f 900 958 902
f 134 153 133
f 133 149 132
f 28 126 27
f 28 27 23
f 36 37 38
f 43 46 47
f 321 350 338
f 5380 5386 5381
f 3526 3527 3525
f 3536 3562 3537
f 3701 3677 3731
f 263 153 134
f 23 24 22
f 31 33 32
f 329 348 349
f 324 329 349
f 3980 3864 3870
f 2154 2155 2153
f 2153 2155 887
f 921 2165 920
f 897 903 904
f 3244 958 3246
f 3246 958 900
f 121 131 123
f 11 30 31
f 11 31 8
f 38 43 42
f 338 329 322
f 322 329 324
f 349 348 1143
f 3982 3980 3983
f 3983 3980 3870
f 3618 3614 3602
f 2165 2158 2154
f 887 877 873
f 3928 3917 3921
f 3894 3898 3244
f 132 131 113
f 121 123 112
f 112 123 124
f 125 126 28
f 13 29 11
f 29 30 11
f 8 32 34
f 43 47 45
f 366 371 350
f 1144 1164 1168
f 3870 3860 3845
f 3599 3600 3601
f 3601 3600 3588
f 877 842 873
f 873 842 839
f 3792 3928 3852
f 3852 3928 3921
f 829 818 811
f 3894 3244 3246
f 113 131 121
f 112 124 122
f 21 125 28
f 13 22 24
f 8 31 32
f 36 38 39
f 366 350 321
f 159 385 192
f 1143 1148 1144
f 5380 5381 2995
f 3845 3860 3825
f 3604 3602 3599
f 3609 3588 3575
f 3533 3530 3536
f 811 818 815
f 113 133 132
f 125 122 126
f 39 38 42
f 321 338 322
f 48 47 159
f 3345 3344 3342
f 3419 3982 3983
f 3650 3825 3618
f 3615 3618 3602
f 3752 3731 3792
f 3917 3900 3895
f 828 829 811
f 3895 3900 3898
f 3246 900 901
f 482 263 134
f 127 133 113
f 42 43 45
f 45 47 48
f 48 159 192
f 3845 3825 3650
f 3534 3536 3537
f 3576 3563 3674
f 3576 3674 3677
f 920 2165 2176
f 904 921 920
f 3921 3917 3895
f 3895 3898 3894
f 134 133 127
f 111 121 112
f 3650 3618 3615
f 3603 3602 3604
f 3601 3588 3609
f 3701 3731 3735
f 888 887 873
f 21 23 22
f 22 13 14
f 9 8 34
f 34 36 35
f 3609 3575 3574
f 3525 3530 3531
f 3524 3525 3531
f 3531 3530 3533
f 3533 3536 3534
f 3735 3731 3752
f 3752 3792 3790
f 2152 2165 2154
f 839 829 828
f 3894 3246 3247
f 3247 3246 901
f 854 805 808
f 205 134 117
f 117 134 127
f 118 127 113
f 13 11 12
f 35 36 39
f 385 366 319
f 319 366 321
f 5380 2995 2994
f 1178 1191 1186
f 3615 3602 3603
f 3599 3601 3606
f 3574 3543 3544
f 3790 3792 3834
f 3834 3792 3852
f 111 113 121
f 112 122 103
f 103 122 125
f 101 125 21
f 21 22 14
f 319 321 320
f 320 321 322
f 325 324 349
f 3343 2068 2069
f 3523 3526 3525
f 3537 3563 3538
f 919 920 2176
f 888 873 878
f 840 839 828
f 3895 3894 3890
f 3894 3247 3893
f 3890 3894 3893
f 812 811 815
f 853 854 808
f 103 125 101
f 10 11 8
f 1146 1144 1174
f 1174 1144 1168
f 3544 3543 3526
f 3538 3563 3576
f 2152 2154 2153
f 898 904 920
f 895 904 898
f 3921 3895 3896
f 3896 3895 3890
f 3247 901 908
f 14 13 12
f 7 8 9
f 192 385 319
f 5378 5380 2994
f 3419 3983 3984
f 5382 5380 5379
f 3607 3601 3608
f 3608 3601 3609
f 3577 3576 3677
f 3893 3247 3892
f 3892 3247 908
f 117 127 118
f 16 14 12
f 35 9 34
f 35 39 40
f 3870 3845 3865
f 5427 5429 5385
f 3604 3599 3606
f 3606 3601 3607
f 3523 3525 3524
f 3834 3852 3921
f 908 901 899
f 17 21 14
f 16 12 10
f 10 12 11
f 349 1143 1145
f 1143 1144 1145
f 1145 1144 1146
f 1174 1168 1178
f 3865 3845 3836
f 3651 3650 3615
f 3651 3615 3616
f 3616 3615 3603
f 878 873 870
f 870 873 839
f 870 839 840
f 111 112 102
f 101 21 17
f 10 8 7
f 7 9 35
f 39 42 41
f 44 42 45
f 318 319 320
f 49 48 191
f 191 48 192
f 3988 3983 3989
f 3605 3604 3606
f 3608 3609 3572
f 3572 3609 3574
f 3537 3538 3534
f 3538 3576 3577
f 3577 3677 3700
f 3700 3677 3701
f 2153 887 888
f 3922 3921 3896
f 118 113 106
f 102 112 103
f 17 14 15
f 40 39 41
f 41 42 44
f 45 48 44
f 44 48 49
f 192 319 318
f 320 322 323
f 323 322 324
f 323 324 325
f 3989 3983 3870
f 3989 3870 3865
f 3836 3845 3650
f 3836 3650 3651
f 3544 3526 3523
f 3524 3531 3532
f 3700 3701 3735
f 117 118 114
f 114 118 106
f 106 113 111
f 106 111 104
f 104 111 102
f 15 14 16
f 7 35 40
f 191 192 318
f 3603 3604 3605
f 3572 3574 3544
f 898 920 919
f 3834 3921 3920
f 3920 3921 3922
f 275 205 117
f 96 103 101
f 3610 3608 3572
f 3544 3523 3522
f 915 908 909
f 5378 2994 2873
f 3607 3608 3610
f 3571 3572 3544
f 3720 3700 3735
f 3922 3896 3897
f 3892 908 915
f 91 96 101
f 3610 3572 3571
f 3555 3538 3577
f 3897 3896 3890
f 3890 3893 3889
f 3893 3892 3889
f 3889 3892 915
f 114 106 109
f 109 106 105
f 106 104 105
f 95 102 103
f 91 101 17
f 91 17 19
f 15 16 20
f 41 44 57
f 3391 3414 3413
f 1147 1146 1174
f 3989 3865 3866
f 3836 3651 3648
f 3571 3544 3570
f 3535 3534 3538
f 811 812 813
f 117 114 115
f 2302 275 450
f 115 114 109
f 105 104 99
f 95 103 96
f 19 17 20
f 20 17 15
f 18 16 10
f 52 7 40
f 53 40 41
f 318 320 346
f 346 320 323
f 49 191 61
f 3648 3651 3616
f 3531 3533 3532
f 3720 3735 3752
f 2152 2153 2146
f 2146 2153 890
f 923 919 2176
f 890 2153 888
f 99 104 102
f 20 16 18
f 44 49 61
f 57 44 61
f 323 325 326
f 325 349 628
f 326 325 628
f 5384 5383 5379
f 3866 3865 3836
f 5357 5356 5358
f 3570 3544 3522
f 3532 3533 3534
f 923 2176 2151
f 827 828 811
f 812 853 813
f 856 853 808
f 52 40 53
f 53 41 56
f 56 41 57
f 347 318 346
f 5378 2873 5387
f 3866 3836 3844
f 3577 3700 3683
f 3720 3752 3753
f 890 888 878
f 890 878 871
f 878 870 871
f 827 811 814
f 965 3889 915
f 965 915 924
f 4578 4579 4577
f 116 115 109
f 96 91 92
f 91 19 60
f 18 10 7
f 327 323 326
f 1145 1146 1147
f 5377 5378 5387
f 3570 3610 3571
f 3535 3538 3555
f 925 910 922
f 3906 3922 3897
f 814 811 813
f 856 808 809
f 128 275 117
f 128 117 115
f 109 105 108
f 108 105 99
f 191 318 378
f 378 318 347
f 61 191 140
f 3844 3836 3648
f 3616 3603 3617
f 3611 3607 3610
f 3700 3720 3702
f 3753 3752 3790
f 3790 3834 3818
f 3915 3834 3920
f 3888 3897 3890
f 99 102 95
f 95 96 92
f 92 91 60
f 18 7 50
f 53 56 55
f 628 349 1145
f 1147 1174 1167
f 3986 3988 3989
f 1167 1174 1178
f 3648 3616 3617
f 3617 3603 3612
f 3603 3605 3612
f 3610 3570 3611
f 3555 3577 3683
f 3683 3700 3702
f 2151 2152 2146
f 3753 3790 3818
f 931 922 923
f 3818 3834 3915
f 3920 3922 3906
f 3906 3897 3899
f 3899 3897 3888
f 3888 3890 3889
f 60 19 20
f 20 18 58
f 7 52 50
f 1167 1178 1176
f 3449 3468 3423
f 3556 3535 3555
f 3702 3720 3719
f 871 870 840
f 116 109 110
f 110 109 108
f 51 18 50
f 52 53 54
f 54 53 55
f 3636 3648 3617
f 3612 3605 3620
f 965 924 927
f 94 95 92
f 60 20 59
f 59 20 58
f 58 18 51
f 50 52 54
f 346 323 327
f 628 1145 1147
f 3532 3534 3535
f 931 923 932
f 840 828 827
f 3915 3920 3906
f 3888 3889 964
f 964 3889 965
f 97 95 94
f 1176 1178 1186
f 3620 3605 3606
f 3628 3607 3611
f 3522 3523 3524
f 2151 2146 2144
f 2144 2146 2145
f 2145 2146 890
f 2145 890 889
f 889 890 871
f 927 925 929
f 964 965 927
f 450 128 120
f 120 128 115
f 99 95 97
f 93 92 83
f 92 60 83
f 59 58 72
f 379 140 378
f 3986 3989 3871
f 3634 3611 3570
f 3719 3720 3753
f 869 871 840
f 3871 3866 3862
f 3862 3844 3821
f 3821 3844 3648
f 449 450 120
f 115 116 119
f 116 110 107
f 98 99 97
f 51 50 80
f 80 50 81
f 55 56 67
f 67 57 68
f 5377 5387 2899
f 1176 1186 1183
f 3617 3612 3622
f 3622 3612 3620
f 3630 3611 3634
f 3557 3556 3555
f 3683 3702 3681
f 120 115 119
f 119 116 107
f 98 108 99
f 83 60 70
f 70 60 59
f 72 58 51
f 54 55 65
f 67 56 57
f 347 346 358
f 326 628 328
f 328 628 1150
f 3821 3648 3636
f 3636 3617 3622
f 3606 3607 3628
f 3634 3570 3573
f 3547 3570 3522
f 3702 3719 3681
f 3788 3753 3818
f 936 931 932
f 933 931 936
f 3788 3818 3915
f 831 840 827
f 927 929 930
f 964 927 945
f 107 110 108
f 59 72 71
f 51 80 74
f 50 54 69
f 57 61 68
f 3620 3606 3628
f 3573 3570 3547
f 3524 3532 3550
f 3554 3535 3556
f 869 840 831
f 3902 3906 3899
f 3899 3888 3876
f 3888 964 966
f 966 964 945
f 856 809 861
f 861 809 4693
f 107 108 98
f 94 92 93
f 70 59 71
f 81 50 69
f 66 55 67
f 1150 628 1147
f 5375 5376 2996
f 3548 3522 3524
f 3719 3753 3788
f 949 932 960
f 936 932 949
f 3876 3888 3883
f 3883 3888 966
f 4545 4547 4540
f 93 83 84
f 84 83 70
f 72 51 74
f 378 347 377
f 377 347 358
f 327 326 328
f 68 61 140
f 1150 1147 1151
f 3987 3986 3871
f 3449 3423 3422
f 3635 3636 3622
f 3548 3524 3561
f 3561 3524 3550
f 3532 3535 3554
f 889 871 879
f 879 871 869
f 3902 3899 3876
f 98 97 94
f 69 54 65
f 68 140 139
f 139 140 379
f 379 378 377
f 3403 3986 3987
f 3871 3862 3861
f 3547 3522 3548
f 3550 3532 3554
f 2181 2151 2148
f 2148 2151 2144
f 3788 3915 3916
f 816 856 861
f 4547 4593 4590
f 107 98 136
f 94 93 100
f 100 93 84
f 3861 3862 3821
f 3821 3636 3796
f 3796 3636 3635
f 3631 3634 3573
f 3557 3555 3680
f 3680 3555 3683
f 3680 3683 3681
f 3822 3788 3916
f 3915 3906 3902
f 3916 3915 3902
f 822 827 814
f 98 94 129
f 71 72 73
f 72 74 73
f 80 81 79
f 65 55 66
f 358 346 356
f 327 328 330
f 1169 1167 1176
f 3559 3554 3556
f 2145 889 879
f 929 933 935
f 950 966 945
f 248 449 120
f 248 120 199
f 120 119 199
f 136 98 135
f 74 80 79
f 331 346 327
f 331 327 330
f 1151 1167 1160
f 1160 1167 1169
f 5375 2996 5373
f 3987 3871 3861
f 3559 3556 3558
f 3558 3556 3557
f 3719 3788 3787
f 3787 3788 3822
f 3873 3902 3876
f 950 945 930
f 82 84 70
f 75 70 71
f 79 81 69
f 356 346 331
f 1152 1151 1160
f 5423 5361 5369
f 3621 3622 3620
f 3629 3620 3628
f 814 813 816
f 129 94 100
f 137 68 139
f 380 379 377
f 1169 1176 1175
f 3872 3987 3861
f 3449 3422 3431
f 3635 3622 3621
f 3551 3550 3554
f 3916 3902 3873
f 3874 3876 3883
f 3883 950 3884
f 860 861 4693
f 135 98 130
f 85 100 84
f 82 70 75
f 71 73 75
f 75 73 76
f 66 67 89
f 380 377 358
f 139 379 380
f 1175 1176 1183
f 3680 3681 3682
f 3681 3719 3718
f 3682 3681 3718
f 2144 2145 2142
f 2142 2145 879
f 933 936 941
f 3873 3876 3874
f 831 827 822
f 3874 3883 3884
f 3884 950 937
f 937 950 930
f 4573 4590 4574
f 248 199 196
f 196 199 119
f 193 107 136
f 193 136 135
f 130 98 129
f 88 67 68
f 137 139 380
f 1150 1151 1152
f 5373 2996 5372
f 3861 3821 3796
f 3628 3630 3629
f 3631 3630 3634
f 882 879 869
f 934 933 941
f 250 673 248
f 196 119 107
f 85 84 82
f 73 74 76
f 77 74 79
f 65 66 89
f 68 137 88
f 3872 3861 3863
f 3621 3620 3623
f 3561 3550 3549
f 941 936 949
f 3923 3916 3873
f 3873 3874 3875
f 3875 3874 3884
f 817 822 814
f 4548 4590 4573
f 250 248 196
f 196 107 193
f 76 74 77
f 69 65 87
f 89 67 88
f 3407 3987 3872
f 5367 5423 5369
f 3623 3620 3629
f 3632 3573 3547
f 3718 3719 3787
f 960 2181 2180
f 2180 2181 2148
f 937 935 934
f 963 3884 937
f 193 135 130
f 129 100 85
f 79 69 87
f 363 358 356
f 137 380 477
f 3863 3861 3857
f 3857 3861 3796
f 3629 3630 3631
f 3568 3547 3548
f 3549 3550 3551
f 3551 3554 3559
f 3822 3916 3923
f 3923 3873 3877
f 817 814 816
f 816 861 860
f 860 4693 4692
f 130 129 90
f 90 129 85
f 76 78 75
f 87 65 89
f 380 358 363
f 477 380 381
f 3635 3621 3624
f 3624 3621 3623
f 3632 3631 3573
f 2148 2144 2143
f 2143 2144 2142
f 3877 3873 3875
f 937 934 938
f 3885 3884 963
f 196 193 197
f 85 82 86
f 82 75 78
f 86 82 78
f 200 89 88
f 331 330 332
f 330 328 345
f 332 330 345
f 345 328 1150
f 3633 3629 3631
f 3568 3548 3561
f 3560 3559 3558
f 3558 3557 3680
f 2142 879 881
f 3718 3787 3789
f 881 879 882
f 3789 3787 3822
f 3789 3822 3923
f 3875 3884 3885
f 3885 963 938
f 938 963 937
f 671 250 249
f 250 196 197
f 249 250 197
f 90 85 86
f 201 87 89
f 88 137 138
f 138 137 583
f 3857 3796 3738
f 3631 3632 3633
f 3547 3568 3639
f 3568 3561 3549
f 3549 3551 3552
f 3553 3559 3560
f 3682 3718 3687
f 882 869 867
f 78 76 217
f 216 76 213
f 76 77 213
f 213 77 79
f 356 331 333
f 1184 3449 3431
f 5368 5369 5370
f 3632 3547 3639
f 3569 3568 3549
f 3553 3551 3559
f 2180 2148 2147
f 2147 2148 2143
f 941 949 959
f 959 949 960
f 867 869 831
f 867 831 830
f 3878 3877 3875
f 193 130 195
f 218 78 217
f 217 76 216
f 213 79 209
f 79 87 209
f 201 89 200
f 333 331 332
f 206 88 138
f 3738 3796 3635
f 3738 3635 3624
f 3624 3623 3625
f 3626 3623 3629
f 3629 3633 3638
f 3633 3632 3639
f 3558 3680 3684
f 3684 3680 3685
f 959 960 2180
f 881 882 867
f 3789 3923 3925
f 940 938 939
f 3878 3875 3885
f 195 130 90
f 86 78 218
f 363 356 333
f 1150 1152 1153
f 1160 1169 1158
f 1158 1169 1175
f 1158 1175 1177
f 1175 1183 1184
f 3856 3872 3863
f 3738 3624 3644
f 3642 3639 3568
f 3685 3680 3682
f 3925 3923 3877
f 3886 3885 938
f 3886 938 951
f 951 938 940
f 830 831 821
f 831 822 821
f 821 822 817
f 194 193 195
f 195 90 234
f 90 86 234
f 234 86 236
f 226 218 217
f 209 87 201
f 376 381 363
f 138 583 477
f 345 1150 1155
f 1155 1150 1153
f 3625 3623 3626
f 3626 3629 3638
f 3568 3569 3642
f 3560 3558 3684
f 3686 3682 3687
f 3746 3718 3789
f 3925 3877 3879
f 3879 3877 3878
f 817 816 819
f 819 816 860
f 249 197 219
f 219 197 198
f 198 197 193
f 200 88 206
f 1153 1152 1160
f 3416 3872 3990
f 5371 5370 2992
f 3856 3863 3857
f 3644 3624 3625
f 3638 3633 3640
f 3685 3682 3686
f 3746 3789 3798
f 3798 3789 3925
f 86 218 236
f 226 217 216
f 216 213 220
f 477 381 376
f 376 363 362
f 362 363 333
f 206 138 214
f 3856 3857 3849
f 3849 3738 3759
f 3759 3738 3644
f 3641 3639 3642
f 3567 3569 3549
f 3686 3687 3688
f 3687 3718 3746
f 952 959 2166
f 2166 959 2180
f 3878 3885 3886
f 862 860 4692
f 671 249 672
f 198 193 194
f 194 195 229
f 236 218 239
f 210 213 209
f 207 209 201
f 1153 1160 1158
f 3567 3549 3552
f 2142 881 2139
f 944 941 952
f 941 959 952
f 943 939 944
f 940 939 942
f 230 229 195
f 220 213 210
f 212 200 206
f 388 477 376
f 212 206 214
f 1184 3431 1185
f 3856 3849 3854
f 3640 3639 3641
f 3552 3551 3553
f 3798 3925 3924
f 3925 3879 3881
f 3879 3878 3880
f 3880 3878 3886
f 951 940 942
f 819 860 862
f 231 194 229
f 195 234 235
f 235 234 236
f 239 218 240
f 218 226 240
f 210 209 208
f 208 209 207
f 211 200 212
f 362 333 335
f 570 138 477
f 570 477 388
f 3990 3856 3855
f 3420 3990 3855
f 3652 3644 3625
f 3642 3569 3643
f 3643 3569 3567
f 3791 3746 3798
f 3791 3798 3924
f 3924 3925 3881
f 3881 3879 3880
f 221 219 198
f 232 198 231
f 198 194 231
f 216 220 238
f 207 201 200
f 212 214 215
f 1177 1175 1184
f 1177 1184 1185
f 3854 3849 2339
f 2339 3849 3759
f 3625 3626 3627
f 3581 3567 3552
f 3583 3552 3553
f 3553 3560 3689
f 3689 3560 3684
f 2147 2143 2140
f 2140 2143 2142
f 2140 2142 2139
f 881 867 845
f 821 817 820
f 820 817 819
f 819 862 852
f 789 4536 797
f 221 198 233
f 233 198 232
f 230 195 235
f 243 235 236
f 242 236 239
f 242 239 240
f 226 216 237
f 237 216 238
f 220 210 208
f 207 200 211
f 333 332 334
f 334 332 345
f 215 214 570
f 3991 3420 3855
f 3516 3855 3854
f 3638 3640 3641
f 3643 3567 3582
f 3581 3552 3583
f 3583 3553 3689
f 3689 3684 3692
f 3688 3687 3746
f 2166 2147 2150
f 2150 2147 2140
f 845 867 830
f 3880 3886 3887
f 3887 3886 951
f 3887 951 946
f 946 951 942
f 845 830 823
f 823 830 821
f 820 819 852
f 240 226 241
f 241 226 237
f 335 333 334
f 334 345 364
f 364 345 1155
f 1159 1158 1177
f 3402 3420 2348
f 2343 3402 2348
f 3521 2347 3991
f 2347 3521 2350
f 3518 3521 3991
f 3518 3991 3855
f 2350 3521 3518
f 2350 3518 3519
f 3518 3855 3516
f 3519 3518 3515
f 3515 3518 3516
f 3516 3854 2339
f 3645 3638 3641
f 3641 3642 3643
f 3567 3581 3582
f 3692 3684 3685
f 2179 952 2166
f 955 944 952
f 3924 3881 3908
f 3882 3880 3887
f 246 235 243
f 243 236 242
f 388 376 362
f 1155 1153 1156
f 1156 1153 1158
f 2344 2347 2350
f 3515 3516 3517
f 3517 3516 2339
f 3759 3652 3831
f 3627 3652 3625
f 3627 3626 3637
f 3685 3686 3691
f 3690 3686 3688
f 3791 3924 3908
f 947 943 944
f 3881 3880 3882
f 823 821 820
f 221 233 262
f 560 221 262
f 233 232 262
f 262 232 247
f 232 231 247
f 231 229 244
f 244 229 230
f 258 237 238
f 286 207 211
f 211 212 284
f 284 212 215
f 1156 1158 1159
f 2344 2350 2345
f 2345 2350 3519
f 2345 3519 3520
f 3520 3519 3515
f 3520 3515 3517
f 2338 2339 3759
f 2338 3759 3831
f 3671 3652 3627
f 3653 3638 3645
f 3658 3641 3643
f 3679 3581 3583
f 3692 3685 3691
f 3691 3686 3690
f 3726 3688 3746
f 2139 881 876
f 876 881 845
f 3907 3881 3882
f 3882 3887 3891
f 3891 3887 946
f 3891 946 947
f 4541 4565 4561
f 230 235 245
f 245 235 246
f 309 243 242
f 241 237 258
f 208 207 286
f 286 211 285
f 285 211 284
f 478 388 392
f 364 1155 1156
f 284 215 287
f 287 215 640
f 1156 1159 1161
f 1181 1177 1185
f 3520 3517 2336
f 2336 3517 2339
f 3637 3638 3653
f 3658 3643 3660
f 3643 3582 3660
f 3660 3582 3711
f 3711 3582 3581
f 3679 3583 3689
f 3689 3692 3703
f 3746 3791 3772
f 2140 2139 2136
f 3926 3791 3908
f 3908 3881 3907
f 845 823 825
f 823 820 824
f 824 820 852
f 247 231 244
f 244 230 245
f 308 246 243
f 242 240 299
f 240 241 277
f 277 241 258
f 238 220 304
f 220 208 303
f 569 570 388
f 1976 287 640
f 1161 1159 1177
f 1161 1177 1181
f 1195 1185 3451
f 2336 2339 2331
f 2331 2339 2338
f 3679 3689 3703
f 3690 3688 3726
f 3726 3746 3772
f 2156 2179 2166
f 3772 3791 3926
f 955 952 2179
f 2177 955 2179
f 2137 2139 876
f 3907 3882 3909
f 3909 3882 3891
f 846 845 825
f 852 4680 893
f 308 243 309
f 299 240 277
f 258 238 304
f 304 220 303
f 303 208 286
f 334 364 365
f 392 388 362
f 569 388 478
f 365 1156 1172
f 1172 1156 1161
f 306 284 287
f 2329 2332 2331
f 3850 2338 3831
f 3850 3831 3801
f 3831 3652 3801
f 3649 3627 3637
f 3653 3645 3654
f 3654 3645 3659
f 3645 3641 3659
f 3659 3641 3658
f 3711 3581 3679
f 3705 3692 3691
f 3799 3772 3926
f 2136 2139 2137
f 948 944 955
f 846 876 845
f 825 823 824
f 2088 560 262
f 2088 262 313
f 262 247 313
f 245 246 310
f 310 246 308
f 309 242 307
f 556 277 258
f 311 303 286
f 392 362 393
f 285 284 305
f 1172 1161 1173
f 1173 1161 1181
f 3801 3652 3671
f 3670 3627 3649
f 3703 3692 3705
f 3726 3772 3799
f 2179 2156 2177
f 2156 2166 2150
f 2150 2140 2149
f 2149 2140 2136
f 3912 3926 3907
f 3909 3891 4126
f 4126 3891 948
f 244 245 3097
f 307 242 299
f 556 258 304
f 304 303 534
f 355 362 335
f 335 334 336
f 355 335 336
f 334 365 337
f 393 362 355
f 305 284 306
f 1172 1173 1188
f 1187 1173 1181
f 2331 2338 2330
f 2327 2331 2330
f 2330 2338 3850
f 3711 3679 3709
f 3704 3679 3703
f 3705 3691 3706
f 3799 3926 3932
f 825 824 826
f 826 824 859
f 859 824 852
f 3105 2088 313
f 3105 313 3037
f 247 244 3055
f 3097 245 310
f 310 308 3098
f 308 309 559
f 299 277 557
f 557 277 556
f 534 303 311
f 311 286 285
f 311 285 305
f 336 334 337
f 1172 1188 1598
f 552 306 287
f 552 287 553
f 553 287 1976
f 3334 3333 3336
f 2330 3850 3846
f 3846 3850 3801
f 3801 3671 3800
f 3800 3671 3670
f 3637 3653 3654
f 3706 3691 3690
f 3706 3690 3726
f 3926 3912 3911
f 3932 3926 3911
f 956 2177 2178
f 2156 2150 2149
f 3911 3912 3907
f 955 2177 956
f 3911 3907 3910
f 3910 3907 3909
f 3910 3909 4126
f 859 852 893
f 313 247 3055
f 3037 313 3055
f 3055 244 3097
f 3097 310 3098
f 307 299 557
f 355 336 359
f 336 337 357
f 478 392 393
f 552 305 306
f 1598 1188 1600
f 553 1976 1961
f 1600 1188 1196
f 1196 1187 3472
f 3846 3801 3800
f 3699 3649 3637
f 3721 3654 3659
f 3740 3659 3739
f 3659 3658 3714
f 3658 3660 3712
f 3709 3679 3704
f 3704 3703 3705
f 3706 3726 3728
f 3913 3911 3910
f 2137 876 866
f 4126 948 4127
f 4127 948 956
f 866 876 846
f 5145 5435 5148
f 848 825 826
f 3105 3037 3054
f 2096 3105 3054
f 3097 3098 3031
f 3098 308 3032
f 309 307 314
f 336 357 360
f 317 311 305
f 500 569 478
f 554 305 552
f 2322 2330 2317
f 2330 3846 2337
f 2317 2330 2337
f 3699 3637 3698
f 3698 3637 3654
f 3721 3659 3740
f 3739 3659 3714
f 3714 3658 3712
f 3712 3660 3711
f 3728 3726 3799
f 3728 3799 3853
f 3799 3932 3853
f 3932 3911 3914
f 3914 3911 3913
f 2174 956 2178
f 2178 2177 2162
f 2162 2177 2156
f 2162 2156 2149
f 2136 2137 2138
f 866 846 847
f 846 825 847
f 848 826 859
f 859 893 894
f 3054 3037 3008
f 3031 3055 3097
f 3031 3098 3030
f 3030 3098 3032
f 3032 308 559
f 309 314 559
f 557 556 555
f 535 534 311
f 373 355 359
f 359 336 360
f 360 357 383
f 383 357 588
f 478 393 447
f 393 355 373
f 317 305 554
f 608 640 569
f 608 569 500
f 1524 1600 1523
f 552 553 3035
f 3035 553 1961
f 1523 1600 1196
f 3846 3800 3823
f 3800 3670 3763
f 3763 3670 3699
f 3698 3654 3721
f 3853 3932 3933
f 3932 3914 3933
f 3933 3914 3934
f 2174 2178 2162
f 2162 2149 2141
f 3934 3914 3913
f 4127 956 2174
f 3913 3910 4125
f 3910 4126 4125
f 4125 4126 4127
f 894 800 4523
f 3037 3055 3031
f 3008 3037 3031
f 556 304 555
f 555 304 534
f 535 311 317
f 1964 640 608
f 554 552 3034
f 3035 1961 1959
f 2337 3846 3823
f 3823 3800 3763
f 3727 3699 3698
f 3707 3705 3706
f 3933 3934 4128
f 2141 2149 2136
f 2141 2136 2138
f 4124 3934 4125
f 4125 4127 4121
f 4121 4127 2174
f 2138 2137 868
f 868 2137 866
f 866 847 868
f 4597 4563 4595
f 894 848 859
f 3054 3008 3002
f 2097 3054 3002
f 3008 3031 3007
f 3030 3032 3013
f 3032 559 3013
f 314 307 3017
f 307 557 3017
f 3017 557 558
f 555 534 536
f 536 534 535
f 359 360 383
f 393 373 447
f 500 478 447
f 3028 554 3034
f 3043 3035 1959
f 2317 2337 2314
f 3841 2337 3823
f 3763 3699 3727
f 3741 3740 3739
f 3751 3739 3714
f 3714 3712 3724
f 3713 3706 3728
f 3729 3728 3853
f 3853 3933 3935
f 3935 3933 4128
f 4128 3934 4122
f 2174 2162 2170
f 2170 2162 2141
f 4122 3934 4124
f 4124 4125 4121
f 3007 3031 3003
f 2103 2097 3002
f 3003 3031 3012
f 3012 3031 3030
f 3011 3030 3013
f 3013 559 314
f 558 557 555
f 383 443 411
f 443 1555 414
f 411 443 414
f 384 373 359
f 384 359 383
f 384 383 411
f 317 554 3028
f 1983 1964 608
f 1957 1964 1983
f 3034 552 3033
f 3033 552 3035
f 3033 3035 3036
f 3036 3035 3043
f 2337 3841 2340
f 2340 3841 3827
f 3827 3841 3823
f 3823 3763 3824
f 3824 3763 3764
f 3764 3763 3727
f 3727 3698 3765
f 3698 3721 3765
f 3765 3721 3781
f 3721 3740 3741
f 3741 3739 3751
f 3751 3714 3724
f 3712 3711 3723
f 3723 3711 3722
f 3711 3709 3722
f 3704 3705 3707
f 3707 3706 3708
f 3708 3706 3713
f 3713 3728 3729
f 3730 3713 3729
f 3729 3853 3493
f 3493 3853 3935
f 3935 4128 4122
f 4110 2174 2170
f 2138 868 2175
f 4070 868 847
f 4070 847 891
f 891 880 892
f 3002 3008 3007
f 3002 3007 3003
f 3012 3030 3011
f 3009 3013 3017
f 3013 314 3017
f 412 414 448
f 411 414 412
f 406 373 384
f 500 447 499
f 3029 535 317
f 3029 317 3028
f 3043 1959 3106
f 2337 2340 2310
f 3827 3823 3824
f 3820 3824 3764
f 3724 3712 3723
f 3709 3704 3710
f 3935 4122 4119
f 4121 4110 4111
f 4119 4122 4121
f 4107 4110 2170
f 2141 2138 2175
f 2175 868 4070
f 4070 891 4069
f 892 880 4516
f 3001 3002 3003
f 2103 3002 3001
f 3011 3013 3009
f 412 448 416
f 448 1560 416
f 3018 555 536
f 384 411 412
f 3025 536 535
f 3025 535 3029
f 608 500 499
f 3026 3028 3034
f 3026 3034 3033
f 2318 2340 3828
f 2340 3827 3826
f 3828 2340 3826
f 3826 3827 3824
f 3826 3824 3820
f 3781 3721 3785
f 3785 3721 3741
f 3741 3751 3783
f 3722 3709 3710
f 3704 3707 3716
f 3710 3704 3716
f 3716 3707 3715
f 3715 3707 3708
f 3493 3935 4120
f 4120 3935 4119
f 4119 4121 4116
f 4116 4121 4111
f 4111 4110 4108
f 4108 4110 4107
f 2170 2175 4106
f 4107 2170 4106
f 4106 2175 4070
f 4106 4070 4103
f 4103 4070 4069
f 4069 891 4068
f 4728 5407 5406
f 4516 4519 4517
f 3001 3003 3004
f 3004 3003 3012
f 3107 2103 3001
f 3004 3012 3005
f 3015 3009 3017
f 3015 3017 558
f 416 607 417
f 3018 558 555
f 491 447 406
f 499 447 491
f 3025 3029 3023
f 3023 3029 3028
f 1487 1489 1492
f 3027 3026 3033
f 3038 3039 3033
f 3038 3033 3036
f 3038 3036 3041
f 3041 3036 3043
f 3041 3043 3106
f 1452 2318 3828
f 3828 3826 3829
f 3829 3826 3819
f 3819 3826 3820
f 3819 3820 3780
f 3780 3820 3764
f 3780 3764 3778
f 3764 3727 3773
f 3773 3727 3765
f 3785 3741 3783
f 3730 3729 3488
f 3488 3729 3493
f 4120 4119 4118
f 4105 4107 4106
f 4103 4069 4060
f 4060 4069 4059
f 4648 4649 4530
f 3001 3004 3005
f 3107 3001 3006
f 3001 3005 3006
f 3012 3011 3005
f 3107 3006 4746
f 3018 3015 558
f 415 412 416
f 384 412 413
f 413 412 415
f 406 384 413
f 3018 536 3022
f 3022 536 3025
f 608 499 612
f 1963 1983 1984
f 1957 1983 1963
f 3024 3023 3026
f 3023 3028 3026
f 3040 3033 3039
f 3059 3038 3041
f 3041 3106 1965
f 1557 1544 1556
f 1452 3828 3830
f 3828 3829 3830
f 3829 3819 3847
f 3819 3780 3807
f 3847 3819 3807
f 3807 3780 3777
f 3777 3780 3778
f 3778 3764 3773
f 3781 3785 3782
f 3783 3751 3749
f 3715 3708 3486
f 3486 3708 3487
f 3708 3713 3487
f 3487 3713 3730
f 3487 3730 3484
f 3484 3730 3488
f 3488 3493 3485
f 3485 3493 3489
f 3489 3493 4120
f 3489 4120 4118
f 4113 4111 4112
f 4118 4119 4116
f 4108 4107 4105
f 4105 4106 4102
f 4102 4106 4103
f 4604 4709 4599
f 3005 3011 3009
f 4746 3006 2111
f 2999 3009 3010
f 3014 3009 3015
f 417 444 419
f 418 417 419
f 444 483 419
f 415 416 417
f 415 417 418
f 3014 3015 3016
f 3016 3015 3019
f 3019 3015 3018
f 551 499 491
f 612 499 551
f 1984 608 612
f 1962 1957 1963
f 3027 3033 3040
f 3830 3847 1440
f 1419 3830 1440
f 1440 3847 3807
f 3807 3777 1463
f 1463 3777 3776
f 3777 3778 3773
f 3765 3781 3779
f 3779 3781 3782
f 3782 3785 3786
f 3786 3785 3783
f 3749 3751 3724
f 3749 3724 3723
f 5165 5393 5164
f 3484 3488 3485
f 3485 3489 1597
f 4123 3489 4118
f 4102 4103 4060
f 4060 4059 4055
f 4071 4065 4072
f 4071 4072 4510
f 4517 4527 4512
f 3006 3005 2998
f 2111 3006 2998
f 2998 3005 3009
f 422 650 589
f 2112 2111 2998
f 2112 2998 2997
f 2998 3009 2999
f 419 426 422
f 426 649 422
f 3010 3009 3014
f 415 418 424
f 3019 3018 3022
f 3022 3025 3023
f 3024 3026 3027
f 3040 3039 3038
f 3059 3041 1981
f 1981 3041 1965
f 1256 1556 1269
f 1466 1463 3776
f 3777 3773 3776
f 3776 3773 3775
f 3783 3749 3784
f 5419 5164 5418
f 3748 3723 3722
f 3716 3715 3481
f 3481 3715 3486
f 3478 3486 3479
f 3479 3486 3487
f 3479 3487 3483
f 3483 3487 3484
f 3483 3484 1597
f 4113 4112 1599
f 4116 4113 4117
f 1599 4112 4109
f 4109 4112 4108
f 4109 4108 4105
f 4109 4105 4104
f 4104 4105 4102
f 4104 4102 4101
f 4486 4071 4510
f 421 422 429
f 422 589 429
f 2997 2998 2999
f 419 422 421
f 461 415 424
f 2114 2997 4748
f 413 415 461
f 531 406 413
f 551 491 406
f 3021 3019 3022
f 612 551 626
f 1473 1479 1509
f 3021 3022 3023
f 3021 3023 3024
f 3042 3024 3027
f 3042 3027 3046
f 1966 1962 1968
f 3051 3027 3040
f 3056 3040 3038
f 1275 1270 1260
f 1981 1965 1967
f 3058 3059 1981
f 1256 1243 1254
f 1243 1269 1262
f 1466 3776 1446
f 1262 1548 1551
f 1446 3776 3775
f 3775 3773 3774
f 3774 3773 3765
f 3774 3765 3779
f 3813 3786 3783
f 3813 3783 3784
f 3784 3749 3754
f 3756 3722 3755
f 3755 3722 3710
f 3481 3486 3478
f 3480 3479 3482
f 4101 4102 4060
f 4093 4060 4061
f 4061 4055 4047
f 430 429 431
f 429 475 431
f 421 429 430
f 420 419 421
f 425 424 418
f 425 418 420
f 418 419 420
f 2997 2999 3000
f 2999 3010 3000
f 461 424 425
f 4748 2997 3000
f 3000 3010 3044
f 3044 3010 3014
f 531 413 461
f 2116 4748 3000
f 2116 3000 4747
f 577 406 531
f 1471 1474 1486
f 2116 4747 2118
f 3020 3016 3019
f 551 406 577
f 3020 3019 3021
f 1526 1474 1502
f 1968 1963 1977
f 1283 1285 1281
f 3051 3046 3027
f 3069 3051 3064
f 3064 3051 3040
f 3056 3038 3057
f 3057 3038 3058
f 3058 3038 3059
f 1260 1256 1254
f 1234 1243 1233
f 1233 1262 1263
f 1446 3775 3842
f 3775 3774 3842
f 1221 1263 1550
f 3774 3779 3514
f 3514 3779 3513
f 3513 3779 3511
f 3511 3779 3782
f 3782 3786 3511
f 3511 3786 3813
f 3813 3784 3506
f 3754 3749 3723
f 3754 3723 3748
f 5419 5418 5454
f 5422 5454 5414
f 3805 3716 3481
f 3477 3481 3474
f 3481 3478 3474
f 3474 3478 3475
f 3497 3475 3490
f 3475 3480 3490
f 5411 5414 5413
f 1592 3482 1591
f 1579 4104 1588
f 4114 4101 4093
f 4089 4093 4061
f 4037 4024 4029
f 4653 4659 4514
f 623 657 437
f 476 623 437
f 431 475 435
f 475 476 435
f 423 421 430
f 423 430 433
f 423 420 421
f 510 461 425
f 531 461 510
f 3000 3044 4747
f 4747 3044 3045
f 3045 3044 3014
f 4747 3045 4745
f 2118 4747 4745
f 3045 3014 3016
f 3049 3016 3020
f 626 551 577
f 2119 2118 4745
f 1987 612 626
f 1984 612 1987
f 3021 3024 3047
f 3047 3024 3042
f 3047 3042 3048
f 3048 3042 3046
f 1279 1275 1276
f 3064 3040 3056
f 3062 3056 3057
f 3058 1981 1982
f 1234 1233 1226
f 1226 1233 1221
f 1226 1221 1224
f 3842 3774 1435
f 1435 3774 3514
f 1462 3514 3513
f 1268 1552 1554
f 3511 3813 3509
f 3509 3813 3507
f 3507 3813 3506
f 3504 3506 3784
f 3504 3784 3754
f 3748 3722 3756
f 3755 3710 3716
f 3755 3716 3805
f 3805 3481 3477
f 3476 3475 3497
f 3497 3490 3491
f 3480 1592 3490
f 3490 1592 1589
f 4089 4061 4084
f 4062 4047 4063
f 4047 4029 4046
f 5404 4436 4434
f 4029 4024 4025
f 4647 4434 4420
f 4647 4420 4651
f 4651 4425 4650
f 437 594 439
f 435 476 437
f 434 431 435
f 594 1561 1581
f 430 431 432
f 432 431 434
f 433 430 432
f 564 425 420
f 510 425 564
f 1495 1494 1496
f 577 531 510
f 4745 3045 3050
f 3050 3045 3016
f 626 577 642
f 3050 3016 3049
f 4745 3050 4744
f 1987 626 1989
f 2121 4745 4744
f 3049 3020 3053
f 2121 4744 2122
f 3053 3020 3021
f 3053 3021 3052
f 3052 3021 3047
f 1970 1968 1977
f 3077 3048 3046
f 1283 1281 1279
f 3077 3046 3069
f 3069 3046 3051
f 1271 1260 1255
f 3064 3056 3062
f 1255 1260 1254
f 1982 1967 1969
f 1253 1254 1243
f 3060 3057 3058
f 3058 1982 1972
f 1972 1982 1969
f 1224 1221 1219
f 1219 1221 1220
f 3513 3511 3512
f 1442 3513 3512
f 3512 3511 3510
f 1266 1554 1201
f 1554 1388 1201
f 3477 3476 3494
f 3476 3497 3492
f 3494 3476 3492
f 3497 3491 3492
f 1601 3491 3490
f 4130 4114 4129
f 4084 4062 4063
f 4084 4063 4085
f 4063 4047 4046
f 4046 4028 4045
f 4434 4436 4410
f 4434 4410 4420
f 4028 4027 4030
f 438 437 439
f 435 437 436
f 436 437 438
f 434 435 436
f 573 423 433
f 573 564 420
f 573 420 423
f 605 510 564
f 577 510 605
f 642 577 606
f 3070 3050 3049
f 1989 626 642
f 3067 3070 3049
f 3067 3049 3053
f 2122 4744 4743
f 1090 4743 1091
f 3071 3052 3047
f 1284 1283 1279
f 3071 3047 3078
f 3078 3047 3048
f 3078 3048 3082
f 3048 3077 3082
f 3076 3082 3077
f 3076 3077 3069
f 3076 3069 3068
f 3068 3069 3064
f 1255 1254 1253
f 1253 1234 1245
f 3062 3057 3060
f 3060 3058 3061
f 3061 3058 1972
f 3061 1972 3096
f 1234 1226 1225
f 1219 1220 1218
f 1447 3510 1464
f 3510 3509 3508
f 3508 3509 3507
f 3507 3506 3505
f 1558 1387 1405
f 3505 3506 3504
f 1558 1405 1559
f 3504 3754 3502
f 3502 3754 3748
f 1563 1420 1564
f 3502 3748 3500
f 3500 3748 3756
f 5418 5394 5397
f 3500 3756 3755
f 3500 3755 3499
f 1207 1265 1208
f 3755 3805 3499
f 3499 3805 3496
f 1265 1264 1211
f 3805 3477 3495
f 3477 3494 3495
f 1259 4130 4129
f 4129 4114 4115
f 4115 4114 4093
f 4063 4046 4045
f 4045 4031 4048
f 4410 4327 4420
f 4031 4032 4033
f 440 441 442
f 441 496 442
f 442 496 469
f 439 441 440
f 438 439 440
f 492 434 436
f 432 434 492
f 596 564 573
f 1519 1500 1497
f 606 577 605
f 642 606 674
f 1988 1987 1989
f 4461 1621 4448
f 3070 3067 4743
f 4743 3067 3074
f 3074 3067 3053
f 1977 1987 1988
f 4743 3074 4749
f 3073 3074 3053
f 3073 3053 3052
f 4743 4749 4742
f 3072 3052 3071
f 1970 1977 1978
f 1022 4742 1112
f 1286 1279 1280
f 3079 3082 3076
f 4134 1271 4133
f 3064 3062 3063
f 3063 3062 3060
f 1225 1226 1224
f 1223 1224 1219
f 1202 1201 1200
f 3508 3507 3505
f 1200 1201 1198
f 3505 3504 3503
f 3503 3504 3502
f 1267 1207 1199
f 1211 1264 1216
f 3496 3805 3495
f 1461 1465 1457
f 3495 3494 1451
f 3494 3492 1451
f 1451 3492 1602
f 1451 1602 1455
f 1237 1216 1261
f 1258 1261 1259
f 1259 4129 1274
f 4088 4093 4089
f 4088 4089 4084
f 4076 4084 4085
f 4425 4419 4424
f 469 630 471
f 493 492 436
f 597 433 432
f 625 573 433
f 596 573 624
f 624 573 625
f 627 564 596
f 605 564 627
f 3074 3073 4749
f 4742 4749 3073
f 3072 3073 3052
f 1978 1977 1988
f 1279 4156 1284
f 4156 1279 1286
f 4742 4740 1112
f 1112 4740 1104
f 1104 4741 1024
f 3084 3078 3082
f 3084 3082 3086
f 1975 1971 1973
f 3086 3082 3079
f 3079 3076 3068
f 3066 3079 3068
f 3066 3068 3064
f 3066 3064 3063
f 3096 1972 1974
f 3065 3060 3061
f 3065 3061 3075
f 3061 3096 3075
f 1225 1224 1223
f 1219 1218 1215
f 4368 4369 4359
f 4368 4359 4358
f 1215 1218 1202
f 1464 1424 1324
f 1200 1198 1197
f 1454 3505 3503
f 1197 1198 1199
f 1197 1199 1203
f 3503 3502 3501
f 1199 1207 1206
f 3501 3502 3500
f 3501 3500 1453
f 1207 1208 1206
f 1208 1211 1210
f 3498 3499 3496
f 1211 1216 1213
f 1213 1216 1237
f 1247 1258 1259
f 1247 1259 1274
f 4115 4093 4088
f 4088 4084 4083
f 4083 4084 4076
f 4075 4076 4073
f 4076 4085 4073
f 4073 4085 4074
f 4074 4086 4078
f 4420 4327 4419
f 470 471 472
f 471 584 472
f 442 469 468
f 468 469 470
f 469 471 470
f 467 440 442
f 494 438 440
f 436 438 493
f 493 438 494
f 625 433 644
f 624 625 654
f 654 625 644
f 4233 606 627
f 606 605 627
f 674 606 4233
f 4230 674 4233
f 642 674 4230
f 4235 642 4230
f 4448 4443 4461
f 1989 642 4235
f 1988 1989 4235
f 4253 1988 4235
f 1986 1988 4253
f 1978 1988 1986
f 3073 3072 4740
f 1286 1280 4154
f 4740 3072 3081
f 3081 3072 3071
f 4154 1280 4136
f 1973 1978 1979
f 1979 1978 1986
f 4134 4136 1280
f 3083 3081 3071
f 3083 3071 3078
f 4741 4740 3081
f 3083 3078 3084
f 4135 4134 4133
f 4741 3083 1114
f 1255 1253 4137
f 4137 1253 1245
f 1098 4440 1084
f 3088 3086 3087
f 3087 3086 3079
f 3087 3079 3066
f 3085 3066 3063
f 3085 3063 3080
f 3080 3063 3060
f 3096 1974 3100
f 1081 4439 4355
f 1081 4355 1082
f 3080 3060 3065
f 1079 4355 4392
f 1085 4392 1100
f 1223 1219 1222
f 1222 1219 1215
f 4358 4359 4324
f 1323 1454 1339
f 1203 1199 1206
f 1453 1449 3501
f 1453 3498 1445
f 1206 1208 1209
f 1209 1208 1210
f 1237 1258 1247
f 5401 5400 4388
f 1274 4115 3253
f 3253 4115 4088
f 4083 4076 4075
f 4075 4073 3256
f 4327 4323 4295
f 4078 4091 4079
f 4327 4313 4419
f 4079 4090 4087
f 4087 4090 4044
f 4038 4040 4041
f 4400 4401 4526
f 514 1584 513
f 470 472 473
f 472 584 473
f 481 468 470
f 467 442 468
f 1584 1565 1515
f 1515 1565 1516
f 494 440 467
f 585 492 493
f 432 492 585
f 597 432 585
f 433 597 644
f 4271 624 654
f 627 624 4271
f 627 4271 4236
f 4233 627 4236
f 4235 4230 4210
f 4210 4230 4204
f 4421 4240 4447
f 4240 4437 4447
f 4235 4210 4203
f 4235 4203 4202
f 4253 4235 4202
f 1286 4155 4156
f 4154 4155 1286
f 4244 1986 4253
f 1979 1986 4244
f 4136 4134 4135
f 4441 3083 3092
f 3092 3083 3084
f 4273 1979 4244
f 4133 1255 4135
f 1975 1979 4273
f 4135 1255 4137
f 3089 3092 3084
f 4440 4441 3092
f 4440 3092 3089
f 3089 3084 3088
f 3088 3084 3086
f 1971 1975 1980
f 3089 3088 4266
f 4440 3089 4266
f 3088 3087 3094
f 1245 1225 4137
f 4439 4440 4266
f 4266 3088 4265
f 4265 3088 3094
f 4439 4266 4355
f 4355 4266 4265
f 3094 3087 3066
f 3094 3066 3095
f 3095 3066 3085
f 4265 3094 4264
f 4265 4264 4355
f 3093 3085 3080
f 4355 4264 4392
f 3103 3094 3095
f 3095 3085 3093
f 3075 3100 3099
f 3103 3095 3093
f 3093 3080 3091
f 3091 3080 3065
f 3090 3075 3099
f 3103 3093 3102
f 3091 3065 3090
f 3065 3075 3090
f 3102 3093 3091
f 4392 4263 1116
f 1223 1222 1242
f 1116 4283 4286
f 1111 1116 4286
f 1111 4286 1110
f 1110 4286 4297
f 4359 4433 4298
f 1222 1215 1231
f 4358 4324 4357
f 4360 4358 4357
f 4360 4357 4361
f 1215 1202 1200
f 4362 4360 4361
f 4362 4361 4363
f 1200 1197 1204
f 4362 4363 4364
f 5417 4362 4364
f 1197 1203 1204
f 1204 1203 1205
f 5417 4364 4371
f 5395 5417 4371
f 1205 1203 1206
f 1331 1338 1340
f 1205 1206 1212
f 1340 1453 1425
f 1206 1209 1212
f 1425 1445 1336
f 1213 1237 1236
f 1236 1237 1247
f 1247 1274 1272
f 1272 1274 3253
f 3250 4088 4083
f 3251 4083 4075
f 3251 4075 3278
f 3257 3256 4073
f 3257 4073 4074
f 3279 4074 4077
f 4327 4295 4312
f 4077 4074 4078
f 4077 4078 4079
f 4082 4079 4087
f 4087 4044 4058
f 4087 4058 1315
f 4043 4038 4041
f 4043 4041 4051
f 4402 4398 4400
f 4400 4399 4401
f 4041 4040 4042
f 4042 4040 4015
f 4401 4405 4515
f 4515 4405 4691
f 4504 4691 4521
f 515 513 516
f 473 514 513
f 481 470 473
f 467 468 501
f 501 468 481
f 581 493 494
f 585 493 641
f 644 597 4287
f 654 644 4287
f 4271 654 4241
f 4271 4241 4236
f 4237 4236 4238
f 4233 4236 4234
f 4234 4236 4237
f 4240 4234 4237
f 4306 4239 4443
f 4204 4230 4211
f 4230 4233 4211
f 4233 4234 4211
f 4237 4306 4438
f 4437 4237 4438
f 4211 4234 4220
f 4220 4234 4421
f 4421 4234 4240
f 4240 4237 4437
f 4194 4204 4211
f 4210 4204 4192
f 4192 4204 4194
f 4155 4194 4211
f 4155 4211 4220
f 4203 4210 4192
f 4192 4194 4193
f 4189 4192 4193
f 4193 4194 4155
f 4202 4203 4186
f 4203 4192 4186
f 4186 4192 4189
f 4186 4189 4187
f 4187 4189 4154
f 4154 4189 4193
f 4193 4155 4154
f 4214 4253 4202
f 4136 4187 4154
f 4184 4202 4186
f 4185 4186 4187
f 4244 4253 4214
f 4185 4187 4135
f 4135 4187 4136
f 4185 4135 4190
f 4135 4200 4190
f 4273 4244 4212
f 4200 4135 4137
f 1980 1975 4273
f 1974 1971 1980
f 4137 4138 4139
f 4138 4137 1225
f 1223 4138 1225
f 1974 1980 1985
f 3100 1974 1985
f 4264 3094 3103
f 4264 3103 4263
f 4138 1223 4141
f 4263 3103 4262
f 3103 3102 4262
f 3102 3091 3101
f 4283 4263 4262
f 3101 3091 3090
f 3090 3099 3104
f 4141 1223 1242
f 4261 4262 3102
f 4283 4262 4261
f 4261 3102 4260
f 3102 3101 4260
f 4286 4283 4261
f 4286 4261 4267
f 4261 4260 4267
f 4267 4260 4259
f 4259 4260 3101
f 4297 4286 4267
f 4297 4267 4268
f 4267 4259 4268
f 1242 1222 1241
f 4297 4268 4298
f 4298 4268 4269
f 4298 4269 4276
f 1241 1222 1231
f 1215 1200 1217
f 1217 1200 1204
f 4364 4363 4365
f 4364 4365 4366
f 4371 4364 4367
f 4364 4366 4367
f 1214 1209 1210
f 1214 1210 1232
f 1210 1213 1232
f 4423 4389 4388
f 1236 1247 1248
f 1248 1247 1272
f 4422 4388 4290
f 1272 3253 2284
f 3253 4088 3250
f 3250 4083 3251
f 3251 3278 3270
f 3270 3278 3256
f 4295 4296 4312
f 3279 3257 4074
f 4312 4296 4313
f 4313 4296 4314
f 3279 4077 3260
f 4080 4077 4079
f 4080 4079 4081
f 4313 4314 4325
f 4081 4079 4082
f 4082 4087 1315
f 4058 4051 4092
f 4398 4399 4400
f 4401 4403 4405
f 4405 4403 4404
f 4405 4406 4691
f 513 515 512
f 512 473 513
f 511 481 473
f 511 473 512
f 516 1584 1990
f 572 467 501
f 1990 1584 1515
f 1990 1515 1991
f 571 494 467
f 571 467 572
f 1991 1515 1528
f 599 494 571
f 581 494 599
f 641 493 581
f 597 585 4294
f 1607 1521 1613
f 4287 597 4249
f 654 4287 4248
f 4248 4287 4249
f 4241 654 4246
f 4246 654 4248
f 4245 4241 4246
f 4236 4241 4239
f 4241 4245 4239
f 4394 4245 4413
f 4245 4247 4413
f 4236 4239 4238
f 4238 4239 4306
f 4239 4245 4394
f 4184 4186 4185
f 4214 4202 4184
f 4184 4185 4183
f 4183 4185 4190
f 4244 4214 4212
f 4212 4214 4184
f 4183 4190 4200
f 4199 4183 4200
f 4199 4200 4137
f 4273 4212 4179
f 4139 4199 4137
f 4273 4179 1985
f 1980 4273 1985
f 4139 4138 4140
f 3099 1985 4279
f 4140 4138 4141
f 3104 3099 4279
f 4258 3101 3104
f 4259 3101 4258
f 4141 1242 1241
f 4268 4259 4258
f 4268 4258 4257
f 4269 4268 4257
f 4269 4257 4276
f 1241 1231 1244
f 4324 4276 4330
f 1244 1231 1230
f 1231 1215 1230
f 4363 4361 4330
f 1217 1204 1227
f 1204 1205 1227
f 1227 1205 1228
f 1228 1205 1212
f 1228 1212 1229
f 1212 1214 1229
f 1248 1272 1273
f 1273 1272 2284
f 2284 3253 2285
f 2285 3253 3250
f 3250 3251 2285
f 3252 3251 3270
f 3270 3256 3255
f 3255 3256 3257
f 3257 3279 3258
f 3258 3279 3260
f 3260 4077 4080
f 4082 1315 1313
f 4424 4325 4386
f 1315 4058 4092
f 4401 4399 4403
f 4049 4042 4017
f 4049 4017 4050
f 4405 4404 4406
f 4052 4017 4018
f 4501 4407 4532
f 4501 4532 4500
f 515 516 517
f 517 516 1990
f 501 481 511
f 576 501 511
f 572 501 602
f 641 581 599
f 641 599 4300
f 4294 585 641
f 4249 597 4293
f 4293 597 4294
f 4246 4248 4247
f 4247 4248 4249
f 4293 4414 4249
f 4247 4249 4414
f 4180 4184 4183
f 4212 4184 4180
f 4180 4183 4182
f 4182 4183 4199
f 4201 4182 4199
f 4201 4199 4139
f 1985 4179 4252
f 4201 4139 4140
f 4279 1985 4252
f 4279 4252 3104
f 4258 3104 4257
f 4257 3104 4256
f 4141 1241 4143
f 4257 4256 4255
f 4276 4257 4255
f 4143 1241 1244
f 4276 4255 4278
f 4330 4276 4278
f 4330 4278 4331
f 4330 4331 4395
f 1240 1230 1217
f 1240 1217 1227
f 1227 1228 1239
f 4372 4367 4356
f 1228 1229 1235
f 1235 1229 1214
f 4391 4370 4354
f 1214 1232 1238
f 1246 1232 1236
f 1248 1273 2290
f 4290 4289 4270
f 1273 2284 2289
f 4290 4270 4284
f 2284 2285 2286
f 4284 4272 4295
f 4295 4272 4296
f 4296 4272 4280
f 2285 3251 3252
f 4296 4280 4281
f 3252 3270 3269
f 3269 3270 3255
f 3255 3257 3258
f 3260 4080 3261
f 3261 4080 1317
f 4080 4081 1317
f 1317 4081 1314
f 1314 4081 4082
f 1314 4082 1313
f 4325 4310 4386
f 4398 4386 4307
f 4398 4307 4399
f 4094 4049 4096
f 4498 4431 4513
f 517 512 515
f 538 512 517
f 511 512 539
f 539 512 538
f 576 511 539
f 602 501 576
f 571 572 602
f 4318 599 571
f 1991 1528 1608
f 4300 599 4301
f 4299 641 4300
f 4294 641 4299
f 4373 4385 4445
f 4293 4294 4396
f 4294 4302 4396
f 4396 4302 4373
f 4177 4180 4182
f 4179 4180 4177
f 4182 4201 4140
f 4178 4179 4177
f 4177 4182 4181
f 4181 4182 4140
f 4178 4252 4179
f 4142 4181 4140
f 4142 4140 4141
f 3104 4252 4242
f 4252 4178 4242
f 4256 3104 4242
f 4143 4142 4141
f 4255 4256 4242
f 4255 4242 4226
f 4255 4226 4254
f 4278 4255 4254
f 4144 4143 1244
f 4144 1244 1230
f 4278 4254 4250
f 4144 1230 1240
f 1240 1227 1239
f 4415 4304 4303
f 4356 4415 4303
f 1239 1228 1235
f 4370 4356 4288
f 1235 1214 1238
f 4354 4288 4282
f 4354 4282 4285
f 1246 1238 1232
f 1246 1236 1252
f 4289 4285 4270
f 1252 1236 1257
f 1257 1236 1248
f 1257 1248 2290
f 2289 2290 1273
f 2286 2289 2284
f 2287 2286 2285
f 4280 4275 4281
f 2287 2285 2288
f 2288 2285 3252
f 2288 3252 3254
f 3252 3269 3254
f 3266 3269 3255
f 3266 3255 3259
f 3259 3255 3258
f 3259 3258 3260
f 3259 3260 3261
f 1317 1314 1316
f 1316 1314 1299
f 4325 4292 4310
f 1314 1313 1299
f 1299 1313 1297
f 1313 1315 1297
f 1297 1315 1296
f 1296 1315 4092
f 4386 4305 4307
f 1293 4092 4094
f 1293 4094 4095
f 4095 4094 4096
f 4399 4328 4403
f 4403 4309 4404
f 4096 4050 4098
f 4050 4052 4053
f 4406 4326 4407
f 4532 4432 4431
f 4431 4694 4513
f 4513 4694 4518
f 517 1990 1991
f 571 602 4322
f 4318 571 4320
f 4299 4300 4301
f 4316 4317 4385
f 4385 4317 4384
f 4430 4384 4428
f 4384 4329 4428
f 4302 4294 4299
f 4299 4301 4373
f 4301 4316 4373
f 4373 4316 4385
f 4385 4384 4430
f 4176 4178 4177
f 4242 4178 4176
f 4176 4177 4174
f 4174 4177 4181
f 4174 4181 4142
f 4174 4142 4198
f 4242 4176 4226
f 4226 4176 4175
f 4175 4176 4174
f 4198 4142 4143
f 4174 4198 4145
f 4145 4198 4143
f 4145 4143 4144
f 4250 4254 4226
f 4145 4144 4146
f 4147 4144 1240
f 4144 4147 4146
f 4304 4395 4291
f 4147 1240 1250
f 1250 1240 1239
f 1239 1235 1250
f 4356 4303 4277
f 1250 1235 1249
f 1249 1235 1238
f 1249 1238 1251
f 1238 1246 1251
f 4285 4282 4229
f 1252 1251 1246
f 4285 4229 4270
f 4270 4229 4232
f 4270 4232 4272
f 4272 4232 4274
f 4280 4272 4274
f 4280 4274 4275
f 2289 2286 2292
f 4275 4224 4281
f 2292 2286 2287
f 2292 2287 2293
f 4281 4224 4292
f 2293 2287 2288
f 4292 4224 4225
f 2293 2288 3254
f 2293 3254 3275
f 4310 4292 4225
f 4310 4225 4208
f 4310 4208 4305
f 3275 3254 3274
f 3254 3269 3274
f 3274 3269 3273
f 3273 3269 3266
f 3273 3266 3259
f 3272 3273 3259
f 3272 3259 3262
f 3259 3261 3262
f 3262 3261 3263
f 3263 3261 1317
f 3263 1317 3264
f 3264 1317 1316
f 4305 4208 3275
f 4305 3275 3274
f 1316 1299 3268
f 1299 1297 1298
f 4307 4305 3274
f 4307 3274 4308
f 1296 4092 1293
f 4307 4308 4328
f 4328 4308 4309
f 4328 4309 4403
f 4097 4096 4098
f 4098 4050 4053
f 4098 4053 4099
f 4407 4352 4432
f 4694 4417 4711
f 539 538 4380
f 576 539 4378
f 4322 602 576
f 4322 576 4375
f 4320 571 4322
f 1991 1608 1993
f 1993 1608 1612
f 4316 4315 4317
f 4315 4318 4317
f 4317 4319 4384
f 4384 4319 4329
f 4329 4393 4429
f 4428 4329 4429
f 4171 4175 4174
f 4173 4174 4145
f 4171 4174 4173
f 4226 4175 4171
f 4250 4226 4219
f 4250 4219 4243
f 4146 4147 4148
f 4291 4250 4231
f 4231 4250 4243
f 4147 1250 4148
f 4304 4291 4231
f 4304 4231 4223
f 4148 1250 4149
f 4149 1250 1249
f 4303 4223 4277
f 4288 4277 4251
f 4288 4251 4282
f 4282 4251 4227
f 4152 1249 1251
f 4229 4228 4232
f 4274 4232 4217
f 1252 1257 2294
f 4274 4217 4205
f 2294 1257 2290
f 2291 2290 2289
f 2294 2290 2291
f 4274 4205 4275
f 4275 4205 4224
f 4224 4205 4206
f 2291 2289 2292
f 4206 2291 2292
f 4224 4206 4209
f 4206 2292 4207
f 4209 4206 4207
f 4207 2292 2293
f 4224 4209 4225
f 4209 4207 4208
f 4207 2293 4208
f 4225 4209 4208
f 4208 2293 3275
f 3277 3273 3272
f 3277 3272 3276
f 3271 3272 3262
f 3262 3263 3264
f 3264 1316 3268
f 3267 3264 3268
f 3268 1299 1311
f 1311 1299 1298
f 3273 3277 4308
f 1298 1297 1295
f 1297 1296 1295
f 4308 3277 4309
f 1293 4095 1292
f 1292 4095 1291
f 1291 4095 4097
f 4309 4311 4397
f 4097 4098 4099
f 1140 1139 1132
f 1132 1139 1136
f 4378 539 4380
f 656 517 1992
f 1992 517 1991
f 576 4378 4377
f 4375 576 4377
f 1992 1991 1993
f 4318 4320 4319
f 4319 4320 4321
f 4321 4320 4322
f 4322 4374 4329
f 4321 4322 4329
f 4329 4374 4393
f 1615 4393 4412
f 1615 4412 1614
f 1614 4412 1993
f 4171 4173 4170
f 4170 4173 4145
f 4219 4171 4159
f 4159 4171 4170
f 4170 4145 4146
f 4191 4170 4146
f 4243 4219 4218
f 4191 4146 4148
f 4231 4243 4218
f 4191 4148 4150
f 4216 4231 4218
f 4148 4149 4150
f 4223 4231 4216
f 4150 4149 4151
f 4222 4223 4216
f 4152 4149 1249
f 4151 4149 4152
f 4277 4223 4222
f 4251 4277 4222
f 4151 4152 4153
f 4251 4222 4221
f 4251 4221 4227
f 4153 4152 1251
f 4229 4227 4228
f 4153 1251 1252
f 4153 1252 4195
f 4228 4213 4217
f 4232 4228 4217
f 4195 1252 4196
f 4213 4197 4217
f 4196 1252 2294
f 4197 4196 2291
f 2291 4196 2294
f 4205 4217 4197
f 4205 4197 2291
f 4205 2291 4206
f 3265 3262 3264
f 3265 3264 3267
f 3267 3268 1311
f 3272 3271 3276
f 3271 3262 3265
f 1294 1295 1296
f 1296 1293 1294
f 1290 1293 1292
f 4311 3277 3276
f 4311 3276 3271
f 1290 1292 1291
f 1291 4097 1301
f 1301 4097 1307
f 4326 4311 3271
f 4326 3271 4332
f 1307 4099 1312
f 1312 4099 4057
f 1312 4057 4100
f 1141 4100 1140
f 1135 1132 1136
f 4676 4677 4522
f 1136 1138 1135
f 4525 4675 4494
f 4380 538 656
f 4378 4380 4379
f 4381 4379 4380
f 4377 4378 4376
f 4376 4378 4379
f 4375 4377 4376
f 1992 1993 4383
f 4374 4322 4375
f 4374 4375 4376
f 4376 4379 4393
f 4412 4383 1993
f 4159 4170 4160
f 4160 4170 4191
f 4218 4219 4159
f 4216 4218 4159
f 4160 4191 4150
f 4161 4160 4150
f 4216 4159 4162
f 4162 4159 4161
f 4159 4160 4161
f 4172 4216 4162
f 4162 4161 4163
f 4163 4161 4150
f 4222 4216 4172
f 4163 4150 4151
f 4188 4163 4151
f 4215 4222 4172
f 4215 4172 4166
f 4166 4172 4164
f 4166 4164 4165
f 4188 4151 4153
f 4165 4188 4195
f 4195 4188 4153
f 4222 4215 4221
f 4166 4165 4167
f 4215 4166 4168
f 4167 4165 4195
f 4221 4215 4168
f 4168 4166 4167
f 4227 4221 4168
f 4228 4227 4168
f 4168 4167 4169
f 4169 4167 4195
f 4213 4228 4168
f 4213 4168 4169
f 4169 4195 4196
f 4213 4169 4197
f 4197 4169 4196
f 3280 3267 1311
f 3280 1311 1295
f 1311 1298 1295
f 1290 1294 1293
f 3281 3271 3265
f 3265 3267 3281
f 3281 3267 3280
f 3271 3281 4332
f 4332 3281 4333
f 4333 3281 3280
f 4333 3280 4334
f 4332 4333 4352
f 4352 4333 4336
f 4336 4333 4334
f 1312 4100 1306
f 1306 4100 1141
f 4352 4336 4351
f 1141 1140 1132
f 4416 4351 4339
f 4416 4339 4340
f 4416 4340 4417
f 4494 4654 4511
f 4380 656 4382
f 4381 4380 4382
f 656 1992 4382
f 4382 1992 4383
f 4412 4381 4383
f 4164 4162 4163
f 4164 4163 4165
f 4165 4163 4188
f 3280 1295 4335
f 4335 1295 1294
f 1319 1290 1289
f 1289 1290 1291
f 1289 1291 1300
f 1291 1301 1300
f 4334 3280 4335
f 4335 1294 4338
f 1300 1301 1302
f 1302 1301 1303
f 1303 1301 1307
f 4336 4334 4335
f 4337 4335 4338
f 1303 1307 1305
f 1307 1312 1305
f 1305 1312 1306
f 4336 4335 4337
f 4339 4337 4338
f 4351 4336 4337
f 4351 4337 4339
f 1132 1135 1133
f 4677 4353 4675
f 4675 4427 4654
f 1133 1135 4636
f 4654 4426 4531
f 4383 4381 4382
f 4338 1294 1290
f 4338 1290 1319
f 4341 4338 1319
f 1306 1141 1131
f 4339 4338 4340
f 4340 4338 4341
f 1131 1141 1132
f 4340 4341 4411
f 1131 1132 1133
f 4353 4411 4341
f 4675 4344 4427
f 1319 1289 4342
f 1300 1302 1310
f 4341 1319 4342
f 1302 1303 1304
f 1304 1303 1305
f 1304 1305 1306
f 1306 1131 1309
f 1309 1131 1318
f 4341 4342 4343
f 4341 4343 4353
f 4427 4418 4426
f 4342 1289 1300
f 1310 1302 1304
f 1308 1304 1306
f 1308 1306 1309
f 1318 1131 1137
f 4342 1300 4343
f 4343 1300 4344
f 1300 1310 4345
f 4344 1300 4345
f 1137 1131 1134
f 4353 4343 4344
f 1134 1131 1133
f 1309 1318 1137
f 1310 1304 4347
f 4345 1310 4346
f 1310 4347 4346
f 4345 4346 4350
f 4345 4350 4418
f 1134 1133 1142
f 4418 4387 1133
f 4347 1304 1308
f 4349 1308 1309
f 4347 1308 4346
f 1137 1134 4349
f 4346 1308 4348
f 1308 4349 4348
f 4350 4346 4348
f 4387 4350 4348
f 4387 4348 1142
f 1309 1137 4349
f 4348 4349 1134
f 4348 1134 1142

