方形椅,圓形椅,品名,平台,材質,尺寸(寬×深×高cm),椅背高度(cm),椅背體積(cm),椅墊面積(cm),椅墊厚度(cm),椅腳高度(cm),椅腳體積(cm),重量(kg),商品連結,chair_id,無椅背,異常椅背,大椅腳體積,大椅墊
0,1,未知產品,Wayfair,松木,58.42×60.96×83.82,140.5,2774.0,2581.0,3.0,45.2,9231.0,14.06,https://www.wayfair.com/furniture/pdp/birch-lane-sharlene-swivel-side-chair-kkah1321.html?piid=89471359,1,0,0,0,1
0,1,未知產品,Wayfair,橡木,59.0×64.01×84.0,0.0,0.0,2581.0,3.0,51.4,5062.0,12.19,https://www.wayfair.com/furniture/pdp/latitude-run-vivora-upholstered-vegan-leather-dining-chair-with-casters-set-of-2-w112360404.html?piid=1187231050,2,1,0,1,1
0,1,未知產品,Wayfair,橡木,59.0×64.01×95.0,135.2,2470.0,2548.0,3.0,33.7,3830.0,6.35,https://www.wayfair.com/furniture/pdp/birch-lane-niara-leather-side-chair-bl25808.html?piid=104827903,3,0,0,0,0
0,1,"Modern Dining Chairs, Brown Leather Strap Seat and Back, Black Rubberwood Frame and Legs, Minimal Assembly Required, Stylish Accent Chairs for Dining Room or Kitchen, Brown, Set of 2",Wayfair,橡膠木,53.34×58.42×80.77,45.0,4500.0,1219.0,3.0,29.2,2487.0,12.0,https://www.wayfair.com/furniture/pdp/xdeco-modern-dining-chairs-brown-leather-strap-seat-and-back-black-rubberwood-frame-and-legs-minimal-assembly-required-stylish-accent-chairs-for-dining-room-or-kitchen-brown-set-of-2-w112934089.html?auctionId=aa3676dc-4513-409a-bfde-9fbd1fcae66d&adTypeId=1,4,0,1,0,0
0,1,Gunnur Mid-Century Solid Wood Dining Chair,Wayfair,橡膠木,55.88×45.47×74.93,131.9,2295.0,2229.0,3.0,30.2,2749.0,5.99,https://www.wayfair.com/furniture/pdp/corrigan-studio-gunnur-mid-century-solid-wood-dining-chair-w004727522.html?piid=322007707&auctionId=aa3676dc-4513-409a-bfde-9fbd1fcae66d&adTypeId=1,5,0,0,0,0
0,1,Chesley 17.13'' H Solid Wood Side Chair,Wayfair,橡膠木,45.97×45.97×88.01,115.6,1547.0,2581.0,3.0,30.7,2896.0,11.0,https://www.wayfair.com/furniture/pdp/chesley-solid-wood-side-chair-w011339348.html?piid=1853437640,6,0,0,0,0
0,1,Aveon Tufted Leather Side Chair with Cane Rattan Back,Wayfair,橡木,48.01×53.09×83.57,140.4,2766.0,5061.0,3.0,38.4,5655.0,6.75,https://www.wayfair.com/furniture/pdp/corrigan-studio-aveon-tufted-leather-side-chair-with-cane-rattan-back-w010718828.html?piid=1838494370,7,0,0,0,0
0,1,"Upholstered Barrel Dining Chair With Hollow Back, Modern Solid Wood Dining Chair, Comfy Side Chair For Dining Room/Living Room",Wayfair,橡膠木,62.23×53.98×67.95,132.2,2313.0,2998.0,3.0,32.1,3314.0,9.78,https://www.wayfair.com/furniture/pdp/orren-ellis-upholstered-barrel-dining-chair-with-hollow-back-modern-solid-wood-dining-chair-comfy-side-chair-for-dining-roomliving-room-w112213206.html?piid=2016642510%2C2026682419&auctionId=aa3676dc-4513-409a-bfde-9fbd1fcae66d&adTypeId=1,8,0,0,0,0
0,1,Percival 18.25'' H Solid Wood Side Chair,Wayfair,橡膠木,46.05×50.8×99.7,145.2,3062.0,2669.0,3.0,30.7,2886.0,20.5,https://www.wayfair.com/furniture/pdp/red-barrel-studio-percival-solid-wood-slat-back-side-chair-w100381548.html?piid=1266504550&auctionId=aa3676dc-4513-409a-bfde-9fbd1fcae66d&adTypeId=1,9,0,0,0,0
0,1,"Upholstered Faux Leather Seat Rattan Back Dining Chair, Solid Wood Frame Side Chair For Living Room",Wayfair,橡膠木,46.99×49.53×80.01,141.5,2831.0,2810.0,3.0,30.2,2741.0,4.54,https://www.wayfair.com/furniture/pdp/bay-isle-home-upholstered-faux-leather-seat-rattan-back-dining-chair-solid-wood-frame-side-chair-for-living-room-w112264390.html?piid=530162804%2C530162807&auctionId=a9f1bfe1-f5d3-4bad-bb97-b16129470040&adTypeId=1,10,0,0,0,0
0,1,19'' H Acacia Side Chair,Wayfair,橡木,45.72×43.18×91.44,110.3,1341.0,1250.0,3.0,35.3,4408.0,8.16,https://www.wayfair.com/furniture/pdp/kelly-clarkson-home-tristan-solid-wood-dining-chair-w006113331.html?auctionId=a9f1bfe1-f5d3-4bad-bb97-b16129470040&adTypeId=1,11,0,0,0,0
0,1,Atticus Cane Dining Chair,Wayfair,橡膠木,45.97×58.93×85.09,115.1,1526.0,2940.0,3.0,31.4,3091.0,12.02,https://www.wayfair.com/furniture/pdp/allmodern-atticus-cane-dining-chair-w003529035.html?piid=1703791034&auctionId=a9f1bfe1-f5d3-4bad-bb97-b16129470040&adTypeId=1,12,0,0,0,0
0,1,Hella Solid Elm Wood Cross Back Side Chair,Wayfair,橡膠木,50.16×54.91×88.9,108.1,1262.0,2226.0,3.0,28.4,2282.0,6.12,https://www.wayfair.com/furniture/pdp/red-barrel-studio-hella-solid-elm-wood-cross-back-side-chair-w003598025.html?piid=857412334&auctionId=a9f1bfe1-f5d3-4bad-bb97-b16129470040&adTypeId=1,13,0,0,0,0
0,1,"Bronxton 17"" Wide Wooden Dining Chairs With Cross-Back Design(Set Of 6)",Wayfair,橡膠木,43.18×152.4×762,135.4,2485.0,1722.0,3.0,32.5,3418.0,10.0,https://www.wayfair.com/furniture/pdp/gracie-oaks-bronxton-17-wide-wooden-dining-chairs-with-cross-back-designset-of-6-duhm4018.html?piid=99306136,14,0,0,0,0
0,1,Alayaa Armless Dining Chair,Wayfair,實木,45×50×85,159.1,4024.0,1889.0,3.0,33.7,3815.0,7.0,https://www.wayfair.com/furniture/pdp/birch-lane-alayaa-armless-dining-chair-goms1640.html?piid=113058135,15,0,0,0,0
0,1,Standridge 17.75'' H Side Chair,Wayfair,橡木,59.0×72.01×84.0,145.2,3064.0,2651.0,3.0,33.0,3600.0,13.0,https://www.wayfair.com/furniture/pdp/august-grove-standridge-solid-wood-cross-back-side-chair-w006544034.html?piid=1956092574,16,0,0,0,0
0,1,Nola Upholstered Dining Side Chairs with Cutout Back Design,Wayfair,橡膠木,48.9×57.15×97.79,137.9,2624.0,3028.0,3.0,35.8,4577.0,10.43,https://www.wayfair.com/furniture/pdp/wade-logan-nola-upholstered-dining-side-chairs-with-cutout-back-design-w005059815.html?piid=1963742543,17,0,0,0,0
0,1,"Actrice Mid-Century Fabric Upholstered Arm Chair, Dining chair",Wayfair,實木,42×49×90,132.5,2324.0,1900.0,3.0,28.9,2420.0,6.5,https://www.wayfair.com/furniture/pdp/corrigan-studio-actrice-mid-century-fabric-upholstered-arm-chair-dining-chair-w006719940.html?piid=172219171,18,0,0,0,0
0,1,Seita Tufted Leather Upholstered Wing Back Parsons Chair,Wayfair,實木,,140.2,2755.0,2063.0,3.0,27.0,5062.0,8.0,https://www.wayfair.com/furniture/pdp/red-barrel-studio-seita-tufted-leather-upholstered-wing-back-parsons-chair-subx1651.html?piid=112741152%2C84133237,19,0,0,0,0
0,1,Hitz Solid Wood Cross Back Side Chair,Wayfair,實木,45×50×95,138.7,2671.0,2064.0,3.0,38.1,5513.0,7.5,https://www.wayfair.com/furniture/pdp/charlton-home-hitz-solid-wood-cross-back-side-chair-w005059715.html?piid=2082351666,20,0,0,0,0
0,0,Lancaster 20.5'' H Upholstered Parsons Chair,Wayfair,實木,52×61×52,30.0,4680.0,1600.0,5.0,40.0,3200.0,10.0,https://www.wayfair.com/furniture/pdp/three-posts-lancaster-upholstered-side-chair-w005405396.html?piid=205235106,21,0,0,0,0
0,0,Sirine Linen Modern Side Chair with Rattan Back,Wayfair,橡膠木,50.8×63.5×93.98,52.8,4500.0,2581.0,52.07,51.6,5062.0,19.96,https://www.wayfair.com/furniture/pdp/bay-isle-home-sirine-linen-modern-side-chair-with-rattan-back-w100773431.html?piid=1717631063,22,0,1,1,0
1,0,"Swick 18"" Wide Mission Style Wooden Dining Chair with Upholstered Seat",Wayfair,橡膠木,48.26×66.67×96.52,53.3,4500.0,3651.0,2.0,52.1,7181.0,6.99,https://www.wayfair.com/furniture/pdp/swick-18-wide-mission-style-wooden-dining-chair-with-upholstered-seat-w008243119.html?piid=1070940353,23,0,1,0,0
0,0,Bilon Solid Back Parsons Chair,Wayfair,橡膠木,48.26×66.67×96.52,53.3,4500.0,3533.0,7.47,52.1,4836.0,6.99,https://www.wayfair.com/furniture/pdp/wade-logan-bilon-solid-back-parsons-chair-w100698980.html?piid=1223503177,24,0,1,0,0
0,0,Arquit Series Stackable Wood Cross Back Bistro Dining Chair with Cushion,Wayfair,橡木,48.01×57.91×82.04,38.1,4797.0,2581.0,2.54,48.0,5565.0,14.7,https://www.wayfair.com/furniture/pdp/rosalind-wheeler-arquit-series-stackable-wood-cross-back-bistro-dining-chair-with-cushion-w004249431.html?piid=1004673627,25,0,0,0,0
0,0,"Solid Wood Dining Chair, Mid-Century Chair",Wayfair,橡膠木,43.94×52.83×84.07,39.1,4500.0,1110.0,4.0,45.0,5062.0,11.0,https://www.wayfair.com/furniture/pdp/corrigan-studio-solid-wood-dining-chair-mid-century-chair-w003522889.html?piid=1899324621&auctionId=a9f1bfe1-f5d3-4bad-bb97-b16129470040&adTypeId=1,26,0,1,1,0
1,0,Brently Solid Wood Upholstered Side Chair Dining Chair,Wayfair,橡木,47.5×59.0×86.36,36.4,4500.0,3275.0,5.0,50.6,5483.0,13.61,https://www.wayfair.com/furniture/pdp/wade-logan-brently-solid-wood-upholstered-side-chair-dining-chair-w006903626.html?piid=1949574941&auctionId=a9f1bfe1-f5d3-4bad-bb97-b16129470040&adTypeId=1,27,0,1,0,0
1,0,Alejoa 14.25'' H Faux Leather Upholstered Side Chair,Wayfair,橡膠木,45.72×45.09×88.9,44.4,4500.0,2581.0,2.54,47.6,9617.0,7.38,https://www.wayfair.com/furniture/pdp/lark-manor-alejoa-side-chair-in-tan-kblt2185.html,28,0,1,0,0
1,0,"17"" Wide Classic Modern Black Solid Wood Dining Chairs",Wayfair,橡膠木,46.99×53.34×86.36,43.2,4500.0,1003.0,2.5,50.0,5062.0,15.97,https://www.wayfair.com/furniture/pdp/gracie-oaks-17-wide-classic-modern-black-solid-wood-dining-chairs-w111744719.html,29,0,1,1,0
0,0,Nailhead Trim Fabric Upholstered Side Chair Wood Dining Chair (Set of 6),Wayfair,橡膠木,51.44×59.05×88.9,43.2,4500.0,2581.0,2.0,47.0,6735.0,5.9,https://www.wayfair.com/furniture/pdp/lark-manor-nailhead-trim-fabric-upholstered-side-chair-wood-dining-chair-set-of-6-w111193024.html?piid=590929695,30,0,1,0,0
1,0,Anosha 21'' H Upholstered Side Chair,Wayfair,橡膠木,52.07×58.93×82.04,33.0,4500.0,3677.0,0.254,49.0,5062.0,17.24,https://www.wayfair.com/furniture/pdp/lark-manor-anosha-dining-chair-w004236324.html?piid=1186902843,31,0,1,0,0
1,0,Alexa-Mae 20.5'' H Faux Leather Upholstered Parsons Chair,Wayfair,松木,53.34×52.07×95.25,50.2,4500.0,4079.0,7.5,36.2,5062.0,9.3,https://www.wayfair.com/furniture/pdp/lark-manor-alexa-mae-upholstered-parsons-chair-w005962649.html?piid=115341239,32,0,1,1,0
1,0,Lynda 17.52'' H Solid Wood Side Chair,Wayfair,橡膠木,43.69×50.04×90.68,45.7,4500.0,2581.0,1.93,45.0,5062.0,11.97,https://www.wayfair.com/furniture/pdp/lark-manor-lynda-solid-wood-slat-back-side-chair-in-medium-yellow-brown-w004752540.html,33,0,1,1,0
1,0,Libretto 20.5'' H Linen Upholstered Side Chair,Wayfair,橡膠木,46.41×39.6×97.99,49.0,4500.0,2581.0,5.0,50.7,5062.0,12.19,https://www.wayfair.com/furniture/pdp/kelly-clarkson-home-libretto-linen-solid-wood-side-chair-w003431878.html?piid=313146394%2C391525448,34,0,1,1,1
0,0,Duprey Elena Upholstered Dining Chairs with Solid Wood Frame (Set of 4),Wayfair,橡木,43.81×50.39×90.17,45.0,7240.0,2581.0,3.5,45.2,6550.0,6.21,https://www.wayfair.com/furniture/pdp/george-oliver-duprey-elena-upholstered-dining-chairs-with-solid-wood-frame-set-of-4-w112869226.html?piid=612531885,35,0,0,0,0
0,0,Babbette Solid Wood Side Chair Dining Chair,Wayfair,橡膠木,50.8×58.42×104.14,47.0,4500.0,2581.0,5.0,53.3,5062.0,19.05,https://www.wayfair.com/furniture/pdp/corrigan-studio-babbette-solid-wood-side-chair-dining-chair-w100479367.html?piid=1645830688,36,0,1,1,0
1,0,Dellar Boucle Upholstered Back Dining Chair,Wayfair,橡膠木,47.5×67.31×97.79,49.5,4282.0,3216.0,44.2,52.1,3654.0,6.74,https://www.wayfair.com/furniture/pdp/allmodern-dellar-boucle-upholstered-back-dining-chair-w100619761.html?piid=1200011530&auctionId=a9f1bfe1-f5d3-4bad-bb97-b16129470040&adTypeId=1,37,0,0,0,0
1,0,"Upholstered Solid Wood Dining Chair With Hollow Back, Farmhouse Side Chair For Kitchen/Dining Room",Wayfair,橡膠木,48.26×57.79×102.01,60.0,4500.0,3481.0,4.0,44.4,5062.0,9.3,https://www.wayfair.com/furniture/pdp/george-oliver-upholstered-solid-wood-dining-chair-with-hollow-back-farmhouse-side-chair-for-kitchendining-room-w113242990.html?piid=1055179830&auctionId=a9f1bfe1-f5d3-4bad-bb97-b16129470040&adTypeId=1,38,0,1,1,0
0,0,Allena Tufted Velvet/Linen Wing Back Parsons Chair,Wayfair,橡膠木,53.34×71.12×100.97,47.0,5362.0,1740.0,5.08,45.7,6737.0,8.5,https://www.wayfair.com/furniture/pdp/rosdorf-park-allena-tufted-velvetlinen-wing-back-parsons-chair-w001171761.html?piid=98945122%2C73660452&auctionId=a9f1bfe1-f5d3-4bad-bb97-b16129470040&adTypeId=1,39,0,0,0,0
0,0,"Majidah 21.7"" Contemporary Black Windsor Style Spindle Back Dining Side Chair",Wayfair,橡膠木,53.34×58.42×86.36,38.1,4500.0,2554.0,5.0,50.8,5062.0,15.42,https://www.wayfair.com/furniture/pdp/gracie-oaks-majidah-217-contemporary-black-windsor-style-spindle-back-dining-side-chair-w111077490.html,40,0,1,1,0
1,0,"Brendi 17"" Wide Scandinavian Mid-Century Modern Minimalist Solid Wood Spindle Back Dining Chairs",Wayfair,橡膠木,50.04×55.12×80.01,80.0,4500.0,2581.0,0.64,44.0,5062.0,6.0,https://www.wayfair.com/furniture/pdp/wade-logan-brendi-17-wide-scandinavian-mid-century-modern-minimalist-solid-wood-spindle-back-dining-chairs-w100383028.html?piid=118977947,41,0,1,1,0
1,0,Majidah Solid Wood Arm Chair in Black,Wayfair,橡木,46.4×39.9×79.5,32.0,4500.0,2879.0,2.5,48.3,5062.0,6.49,https://www.wayfair.com/furniture/pdp/gracie-oaks-majidah-solid-wood-arm-chair-in-black-w111077489.html,42,0,1,1,0
0,0,"20.1""W Mid-Century Modern Dining Chairs, Fabric/Leather Upholstered Side Chairs, Armless Vanity Chair With Metal Legs For Dining Living Room Vanity Office",Wayfair,橡木,50.16×52.7×84.96,34.9,4500.0,3666.0,4.0,66.0,5062.0,7.38,https://www.wayfair.com/furniture/pdp/george-oliver-201w-mid-century-modern-dining-chairs-fabricleather-upholstered-side-chairs-armless-vanity-chair-with-metal-legs-for-dining-living-room-vanity-office-w112410078.html?piid=2103815786,43,0,1,1,0
0,0,Swivel Tufted Dining Chairs With Casters And Arms,Wayfair,胡桃木,50.04×64.77×95.0,50.8,4500.0,3415.0,20.0,51.0,5062.0,7.71,https://www.wayfair.com/furniture/pdp/lonshire-spark-swivel-tufted-dining-chairs-with-casters-and-arms-lcsh1050.html?piid=97867329%2C105846495,44,0,1,1,0
1,0,Gutierrez 18'' H Oak Solid Wood Side Chair,Wayfair,橡膠木,55.12×24.89×73.91,29.1,4500.0,2581.0,24.89,45.0,2671.0,15.0,https://www.wayfair.com/furniture/pdp/rosalind-wheeler-gutierrez-solid-wood-windsor-back-side-chair-w006631789.html?piid=717987981,45,0,1,0,0
1,0,Upholstered Solid Wood Parsons Side Dining Chair,Wayfair,橡膠木,44.2×51.56×85.09,39.6,4500.0,2581.0,0.1,45.5,2402.0,11.02,https://www.wayfair.com/furniture/pdp/red-barrel-studio-upholstered-solid-wood-parsons-side-dining-chair-w112302067.html?piid=1447198348&auctionId=a9f1bfe1-f5d3-4bad-bb97-b16129470040&adTypeId=1,46,0,1,0,0
1,0,Upholstered Wooden Dining Chairs,Wayfair,橡膠木,55.12×24.89×73.91,29.0,7691.0,2129.0,24.89,45.0,5062.0,22.4,https://www.wayfair.com/furniture/pdp/gracie-oaks-upholstered-wooden-dining-chairs-w112147580.html?piid=1756808242&auctionId=a9f1bfe1-f5d3-4bad-bb97-b16129470040&adTypeId=1,47,0,0,0,0
0,0,Montclair 18.46'' H Side Chair,Wayfair,橡木,56.13×58.17×88.14,43.2,4500.0,1685.0,2.5,45.0,4044.0,6.6,https://www.wayfair.com/furniture/pdp/joss-main-montclair-dining-chair-w003190781.html?piid=1551422194&auctionId=a9f1bfe1-f5d3-4bad-bb97-b16129470040&adTypeId=1,48,0,1,0,0
1,0,Keyla Weather Resistant Metal Nautical & Beach Windmill,Wayfair,橡膠木,64.01×66.04×80.01,53.3,4500.0,1066.0,19.5,19.5,5062.0,9.39,https://www.wayfair.com/outdoor/pdp/sol-72-outdoor-keyla-windmill-w000064099.html?piid=115750837,49,0,1,1,0
0,0,Kaybree Upholstered Flip Top Storage Bench,Wayfair,橡木,50.8×49.53×96.52,20.0,4500.0,2256.0,3.81,45.7,5062.0,8.39,https://www.wayfair.com/furniture/pdp/mercer41-kaybree-upholstered-flip-top-storage-bench-w111066719.html?piid=236322289,50,0,1,1,0
1,0,"Farmhouse Corner Cabinet for Living Room, Kitchen, Laundry Room",Wayfair,橡膠木,48.26×59.69×82.55,31.2,4500.0,3610.0,46.5,48.3,5062.0,6.3,https://www.wayfair.com/storage-organization/pdp/red-barrel-studio-farmhouse-corner-cabinet-for-living-room-kitchen-laundry-room-w006665920.html?piid=779379387,51,0,1,1,0
1,0,"Palen 62.25""H Arched Floor Lamp with Mixed-Material Shade",Wayfair,橡膠木,44.5×58.4×86,41.9,4500.0,2581.0,5.0,50.8,7700.0,5.9,https://www.wayfair.com/lighting/pdp/willa-arlo-interiors-palen-6225h-arched-floor-lamp-with-mixed-material-shade-w010969017.html,52,0,1,0,0
1,0,"Bartling 52""/66"" 8-Plywood-Blades Modern Ceiling Fan with Lighting Kit and Smart Remote",Wayfair,橡膠木,48.01×56.64×86.11,38.1,4500.0,3568.0,4.8,47.0,5062.0,10.89,https://www.wayfair.com/lighting/pdp/wrought-studio-bartling-5266-8-plywood-blades-modern-ceiling-fan-with-lighting-kit-and-smart-remote-w111190794.html?piid=209332830,53,0,1,1,0
0,0,未知產品,Wayfair,橡木,2.54×2.54×2.54,45.0,4500.0,2581.0,2.54,2.5,5062.0,2.72,https://www.wayfair.com/furniture/pdp/birch-lane-arnell-annie-upholstered-dining-chair-goms1691.html?piid=105301848%2C104838653,54,0,0,0,0
1,0,未知產品,Wayfair,胡桃木,34.8×79.76×149.86,79.8,4500.0,5208.0,2.54,79.8,5062.0,63.87,https://www.wayfair.com/furniture/pdp/birch-lane-alayaa-armless-dining-chair-goms1640.html,55,0,1,1,0
0,0,Basilina Vegan Leather Dining Chair with Rattan Back (Set of 4),Wayfair,橡木,59.0×63.5×92.71,45.0,3130.0,2199.0,5.08,54.0,2058.0,5.9,https://www.wayfair.com/furniture/pdp/bayou-breeze-basilina-vegan-leather-dining-chair-with-rattan-back-set-of-4-agak1053.html?piid=94398048,56,0,1,0,0
0,0,Ankit 18'' H Solid Wood Side Chair,Wayfair,橡木,59.0×76.81×99.06,47.0,4500.0,3379.0,47.625,50.8,5062.0,11.97,https://www.wayfair.com/furniture/pdp/red-barrel-studio-ankit-solid-wood-slat-back-side-chair-in-white-w004107063.html,57,0,1,1,0
1,0,Percival 18.25'' H Solid Wood Side Chair,Wayfair,橡木,59.0×72.01×84.0,32.3,4500.0,2852.0,52.07,52.1,3782.0,13.0,https://www.wayfair.com/furniture/pdp/red-barrel-studio-percival-solid-wood-slat-back-side-chair-w100381548.html?piid=1266504550&auctionId=21d670ce-ab4d-4984-a9cb-f01cb23e2dc5&adTypeId=1,58,0,1,0,0
1,0,Brently Solid Wood Upholstered Side Chair Dining Chair,Wayfair,橡木,62.23×53.98×67.95,22.9,4500.0,2309.0,1.0,48.3,5062.0,9.78,https://www.wayfair.com/furniture/pdp/wade-logan-brently-solid-wood-upholstered-side-chair-dining-chair-w006903626.html?piid=1949574941&auctionId=21d670ce-ab4d-4984-a9cb-f01cb23e2dc5&adTypeId=1,59,0,1,1,0
1,0,"Upholstered Faux Leather Seat Rattan Back Dining Chair, Solid Wood Frame Side Chair For Living Room",Wayfair,橡膠木,58.42×46.99×81.28,81.3,4500.0,2745.0,1.0,81.3,5062.0,15.42,https://www.wayfair.com/furniture/pdp/bay-isle-home-upholstered-faux-leather-seat-rattan-back-dining-chair-solid-wood-frame-side-chair-for-living-room-w112264390.html?piid=530162804%2C530162807&auctionId=b43a4c3f-1e7c-426c-ba38-ee8d20c9858e&adTypeId=1,60,0,1,1,0
1,0,Dellar Boucle Upholstered Back Dining Chair,Wayfair,橡膠木,48.01×57.91×82.04,38.1,4500.0,2581.0,34.7472,48.0,5062.0,29.39,https://www.wayfair.com/furniture/pdp/allmodern-dellar-boucle-upholstered-back-dining-chair-w100619761.html?piid=1200011530&auctionId=b43a4c3f-1e7c-426c-ba38-ee8d20c9858e&adTypeId=1,61,0,1,1,1
1,0,Karlie 18.9'' H Side Chair,Wayfair,橡膠木,45.72×68.58×119.38,119.4,4500.0,1236.0,68.58,45.7,5062.0,7.03,https://www.wayfair.com/furniture/pdp/birch-lane-karlie-side-chair-w009912344.html?piid=1192585475&auctionId=b43a4c3f-1e7c-426c-ba38-ee8d20c9858e&adTypeId=1,62,0,1,1,0
1,0,"Solid Wood Dining Chair, Mid-Century Chair",Wayfair,橡膠木,46.05×50.8×99.7,51.6,4500.0,3058.0,5.0,46.4,5062.0,20.5,https://www.wayfair.com/furniture/pdp/corrigan-studio-solid-wood-dining-chair-mid-century-chair-w003522889.html?piid=1899324621&auctionId=b43a4c3f-1e7c-426c-ba38-ee8d20c9858e&adTypeId=1,63,0,1,1,0
0,0,Modway Court Dining Side Chair Upholstered Fabric,Wayfair,橡膠木,52.07×58.93×82.04,33.0,4500.0,1092.0,4.5,49.0,5062.0,17.24,https://www.wayfair.com/furniture/pdp/modway-court-dining-side-chair-upholstered-fabric-w001021784.html?piid=263252136,64,0,1,0,0
1,0,Nolea 17.67'' H Pine Solid Wood Side Chair,Wayfair,橡膠木,46.99×49.53×80.01,35.6,4500.0,3486.0,4.57,47.0,5062.0,4.54,https://www.wayfair.com/furniture/pdp/rosalind-wheeler-nolea-solid-wood-ladder-back-side-chair-w003326791.html?piid=2141397329,65,0,1,1,0
0,0,Torino X Back Dining Chair,Wayfair,橡膠木,50.04×58.42×92.96,73.7,4500.0,3305.0,5.0,48.0,5062.0,7.98,https://www.wayfair.com/furniture/pdp/winston-porter-torino-x-back-dining-chair-w009699922.html?piid=1972762696,66,0,1,1,0
1,0,Modway Marquis Fabric Dining Side Chair,Wayfair,橡膠木,50.8×45.47×74.93,33.8,2717.0,2581.0,1.27,40.6,2033.0,11.02,https://www.wayfair.com/furniture/pdp/modway-marquis-fabric-dining-side-chair-w006116107.html?piid=1508302270,67,0,0,0,0
1,0,Ercan   17.72'' H Solid Wood Side Chair,Wayfair,橡膠木,52.07×55.88×95.25,47.0,1638.0,1030.0,5.0,45.7,6615.0,16.33,https://www.wayfair.com/furniture/pdp/red-barrel-studio-ercan-solid-wood-ladder-back-side-chair-w011270059.html?piid=804547712,68,0,0,0,0
1,0,Littles 18.5'' H Upholstered Beech Arm Chair,Wayfair,橡木,40.79×47.4×99.49,81.5,4500.0,2581.0,3.0,44.9,8723.0,11.97,https://www.wayfair.com/furniture/pdp/winston-porter-littles-solid-wood-dining-chair-w001775753.html?piid=1494021177,69,0,1,0,0
1,0,Amadou Modern Solid Wood Dining Chair with Rattan Backrest,Wayfair,橡木,45.72×58.42×105.0,105.0,4500.0,2581.0,2.5,45.6,5062.0,11.57,https://www.wayfair.com/furniture/pdp/beachcrest-home-amadou-modern-solid-wood-dining-chair-with-rattan-backrest-w110290999.html?piid=1784434977,70,0,1,1,0
1,0,Upholstered Solid Wood Fabric Parsons Dining Chair Side Chair,Wayfair,橡膠木,46.99×50.8×88.27,34.3,4500.0,2581.0,3.5,48.3,5062.0,6.2,https://www.wayfair.com/furniture/pdp/ebern-designs-upholstered-solid-wood-fabric-parsons-dining-chair-side-chair-w113279069.html?piid=1673741518,71,0,1,1,0
1,0,Aizlee Modern and Contemporary Upholstered Wood Dining Chair,Wayfair,橡膠木,55.88×63.5×91.44,51.9,4500.0,3194.0,5.08,52.1,5062.0,18.14,https://www.wayfair.com/furniture/pdp/red-barrel-studio-aizlee-modern-and-contemporary-upholstered-wood-dining-chair-w003600184.html,72,0,1,1,0
1,0,Chastain 18'' H Solid Wood Side Chair,Wayfair,橡膠木,44.2×45.57×89.51,35.2,4500.0,2793.0,4.57,45.0,5062.0,7.13,https://www.wayfair.com/furniture/pdp/joss-main-chastain-solid-wood-cross-back-side-chair-w004059420.html?piid=1761743511,73,0,1,1,0
1,0,Swick Slat Back Side Chair (Set of 6),Wayfair,橡木,54.61×53.34×86.36,83.8,4629.0,2581.0,46.99,47.0,4666.0,7.71,https://www.wayfair.com/furniture/pdp/swick-slat-back-side-chair-set-of-6-duhm4048.html?piid=99306219,74,0,0,0,0
1,0,Hebden 18'' H Pine Solid Wood Side Chair,Wayfair,橡膠木,46.99×50.8×86.36,45.0,4500.0,3489.0,48.26,48.9,9516.0,11.79,https://www.wayfair.com/furniture/pdp/hebden-solid-wood-ladder-back-side-chair-w004691258.html?piid=2140129023,75,0,1,0,0
1,0,Morawa Upholstered Farmhouse Dining Chairs Solid Wood Back Side Chairs,Wayfair,橡木,45.47×57.91×88.9,45.7,4500.0,3186.0,3.81,45.7,9075.0,12.16,https://www.wayfair.com/furniture/pdp/latitude-run-morawa-upholstered-farmhouse-dining-chairs-solid-wood-back-side-chairs-w100202590.html?piid=1636589657,76,0,1,0,0
1,0,Chesley Solid Wood Side Chair,Wayfair,橡木,45.97×51.56×95.0,47.5,4500.0,2971.0,2.5,45.5,3711.0,6.26,https://www.wayfair.com/furniture/pdp/chesley-solid-wood-side-chair-w011340804.html?piid=910133931&auctionId=b43a4c3f-1e7c-426c-ba38-ee8d20c9858e&adTypeId=1,77,0,1,0,0
1,0,Upholstered Solid Wood Parsons Side Dining Chair,Wayfair,橡木,50.8×50.8×88.9,89.0,4500.0,2323.0,5.08,45.7,3303.0,5.44,https://www.wayfair.com/furniture/pdp/red-barrel-studio-upholstered-solid-wood-parsons-side-dining-chair-w112302067.html?piid=1447198348&auctionId=b43a4c3f-1e7c-426c-ba38-ee8d20c9858e&adTypeId=1,78,0,1,0,0
1,0,Jordane 18'' H Solid Wood Side Chair,Wayfair,橡木,45.72×45.09×88.9,47.6,4500.0,1717.0,6.35,47.6,5062.0,7.38,https://www.wayfair.com/furniture/pdp/loon-peak-jordane-ladder-back-side-chair-in-brown-w004998758.html,79,0,1,1,0
0,0,Modway Baronet Dining Chair Vinyl,Wayfair,橡木,48.26×58.42×101.6,55.9,4500.0,1602.0,5.0,45.7,9620.0,6.8,https://www.wayfair.com/furniture/pdp/modway-baronet-dining-chair-vinyl-w001588369.html?piid=563337945,80,0,1,0,0
0,0,Suki Solid Wood Ladder Back Side Chair in Chickory/Black,Wayfair,橡膠木,50.16×57.15×83.19,31.8,4312.0,1148.0,4.88,48.3,5062.0,15.97,https://www.wayfair.com/furniture/pdp/suki-solid-wood-ladder-back-side-chair-in-chickoryblack-w002595426.html,81,0,0,1,0
0,0,18.75'' H Solid Wood Side Chair,Wayfair,橡膠木,45.97×45.97×88.01,44.7,1415.0,2581.0,1.5,43.5,5062.0,11.0,https://www.wayfair.com/furniture/pdp/bungalow-rose-tiernagh-solid-wood-ladder-back-side-chair-in-rustic-golden-brown-w008136353.html,82,0,0,1,0
1,0,Azir 19'' H Upholstered Side Chair,Wayfair,橡膠木,48.26×59.69×82.55,31.2,4500.0,3591.0,3.6,48.3,5062.0,6.3,https://www.wayfair.com/furniture/pdp/ophelia-co-azir-dining-chair-gnt27049.html,83,0,1,1,0
0,0,Aindriu Rustic Solid Wood Ladder-Back Dining Chairs,Wayfair,橡膠木,50.8×55.88×96.52,38.0,4643.0,2570.0,2.5,45.7,2479.0,18.14,https://www.wayfair.com/furniture/pdp/lark-manor-aindriu-rustic-solid-wood-ladder-back-dining-chairs-w000245483.html?piid=1536611678,84,0,0,0,0
1,0,"Barnesville Classic PU Leather Dining Chair, Black",Wayfair,橡膠木,106.68×67.31×97.79,48.3,4500.0,4774.0,5.08,51.4,5062.0,23.59,https://www.wayfair.com/furniture/pdp/red-barrel-studio-barnesville-classic-pu-leather-dining-chair-black-w006665327.html,85,0,1,1,0
1,0,Lynda Solid Wood Ladder Back Side Chair in Smoky Quartz,Wayfair,橡膠木,46.99×51.44×107.31,59.0,4500.0,2581.0,3.81,48.3,5062.0,10.43,https://www.wayfair.com/furniture/pdp/lark-manor-lynda-solid-wood-ladder-back-side-chair-in-smoky-quartz-w001316417.html,86,0,1,1,0
1,0,Matanzas 18'' H Solid Wood Side Chair,Wayfair,橡膠木,50.8×62.87×103.84,58.9,4500.0,2304.0,2.54,48.3,6144.0,10.21,https://www.wayfair.com/furniture/pdp/lark-manor-matanzas-solid-wood-ladder-back-side-chair-w004752494.html,87,0,1,0,0
0,0,Allena Tufted Velvet/Linen Wing Back Parsons Chair,Wayfair,橡膠木,43.94×45.47×88.9,45.7,4500.0,4630.0,2.0,45.0,5062.0,13.66,https://www.wayfair.com/furniture/pdp/rosdorf-park-allena-tufted-velvetlinen-wing-back-parsons-chair-w001171761.html?piid=98945122%2C73660452&auctionId=b43a4c3f-1e7c-426c-ba38-ee8d20c9858e&adTypeId=1,88,0,1,1,0
1,0,Upholstered Wooden Dining Chairs,Wayfair,橡木,41.91×53.34×88.9,89.0,4500.0,1781.0,2.5,47.3,5062.0,9.98,https://www.wayfair.com/furniture/pdp/gracie-oaks-upholstered-wooden-dining-chairs-w112147580.html?piid=1756808242&auctionId=b43a4c3f-1e7c-426c-ba38-ee8d20c9858e&adTypeId=1,89,0,1,1,0
1,0,Godfrey Cane Back Arm Chair,Wayfair,橡木,49.53×60.96×102.57,108.6,4500.0,3375.0,4.77,47.9,5062.0,9.53,https://www.wayfair.com/furniture/pdp/birch-lane-godfrey-cane-back-arm-chair-savc1145.html?piid=53904857&auctionId=b43a4c3f-1e7c-426c-ba38-ee8d20c9858e&adTypeId=1,90,0,1,1,0
0,0,Modway Arise Vintage French Upholstered Fabric Dining Side Chair,Wayfair,橡木,59.69×51.44×100.99,60.0,4500.0,1181.0,3.2,44.7,5062.0,10.09,https://www.wayfair.com/furniture/pdp/modway-arise-vintage-french-upholstered-fabric-dining-side-chair-w005406471.html?piid=542984778,91,0,1,1,0
0,0,Modway Copper Grove Trilj Vinyl Dining Chair,Wayfair,橡膠木,48.26×53.34×105.41,41.5,4500.0,2581.0,2.54,45.7,5062.0,9.48,https://www.wayfair.com/furniture/pdp/modway-copper-grove-trilj-vinyl-dining-chair-w008209616.html?piid=15163949,92,0,1,1,0
1,0,Bott 19'' H Upholstered Parsons Chair,Wayfair,橡木,50.04×64.77×95.0,50.8,4500.0,3399.0,43.94,50.8,5062.0,7.71,https://www.wayfair.com/furniture/pdp/lark-manor-bott-upholstered-solid-wood-parsons-dining-chair-rdba4071.html?piid=96096913%2C96096912,93,0,1,1,0
1,0,17.5'' H Solid Wood Side Chair,Wayfair,橡膠木,44.45×58.42×50.8,41.9,7371.0,2581.0,5.0,30.8,5062.0,5.9,https://www.wayfair.com/furniture/pdp/august-grove-solid-wood-cross-back-side-chair-w004997968.html?piid=1533713232,94,0,0,0,0
1,0,Ziemer 19.5'' H Upholstered Side Chair,Wayfair,橡木,59.44×57.91×85.34,39.1,4500.0,1806.0,2.5,48.3,5062.0,7.98,https://www.wayfair.com/furniture/pdp/lark-manor-ziemer-uplostered-side-chair-w004256015.html?piid=1597866633,95,0,1,1,0
0,0,"Bronxton 17"" Wide Walnut Wood Country Farmhouse Cross Back Dining Chairs",Wayfair,橡膠木,49.53×57.15×97.79,43.2,4500.0,3076.0,2.54,49.5,5062.0,4.99,https://www.wayfair.com/furniture/pdp/gracie-oaks-bronxton-17-wide-walnut-wood-country-farmhouse-cross-back-dining-chairs-w110858869.html?piid=323251409,96,0,1,1,0
0,0,Geelt Upholstered Dining Chairs with Casters,Wayfair,橡膠木,62.23×152.4×95.25,45.1,4500.0,3186.0,7.62,49.5,5062.0,129.73,https://www.wayfair.com/furniture/pdp/everly-quinn-geelt-upholstered-dining-chairs-with-casters-w111239925.html?piid=974476005&auctionId=b43a4c3f-1e7c-426c-ba38-ee8d20c9858e&adTypeId=1,97,0,1,1,0
1,0,"Upholstered Solid Wood Dining Chair With Hollow Back, Farmhouse Side Chair For Kitchen/Dining Room",Wayfair,橡木,43.18×60.96×101.6,53.3,4500.0,1453.0,2.54,48.3,5062.0,9.07,https://www.wayfair.com/furniture/pdp/george-oliver-upholstered-solid-wood-dining-chair-with-hollow-back-farmhouse-side-chair-for-kitchendining-room-w113242990.html?piid=1055179830&auctionId=b43a4c3f-1e7c-426c-ba38-ee8d20c9858e&adTypeId=1,98,0,1,1,0
1,0,Roseland 19.25'' H Linen Upholstered Side Chair,Wayfair,橡膠木,48.26×56.39×93.73,76.4,4500.0,2581.0,4.445,44.4,5062.0,7.71,https://www.wayfair.com/furniture/pdp/beachcrest-home-roseland-modern-solid-wood-dining-chair-with-rattan-backrest-kthm7519.html?piid=94190908&auctionId=b43a4c3f-1e7c-426c-ba38-ee8d20c9858e&adTypeId=1,99,0,1,1,1
1,0,未知產品,Wayfair,橡膠木,46.36×54.61×97.79,48.3,4500.0,3553.0,4.925,49.5,5062.0,6.42,https://www.wayfair.com/bed-bath/pdp/home-14-medium-gel-memory-foam-mattress-hmek2674.html?piid=100754609,100,0,1,1,0
0,0,未知產品,Wayfair,橡木,43.81×50.39×90.17,45.0,4500.0,2690.0,2.5,45.2,5062.0,6.21,https://www.wayfair.com/furniture/pdp/winston-porter-2-piece-upholstered-sofa-with-charging-station-living-room-set-w112469354.html,101,0,1,1,0
0,0,未知產品,Wayfair,橡木,55.12×59.94×85.09,38.1,4500.0,3933.0,2.5,49.0,5062.0,12.97,https://www.wayfair.com/furniture/pdp/red-barrel-studio-desarie-58-media-console-for-tvs-up-to-65-with-electric-fireplace-adjustable-shelves-and-glass-doors-w100574068.html?piid=2027364521,102,0,1,1,0
1,0,未知產品,Wayfair,橡木,50.16×52.7×84.96,34.9,4500.0,3647.0,0.254,66.0,5062.0,7.38,https://www.wayfair.com/storage-organization/pdp/ebern-designs-fabric-storage-bin-set-w009866397.html?piid=1778389486%2C1796611417,103,0,1,1,0
1,0,未知產品,Wayfair,橡膠木,48.26×52.07×86.36,34.0,4500.0,3484.0,48.26,48.9,5062.0,11.79,https://www.wayfair.com/lighting/pdp/willa-arlo-interiors-palen-6225h-arched-floor-lamp-with-mixed-material-shade-w010969017.html,104,0,1,0,0
0,0,未知產品,Wayfair,實木,34.8×79.76×149.86,79.8,4500.0,5206.0,3.0,70.0,5062.0,63.87,https://www.wayfair.com/furniture/pdp/joss-main-montclair-dining-chair-w003190781.html?piid=1554562122,105,0,1,1,0
0,0,未知產品,Wayfair,實木,,45.0,4500.0,2581.0,2.54,2.5,5062.0,2.72,https://www.wayfair.com/furniture/pdp/gracie-oaks-upholstered-wooden-dining-chairs-w112147580.html?piid=1756808240,106,0,0,0,0
0,0,未知產品,Wayfair,橡木,41.91×29.84×158.12,158.1,4500.0,1251.0,3.0,50.0,5062.0,4.75,https://www.wayfair.com/furniture/pdp/birch-lane-niara-leather-side-chair-bl25808.html?piid=104827903,107,0,1,1,0
1,0,未知產品,Wayfair,橡木,55.88×39.62×164.59,165.0,4500.0,2213.0,5.0,45.0,5062.0,15.0,https://www.wayfair.com/furniture/pdp/birch-lane-brinley-sharla-upholstered-side-chair-set-of-2-goms1549.html?piid=100087021,108,0,1,1,0
0,0,未知產品,Wayfair,橡木,79.5×66.04×243.84,45.0,4500.0,5249.0,0.1,243.8,5062.0,9.3,https://www.wayfair.com/furniture/pdp/birch-lane-arnell-annie-upholstered-dining-chair-goms1691.html?piid=105301848%2C104838653,109,0,1,1,0
1,0,"Modern Dining Chairs, Brown Leather Strap Seat and Back, Black Rubberwood Frame and Legs, Minimal Assembly Required, Stylish Accent Chairs for Dining Room or Kitchen, Brown, Set of 2",Wayfair,橡膠木,48.01×56.64×86.11,33.9,4500.0,3463.0,5.0,47.0,5062.0,10.89,https://www.wayfair.com/furniture/pdp/xdeco-modern-dining-chairs-brown-leather-strap-seat-and-back-black-rubberwood-frame-and-legs-minimal-assembly-required-stylish-accent-chairs-for-dining-room-or-kitchen-brown-set-of-2-w112934089.html?auctionId=363aea16-8114-464c-b001-3699a7971d69&adTypeId=1,110,0,1,1,0
1,0,Gunnur Mid-Century Solid Wood Dining Chair,Wayfair,橡膠木,44.45×58.42×90.17,41.9,4500.0,2581.0,7.4,48.3,2219.0,5.9,https://www.wayfair.com/furniture/pdp/corrigan-studio-gunnur-mid-century-solid-wood-dining-chair-w004727522.html?piid=322007707&auctionId=363aea16-8114-464c-b001-3699a7971d69&adTypeId=1,111,0,1,0,0
1,0,Mourya 19.5'' H Upholstered Parsons Chair,Wayfair,橡木,59.0×64.01×95.0,44.2,4500.0,4570.0,52.07,49.8,5062.0,6.35,https://www.wayfair.com/furniture/pdp/winston-porter-mourya-upholstered-dining-chair-w004846858.html?piid=1620706421,112,0,1,1,0
1,0,Appolonie 17.7'' H Solid Wood Side Chair,Wayfair,橡木,59.0×63.5×92.71,45.0,4500.0,3605.0,51.5625,54.0,5430.0,11.79,https://www.wayfair.com/furniture/pdp/red-barrel-studio-appolonie-solid-wood-slat-back-side-chair-w004743349.html?piid=1056853051,113,0,1,0,0
1,0,"Upholstered Faux Leather Seat Rattan Back Dining Chair, Solid Wood Frame Side Chair For Living Room",Wayfair,橡木,59.0×76.81×99.06,47.0,3029.0,1112.0,5.0,50.8,5062.0,11.97,https://www.wayfair.com/furniture/pdp/bay-isle-home-upholstered-faux-leather-seat-rattan-back-dining-chair-solid-wood-frame-side-chair-for-living-room-w112264390.html?piid=530162804%2C530162807&auctionId=363aea16-8114-464c-b001-3699a7971d69&adTypeId=1,114,0,0,0,0
1,0,Upholstered Solid Wood Dining Chair Side Chair,Wayfair,橡膠木,53.34×58.42×80.77,38.1,5979.0,2581.0,5.0,45.2,2431.0,12.0,https://www.wayfair.com/furniture/pdp/george-oliver-upholstered-solid-wood-dining-chair-side-chair-w111225009.html?piid=740472941&auctionId=363aea16-8114-464c-b001-3699a7971d69&adTypeId=1,115,0,0,0,0
0,0,"Upholstered Barrel Dining Chair With Hollow Back, Modern Solid Wood Dining Chair, Comfy Side Chair For Dining Room/Living Room",Wayfair,橡膠木,55.88×45.47×74.93,33.8,4500.0,1673.0,5.0,40.6,3005.0,5.99,https://www.wayfair.com/furniture/pdp/orren-ellis-upholstered-barrel-dining-chair-with-hollow-back-modern-solid-wood-dining-chair-comfy-side-chair-for-dining-roomliving-room-w112213206.html?piid=2016642510%2C2026682419&auctionId=42f7ff77-baca-456b-9113-d2a1897c73d7&adTypeId=1,116,0,1,0,0
1,0,Atticus Cane Dining Chair,Wayfair,橡膠木,43.94×55.63×97.03,51.3,4500.0,2823.0,1.0,45.0,7170.0,7.71,https://www.wayfair.com/furniture/pdp/allmodern-atticus-cane-dining-chair-w003529035.html?piid=1703791034&auctionId=42f7ff77-baca-456b-9113-d2a1897c73d7&adTypeId=1,117,0,1,0,0
1,0,Sachelle Solid wood and upholstered white Side Chair Dining Chair,Wayfair,橡膠木,46.99×49.53×80.01,35.6,4500.0,3432.0,5.0,47.0,5062.0,4.54,https://www.wayfair.com/furniture/pdp/corrigan-studio-sachelle-solid-wood-and-upholstered-white-side-chair-dining-chair-w112995688.html?auctionId=42f7ff77-baca-456b-9113-d2a1897c73d7&adTypeId=1,118,0,1,1,0
1,0,Gordes 17.5'' H Upholstered Side Chair,Wayfair,橡膠木,55.88×52.07×81.28,41.9,4500.0,2291.0,8.255,49.0,5062.0,6.8,https://www.wayfair.com/furniture/pdp/bay-isle-home-gordes-side-chair-w009912380.html?piid=899404718,119,0,1,1,0
1,0,Letizia 17.32'' H Solid Wood Side Chair,Wayfair,橡膠木,62.23×53.98×67.95,22.9,4500.0,3298.0,48.9,48.3,5062.0,9.78,https://www.wayfair.com/furniture/pdp/charlton-home-letizia-solid-wood-dining-chair-lfmf2760.html?piid=104373611,120,0,1,1,0
0,0,Tonni 18'' H Tufted Fabric Upholstered Side Chair,Wayfair,橡膠木,45.97×58.93×85.09,33.5,4500.0,2977.0,4.45,50.8,5062.0,12.02,https://www.wayfair.com/furniture/pdp/red-barrel-studio-tonni-tufted-fabric-side-chair-dining-chair-w100636180.html?piid=1504923752,121,0,1,1,0
1,0,Haldan 17.5'' H Solid Wood Armchair,Wayfair,橡膠木,55.88×51.05×78.74,25.4,4500.0,2581.0,16.84,53.3,9628.0,15.0,https://www.wayfair.com/furniture/pdp/one-allium-way-haldan-solid-wood-windsor-back-arm-chair-w007001369.html?piid=38022383,122,0,1,0,0
1,0,Clarisabel 19.7'' H Leather Upholstered Side Chair,Wayfair,橡膠木,50.04×58.42×92.96,48.3,4500.0,3304.0,4.45,44.4,4397.0,8.48,https://www.wayfair.com/furniture/pdp/ophelia-co-leather-side-chair-dining-chair-w110479554.html?piid=369471587,123,0,1,0,0
1,0,Aayush 18'' H Linen Upholstered Dining Chair,Wayfair,橡膠木,45.72×45.72×96.52,78.7,4500.0,1080.0,7.0,44.0,5062.0,8.0,https://www.wayfair.com/furniture/pdp/andover-mills-aayush-upholstered-dining-chair-in-dark-gray-w003431742.html,124,0,1,1,0
1,0,Chassidi Solid Back Parsons Chair(Set Of 4),Wayfair,橡膠木,46.51×54.0×99.49,56.7,4500.0,1688.0,3.81,45.7,5062.0,8.62,https://www.wayfair.com/furniture/pdp/wade-logan-chassidi-solid-back-parsons-chairset-of-4-fbya2013.html?piid=103707298,125,0,1,1,0
1,0,Asenat 18'' H Linen Fabric Upholstered Side Chair,Wayfair,橡膠木,54.86×48.9×92.2,46.5,4500.0,4140.0,58.42,45.7,5062.0,17.6,https://www.wayfair.com/furniture/pdp/lark-manor-asenat-linen-fabric-solid-wood-remove-slat-back-side-chair-w005067405.html,126,0,1,1,0
1,0,Shaler Solid Wood Ladder Back Arm Chair in Smoky Quartz,Wayfair,橡膠木,54.61×60.96×104.14,59.1,4500.0,4329.0,2.5,44.4,5062.0,10.89,https://www.wayfair.com/furniture/pdp/shaler-solid-wood-ladder-back-arm-chair-in-smoky-quartz-w001316385.html,127,0,1,1,0
0,0,Nailhead Trim Leather Upholstered Side Chair Wood Dining Chair (Set of 4),Wayfair,橡膠木,49.02×57.91×95.0,47.4,4500.0,2581.0,5.0,50.0,9795.0,6.58,https://www.wayfair.com/furniture/pdp/lark-manor-nailhead-trim-leather-upholstered-side-chair-wood-dining-chair-set-of-4-w111193019.html?piid=1335423780,128,0,1,0,0
1,0,Hendry 18'' H Side Chair,Wayfair,橡膠木,48.26×63.5×97.79,52.1,4500.0,2581.0,2.54,45.7,5062.0,7.85,https://www.wayfair.com/furniture/pdp/lark-manor-hendry-windsor-back-side-chair-w001679053.html?piid=1743636112,129,0,1,1,0
1,0,Barkev Dining Chairs,Wayfair,橡膠木,46.99×53.34×86.36,43.2,4500.0,2376.0,5.0,49.5,7295.0,15.97,https://www.wayfair.com/furniture/pdp/latitude-run-barkev-dining-chairs-w100800725.html?piid=1394773739,130,0,1,0,0
1,0,19.00'' H Upholstered Side Chair,Wayfair,橡膠木,45.72×55.88×91.44,45.7,4500.0,2552.0,5.0,45.7,5062.0,83.01,https://www.wayfair.com/furniture/pdp/gracie-oaks-carleon-polyester-upholstered-back-side-chair-dining-chair-w110684545.html,131,0,1,1,0
0,0,Brently Solid Wood Upholstered Side Chair Dining Chair,Wayfair,橡木,56×58×97,52.0,4500.0,1638.0,7.5,45.0,5062.0,11.57,https://www.wayfair.com/furniture/pdp/wade-logan-brently-solid-wood-upholstered-side-chair-dining-chair-w006903626.html?piid=1949574941&auctionId=42f7ff77-baca-456b-9113-d2a1897c73d7&adTypeId=1,132,0,1,1,0
1,0,Dellar Boucle Upholstered Back Dining Chair,Wayfair,橡膠木,46.41×39.6×97.99,49.0,4500.0,2581.0,2.5,50.7,5062.0,12.19,https://www.wayfair.com/furniture/pdp/allmodern-dellar-boucle-upholstered-back-dining-chair-w100619761.html?piid=1200011530&auctionId=42f7ff77-baca-456b-9113-d2a1897c73d7&adTypeId=1,133,0,1,1,0
0,0,Alsion 20'' H Fabric Upholstered Side Chair,Wayfair,橡膠木,48.26×154.94×43.18,25.9,4500.0,3637.0,5.0,43.8,5062.0,15.42,https://www.wayfair.com/furniture/pdp/lark-manor-alsion-fabric-side-chair-w011118629.html?piid=1158426634,134,0,1,1,0
1,0,Villard 18'' H Faux Leather Upholstered Side Chair,Wayfair,橡膠木,44.98×46.99×81.99,39.0,4500.0,2924.0,6.2486,49.5,5062.0,16.0,https://www.wayfair.com/furniture/pdp/alcott-hill-villard-solid-wood-slat-back-side-chair-w005066982.html?piid=2015393358,135,0,1,1,0
1,0,Alexa-Mae 17.15'' H Solid Wood Side Chair,Wayfair,橡膠木,56.52×67.31×97.79,55.2,4500.0,1262.0,4.78,48.3,7898.0,9.0,https://www.wayfair.com/furniture/pdp/lark-manor-alexa-mae-solid-wood-side-chair-w005962788.html?piid=713250358,136,0,1,0,0
1,0,Chaffin 17'' H Acacia Solid Wood Side Chair,Wayfair,橡膠木,52.07×58.93×82.04,33.0,3271.0,3547.0,3.07,49.0,5062.0,17.24,https://www.wayfair.com/furniture/pdp/lark-manor-chaffin-solid-wood-slat-back-side-chair-alct4484.html?piid=16214201,137,0,0,0,0
1,0,Garcelle 18'' H Side Chair,Wayfair,橡木,46.5×39.9×90.5,32.0,4500.0,2890.0,5.0,48.5,5062.0,6.49,https://www.wayfair.com/furniture/pdp/kelly-clarkson-home-garcelle-slat-back-side-chair-in-ivory-charcoal-w005851812.html,138,0,1,1,0
1,0,Janeene Dining Chairs Rustic Countryside Wooden Kitchen Chairs with Comfortable Upholstered Mid Century Side Chairs for Living Room/Lounge/Restaurant,Wayfair,橡膠木,48.26×60.96×96.52,45.7,4500.0,1280.0,2.54,50.0,4361.0,15.47,https://www.wayfair.com/furniture/pdp/latitude-run-janeene-dining-chairs-rustic-countryside-wooden-kitchen-chairs-with-comfortable-upholstered-mid-century-side-chairs-for-living-roomloungerestaurant-w111571057.html?piid=144370612%2C146034206,139,0,1,0,0
1,0,Azizi 17'' H Solid Wood Side Chair,Wayfair,橡膠木,45.72×55.88×91.44,45.7,4500.0,2539.0,2.54,45.7,5062.0,16.78,https://www.wayfair.com/furniture/pdp/one-allium-way-azizi-solid-wood-windsor-back-side-chair-w007979490.html?piid=1885414033,140,0,1,1,0
0,0,Aimee-Elizabeth 19.1'' H Upholstered Parsons Chair,Wayfair,橡膠木,43.69×50.8×91.44,45.5,7930.0,2581.0,5.0,43.6,7528.0,6.99,https://www.wayfair.com/furniture/pdp/lark-manor-aimee-elizabeth-solid-wood-parsons-chair-w010396348.html?piid=1812173982,141,0,0,0,0
1,0,Faunsdale Fabric Slat Back Side Chair Upholstery Fabric Cushion Dining Chair For Kitchen Home,Wayfair,橡木,45.72×58.42×93.98,50.8,4500.0,2362.0,7.62,43.2,4072.0,6.8,https://www.wayfair.com/furniture/pdp/george-oliver-faunsdale-fabric-slat-back-side-chair-upholstery-fabric-cushion-dining-chair-for-kitchen-home-w100215680.html?piid=781262804,142,0,1,0,0
1,0,Emmaline Solid Wood Side Chair,Wayfair,橡木,59.69×50.8×101.6,61.6,4500.0,3021.0,5.0,45.7,5062.0,9.98,https://www.wayfair.com/furniture/pdp/alcott-hill-emmaline-solid-wood-slat-back-side-chair-w005067068.html?piid=246383197,143,0,1,1,0
0,0,Upholstered Solid Wood Parsons Side Dining Chair,Wayfair,橡膠木,52.07×55.88×104.14,60.0,4500.0,2581.0,5.0,43.8,5062.0,10.21,https://www.wayfair.com/furniture/pdp/red-barrel-studio-upholstered-solid-wood-parsons-side-dining-chair-w112302067.html?piid=1447198348&auctionId=42f7ff77-baca-456b-9113-d2a1897c73d7&adTypeId=1,144,0,1,1,0
0,0,Delphine 17'' H Solid Wood Side Chair,Wayfair,橡膠木,48.51×63.5×101.6,101.6,4500.0,3458.0,7.62,48.3,5062.0,5.67,https://www.wayfair.com/furniture/pdp/kelly-clarkson-home-delphine-solid-wood-side-chair-w100153071.html?piid=1398932635&auctionId=42f7ff77-baca-456b-9113-d2a1897c73d7&adTypeId=1,145,0,1,1,0
1,0,Gallatin Solid Wood Slat Back Side Chair,Wayfair,橡膠木,58.42×53.34×78.74,35.6,4500.0,2435.0,7.62,48.3,5062.0,6.8,https://www.wayfair.com/furniture/pdp/dovecove-gallatin-solid-wood-slat-back-side-chair-w005271329.html?piid=479228860,146,0,1,1,0
1,0,Dulles Upholstered Skirted Parson Dining Side Chair White (Set Of 2),Wayfair,橡膠木,45.72×55.88×91.44,46.0,9153.0,2555.0,5.0,45.7,5062.0,8.16,https://www.wayfair.com/furniture/pdp/latitude-run-dulles-upholstered-skirted-parson-dining-side-chair-white-set-of-2-w111009681.html?piid=562318548,147,0,0,1,0
1,0,Borendy 18'' H Solid Wood Side Chair,Wayfair,橡膠木,50.8×45.47×74.93,33.8,4500.0,2581.0,3.81,40.6,5062.0,11.02,https://www.wayfair.com/furniture/pdp/george-oliver-borendy-side-chair-dining-chair-w100525080.html?piid=831644699,148,0,1,1,0
1,0,Ubaid 18'' H Solid Wood Side Chair,Wayfair,橡膠木,48.26×59.69×82.55,31.2,4500.0,3618.0,46.51,48.3,5062.0,6.3,https://www.wayfair.com/furniture/pdp/red-barrel-studio-ubaid-solid-wood-slat-back-side-chair-w001670995.html?piid=1524723628,149,0,1,1,0
1,0,Eshell 17.5'' H Solid Wood Side Chair,Wayfair,橡木,45.72×55.88×91.44,45.7,4500.0,2903.0,2.54,43.2,5062.0,7.0,https://www.wayfair.com/furniture/pdp/gracie-oaks-eshell-solid-wood-cross-back-side-chair-w005481570.html?piid=1672183845,150,0,1,1,0
1,0,Nailhead Trim Leather Upholstered Side Chair Dining Chair (Set of 2),Wayfair,橡膠木,46×53×99,48.3,3672.0,2581.0,2.5,45.7,8000.0,8.0,https://www.wayfair.com/furniture/pdp/winston-porter-nailhead-trim-leather-upholstered-side-chair-dining-chair-set-of-2-w111193028.html?piid=1205183611,151,0,0,0,0
0,0,Allena Tufted Velvet/Linen Wing Back Parsons Chair,Wayfair,橡膠木,52.07×71.12×101.6,50.8,4500.0,2346.0,45.72,50.8,5062.0,7.98,https://www.wayfair.com/furniture/pdp/rosdorf-park-allena-tufted-velvetlinen-wing-back-parsons-chair-w001171761.html?piid=98945122%2C73660452&auctionId=42f7ff77-baca-456b-9113-d2a1897c73d7&adTypeId=1,152,0,1,1,0
0,0,Montclair 18.46'' H Side Chair,Wayfair,橡膠木,49.53×50.8×99.7,54.0,4500.0,4030.0,10.0,45.7,5500.0,7.98,https://www.wayfair.com/furniture/pdp/joss-main-montclair-dining-chair-w003190781.html?piid=1551422194&auctionId=42f7ff77-baca-456b-9113-d2a1897c73d7&adTypeId=1,153,0,1,0,0
0,0,Godfrey Cane Back Arm Chair,Wayfair,橡膠木,43.18×50.8×93.98,48.3,5200.0,1161.0,5.0,45.7,3707.0,15.0,https://www.wayfair.com/furniture/pdp/birch-lane-godfrey-cane-back-arm-chair-savc1145.html?piid=53904857&auctionId=42f7ff77-baca-456b-9113-d2a1897c73d7&adTypeId=1,154,0,0,0,0
0,0,未知產品,Wayfair,橡膠木,46.99×58.42×101.6,57.2,4500.0,2581.0,5.08,44.4,5062.0,7.99,https://www.wayfair.com/furniture/pdp/gracie-oaks-upholstered-wooden-dining-chairs-w112147580.html?piid=1756808240,155,0,1,1,0
0,0,未知產品,Wayfair,橡膠木,46.41×39.6×97.99,49.0,4500.0,3183.0,4.4,50.7,5062.0,12.19,https://www.wayfair.com/furniture/pdp/joss-main-montclair-dining-chair-w003190781.html?piid=1554562122,156,0,1,1,0
1,0,未知產品,Wayfair,胡桃木,50.04×64.77×95.0,50.8,4500.0,3398.0,20.0,20.0,5062.0,7.71,https://www.wayfair.com/outdoor/pdp/sol-72-outdoor-keyla-windmill-w000064099.html?piid=115750837,157,0,1,1,0
1,0,未知產品,Wayfair,橡膠木,48.01×56.64×86.11,45.5,4500.0,2587.0,2.5,47.0,9585.0,10.89,https://www.wayfair.com/storage-organization/pdp/red-barrel-studio-farmhouse-corner-cabinet-for-living-room-kitchen-laundry-room-w006665920.html?piid=779379387,158,0,1,0,0
1,0,未知產品,Wayfair,松木,59.44×57.91×85.34,39.1,4500.0,3999.0,7.62,48.3,5062.0,7.98,https://www.wayfair.com/lighting/pdp/willa-arlo-interiors-palen-6225h-arched-floor-lamp-with-mixed-material-shade-w010969017.html,159,0,1,1,0
1,0,未知產品,Wayfair,橡膠木,48.01×56.64×86.11,48.0,4500.0,2543.0,2.5,47.0,5062.0,10.89,https://www.wayfair.com/furniture/pdp/red-barrel-studio-desarie-58-media-console-for-tvs-up-to-65-with-electric-fireplace-adjustable-shelves-and-glass-doors-w100574068.html?piid=2027364521,160,0,1,1,0
0,0,未知產品,Wayfair,橡木,79.5×66.04×243.84,45.0,4500.0,2581.0,20.0,40.0,5062.0,9.3,https://www.wayfair.com/furniture/pdp/winston-porter-2-piece-upholstered-sofa-with-charging-station-living-room-set-w112469354.html,161,0,1,1,1
0,0,未知產品,Wayfair,橡木,41.91×29.84×158.12,158.1,4500.0,1252.0,1.0,158.1,5062.0,4.75,https://www.wayfair.com/furniture/pdp/birch-lane-sharlene-swivel-side-chair-kkah1321.html?piid=89471359,162,0,1,1,0
1,0,未知產品,Wayfair,胡桃木,34.8×79.76×149.86,79.8,4500.0,5209.0,10.0,40.0,5062.0,63.87,https://www.wayfair.com/furniture/pdp/birch-lane-arnell-annie-upholstered-dining-chair-goms1691.html?piid=105301848%2C104838653,163,0,1,1,0
0,0,"Modern Dining Chairs, Brown Leather Strap Seat and Back, Black Rubberwood Frame and Legs, Minimal Assembly Required, Stylish Accent Chairs for Dining Room or Kitchen, Brown, Set of 2",Wayfair,橡木,216×58×2.54,45.0,4500.0,2581.0,2.54,2.5,5062.0,10.0,https://www.wayfair.com/furniture/pdp/xdeco-modern-dining-chairs-brown-leather-strap-seat-and-back-black-rubberwood-frame-and-legs-minimal-assembly-required-stylish-accent-chairs-for-dining-room-or-kitchen-brown-set-of-2-w112934089.html?auctionId=c0484f01-1907-4530-9840-1c5a607b9584&adTypeId=1,164,0,0,0,1
1,0,Gunnur Mid-Century Solid Wood Dining Chair,Wayfair,橡木,43×43×43,43.0,4500.0,1849.0,2.0,43.0,3872.0,7.0,https://www.wayfair.com/furniture/pdp/corrigan-studio-gunnur-mid-century-solid-wood-dining-chair-w004727522.html?piid=322007707&auctionId=c0484f01-1907-4530-9840-1c5a607b9584&adTypeId=1,165,0,1,0,0
1,0,Esita 19'' H Fabric Upholstered Folding Side Chair,Wayfair,橡木,58.42×60.96×83.82,35.6,4500.0,2553.0,40.64,48.3,5062.0,14.06,https://www.wayfair.com/furniture/pdp/williston-forge-esita-upholstered-dining-chair-w001260626.html?piid=648393644,166,0,1,1,0
0,0,Criselle Upholstered Solid Back Parsons Chair,Wayfair,橡木,59.0×63.5×92.71,45.0,4500.0,1230.0,5.21,54.0,5062.0,5.9,https://www.wayfair.com/furniture/pdp/red-barrel-studio-criselle-upholstered-solid-back-parsons-chair-w100140598.html?piid=1647227664,167,0,1,1,0
0,0,Jimma PU Leather Upholstered Dining Chairs Modern Wingback Side Chairs with Metal Legs,Wayfair,橡木,59.0×76.81×99.06,47.0,4500.0,1072.0,2.54,50.8,8380.0,11.97,https://www.wayfair.com/furniture/pdp/george-oliver-jimma-pu-leather-upholstered-dining-chairs-modern-wingback-side-chairs-with-metal-legs-w100158872.html?piid=194002851&auctionId=c0484f01-1907-4530-9840-1c5a607b9584&adTypeId=1,168,0,1,0,0
1,0,Upholstered Solid Wood Dining Chair Side Chair,Wayfair,橡膠木,53.34×58.42×80.77,38.1,4500.0,3726.0,3.0,45.2,5062.0,9.5,https://www.wayfair.com/furniture/pdp/george-oliver-upholstered-solid-wood-dining-chair-side-chair-w111225009.html?piid=740472941&auctionId=c0484f01-1907-4530-9840-1c5a607b9584&adTypeId=1,169,0,1,1,0
1,0,"Modern Upholstered Dining Chairs, Linen Fabric Parsons Kitchen Chairs, High Back Side Chairs With Solid Wood Legs",Wayfair,橡膠木,55.88×45.47×74.93,33.8,2418.0,2581.0,2.54,40.6,5062.0,5.99,https://www.wayfair.com/furniture/pdp/wildon-home-modern-upholstered-dining-chairs-linen-fabric-parsons-kitchen-chairs-high-back-side-chairs-with-solid-wood-legs-w113467577.html?piid=1781801913&auctionId=45ad5ea8-43a0-4815-acb4-08167a6fdf2e&adTypeId=1,170,0,0,1,0
0,0,"Upholstered Faux Leather Seat Rattan Back Dining Chair, Solid Wood Frame Side Chair For Living Room",Wayfair,橡膠木,43.81×53.34×85.09,36.5,4500.0,1172.0,2.5,48.0,4269.0,5.72,https://www.wayfair.com/furniture/pdp/bay-isle-home-upholstered-faux-leather-seat-rattan-back-dining-chair-solid-wood-frame-side-chair-for-living-room-w112264390.html?piid=530162804%2C530162807&auctionId=45ad5ea8-43a0-4815-acb4-08167a6fdf2e&adTypeId=1,171,0,1,0,0
1,0,"Heitger Leather Upholstered Side Chairs Modern Dining Chairs with Metal Legs, Dining Room Chair",Wayfair,橡膠木,48.26×60.96×99.06,99.1,4500.0,3275.0,4.5,45.0,3531.0,13.61,https://www.wayfair.com/furniture/pdp/george-oliver-heitger-leather-upholstered-side-chairs-modern-dining-chairs-with-metal-legs-dining-room-chair-w100747469.html?piid=1869799285&auctionId=45ad5ea8-43a0-4815-acb4-08167a6fdf2e&adTypeId=1,172,0,1,0,0
0,0,"Oversized Upholstered Back Dining Chair, Extra Wide Boucle Fabric Parsons Kitchen Chair, Wingback Side Chair With Wood Base",Wayfair,橡木,49.99×49.02×81.03,40.1,4500.0,3520.0,48.49,49.5,3957.0,6.03,https://www.wayfair.com/furniture/pdp/latitude-run-oversized-upholstered-back-dining-chair-extra-wide-boucle-fabric-parsons-kitchen-chair-wingback-side-chair-with-wood-base-w112994212.html?piid=1320972475&auctionId=45ad5ea8-43a0-4815-acb4-08167a6fdf2e&adTypeId=1,173,0,1,0,0
1,0,Weldy 18'' H Solid Wood Side Chair,Wayfair,橡膠木,55.88×52.07×81.28,41.9,4500.0,2771.0,5.0,49.0,5062.0,6.8,https://www.wayfair.com/furniture/pdp/red-barrel-studio-weldy-slat-back-side-chair-w005001208.html?piid=449722702,174,0,1,1,0
1,0,Anirudha 16'' H Upholstered Side Chair,Wayfair,橡膠木,44.45×51.05×88.14,43.9,4500.0,2581.0,5.2,48.0,3422.0,5.85,https://www.wayfair.com/furniture/pdp/lark-manor-anirudha-solid-wood-dining-chair-w004272468.html,175,0,1,0,0
1,0,Ambo 19'' H Fabric Upholstered Side Chair,Wayfair,橡膠木,46.99×49.53×80.01,35.6,2640.0,2336.0,2.0,47.0,5103.0,4.54,https://www.wayfair.com/furniture/pdp/lark-manor-ambo-fabric-slat-back-side-chair-in-gray-w010711253.html?piid=1451034963,176,0,0,0,0
0,0,Edison Park Upholstered Ladder Back Side Chair,Wayfair,橡膠木,48.51×43.94×78.49,40.1,4500.0,3865.0,48.49,47.0,5062.0,5.7,https://www.wayfair.com/furniture/pdp/union-rustic-edison-park-upholstered-ladder-back-side-chair-w002533398.html,177,0,1,1,0
1,0,Brydon 18.9'' H Upholstered Walnut Side Chair,Wayfair,橡膠木,68.07×50.04×85.09,40.1,4500.0,5716.0,5.0,47.0,5062.0,16.78,https://www.wayfair.com/furniture/pdp/george-oliver-brydon-side-chair-golv4975.html,178,0,1,1,0
1,0,Dembinski 17.7'' H Solid Wood Side Chair,Wayfair,橡膠木,45.72×53.34×90.81,45.1,4500.0,1161.0,2.0,45.7,5062.0,6.35,https://www.wayfair.com/furniture/pdp/red-barrel-studio-dembinski-solid-wood-queen-anne-back-side-chair-w004452753.html?piid=508764005,179,0,1,1,0
1,0,Khala 18'' H Fabric Upholstered Oak Side Chair,Wayfair,橡膠木,57.25×44.5×97.0,38.2,4500.0,3068.0,2.5,40.6,5993.0,8.35,https://www.wayfair.com/furniture/pdp/george-oliver-khala-fabric-side-chair-dining-chair-w110272036.html,180,0,1,0,0
1,0,"Mid Century Windsor Back Solid Wood Dining Chair, Farmhouse Slat Back Side Chair For Kitchen/Dining Room",Wayfair,橡膠木,49.53×61.59×99.06,39.0,4500.0,1764.0,4.5,48.3,5062.0,14.0,https://www.wayfair.com/furniture/pdp/george-oliver-mid-century-windsor-back-solid-wood-dining-chair-farmhouse-slat-back-side-chair-for-kitchendining-room-w112175120.html?piid=1229254546,181,0,1,1,0
1,0,"Bronxton 17"" Wide Walnut Wood Country Farmhouse Cross Back Dining Chairs",Wayfair,橡膠木,48.51×59.94×103.63,103.6,4500.0,3303.0,2.5,49.0,5000.0,7.94,https://www.wayfair.com/furniture/pdp/gracie-oaks-bronxton-17-wide-walnut-wood-country-farmhouse-cross-back-dining-chairs-w110858869.html?piid=323251409,182,0,1,0,0
1,0,Chesley 17.13'' H Solid Wood Side Chair,Wayfair,橡膠木,44.6×50.01×80.01,31.8,4500.0,2581.0,2.54,48.3,5062.0,4.5,https://www.wayfair.com/furniture/pdp/chesley-solid-wood-side-chair-w011339348.html?piid=1853437640,183,0,1,1,0
1,0,Drumnadrough Upholstered Side Chair,Wayfair,橡木,45.47×50.55×95.0,49.5,4500.0,2581.0,5.08,45.0,3598.0,6.99,https://www.wayfair.com/furniture/pdp/corrigan-studio-drumnadrough-upholstered-side-chair-w004996128.html?piid=110161587%2C110161585,184,0,1,0,0
1,0,"Brendi 17"" Wide Scandinavian Mid-Century Modern Minimalist Solid Wood Spindle Back Dining Chairs",Wayfair,橡膠木,46.0×52.98×78.99,31.1,4500.0,4112.0,2.54,45.7,5062.0,13.97,https://www.wayfair.com/furniture/pdp/wade-logan-brendi-17-wide-scandinavian-mid-century-modern-minimalist-solid-wood-spindle-back-dining-chairs-w100383028.html?piid=118977947,185,0,1,1,0
0,0,Isadore 20'' H Faux Leather Upholstered Armchair,Wayfair,橡木,46.99×46.99×88.27,45.7,4500.0,2581.0,2.5,43.2,7181.0,4.94,https://www.wayfair.com/furniture/pdp/three-posts-isadore-upholstered-slat-back-arm-chair-in-light-oak-loon6113.html,186,0,1,0,0
1,0,Brently Upholstered Dining Chair,Wayfair,橡木,43.81×50.39×90.17,45.0,4500.0,2581.0,1.5,45.2,6558.0,6.21,https://www.wayfair.com/furniture/pdp/wade-logan-brently-upholstered-dining-chair-w009687438.html?piid=25053533,187,0,1,0,0
0,0,Brently Solid Wood Upholstered Side Chair Dining Chair,Wayfair,橡膠木,45.97×45.97×88.01,89.2,4500.0,2622.0,1.6,43.5,5062.0,11.0,https://www.wayfair.com/furniture/pdp/wade-logan-brently-solid-wood-upholstered-side-chair-dining-chair-w006903626.html?piid=1949574941&auctionId=45ad5ea8-43a0-4815-acb4-08167a6fdf2e&adTypeId=1,188,0,1,1,0
0,0,"21.3""W Upholstered Swivel Dining Chair, Boucle Fabric Barrel Kitchen Chair, Wingback Side Chair, Vanity Chair",Wayfair,橡膠木,50.16×57.15×73.03,28.8,4500.0,3316.0,1.905,17.2,9724.0,5.6,https://www.wayfair.com/furniture/pdp/latitude-run-213w-upholstered-swivel-dining-chair-boucle-fabric-barrel-kitchen-chair-wingback-side-chair-vanity-chair-w113149967.html?piid=513384088&auctionId=45ad5ea8-43a0-4815-acb4-08167a6fdf2e&adTypeId=1,189,0,1,0,0
1,0,Beachem Modern and Contemporary Upholstered and Wood Dining Chair,Wayfair,橡膠木,44.2×51.56×85.09,39.6,4500.0,4381.0,17.9,45.5,4762.0,11.02,https://www.wayfair.com/furniture/pdp/red-barrel-studio-beachem-modern-and-contemporary-upholstered-and-wood-dining-chair-w004338891.html,190,0,1,0,0
1,0,Ravoir 18.5'' H Upholstered Parsons Chair,Wayfair,橡膠木,58.42×58.42×106.68,21.6,4500.0,1045.0,3.15,44.7,5062.0,9.07,https://www.wayfair.com/furniture/pdp/red-barrel-studio-ravoir-upholstered-solid-wood-cross-back-parsons-chair-w003007759.html?piid=241523488%2C241523491,191,0,1,1,0
1,0,Tanvier Slatted Back Dining Chair Solid Wood Side Chair,Wayfair,橡木,52.07×58.93×82.04,33.0,4500.0,3629.0,3.0,49.0,5062.0,17.24,https://www.wayfair.com/furniture/pdp/red-barrel-studio-tanvier-slatted-back-dining-chair-solid-wood-side-chair-w110869867.html?piid=682078794,192,0,1,1,0
1,0,Chiem 18'' H Solid Wood Side Chair,Wayfair,橡膠木,52.07×58.93×82.04,33.0,1638.0,3162.0,2.54,49.0,5062.0,17.24,https://www.wayfair.com/furniture/pdp/charlton-home-chiem-solid-wood-ladder-back-side-chair-atgr1490.html?piid=15376013,193,0,0,1,0
0,0,Budworth 19.5'' H Upholstered Acacia Side Chair,Wayfair,橡膠木,60.96×68.07×89.15,45.0,6540.0,4450.0,10.0,49.0,5062.0,14.51,https://www.wayfair.com/furniture/pdp/rosecliff-heights-budworth-slat-back-side-chair-w004460105.html?piid=1150348438,194,0,0,1,0
0,0,Courtdale 18'' H Solid Wood Side Chair,Wayfair,橡膠木,47.5×51.56×95.0,47.5,4500.0,2940.0,2.55,45.7,9999.0,6.26,https://www.wayfair.com/furniture/pdp/three-posts-courtdale-solid-wood-slat-back-side-chair-w001451832.html?piid=971285375,195,0,1,0,0
1,0,Syriyah LuxePadded Dining Chairs,Wayfair,橡膠木,44.96×52.07×95.0,50.0,4500.0,2581.0,5.0,47.0,2499.0,7.0,https://www.wayfair.com/furniture/pdp/winston-porter-syriyah-luxepadded-dining-chairs-w111444232.html?piid=1018406138,196,0,1,0,0
0,0,"Dining Chair Frame (2 Pack), Pecan with Cream Cushion",Wayfair,橡膠木,43.48×52.3×91.01,48.3,4500.0,2616.0,2.54,44.0,5062.0,12.6,https://www.wayfair.com/furniture/pdp/latitude-run-dining-chair-frame-2-pack-pecan-with-cream-cushion-w111099066.html?piid=459420454,197,0,1,1,0
0,0,Gutierrez 18'' H Oak Solid Wood Side Chair,Wayfair,橡膠木,56×61×112,71.0,4500.0,2066.0,3.0,45.7,5062.0,7.26,https://www.wayfair.com/furniture/pdp/rosalind-wheeler-gutierrez-solid-wood-windsor-back-side-chair-w006631789.html?piid=717987981,198,0,1,1,0
0,0,Modern Sleek Dining Chairs with Geometric High Back,Wayfair,橡木,45.72×53.34×93.98,94.0,4500.0,3101.0,5.0,49.5,5062.0,6.35,https://www.wayfair.com/furniture/pdp/lark-manor-modern-sleek-dining-chairs-with-geometric-high-back-w008243039.html?piid=1047210288,199,0,1,1,0
0,0,"Solid Wood Dining Chair, Mid-Century Chair",Wayfair,橡膠木,50.8×58.42×99.06,79.4,4500.0,1868.0,5.0,45.7,4516.0,7.71,https://www.wayfair.com/furniture/pdp/corrigan-studio-solid-wood-dining-chair-mid-century-chair-w003522889.html?piid=1899324621&auctionId=45ad5ea8-43a0-4815-acb4-08167a6fdf2e&adTypeId=1,200,0,1,0,0
0,0,Upholstered Solid Wood Parsons Side Dining Chair,Wayfair,橡膠木,45.72×71.12×101.6,55.9,4500.0,2057.0,5.0,50.8,5062.0,14.51,https://www.wayfair.com/furniture/pdp/red-barrel-studio-upholstered-solid-wood-parsons-side-dining-chair-w112302067.html?piid=1447198348&auctionId=45ad5ea8-43a0-4815-acb4-08167a6fdf2e&adTypeId=1,201,0,1,1,0
1,0,Upholstered Wooden Dining Chairs,Wayfair,橡膠木,50.16×59.69×83.19,32.8,4500.0,2871.0,2.5,45.7,8368.0,10.0,https://www.wayfair.com/furniture/pdp/gracie-oaks-upholstered-wooden-dining-chairs-w112147580.html?piid=1756808242&auctionId=45ad5ea8-43a0-4815-acb4-08167a6fdf2e&adTypeId=1,202,0,1,0,0
0,0,Babbette Solid Wood Side Chair Dining Chair,Wayfair,橡膠木,44.45×46.48×88.9,44.4,4500.0,2581.0,2.0,45.0,5062.0,6.39,https://www.wayfair.com/furniture/pdp/corrigan-studio-babbette-solid-wood-side-chair-dining-chair-w100479367.html?piid=1645830688,203,0,1,0,0
1,0,Toby 18.5'' H Solid Wood Side Chair,Wayfair,橡膠木,50.8×45.47×74.93,33.8,4500.0,2581.0,3.0,40.6,5062.0,11.02,https://www.wayfair.com/furniture/pdp/august-grove-toby-traditional-solid-wood-dining-chair-w004871202.html?piid=1486436133,204,0,1,0,0
0,0,"Majidah 21.7"" Contemporary Black Windsor Style Spindle Back Dining Side Chair",Wayfair,實木,,45.0,4500.0,2581.0,2.5,2.5,5062.0,7.0,https://www.wayfair.com/furniture/pdp/gracie-oaks-majidah-217-contemporary-black-windsor-style-spindle-back-dining-side-chair-w111077490.html,205,0,0,0,1
1,0,Annetta Rattan Dining Chair Set,Wayfair,橡膠木,44.45×58.42×81.28,41.9,2564.0,2581.0,5.0,50.8,5062.0,5.9,https://www.wayfair.com/furniture/pdp/beachcrest-home-annetta-rattan-dining-chair-set-w006433286.html,206,0,0,0,0
1,0,Arv 18'' H Solid Wood Side Chair,Wayfair,橡膠木,43.94×37.85×93.47,49.0,4500.0,2501.0,5.0,44.4,6984.0,9.6,https://www.wayfair.com/furniture/pdp/lark-manor-arv-solid-wood-ladder-back-side-chair-w003242239.html?piid=9230731,207,0,1,0,0
1,0,Geelt Upholstered Dining Chairs with Casters,Wayfair,橡膠木,50.04×55.12×80.01,31.5,4500.0,2581.0,2.54,44.0,5062.0,6.0,https://www.wayfair.com/furniture/pdp/everly-quinn-geelt-upholstered-dining-chairs-with-casters-w111239925.html?piid=974476005&auctionId=45ad5ea8-43a0-4815-acb4-08167a6fdf2e&adTypeId=1,208,0,1,1,0
1,0,"18.9""H Mid-Century Modern Upholstered Dining Chairs, Linen Fabric Side Chairs, Armless Parsons Kitchen Chairs With Solid Wood Legs",Wayfair,橡膠木,47.62×39.62×91.44,45.7,4500.0,2838.0,2.54,47.0,3609.0,9.53,https://www.wayfair.com/furniture/pdp/red-barrel-studio-189h-mid-century-modern-upholstered-dining-chairs-linen-fabric-side-chairs-armless-parsons-kitchen-chairs-with-solid-wood-legs-w112867514.html?piid=1284124903&auctionId=45ad5ea8-43a0-4815-acb4-08167a6fdf2e&adTypeId=1,209,0,1,0,0
0,0,"20.1""W Mid-Century Modern Dining Chairs, Fabric/Leather Upholstered Side Chairs, Armless Vanity Chair With Metal Legs For Dining Living Room Vanity Office",Wayfair,橡膠木,55.12×24.89×73.91,30.2,4500.0,1363.0,25.0,45.0,5062.0,15.0,https://www.wayfair.com/furniture/pdp/george-oliver-201w-mid-century-modern-dining-chairs-fabricleather-upholstered-side-chairs-armless-vanity-chair-with-metal-legs-for-dining-living-room-vanity-office-w112410078.html?piid=2103815786&auctionId=45ad5ea8-43a0-4815-acb4-08167a6fdf2e&adTypeId=1,210,0,1,1,0
1,0,未知產品,Wayfair,橡膠木,51.44×43.18×106.68,61.0,4500.0,1323.0,3.5,45.7,5062.0,8.16,https://www.wayfair.com/furniture/pdp/winston-porter-2-piece-upholstered-sofa-with-charging-station-living-room-set-w112469354.html,211,0,1,1,0
0,0,未知產品,Wayfair,實木,2.54×152.4×12.7,30.6,4500.0,2581.0,10.0,49.0,5062.0,12.0,https://www.wayfair.com/furniture/pdp/red-barrel-studio-desarie-58-media-console-for-tvs-up-to-65-with-electric-fireplace-adjustable-shelves-and-glass-doors-w100574068.html?piid=2027364521,212,0,1,1,0
1,0,未知產品,Wayfair,實木,2.54×152.4×2.54,73.7,4500.0,2280.0,2.54,48.0,5062.0,15.0,https://www.wayfair.com/storage-organization/pdp/ebern-designs-fabric-storage-bin-set-w009866397.html?piid=1778389486%2C1796611417,213,0,1,1,0
0,0,未知產品,Wayfair,實木,2.54×2.54×2.54,45.0,4500.0,2581.0,0.25,2.5,5062.0,1.36,https://www.wayfair.com/lighting/pdp/willa-arlo-interiors-palen-6225h-arched-floor-lamp-with-mixed-material-shade-w010969017.html,214,0,0,0,0
0,0,未知產品,Wayfair,橡木,56.13×58.17×88.14,43.2,4500.0,3919.0,5.0,45.0,5062.0,6.6,https://www.wayfair.com/storage-organization/pdp/red-barrel-studio-farmhouse-corner-cabinet-for-living-room-kitchen-laundry-room-w006665920.html?piid=785868959,215,0,1,1,0
0,0,未知產品,Wayfair,橡木,2.54×2.54×2.54,45.0,4500.0,2581.0,0.5,1.3,5062.0,0.5,https://www.wayfair.com/furniture/pdp/joss-main-montclair-dining-chair-w003190781.html?piid=1554562122,216,0,0,0,0
1,0,未知產品,Wayfair,橡木,2.54×59.4×2.54,45.0,4500.0,5212.0,0.64,0.6,5062.0,12.0,https://www.wayfair.com/furniture/pdp/gracie-oaks-upholstered-wooden-dining-chairs-w112147580.html?piid=1756808240,217,0,0,0,0
0,0,未知產品,Wayfair,實木,34.8×79.76×149.86,80.0,4500.0,5206.0,33.02,81.3,5062.0,63.87,https://www.wayfair.com/furniture/pdp/birch-lane-arnell-annie-upholstered-dining-chair-goms1691.html?piid=105301848%2C104838653,218,0,1,1,0
0,0,未知產品,Wayfair,實木,2.54×2.54×2.54,45.0,4500.0,2581.0,0.5,2.5,5062.0,2.72,https://www.wayfair.com/furniture/pdp/birch-lane-brinley-side-chair-kkah1322.html?piid=89471361,219,0,0,0,0
1,0,未知產品,Wayfair,橡木,41.91×29.84×158.12,158.1,4500.0,4968.0,3.0,158.1,5062.0,4.75,https://www.wayfair.com/furniture/pdp/birch-lane-niara-leather-side-chair-bl25808.html?piid=104827903,220,0,1,1,0
0,0,"Modern Dining Chairs, Brown Leather Strap Seat and Back, Black Rubberwood Frame and Legs, Minimal Assembly Required, Stylish Accent Chairs for Dining Room or Kitchen, Brown, Set of 2",Wayfair,橡木,55.88×39.62×164.59,102.0,4500.0,2240.0,2.5,40.0,6400.0,15.0,https://www.wayfair.com/furniture/pdp/xdeco-modern-dining-chairs-brown-leather-strap-seat-and-back-black-rubberwood-frame-and-legs-minimal-assembly-required-stylish-accent-chairs-for-dining-room-or-kitchen-brown-set-of-2-w112934089.html?auctionId=314e4631-57af-49b9-98c3-56a1aa7effd1&adTypeId=1,221,0,1,0,0
0,0,Gunnur Mid-Century Solid Wood Dining Chair,Wayfair,橡木,79.5×66.04×243.84,45.0,4500.0,5236.0,5.08,50.0,5062.0,9.3,https://www.wayfair.com/furniture/pdp/corrigan-studio-gunnur-mid-century-solid-wood-dining-chair-w004727522.html?piid=322007707&auctionId=314e4631-57af-49b9-98c3-56a1aa7effd1&adTypeId=1,222,0,1,1,0
1,0,Drumnadrough Upholstered Side Chair,Wayfair,橡膠木,48.01×56.64×86.11,86.1,5038.0,3236.0,5.0,45.1,5062.0,10.89,https://www.wayfair.com/furniture/pdp/corrigan-studio-drumnadrough-upholstered-side-chair-w004996128.html?piid=110161585%2C110161587,223,0,0,1,0
1,0,Aveon Tufted Leather Side Chair with Cane Rattan Back,Wayfair,橡膠木,44.5×58.4×86.4,41.9,4500.0,2581.0,2.5,51.0,5062.0,5.9,https://www.wayfair.com/furniture/pdp/corrigan-studio-aveon-tufted-leather-side-chair-with-cane-rattan-back-w010718828.html?piid=1838494370,224,0,1,1,0
0,0,"Heitger Leather Upholstered Side Chairs Modern Dining Chairs with Metal Legs, Dining Room Chair",Wayfair,橡木,59.0×76.81×99.06,47.0,4500.0,1197.0,5.0,50.8,5062.0,11.97,https://www.wayfair.com/furniture/pdp/george-oliver-heitger-leather-upholstered-side-chairs-modern-dining-chairs-with-metal-legs-dining-room-chair-w100747469.html?piid=1869799285&auctionId=314e4631-57af-49b9-98c3-56a1aa7effd1&adTypeId=1,225,0,1,1,0
0,0,Arondell Solid Wood Cane Side Chair,Wayfair,橡木,59.0×63.5×92.71,45.0,4500.0,3416.0,5.2062,54.0,5062.0,5.9,https://www.wayfair.com/furniture/pdp/bayou-breeze-arondell-solid-wood-cane-side-chair-w110188392.html?piid=1040276121&auctionId=314e4631-57af-49b9-98c3-56a1aa7effd1&adTypeId=1,226,0,1,1,0
0,0,Botello 17'' H Teak Side Chair,Wayfair,橡木,59.0×64.01×95.0,44.2,4500.0,3400.0,2.5,49.8,3180.0,6.35,https://www.wayfair.com/furniture/pdp/beachcrest-home-botello-teak-outdoor-dining-side-chair-w100279791.html?auctionId=bcdc5c6d-2694-49c0-8801-97d83212c533&adTypeId=1,227,0,1,0,0
0,0,Solid Wood Upholstered Side Chair Dining Chair,Wayfair,橡膠木,53.34×58.42×80.77,38.1,4500.0,2581.0,2.54,45.2,4662.0,14.5,https://www.wayfair.com/furniture/pdp/corrigan-studio-solid-wood-upholstered-side-chair-dining-chair-w111412080.html?piid=71942089&auctionId=bcdc5c6d-2694-49c0-8801-97d83212c533&adTypeId=1,228,0,1,0,0
0,0,"Solid Wood Dining Chair, Mid-Century Chair",Wayfair,橡膠木,55.88×45.47×74.93,33.8,9239.0,4635.0,2.5,40.6,5062.0,5.99,https://www.wayfair.com/furniture/pdp/corrigan-studio-solid-wood-dining-chair-mid-century-chair-w003522889.html?piid=1899324621&auctionId=bcdc5c6d-2694-49c0-8801-97d83212c533&adTypeId=1,229,0,0,1,0
0,0,"20.1""W Mid-Century Modern Dining Chairs, Fabric/Leather Upholstered Side Chairs, Armless Vanity Chair With Metal Legs For Dining Living Room Vanity Office",Wayfair,橡膠木,50.16×57.15×73.03,28.8,4500.0,3293.0,2.54,43.8,5062.0,5.6,https://www.wayfair.com/furniture/pdp/george-oliver-201w-mid-century-modern-dining-chairs-fabricleather-upholstered-side-chairs-armless-vanity-chair-with-metal-legs-for-dining-living-room-vanity-office-w112410078.html?piid=2103815786&auctionId=bcdc5c6d-2694-49c0-8801-97d83212c533&adTypeId=1,230,0,1,1,0
1,0,"Archy 17"" wide Rustic Farmhouse Solid Wood Ladder Back Upholstered Dining Side Chair",Wayfair,橡木,48.01×53.09×83.57,35.0,4500.0,1068.0,2.5,48.5,5062.0,6.75,https://www.wayfair.com/furniture/pdp/lark-manor-archy-17-wide-rustic-farmhouse-solid-wood-ladder-back-upholstered-dining-side-chair-w100800126.html?piid=439192314,231,0,1,0,0
1,0,Ernie 19'' H Upholstered Side Chair,Wayfair,橡膠木,48.51×43.94×78.49,40.1,4500.0,3503.0,4.85,47.0,5062.0,5.7,https://www.wayfair.com/furniture/pdp/sand-stable-ernie-slat-back-side-chair-in-rustic-gray-w005688826.html,232,0,1,1,0
1,0,Neymar 18.5'' H Faux Leather Upholstered Pine Side Chair,Wayfair,橡膠木,42.55×52.07×82.55,41.9,8704.0,2581.0,4.0,42.6,5062.0,9.0,https://www.wayfair.com/furniture/pdp/hokku-designs-neymar-solid-back-side-chair-in-dark-brown-xhx1324.html,233,0,0,1,0
0,0,"Majidah 21.7"" Contemporary Black Windsor Style Spindle Back Dining Side Chair",Wayfair,橡膠木,50.16×56.52×90.81,72.8,4500.0,2618.0,6.75,43.2,5062.0,14.06,https://www.wayfair.com/furniture/pdp/gracie-oaks-majidah-217-contemporary-black-windsor-style-spindle-back-dining-side-chair-w111077490.html,234,0,1,1,0
0,0,Seymore Velvet Side Chair (set of 2),Wayfair,橡木,55.88×52.07×81.28,31.8,4500.0,3307.0,2.87,52.0,4938.0,6.58,https://www.wayfair.com/furniture/pdp/willa-arlo-interiors-seymore-velvet-side-chair-set-of-2-w112166536.html,235,0,1,0,0
1,0,Loleta 18.9'' H Fabric Upholstered Side Chair,Wayfair,橡膠木,50.8×45.47×74.93,33.8,4500.0,2636.0,45.72,40.6,5165.0,11.02,https://www.wayfair.com/furniture/pdp/red-barrel-studio-loleta-fabric-slat-back-side-chair-dining-chair-w100214340.html?piid=88341045%2C88341046,236,0,1,0,0
0,0,"Brannagh 19.3"" Modern Solid Wood Dining Chair Scandinavian Y-Shaped Backrest",Wayfair,橡木,56.13×58.17×88.14,43.2,9553.0,3792.0,5.0,45.0,6781.0,6.6,https://www.wayfair.com/furniture/pdp/corrigan-studio-brannagh-193-modern-solid-wood-dining-chair-scandinavian-y-shaped-backrest-w111176978.html,237,0,0,0,0
0,0,Alkistis 17.5'' H Solid Wood Side Chair,Wayfair,橡膠木,45.47×53.09×88.9,44.4,4500.0,2810.0,2.5,47.5,5062.0,23.75,https://www.wayfair.com/furniture/pdp/lark-manor-alkistis-dining-chair-w004217160.html,238,0,1,1,0
1,0,Jasso 18.88'' H Upholstered Side Chair,Wayfair,橡木,48.26×60.96×101.6,82.1,4500.0,3437.0,3.0,48.3,4089.0,17.69,https://www.wayfair.com/furniture/pdp/gracie-oaks-jasso-upholstered-ladder-back-side-chair-in-vintage-white-w002146323.html,239,0,1,0,0
1,0,Morganstern 18.5'' H Upholstered Side Chair,Wayfair,橡木,46.99×59.69×96.52,49.5,4500.0,3530.0,2.5,47.0,5062.0,12.7,https://www.wayfair.com/furniture/pdp/gracie-oaks-morganstern-solid-wood-cross-back-side-chair-w009980954.html?piid=1835103391,240,0,1,1,0
1,0,Revis 17.9'' H Upholstered Side Chair,Wayfair,橡膠木,55.12×24.89×73.91,29.1,4500.0,5508.0,3.0,45.0,5062.0,15.0,https://www.wayfair.com/furniture/pdp/alcott-hill-revis-side-chair-in-walnut-brown-w002800558.html,241,0,1,0,0
1,0,Barbagallo 19'' H Tufted Upholstered Parsons Chair,Wayfair,橡膠木,55.88×56.9×80.77,64.9,4500.0,1401.0,15.24,40.6,5062.0,18.14,https://www.wayfair.com/furniture/pdp/winston-porter-barbagallo-tufted-parsons-chair-w002380362.html?piid=334972027,242,0,1,1,0
0,0,Kubiak Boucle Upholstered Side Dining Chairs,Wayfair,橡膠木,47×45.2×95,47.5,4500.0,1462.0,2.5,48.0,9120.0,6.49,https://www.wayfair.com/furniture/pdp/beachcrest-home-kubiak-boucle-upholstered-side-dining-chairs-w010344766.html?piid=848656373,243,0,1,0,0
0,0,Parsons Upholstered Dining Chair Solid Wood Side Chair,Wayfair,橡膠木,45.72×55.88×96.52,48.3,4500.0,2581.0,2.54,45.7,5062.0,19.05,https://www.wayfair.com/furniture/pdp/lark-manor-parsons-upholstered-dining-chair-solid-wood-side-chair-w113301322.html?piid=1942706865&auctionId=bcdc5c6d-2694-49c0-8801-97d83212c533&adTypeId=1,244,0,1,1,0
1,0,Roseland 19.25'' H Linen Upholstered Side Chair,Wayfair,橡木,49.53×55.88×99.06,48.9,4500.0,2581.0,2.5,48.0,5062.0,9.98,https://www.wayfair.com/furniture/pdp/beachcrest-home-roseland-modern-solid-wood-dining-chair-with-rattan-backrest-kthm7519.html?piid=94190908&auctionId=bcdc5c6d-2694-49c0-8801-97d83212c533&adTypeId=1,245,0,1,1,0
1,0,Avra Upholstered Solid Wood Side Chair,Wayfair,橡膠木,41.91×50.04×83.06,32.7,4500.0,2722.0,2.0,47.0,2325.0,11.79,https://www.wayfair.com/furniture/pdp/wade-logan-avra-upholstered-solid-wood-side-chair-w004817711.html?piid=1449448489,246,0,1,0,0
0,0,Aizlee Modern and Contemporary Upholstered Wood Dining Chair,Wayfair,橡膠木,45.47×55.88×98.04,48.0,4500.0,2782.0,2.54,45.5,5062.0,6.26,https://www.wayfair.com/furniture/pdp/red-barrel-studio-aizlee-modern-and-contemporary-upholstered-wood-dining-chair-w003600184.html,247,0,1,1,0
1,0,Meria 19.25'' H Linen Blend Upholstered Parsons Chair,Wayfair,橡膠木,44.96×44.96×99.06,54.9,4500.0,3066.0,5.08,48.3,5062.0,12.97,https://www.wayfair.com/furniture/pdp/joss-main-meria-upholstered-parsons-chair-in-beige-w004135423.html,248,0,1,1,0
1,0,Iftekar Solid Wood Upholstered Dining Chair Side Chair,Wayfair,橡膠木,48.26×48.26×83.06,81.6,4500.0,3246.0,0.635,45.7,5062.0,14.6,https://www.wayfair.com/furniture/pdp/latitude-run-iftekar-solid-wood-upholstered-dining-chair-side-chair-w110869865.html?piid=878007064,249,0,1,1,0
1,0,"Wood Dining Chairs Set, Solid Oak Wood Chairs w/ Backrest & Seat, Anti-Slip Pads",Wayfair,橡膠木,48.01×57.91×82.04,38.1,4500.0,2581.0,7.0,48.0,5062.0,14.7,https://www.wayfair.com/furniture/pdp/corrigan-studio-wood-dining-chairs-set-solid-oak-wood-chairs-w-backrest-seat-anti-slip-pads-w100548677.html?piid=149511696,250,0,1,1,0
0,0,Ameriga 19.3'' H Tufted Upholstered Parsons Chair,Wayfair,橡木,47.5×59.0×86.36,36.5,4500.0,2034.0,13.485,50.6,5062.0,13.61,https://www.wayfair.com/furniture/pdp/lark-manor-ameriga-tufted-upholstered-side-chair-w003372494.html?piid=1473721959%2C1414671381,251,0,1,1,0
1,0,Modway Copper Grove Vodice Fabric and Wood Dining Chair,Wayfair,橡膠木,48.26×52.07×86.36,37.5,4500.0,3570.0,5.0,48.9,5062.0,11.79,https://www.wayfair.com/furniture/pdp/modway-copper-grove-vodice-fabric-and-wood-dining-chair-w001588405.html?piid=1978174948,252,0,1,1,0
1,0,Soho 17.25'' H Solid Wood Side Chair,Wayfair,橡膠木,53.09×49.02×82.04,39.9,4500.0,4048.0,3.0,47.5,5062.0,10.57,https://www.wayfair.com/furniture/pdp/kelly-clarkson-home-soho-solid-wood-side-chair-set-of-2-w002573733.html?piid=1427576342,253,0,1,1,0
1,0,Aquila 17.75'' H Solid Wood Side Chair,Wayfair,橡膠木,45.97×51.56×95.0,95.0,4500.0,2926.0,5.0,45.5,5062.0,6.26,https://www.wayfair.com/furniture/pdp/aquila-solid-wood-cross-back-side-chair-w005482420.html?piid=55329508,254,0,1,1,0
0,0,Zida Solid Wood Ladder Back Side Chair,Wayfair,橡膠木,48.26×58.42×91.44,91.4,4500.0,2581.0,4.7625,48.9,5062.0,5.44,https://www.wayfair.com/furniture/pdp/red-barrel-studio-zida-solid-wood-ladder-back-side-chair-w009981479.html?piid=1938736047,255,0,1,1,1
1,0,Upholstered Solid Wood Fabric Dining Chair,Wayfair,橡膠木,45.01×57.51×101.5,51.4,4500.0,2581.0,8.9,48.5,5062.0,12.36,https://www.wayfair.com/furniture/pdp/corrigan-studio-upholstered-solid-wood-fabric-dining-chair-w111861997.html?piid=4463204&auctionId=bcdc5c6d-2694-49c0-8801-97d83212c533&adTypeId=1,256,0,1,1,0
1,0,Almar Mid-Century Upholstered Dining Chair in Walnut Finish with Open Lower Back,Wayfair,橡膠木,50.8×53.34×78.74,78.7,4500.0,1045.0,2.54,43.2,5062.0,24.95,https://www.wayfair.com/furniture/pdp/george-oliver-almar-mid-century-upholstered-dining-chair-in-walnut-finish-with-open-lower-back-w003528617.html?piid=524370324&auctionId=bcdc5c6d-2694-49c0-8801-97d83212c533&adTypeId=1,257,0,1,1,0
0,0,Sofid Nailed Trim Faux Leather Waterproof Upholstered Parsons Dining Chairs,Wayfair,橡膠木,46.99×55.12×101.09,56.9,4500.0,3274.0,2.7,49.0,5062.0,7.88,https://www.wayfair.com/furniture/pdp/subrtex-sofid-nailed-trim-faux-leather-waterproof-upholstered-parsons-dining-chairs-subx1650.html?piid=84118437&auctionId=bcdc5c6d-2694-49c0-8801-97d83212c533&adTypeId=1,258,0,1,1,0
0,0,"Delphina 17"" Wide Contemporary Solid Wood Windsor Slat Back Dining Chair(Set of 4)",Wayfair,橡木,55.88×63.5×91.44,39.4,4500.0,5018.0,2.5,52.1,5062.0,44.0,https://www.wayfair.com/furniture/pdp/gracie-oaks-delphina-17-wide-contemporary-solid-wood-windsor-slat-back-dining-chairset-of-4-duhm4092.html,259,0,1,1,0
1,0,Platten 17.7'' H Upholstered Side Chair,Wayfair,橡膠木,42.93×50.04×93.98,47.2,4500.0,2581.0,2.5,47.0,2900.0,11.79,https://www.wayfair.com/furniture/pdp/charlton-home-platten-side-chair-w002164979.html?piid=610054912%2C610054943,260,0,1,0,0
1,0,"Brookner 17"" Wide Wooden Dining Chairs With Double Cross-Back Design",Wayfair,橡膠木,48.26×50.55×76.96,33.0,4500.0,2581.0,5.0,12.7,5062.0,12.7,https://www.wayfair.com/furniture/pdp/gracie-oaks-brookner-17-wide-wooden-dining-chairs-with-double-cross-back-design-duhm4022.html?piid=101193050%2C99306171,261,0,1,1,0
1,0,Modway Duchess Button Tufted Fabric Dining Chair,Wayfair,橡木,50.8×63.5×80.01,31.8,4500.0,3251.0,5.0,45.7,10000.0,6.35,https://www.wayfair.com/furniture/pdp/modway-duchess-button-tufted-fabric-dining-chair-fow22037.html?piid=108466789,262,0,1,0,0
1,0,Mackensie Upholstered Dining Chairs Faux Leather Kitchen Chairs with Metal Legs,Wayfair,橡膠木,48.26×64.77×88.39,40.0,4500.0,2581.0,10.16,10.2,2187.0,6.8,https://www.wayfair.com/furniture/pdp/ivy-bronx-mackensie-upholstered-dining-chairs-faux-leather-kitchen-chairs-with-metal-legs-w113333285.html?piid=1464084907&auctionId=bcdc5c6d-2694-49c0-8801-97d83212c533&adTypeId=1,263,0,1,0,0
1,0,Sharlene Swivel Side Chair,Wayfair,橡膠木,43.94×37.85×93.47,93.5,4500.0,2581.0,2.0,44.4,4720.0,9.6,https://www.wayfair.com/furniture/pdp/birch-lane-sharlene-swivel-side-chair-kkah1321.html?piid=89471359&auctionId=bcdc5c6d-2694-49c0-8801-97d83212c533&adTypeId=1,264,0,1,0,0
1,0,"Metal Stackable Side Chairs, Armless Dining Chairs, Indoor Outdoor Patio Chairs",Wayfair,橡膠木,44.2×51.56×85.09,39.7,4500.0,2716.0,1.0,45.5,4434.0,11.02,https://www.wayfair.com/furniture/pdp/trent-austin-design-metal-stackable-side-chairs-armless-dining-chairs-indoor-outdoor-patio-chairs-w113174483.html?piid=1920423282&auctionId=bcdc5c6d-2694-49c0-8801-97d83212c533&adTypeId=1,265,0,1,0,0
0,0,未知產品,Wayfair,橡膠木,47.5×50.55×95.0,95.0,4500.0,2960.0,4.72,45.0,5062.0,5.99,https://www.wayfair.com/furniture/pdp/joss-main-montclair-dining-chair-w003190781.html?piid=1554562122,266,0,1,1,0
0,0,未知產品,Wayfair,橡膠木,43.81×50.39×90.17,45.0,4500.0,2581.0,2.81,45.2,6794.0,6.21,https://www.wayfair.com/lighting/pdp/willa-arlo-interiors-palen-6225h-arched-floor-lamp-with-mixed-material-shade-w010969017.html,267,0,1,0,0
1,0,未知產品,Wayfair,實木,46.99×62.23×95.25,41.9,4500.0,2581.0,3.6,50.8,5062.0,226.8,https://www.wayfair.com/storage-organization/pdp/ebern-designs-fabric-storage-bin-set-w009866397.html?piid=1778389486%2C1796611417,268,0,1,1,0
1,0,未知產品,Wayfair,橡木,49.0×50.01×80.01,33.0,4500.0,3755.0,47.31,47.0,5062.0,14.4,https://www.wayfair.com/furniture/pdp/winston-porter-2-piece-upholstered-sofa-with-charging-station-living-room-set-w112469354.html,269,0,1,1,0
1,0,未知產品,Wayfair,橡膠木,45.01×37.01×87.0,43.0,4500.0,2581.0,2.5,75.3,6621.0,4.72,https://www.wayfair.com/storage-organization/pdp/red-barrel-studio-farmhouse-corner-cabinet-for-living-room-kitchen-laundry-room-w006665920.html?piid=779379387,270,0,1,0,0
0,0,未知產品,Wayfair,橡膠木,,41.9,4500.0,2581.0,5.0,50.8,5062.0,5.9,https://www.wayfair.com/outdoor/pdp/sol-72-outdoor-keyla-windmill-w000064099.html?piid=115750837,271,0,1,1,0
1,0,未知產品,Wayfair,橡膠木,48.01×56.64×86.11,33.9,4500.0,1558.0,1.0,47.0,5062.0,10.89,https://www.wayfair.com/bed-bath/pdp/home-14-medium-gel-memory-foam-mattress-hmek2674.html?piid=100754609,272,0,1,1,0
1,0,未知產品,Wayfair,橡木,41.91×29.84×158.12,158.0,4500.0,1260.0,2.54,158.0,5062.0,4.75,https://www.wayfair.com/furniture/pdp/winston-porter-parsons-upholstered-dining-chair-solid-wood-side-chair-w113301324.html?piid=2025372345,273,0,1,1,0
1,0,未知產品,Wayfair,實木,2.54×2.54×2.54,45.0,4500.0,2581.0,2.0,1.0,5062.0,2.72,https://www.wayfair.com/furniture/pdp/ebern-designs-upholstered-solid-wood-fabric-parsons-dining-chair-side-chair-w113279069.html?piid=1673741518,274,0,0,0,0
0,0,Mahkar 19'' H Upholstered Side Chair,Wayfair,橡木,55.88×39.62×164.59,144.8,4500.0,2216.0,2.54,48.3,5062.0,8.0,https://www.wayfair.com/furniture/pdp/latitude-run-mahkar-side-chair-dining-chair-w111107747.html?piid=1834540308%2C1834986368&auctionId=dbca1a51-2e82-4edb-a16e-ff758c365b25&adTypeId=1,275,0,1,1,0
0,0,"Delphina 17"" Wide Contemporary Solid Wood Windsor Slat Back Dining Chair(Set of 6)",Wayfair,橡木,79.5×66.04×243.84,96.0,4500.0,5237.0,2.54,51.0,5062.0,9.3,https://www.wayfair.com/furniture/pdp/gracie-oaks-delphina-17-wide-contemporary-solid-wood-windsor-slat-back-dining-chairset-of-6-duhm4094.html,276,0,1,1,0
0,0,Faux Leather Upholstered Dinning Chairs,Wayfair,橡木,2.54×2.54×2.54,45.0,4500.0,2581.0,0.5,1.0,5062.0,1.0,https://www.wayfair.com/furniture/pdp/lark-manor-faux-leather-upholstered-dinning-chairs-w112147582.html?piid=704175638,277,0,0,0,0
1,0,Upholstered Solid Wood Dining Chair Side Chair,Wayfair,橡木,47.5×59.0×86.36,34.6,4500.0,3128.0,5.0,50.6,2705.0,13.61,https://www.wayfair.com/furniture/pdp/george-oliver-upholstered-solid-wood-dining-chair-side-chair-w111225009.html?piid=740472941&auctionId=dbca1a51-2e82-4edb-a16e-ff758c365b25&adTypeId=1,278,0,1,0,0
0,0,Ladaker Dining Chairs Kitchen Chairs with Wood Legs,Wayfair,橡木,45.47×57.91×88.9,46.0,4500.0,1316.0,5.0,45.7,5902.0,12.16,https://www.wayfair.com/furniture/pdp/george-oliver-ladaker-dining-chairs-kitchen-chairs-with-wood-legs-w110648197.html?piid=698381189&auctionId=dbca1a51-2e82-4edb-a16e-ff758c365b25&adTypeId=1,279,0,1,0,0
1,0,Solid Wood Upholstered Side Chair Dining Chair,Wayfair,橡膠木,46.99×55.5×96.49,51.6,4500.0,3312.0,5.0,49.5,5062.0,13.64,https://www.wayfair.com/furniture/pdp/corrigan-studio-solid-wood-upholstered-side-chair-dining-chair-w111412080.html?piid=71942089&auctionId=2c05e7da-1b14-4193-8d92-73d97f54a7f1&adTypeId=1,280,0,1,1,0
1,0,Upholstered Solid Wood Parsons Side Dining Chair,Wayfair,橡膠木,43.94×37.85×93.47,36.8,4500.0,2527.0,5.0,44.4,5062.0,9.6,https://www.wayfair.com/furniture/pdp/red-barrel-studio-upholstered-solid-wood-parsons-side-dining-chair-w112302067.html?piid=1447198348&auctionId=2c05e7da-1b14-4193-8d92-73d97f54a7f1&adTypeId=1,281,0,1,1,0
1,0,Charlles 18'' H Solid Wood Side Chair,Wayfair,橡膠木,55.88×52.07×81.28,41.9,4500.0,3185.0,12.7,49.0,5062.0,6.8,https://www.wayfair.com/furniture/pdp/rosalind-wheeler-charlles-slat-back-side-chair-in-brushed-gray-w003399443.html,282,0,1,1,0
1,0,Coleshill 18'' H Solid Wood Side Chair,Wayfair,橡膠木,58.42×46.99×81.28,81.3,4500.0,2581.0,3.0,45.0,6435.0,15.42,https://www.wayfair.com/furniture/pdp/coleshill-cross-back-side-chair-w006714463.html?piid=1900416883,283,0,1,0,1
1,0,Ketisha 18.89'' H Faux Leather Upholstered Side Chair,Wayfair,橡木,55.88×52.07×81.28,32.5,4500.0,3327.0,3.1,52.0,5062.0,6.58,https://www.wayfair.com/furniture/pdp/george-oliver-ketisha-side-chair-w110262760.html?piid=179431611,284,0,1,1,0
1,0,Myra 19.01'' H Upholstered Armchair,Wayfair,橡膠木,60.33×53.98×73.66,26.7,4500.0,2353.0,2.54,47.6,5062.0,5.58,https://www.wayfair.com/furniture/pdp/three-posts-myra-queen-anne-back-arm-chair-in-beigedark-walnut-w002774558.html,285,0,1,1,0
1,0,Kendig Slat Back Dining Side Chair,Wayfair,橡膠木,50.8×45.47×74.93,33.8,6576.0,2581.0,2.5,40.6,2303.0,11.02,https://www.wayfair.com/furniture/pdp/kendig-slat-back-dining-side-chair-w004250600.html?piid=1613427643,286,0,0,0,0
1,0,Tarrington 17.36'' H Leather Upholstered Armchair,Wayfair,橡膠木,48.26×59.69×82.55,31.2,4500.0,3621.0,3.81,48.3,5062.0,6.3,https://www.wayfair.com/furniture/pdp/birch-lane-tarrington-cane-dining-chair-w008644131.html?piid=1468876323,287,0,1,1,0
1,0,Framlingham 17.5'' H Solid Wood Side Chair,Wayfair,橡膠木,40.89×50.04×90.93,45.9,4500.0,2471.0,2.3,45.0,3281.0,25.45,https://www.wayfair.com/furniture/pdp/framlingham-classic-solid-wood-side-chair-w004922483.html?piid=190241338,288,0,1,0,0
1,0,Nysir Faux Leather Dining Chairs with Nailhead Trim,Wayfair,橡膠木,45.72×60.96×99.06,99.1,4500.0,2581.0,23.1,45.7,5062.0,7.26,https://www.wayfair.com/furniture/pdp/winston-porter-nysir-faux-leather-dining-chairs-with-nailhead-trim-w009499142.html?piid=1840521164,289,0,1,1,1
1,0,Authur 18'' H Upholstered Side Chair,Wayfair,橡木,45.72×54.61×93.98,47.6,4500.0,2581.0,5.0,45.7,5062.0,15.77,https://www.wayfair.com/furniture/pdp/wade-logan-authur-upholstered-side-chair-w003002711.html,290,0,1,1,0
1,0,"Actrice Mid-Century Fabric Upholstered Arm Chair, Dining chair",Wayfair,橡木,49.0×54.99×81.99,38.0,4500.0,2727.0,6.5325,49.5,5062.0,8.0,https://www.wayfair.com/furniture/pdp/corrigan-studio-actrice-mid-century-fabric-upholstered-arm-chair-dining-chair-w006719940.html?piid=172219171,291,0,1,1,0
0,0,Crumley Rattan Side Chair,Wayfair,橡膠木,58.42×59.36×98.42,50.1,4500.0,3584.0,5.0,48.3,5062.0,9.88,https://www.wayfair.com/furniture/pdp/bayou-breeze-crumley-rattan-side-chair-w100137040.html?piid=667134368%2C662924843,292,0,1,1,0
1,0,Ruthan 1'' H Faux Leather Upholstered Side Chair,Wayfair,橡膠木,51×152×2.54,48.9,4500.0,3314.0,3.81,52.1,5062.0,15.47,https://www.wayfair.com/furniture/pdp/winston-porter-ruthan-dining-chair-adml8263.html?piid=69606412,293,0,1,1,0
0,0,Arthemus 17.72'' H Solid Wood Side Chair,Wayfair,橡膠木,45.97×57.91×87.88,44.2,4500.0,3428.0,5.0,44.1,5062.0,6.99,https://www.wayfair.com/furniture/pdp/beachcrest-home-arthemus-solid-wood-cross-back-side-chair-w011269877.html?piid=1087112205,294,0,1,1,0
0,0,Parsons Upholstered Dining Chair Solid Wood Side Chair,Wayfair,橡膠木,43.18×45.72×92.71,47.0,4500.0,2581.0,4.0,44.4,3504.0,7.48,https://www.wayfair.com/furniture/pdp/lark-manor-parsons-upholstered-dining-chair-solid-wood-side-chair-w113301322.html?piid=1942706865&auctionId=2c05e7da-1b14-4193-8d92-73d97f54a7f1&adTypeId=1,295,0,1,0,0
1,0,Roseland 19.25'' H Linen Upholstered Side Chair,Wayfair,橡膠木,48.26×41.91×99.06,55.1,4500.0,1257.0,2.0,51.6,2944.0,14.2,https://www.wayfair.com/furniture/pdp/beachcrest-home-roseland-modern-solid-wood-dining-chair-with-rattan-backrest-kthm7519.html?piid=94190908&auctionId=2c05e7da-1b14-4193-8d92-73d97f54a7f1&adTypeId=1,296,0,1,0,0
0,0,Jaisey 18.11'' H Faux Leather Upholstered Side Chair,Wayfair,橡膠木,49.53×57.15×78.11,31.8,1898.0,3022.0,2.54,45.7,5775.0,113.4,https://www.wayfair.com/furniture/pdp/george-oliver-jaisey-side-chair-in-brown-w100081437.html,297,0,0,0,0
1,0,High Back Fabric Upholstered Dining Chairs With Nailhead Trim,Wayfair,橡木,58.67×57.66×82.55,32.5,4500.0,2892.0,1.35,47.0,5062.0,6.8,https://www.wayfair.com/furniture/pdp/red-barrel-studio-high-back-fabric-upholstered-dining-chairs-with-nailhead-trim-w005305765.html?piid=828626410,298,0,1,1,0
1,0,Amareion Dining Side Chair in Walnut,Wayfair,橡木,46.99×50.04×83.82,37.8,4703.0,2350.0,2.5,46.0,5062.0,6.2,https://www.wayfair.com/furniture/pdp/lark-manor-amareion-dining-side-chair-in-walnut-nwcs4653.html,299,0,0,1,0
0,0,Aire Fabric Slat Back Side Chair in Warm Gray,Wayfair,胡桃木,45.09×64.77×100.97,101.0,4500.0,2581.0,2.54,38.1,6518.0,8.6,https://www.wayfair.com/furniture/pdp/lark-manor-aire-fabric-slat-back-side-chair-in-warm-gray-w008776329.html,300,0,1,0,0
1,0,"Alvie 17"" Wide Modern Farmhouse Windsor Back Solid Wood Dining Chairs",Wayfair,橡木,47.5×59.0×86.36,35.4,4500.0,3147.0,5.0,50.6,5042.0,13.61,https://www.wayfair.com/furniture/pdp/alvie-17-wide-modern-farmhouse-windsor-back-solid-wood-dining-chairs-duhm3847.html?piid=99057966,301,0,1,0,0
1,0,Kopelynn Modern Upholstered Dining Room Chair,Wayfair,橡膠木,48.26×52.07×86.36,37.8,4500.0,1586.0,5.0,48.9,5062.0,11.79,https://www.wayfair.com/furniture/pdp/corrigan-studio-kopelynn-modern-upholstered-dining-room-chair-w010813094.html?piid=304281515,302,0,1,1,0
0,0,"Haygarden 17.5"" W 38.5"" H Antiqued 2pcs. Solid Wood Dining Chair",Wayfair,橡木,43.99×51.0×87.0,45.7,7484.0,1147.0,2.5,47.0,5124.0,4.31,https://www.wayfair.com/furniture/pdp/lark-manor-haygarden-175-w-385-h-antiqued-2pcs-solid-wood-dining-chair-w007567561.html?piid=1845839401,303,0,0,0,0
0,0,Azhani Linen Slat Back Side Chair,Wayfair,橡膠木,45.72×60.96×102.87,54.6,4500.0,1262.0,5.715,48.9,5062.0,12.52,https://www.wayfair.com/furniture/pdp/ophelia-co-azhani-linen-slat-back-side-chair-csep1181.html,304,0,1,1,0
0,0,Duprey Elena Upholstered Dining Chairs with Solid Wood Frame (Set of 4),Wayfair,橡膠木,51.51×49.5×80.01,80.0,4500.0,3045.0,3.0,44.5,5062.0,12.0,https://www.wayfair.com/furniture/pdp/george-oliver-duprey-elena-upholstered-dining-chairs-with-solid-wood-frame-set-of-4-w112869226.html?piid=612531885,305,0,1,1,0
1,0,Upholstered Solid Wood Fabric Dining Chair,Wayfair,橡膠木,44.96×47.5×96.27,50.8,4500.0,2581.0,5.0,48.5,5062.0,5.26,https://www.wayfair.com/furniture/pdp/corrigan-studio-upholstered-solid-wood-fabric-dining-chair-w111861997.html?piid=4463204&auctionId=2c05e7da-1b14-4193-8d92-73d97f54a7f1&adTypeId=1,306,0,1,1,0
1,0,Landon 18.5'' H Upholstered Side Chair,Wayfair,橡膠木,45.47×52.07×93.22,75.4,4500.0,3779.0,2.5,45.2,4784.0,5.5,https://www.wayfair.com/furniture/pdp/crosley-landon-upholstered-side-chair-w003165269.html?piid=1175398646&auctionId=2c05e7da-1b14-4193-8d92-73d97f54a7f1&adTypeId=1,307,0,1,0,0
0,0,Sofid Nailed Trim Faux Leather Waterproof Upholstered Parsons Dining Chairs,Wayfair,橡膠木,43.69×50.04×90.68,75.9,4500.0,2881.0,5.0,45.0,5062.0,11.97,https://www.wayfair.com/furniture/pdp/subrtex-sofid-nailed-trim-faux-leather-waterproof-upholstered-parsons-dining-chairs-subx1650.html?piid=84118437&auctionId=2c05e7da-1b14-4193-8d92-73d97f54a7f1&adTypeId=1,308,0,1,1,0
1,0,Stephentown 19.25'' H Upholstered Accent,Wayfair,橡木,51.99×57.02×81.99,39.0,4500.0,1295.0,13.0,47.0,5062.0,8.05,https://www.wayfair.com/furniture/pdp/red-barrel-studio-stephentown-upholstered-solid-wood-ladder-back-side-chair-w005269508.html?piid=1005926687,309,0,1,1,0
1,0,Alejoa 14.25'' H Faux Leather Upholstered Side Chair,Wayfair,橡膠木,44.45×54.86×97.79,52.1,4500.0,2581.0,2.5,45.7,4064.0,17.69,https://www.wayfair.com/furniture/pdp/lark-manor-alejoa-side-chair-in-tan-kblt2185.html,310,0,1,0,0
1,0,Upholstered Solid Wood Dining Chair,Wayfair,橡膠木,49.05×54.15×95.07,54.5,4500.0,2581.0,46.99,47.0,5062.0,42.2,https://www.wayfair.com/furniture/pdp/corrigan-studio-upholstered-solid-wood-dining-chair-w111861998.html?piid=839576267,311,0,1,1,0
0,0,Upholstered Solid Wood Small Dining Chair (Set of 2),Wayfair,橡膠木,53.34×58.42×86.36,38.1,4500.0,2758.0,5.0,50.8,5062.0,15.42,https://www.wayfair.com/furniture/pdp/winston-porter-upholstered-solid-wood-small-dining-chair-set-of-2-w112286867.html?piid=1858365620,312,0,1,1,0
1,0,Nailhead Trim Leather Upholstered Side Chair Wood Dining Chair (Set of 6),Wayfair,橡膠木,48.26×50.55×76.96,33.0,4500.0,2581.0,1.5,12.7,5062.0,12.7,https://www.wayfair.com/furniture/pdp/lark-manor-nailhead-trim-leather-upholstered-side-chair-wood-dining-chair-set-of-6-w111193026.html?piid=2096718342,313,0,1,1,1
0,0,"Modern Elegant Button Tufted Upholstered Fabric With Nailhead Trim, Side Chair",Wayfair,橡膠木,48.26×50.55×76.96,33.0,4500.0,3141.0,5.0,12.7,5062.0,12.7,https://www.wayfair.com/furniture/pdp/canora-grey-modern-elegant-button-tufted-upholstered-fabric-with-nailhead-trim-side-chair-w010799946.html?piid=1154293335%2C1166071458,314,0,1,1,0
1,0,Sharlene Swivel Side Chair,Wayfair,橡膠木,50.16×50.16×84.45,84.4,4500.0,2581.0,8.08,47.0,5062.0,10.58,https://www.wayfair.com/furniture/pdp/birch-lane-sharlene-swivel-side-chair-kkah1321.html?piid=89471359&auctionId=2c05e7da-1b14-4193-8d92-73d97f54a7f1&adTypeId=1,315,0,1,1,1
1,0,Wakil 18.5'' H Oak Solid Wood Side Chair,Wayfair,橡膠木,48.26×64.77×88.39,40.0,4500.0,3187.0,10.16,10.2,5062.0,6.8,https://www.wayfair.com/furniture/pdp/ebern-designs-wakil-dining-chair-w100216819.html?auctionId=2c05e7da-1b14-4193-8d92-73d97f54a7f1&adTypeId=1,316,0,1,0,0
0,0,Chenille Upholstered Dining Chair With Casters,Wayfair,橡膠木,48.26×54.61×101.6,52.1,4500.0,1181.0,2.5,48.9,5062.0,9.07,https://www.wayfair.com/furniture/pdp/latitude-run-chenille-upholstered-dining-chair-with-casters-w112802788.html?piid=1618932512&auctionId=2c05e7da-1b14-4193-8d92-73d97f54a7f1&adTypeId=1,317,0,1,1,0
1,0,未知產品,Wayfair,松木,53.34×52.07×95.25,50.2,4500.0,1097.0,2.54,36.2,5062.0,9.3,https://www.wayfair.com/bed-bath/pdp/home-14-medium-gel-memory-foam-mattress-hmek2674.html?piid=100754609,318,0,1,1,0
1,0,未知產品,Wayfair,橡膠木,48.26×50.55×76.96,33.0,4500.0,1252.0,3.0,47.2,5062.0,12.7,https://www.wayfair.com/outdoor/pdp/sol-72-outdoor-keyla-windmill-w000064099.html?piid=115750837,319,0,1,1,0
1,0,未知產品,Wayfair,橡膠木,46.99×50.8×76.2,30.5,4500.0,1295.0,2.5,45.7,5062.0,5.44,https://www.wayfair.com/storage-organization/pdp/red-barrel-studio-farmhouse-corner-cabinet-for-living-room-kitchen-laundry-room-w006665920.html?piid=779379387,320,0,1,1,0
1,0,未知產品,Wayfair,橡膠木,46.41×39.6×97.99,98.0,4500.0,3379.0,4.26,50.7,5062.0,12.19,https://www.wayfair.com/furniture/pdp/red-barrel-studio-desarie-58-media-console-for-tvs-up-to-65-with-electric-fireplace-adjustable-shelves-and-glass-doors-w100574068.html?piid=2027364521,321,0,1,1,0
1,0,未知產品,Wayfair,橡膠木,53.34×63.5×91.44,36.8,4500.0,2581.0,2.49,52.1,3491.0,8.62,https://www.wayfair.com/furniture/pdp/winston-porter-2-piece-upholstered-sofa-with-charging-station-living-room-set-w112469354.html,322,0,1,0,0
0,0,未知產品,Wayfair,橡木,58.42×60.96×83.82,35.6,4500.0,5037.0,3.5,48.3,5062.0,14.06,https://www.wayfair.com/storage-organization/pdp/ebern-designs-fabric-storage-bin-set-w009866397.html?piid=1778389486%2C1796611417,323,0,1,1,0
1,0,未知產品,Wayfair,橡木,45.72×55.88×83.82,37.5,4500.0,2581.0,1.5,47.0,5062.0,8.48,https://www.wayfair.com/lighting/pdp/willa-arlo-interiors-palen-6225h-arched-floor-lamp-with-mixed-material-shade-w010969017.html,324,0,1,1,0
1,0,未知產品,Wayfair,橡木,51.05×59.94×85.09,45.7,4500.0,3016.0,3.0,53.3,5062.0,17.69,https://www.wayfair.com/furniture/pdp/joss-main-montclair-dining-chair-w003190781.html?piid=1554562122,325,0,1,1,0
1,0,未知產品,Wayfair,橡木,2.54×2.54×2.54,45.0,4500.0,2581.0,1.27,2.5,5062.0,1.0,https://www.wayfair.com/furniture/pdp/gracie-oaks-upholstered-wooden-dining-chairs-w112147580.html?piid=1756808240,326,0,0,0,0
0,0,未知產品,Wayfair,橡木,79.5×66.04×243.84,45.0,4500.0,5246.0,5.0,76.0,5062.0,9.3,https://www.wayfair.com/furniture/pdp/gracie-oaks-clova-fabric-upholstered-side-chair-wood-leg-dining-chair-w110869860.html?piid=1570448579,327,0,1,1,0
0,0,未知產品,Wayfair,橡木,55.88×39.62×164.59,163.8,4500.0,2213.0,5.0,43.2,8625.0,9.0,https://www.wayfair.com/furniture/pdp/lark-manor-parsons-upholstered-dining-chair-solid-wood-side-chair-w113301322.html?piid=1942706865,328,0,1,0,0
0,0,未知產品,Wayfair,胡桃木,34.8×79.76×149.86,79.8,4500.0,5210.0,2.54,45.0,4000.0,63.87,https://www.wayfair.com/furniture/pdp/lark-manor-nailhead-trim-leather-upholstered-side-chair-wood-dining-chair-set-of-4-w111193019.html?piid=1335423780,329,0,1,0,0
0,0,Chesley Solid Wood Windsor Back Side Chair (Set of 6),Wayfair,橡木,41.91×29.84×158.12,158.1,6459.0,1246.0,2.54,120.0,5062.0,4.75,https://www.wayfair.com/furniture/pdp/chesley-solid-wood-windsor-back-side-chair-set-of-6-aebo1844.html?piid=90697286,330,0,0,1,0
0,0,Meili Windsor Back Solid Wood Side Chair,Wayfair,橡膠木,48.01×56.64×86.11,34.5,4500.0,1541.0,1.0,47.0,5062.0,10.89,https://www.wayfair.com/furniture/pdp/gracie-oaks-meili-windsor-back-solid-wood-side-chair-w111081184.html?piid=601757116,331,0,1,1,0
1,0,Mahkar 19'' H Upholstered Side Chair,Wayfair,橡膠木,44.5×58.4×50.8,41.9,4500.0,2581.0,2.5,30.8,5062.0,5.9,https://www.wayfair.com/furniture/pdp/latitude-run-mahkar-side-chair-dining-chair-w111107747.html?piid=1834540308%2C1834986368&auctionId=103dea80-0a45-401f-bfbf-765bcdc1fab7&adTypeId=1,332,0,1,1,0
1,0,Botello 17'' H Teak Side Chair,Wayfair,橡膠木,46.99×55.5×96.49,51.6,1751.0,3306.0,7.62,49.5,3476.0,13.64,https://www.wayfair.com/furniture/pdp/beachcrest-home-botello-teak-outdoor-dining-side-chair-w100279791.html?auctionId=103dea80-0a45-401f-bfbf-765bcdc1fab7&adTypeId=1,333,0,0,0,0
0,0,Solid Wood Upholstered Side Chair Dining Chair,Wayfair,橡木,47.5×59.0×86.36,36.1,4500.0,2581.0,5.0,50.6,5062.0,13.61,https://www.wayfair.com/furniture/pdp/corrigan-studio-solid-wood-upholstered-side-chair-dining-chair-w111412080.html?piid=71942089&auctionId=366d3509-35d9-421f-b35a-a16bd172ed93&adTypeId=1,334,0,1,1,0
0,0,"Upholstered Seat Dining Chair With Rattan Back, Farmhouse Side Chair For Kitchen/Dining Room",Wayfair,橡膠木,46.41×39.6×97.99,49.0,4500.0,2581.0,1.5,50.7,5062.0,12.19,https://www.wayfair.com/furniture/pdp/bay-isle-home-upholstered-seat-dining-chair-with-rattan-back-farmhouse-side-chair-for-kitchendining-room-w113239485.html?piid=1061896260%2C1061961552&auctionId=366d3509-35d9-421f-b35a-a16bd172ed93&adTypeId=1,335,0,1,1,1
0,0,"Upholstered Faux Leather Seat Rattan Back Dining Chair, Solid Wood Frame Side Chair For Living Room",Wayfair,橡膠木,53.34×58.42×80.77,38.1,4500.0,2581.0,4.064,45.3,5062.0,10.0,https://www.wayfair.com/furniture/pdp/bay-isle-home-upholstered-faux-leather-seat-rattan-back-dining-chair-solid-wood-frame-side-chair-for-living-room-w112264390.html?piid=530162804%2C530162807&auctionId=366d3509-35d9-421f-b35a-a16bd172ed93&adTypeId=1,336,0,1,1,1
1,0,Dalpat Velvet Iron Arm Chair,Wayfair,橡膠木,55.88×45.47×74.93,33.8,4500.0,2581.0,6.65,40.6,5062.0,5.99,https://www.wayfair.com/furniture/pdp/ivy-bronx-dalpat-velvet-iron-arm-chair-w100008317.html?piid=1472971637&auctionId=366d3509-35d9-421f-b35a-a16bd172ed93&adTypeId=1,337,0,1,0,0
1,0,Tanan 17.75'' H Upholstered Side Chair,Wayfair,橡膠木,45.97×45.97×88.01,89.2,7357.0,2595.0,0.6,43.5,5062.0,33.0,https://www.wayfair.com/furniture/pdp/lark-manor-tanan-slat-back-side-chair-in-rustic-brownpurple-w003137718.html,338,0,0,1,0
1,0,Osbourne 18'' H Upholstered Side Chair,Wayfair,橡膠木,50.16×52.07×75.56,27.9,2583.0,2298.0,2.54,45.7,2318.0,11.52,https://www.wayfair.com/furniture/pdp/greyleigh-osbourne-upholstered-solid-wood-slat-back-side-chair-w003190421.html?piid=1626470988,339,0,0,0,0
1,0,"Karez 21.2"" W Faux Leather Swivel Modern Dining Chair",Wayfair,橡木,46.99×50.8×76.84,31.8,4500.0,2581.0,2.54,48.3,5062.0,15.57,https://www.wayfair.com/furniture/pdp/george-oliver-karez-212-w-faux-leather-swivel-modern-dining-chair-w110138107.html?piid=301842001,340,0,1,1,0
1,0,Chemaram 18'' H Solid Wood Side Chair,Wayfair,橡膠木,50.16×56.52×90.81,48.6,4500.0,2635.0,5.0,43.2,5062.0,14.06,https://www.wayfair.com/furniture/pdp/gracie-oaks-chemaram-solid-wood-windsor-back-side-chair-dining-chair-w110357860.html?piid=1561418571,341,0,1,1,0
0,0,Hoefer Parsons Dining Side Chair,Wayfair,橡木,55.88×52.07×81.28,81.3,4500.0,2804.0,3.46,52.0,5062.0,6.58,https://www.wayfair.com/furniture/pdp/andover-mills-hoefer-parsons-dining-side-chair-w004682663.html?piid=135126497,342,0,1,1,0
1,0,Brookhaven Polyester Wing Back Side Chair Dining Chair,Wayfair,橡膠木,48.26×56.52×85.72,38.1,4500.0,2581.0,52.07,52.1,5062.0,6.89,https://www.wayfair.com/furniture/pdp/lc-direct-brookhaven-polyester-wing-back-side-chair-dining-chair-w110623798.html,343,0,1,1,0
1,0,Aayush 18'' H Linen Upholstered Side Chair,Wayfair,橡膠木,46.99×49.53×80.01,35.6,4500.0,2321.0,5.0,47.0,5062.0,4.54,https://www.wayfair.com/furniture/pdp/andover-mills-aayush-upholstered-side-chair-w003432313.html?piid=1152730469,344,0,1,1,0
1,0,Kaliski Mid-Century Modern Farmhouse Toner Kitchen Nook Dining Chairs,Wayfair,橡膠木,60.33×53.98×73.66,29.0,4500.0,3468.0,47.625,47.6,5062.0,5.58,https://www.wayfair.com/furniture/pdp/gracie-oaks-kaliski-mid-century-modern-farmhouse-toner-kitchen-nook-dining-chairs-w111714776.html?piid=7131053,345,0,1,1,0
1,0,Lansdowne 19.75'' H Upholstered Side Chair,Wayfair,橡木,48.26×57.79×97.16,51.6,4500.0,2629.0,50.8,45.1,5062.0,8.85,https://www.wayfair.com/furniture/pdp/alcott-hill-lansdowne-side-chair-alct4610.html,346,0,1,1,0
1,0,Ringgold Solid Wood Slat Back Side Chair,Wayfair,橡膠木,48.26×58.42×101.6,55.9,4500.0,2581.0,5.0,48.3,5982.0,8.62,https://www.wayfair.com/furniture/pdp/the-twillery-co-ringgold-solid-wood-slat-back-side-chair-w003376112.html?piid=554789222,347,0,1,0,0
0,0,Aalbert Tufted Wing Back Parsons Upholstered Dining Chair Side Chair,Wayfair,橡木,57.91×57.91×82.8,40.9,4500.0,2873.0,6.45,49.0,5062.0,14.97,https://www.wayfair.com/furniture/pdp/red-barrel-studio-aalbert-tufted-wing-back-parsons-upholstered-dining-chair-side-chair-w003538232.html?piid=1968649482,348,0,1,1,0
0,0,Cemaliye 18.31'' H Upholstered Side Chair,Wayfair,橡膠木,54.99×51.99×76.99,30.3,4500.0,2833.0,4.82,45.7,5062.0,12.0,https://www.wayfair.com/furniture/pdp/wade-logan-cemaliye-upholstered-side-chair-w004557137.html?piid=358873555,349,0,1,1,0
1,0,Tolman Dining Chair,Wayfair,橡膠木,43.94×58.93×98.04,49.0,4500.0,1201.0,5.56,49.0,6371.0,6.12,https://www.wayfair.com/furniture/pdp/red-barrel-studio-tolman-solid-wood-windsor-back-side-chair-w003039183.html?piid=893710249,350,0,1,0,0
0,0,Drea Solid Wood Dining Chairs - Traditional Rustic Farmhouse Kitchen Kitchen Chairs,Wayfair,橡膠木,55.88×68.58×104.14,47.5,4500.0,4877.0,5.2,54.1,4448.0,16.56,https://www.wayfair.com/furniture/pdp/east-urban-home-drea-solid-wood-dining-chairs-traditional-rustic-farmhouse-kitchen-kitchen-chairs-w110464973.html,351,0,1,0,0
0,0,"Upholstered Barrel Dining Chair With Hollow Back, Modern Solid Wood Dining Chair, Comfy Side Chair For Dining Room/Living Room",Wayfair,橡膠木,48.26×58.42×99.06,52.1,4500.0,3522.0,5.0,45.7,5062.0,7.6,https://www.wayfair.com/furniture/pdp/orren-ellis-upholstered-barrel-dining-chair-with-hollow-back-modern-solid-wood-dining-chair-comfy-side-chair-for-dining-roomliving-room-w112213206.html?piid=2016642510%2C2026682419&auctionId=366d3509-35d9-421f-b35a-a16bd172ed93&adTypeId=1,352,0,1,1,0
1,0,"Solid Wood Dining Chair, Mid-Century Chair",Wayfair,橡木,44.45×49.53×85.09,40.9,1429.0,3045.0,2.0,46.0,3882.0,12.02,https://www.wayfair.com/furniture/pdp/corrigan-studio-solid-wood-dining-chair-mid-century-chair-w003522889.html?piid=1899324621&auctionId=366d3509-35d9-421f-b35a-a16bd172ed93&adTypeId=1,353,0,0,0,0
1,0,Solid Wood Dining Chair,Wayfair,橡膠木,43.81×55.88×99.06,50.2,4500.0,3337.0,2.54,50.2,5062.0,7.99,https://www.wayfair.com/furniture/pdp/gracie-oaks-solid-wood-dining-chair-w111369521.html,354,0,1,1,0
1,0,Courtdale 18'' H Solid Wood Side Chair,Wayfair,橡膠木,57.99×62.0×100.0,48.0,4500.0,2581.0,1.0,47.0,5062.0,19.05,https://www.wayfair.com/furniture/pdp/three-posts-courtdale-solid-wood-slat-back-side-chair-w005929680.html?piid=946652028,355,0,1,0,0
1,0,Layton 18'' H Beech Solid Wood Cane Back Side Chair,Wayfair,橡膠木,43.43×37.08×45.72,28.2,4500.0,2581.0,5.0,44.4,6650.0,5.44,https://www.wayfair.com/furniture/pdp/sand-stable-layton-solid-wood-side-chair-w005841818.html?piid=124929532,356,0,1,0,0
0,0,Lancaster Upholstered Parson Chair,Wayfair,橡膠木,48.51×49.02×90.93,45.1,4500.0,3076.0,2.0,45.0,5062.0,9.6,https://www.wayfair.com/furniture/pdp/three-posts-lancaster-upholstered-parson-chair-w006470619.html?piid=977327098,357,0,1,1,0
1,0,Mary Anne 19.21'' H Side Chair,Wayfair,橡膠木,62.23×53.98×67.95,22.9,3086.0,3627.0,4.95,48.3,4161.0,9.78,https://www.wayfair.com/furniture/pdp/birch-lane-mary-anne-chair-w009439930.html,358,0,0,0,0
1,0,Hayes Parsons Upholstered Dining Chairs with Removable Skirted Slipcover,Wayfair,橡膠木,50.8×45.47×74.93,33.8,9949.0,2581.0,2.54,40.6,5062.0,11.02,https://www.wayfair.com/furniture/pdp/finch-hayes-parsons-upholstered-dining-chairs-with-removable-skirted-slipcover-w000634245.html?piid=43358356,359,0,0,0,0
1,0,Aulii Solid Wood Side Chair,Wayfair,橡膠木,51.05×51.56×83.31,45.0,4500.0,2917.0,0.254,45.3,5062.0,5.5,https://www.wayfair.com/furniture/pdp/ebern-designs-aulii-solid-wood-slat-back-dining-chair-w005486207.html?piid=392112025,360,0,1,1,0
1,0,Irving Place 19.75'' H Tufted Fabric Upholstered Side Chair,Wayfair,橡膠木,58.42×58.42×78.74,30.5,5087.0,2040.0,48.26,48.3,4129.0,15.88,https://www.wayfair.com/furniture/pdp/three-posts-irving-place-tufted-linen-side-chair-trpt4241.html?piid=24177464%2C86860480,361,0,0,0,0
1,0,Delphine 17'' H Solid Wood Side Chair,Wayfair,橡膠木,48.26×58.42×96.52,48.3,4500.0,2477.0,4.5,45.7,5062.0,10.43,https://www.wayfair.com/furniture/pdp/kelly-clarkson-home-delphine-solid-wood-side-chair-w100153071.html?piid=1398932635&auctionId=366d3509-35d9-421f-b35a-a16bd172ed93&adTypeId=1,362,0,1,1,0
0,0,Parsons Upholstered Dining Chair Solid Wood Side Chair,Wayfair,橡膠木,46.99×53.59×80.52,33.0,4500.0,2856.0,5.0,47.5,8924.0,11.28,https://www.wayfair.com/furniture/pdp/lark-manor-parsons-upholstered-dining-chair-solid-wood-side-chair-w113301322.html?piid=1942706865&auctionId=366d3509-35d9-421f-b35a-a16bd172ed93&adTypeId=1,363,0,1,0,0
1,0,"Upholstered Solid Wood Dining Chair With Hollow Back, Farmhouse Side Chair For Kitchen/Dining Room",Wayfair,橡木,45.72×50.8×86.36,45.7,4500.0,1626.0,2.54,45.7,5062.0,4.54,https://www.wayfair.com/furniture/pdp/george-oliver-upholstered-solid-wood-dining-chair-with-hollow-back-farmhouse-side-chair-for-kitchendining-room-w113242990.html?piid=1055179830&auctionId=366d3509-35d9-421f-b35a-a16bd172ed93&adTypeId=1,364,0,1,1,0
1,0,Darren-Lee PU Leather Upholstered Dining Side Chair,Wayfair,橡膠木,47.62×60.33×97.79,53.3,4500.0,1201.0,52.0,45.7,5062.0,6.99,https://www.wayfair.com/furniture/pdp/winston-porter-darren-lee-pu-leather-upholstered-dining-side-chair-w009410656.html?piid=1536853948,365,0,1,0,0
1,0,17.75'' H Solid Wood Side Chair,Wayfair,松木,53.34×45.72×106.68,22.9,4500.0,2581.0,0.25,17.8,5062.0,8.16,https://www.wayfair.com/furniture/pdp/gracie-oaks-gisela-solid-wood-slat-back-side-chair-in-black-w100149268.html,366,0,1,1,1
1,0,Nikias Tufted velvet Solid Back Arm Chair,Wayfair,松木,46.99×59.69×101.6,50.8,4500.0,3430.0,7.62,50.8,5062.0,6.12,https://www.wayfair.com/furniture/pdp/wildon-home-nikias-tufted-velvet-solid-back-arm-chair-w100218524.html,367,0,1,1,0
1,0,Azar Solid Wood Ladder Back Side Chair in Espresso/Gray,Wayfair,橡膠木,2.54×2.54×2.54,45.0,4500.0,2581.0,2.5,45.0,5062.0,5.67,https://www.wayfair.com/furniture/pdp/corrigan-studio-azar-solid-wood-ladder-back-side-chair-in-espressogray-w003104287.html,368,0,0,0,0
1,0,Alexa-Mae 20.5'' H Faux Leather Upholstered Parsons Chair,Wayfair,橡膠木,62.23×152.4×2.54,41.3,4500.0,3851.0,8.89,50.2,5062.0,10.23,https://www.wayfair.com/furniture/pdp/lark-manor-alexa-mae-upholstered-parsons-chair-w005962649.html?piid=115341239,369,0,1,1,0
1,0,Nailhead Trim Fabric Upholstered Side Chair Wood Dining Chair (Set of 6),Wayfair,橡木,45.72×55.88×91.44,48.3,4500.0,2183.0,2.54,43.2,5062.0,7.0,https://www.wayfair.com/furniture/pdp/lark-manor-nailhead-trim-fabric-upholstered-side-chair-wood-dining-chair-set-of-6-w111193024.html?piid=590929695,370,0,1,1,0
1,0,Roseland 19.25'' H Linen Upholstered Side Chair,Wayfair,橡木,47.5×59.0×86.36,34.0,4500.0,3273.0,5.0,50.6,5062.0,13.61,https://www.wayfair.com/furniture/pdp/beachcrest-home-roseland-modern-solid-wood-dining-chair-with-rattan-backrest-kthm7519.html?piid=94190908&auctionId=366d3509-35d9-421f-b35a-a16bd172ed93&adTypeId=1,371,0,1,1,0
0,0,Upholstered Solid Wood Fabric Dining Chair,Wayfair,橡木,50.16×52.7×84.96,34.9,4500.0,3632.0,6.735,66.0,5062.0,7.38,https://www.wayfair.com/furniture/pdp/corrigan-studio-upholstered-solid-wood-fabric-dining-chair-w111861997.html?piid=4463204&auctionId=366d3509-35d9-421f-b35a-a16bd172ed93&adTypeId=1,372,0,1,1,0
1,0,Kashtyn Fabric Solid Back Side Chair,Wayfair,橡膠木,50.55×65.51×98.5,49.0,3184.0,3311.0,5.05,51.0,7154.0,12.19,https://www.wayfair.com/furniture/pdp/hokku-designs-kashtyn-fabric-solid-back-side-chair-w100603622.html?piid=283613366%2C283613365&auctionId=366d3509-35d9-421f-b35a-a16bd172ed93&adTypeId=1,373,0,0,0,0
1,0,未知產品,Wayfair,橡膠木,43.81×50.16×90.81,47.0,4500.0,2870.0,15.75,45.1,5062.0,24.04,https://www.wayfair.com/furniture/pdp/gracie-oaks-upholstered-wooden-dining-chairs-w112147580.html?piid=1756808240,374,0,1,1,0
0,0,未知產品,Wayfair,橡膠木,50.04×61.98×95.25,20.0,4500.0,2581.0,7.736,42.7,3440.0,15.42,https://www.wayfair.com/furniture/pdp/joss-main-montclair-dining-chair-w003190781.html?piid=1554562122,375,0,1,0,1
1,0,未知產品,Wayfair,橡膠木,45.09×52.7×76.53,30.8,4500.0,2581.0,2.0,45.1,3607.0,4.42,https://www.wayfair.com/lighting/pdp/willa-arlo-interiors-palen-6225h-arched-floor-lamp-with-mixed-material-shade-w010969017.html,376,0,1,0,0
0,0,未知產品,Wayfair,橡膠木,47.5×67.31×97.79,49.5,4500.0,2581.0,2.5,52.1,2710.0,6.74,https://www.wayfair.com/storage-organization/pdp/ebern-designs-fabric-storage-bin-set-w009866397.html?piid=1778389486%2C1796611417,377,0,1,0,0
1,0,未知產品,Wayfair,橡膠木,46.41×39.6×97.99,49.0,4500.0,2581.0,2.18,50.7,5062.0,12.19,https://www.wayfair.com/furniture/pdp/winston-porter-2-piece-upholstered-sofa-with-charging-station-living-room-set-w112469354.html,378,0,1,1,0
1,0,未知產品,Wayfair,橡膠木,48.26×52.07×86.36,34.0,4500.0,2461.0,10.5,48.9,5062.0,11.79,https://www.wayfair.com/furniture/pdp/red-barrel-studio-desarie-58-media-console-for-tvs-up-to-65-with-electric-fireplace-adjustable-shelves-and-glass-doors-w100574068.html?piid=2027364521,379,0,1,1,0
1,0,未知產品,Wayfair,橡膠木,48.26×50.55×76.96,33.0,4500.0,3141.0,5.0,12.7,9325.0,12.7,https://www.wayfair.com/storage-organization/pdp/red-barrel-studio-farmhouse-corner-cabinet-for-living-room-kitchen-laundry-room-w006665920.html?piid=785868959,380,0,1,0,0
1,0,未知產品,Wayfair,橡膠木,50.8×41.9×80,38.7,3156.0,2581.0,2.5,49.5,6747.0,8.0,https://www.wayfair.com/outdoor/pdp/sol-72-outdoor-keyla-windmill-w000064099.html?piid=115750837,381,0,0,0,0
1,0,未知產品,Wayfair,橡膠木,44.45×58.42×81.28,41.9,4500.0,2581.0,5.0,50.8,5062.0,5.9,https://www.wayfair.com/bed-bath/pdp/home-14-medium-gel-memory-foam-mattress-hmek2674.html?piid=100754609,382,0,1,1,0
0,0,未知產品,Wayfair,橡膠木,48.01×56.64×86.11,42.5,4500.0,3485.0,5.18,47.0,5062.0,10.89,https://www.wayfair.com/furniture/pdp/gracie-oaks-clova-fabric-upholstered-side-chair-wood-leg-dining-chair-w110869860.html?piid=1570448579,383,0,1,1,0
0,0,未知產品,Wayfair,橡木,41.91×29.84×158.12,158.1,4500.0,2581.0,10.0,70.0,5953.0,4.75,https://www.wayfair.com/furniture/pdp/lark-manor-parsons-upholstered-dining-chair-solid-wood-side-chair-w113301322.html?piid=1942706865,384,0,1,0,0
0,0,Gunnur Mid-Century Solid Wood Dining Chair,Wayfair,橡木,215×58×2.54,45.0,4500.0,2581.0,10.0,2.5,5062.0,8.0,https://www.wayfair.com/furniture/pdp/corrigan-studio-gunnur-mid-century-solid-wood-dining-chair-w004727522.html?piid=322007707&auctionId=cf815f7d-4511-4bd0-b676-1d886b860177&adTypeId=1,385,0,0,0,1
1,0,Mahkar 19'' H Upholstered Side Chair,Wayfair,實木,34.8×79.76×149.86,79.8,4500.0,5209.0,10.0,48.0,5062.0,63.87,https://www.wayfair.com/furniture/pdp/latitude-run-mahkar-side-chair-dining-chair-w111107747.html?piid=1834540308%2C1834986368&auctionId=cf815f7d-4511-4bd0-b676-1d886b860177&adTypeId=1,386,0,1,1,0
0,0,Malcolm 17.5'' H Solid Wood Side Chair,Wayfair,橡木,55.88×39.62×164.59,64.8,4500.0,2220.0,2.54,44.4,9931.0,15.0,https://www.wayfair.com/furniture/pdp/august-grove-malcolm-solid-wood-slat-back-side-chair-w005485865.html?piid=598842905,387,0,1,0,0
0,0,Lancaster Upholstered Parson Chair,Wayfair,橡木,79.5×66.04×243.84,45.0,4500.0,5250.0,5.0,50.0,5062.0,9.3,https://www.wayfair.com/furniture/pdp/three-posts-lancaster-upholstered-parson-chair-w006470619.html?piid=977327098,388,0,1,1,0
0,0,"Solid Wood Dining Chair, Mid-Century Chair",Wayfair,橡木,估計 45×50×100,55.0,4500.0,2250.0,5.0,45.0,5062.0,8.0,https://www.wayfair.com/furniture/pdp/corrigan-studio-solid-wood-dining-chair-mid-century-chair-w003522889.html?piid=1899324621&auctionId=cf815f7d-4511-4bd0-b676-1d886b860177&adTypeId=1,389,0,1,0,0
0,0,Solid Wood Upholstered Side Chair Dining Chair,Wayfair,橡膠木,46.99×55.5×96.49,51.6,4500.0,2581.0,2.5,49.5,5062.0,13.64,https://www.wayfair.com/furniture/pdp/corrigan-studio-solid-wood-upholstered-side-chair-dining-chair-w111412080.html?piid=71942089&auctionId=cf815f7d-4511-4bd0-b676-1d886b860177&adTypeId=1,390,0,1,1,0
0,0,"Mid-Century Modern Wood Dining Chairs Set of 2,White & Walnut Side Chairs, Fully Assembled",Wayfair,橡木,47.5×59.0×86.36,36.1,4500.0,3274.0,5.0,50.6,5062.0,13.61,https://www.wayfair.com/furniture/pdp/brayden-studio-mid-century-modern-wood-dining-chairs-set-of-2white-walnut-side-chairs-fully-assembled-w113506478.html?auctionId=096d6d5b-207a-4cc7-bf9b-ca6a9a69d4f2&adTypeId=1,391,0,1,1,0
1,0,Upholstered Solid Wood Dining Chair Side Chair,Wayfair,橡木,47.5×59.0×86.36,36.4,4500.0,3266.0,5.0,50.6,2200.0,13.61,https://www.wayfair.com/furniture/pdp/george-oliver-upholstered-solid-wood-dining-chair-side-chair-w111225009.html?piid=740472941&auctionId=096d6d5b-207a-4cc7-bf9b-ca6a9a69d4f2&adTypeId=1,392,0,1,0,0
1,0,"Upholstered Faux Leather Seat Rattan Back Dining Chair, Solid Wood Frame Side Chair For Living Room",Wayfair,橡木,55.88×45.47×74.93,33.8,9703.0,2696.0,0.28,40.6,5792.0,5.99,https://www.wayfair.com/furniture/pdp/bay-isle-home-upholstered-faux-leather-seat-rattan-back-dining-chair-solid-wood-frame-side-chair-for-living-room-w112264390.html?piid=530162804%2C530162807&auctionId=096d6d5b-207a-4cc7-bf9b-ca6a9a69d4f2&adTypeId=1,393,0,0,0,0
0,0,Ladaker Dining Chairs Kitchen Chairs with Wood Legs,Wayfair,橡木,46.99×50.8×76.84,31.8,4500.0,2581.0,46.35,48.3,2280.0,15.57,https://www.wayfair.com/furniture/pdp/george-oliver-ladaker-dining-chairs-kitchen-chairs-with-wood-legs-w110648197.html?piid=698381189&auctionId=096d6d5b-207a-4cc7-bf9b-ca6a9a69d4f2&adTypeId=1,394,0,1,0,0
1,0,Lundell Tufted Fabric Linen Upholstered Solid Wood Side Chair in Brown,Wayfair,橡膠木,48.01×56.49×93.73,49.3,4500.0,2869.0,3.81,44.4,5062.0,7.26,https://www.wayfair.com/furniture/pdp/george-oliver-lundell-tufted-fabric-linen-upholstered-solid-wood-side-chair-in-brown-w111044739.html,395,0,1,1,0
1,0,Jentree Faux Leather Solid Back Dining Chairs,Wayfair,橡膠木,47.62×60.33×97.79,53.3,4688.0,2581.0,52.07,45.7,4848.0,6.99,https://www.wayfair.com/furniture/pdp/george-oliver-jentree-faux-leather-solid-back-dining-chairs-w100642652.html?piid=1980264487,396,0,0,0,0
1,0,Swivel Tufted Dining Chairs With Casters And Arms,Wayfair,橡膠木,50.8×45.47×74.93,33.8,2438.0,1046.0,42.67,40.6,5062.0,11.02,https://www.wayfair.com/furniture/pdp/lonshire-spark-swivel-tufted-dining-chairs-with-casters-and-arms-lcsh1050.html?piid=97867329%2C105846495,397,0,0,1,0
1,0,Fortville 16.9'' H Solid Wood Side Chair,Wayfair,橡木,55.88×52.07×81.28,20.0,4500.0,2106.0,1.58,52.0,5438.0,6.58,https://www.wayfair.com/furniture/pdp/three-posts-fortville-solid-wood-cross-back-side-chair-w005962789.html?piid=1460833694,398,0,1,0,0
1,0,Faux Leather Upholstered Swivel Dining Armchair,Wayfair,橡木,50.01×43.99×80.01,80.0,4500.0,3359.0,1.75,44.7,5062.0,7.5,https://www.wayfair.com/furniture/pdp/corrigan-studio-faux-leather-upholstered-swivel-dining-armchair-w011060351.html?piid=1429654294,399,0,1,1,0
0,0,Chesley Solid Wood Side Chair,Wayfair,橡膠木,55.88×52.07×81.28,41.9,4500.0,1000.0,2.5,49.0,5062.0,6.8,https://www.wayfair.com/furniture/pdp/chesley-solid-wood-side-chair-w011340804.html?piid=910133931,400,0,1,1,0
1,0,Burbury Upholstered Dining Chair,Wayfair,橡膠木,46.99×49.53×80.01,35.6,2646.0,2262.0,5.0,47.0,2212.0,4.54,https://www.wayfair.com/furniture/pdp/birch-lane-burbury-upholstered-dining-chair-w003431775.html,401,0,0,0,0
0,0,"Antwanae Solid Wood Side Chair, Farmhouse Dining Room Chair, Kitchen Chair",Wayfair,橡膠木,58.42×46.99×81.28,81.3,4500.0,2744.0,2.54,40.6,5062.0,15.42,https://www.wayfair.com/furniture/pdp/gracie-oaks-antwanae-solid-wood-side-chair-farmhouse-dining-room-chair-kitchen-chair-w110216613.html?piid=2047189457,402,0,1,1,0
0,0,Malvino Upholstered Solid Wood Dining Chair,Wayfair,橡膠木,51.05×59.94×91.44,45.7,4500.0,1028.0,5.0,49.0,5540.0,27.94,https://www.wayfair.com/furniture/pdp/george-oliver-malvino-upholstered-solid-wood-dining-chair-w111659313.html?piid=1197962909,403,0,1,0,0
0,0,Lancaster 20.5'' H Fabric Upholstered Parsons Chair,Wayfair,橡木,51.99×51.99×89.99,46.9,4500.0,2102.0,5.0,47.0,5062.0,17.96,https://www.wayfair.com/furniture/pdp/three-posts-lancaster-parsons-chair-in-off-whitegray-w004783537.html,404,0,1,1,0
1,0,Anastassiya 18.5'' H Faux Leather Upholstered Side Chair,Wayfair,橡膠木,64.01×66.04×80.01,53.3,4500.0,4279.0,49.53,47.8,3030.0,9.39,https://www.wayfair.com/furniture/pdp/wade-logan-anastassiya-dining-side-chairs-set-of-2-w010376441.html,405,0,1,0,0
1,0,Anosha 21'' H Upholstered Side Chair,Wayfair,橡膠木,46.99×59.05×99.39,56.5,4500.0,2920.0,3.0,42.9,5062.0,7.48,https://www.wayfair.com/furniture/pdp/lark-manor-anosha-dining-chair-w004236324.html?piid=1186902843,406,0,1,1,0
1,0,Seita Tufted Leather Upholstered Wing Back Parsons Chair,Wayfair,橡膠木,49.0×54.0×80.01,39.0,4500.0,4187.0,0.38,49.5,5040.0,15.75,https://www.wayfair.com/furniture/pdp/red-barrel-studio-seita-tufted-leather-upholstered-wing-back-parsons-chair-subx1651.html?piid=112741152%2C84133237,407,0,1,0,0
1,0,Brinley 21.25'' H Upholstered Side Chair,Wayfair,橡膠木,45.97×45.97×88.01,44.7,4500.0,1036.0,2.5,43.5,6234.0,11.0,https://www.wayfair.com/furniture/pdp/birch-lane-brinley-side-chair-kkah1322.html?piid=89471361,408,0,1,0,0
0,0,"Upholstered Barrel Dining Chair With Hollow Back, Modern Solid Wood Dining Chair, Comfy Side Chair For Dining Room/Living Room",Wayfair,橡膠木,52.07×73.66×101.6,55.9,4500.0,2581.0,52.07,49.5,5062.0,6.99,https://www.wayfair.com/furniture/pdp/orren-ellis-upholstered-barrel-dining-chair-with-hollow-back-modern-solid-wood-dining-chair-comfy-side-chair-for-dining-roomliving-room-w112213206.html?piid=2016642510%2C2026682419&auctionId=096d6d5b-207a-4cc7-bf9b-ca6a9a69d4f2&adTypeId=1,409,0,1,1,0
0,0,Upholstered Solid Wood Parsons Side Dining Chair,Wayfair,橡膠木,36.7×43.18×86.51,42.9,2537.0,2581.0,2.48,43.7,5474.0,5.91,https://www.wayfair.com/furniture/pdp/red-barrel-studio-upholstered-solid-wood-parsons-side-dining-chair-w112302067.html?piid=1447198348&auctionId=096d6d5b-207a-4cc7-bf9b-ca6a9a69d4f2&adTypeId=1,410,0,0,0,0
1,0,Eldana 18.5'' H Faux Leather Upholstered Side Chair,Wayfair,橡膠木,46.99×50.8×76.2,30.5,4500.0,1194.0,10.0,45.7,5062.0,5.44,https://www.wayfair.com/furniture/pdp/lark-manor-eldana-ladder-back-side-chair-in-dark-brown-gnt20149.html,411,0,1,1,0
0,0,Brinley Sharla Upholstered Side Chair (Set of 2),Wayfair,橡膠木,48.26×66.67×96.52,53.3,4500.0,1982.0,53.34,52.1,5062.0,13.97,https://www.wayfair.com/furniture/pdp/birch-lane-brinley-sharla-upholstered-side-chair-set-of-2-goms1549.html?piid=100087021,412,0,1,1,0
1,0,"Jolynn Mid Century Tufted Solid Wood Parsons Chair, Upholstered Seat Dining Chair for Living Room",Wayfair,橡膠木,52.07×56.52×76.2,29.2,4500.0,4857.0,2.5,47.0,2421.0,7.03,https://www.wayfair.com/furniture/pdp/one-allium-way-jolynn-mid-century-tufted-solid-wood-parsons-chair-upholstered-seat-dining-chair-for-living-room-w007806406.html?piid=1251430579%2C1330510624,413,0,1,0,0
0,0,Brently Solid Wood Upholstered Side Chair Dining Chair,Wayfair,橡膠木,50.8×58.42×104.14,47.0,1706.0,3555.0,5.0,53.3,4491.0,19.05,https://www.wayfair.com/furniture/pdp/wade-logan-brently-solid-wood-upholstered-side-chair-dining-chair-w006903626.html?piid=1949574941,414,0,0,0,0
1,0,Donald 17'' H Upholstered Side Chair,Wayfair,橡膠木,50.8×63.5×93.98,52.8,4500.0,3729.0,52.8,51.6,5062.0,19.96,https://www.wayfair.com/furniture/pdp/red-barrel-studio-donald-dining-chair-stms1603.html,415,0,1,1,0
0,0,Bobbi Upholstered Dining Arm Chair,Wayfair,橡木,59.0×63.5×92.71,45.0,4500.0,1232.0,2.0,54.0,5062.0,5.9,https://www.wayfair.com/furniture/pdp/joss-main-bobbi-upholstered-dining-arm-chair-kkah1318.html?piid=89471347,416,0,1,1,0
1,0,Soliel Solid Weave Wood Dining Chair,Wayfair,橡木,62.23×53.98×67.95,22.9,3003.0,3482.0,2.5,48.3,6004.0,9.78,https://www.wayfair.com/furniture/pdp/everly-quinn-soliel-solid-weave-wood-dining-chair-w110769067.html?piid=2024526143,417,0,0,0,0
0,0,Fortville 17.13'' H Solid Wood Side Chair,Wayfair,橡膠木,48.26×59.69×82.55,31.2,4500.0,3614.0,2.54,48.3,5062.0,6.3,https://www.wayfair.com/furniture/pdp/three-posts-fortville-solid-wood-ladder-back-side-chair-w002283653.html?piid=43201191,418,0,1,1,0
1,0,Drumawillin Side Chair,Wayfair,松木,43.81×54.61×100.66,75.9,4500.0,2581.0,4.7,48.3,5642.0,14.51,https://www.wayfair.com/furniture/pdp/corrigan-studio-drumawillin-side-chair-w002256377.html?piid=1357773190%2C1357773192,419,0,1,0,0
1,0,Dalpat Velvet Iron Arm Chair,Wayfair,橡木,59.0×63.5×92.71,45.0,4500.0,3650.0,21.25,54.0,3240.0,11.79,https://www.wayfair.com/furniture/pdp/ivy-bronx-dalpat-velvet-iron-arm-chair-w100008317.html?piid=1472971637,420,0,1,0,0
1,0,Parsons Upholstered Dining Chair Solid Wood Side Chair,Wayfair,橡木,55.12×61.98×103.12,54.1,4500.0,2581.0,10.19,51.1,5062.0,9.48,https://www.wayfair.com/furniture/pdp/lark-manor-parsons-upholstered-dining-chair-solid-wood-side-chair-w113301322.html?piid=1942706865&auctionId=096d6d5b-207a-4cc7-bf9b-ca6a9a69d4f2&adTypeId=1,421,0,1,1,0
1,0,"Upholstered Solid Wood Dining Chair With Hollow Back, Farmhouse Side Chair For Kitchen/Dining Room",Wayfair,橡膠木,52.07×58.93×82.04,33.0,4500.0,3556.0,4.826,49.0,5062.0,17.24,https://www.wayfair.com/furniture/pdp/george-oliver-upholstered-solid-wood-dining-chair-with-hollow-back-farmhouse-side-chair-for-kitchendining-room-w113242990.html?piid=1055179830&auctionId=096d6d5b-207a-4cc7-bf9b-ca6a9a69d4f2&adTypeId=1,422,0,1,0,0
1,0,Upholstered Solid Wood Fabric Dining Chair,Wayfair,橡膠木,50.8×43.18×92.2,48.3,4500.0,1047.0,43.18,43.2,5062.0,4.65,https://www.wayfair.com/furniture/pdp/corrigan-studio-upholstered-solid-wood-fabric-dining-chair-w111861997.html?piid=4463204&auctionId=096d6d5b-207a-4cc7-bf9b-ca6a9a69d4f2&adTypeId=1,423,0,1,1,0
1,0,Bilon Solid Back Parsons Chair,Wayfair,橡木,61.98×69.85×91.95,40.9,4500.0,2611.0,21.7,55.1,5062.0,16.78,https://www.wayfair.com/furniture/pdp/wade-logan-bilon-solid-back-parsons-chair-w100698980.html?piid=1223503177,424,0,1,1,0
1,0,Linda 18'' H Stacking Side Chair,Wayfair,橡膠木,55.88×50.8×76.2,33.8,4500.0,2759.0,2.54,45.0,5062.0,9.98,https://www.wayfair.com/furniture/pdp/kelly-clarkson-home-linda-slat-back-stacking-side-chair-w004045772.html?piid=1225194547,425,0,1,1,0
1,0,Hutto 18.8'' H Pine Side Chair,Wayfair,橡膠木,51.44×52.07×75.56,45.0,4500.0,3399.0,4.5,45.1,5545.0,6.0,https://www.wayfair.com/furniture/pdp/dovecove-hutto-side-chair-w003938195.html?piid=2103753816,426,0,1,0,0
1,0,Set Of 2 Solid Real Wood PU Leather Cushion Seat Dining Chair,Wayfair,橡木,60.33×53.98×73.66,26.7,4500.0,2592.0,5.08,47.0,5062.0,5.58,https://www.wayfair.com/furniture/pdp/corrigan-studio-set-of-2-solid-real-wood-pu-leather-cushion-seat-dining-chair-w008945969.html?piid=1860420206,427,0,1,1,0
1,0,Modern Upholstered Faux Leather Dining Chairs,Wayfair,橡木,47.5×59.0×86.36,36.5,4500.0,2581.0,2.54,50.6,4584.0,13.61,https://www.wayfair.com/furniture/pdp/corrigan-studio-modern-upholstered-faux-leather-dining-chairs-w010582975.html?piid=458129794,428,0,1,0,0
1,0,"Vintage Style Upholstered Wrapped Legs Velvet Dining Chair With Backrest And Armrest, With Solid Wood Frame, For Dining Room/Living Room",Wayfair,橡木,50.16×52.7×84.96,34.9,3734.0,3652.0,46.99,66.0,9928.0,7.38,https://www.wayfair.com/furniture/pdp/rosdorf-park-vintage-style-upholstered-wrapped-legs-velvet-dining-chair-with-backrest-and-armrest-with-solid-wood-frame-for-dining-roomliving-room-w112827249.html?piid=844447209%2C844447210&auctionId=096d6d5b-207a-4cc7-bf9b-ca6a9a69d4f2&adTypeId=1,429,0,0,0,0
1,0,"Rattan Back Upholstered Seat Dining Chair, King Louis Back Side Chair, Mid Century Solid Wood Dining Chair For Dining Room/Kitchen",Wayfair,橡膠木,46.99×53.34×86.36,43.2,4500.0,3572.0,3.175,50.0,5365.0,15.97,https://www.wayfair.com/furniture/pdp/one-allium-way-rattan-back-upholstered-seat-dining-chair-king-louis-back-side-chair-mid-century-solid-wood-dining-chair-for-dining-roomkitchen-w112661675.html?auctionId=096d6d5b-207a-4cc7-bf9b-ca6a9a69d4f2&adTypeId=1,430,0,1,0,0
1,0,未知產品,Wayfair,胡桃木,54.1×44.96×83.82,38.1,4500.0,2027.0,5.74,45.7,5062.0,19.8,https://www.wayfair.com/bed-bath/pdp/home-14-medium-gel-memory-foam-mattress-hmek2674.html?piid=100754609,431,0,1,1,0
0,0,未知產品,Wayfair,橡膠木,57.0×64.01×99.49,48.0,4500.0,2553.0,4.445,50.8,5062.0,19.05,https://www.wayfair.com/outdoor/pdp/sol-72-outdoor-keyla-windmill-w000064099.html?piid=115750837,432,0,1,1,0
1,0,未知產品,Wayfair,松木,45.72×55.88×99.06,50.0,4500.0,2883.0,2.5,47.8,5062.0,8.3,https://www.wayfair.com/storage-organization/pdp/red-barrel-studio-farmhouse-corner-cabinet-for-living-room-kitchen-laundry-room-w006665920.html?piid=785868959,433,0,1,1,0
1,0,未知產品,Wayfair,橡膠木,55.88×48.26×76.2,38.1,4500.0,2572.0,2.54,45.7,3310.0,6.35,https://www.wayfair.com/furniture/pdp/red-barrel-studio-desarie-58-media-console-for-tvs-up-to-65-with-electric-fireplace-adjustable-shelves-and-glass-doors-w100574068.html?piid=2027364521,434,0,1,0,0
1,0,未知產品,Wayfair,橡木,51.99×57.0×81.99,41.0,4500.0,2936.0,5.0,47.0,5062.0,14.0,https://www.wayfair.com/furniture/pdp/winston-porter-2-piece-upholstered-sofa-with-charging-station-living-room-set-w112469354.html,435,0,1,1,0
0,0,未知產品,Wayfair,橡膠木,54.61×63.5×88.9,43.2,4500.0,3952.0,2.5,48.3,5062.0,17.96,https://www.wayfair.com/storage-organization/pdp/ebern-designs-fabric-storage-bin-set-w009866397.html?piid=1778389486%2C1796611417,436,0,1,1,0
0,0,未知產品,Wayfair,松木,45.47×57.91×88.9,45.7,4500.0,3077.0,3.0,48.3,5062.0,12.16,https://www.wayfair.com/lighting/pdp/willa-arlo-interiors-palen-6225h-arched-floor-lamp-with-mixed-material-shade-w010969017.html,437,0,1,1,0
1,0,未知產品,Wayfair,橡木,49.53×55.88×96.52,48.3,4500.0,3754.0,5.08,49.5,5062.0,10.88,https://www.wayfair.com/furniture/pdp/joss-main-montclair-dining-chair-w003190781.html?piid=1554562122,438,0,1,1,0
0,0,未知產品,Wayfair,橡木,2.54×2.54×2.54,45.0,4500.0,2581.0,0.5,1.0,5062.0,0.1,https://www.wayfair.com/furniture/pdp/gracie-oaks-upholstered-wooden-dining-chairs-w112147580.html?piid=1756808240,439,0,0,0,0
0,0,未知產品,Wayfair,橡木,79.5×66.04×243.84,45.0,4500.0,5247.0,5.0,73.0,4736.0,9.3,https://www.wayfair.com/furniture/pdp/gracie-oaks-clova-fabric-upholstered-side-chair-wood-leg-dining-chair-w110869860.html?piid=1570448579,440,0,1,0,0
1,0,未知產品,Wayfair,橡木,55.88×39.62×164.59,164.6,4500.0,2215.0,5.0,100.0,5062.0,15.0,https://www.wayfair.com/furniture/pdp/lark-manor-parsons-upholstered-dining-chair-solid-wood-side-chair-w113301322.html?piid=1942706865,441,0,1,1,0
1,0,未知產品,Wayfair,實木,34.8×79.76×149.86,79.8,4500.0,5208.0,34.8,79.8,5062.0,63.87,https://www.wayfair.com/furniture/pdp/winston-porter-parsons-upholstered-dining-chair-solid-wood-side-chair-w113301324.html?piid=2025372345,442,0,1,1,0
1,0,Botello 17'' H Teak Side Chair,Wayfair,橡木,215.9×58.42×2.54,45.0,4500.0,2581.0,0.65,43.2,4755.0,18.0,https://www.wayfair.com/furniture/pdp/beachcrest-home-botello-teak-outdoor-dining-side-chair-w100279791.html?auctionId=3ed7645a-cb98-4f8d-b715-986efadb3f7b&adTypeId=1,443,0,0,0,1
0,0,Solid Wood Upholstered Side Chair Dining Chair,Wayfair,實木,2.54×2.54×2.54,45.0,4500.0,2581.0,1.0,2.5,5062.0,2.72,https://www.wayfair.com/furniture/pdp/corrigan-studio-solid-wood-upholstered-side-chair-dining-chair-w111412080.html?piid=71942089&auctionId=3ed7645a-cb98-4f8d-b715-986efadb3f7b&adTypeId=1,444,0,0,0,0
1,0,Tufted Modern Velvet Kitchen Upholstered Dining Chair Side Chair,Wayfair,橡木,41.91×29.84×158.12,158.1,4500.0,1249.0,2.54,40.0,5062.0,4.75,https://www.wayfair.com/furniture/pdp/winston-porter-tufted-modern-velvet-kitchen-upholstered-dining-chair-side-chair-w009391753.html?piid=964127870%2C964127869,445,0,1,1,0
1,0,Brittnie 18'' H Upholstered Parsons Chair,Wayfair,橡膠木,48.01×56.64×86.11,38.9,4500.0,3468.0,3.07,47.0,4088.0,10.89,https://www.wayfair.com/furniture/pdp/mercury-row-brittnie-mid-century-modern-dining-chair-w011197832.html?piid=1420975201,446,0,1,0,0
1,0,"Solid Wood Dining Chair, Mid-Century Chair",Wayfair,橡膠木,44.45×58.42×91.44,41.9,4500.0,2581.0,2.54,50.8,5062.0,5.9,https://www.wayfair.com/furniture/pdp/corrigan-studio-solid-wood-dining-chair-mid-century-chair-w003522889.html?piid=1899324621&auctionId=3ed7645a-cb98-4f8d-b715-986efadb3f7b&adTypeId=1,447,0,1,1,0
1,0,Parsons Upholstered Dining Chair Solid Wood Side Chair,Wayfair,橡膠木,46.99×55.5×96.49,51.6,4500.0,3505.0,3.81,49.5,5062.0,13.64,https://www.wayfair.com/furniture/pdp/lark-manor-parsons-upholstered-dining-chair-solid-wood-side-chair-w113301322.html?piid=1942706865&auctionId=3ed7645a-cb98-4f8d-b715-986efadb3f7b&adTypeId=1,448,0,1,1,0
0,0,"Mid-Century Modern Wood Dining Chairs Set of 2,White & Walnut Side Chairs, Fully Assembled",Wayfair,橡木,47.5×59.0×86.36,37.9,4500.0,2581.0,2.54,50.6,5062.0,13.61,https://www.wayfair.com/furniture/pdp/brayden-studio-mid-century-modern-wood-dining-chairs-set-of-2white-walnut-side-chairs-fully-assembled-w113506478.html?auctionId=e051a219-8e22-41a4-9eee-54b056c1cfa2&adTypeId=1,449,0,1,1,0
0,0,Arbelia 19.25'' H Upholstered Parsons Chair,Wayfair,橡木,47.5×59.0×86.36,36.1,4500.0,3290.0,5.0,50.6,5062.0,13.61,https://www.wayfair.com/furniture/pdp/lark-manor-arbelia-upholstered-back-parsons-chair-dining-chair-w110103050.html?piid=1602424521&auctionId=e051a219-8e22-41a4-9eee-54b056c1cfa2&adTypeId=1,450,0,1,1,0
0,0,Upholstered Solid Wood Fabric Dining Chair,Wayfair,橡膠木,50.16×56.52×90.81,45.7,4500.0,2581.0,5.0,43.2,5062.0,14.06,https://www.wayfair.com/furniture/pdp/corrigan-studio-upholstered-solid-wood-fabric-dining-chair-w111861997.html?piid=4463204&auctionId=e051a219-8e22-41a4-9eee-54b056c1cfa2&adTypeId=1,451,0,1,1,0
0,0,Upholstered Solid Wood Fabric Parsons Dining Chair Side Chair,Wayfair,橡木,55.88×52.07×81.28,32.0,4500.0,3345.0,5.0,52.0,5062.0,6.58,https://www.wayfair.com/furniture/pdp/ebern-designs-upholstered-solid-wood-fabric-parsons-dining-chair-side-chair-w113279066.html?piid=1470159786&auctionId=e051a219-8e22-41a4-9eee-54b056c1cfa2&adTypeId=1,452,0,1,1,0
1,0,Amasya Ladder Back Side Chair,Wayfair,松木,50.04×50.04×93.98,52.1,4500.0,3506.0,47.97,48.0,9605.0,7.48,https://www.wayfair.com/furniture/pdp/lark-manor-amasya-ladder-back-side-chair-w007993370.html?piid=1266702621,453,0,1,0,0
1,0,Galligan 18.5'' H Faux Leather Upholstered Side Chair,Wayfair,橡膠木,46.99×53.34×86.36,43.2,4500.0,1428.0,5.0,45.7,5062.0,15.97,https://www.wayfair.com/furniture/pdp/mercury-row-galligan-upholstered-side-chair-w010055539.html?piid=258895640,454,0,1,1,0
1,0,"Kretzmer 21.2"" W Bamboo Swivel Modern Dining Chair",Wayfair,橡膠木,50.8×45.47×74.93,33.8,4500.0,2581.0,1.0,40.6,5062.0,11.02,https://www.wayfair.com/furniture/pdp/george-oliver-kretzmer-212-w-bamboo-swivel-modern-dining-chair-agak1067.html?piid=96262354,455,0,1,1,0
0,0,Crumley Upholstered Side Chair with Cane Rattan Back,Wayfair,橡木,47.5×59.0×86.36,34.0,4500.0,3342.0,2.0,50.6,3729.0,13.61,https://www.wayfair.com/furniture/pdp/bayou-breeze-crumley-upholstered-side-chair-with-cane-rattan-back-w003266193.html?piid=1459790173%2C1459790172,456,0,1,0,0
1,0,Montclair 18.46'' H Side Chair,Wayfair,橡木,50.01×43.99×80.01,80.0,4500.0,2581.0,1.4,44.7,4210.0,8.0,https://www.wayfair.com/furniture/pdp/joss-main-montclair-dining-chair-w003190781.html?piid=1551422194,457,0,1,0,0
0,0,Clement 17.5'' H Faux Leather Upholstered Side Chair,Wayfair,橡膠木,48.26×64.14×96.52,48.3,4500.0,2581.0,2.5,48.9,5062.0,5.75,https://www.wayfair.com/furniture/pdp/joss-main-clement-upholstered-side-chair-w002960243.html?piid=463228386%2C463228385,458,0,1,1,0
1,0,Araud Upholstered Parsons Dining Chair,Wayfair,橡膠木,48.26×50.55×76.96,33.0,4500.0,2946.0,5.0,12.7,5062.0,12.7,https://www.wayfair.com/furniture/pdp/lark-manor-araud-upholstered-parsons-dining-chair-w004780181.html?piid=798235190,459,0,1,1,0
1,0,Dayshanay Faux Leather Upholstered Dining Chair,Wayfair,松木,45.47×57.91×88.9,40.6,4500.0,3008.0,5.0,48.3,5062.0,12.16,https://www.wayfair.com/furniture/pdp/red-barrel-studio-dayshanay-faux-leather-upholstered-dining-chair-w100658199.html?piid=1235407731,460,0,1,1,0
1,0,Alandria 18'' H Upholstered Side Chair,Wayfair,橡膠木,41.27×43.18×97.79,49.5,4500.0,2581.0,3.0,45.7,3705.0,6.35,https://www.wayfair.com/furniture/pdp/lark-manor-alandria-solid-wood-arm-chair-w005405059.html?piid=1747613040,461,0,1,0,0
0,0,Mahkar 19'' H Upholstered Side Chair,Wayfair,橡膠木,50.55×44.5×74.5,30.8,4500.0,2581.0,3.0,47.0,5062.0,11.57,https://www.wayfair.com/furniture/pdp/latitude-run-mahkar-side-chair-dining-chair-w111107747.html?piid=1834540308%2C1834986368,462,0,1,1,0
1,0,Crumley Fabric Upholstered Side Chair with Cane Rattan Back,Wayfair,橡木,57.91×57.91×82.8,40.9,4500.0,2853.0,3.0,49.0,5062.0,14.97,https://www.wayfair.com/furniture/pdp/bayou-breeze-crumley-fabric-upholstered-side-chair-with-cane-rattan-back-w009310652.html?piid=1166472727%2C1161683604,463,0,1,1,0
0,0,Shenna Dining Chair,Wayfair,橡木,48.26×48.26×83.57,35.8,7873.0,2581.0,2.5,47.8,9885.0,6.75,https://www.wayfair.com/furniture/pdp/allmodern-shenna-dining-chair-w100036669.html,464,0,0,0,1
0,0,Lineville Solid Wood Cross X Back Farmhouse Dining Side Chair,Wayfair,橡膠木,48.01×56.64×86.11,43.4,4500.0,3495.0,1.27,47.0,5062.0,10.89,https://www.wayfair.com/furniture/pdp/august-grove-lineville-solid-wood-cross-x-back-farmhouse-dining-side-chair-w004901617.html?piid=585624591,465,0,1,1,0
0,0,Madelynn 19.69'' H Upholstered Side Chair,Wayfair,橡膠木,46.99×52.07×78.11,30.8,4500.0,2581.0,5.0,44.4,5062.0,4.76,https://www.wayfair.com/furniture/pdp/kelly-clarkson-home-madelynn-king-louis-back-side-chair-in-beigeoak-w004556567.html,466,0,1,1,0
0,0,"Melvita Side Chair, Set Of Two",Wayfair,橡膠木,48.26×59.69×96.52,49.0,4500.0,2581.0,10.0,48.3,5062.0,10.3,https://www.wayfair.com/furniture/pdp/red-barrel-studio-melvita-side-chair-set-of-two-w111079085.html?auctionId=e051a219-8e22-41a4-9eee-54b056c1cfa2&adTypeId=1,467,0,1,1,1
1,0,Sachelle Solid wood and upholstered white Side Chair Dining Chair,Wayfair,橡膠木,40.01×53.85×92.71,46.4,7513.0,1960.0,2.5,48.9,5062.0,8.5,https://www.wayfair.com/furniture/pdp/corrigan-studio-sachelle-solid-wood-and-upholstered-white-side-chair-dining-chair-w112995688.html?auctionId=e051a219-8e22-41a4-9eee-54b056c1cfa2&adTypeId=1,468,0,0,1,0
0,0,Upholstered Solid Wood Side Chair Dining Chair,Wayfair,橡膠木,63.5×63.5×78.74,31.0,4500.0,3728.0,11.59,12.7,5062.0,10.48,https://www.wayfair.com/furniture/pdp/latitude-run-upholstered-solid-wood-side-chair-dining-chair-w111412081.html?piid=1281194821,469,0,1,1,0
1,0,Karlie 18.9'' H Side Chair,Wayfair,橡木,46.99×50.8×76.84,31.8,4500.0,2581.0,2.54,48.3,5062.0,15.57,https://www.wayfair.com/furniture/pdp/birch-lane-karlie-side-chair-w009912344.html?piid=1192585475,470,0,1,1,0
1,0,"21.7"" Contemporary Black Windsor Style Spindle Back Dining Chair",Wayfair,橡木,48.26×48.26×83.57,35.8,4500.0,2434.0,1.27,47.8,5062.0,6.75,https://www.wayfair.com/furniture/pdp/gracie-oaks-217-contemporary-black-windsor-style-spindle-back-dining-chair-duhm4076.html,471,0,1,1,0
0,0,Anirvin Faux Leather Waterproof Upholstered Dining Chair,Wayfair,橡膠木,57.15×50.8×73.66,29.0,4500.0,2314.0,1.27,45.7,5062.0,5.9,https://www.wayfair.com/furniture/pdp/lark-manor-anirvin-faux-leather-waterproof-upholstered-dining-chair-w001468665.html?piid=1483351360,472,0,1,1,0
1,0,Geelt Upholstered Dining Chairs with Casters,Wayfair,橡木,50.8×55.88×88.9,38.1,4500.0,2510.0,4.5,48.2,5062.0,6.8,https://www.wayfair.com/furniture/pdp/everly-quinn-geelt-upholstered-dining-chairs-with-casters-w111239925.html?piid=974476005,473,0,1,1,0
1,0,Upholstered Dining Chair Solid Wood Side Chair,Wayfair,橡膠木,49.0×55.88×96.01,40.0,4500.0,3071.0,41.0,50.1,5062.0,12.97,https://www.wayfair.com/furniture/pdp/wildon-home-upholstered-dining-chair-solid-wood-side-chair-w111200246.html?piid=210321527,474,0,1,1,0
1,0,Arcolia 18.5'' H Fabric Upholstered Side Chair,Wayfair,橡木,45.09×57.15×93.98,48.3,4500.0,2888.0,4.775,48.3,5062.0,14.97,https://www.wayfair.com/furniture/pdp/wade-logan-arcolia-dining-chair-set-of-6-w009441758.html?piid=1835341127,475,0,1,1,0
1,0,"Alvie 17"" Wide Modern Farmhouse Windsor Back Solid Wood Dining Chairs",Wayfair,橡膠木,55.88×51.05×78.74,25.4,4500.0,3257.0,5.08,53.3,5062.0,9.5,https://www.wayfair.com/furniture/pdp/alvie-17-wide-modern-farmhouse-windsor-back-solid-wood-dining-chairs-duhm3844.html?piid=99057976,476,0,1,1,0
1,0,Parkerson 17.7'' H Upholstered Side Chair,Wayfair,橡膠木,50.04×58.42×92.96,47.7,4500.0,3308.0,48.26,47.7,5062.0,7.98,https://www.wayfair.com/furniture/pdp/mercury-row-parkerson-side-chair-w003089596.html?piid=90091401,477,0,1,1,0
1,0,Chenille Upholstered Dining Chair With Casters,Wayfair,橡膠木,55.12×24.89×73.91,29.1,4500.0,1269.0,24.89,45.0,6523.0,42.01,https://www.wayfair.com/furniture/pdp/latitude-run-chenille-upholstered-dining-chair-with-casters-w112802788.html?piid=1618932512&auctionId=e051a219-8e22-41a4-9eee-54b056c1cfa2&adTypeId=1,478,0,1,0,0
1,0,Savannah - Mid-century Modern Grey Fabric + Walnut Dining Chair,Wayfair,橡木,44.45×50.8×92.71,47.0,4500.0,2581.0,5.0,50.8,5062.0,15.0,https://www.wayfair.com/furniture/pdp/corrigan-studio-savannah-mid-century-modern-grey-fabric-walnut-dining-chair-w112913787.html?auctionId=e051a219-8e22-41a4-9eee-54b056c1cfa2&adTypeId=1,479,0,1,1,0
0,0,Ottomanson Set of 2 Dining Chairs with Elegant Gold Legs for Stylish Seating,Wayfair,橡木,55.12×59.94×85.09,38.1,4500.0,3922.0,0.5,49.0,5062.0,12.97,https://www.wayfair.com/furniture/pdp/everly-quinn-ottomanson-set-of-2-dining-chairs-with-elegant-gold-legs-for-stylish-seating-w112921067.html?piid=1499839828%2C1499839829&auctionId=e051a219-8e22-41a4-9eee-54b056c1cfa2&adTypeId=1,480,0,1,1,0
0,0,Slatted Back Dining Chair Solid Wood Side Chair,Wayfair,橡膠木,45.01×57.51×101.6,82.2,4500.0,2869.0,5.0,48.5,5062.0,12.36,https://www.wayfair.com/furniture/pdp/lark-manor-slatted-back-dining-chair-solid-wood-side-chair-w111224177.html?piid=2056205941,481,0,1,1,0
1,0,Kyo Upholstered Barrel Chair,Wayfair,橡膠木,44.96×52.58×77.98,30.2,4500.0,2789.0,4.0,47.0,6300.0,5.13,https://www.wayfair.com/furniture/pdp/allmodern-kyo-upholstered-barrel-chair-kkah1362.html?piid=90695418,482,0,1,0,0
0,0,Alvie Solid Wood Cross Back Side Chair,Wayfair,橡膠木,43.69×50.04×90.68,45.9,3789.0,2902.0,3.0,45.0,6222.0,11.97,https://www.wayfair.com/furniture/pdp/alvie-solid-wood-cross-back-side-chair-duhm3869.html?piid=99057958,483,0,0,0,0
0,0,Allena Tufted Velvet/Linen Wing Back Parsons Chair,Wayfair,實木,59.0×66.04×83.82,33.0,4500.0,2581.0,10.0,50.8,5062.0,25.85,https://www.wayfair.com/furniture/pdp/rosdorf-park-allena-tufted-velvetlinen-wing-back-parsons-chair-w001171761.html?piid=98945122%2C73660452,484,0,1,1,1
1,0,Mid Back Corduroy Upholstered Solid Wood Dining Side Chairs,Wayfair,橡膠木,46.48×53.09×77.98,78.2,4500.0,4955.0,10.16,43.8,5062.0,4.26,https://www.wayfair.com/furniture/pdp/inbox-zero-mid-back-corduroy-upholstered-solid-wood-dining-side-chairs-w111075403.html?piid=834136232,485,0,1,1,0
1,0,Lio 18'' H Faux Leather Upholstered Side Chair,Wayfair,橡木,51.05×59.94×85.09,45.7,4500.0,3610.0,6.25,53.3,5062.0,17.69,https://www.wayfair.com/furniture/pdp/allmodern-lio-side-chair-w004899491.html?piid=1444747735,486,0,1,1,0
0,0,Arondell Solid Wood Cane Side Chair,Wayfair,橡木,49.02×57.91×77.98,34.0,4500.0,3278.0,4.3,43.9,5062.0,8.62,https://www.wayfair.com/furniture/pdp/bayou-breeze-arondell-solid-wood-cane-side-chair-w110188392.html?piid=1040276121&auctionId=e051a219-8e22-41a4-9eee-54b056c1cfa2&adTypeId=1,487,0,1,1,0
0,0,Arka 19'' H Solid Wood Side Chair,Wayfair,橡膠木,43.48×52.3×90.17,71.7,4500.0,2672.0,3.0,44.0,5062.0,12.6,https://www.wayfair.com/furniture/pdp/allmodern-arka-side-chair-set-of-2-w111613902.html?piid=1844138241&auctionId=e051a219-8e22-41a4-9eee-54b056c1cfa2&adTypeId=1,488,0,1,0,0
0,0,未知產品,Wayfair,橡木,59.0×60.96×82.3,32.0,4500.0,2787.0,18.75,45.7,3576.0,12.02,https://www.wayfair.com/furniture/pdp/gracie-oaks-upholstered-wooden-dining-chairs-w112147580.html?piid=1756808240,489,0,1,0,0
0,0,未知產品,Wayfair,橡膠木,43.69×50.04×90.68,45.5,4500.0,2581.0,5.0,45.0,5062.0,11.97,https://www.wayfair.com/furniture/pdp/joss-main-montclair-dining-chair-w003190781.html?piid=1554562122,490,0,1,1,0
1,0,未知產品,Wayfair,胡桃木,50.04×64.77×95.0,50.8,4500.0,3399.0,2.54,50.8,5062.0,7.71,https://www.wayfair.com/lighting/pdp/willa-arlo-interiors-palen-6225h-arched-floor-lamp-with-mixed-material-shade-w010969017.html,491,0,1,1,0
0,0,未知產品,Wayfair,橡膠木,59.51×61.01×85.5,33.0,4500.0,3474.0,5.0,51.5,5062.0,14.67,https://www.wayfair.com/storage-organization/pdp/ebern-designs-fabric-storage-bin-set-w009866397.html?piid=1778389486%2C1796611417,492,0,1,1,0
0,0,未知產品,Wayfair,橡膠木,45.09×55.24×79.38,36.8,7884.0,5267.0,78.34,45.7,5062.0,4.25,https://www.wayfair.com/furniture/pdp/winston-porter-2-piece-upholstered-sofa-with-charging-station-living-room-set-w112469354.html,493,0,0,1,0
1,0,未知產品,Wayfair,橡膠木,59.05×50.16×83.49,36.2,4500.0,3822.0,5.08,48.3,5062.0,7.71,https://www.wayfair.com/bed-bath/pdp/home-14-medium-gel-memory-foam-mattress-hmek2674.html?piid=100754609,494,0,1,1,0
1,0,未知產品,Wayfair,橡膠木,44.5×58.4×95.89,41.9,4500.0,2581.0,5.0,51.0,7020.0,5.9,https://www.wayfair.com/furniture/pdp/one-allium-way-rattan-back-upholstered-seat-dining-chair-king-louis-back-side-chair-mid-century-solid-wood-dining-chair-for-dining-roomkitchen-w112661675.html,495,0,1,0,0
1,0,未知產品,Wayfair,橡木,41.91×29.84×158.12,158.1,4500.0,1247.0,2.54,50.0,5062.0,4.75,https://www.wayfair.com/furniture/pdp/lark-manor-parsons-upholstered-dining-chair-solid-wood-side-chair-w113301322.html?piid=1942706865,496,0,1,1,0
1,0,Tehlani 18'' H Solid Wood Side Chair,Wayfair,橡木,2.54×0.0066×2.54,45.0,4500.0,2581.0,2.54,45.7,5062.0,5.0,https://www.wayfair.com/furniture/pdp/gracie-oaks-tehlani-solid-wood-slat-back-side-chair-in-black-w110633862.html,497,0,0,0,1
1,0,Gordes 17.5'' H Upholstered Side Chair,Wayfair,胡桃木,34.8×79.76×149.86,80.0,4500.0,4000.0,10.0,17.5,5000.0,63.87,https://www.wayfair.com/furniture/pdp/bay-isle-home-gordes-side-chair-w009912380.html?piid=899404718,498,0,1,0,0
1,0,Courtdale 18'' H Solid Wood Side Chair,Wayfair,橡木,2.54×2.54×45.72,45.7,4500.0,2581.0,2.0,45.7,6898.0,8.0,https://www.wayfair.com/furniture/pdp/three-posts-courtdale-solid-wood-ladder-back-side-chair-w001420621.html?piid=1157628634,499,0,1,0,0
1,0,Carless 18'' H Solid Wood Side Chair,Wayfair,橡木,49.53×55.88×96.52,48.3,4500.0,3802.0,5.08,48.3,5062.0,10.88,https://www.wayfair.com/furniture/pdp/winston-porter-carless-solid-wood-slat-back-side-chair-w007367561.html?piid=928428414,500,0,1,1,0
1,0,Shaler Ladder Back Arm Chair in Smoky Quartz,Wayfair,橡膠木,46.99×55.5×96.49,51.6,4500.0,3303.0,5.0,49.5,5062.0,13.64,https://www.wayfair.com/furniture/pdp/shaler-ladder-back-arm-chair-in-smoky-quartz-w001316397.html,501,0,1,1,0
0,0,Meisha Solid Wood Slat Back Dining Chair,Wayfair,橡木,47.5×59.0×86.36,36.0,4500.0,2581.0,4.5,50.6,5062.0,13.61,https://www.wayfair.com/furniture/pdp/allmodern-meisha-solid-wood-slat-back-dining-chair-w004644679.html,502,0,1,1,0
0,0,Bragdon 18.25'' H Solid Wood Side Chair,Wayfair,橡膠木,50.8×54.61×87.63,43.2,4500.0,2637.0,3.0,45.7,5062.0,5.02,https://www.wayfair.com/furniture/pdp/sand-stable-bragdon-solid-wood-cross-back-side-chair-in-distressed-white-w001802781.html,503,0,1,1,0
0,0,Kalysia Linen Upholstered Side Chair,Wayfair,橡膠木,50.04×58.42×92.96,48.6,4500.0,3293.0,0.899,44.4,5062.0,8.48,https://www.wayfair.com/furniture/pdp/canora-grey-kalysia-linen-solid-wood-slat-back-side-chair-in-dark-ash-w003264691.html?piid=1124086753,504,0,1,1,0
0,0,Brecia 17.8'' H Tufted Upholstered Pine Side Chair,Wayfair,橡膠木,48.26×58.42×99.06,31.8,4500.0,3620.0,2.5,47.6,5062.0,113.4,https://www.wayfair.com/furniture/pdp/orren-ellis-faux-leather-upholstered-dining-chairs-modern-wingback-side-chairs-with-metal-legs-w110305594.html?piid=774402213,505,0,1,1,0
0,0,Elani Bankers Swivel Tufted Dining Chairs with Casters and Arms,Wayfair,橡膠木,48.26×58.42×102.87,91.4,4500.0,3445.0,2.8125,44.7,5062.0,9.07,https://www.wayfair.com/furniture/pdp/red-barrel-studio-elani-bankers-swivel-tufted-dining-chairs-with-casters-and-arms-w006444472.html?piid=1480359264%2C1480359255,506,0,1,1,0
0,0,Betti 18.9'' H Upholstered Dining Chair,Wayfair,橡膠木,45.72×48.26×88.9,43.2,4500.0,2581.0,2.0,45.7,5062.0,15.42,https://www.wayfair.com/furniture/pdp/wade-logan-betti-upholstered-arm-chair-w100509545.html?piid=1327263366,507,0,1,1,0
0,0,Arnlaugur 4pcs Parsons Chair Dining Chair,Wayfair,橡膠木,57.15×60.96×100.99,50.8,4500.0,3550.0,4.2672,44.7,8651.0,9.0,https://www.wayfair.com/furniture/pdp/ebern-designs-arnlaugur-4pcs-parsons-chair-dining-chair-w110463862.html,508,0,1,0,0
1,0,"Modern Dining Chairs With Backrest, With Solid Wood Frame, For Dining Room/Living Room",Wayfair,橡膠木,53.34×55.63×85.6,37.6,4500.0,2581.0,2.5,48.0,5062.0,12.02,https://www.wayfair.com/furniture/pdp/george-oliver-modern-dining-chairs-with-backrest-with-solid-wood-frame-for-dining-roomliving-room-w112771647.html?piid=1206125716,509,0,1,1,1
1,0,Asheboro Upholstered Wing Back Side Chair,Wayfair,橡木,48.26×48.26×81.28,36.8,4500.0,2581.0,2.032,47.0,3410.0,7.48,https://www.wayfair.com/furniture/pdp/birch-lane-asheboro-upholstered-wing-back-side-chair-w010146222.html?piid=1118802114%2C1118802113,510,0,1,0,0
1,0,Bannasch 17.72'' H Faux Leather Upholstered Parsons Chair,Wayfair,橡膠木,45.72×57.15×101.6,81.3,4500.0,1237.0,6.985,46.4,5344.0,5.44,https://www.wayfair.com/furniture/pdp/wade-logan-bannasch-upholstered-parsons-chair-in-black-orls2422.html?piid=29832827,511,0,1,0,0
0,0,Loda 18'' H Solid Wood Side Chair,Wayfair,橡膠木,48.26×55.88×101.6,61.0,4500.0,3077.0,5.0,40.6,5570.0,7.71,https://www.wayfair.com/furniture/pdp/alcott-hill-loda-windsor-back-side-chair-in-antique-black-w000577759.html?piid=762979446,512,0,1,0,0
1,0,Efstathios 18.5'' H Solid Wood Folding Side Chair,Wayfair,松木,49.02×43.18×81.03,36.0,4500.0,2581.0,5.0,45.4,5062.0,6.1,https://www.wayfair.com/furniture/pdp/bay-isle-home-efstathios-solid-wood-windsor-back-folding-side-chair-dining-chair-w111097346.html,513,0,1,1,0
1,0,Gigi Slat Back Wood Upholstered Side Chair,Wayfair,橡木,64.1×66.0×80.1,53.3,4500.0,2581.0,34.29,49.5,5062.0,18.0,https://www.wayfair.com/furniture/pdp/kelly-clarkson-home-gigi-slat-back-wood-upholstered-side-chair-w003374821.html?piid=806440527,514,0,1,1,1
1,0,Ailisa 19.7'' H Tufted Faux Leather Upholstered Side Chair,Wayfair,橡膠木,61.98×64.77×96.27,48.3,4500.0,2581.0,52.0,48.0,5062.0,9.53,https://www.wayfair.com/furniture/pdp/lark-manor-ailisa-tufted-wingback-side-chair-w008672893.html?piid=1584254901%2C1557320259,515,0,1,1,1
1,0,Hudson 19.75'' H Linen Upholstered Side Chair,Wayfair,實木,2.54×12.7×50.8,50.8,2587.0,2581.0,2.5,48.3,5062.0,8.0,https://www.wayfair.com/furniture/pdp/kelly-clarkson-home-hudson-linen-upholstered-side-chair-set-of-2-w004026355.html?piid=1112220970,516,0,0,0,0
1,0,Alayaa Upholstered Side Chair with Casters,Wayfair,橡膠木,55.24×52.07×77.47,30.5,4500.0,3076.0,19.5,15.2,2281.0,13.0,https://www.wayfair.com/furniture/pdp/birch-lane-alayaa-upholstered-side-chair-with-casters-goms1535.html?piid=99840925,517,0,1,0,0
0,0,Khloemae Swivel Dining Chair,Wayfair,橡膠木,56.85×46.0×86.0,43.5,4500.0,5300.0,6.0,41.5,5062.0,18.14,https://www.wayfair.com/furniture/pdp/george-oliver-khloemae-swivel-dining-chair-w110413512.html?piid=108536951,518,0,1,1,0
0,0,Bayley 17.7'' H Upholstered Walnut Side Chair,Wayfair,橡膠木,52.07×55.88×104.14,104.1,4500.0,2282.0,3.94,45.7,5015.0,9.3,https://www.wayfair.com/furniture/pdp/loon-peak-bayley-ladder-back-side-chair-w005247135.html?piid=259666874,519,0,1,0,0
1,0,Aukeem 20.5'' H Velvet Upholstered Side Chair,Wayfair,橡木,48.01×59.94×83.06,32.7,4500.0,2893.0,1.44,29.6,5062.0,4.54,https://www.wayfair.com/furniture/pdp/wade-logan-aukeem-velvet-upholstered-side-chair-w001186171.html?piid=899772713,520,0,1,1,0
1,0,Hebah 19.5'' H Faux Leather Upholstered Armchair,Wayfair,橡木,47.62×55.88×101.6,60.0,4500.0,1856.0,2.5,45.7,5062.0,8.16,https://www.wayfair.com/furniture/pdp/red-barrel-studio-hebah-arm-chair-dining-chair-w100243003.html?piid=1074900771,521,0,1,1,0
1,0,Alayaa Performance Upholstered Armchair with Casters,Wayfair,橡木,54.61×63.5×91.44,42.3,4500.0,3646.0,4.76,50.0,5062.0,19.0,https://www.wayfair.com/furniture/pdp/birch-lane-alayaa-performance-upholstered-armchair-with-casters-goms1531.html?piid=99840900,522,0,1,1,0
1,0,Comtal 20.25'' H Fabric Upholstered Side Chair,Wayfair,橡膠木,64.14×66.04×80.01,53.3,4500.0,4953.0,3.175,45.0,5062.0,12.0,https://www.wayfair.com/furniture/pdp/ophelia-co-comtal-cross-back-side-chair-in-vintage-white-stms2280.html,523,0,1,1,0
1,0,Hudson Solid Wood Side Chair,Wayfair,橡膠木,46.36×53.34×101.3,59.7,4500.0,2581.0,8.0,50.2,9896.0,14.97,https://www.wayfair.com/furniture/pdp/kelly-clarkson-home-hudson-solid-wood-side-chair-w004027124.html?piid=1190015265,524,0,1,0,0
1,0,Anjelita 17.75'' H Side Chair,Wayfair,橡膠木,51.56×53.85×83.06,36.1,1587.0,3280.0,0.89,50.2,3380.0,15.29,https://www.wayfair.com/furniture/pdp/charlton-home-anjelita-ladder-back-side-chair-w005932293.html?piid=1434133061,525,0,0,0,0
1,0,Efstathios 18.5'' H Solid Wood Folding Side Chair,Wayfair,橡膠木,47.5×53.34×76.45,36.6,4500.0,2581.0,3.81,45.0,5062.0,5.13,https://www.wayfair.com/furniture/pdp/bay-isle-home-efstathios-solid-wood-windsor-back-folding-side-chair-dining-chair-w111097349.html,526,0,1,1,0
0,0,Finchamp 18.23'' H Leather Upholstered Armchair,Wayfair,橡膠木,52.7×68.58×99.06,58.4,4500.0,3534.0,3.7525,52.1,5062.0,8.98,https://www.wayfair.com/furniture/pdp/bay-isle-home-finchamp-side-chair-fv94277.html?piid=69518668,527,0,1,1,0
1,0,Linzy 18.5'' H Solid Wood Side Chair,Wayfair,橡膠木,52.07×62.23×82.55,32.5,4500.0,3533.0,2.0,47.6,5062.0,15.77,https://www.wayfair.com/furniture/pdp/wade-logan-linzy-solid-wood-low-back-side-chair-w100292014.html?piid=1224526344,528,0,1,1,0
0,0,Merha 19.29'' H Tufted Upholstered Side Chair,Wayfair,胡桃木,59.0×69.85×92.71,37.6,4500.0,3392.0,10.0,55.1,6558.0,33.57,https://www.wayfair.com/furniture/pdp/one-allium-way-boligee-tufted-side-chair-dining-chair-w100345021.html,529,0,1,0,0
1,0,Fordwich 17.75'' H Solid Wood Side Chair,Wayfair,橡膠木,55.88×50.16×86.36,34.9,8086.0,3876.0,55.88,51.4,2861.0,7.5,https://www.wayfair.com/furniture/pdp/fordwich-solid-wood-slat-back-side-chair-w004176815.html?piid=1278902169,530,0,0,0,0
1,0,Tyrell 17.5'' H Oak Solid Wood Side Chair,Wayfair,橡膠木,46.05×55.88×99.39,53.7,4500.0,2581.0,2.54,48.3,5062.0,6.99,https://www.wayfair.com/furniture/pdp/red-barrel-studio-tyrell-curved-arrowback-solid-wood-dining-chair-rbrs8190.html,531,0,1,0,0
1,0,Solid Wood Side Chair (set Of 4),Wayfair,橡膠木,45.72×54.61×95.25,49.5,4500.0,2581.0,1.5,45.7,4823.0,7.26,https://www.wayfair.com/furniture/pdp/lark-manor-solid-wood-side-chair-set-of-4-duhm3976.html?piid=99276436,532,0,1,0,0
0,0,Kimarri 18.5'' H Fabric Upholstered Side Chair,Wayfair,橡膠木,47.62×54.61×101.6,22.2,4500.0,1458.0,2.5,45.1,3285.0,7.98,https://www.wayfair.com/furniture/pdp/red-barrel-studio-kimarri-fabric-upholstered-back-side-chair-in-beigenatural-tone-w110664594.html,533,0,1,0,0
1,0,Aniek 18'' H Solid Wood Side Chair,Wayfair,橡膠木,48.01×59.94×83.06,32.3,4565.0,2880.0,1.905,47.6,2797.0,4.54,https://www.wayfair.com/furniture/pdp/lark-manor-aniek-side-chair-w004581758.html?piid=820760894,534,0,0,0,0
1,0,Manatuto 18'' H Solid Wood Side Chair,Wayfair,橡膠木,43.99×51.0×81.0,81.0,4500.0,3006.0,1.0,46.7,5062.0,6.01,https://www.wayfair.com/furniture/pdp/langley-street-manatuto-slat-back-solid-wood-dining-chair-w000063053.html,535,0,1,1,0
1,0,Allijah 18'' H Oak Solid Wood Side Chair,Wayfair,橡膠木,50.16×59.05×83.19,32.2,4500.0,2581.0,2.0,45.7,5062.0,7.5,https://www.wayfair.com/furniture/pdp/rosalind-wheeler-american-craftsman-solid-oak-chair-w009603944.html,536,0,1,1,0
1,0,Kamill 19.63'' H Upholstered Side Chair,Wayfair,橡膠木,49.28×45.97×97.28,48.8,4500.0,3282.0,5.0,49.0,5062.0,11.34,https://www.wayfair.com/furniture/pdp/gracie-oaks-kamill-dining-chair-gnt27067.html,537,0,1,1,0
1,0,Faranda Mid Century Modern Dining Chairs Farmhouse Upholstered Accent Chairs with Curved Backrests,Wayfair,橡膠木,43.94×53.34×89.66,44.6,4500.0,2981.0,12.0,45.1,5062.0,4.54,https://www.wayfair.com/furniture/pdp/red-barrel-studio-faranda-mid-century-modern-dining-chairs-farmhouse-upholstered-accent-chairs-with-curved-backrests-w011060541.html?piid=1593420587%2C1593420580,538,0,1,1,0
1,0,Delphine 17'' H Solid Wood Side Chair,Wayfair,橡木,45.5×52×93.3,75.5,4500.0,2350.0,2.5,45.2,5062.0,22.68,https://www.wayfair.com/furniture/pdp/kelly-clarkson-home-delphine-solid-wood-side-chair-w100153071.html?piid=1398932635,539,0,1,1,0
1,0,Oreille 16'' H Upholstered Side Chair,Wayfair,橡膠木,44.45×46.48×88.9,44.4,4500.0,5720.0,2.54,45.1,6300.0,25.4,https://www.wayfair.com/furniture/pdp/joss-main-oreille-upholstered-dining-chair-w004812266.html?piid=1418599679,540,0,1,0,0
0,0,未知產品,Wayfair,橡木,49.53×63.5×97.79,50.8,4500.0,3690.0,2.54,47.0,5062.0,17.24,https://www.wayfair.com/furniture/pdp/one-allium-way-rattan-back-upholstered-seat-dining-chair-king-louis-back-side-chair-mid-century-solid-wood-dining-chair-for-dining-roomkitchen-w112661675.html,541,0,1,1,0
1,0,未知產品,Wayfair,橡膠木,49.53×59.05×85.09,45.7,4500.0,2102.0,2.5,45.7,5062.0,12.03,https://www.wayfair.com/bed-bath/pdp/home-14-medium-gel-memory-foam-mattress-hmek2674.html?piid=100754609,542,0,1,0,0
0,0,未知產品,Wayfair,橡膠木,45.09×55.88×101.6,61.6,4500.0,2581.0,0.254,47.2,5062.0,9.98,https://www.wayfair.com/outdoor/pdp/sol-72-outdoor-keyla-windmill-w000064099.html?piid=115750837,543,0,1,1,0
1,0,未知產品,Wayfair,橡膠木,45.09×54.61×98.12,48.3,4500.0,2581.0,3.81,49.8,4250.0,7.5,https://www.wayfair.com/furniture/pdp/winston-porter-2-piece-upholstered-sofa-with-charging-station-living-room-set-w112469354.html,544,0,1,0,0
1,0,未知產品,Wayfair,橡膠木,52.07×57.79×86.36,36.4,4500.0,2530.0,2.03,50.3,5062.0,13.97,https://www.wayfair.com/storage-organization/pdp/ebern-designs-fabric-storage-bin-set-w009866397.html?piid=1778389486%2C1796611417,545,0,1,1,0
1,0,未知產品,Wayfair,橡木,45.72×55.88×91.44,45.7,4500.0,2581.0,45.72,43.2,5062.0,7.0,https://www.wayfair.com/lighting/pdp/willa-arlo-interiors-palen-6225h-arched-floor-lamp-with-mixed-material-shade-w010969017.html,546,0,1,1,0
1,0,未知產品,Wayfair,實木,55.88×66.04×109.22,109.2,4500.0,1514.0,26.0,40.6,5062.0,14.51,https://www.wayfair.com/furniture/pdp/joss-main-montclair-dining-chair-w003190781.html?piid=1554562122,547,0,1,1,0
0,0,未知產品,Wayfair,橡膠木,49.53×55.88×96.52,48.3,4500.0,2454.0,5.0,49.5,5062.0,10.88,https://www.wayfair.com/furniture/pdp/gracie-oaks-upholstered-wooden-dining-chairs-w112147580.html?piid=1756808240,548,0,1,1,0
1,0,未知產品,Wayfair,橡木,79.5×66.04×243.84,45.0,4500.0,5250.0,5.0,96.0,5062.0,9.3,https://www.wayfair.com/furniture/pdp/lark-manor-parsons-upholstered-dining-chair-solid-wood-side-chair-w113301322.html?piid=1942706865,549,0,1,1,0
0,0,未知產品,Wayfair,實木,34.8×79.76×149.86,79.8,4500.0,5206.0,34.8,79.8,5062.0,63.87,https://www.wayfair.com/furniture/pdp/winston-porter-parsons-upholstered-dining-chair-solid-wood-side-chair-w113301324.html?piid=2025372345,550,0,1,1,0
1,0,Bramblecrest 18'' H Solid Wood Side Chair,Wayfair,橡木,2.54×0.65×2.54,45.0,4500.0,2581.0,0.1,45.7,5062.0,15.0,https://www.wayfair.com/furniture/pdp/alcott-hill-bramblecrest-solid-wood-slat-back-side-chair-alct3437.html?piid=15478685,551,0,0,0,0
0,0,Guillemette 17.9'' H Upholstered Side Chair,Wayfair,實木,2.54×不明×2.54,45.0,4500.0,2581.0,4.0,45.7,6180.0,2.72,https://www.wayfair.com/furniture/pdp/winston-porter-guillemette-solid-wood-dining-chair-w001821476.html?piid=821258351,552,0,0,0,0
0,0,Bonas 17.5'' H Solid Wood Side Chair,Wayfair,橡木,41.91×29.84×158.12,45.0,4500.0,2581.0,1.0,1.0,5062.0,4.75,https://www.wayfair.com/furniture/pdp/sand-stable-bonas-solid-wood-ladder-back-side-chair-in-distressed-white-w003526538.html,553,0,0,0,0
1,0,"Heitger Leather Upholstered Side Chairs Modern Dining Chairs with Metal Legs, Dining Room Chair",Wayfair,橡膠木,48.01×56.64×86.11,42.6,4500.0,1672.0,2.0,47.0,5062.0,10.89,https://www.wayfair.com/furniture/pdp/george-oliver-heitger-leather-upholstered-side-chairs-modern-dining-chairs-with-metal-legs-dining-room-chair-w100747469.html?piid=1869799285,554,0,1,1,0
1,0,Jayden Fabric Linen Upholstered Parsons Chair,Wayfair,橡膠木,44.45×58.42×96.52,41.9,4500.0,2581.0,5.0,51.0,4506.0,5.9,https://www.wayfair.com/furniture/pdp/home-design-inc-jayden-fabric-linen-upholstered-parsons-chair-hdnn1475.html,555,0,1,0,0
1,0,Knoble 18.7'' H Upholstered Side Chair,Wayfair,橡膠木,46.99×55.5×96.49,51.6,4500.0,3299.0,3.81,49.5,5062.0,13.64,https://www.wayfair.com/furniture/pdp/george-oliver-knoble-polyester-blend-side-chair-dining-chair-w110515332.html,556,0,1,1,0
0,0,Arnold 18'' H Faux Leather Upholstered Side Chair,Wayfair,橡木,47.5×59.0×86.36,34.9,4500.0,2581.0,5.0,50.6,5062.0,13.61,https://www.wayfair.com/furniture/pdp/george-oliver-arnold-side-chair-bmfr2210.html?piid=33484275,557,0,1,1,0
0,0,Roseland 19.25'' H Linen Upholstered Side Chair,Wayfair,橡木,47.5×59.0×86.36,36.1,4500.0,2581.0,5.08,50.6,2445.0,13.61,https://www.wayfair.com/furniture/pdp/beachcrest-home-roseland-modern-solid-wood-dining-chair-with-rattan-backrest-kthm7519.html?piid=94190908,558,0,1,0,0
1,0,Canne Modern and Contemporary Upholstered and Wood Dining Chair,Wayfair,橡膠木,45.47×55.88×98.04,42.8,4500.0,2933.0,45.47,45.5,3038.0,6.26,https://www.wayfair.com/furniture/pdp/red-barrel-studio-canne-modern-and-contemporary-upholstered-and-wood-dining-chair-w003089173.html,559,0,1,0,0
1,0,Totten 17.3'' H Cotton Upholstered Armchair,Wayfair,橡膠木,48.26×58.42×101.6,22.9,4500.0,2008.0,2.54,44.4,2584.0,5.44,https://www.wayfair.com/furniture/pdp/bay-isle-home-totten-223-wide-armchair-w004658692.html?piid=987712976,560,0,1,0,0
1,0,18'' H Solid Wood Side Chair,Wayfair,橡膠木,48.51×43.94×78.49,40.1,4500.0,3420.0,5.69,47.0,5062.0,5.7,https://www.wayfair.com/furniture/pdp/winston-porter-hamayak-solid-wood-slat-back-side-chair-in-aspen-valley-w009862990.html,561,0,1,1,0
1,0,Carlana 19.5'' H Upholstered Beech Arm Chair,Wayfair,橡膠木,43.94×46.48×98.04,54.6,4500.0,2581.0,5.0,43.9,5062.0,6.49,https://www.wayfair.com/furniture/pdp/wade-logan-carlana-upholstered-dining-chair-w002595600.html,562,0,1,1,0
1,0,"Modern Upholstered Dining Chair, Boucle Fabric Swivel Barrel Chair, Wingback Side Chair, Vanity Chair",Wayfair,橡膠木,56.9×45.97×78.99,31.1,4500.0,4106.0,45.97,47.2,5062.0,10.48,https://www.wayfair.com/furniture/pdp/brayden-studio-modern-upholstered-dining-chair-boucle-fabric-swivel-barrel-chair-wingback-side-chair-vanity-chair-w112967281.html?piid=1033634766,563,0,1,1,0
0,0,Hendry Windsor Back Arm Chair,Wayfair,橡膠木,48.26×45.72×81.28,39.9,4500.0,1043.0,1.0,45.7,9461.0,5.9,https://www.wayfair.com/furniture/pdp/lark-manor-hendry-windsor-back-arm-chair-w002583008.html?piid=1060666989,564,0,1,0,0
1,0,Tufted Upholstered Side Chairs,Wayfair,橡膠木,48.26×52.07×86.36,37.5,4500.0,3627.0,5.0,48.9,5062.0,11.79,https://www.wayfair.com/furniture/pdp/lark-manor-tufted-upholstered-side-chairs-w003154580.html?piid=1872976827%2C1807782271,565,0,1,1,0
0,0,Miyashiro 19'' H Upholstered Side Chair,Wayfair,橡膠木,44.48×49.48×84.99,40.9,4500.0,2857.0,2.0,46.0,5062.0,12.02,https://www.wayfair.com/furniture/pdp/mercury-row-miyashiro-upholstered-side-chair-w003246213.html?piid=1615571419%2C1615571416,566,0,1,1,0
1,0,Aphton 19.5'' H Upholstered Pine Side Chair,Wayfair,橡木,44.96×52.07×95.0,95.0,8456.0,2734.0,18.5,18.5,7865.0,5.99,https://www.wayfair.com/furniture/pdp/red-barrel-studio-aphton-upholstered-side-chair-w000809615.html?piid=215312635,567,0,0,0,0
1,0,"Heitger Wingback Side Chair, Leather Upholstered Dining Chair, Modern Tufted Dining Room Chair",Wayfair,橡膠木,45.72×53.34×90.81,45.1,4500.0,2581.0,2.54,45.7,5062.0,6.35,https://www.wayfair.com/furniture/pdp/george-oliver-heitger-wingback-side-chair-leather-upholstered-dining-chair-modern-tufted-dining-room-chair-w011259196.html?piid=1839535555%2C1858672609,568,0,1,1,0
1,0,Cato Slat Back Side Chair,Wayfair,橡膠木,58.42×55.88×76.2,47.0,1900.0,1121.0,7.25,49.5,5062.0,7.26,https://www.wayfair.com/furniture/pdp/lark-manor-cato-slat-back-side-chair-kfbs2266.html?piid=95422263,569,0,0,0,0
1,0,Argjela 17.5'' H Upholstered Side Chair,Wayfair,橡膠木,62.23×62.23×81.56,33.0,4500.0,2581.0,5.08,50.8,5062.0,12.02,https://www.wayfair.com/furniture/pdp/wade-logan-argjela-side-chair-in-walnut-w002976790.html,570,0,1,1,0
0,0,Laluna Modern Bohemian Greywashed Natural Rattan and Mahogany Dining Chair with Cushion,Wayfair,橡膠木,54.61×63.5×91.44,36.8,4500.0,2581.0,5.08,50.0,5062.0,37.99,https://www.wayfair.com/furniture/pdp/bayou-breeze-laluna-modern-bohemian-greywashed-natural-rattan-and-mahogany-dining-chair-with-cushion-w009060109.html,571,0,1,1,1
1,0,Lexi 18'' H Tufted Cotton Upholstered Side Chair,Wayfair,橡膠木,50.04×55.12×80.01,35.0,3630.0,2722.0,4.4,45.0,5062.0,24.04,https://www.wayfair.com/furniture/pdp/kelly-clarkson-home-tufted-cotton-side-chair-in-antiqued-white-w001749082.html,572,0,0,0,0
1,0,Campo 17.9'' H Upholstered Side Chair,Wayfair,橡膠木,2.54×7.62×2.54,45.0,4500.0,2581.0,2.0,2.5,5062.0,7.0,https://www.wayfair.com/furniture/pdp/lark-manor-campo-cross-back-side-chair-w001821753.html?piid=305731381,573,0,0,0,0
1,0,Agata Solid Wood Dining Chair,Wayfair,橡膠木,48.26×60.96×101.6,53.3,4500.0,3097.0,7.62,48.3,5062.0,10.89,https://www.wayfair.com/furniture/pdp/birch-lane-agata-solid-wood-dining-chair-w004565987.html?piid=1826091150,574,0,1,1,0
0,0,Karem 19.3'' H Linen Upholstered Armchair,Wayfair,橡膠木,50.16×58.42×77.47,77.5,4500.0,4038.0,10.0,44.4,5062.0,5.67,https://www.wayfair.com/furniture/pdp/george-oliver-karem-tufted-linen-upholstered-back-arm-chair-dining-chair-w110138006.html?piid=721087736,575,0,1,1,0
1,0,Alexa 18.88'' H Upholstered Side Chair,Wayfair,橡膠木,62.23×63.5×79.38,38.1,4500.0,2262.0,3.81,45.7,9721.0,4.54,https://www.wayfair.com/furniture/pdp/sand-stable-alexa-side-chair-in-gray-washcream-w000321036.html,576,0,1,0,0
1,0,Sanremo 20'' H Upholstered Side Chair,Wayfair,橡膠木,45×55×95,48.9,4500.0,2581.0,4.699,47.0,3102.0,6.12,https://www.wayfair.com/furniture/pdp/one-allium-way-sanremo-ladder-back-side-chair-in-brownvanilla-w009948933.html,577,0,1,0,0
1,0,Judique 17.5'' H Solid Wood Side Chair,Wayfair,橡膠木,59.05×60.33×88.9,50.8,4500.0,4183.0,46.99,50.8,5062.0,20.96,https://www.wayfair.com/furniture/pdp/alcott-hill-judique-solid-wood-windsor-back-side-chair-w005406332.html?piid=927271853,578,0,1,0,0
1,0,Thirlby 20'' H Upholstered Armchair,Wayfair,橡木,53.34×55.88×73.66,30.5,4500.0,2961.0,5.0,43.2,5635.0,6.8,https://www.wayfair.com/furniture/pdp/hokku-designs-thirlby-arm-chair-w011384264.html?piid=529461807%2C529461806,579,0,1,0,0
1,0,Alcea 17.8'' H Tufted Velvet Upholstered Dining Chair,Wayfair,橡木,45.72×50.8×95.25,47.6,4500.0,1160.0,3.0,47.6,5062.0,10.43,https://www.wayfair.com/furniture/pdp/mercer41-alcea-tufted-velvet-w005714254.html?piid=1959813974,580,0,1,1,0
1,0,Kampsville Upholstered Dining Chair in Walnut,Wayfair,橡膠木,45.97×51.56×95.0,95.0,4500.0,2826.0,5.0,45.5,5062.0,6.26,https://www.wayfair.com/furniture/pdp/three-posts-kampsville-upholstered-dining-chair-in-walnut-w003118288.html,581,0,1,1,0
0,0,Deeann 22'' H Upholstered Side Chair,Wayfair,橡木,53.34×46.99×81.28,35.6,4500.0,2924.0,5.0,45.7,4436.0,6.49,https://www.wayfair.com/furniture/pdp/birch-lane-deeann-upholstered-ladder-back-side-chair-w010057372.html?piid=2093127612%2C2121092227,582,0,1,0,0
0,0,Bethea Upholstered Dining Chair (Set of 2),Wayfair,橡膠木,57.91×57.91×82.8,40.9,4500.0,2845.0,5.0,49.0,5062.0,14.97,https://www.wayfair.com/furniture/pdp/joss-main-bethea-upholstered-dining-chair-set-of-2-goms1538.html?piid=99840940,583,0,1,1,0
0,0,Modern Dining Side Chairs with Armless Faux Leather Cushion Seat and Wooden Legs,Wayfair,橡膠木,48.59×55.88×90.17,45.0,4500.0,2581.0,2.5,48.3,5062.0,5.99,https://www.wayfair.com/furniture/pdp/corrigan-studio-modern-dining-side-chairs-with-armless-faux-leather-cushion-seat-and-wooden-legs-w100529746.html?piid=1992003950,584,0,1,1,0
1,0,Kaktus 19'' H Tufted Fabric Upholstered Side Chair,Wayfair,橡膠木,48.59×55.88×90.17,45.1,4500.0,3288.0,1.0,48.3,5062.0,5.99,https://www.wayfair.com/furniture/pdp/red-barrel-studio-kaktus-tufted-fabric-side-chair-rdbs1057.html?piid=16066254,585,0,1,1,0
1,0,Keeler 18.11'' H Upholstered Side Chair,Wayfair,橡膠木,48.26×60.96×101.6,50.8,4500.0,1822.0,5.08,50.8,5062.0,8.62,https://www.wayfair.com/furniture/pdp/wade-logan-keeler-upholstered-side-chair-w003313725.html?piid=430599965,586,0,1,1,0
1,0,Tarrington 17.36'' H Leather Upholstered Armchair,Wayfair,橡膠木,45.47×52.07×93.22,93.2,4500.0,2604.0,5.0,45.7,4860.0,102.06,https://www.wayfair.com/furniture/pdp/birch-lane-tarrington-cane-dining-chair-w008644131.html?piid=1468876323,587,0,1,0,0
1,0,Crisfield 18.5'' H Upholstered Side Chair,Wayfair,橡膠木,57.79×57.79×85.09,33.5,4500.0,3611.0,47.0,50.8,5062.0,22.35,https://www.wayfair.com/furniture/pdp/red-barrel-studio-crisfield-upholstered-solid-wood-side-chair-in-light-brown-blmk9373.html,588,0,1,1,0
1,0,Commercial Solid Wood Dining Chair With Curved Backrest,Wayfair,橡膠木,50.5×43.4×85.3,40.4,4500.0,2581.0,10.0,45.4,5062.0,14.47,https://www.wayfair.com/furniture/pdp/george-oliver-commercial-solid-wood-dining-chair-with-curved-backrest-w111248825.html?piid=723990301,589,0,1,1,0
0,0,17.75'' H Solid Wood Side Chair,Wayfair,橡膠木,45.42×51.44×81.92,33.8,4500.0,2702.0,46.99,47.0,5062.0,8.38,https://www.wayfair.com/furniture/pdp/lark-manor-lilian-solid-wood-slat-back-side-chair-dining-chair-w110081954.html,590,0,1,1,0
0,0,Ardeth Upholstered Side Chair,Wayfair,橡膠木,51.44×60.96×86.36,30.5,4500.0,4043.0,10.16,55.9,5062.0,14.0,https://www.wayfair.com/furniture/pdp/birch-lane-ardeth-upholstered-side-chair-kkah1365.html?piid=93616942,591,0,1,1,0
1,0,Payan 18.5'' H Pine Side Chair,Wayfair,橡木,59.0×62.23×85.09,33.0,4500.0,3242.0,52.07,52.1,5062.0,18.14,https://www.wayfair.com/furniture/pdp/highland-dunes-payan-side-chair-seho2451.html?piid=15808842,592,0,1,1,0
1,0,Carmindo 17.75'' H Solid Wood Side Chair,Wayfair,橡木,45.72×45.72×84.45,34.3,4500.0,2581.0,2.54,50.2,2316.0,8.0,https://www.wayfair.com/furniture/pdp/wade-logan-carmindo-solid-wood-dining-chair-in-oakwhite-w004751736.html,593,0,1,0,0
1,0,未知產品,Wayfair,胡桃木,44.45×51.44×86.04,48.6,4500.0,2581.0,2.54,48.3,5062.0,6.19,https://www.wayfair.com/furniture/pdp/gracie-oaks-upholstered-wooden-dining-chairs-w112147580.html?piid=1756808240,594,0,1,1,0
0,0,未知產品,Wayfair,橡膠木,53.01×56.49×79.5,33.5,4500.0,2693.0,6.35,635.0,5062.0,5.29,https://www.wayfair.com/furniture/pdp/joss-main-montclair-dining-chair-w003190781.html?piid=1554562122,595,0,1,1,0
0,0,未知產品,Wayfair,橡膠木,45.97×57.91×87.88,87.9,4500.0,3392.0,2.86,44.1,5062.0,6.99,https://www.wayfair.com/lighting/pdp/willa-arlo-interiors-palen-6225h-arched-floor-lamp-with-mixed-material-shade-w010969017.html,596,0,1,1,0
1,0,未知產品,Wayfair,橡膠木,43.81×52.7×84.45,33.2,5061.0,2825.0,18.75,18.8,5062.0,16.33,https://www.wayfair.com/furniture/pdp/red-barrel-studio-desarie-58-media-console-for-tvs-up-to-65-with-electric-fireplace-adjustable-shelves-and-glass-doors-w100574068.html?piid=2027364521,597,0,0,1,0
0,0,未知產品,Wayfair,實木,59.0×66.04×83.82,34.3,3800.0,3203.0,10.0,50.8,2750.0,13.47,https://www.wayfair.com/bed-bath/pdp/home-14-medium-gel-memory-foam-mattress-hmek2674.html?piid=100754609,598,0,0,0,0
0,0,未知產品,Wayfair,橡膠木,43.94×60.96×97.79,50.8,4500.0,2581.0,46.99,47.0,5062.0,9.16,https://www.wayfair.com/furniture/pdp/one-allium-way-rattan-back-upholstered-seat-dining-chair-king-louis-back-side-chair-mid-century-solid-wood-dining-chair-for-dining-roomkitchen-w112661675.html,599,0,1,1,0
0,0,未知產品,Wayfair,橡膠木,48.26×43.18×78.74,31.0,4500.0,1060.0,1.0,45.1,5062.0,9.98,https://www.wayfair.com/furniture/pdp/joss-main-oreille-upholstered-dining-chair-w004812266.html?piid=1418599679,600,0,1,0,0
1,0,未知產品,Wayfair,橡膠木,44.45×58.42×90.17,41.9,4500.0,2581.0,5.0,50.8,5062.0,5.9,https://www.wayfair.com/furniture/pdp/gracie-oaks-clova-fabric-upholstered-side-chair-wood-leg-dining-chair-w110869860.html?piid=1570448579,601,0,1,1,0
1,0,未知產品,Wayfair,橡膠木,48.01×56.64×86.11,45.0,4500.0,2088.0,1.0,18.5,5062.0,10.89,https://www.wayfair.com/furniture/pdp/lark-manor-parsons-upholstered-dining-chair-solid-wood-side-chair-w113301322.html?piid=1942706865,602,0,1,1,0
1,0,未知產品,Wayfair,橡木,41.91×29.84×158.12,158.1,4500.0,1253.0,2.54,158.1,5062.0,4.75,https://www.wayfair.com/furniture/pdp/winston-porter-parsons-upholstered-dining-chair-solid-wood-side-chair-w113301324.html?piid=2025372345,603,0,1,1,0
1,0,Karem 19.3'' H Linen Upholstered Armchair,Wayfair,實木,34.8×79.76×149.86,21.2,4500.0,5206.0,19.3,19.3,5062.0,63.87,https://www.wayfair.com/furniture/pdp/george-oliver-karem-tufted-linen-upholstered-back-arm-chair-dining-chair-w110138006.html?piid=721087736,604,0,1,1,0
1,0,Sanremo 20'' H Upholstered Side Chair,Wayfair,橡木,79.5×66.04×243.84,96.0,4500.0,5233.0,5.0,50.0,5062.0,9.3,https://www.wayfair.com/furniture/pdp/one-allium-way-sanremo-ladder-back-side-chair-in-brownvanilla-w009948933.html,605,0,1,1,0
1,0,Judique 17.5'' H Solid Wood Side Chair,Wayfair,橡木,43×43×44,25.0,4500.0,1849.0,4.0,17.5,5062.0,7.5,https://www.wayfair.com/furniture/pdp/alcott-hill-judique-solid-wood-windsor-back-side-chair-w005406332.html?piid=927271853,606,0,1,1,0
1,0,Thirlby 20'' H Upholstered Armchair,Wayfair,橡膠木,49.53×55.88×96.52,48.3,4500.0,2370.0,43.18,49.5,5062.0,10.88,https://www.wayfair.com/furniture/pdp/hokku-designs-thirlby-arm-chair-w011384264.html?piid=529461807%2C529461806,607,0,1,1,0
0,0,Alcea 17.8'' H Tufted Velvet Upholstered Dining Chair,Wayfair,實木,55.88×66.04×109.22,109.0,4500.0,3552.0,9.5,40.6,5062.0,14.51,https://www.wayfair.com/furniture/pdp/mercer41-alcea-tufted-velvet-w005714254.html?piid=1959813974,608,0,1,1,0
1,0,Kampsville Upholstered Dining Chair in Walnut,Wayfair,橡膠木,46.99×55.5×96.49,51.6,4500.0,3316.0,4.55,49.5,4513.0,13.64,https://www.wayfair.com/furniture/pdp/three-posts-kampsville-upholstered-dining-chair-in-walnut-w003118288.html,609,0,1,0,0
1,0,Bethea Upholstered Dining Chair (Set of 2),Wayfair,橡木,47.5×59.0×86.36,34.0,4500.0,2581.0,5.0,50.6,5062.0,13.61,https://www.wayfair.com/furniture/pdp/joss-main-bethea-upholstered-dining-chair-set-of-2-goms1538.html?piid=99840940,610,0,1,1,0
1,0,Modern Dining Side Chairs with Armless Faux Leather Cushion Seat and Wooden Legs,Wayfair,橡木,47.5×59.0×86.36,36.4,4500.0,3316.0,5.0,50.6,5062.0,13.61,https://www.wayfair.com/furniture/pdp/corrigan-studio-modern-dining-side-chairs-with-armless-faux-leather-cushion-seat-and-wooden-legs-w100529746.html?piid=1992003950,611,0,1,1,0
1,0,Keeler 18.11'' H Upholstered Side Chair,Wayfair,橡膠木,57.91×57.91×82.8,40.9,4500.0,2867.0,5.08,49.0,5062.0,14.97,https://www.wayfair.com/furniture/pdp/wade-logan-keeler-upholstered-side-chair-w003313725.html?piid=430599965,612,0,1,1,0
1,0,Tarrington 17.36'' H Leather Upholstered Armchair,Wayfair,橡膠木,48.26×60.96×101.6,50.8,4500.0,3257.0,2.54,50.8,4648.0,8.62,https://www.wayfair.com/furniture/pdp/birch-lane-tarrington-cane-dining-chair-w008644131.html?piid=1468876323,613,0,1,0,0
0,0,Crisfield 18.5'' H Upholstered Side Chair,Wayfair,橡膠木,45.5×52.1×93.2,93.2,4500.0,2581.0,5.0,45.7,5062.0,102.06,https://www.wayfair.com/furniture/pdp/red-barrel-studio-crisfield-upholstered-solid-wood-side-chair-in-light-brown-blmk9373.html,614,0,1,1,0
1,0,Commercial Solid Wood Dining Chair With Curved Backrest,Wayfair,橡膠木,57.79×57.79×85.09,33.5,4500.0,2701.0,1.27,50.8,5062.0,22.35,https://www.wayfair.com/furniture/pdp/george-oliver-commercial-solid-wood-dining-chair-with-curved-backrest-w111248825.html?piid=723990301,615,0,1,1,0
1,0,17.75'' H Solid Wood Side Chair,Wayfair,橡膠木,50.5×43.5×85.5,40.4,4500.0,2581.0,2.5,45.2,5062.0,14.47,https://www.wayfair.com/furniture/pdp/lark-manor-lilian-solid-wood-slat-back-side-chair-dining-chair-w110081954.html,616,0,1,1,0
0,0,Ardeth Upholstered Side Chair,Wayfair,橡膠木,45.42×51.44×81.92,81.9,4500.0,2581.0,5.75,47.0,7675.0,8.38,https://www.wayfair.com/furniture/pdp/birch-lane-ardeth-upholstered-side-chair-kkah1365.html?piid=93616942,617,0,1,0,0
1,0,Payan 18.5'' H Pine Side Chair,Wayfair,橡木,59.0×62.23×85.09,33.0,4500.0,2617.0,5.0,52.1,5062.0,18.14,https://www.wayfair.com/furniture/pdp/highland-dunes-payan-side-chair-seho2451.html?piid=15808842,618,0,1,1,0
1,0,Carmindo 17.75'' H Solid Wood Side Chair,Wayfair,橡膠木,45.72×45.72×84.45,34.3,4500.0,2581.0,0.64,50.2,5062.0,10.0,https://www.wayfair.com/furniture/pdp/wade-logan-carmindo-solid-wood-dining-chair-in-oakwhite-w004751736.html,619,0,1,1,0
0,0,Sanne Upholstered Dining Chair,Wayfair,橡膠木,44.45×51.44×86.04,48.3,1062.0,1905.0,48.26,48.3,3211.0,6.19,https://www.wayfair.com/furniture/pdp/wildon-home-sanne-parsons-chair-in-weathered-oak-w011425946.html,620,0,0,0,0
1,0,Deizel Solid Back Side Chair,Wayfair,橡膠木,53.01×56.49×79.5,33.5,3130.0,2998.0,0.16,635.0,5473.0,5.29,https://www.wayfair.com/furniture/pdp/latitude-run-deizel-solid-back-side-chair-w100307327.html?piid=93251602,621,0,0,0,0
1,0,Side Chair,Wayfair,橡膠木,45.97×57.91×87.88,87.9,4500.0,3384.0,4.42,44.1,5062.0,6.99,https://www.wayfair.com/furniture/pdp/wenty-set-of-2-wooden-side-chairs-in-walnut-finish-wnty6917.html,622,0,1,1,0
1,0,Baca 18.5'' H Fabric Upholstered Armchair,Wayfair,橡膠木,47.5×51.0×92.0,47.0,4500.0,2581.0,2.0,47.0,5062.0,12.4,https://www.wayfair.com/furniture/pdp/george-oliver-baca-side-chair-w003314694.html?piid=1011504072,623,0,1,1,0
1,0,"Modern Dining Chairs, Brown Leather Strap Seat and Back, Black Rubberwood Frame and Legs, Minimal Assembly Required, Stylish Accent Chairs for Dining Room or Kitchen, Brown, Set of 2",Wayfair,胡桃木,43.81×52.7×84.45,33.2,2866.0,2806.0,1.0,48.3,5062.0,16.33,https://www.wayfair.com/furniture/pdp/xdeco-modern-dining-chairs-brown-leather-strap-seat-and-back-black-rubberwood-frame-and-legs-minimal-assembly-required-stylish-accent-chairs-for-dining-room-or-kitchen-brown-set-of-2-w112934089.html,624,0,0,0,0
1,0,Denison 20'' H Tufted Upholstered Parsons Chair,Wayfair,橡膠木,49.53×55.88×99.06,53.3,4500.0,3229.0,4.25,45.1,5062.0,7.35,https://www.wayfair.com/furniture/pdp/willa-arlo-interiors-denison-dining-chair-w100746652.html?piid=96834761%2C96834765,625,0,1,1,0
1,0,Gilliard 18'' H Solid Wood Side Chair,Wayfair,松木,43.94×60.96×97.79,50.8,4500.0,1184.0,2.03,45.7,5062.0,9.16,https://www.wayfair.com/furniture/pdp/beachcrest-home-gilliard-solid-wood-slat-back-side-chair-in-distressed-white-rohe3094.html,626,0,1,1,0
1,0,Edelen Solid Wood Side Chair,Wayfair,橡膠木,48.26×43.18×78.74,33.0,4500.0,1062.0,2.5,45.1,8521.0,9.98,https://www.wayfair.com/furniture/pdp/greyleigh-edelen-solid-wood-side-chair-w110039137.html?piid=2004098333,627,0,1,0,0
1,0,Navi 18'' H Faux Leather Upholstered Parsons Chair,Wayfair,橡膠木,51.44×62.23×100.97,101.0,4500.0,3203.0,2.54,45.7,5062.0,8.48,https://www.wayfair.com/furniture/pdp/mercury-row-navi-upholstered-parsons-chair-in-black-w001735279.html,628,0,1,1,0
0,0,Heitger Faux Leather Upholstered Side Chairs Modern Wingback Dining Chairs with Metal Legs,Wayfair,橡膠木,66.67×59.05×71.75,28.2,4500.0,4452.0,2.54,45.7,3352.0,18.66,https://www.wayfair.com/furniture/pdp/george-oliver-heitger-faux-leather-upholstered-side-chairs-modern-wingback-dining-chairs-with-metal-legs-w100607832.html?piid=1344348139,629,0,1,0,0
0,0,Hornberger Upholstered Arm Chair in Black and Cherry (Set of 2),Wayfair,橡膠木,46.05×56.52×96.52,96.5,4500.0,1145.0,5.0,45.0,6174.0,19.65,https://www.wayfair.com/furniture/pdp/lark-manor-hornberger-upholstered-arm-chair-in-black-and-cherry-set-of-2-atgd4621.html,630,0,1,0,0
1,0,Normalee Upholstered Back Side Dining Chair (Set of 2),Wayfair,橡膠木,50.01×54.99×76.0,29.0,4500.0,2605.0,4.0,47.0,5062.0,4.99,https://www.wayfair.com/furniture/pdp/george-oliver-normalee-upholstered-back-side-dining-chair-set-of-2-w112075685.html?piid=1148498337,631,0,1,0,0
1,0,Gopalarajah Wooden Farmhouse Dining Chairs with PU Leather Cushion Seat,Wayfair,橡膠木,53.34×58.42×80.77,38.1,4500.0,3701.0,5.0,45.2,5062.0,10.0,https://www.wayfair.com/furniture/pdp/george-oliver-gopalarajah-wooden-farmhouse-dining-chairs-with-pu-leather-cushion-seat-w011217375.html,632,0,1,1,0
0,0,"Wood Dining Chairs Set, Solid Oak Wood Chairs w/ Backrest & Seat,Rounded Edges,Anti-Slip",Wayfair,橡膠木,60.96×49.53×96.52,45.7,4500.0,1064.0,7.77,50.8,5062.0,9.0,https://www.wayfair.com/furniture/pdp/corrigan-studio-wood-dining-chairs-set-solid-oak-wood-chairs-w-backrest-seatrounded-edgesanti-slip-w100548675.html,633,0,1,1,0
1,0,Lydon 19.02'' H Linen Upholstered Cherry Side Chair,Wayfair,橡膠木,50.8×53.34×101.6,57.2,4500.0,3245.0,3.175,45.7,5062.0,15.88,https://www.wayfair.com/furniture/pdp/lydon-wingback-upholstered-dining-chair-w001024855.html,634,0,1,1,0
0,0,Jahmai Upholstered Parsons Chair (Set of 2),Wayfair,橡木,45.72×55.88×101.6,82.8,4500.0,2300.0,2.54,45.7,5651.0,8.0,https://www.wayfair.com/furniture/pdp/george-oliver-jahmai-upholstered-parsons-chair-set-of-2-w010803601.html?piid=1410855715,635,0,1,0,0
0,0,Aybike Transitional Solid Wood Dining Chair,Wayfair,橡木,45.72×63.5×99.06,52.1,4500.0,2045.0,3.81,48.3,5062.0,6.58,https://www.wayfair.com/furniture/pdp/red-barrel-studio-aybike-transitional-solid-wood-dining-chair-kthm9821.html,636,0,1,1,0
1,0,Llinos Metal Upholstered Back Arm Chair in Beige/Black,Wayfair,橡膠木,73.66×73.66×114.3,66.0,4500.0,2809.0,50.165,48.3,5062.0,24.04,https://www.wayfair.com/furniture/pdp/corrigan-studio-llinos-metal-upholstered-back-arm-chair-in-beigeblack-w110118913.html,637,0,1,1,0
1,0,Bowens Tufted Faux Leather Upholstered Dining Side Chair with Ratten Back,Wayfair,橡木,48.01×51.05×74.93,34.0,4500.0,3183.0,2.7248,47.5,5062.0,10.7,https://www.wayfair.com/furniture/pdp/beachcrest-home-bowens-tufted-faux-leather-upholstered-dining-side-chair-with-ratten-back-w100012340.html?piid=1184536812,638,0,1,1,0
1,0,Danield Tufted Velvet Wingback Parsons Dining Chair,Wayfair,橡膠木,55.88×48.26×76.2,35.6,4500.0,2504.0,7.62,45.7,5062.0,6.35,https://www.wayfair.com/furniture/pdp/rosdorf-park-danield-tufted-velvet-wingback-parsons-dining-chair-w008263192.html?piid=425441447%2C404643074,639,0,1,1,0
1,0,Porschia Cross Back Side Chair,Wayfair,橡膠木,50.8×53.34×78.74,44.4,4500.0,1646.0,10.0,43.2,5062.0,12.25,https://www.wayfair.com/furniture/pdp/birch-lane-porschia-cross-back-side-chair-w004658453.html?piid=1622395384,640,0,1,1,0
0,0,Malara Fabric Side Chair in Beige and Black,Wayfair,橡木,54.0×53.49×81.0,36.0,4500.0,1297.0,17.32,44.0,5062.0,7.14,https://www.wayfair.com/furniture/pdp/red-barrel-studio-malara-fabric-side-chair-in-beige-and-black-w110256385.html,641,0,1,1,0
0,0,Parsons Upholstered Dining Chair Solid Wood Side Chair,Wayfair,橡膠木,52.63×64.11×102.21,102.2,4500.0,3540.0,1.0,48.3,8115.0,8.88,https://www.wayfair.com/furniture/pdp/lark-manor-parsons-upholstered-dining-chair-solid-wood-side-chair-w113301322.html?piid=1942706865,642,0,1,0,0
1,0,18'' H Solid Wood Side Chair,Wayfair,橡膠木,52.07×57.99×82.98,41.0,4500.0,1780.0,1.9,49.5,5062.0,9.8,https://www.wayfair.com/furniture/pdp/red-barrel-studio-solid-wood-slat-back-side-chair-in-black-w006058093.html,643,0,1,1,0
1,0,Slovak Dining Side Chair,Wayfair,橡膠木,49.53×61.59×99.06,52.1,4500.0,3545.0,5.0,48.3,5062.0,14.21,https://www.wayfair.com/furniture/pdp/bay-isle-home-slovak-dining-side-chair-w010256302.html?piid=163267647%2C163252743,644,0,1,1,0
1,0,Sliger Solid Teak Wood and Seagrass Side Chair Dining Chair,Wayfair,橡膠木,58.42×58.42×78.74,78.7,4500.0,3411.0,5.0,40.0,5062.0,15.42,https://www.wayfair.com/furniture/pdp/corrigan-studio-sliger-solid-teak-wood-and-seagrass-side-chair-dining-chair-w100348814.html,645,0,1,1,0
1,0,未知產品,Wayfair,橡膠木,46.99×53.59×80.52,33.0,4500.0,2918.0,2.54,47.5,5062.0,5.64,https://www.wayfair.com/furniture/pdp/joss-main-oreille-upholstered-dining-chair-w004812266.html?piid=1418599679,646,0,1,1,0
1,0,未知產品,Wayfair,橡木,50.04×50.04×93.98,82.6,4500.0,3855.0,0.381,61.0,9152.0,7.48,https://www.wayfair.com/furniture/pdp/one-allium-way-rattan-back-upholstered-seat-dining-chair-king-louis-back-side-chair-mid-century-solid-wood-dining-chair-for-dining-roomkitchen-w112661675.html,647,0,1,0,0
1,0,未知產品,Wayfair,橡膠木,53.34×50.8×91.44,45.7,4500.0,2858.0,3.5,45.5,5062.0,10.4,https://www.wayfair.com/bed-bath/pdp/home-14-medium-gel-memory-foam-mattress-hmek2674.html?piid=100754609,648,0,1,1,0
1,0,未知產品,Wayfair,橡膠木,47.24×65.15×97.79,47.8,4500.0,3178.0,4.0,50.8,5062.0,5.75,https://www.wayfair.com/outdoor/pdp/sol-72-outdoor-keyla-windmill-w000064099.html?piid=115750837,649,0,1,1,0
1,0,未知產品,Wayfair,橡木,47.5×59.0×86.36,36.1,4500.0,3279.0,2.54,50.6,5062.0,13.61,https://www.wayfair.com/furniture/pdp/red-barrel-studio-desarie-58-media-console-for-tvs-up-to-65-with-electric-fireplace-adjustable-shelves-and-glass-doors-w100574068.html?piid=2027364521,650,0,1,1,0
1,0,未知產品,Wayfair,橡膠木,53.34×45.72×97.79,52.1,4500.0,2581.0,2.5,45.7,5062.0,28.12,https://www.wayfair.com/furniture/pdp/winston-porter-2-piece-upholstered-sofa-with-charging-station-living-room-set-w112469354.html,651,0,1,0,0
1,0,未知產品,Wayfair,橡膠木,45.72×152.4×2.54,50.0,4500.0,3259.0,5.0,50.8,4500.0,102.06,https://www.wayfair.com/lighting/pdp/willa-arlo-interiors-palen-6225h-arched-floor-lamp-with-mixed-material-shade-w010969017.html,652,0,1,0,0
1,0,未知產品,Wayfair,橡膠木,45.97×53.59×80.52,34.0,4500.0,2933.0,29.0,47.8,5062.0,5.44,https://www.wayfair.com/furniture/pdp/joss-main-montclair-dining-chair-w003190781.html?piid=1554562122,653,0,1,1,0
1,0,未知產品,Wayfair,橡木,49×54×85,85.0,4500.0,2646.0,5.0,45.0,5062.0,4.63,https://www.wayfair.com/furniture/pdp/gracie-oaks-upholstered-wooden-dining-chairs-w112147580.html?piid=1756808240,654,0,1,1,0
0,0,未知產品,Wayfair,實木,55.88×66.04×109.22,109.2,4500.0,1448.0,5.0,40.6,5062.0,14.51,https://www.wayfair.com/furniture/pdp/gracie-oaks-clova-fabric-upholstered-side-chair-wood-leg-dining-chair-w110869860.html?piid=1570448579,655,0,1,1,0
0,0,未知產品,Wayfair,橡膠木,49.53×55.88×96.52,48.3,4500.0,2787.0,43.18,48.3,5062.0,10.88,https://www.wayfair.com/furniture/pdp/lark-manor-parsons-upholstered-dining-chair-solid-wood-side-chair-w113301322.html?piid=1942706865,656,0,1,1,0
0,0,未知產品,Wayfair,橡木,43×43×85,40.0,6880.0,1849.0,5.0,45.0,6345.0,8.0,https://www.wayfair.com/furniture/pdp/winston-porter-parsons-upholstered-dining-chair-solid-wood-side-chair-w113301324.html?piid=2025372345,657,0,0,0,0
0,0,Aashma 18'' H Solid Wood Side Chair,Wayfair,橡木,79.5×66.04×243.84,45.0,4500.0,5249.0,2.54,45.7,5062.0,9.3,https://www.wayfair.com/furniture/pdp/lark-manor-aashma-slat-back-side-chair-w004691773.html?piid=1168877839,658,0,1,1,0
1,0,Baebel 18.7'' H Upholstered Side Chair,Wayfair,實木,34.8×79.76×149.86,79.8,4500.0,5206.0,2.5,45.0,5062.0,63.87,https://www.wayfair.com/furniture/pdp/wade-logan-baebel-side-chair-w003313958.html?piid=282946689,659,0,1,1,0
0,0,18.1'' H Fabric Upholstered Side Chair,Wayfair,橡木,,45.0,4500.0,4952.0,1.0,45.7,6174.0,10.0,https://www.wayfair.com/furniture/pdp/george-oliver-kuehl-fabric-side-chair-dining-chair-w100256580.html?piid=802108343,660,0,0,0,0
1,0,Frank Solid Wood Upholstered Dining Chair,Wayfair,橡木,41.91×29.84×158.12,158.1,4500.0,1036.0,2.54,45.0,5062.0,4.75,https://www.wayfair.com/furniture/pdp/loon-peak-frank-solid-wood-upholstered-dining-chair-w100325964.html,661,0,1,1,0
1,0,Millville 14.8'' H Polyester/Polyester Blend Upholstered Side Chair,Wayfair,橡膠木,48.01×56.64×86.11,40.6,4500.0,3551.0,10.92,47.0,5062.0,10.89,https://www.wayfair.com/furniture/pdp/home-design-inc-millville-cross-back-side-chair-hdnn2236.html?piid=95202374,662,0,1,1,0
1,0,Armalla 18.3'' H Upholstered Beech Side Chair,Wayfair,橡膠木,44.45×58.42×46.36,41.9,3240.0,2581.0,5.08,50.8,2376.0,5.9,https://www.wayfair.com/furniture/pdp/wade-logan-armalla-upholstered-side-chair-w002422001.html?piid=1526626533,663,0,0,0,0
1,0,Amdad 41'' H Tufted Linen Upholstered Armchair,Wayfair,橡膠木,46.99×55.5×96.49,51.6,4500.0,3312.0,45.5,49.5,6566.0,13.64,https://www.wayfair.com/furniture/pdp/red-barrel-studio-amdad-tufted-linen-arm-chair-w003486975.html?piid=2077903807,664,0,1,0,0
1,0,Gostkowski 17.7'' H Solid Wood Side Chair,Wayfair,橡木,47.5×59.0×86.36,34.9,4500.0,2581.0,10.0,50.6,5062.0,13.61,https://www.wayfair.com/furniture/pdp/red-barrel-studio-gostkowski-solid-wood-cross-back-side-chair-w004602430.html?piid=49132804,665,0,1,1,0
0,0,Modway Baron Performance Velvet Dining Chairs - Set of 2,Wayfair,橡木,47.5×59.0×86.36,36.1,4500.0,2581.0,5.0,50.6,5062.0,13.61,https://www.wayfair.com/furniture/pdp/modway-baron-performance-velvet-dining-chairs-set-of-2-w008209973.html?piid=954823279,666,0,1,1,0
1,0,"Solid Wood Dining Chair, Mid-Century Chair",Wayfair,橡木,48.26×53.34×106.68,61.0,4500.0,2926.0,3.048,45.7,5062.0,6.8,https://www.wayfair.com/furniture/pdp/corrigan-studio-solid-wood-dining-chair-mid-century-chair-w003522889.html?piid=1899324621,667,0,1,1,0
1,0,Gantz 18'' H Upholstered Side Chair,Wayfair,橡膠木,49.0×52.5×81.99,34.5,4500.0,3303.0,47.63,635.0,5062.0,5.29,https://www.wayfair.com/furniture/pdp/mercury-row-gantz-upholstered-solid-wood-dining-chair-w003551955.html,668,0,1,1,0
1,0,Todmorden 18'' H Fabric Upholstered Side Chair,Wayfair,橡膠木,51.05×48.01×74.42,74.4,4500.0,2485.0,5.0,45.0,4335.0,4.99,https://www.wayfair.com/furniture/pdp/one-allium-way-todmorden-side-chair-in-tan-w004353414.html,669,0,1,0,0
0,0,Poppy-Grace 16.92'' H Pine Solid Wood Side Chair,Wayfair,橡膠木,59.05×66.04×87.63,38.7,2857.0,2581.0,48.895,48.3,5062.0,21.95,https://www.wayfair.com/furniture/pdp/red-barrel-studio-solid-wood-dining-chair-set-of-2-white-distressed-red-barrel-studio-w005734970.html,670,0,0,1,0
1,0,Cassilis 18.5'' H Upholstered Side Chair,Wayfair,橡膠木,46.74×50.8×96.77,96.8,4500.0,2966.0,10.0,35.9,5062.0,35.92,https://www.wayfair.com/furniture/pdp/ophelia-co-cassilis-linen-solid-wood-slat-back-side-chair-w003371783.html?piid=295425268%2C295425274,671,0,1,1,0
0,0,Trevion Upholstered Ladderback Side Chair,Wayfair,橡膠木,47.75×51.56×79.5,79.5,4500.0,4022.0,78.18,46.5,5062.0,4.99,https://www.wayfair.com/furniture/pdp/mistana-trevion-upholstered-ladderback-side-chair-mitn1144.html?piid=102155892%2C102155891,672,0,1,1,0
1,0,Bianca Tufted Parsons Chair,Wayfair,橡膠木,60.96×73.03×104.14,54.6,4500.0,4454.0,5.0,49.5,5062.0,11.18,https://www.wayfair.com/furniture/pdp/birch-lane-bianca-tufted-parsons-chair-w004212600.html?piid=403498164,673,0,1,1,0
1,0,Annetha 18'' H Tufted Linen Upholstered Side Chair,Wayfair,橡膠木,45.47×50.55×95.0,47.4,4500.0,2581.0,1.0,45.7,6590.0,6.99,https://www.wayfair.com/furniture/pdp/lark-manor-annetha-tufted-upholstered-side-chair-in-cherry-w000203643.html,674,0,1,0,0
1,0,Aybri Armchair,Wayfair,橡膠木,49.53×59.69×101.6,52.1,4500.0,4025.0,43.18,49.5,5062.0,9.07,https://www.wayfair.com/furniture/pdp/wade-logan-aybri-armchair-w000574966.html,675,0,1,1,0
1,0,Eastwood 19'' H Upholstered Side Chair,Wayfair,橡膠木,50.8×45.47×74.93,33.8,2093.0,1080.0,5.0,40.6,6561.0,11.02,https://www.wayfair.com/furniture/pdp/ebern-designs-eastwood-solid-wood-side-chair-ende2130.html?piid=100043324,676,0,0,0,0
0,0,Mayfair Dining Chair,Wayfair,橡膠木,53.34×50.8×78.74,31.0,4500.0,1045.0,3.175,45.7,5062.0,5.67,https://www.wayfair.com/furniture/pdp/lark-manor-mayfair-dining-chair-lne11712.html?piid=69523974,677,0,1,1,0
0,0,Manatuto 18'' H Solid Wood Side Chair,Wayfair,橡膠木,45.72×60.96×101.6,55.9,4500.0,3335.0,10.0,48.3,5062.0,14.97,https://www.wayfair.com/furniture/pdp/langley-street-manatuto-cross-back-solid-wood-dining-chair-w000531402.html,678,0,1,1,0
1,0,Ailise 17.5'' H Solid Wood Side Chair,Wayfair,橡木,40.59×48.18×90.5,45.1,4500.0,2581.0,2.0,43.0,5062.0,14.48,https://www.wayfair.com/furniture/pdp/lark-manor-ailise-slat-back-side-chair-w004684519.html?piid=667347077,679,0,1,1,0
0,0,Saphron Tufted Side Chair Dining Chair (Set of 4),Wayfair,橡膠木,47.5×52.07×96.01,47.0,797.0,2858.0,8.0,45.7,5062.0,6.35,https://www.wayfair.com/furniture/pdp/red-barrel-studio-saphron-tufted-side-chair-dining-chair-set-of-4-w110410823.html?piid=1485709953,680,0,0,1,0
1,0,Mitman PU Leather Waterproof Dining Chair,Wayfair,橡木,53.34×58.42×103.99,84.2,4500.0,3720.0,5.0,50.0,5062.0,10.0,https://www.wayfair.com/furniture/pdp/winston-porter-mitman-pu-leather-waterproof-dining-chair-w100851169.html?piid=1842845194,681,0,1,1,0
0,0,Grabowska 17.5'' H Armchair,Wayfair,胡桃木,50.8×63.5×109.22,47.0,4500.0,2840.0,10.0,45.7,9331.0,19.5,https://www.wayfair.com/furniture/pdp/gracie-oaks-grabowska-arm-chair-w008010908.html?piid=739131538,682,0,1,0,0
1,0,Polen 18'' H Linen Fabric Upholstered Side Chair,Wayfair,橡膠木,49.53×66.04×99.06,51.1,4500.0,2525.0,2.0,45.7,4749.0,7.6,https://www.wayfair.com/furniture/pdp/polen-linen-side-chair-w007110619.html?piid=478704002%2C478704001,683,0,1,0,0
1,0,Farrwood 18'' H Solid Wood Side Chair,Wayfair,橡膠木,53.34×56.52×77.47,30.5,4500.0,2578.0,2.54,47.0,2545.0,7.03,https://www.wayfair.com/furniture/pdp/winston-porter-farrwood-solid-wood-slat-back-dining-chair-w001759504.html?piid=1919807060,684,0,1,0,0
0,0,Xochitl Ladder Back Side Chair,Wayfair,橡膠木,47.5×51.0×92.0,46.2,4500.0,3610.0,2.0,46.2,5062.0,6.2,https://www.wayfair.com/furniture/pdp/xochitl-ladder-back-side-chair-w005110033.html,685,0,1,1,0
0,0,Ared 18.5'' H Upholstered Parsons Chair,Wayfair,橡膠木,50.5×56.01×105.0,105.0,4500.0,3223.0,2.73962,45.7,5062.0,9.98,https://www.wayfair.com/furniture/pdp/winston-porter-ared-upholstered-solid-wood-cross-back-parsons-chair-w002582316.html?piid=1045663186,686,0,1,1,0
0,0,Avia 17'' H Tufted Upholstered Teak Side Chair,Wayfair,橡膠木,51.05×60.96×89.92,40.6,4500.0,2067.0,2.5,49.5,5062.0,15.0,https://www.wayfair.com/furniture/pdp/birch-lane-avia-tufted-solid-wood-side-chair-in-beigebrown-w001424019.html,687,0,1,1,0
1,0,Lazro Commercial Grade Rustic Antique Industrial Style Wood Dining Chair,Wayfair,橡膠木,52.07×43.18×91.44,40.6,6844.0,2072.0,5.0,48.3,5062.0,25.99,https://www.wayfair.com/furniture/pdp/steelside-lazro-commercial-grade-rustic-antique-industrial-style-wood-dining-chair-w004246763.html?piid=280033802,688,0,0,1,0
1,0,Calilynn 19.1'' H Fabric Upholstered Side Chair,Wayfair,橡木,57.15×53.34×99.06,54.6,4500.0,2581.0,2.5,44.4,5062.0,10.21,https://www.wayfair.com/furniture/pdp/wade-logan-calilynn-fabric-side-chair-dining-chair-w110533661.html?piid=2146586757,689,0,1,1,0
1,0,Saphron 19.5'' H Tufted Faux Leather Upholstered Side Chair,Wayfair,橡膠木,43.18×49.53×93.47,55.3,4500.0,2137.0,2.54,45.7,5062.0,10.89,https://www.wayfair.com/furniture/pdp/red-barrel-studio-saphron-tufted-side-chair-dining-chair-w110410824.html?piid=2112315163,690,0,1,1,0
0,0,Knavel 20'' H Tufted Fabric Upholstered Side Chair,Wayfair,橡膠木,45.72×55.88×96.52,96.5,4500.0,1005.0,2.5,45.7,5062.0,15.88,https://www.wayfair.com/furniture/pdp/red-barrel-studio-knecht-tufted-fabric-side-chair-w005305662.html?piid=132473629,691,0,1,1,0
0,0,Arterburn 18'' H Upholstered Side Chair,Wayfair,橡膠木,48.26×63.5×96.52,50.8,4500.0,1164.0,4.45,47.0,5062.0,10.89,https://www.wayfair.com/furniture/pdp/alcott-hill-arterburn-solid-wood-side-chair-w001156148.html?piid=1579454710,692,0,1,1,0
1,0,Corwin Oak Solid Wood Armchair,Wayfair,橡木,53.34×45.09×90.17,45.0,4500.0,2581.0,9.0,45.7,9291.0,15.0,https://www.wayfair.com/furniture/pdp/loon-peak-corwin-slatback-solid-wood-dining-chair-loon3337.html?piid=16519031,693,0,1,0,0
1,0,"Omaar 18.9"" Width Classic Soft Linen Upholstery Dining Chair With Wooden Leg",Wayfair,橡膠木,45.01×51.99×95.0,48.3,4500.0,2344.0,5.0,47.0,5062.0,5.99,https://www.wayfair.com/furniture/pdp/george-oliver-omaar-189-width-classic-soft-linen-upholstery-dining-chair-with-wooden-leg-w112107769.html?piid=1854524172,694,0,1,1,0
1,0,Maleehah Solid Wood Small Upholstered Dining Chair,Wayfair,橡膠木,49.5×60.5×99,99.0,4500.0,2581.0,4.9,48.9,5374.0,15.42,https://www.wayfair.com/furniture/pdp/george-oliver-maleehah-solid-wood-small-upholstered-dining-chair-w111659311.html?piid=1812208260,695,0,1,0,0
1,0,Artrell 18.1'' H Velvet Upholstered Side Chair,Wayfair,松木,58.42×58.42×91.44,48.3,4500.0,2975.0,10.16,43.2,5062.0,9.67,https://www.wayfair.com/furniture/pdp/wade-logan-artrell-mid-century-modern-velvet-dining-chair-w100033653.html?piid=690807040,696,0,1,1,0
1,0,Aunalee 19.5'' H Upholstered Parsons Chair,Wayfair,橡木,38.73×45.72×82.55,37.8,4500.0,2581.0,2.5,44.4,7061.0,17.51,https://www.wayfair.com/furniture/pdp/wade-logan-aunalee-dining-chair-w009342528.html,697,0,1,0,0
0,0,Kevelle Upholstered Side Chair in Smoky and Black (Set of 2),Wayfair,橡膠木,49.02×71.12×84.58,40.4,4500.0,2581.0,2.5,48.5,5062.0,6.99,https://www.wayfair.com/furniture/pdp/george-oliver-kevelle-upholstered-side-chair-in-smoky-and-black-set-of-2-w110285235.html,698,0,1,1,0
1,0,Amran Dining Arm Chair,Wayfair,橡膠木,51.05×60.96×89.92,40.6,4500.0,3466.0,2.5,49.5,9746.0,20.0,https://www.wayfair.com/furniture/pdp/bay-isle-home-amran-dining-arm-chair-byil7076.html?piid=94822108%2C95428201,699,0,1,0,0
1,0,Elnora 19.25'' H Upholstered Side Chair,Wayfair,橡膠木,55.88×65.02×90.93,45.7,4500.0,2429.0,2.5,50.8,2860.0,14.06,https://www.wayfair.com/furniture/pdp/beachcrest-home-elnora-upholstered-cross-back-side-chair-in-paperwhite-w002044729.html,700,0,1,0,0
1,0,Tayah 19'' H Upholstered Side Chair,Wayfair,橡膠木,45.72×55.88×99.06,99.1,4500.0,1041.0,10.0,45.7,5062.0,9.07,https://www.wayfair.com/furniture/pdp/charlton-home-tayah-slat-back-side-chair-w005484822.html?piid=313622837,701,0,1,1,0
1,0,"George Oliver 17.5"" Wide Mid-Century Modern Wire-Brushed Wood Dining Chair",Wayfair,橡木,58.42×62.87×2.54,45.7,4586.0,2972.0,5.0,45.5,5503.0,11.5,https://www.wayfair.com/furniture/pdp/george-oliver-175-wide-mid-century-modern-wire-brushed-wood-dining-chair-w111392536.html?piid=1127897174,702,0,0,0,0
0,0,Meria 19.25'' H Linen Blend Upholstered Armchair,Wayfair,橡膠木,48.01×51.05×76.96,34.0,4500.0,2581.0,5.0,47.5,5062.0,12.0,https://www.wayfair.com/furniture/pdp/joss-main-meria-upholstered-arm-chair-in-beige-w004135329.html,703,0,1,1,0
1,0,未知產品,Wayfair,橡膠木,46.99×50.8×76.2,30.5,4500.0,1605.0,5.0,45.7,2351.0,5.44,https://www.wayfair.com/furniture/pdp/gracie-oaks-upholstered-wooden-dining-chairs-w112147580.html?piid=1756808240,704,0,1,0,0
1,0,未知產品,Wayfair,橡膠木,40.64×55.88×74.42,31.0,9622.0,2581.0,3.81,46.0,6224.0,11.97,https://www.wayfair.com/furniture/pdp/joss-main-montclair-dining-chair-w003190781.html?piid=1554562122,705,0,0,0,0
1,0,未知產品,Wayfair,橡膠木,48.26×60.96×93.98,49.0,4500.0,3480.0,50.8,48.3,5062.0,7.48,https://www.wayfair.com/lighting/pdp/willa-arlo-interiors-palen-6225h-arched-floor-lamp-with-mixed-material-shade-w010969017.html,706,0,1,1,0
1,0,未知產品,Wayfair,橡膠木,48.26×55.88×93.98,45.7,1679.0,2581.0,2.54,48.3,5062.0,9.98,https://www.wayfair.com/furniture/pdp/winston-porter-2-piece-upholstered-sofa-with-charging-station-living-room-set-w112469354.html,707,0,0,0,0
1,0,未知產品,Wayfair,橡膠木,58.42×55.88×87.63,30.0,9578.0,2576.0,2.5,49.5,5912.0,22.68,https://www.wayfair.com/furniture/pdp/red-barrel-studio-desarie-58-media-console-for-tvs-up-to-65-with-electric-fireplace-adjustable-shelves-and-glass-doors-w100574068.html?piid=2027364521,708,0,0,0,0
1,0,未知產品,Wayfair,橡木,50.8×58.42×103.5,84.5,4500.0,1179.0,4.0,48.9,5062.0,8.26,https://www.wayfair.com/outdoor/pdp/sol-72-outdoor-keyla-windmill-w000064099.html?piid=115750837,709,0,1,1,0
1,0,未知產品,Wayfair,橡膠木,43×41×48,29.0,4500.0,1122.0,2.5,48.0,5062.0,5.76,https://www.wayfair.com/bed-bath/pdp/home-14-medium-gel-memory-foam-mattress-hmek2674.html?piid=100754609,710,0,1,1,0
1,0,未知產品,Wayfair,橡膠木,2.54×152.4×2.54,40.9,1010.0,2581.0,2.5,46.0,5062.0,15.01,https://www.wayfair.com/furniture/pdp/one-allium-way-rattan-back-upholstered-seat-dining-chair-king-louis-back-side-chair-mid-century-solid-wood-dining-chair-for-dining-roomkitchen-w112661675.html,711,0,0,0,0
0,0,未知產品,Wayfair,橡木,60.96×58.42×91.44,45.0,4500.0,3367.0,0.254,48.9,5062.0,14.97,https://www.wayfair.com/furniture/pdp/joss-main-oreille-upholstered-dining-chair-w004812266.html?piid=1418599679,712,0,1,1,0
1,0,未知產品,Wayfair,橡膠木,44.5×58.4×86.4,41.9,4500.0,2581.0,2.5,43.2,5062.0,5.9,https://www.wayfair.com/furniture/pdp/gracie-oaks-clova-fabric-upholstered-side-chair-wood-leg-dining-chair-w110869860.html?piid=1570448579,713,0,1,0,0
1,0,未知產品,Wayfair,橡膠木,48.01×56.64×86.11,42.4,4500.0,2569.0,2.0,47.0,5062.0,10.89,https://www.wayfair.com/furniture/pdp/lark-manor-parsons-upholstered-dining-chair-solid-wood-side-chair-w113301322.html?piid=1942706865,714,0,1,1,0
0,0,未知產品,Wayfair,橡木,41.91×29.84×158.12,158.1,4500.0,1233.0,2.54,158.1,5062.0,4.75,https://www.wayfair.com/furniture/pdp/winston-porter-parsons-upholstered-dining-chair-solid-wood-side-chair-w113301324.html?piid=2025372345,715,0,1,1,0
0,0,Knavel 20'' H Tufted Fabric Upholstered Side Chair,Wayfair,橡木,216×58.42×2.54,50.8,6215.0,2581.0,10.0,10.0,5062.0,15.0,https://www.wayfair.com/furniture/pdp/red-barrel-studio-knecht-tufted-fabric-side-chair-w005305662.html?piid=132473629,716,0,0,0,1
0,0,Arterburn 18'' H Upholstered Side Chair,Wayfair,實木,34.8×79.76×149.86,35.6,4500.0,5215.0,4.0,45.0,5062.0,63.87,https://www.wayfair.com/furniture/pdp/alcott-hill-arterburn-solid-wood-side-chair-w001156148.html?piid=1579454710,717,0,1,1,0
0,0,Corwin Oak Solid Wood Armchair,Wayfair,橡木,79.5×66.04×243.84,45.0,4500.0,5249.0,2.54,35.0,10000.0,9.3,https://www.wayfair.com/furniture/pdp/loon-peak-corwin-slatback-solid-wood-dining-chair-loon3337.html?piid=16519031,718,0,1,0,0
1,0,"Omaar 18.9"" Width Classic Soft Linen Upholstery Dining Chair With Wooden Leg",Wayfair,橡木,48×50×90,50.0,7200.0,2400.0,5.0,40.0,3840.0,7.5,https://www.wayfair.com/furniture/pdp/george-oliver-omaar-189-width-classic-soft-linen-upholstery-dining-chair-with-wooden-leg-w112107769.html?piid=1854524172,719,0,0,0,0
0,0,Maleehah Solid Wood Small Upholstered Dining Chair,Wayfair,橡木,49.53×55.88×96.52,48.3,4500.0,2581.0,43.18,49.5,5062.0,10.88,https://www.wayfair.com/furniture/pdp/george-oliver-maleehah-solid-wood-small-upholstered-dining-chair-w111659311.html?piid=1812208260,720,0,1,1,0
0,0,Artrell 18.1'' H Velvet Upholstered Side Chair,Wayfair,實木,55.88×66.04×109.22,109.2,4500.0,1435.0,40.64,40.6,5062.0,14.51,https://www.wayfair.com/furniture/pdp/wade-logan-artrell-mid-century-modern-velvet-dining-chair-w100033653.html?piid=690807040,721,0,1,1,0
1,0,Aunalee 19.5'' H Upholstered Parsons Chair,Wayfair,橡膠木,46.99×55.5×96.49,51.6,4500.0,3000.0,3.96,49.5,5062.0,13.64,https://www.wayfair.com/furniture/pdp/wade-logan-aunalee-dining-chair-w009342528.html,722,0,1,1,0
0,0,Kevelle Upholstered Side Chair in Smoky and Black (Set of 2),Wayfair,橡木,47.5×59.0×86.36,36.1,4500.0,3207.0,5.0,50.6,5062.0,13.61,https://www.wayfair.com/furniture/pdp/george-oliver-kevelle-upholstered-side-chair-in-smoky-and-black-set-of-2-w110285235.html,723,0,1,1,0
0,0,Amran Dining Arm Chair,Wayfair,橡木,47.5×59.0×86.36,44.4,4500.0,2581.0,4.5,50.6,4410.0,13.61,https://www.wayfair.com/furniture/pdp/bay-isle-home-amran-dining-arm-chair-byil7076.html?piid=94822108%2C95428201,724,0,1,0,0
1,0,Elnora 19.25'' H Upholstered Side Chair,Wayfair,橡膠木,55.88×65.02×90.93,40.3,4500.0,2472.0,5.08,50.8,5062.0,14.06,https://www.wayfair.com/furniture/pdp/beachcrest-home-elnora-upholstered-cross-back-side-chair-in-paperwhite-w002044729.html,725,0,1,1,0
1,0,Tayah 19'' H Upholstered Side Chair,Wayfair,橡膠木,45.72×55.88×99.06,50.8,4500.0,1441.0,5.0,45.7,5062.0,9.07,https://www.wayfair.com/furniture/pdp/charlton-home-tayah-slat-back-side-chair-w005484822.html?piid=313622837,726,0,1,1,0
1,0,"George Oliver 17.5"" Wide Mid-Century Modern Wire-Brushed Wood Dining Chair",Wayfair,橡木,58.42×62.87×2.54,45.7,4609.0,3101.0,5.0,45.5,6271.0,11.5,https://www.wayfair.com/furniture/pdp/george-oliver-175-wide-mid-century-modern-wire-brushed-wood-dining-chair-w111392536.html?piid=1127897174,727,0,0,0,0
1,0,Meria 19.25'' H Linen Blend Upholstered Armchair,Wayfair,橡膠木,48.01×51.05×76.96,34.0,4500.0,2305.0,2.5,47.5,5062.0,12.0,https://www.wayfair.com/furniture/pdp/joss-main-meria-upholstered-arm-chair-in-beige-w004135329.html,728,0,1,1,0
1,0,Jamali Upholstered Faux Leather Dining Arm Chairs Solid Back Barrel Dining Chairs Set of 1/2/3/4,Wayfair,橡膠木,46.99×50.8×76.2,30.5,2161.0,1441.0,2.54,45.7,5062.0,5.44,https://www.wayfair.com/furniture/pdp/ivy-bronx-jamali-upholstered-faux-leather-dining-arm-chairs-solid-back-barrel-dining-chairs-set-of-1234-w100730964.html?piid=1691404913%2C1691404919,729,0,0,0,0
1,0,Reber Upholstered Side Chairs,Wayfair,橡膠木,40.64×55.88×74.42,31.0,4500.0,2581.0,1.68,46.0,5062.0,11.97,https://www.wayfair.com/furniture/pdp/reber-upholstered-side-chairs-w008022690.html,730,0,1,1,0
1,0,Buckeys 18.13'' H Side Chair,Wayfair,橡膠木,48.26×60.96×93.98,49.0,4500.0,2399.0,0.7,49.5,8798.0,7.48,https://www.wayfair.com/furniture/pdp/august-grove-buckeys-ladder-back-side-chair-in-white-w003137127.html,731,0,1,0,0
1,0,Modway Baronet Dining Chair,Wayfair,橡膠木,48.26×55.88×93.98,45.7,4500.0,1298.0,10.16,48.3,5062.0,9.98,https://www.wayfair.com/furniture/pdp/modway-baronet-dining-chair-w004491092.html?piid=1708302731,732,0,1,1,0
1,0,Upholstered Leather Solid Wood Small Dining Chair,Wayfair,橡膠木,58.42×55.88×87.63,34.9,4500.0,3521.0,1.27,49.5,9493.0,22.68,https://www.wayfair.com/furniture/pdp/red-barrel-studio-upholstered-leather-solid-wood-small-dining-chair-w111660721.html?piid=1996899381,733,0,1,0,0
1,0,Upholstered Parsons Dining Chair Tufted Wing Back Side Chair with Wood Legs,Wayfair,橡木,50.8×58.42×103.5,84.2,4500.0,2963.0,6.0,48.9,4700.0,8.26,https://www.wayfair.com/furniture/pdp/red-barrel-studio-upholstered-parsons-dining-chair-tufted-wing-back-side-chair-with-wood-legs-w111436377.html?piid=880405884,734,0,1,0,0
1,0,Manatuto 18'' H Solid Wood Side Chair,Wayfair,橡膠木,2.54×20.32×45.72,45.7,2286.0,1100.0,2.54,43.2,5062.0,5.76,https://www.wayfair.com/furniture/pdp/langley-street-manatuto-solid-wood-side-chair-w000415394.html?piid=2038995103,735,0,0,0,0
1,0,Bowmansville 19.75'' H Upholstered Armchair,Wayfair,橡膠木,152×60×76,40.9,4500.0,4322.0,2.0,46.0,5062.0,15.01,https://www.wayfair.com/furniture/pdp/bayou-breeze-bowmansville-dining-arm-chair-gnt27224.html,736,0,1,1,0
0,0,Marju 19.5'' H Fabric Upholstered Pine Side Chair,Wayfair,橡木,60.96×58.42×91.44,42.5,4500.0,2286.0,1.27,48.9,5062.0,14.97,https://www.wayfair.com/furniture/pdp/gracie-oaks-dining-chairs-w009609640.html,737,0,1,1,0
0,0,Upholstered Parson Dining Chairs,Wayfair,橡膠木,60.33×53.98×73.66,29.0,4500.0,3422.0,2.54,47.9,5062.0,15.0,https://www.wayfair.com/furniture/pdp/red-barrel-studio-upholstered-parson-dining-chairs-w009234920.html?piid=302825985,738,0,1,1,0
1,0,Deshawndre Solid Wood Ladder Back Side Chair in Acacia,Wayfair,橡膠木,50.8×60.96×101.6,51.4,4500.0,2591.0,2.54,48.3,5062.0,9.0,https://www.wayfair.com/furniture/pdp/loon-peak-deshawndre-solid-wood-ladder-back-side-chair-in-acacia-w001412787.html,739,0,1,1,0
0,0,Andreona 19.5'' H Upholstered Side Chair,Wayfair,橡木,43.81×50.8×95.25,47.2,4500.0,3255.0,4.4825,46.0,5062.0,7.75,https://www.wayfair.com/furniture/pdp/august-grove-andreona-slat-back-side-chair-in-whitegray-stms2161.html,740,0,1,1,0
1,0,Belsford 19.25'' H Linen Upholstered Oak Armchair,Wayfair,橡木,53.34×67.31×97.79,49.5,4500.0,1129.0,52.07,49.5,5062.0,9.98,https://www.wayfair.com/furniture/pdp/hokku-designs-belsford-linen-upholstered-back-arm-chair-and-dining-chair-w110437672.html?piid=1497969807%2C1497969804,741,0,1,1,0
1,0,Tremel 19.5'' H Fabric Upholstered Armchair,Wayfair,橡木,46.99×50.8×76.2,30.5,4500.0,1230.0,5.0,45.7,5062.0,5.44,https://www.wayfair.com/furniture/pdp/wildon-home-tremel-fabric-arm-chair-in-gray-w003071878.html,742,0,1,1,0
1,0,Guillen 17.9'' H Upholstered Side Chair,Wayfair,橡膠木,48.9×50.16×97.16,48.2,4500.0,2581.0,2.54,45.7,5062.0,7.26,https://www.wayfair.com/furniture/pdp/winston-porter-guillen-solid-wood-dining-chair-w001821746.html?piid=1149581063,743,0,1,1,1
1,0,Constantine Tufted Upholstered Back Side Chair in Cherry,Wayfair,橡膠木,56.21×56.85×89.23,39.1,4500.0,3586.0,5.0,54.0,5062.0,9.48,https://www.wayfair.com/furniture/pdp/royal-classics-constantine-tufted-upholstered-back-side-chair-in-cherry-nwcs4592.html,744,0,1,1,0
1,0,Lyman Ladder Back Wooden Restaurant Chair,Wayfair,橡膠木,46.23×57.15×92.71,45.7,4500.0,1212.0,2.54,48.3,5062.0,23.28,https://www.wayfair.com/furniture/pdp/andover-mills-lyman-ladder-back-wooden-restaurant-chair-andv1000.html?piid=23209926%2C23209929,745,0,1,1,0
1,0,Helmsley 18'' H Pine Solid Wood Side Chair,Wayfair,橡木,48.26×55.88×101.6,101.6,4500.0,2581.0,4.45,45.7,4468.0,9.53,https://www.wayfair.com/furniture/pdp/helmsley-cross-back-side-chair-w003042568.html,746,0,1,0,0
1,0,Richard 19.5'' H Velvet Upholstered Side Chair,Wayfair,橡膠木,50.8×55.88×99.06,49.5,4500.0,3320.0,5.0,49.5,5062.0,113.4,https://www.wayfair.com/furniture/pdp/ophelia-co-richard-tufted-velvet-upholstered-parsons-chair-w000798502.html?piid=514172006,747,0,1,1,0
1,0,Hisaw Faux Leather Upholstered Armchair Classic Dining chair with arm rest,Wayfair,橡膠木,62.23×57.15×74.93,23.4,4500.0,2194.0,3.18,48.9,5062.0,22.35,https://www.wayfair.com/furniture/pdp/george-oliver-hisaw-faux-leather-upholstered-armchair-classic-dining-chair-with-arm-rest-w110318500.html?piid=1436800197,748,0,1,0,0
0,0,Millsap 16'' H Acacia Solid Wood Side Chair,Wayfair,橡膠木,60.96×58.42×99.06,50.8,4500.0,3424.0,5.0,49.5,5062.0,21.32,https://www.wayfair.com/furniture/pdp/beachcrest-home-millsap-solid-wood-side-chair-w009953947.html?piid=1714399933,749,0,1,1,0
1,0,Marcelle 18.7'' H Upholstered Side Chair,Wayfair,橡膠木,47×45.21×95,47.5,4500.0,2581.0,4.5,48.0,3563.0,6.5,https://www.wayfair.com/furniture/pdp/marcelle-ladder-back-side-chair-in-warm-gray-hdnn1766.html,750,0,1,0,0
1,0,"Nicholus 17.5"" Wide Country Farmhouse Slat Back Wood Modern Dining Chairs",Wayfair,橡木,45.97×51.56×95.0,76.5,4500.0,2939.0,2.5,45.5,4459.0,6.8,https://www.wayfair.com/furniture/pdp/gracie-oaks-nicholus-175-wide-country-farmhouse-slat-back-wood-modern-dining-chairs-duhm4150.html?piid=101194124,751,0,1,0,0
0,0,Karlin Slat Back Side Chair w/ Upholstered Seat,Wayfair,松木,55.88×71.75×113.03,113.0,4500.0,3607.0,20.0,47.6,5062.0,19.96,https://www.wayfair.com/furniture/pdp/karlin-slat-back-side-chair-w-upholstered-seat-gceo1520.html,752,0,1,1,0
1,0,Whittaker 18'' H Solid Wood Side Chair,Wayfair,橡膠木,46.99×55.88×96.52,47.0,4500.0,3250.0,5.0,49.5,5062.0,7.26,https://www.wayfair.com/furniture/pdp/rosecliff-heights-lowell-solid-wood-dining-chair-rohe3645.html,753,0,1,1,0
1,0,Vo Tufted Faux Leather Upholstered Side Chair,Wayfair,橡木,44.45×50.8×85.72,38.1,5345.0,2075.0,6.35,49.5,5062.0,6.8,https://www.wayfair.com/furniture/pdp/astoria-grand-vo-metal-side-chair-in-brown-bnzb3043.html,754,0,0,1,0
0,0,Kalvin Leather Upholstered Side Chair in Alabaster,Wayfair,橡木,48.26×55.88×100.33,53.3,4500.0,2581.0,2.54,45.7,5062.0,7.26,https://www.wayfair.com/furniture/pdp/corrigan-studio-kalvin-leather-upholstered-side-chair-in-alabaster-w002719584.html,755,0,1,1,1
0,0,Fratessa 19'' H Linen Fabric Upholstered Side Chair,Wayfair,橡膠木,60.96×53.98×85.72,47.0,4500.0,2581.0,52.07,45.7,5062.0,136.08,https://www.wayfair.com/furniture/pdp/rosalind-wheeler-fratessa-solid-wood-ladder-back-side-chair-w005019898.html?piid=1042956139,756,0,1,1,0
0,0,Aveon Boucle Side Dining Chair with Cane Rattan Back,Wayfair,橡膠木,56.52×59.69×73.66,20.3,4500.0,3353.0,-1.0,44.8,5062.0,16.6,https://www.wayfair.com/furniture/pdp/corrigan-studio-aveon-boucle-side-dining-chair-with-cane-rattan-back-w009889776.html?piid=219802810%2C219802811,757,0,1,1,0
1,0,Collins 18'' H Stacking Side Chair,Wayfair,橡木,68.58×53.34×81.28,40.6,4500.0,3860.0,2.54,40.6,9019.0,6.35,https://www.wayfair.com/furniture/pdp/sand-stable-collins-slat-back-stacking-side-chair-in-gunmetal-graybrown-w003483351.html?piid=1505587534,758,0,1,0,0
1,0,Dumont High-Back Dining Chair with Skirt and Nailhead Trim,Wayfair,橡膠木,48.51×55.12×99.57,99.6,4500.0,2985.0,4.762,47.5,5062.0,7.21,https://www.wayfair.com/furniture/pdp/darby-home-co-dumont-high-back-dining-chair-with-skirt-and-nailhead-trim-w001819548.html,759,0,1,1,0
0,0,Bethea Upholstered Dining Chair,Wayfair,橡膠木,44.48×49.48×84.99,33.5,4500.0,2919.0,1.78,46.0,5062.0,12.02,https://www.wayfair.com/furniture/pdp/joss-main-bethea-upholstered-dining-chair-kkah1351.html?piid=107153153%2C90695386,760,0,1,1,0
1,0,Zaedin 18'' H Upholstered Side Chair,Wayfair,橡膠木,45.72×55.88×101.6,53.3,4500.0,2665.0,1.5842,47.6,5062.0,7.71,https://www.wayfair.com/furniture/pdp/red-barrel-studio-zaedin-upholstered-side-chair-in-beige-w000054725.html,761,0,1,1,0
0,0,未知產品,Wayfair,橡膠木,50.04×58.42×100.08,100.1,4500.0,3376.0,2.54,45.7,5062.0,7.26,https://www.wayfair.com/furniture/pdp/joss-main-oreille-upholstered-dining-chair-w004812266.html?piid=1418599679,762,0,1,1,0
0,0,未知產品,Wayfair,橡膠木,53.34×60.96×109.22,109.2,4500.0,3250.0,2.54,43.0,5062.0,20.41,https://www.wayfair.com/furniture/pdp/one-allium-way-rattan-back-upholstered-seat-dining-chair-king-louis-back-side-chair-mid-century-solid-wood-dining-chair-for-dining-roomkitchen-w112661675.html,763,0,1,1,0
0,0,未知產品,Wayfair,松木,43.18×55.88×96.52,48.3,4500.0,2405.0,2.54,48.3,7536.0,14.86,https://www.wayfair.com/outdoor/pdp/sol-72-outdoor-keyla-windmill-w000064099.html?piid=115750837,764,0,1,0,0
1,0,未知產品,Wayfair,橡木,47.24×48.26×83.57,35.6,4500.0,3018.0,53.086,83.6,5062.0,6.75,https://www.wayfair.com/furniture/pdp/red-barrel-studio-desarie-58-media-console-for-tvs-up-to-65-with-electric-fireplace-adjustable-shelves-and-glass-doors-w100574068.html?piid=2027364521,765,0,1,1,0
1,0,未知產品,Wayfair,松木,43.18×53.34×83.82,45.7,4500.0,1963.0,3.0,45.7,5062.0,19.96,https://www.wayfair.com/furniture/pdp/winston-porter-2-piece-upholstered-sofa-with-charging-station-living-room-set-w112469354.html,766,0,1,1,0
1,0,未知產品,Wayfair,橡木,48.26×45.09×55.88,55.2,4500.0,2581.0,5.02,50.2,2890.0,15.97,https://www.wayfair.com/lighting/pdp/willa-arlo-interiors-palen-6225h-arched-floor-lamp-with-mixed-material-shade-w010969017.html,767,0,1,0,0
0,0,未知產品,Wayfair,橡木,59.0×62.23×85.09,33.0,7308.0,2836.0,52.07,52.1,6208.0,9.07,https://www.wayfair.com/furniture/pdp/joss-main-montclair-dining-chair-w003190781.html?piid=1554562122,768,0,0,0,0
1,0,未知產品,Wayfair,橡膠木,53.34×62.23×91.44,45.7,4500.0,1118.0,6.35,45.7,6720.0,11.34,https://www.wayfair.com/furniture/pdp/gracie-oaks-upholstered-wooden-dining-chairs-w112147580.html?piid=1756808240,769,0,1,0,0
0,0,未知產品,Wayfair,實木,55.88×66.04×109.22,109.2,4500.0,2581.0,5.0,40.6,5062.0,14.51,https://www.wayfair.com/furniture/pdp/gracie-oaks-clova-fabric-upholstered-side-chair-wood-leg-dining-chair-w110869860.html?piid=1570448579,770,0,1,1,1
1,0,未知產品,Wayfair,橡木,49.53×55.88×96.52,48.3,4500.0,2492.0,2.5,49.5,5062.0,10.88,https://www.wayfair.com/furniture/pdp/lark-manor-parsons-upholstered-dining-chair-solid-wood-side-chair-w113301322.html?piid=1942706865,771,0,1,1,0
1,0,未知產品,Wayfair,橡木,2.5×2.5×2.5,45.0,4500.0,2581.0,0.5,1.0,5062.0,1.0,https://www.wayfair.com/furniture/pdp/winston-porter-parsons-upholstered-dining-chair-solid-wood-side-chair-w113301324.html?piid=2025372345,772,0,0,0,0
1,0,Stathelle 18'' H Solid Wood Side Chair,Wayfair,橡木,79.5×66.04×243.84,45.0,4500.0,5244.0,2.54,45.7,5062.0,9.3,https://www.wayfair.com/furniture/pdp/august-grove-stathelle-cross-back-side-chair-in-antique-white-xhx18131.html,773,0,1,1,0
1,0,Tariel Canton Dining Chair,Wayfair,實木,34.8×79.76×149.86,79.8,4500.0,5208.0,34.8,79.8,5062.0,63.87,https://www.wayfair.com/furniture/pdp/corrigan-studio-tariel-canton-dining-chair-w112301945.html,774,0,1,1,0
0,0,Bargman Mid-Century Modern Velvet Dining Chair,Wayfair,橡木,2.54×0.66×2.54,45.0,4500.0,2581.0,2.0,2.5,5062.0,2.0,https://www.wayfair.com/furniture/pdp/wade-logan-bargman-mid-century-modern-velvet-dining-chair-w100018378.html?piid=525432982,775,0,0,0,1
0,0,Nafaro Rattan Dining Chair with Cushion,Wayfair,橡木,41.91×29.84×158.12,158.1,4500.0,2581.0,2.54,42.6,7451.0,4.75,https://www.wayfair.com/furniture/pdp/bayou-breeze-nafaro-rattan-dining-chair-with-cushion-w009059928.html,776,0,1,0,0
1,0,Artemis 18.11'' H Upholstered Side Chair,Wayfair,橡膠木,48.01×56.64×86.11,41.1,4500.0,3565.0,1.0,47.0,5062.0,10.89,https://www.wayfair.com/furniture/pdp/mistana-artemis-slat-back-side-chair-in-black-w002728481.html?piid=870546590%2C870546561,777,0,1,1,0
1,0,Modway Winona Wood Dining Side Chair,Wayfair,橡膠木,44.45×58.42×89,41.9,3122.0,2581.0,2.5,50.8,5062.0,5.9,https://www.wayfair.com/furniture/pdp/modway-winona-wood-dining-side-chair-w009453861.html?piid=1233015693,778,0,0,1,0
1,0,Breajah 18.11 Wide Faux Leather Dinning Side Chair with Metal Frame,Wayfair,橡木,47.5×59.0×86.36,34.1,4500.0,3274.0,5.0,50.6,5062.0,13.61,https://www.wayfair.com/furniture/pdp/wade-logan-breajah-1811-wide-faux-leather-dinning-side-chair-with-metal-frame-w100682221.html?piid=1230926841,779,0,1,1,0
1,0,Lafond Solid Wood Side Chair,Wayfair,松木,47.5×59.0×86.36,36.3,4500.0,2581.0,5.0,50.6,5062.0,13.61,https://www.wayfair.com/furniture/pdp/millwood-pines-lafond-solid-wood-side-chair-w004236030.html?piid=1330477648,780,0,1,1,0
1,0,Modern Faux Leather Waterproof Upholstered Dining Chair,Wayfair,橡木,48.26×54.61×91.44,40.6,4500.0,3345.0,2.5,50.8,5062.0,8.0,https://www.wayfair.com/furniture/pdp/red-barrel-studio-modern-faux-leather-waterproof-upholstered-dining-chair-w112953947.html?piid=341332976,781,0,1,0,0
1,0,Drogo 20'' H Cotton Upholstered Cherry Side Chair,Wayfair,橡膠木,49.02×58.42×87.12,40.6,4500.0,2341.0,12.7,12.7,5062.0,6.99,https://www.wayfair.com/furniture/pdp/darby-home-co-drogo-side-chair-dbhc5611.html,782,0,1,1,0
1,0,Orena Upholstered Solid Wood Dining Chair,Wayfair,松木,58.42×57.4×87.88,43.8,4500.0,3543.0,1.27,43.9,5062.0,6.08,https://www.wayfair.com/furniture/pdp/corrigan-studio-orena-upholstered-solid-wood-dining-chair-w111659309.html?piid=85315948,783,0,1,1,0
1,0,Ewarton 19.2'' H Tufted Upholstered Side Chair,Wayfair,橡膠木,57.15×57.15×76.2,30.2,4500.0,4151.0,2.54,46.0,5062.0,18.01,https://www.wayfair.com/furniture/pdp/one-allium-way-brinker-tufted-king-louis-back-side-chair-dining-chair-w100345023.html,784,0,1,1,0
0,0,Ursula Cross Back Side Chair in Buttermilk and Oak (Set of 2),Wayfair,橡膠木,44.45×50.8×81.28,81.3,4500.0,2261.0,2.54,47.0,5062.0,4.54,https://www.wayfair.com/furniture/pdp/ursula-cross-back-side-chair-in-buttermilk-and-oak-set-of-2-aggr5681.html,785,0,1,1,0
1,0,Speakman 18'' H Fabric Upholstered Side Chair,Wayfair,胡桃木,44.96×50.04×83.82,38.1,4500.0,3205.0,4.45,45.7,5062.0,14.51,https://www.wayfair.com/furniture/pdp/mercury-row-speakman-upholstered-solid-wood-ladder-side-chair-w006465491.html?piid=1282791349,786,0,1,1,0
1,0,Almonte Dining Chair Upholstered Seat Dark Brown (Set Of 2),Wayfair,橡木,46.0×55.5×81.99,35.5,4500.0,2581.0,3.0,48.5,3818.0,7.98,https://www.wayfair.com/furniture/pdp/coaster-almonte-dining-chair-upholstered-seat-dark-brown-set-of-2-dvoe3429.html,787,0,1,0,0
1,0,Ariad Dining Chair,Wayfair,松木,45.72×55.88×96.52,48.3,4500.0,2581.0,4.76,48.3,3590.0,6.35,https://www.wayfair.com/furniture/pdp/trent-austin-design-ariad-dining-chair-w008022920.html?piid=727164477,788,0,1,0,0
1,0,18.5'' H Upholstered Oak Side Chair,Wayfair,橡膠木,44.45×55.24×79.38,31.8,4500.0,3626.0,78.17,45.7,6435.0,113.4,https://www.wayfair.com/furniture/pdp/canora-grey-brinda-slat-back-side-chair-in-espresso-w100403681.html?piid=1632880361,789,0,1,0,0
1,0,Katarina 22'' H Faux Leather Upholstered Side Chair,Wayfair,橡木,44.45×58.42×92.71,41.9,4500.0,2581.0,5.0,50.8,5062.0,6.12,https://www.wayfair.com/furniture/pdp/mistana-katarina-side-chair-with-upholstered-seat-mitn2561.html,790,0,1,1,0
0,0,Jannie 20'' H Tufted Fabric Upholstered Side Chair,Wayfair,橡木,53.34×66.04×102.87,102.9,4500.0,2872.0,2.54,45.7,6813.0,8.34,https://www.wayfair.com/furniture/pdp/lark-manor-jannie-tufted-side-chair-dbhm8660.html?piid=24488591,791,0,1,0,0
1,0,Huse 18'' H Solid Wood Side Chair,Wayfair,橡膠木,46.99×50.8×76.2,30.5,4500.0,1391.0,5.0,45.7,7245.0,5.44,https://www.wayfair.com/furniture/pdp/darby-home-co-huse-solid-wood-slat-back-side-chair-w005067257.html?piid=1422805781,792,0,1,0,0
1,0,Alexa-Mae 18.86'' H Upholstered Side Chair,Wayfair,橡木,48.77×42.93×95.76,48.3,4500.0,3401.0,1.43,47.8,5062.0,11.25,https://www.wayfair.com/furniture/pdp/lark-manor-alexa-mae-ladder-back-side-chair-in-black-w005962269.html,793,0,1,1,0
1,0,Chesson 19.25'' H Tufted Upholstered Side Chair,Wayfair,橡膠木,50.8×58.42×104.14,58.4,4500.0,2581.0,1.59,45.7,5062.0,14.06,https://www.wayfair.com/furniture/pdp/darby-home-co-chesson-upholstered-dining-chair-dbhm7562.html?piid=90484352,794,0,1,1,0
1,0,Chelynne 18'' H Solid Wood Side Chair,Wayfair,橡膠木,55.12×50.8×76.2,34.0,4500.0,3608.0,46.04,45.7,5062.0,6.99,https://www.wayfair.com/furniture/pdp/gracie-oaks-chelynne-solid-wood-windsor-back-side-chair-dining-chair-w110357856.html?piid=354225140,795,0,1,1,0
1,0,Gilemette 18.5'' H Linen Fabric Upholstered Side Chair,Wayfair,橡膠木,48.26×48.26×80.01,31.8,4500.0,2930.0,48.9,48.9,5062.0,113.4,https://www.wayfair.com/furniture/pdp/red-barrel-studio-gilemette-linen-upholstered-side-chair-w004816683.html?piid=204195823%2C204081189,796,0,1,1,0
1,0,Ashliegh 20'' H Tufted Upholstered Side Chair,Wayfair,橡木,48.26×53.34×88.9,40.6,4500.0,2029.0,10.0,762.0,5062.0,8.62,https://www.wayfair.com/furniture/pdp/red-barrel-studio-ashliegh-tufted-solid-wood-side-chair-w004284455.html?piid=1094402983,797,0,1,1,0
0,0,Tanee Tufted Upholstered Solid Wood Dining Chair,Wayfair,橡膠木,46.99×52.07×95.0,50.0,4500.0,3012.0,1.0,47.0,5062.0,6.26,https://www.wayfair.com/furniture/pdp/wildon-home-tanee-tufted-upholstered-solid-wood-dining-chair-aphc1927.html?piid=91682948%2C91682932,798,0,1,1,0
1,0,Ches 18'' H Upholstered Armchair,Wayfair,橡膠木,48.26×55.88×101.6,79.6,4500.0,2676.0,5.0,55.9,5062.0,13.61,https://www.wayfair.com/furniture/pdp/allmodern-ches-arm-chair-w010949994.html?piid=1956940551,799,0,1,1,0
0,0,Sindelar Black Windsor Back Side Chairs (Set of 2),Wayfair,橡膠木,57.15×67.95×107.95,57.2,4500.0,4321.0,2.54,50.8,5062.0,23.59,https://www.wayfair.com/furniture/pdp/gracie-oaks-sindelar-black-windsor-back-side-chairs-set-of-2-w111086962.html,800,0,1,1,0
0,0,Regent Fabric Dining Chair,Wayfair,橡膠木,45.72×53.34×96.52,50.8,4500.0,3200.0,5.0,45.7,9319.0,16.78,https://www.wayfair.com/furniture/pdp/etta-avenue-regent-fabric-dining-chair-w005060981.html?piid=541206238,801,0,1,0,0
1,0,17.5'' H Solid Wood Side Chair,Wayfair,橡膠木,44.45×52.07×90.7,46.8,4500.0,2581.0,1.5,47.9,4727.0,6.46,https://www.wayfair.com/furniture/pdp/red-barrel-studio-solid-wood-cross-back-side-chair-w100407529.html?piid=424448878%2C424448879,802,0,1,0,0
1,0,Clarke X Back Faux Leather Folding Dining Chair,Wayfair,橡膠木,55.88×152.4×110.49,57.2,4500.0,2806.0,1.0,48.9,2868.0,10.43,https://www.wayfair.com/furniture/pdp/andover-mills-clarke-x-back-faux-leather-folding-dining-chair-w000855801.html,803,0,1,0,0
1,0,Glennwood 18'' H Solid Wood Side Chair,Wayfair,橡膠木,54.99×51.99×76.99,30.3,4500.0,3052.0,5.0,45.7,5062.0,12.0,https://www.wayfair.com/furniture/pdp/august-grove-glennwood-ladder-back-dining-chair-grcs5371.html?piid=26607128,804,0,1,1,0
1,0,Horncastle 18'' H Pine Solid Wood Side Chair,Wayfair,橡膠木,51.44×62.74×99.06,52.1,4500.0,1051.0,5.0,47.0,4231.0,15.97,https://www.wayfair.com/furniture/pdp/horncastle-solid-wood-slat-back-side-chair-w004236142.html?piid=1058348113,805,0,1,0,0
1,0,Balen 20'' H Linen Upholstered Side Chair,Wayfair,橡膠木,55.88×59.69×95.25,45.0,4500.0,2581.0,2.03,50.8,5062.0,8.16,https://www.wayfair.com/furniture/pdp/allmodern-balen-upholstered-dining-chair-byst5705.html,806,0,1,1,0
0,0,Chair 33.07'' H Tufted Cotton Blend Upholstered Side Chair,Wayfair,橡木,43.99×46.0×100.0,100.0,4500.0,2035.0,2.0,45.7,5062.0,30.84,https://www.wayfair.com/furniture/pdp/global-girls-llc-rattan-back-dining-chairs-set-of-4upholstered-boucle-kitchen-chairsmid-century-modern-dining-room-chairscane-chairs-for-dining-room-with-metal-legswhite-gobc1555.html,807,0,1,1,0
0,0,Springhill 19'' H Faux Leather Upholstered Side Chair,Wayfair,橡膠木,50.8×53.34×76.2,43.2,4500.0,1161.0,5.0,45.7,5062.0,17.24,https://www.wayfair.com/furniture/pdp/loon-peak-springhill-upholstered-ladder-back-side-chair-cst9041.html?piid=9694167,808,0,1,1,0
1,0,Albulena 18'' H Solid Wood Side Chair,Wayfair,橡膠木,55.88×52.07×88.9,44.4,4500.0,2581.0,2.54,47.0,8626.0,5.25,https://www.wayfair.com/furniture/pdp/lark-manor-albulena-solid-wood-cross-back-side-chair-w000790310.html?piid=1104878810,809,0,1,0,0
1,0,Harrogate Linen Upholstered Side Chair,Wayfair,橡膠木,55.88×63.5×91.44,45.7,4500.0,2581.0,5.08,52.1,3920.0,15.42,https://www.wayfair.com/furniture/pdp/harrogate-linen-side-chair-w100172439.html?piid=688438518,810,0,1,0,0
1,0,HERCULES Series Finished School House Back Wooden Restaurant Chair,Wayfair,橡膠木,44.45×48.9×90.81,45.6,6327.0,2581.0,1.9,44.4,5062.0,5.9,https://www.wayfair.com/furniture/pdp/lark-manor-hercules-series-finished-school-house-back-wooden-restaurant-chair-w003549316.html?piid=810444968,811,0,0,1,0
0,0,Willshire 19.75'' H Tufted Fabric Upholstered Side Chair,Wayfair,橡膠木,43.18×50.8×90.17,45.0,3919.0,2581.0,2.5,45.0,6237.0,12.14,https://www.wayfair.com/furniture/pdp/latitude-run-willshire-tufted-fabric-full-back-side-chair-dining-chair-w111435130.html?piid=1898477399%2C1901550593,812,0,0,0,0
1,0,Gennetta 19.5'' H Upholstered Accent,Wayfair,橡膠木,50.8×59.69×108.59,108.6,4500.0,3802.0,2.54,45.7,7695.0,9.07,https://www.wayfair.com/furniture/pdp/wildon-home-gennetta-dining-upholstered-arm-chair-gnt22180.html,813,0,1,0,0
1,0,Hamilton 18'' H Upholstered Side Chair,Wayfair,橡木,47.5×52.58×82.55,32.5,4500.0,2929.0,5.0,50.8,5062.0,10.52,https://www.wayfair.com/furniture/pdp/lark-manor-hamilton-upholstered-cross-back-side-chair-in-bronze-w003125964.html,814,0,1,0,0
0,0,Laksh Dining Chairs with Wood Legs,Wayfair,橡膠木,48.9×56.52×101.6,50.8,4500.0,3081.0,7.62,48.3,5062.0,8.0,https://www.wayfair.com/furniture/pdp/george-oliver-laksh-dining-chairs-with-wood-legs-w110628976.html?piid=2012570495,815,0,1,1,0
1,0,Umina 19.5'' H Upholstered Side Chair,Wayfair,橡膠木,50.8×58.42×99.06,53.3,4500.0,2461.0,1.27,45.7,9272.0,9.07,https://www.wayfair.com/furniture/pdp/red-barrel-studio-umina-side-chair-w010922356.html?piid=2078891269%2C2078891266,816,0,1,0,0
1,0,未知產品,Wayfair,松木,50.8×49.53×97.54,97.5,4500.0,2517.0,5.0,45.0,5062.0,11.2,https://www.wayfair.com/furniture/pdp/gracie-oaks-upholstered-wooden-dining-chairs-w112147580.html?piid=1756808240,817,0,1,1,0
1,0,未知產品,Wayfair,松木,46.99×54.61×88.9,45.1,4500.0,4709.0,1.016,45.7,5062.0,7.71,https://www.wayfair.com/furniture/pdp/joss-main-montclair-dining-chair-w003190781.html?piid=1554562122,818,0,1,1,0
1,0,未知產品,Wayfair,橡膠木,50.8×60.96×83.82,38.1,4500.0,2541.0,2.5,50.2,5000.0,8.0,https://www.wayfair.com/lighting/pdp/willa-arlo-interiors-palen-6225h-arched-floor-lamp-with-mixed-material-shade-w010969017.html,819,0,1,0,0
0,0,未知產品,Wayfair,橡木,59.69×58.42×91.44,47.0,4500.0,1885.0,2.54,49.5,5062.0,11.79,https://www.wayfair.com/furniture/pdp/winston-porter-2-piece-upholstered-sofa-with-charging-station-living-room-set-w112469354.html,820,0,1,1,0
0,0,未知產品,Wayfair,橡膠木,47.62×61.59×100.97,101.0,4500.0,2906.0,2.54,45.7,5062.0,6.35,https://www.wayfair.com/outdoor/pdp/sol-72-outdoor-keyla-windmill-w000064099.html?piid=115750837,821,0,1,1,0
1,0,未知產品,Wayfair,橡木,53.34×48.26×83.82,83.8,4500.0,2575.0,5.0,83.8,5062.0,9.0,https://www.wayfair.com/furniture/pdp/one-allium-way-rattan-back-upholstered-seat-dining-chair-king-louis-back-side-chair-mid-century-solid-wood-dining-chair-for-dining-roomkitchen-w112661675.html,822,0,1,1,0
0,0,未知產品,Wayfair,橡膠木,50.8×54.61×82.55,82.6,4500.0,3326.0,4.0,47.6,5062.0,15.27,https://www.wayfair.com/furniture/pdp/joss-main-oreille-upholstered-dining-chair-w004812266.html?piid=1418599679,823,0,1,1,0
1,0,未知產品,Wayfair,橡膠木,44.45×58.42×81.28,41.9,7625.0,2581.0,5.0,50.8,3322.0,5.9,https://www.wayfair.com/furniture/pdp/george-oliver-maleehah-solid-wood-small-upholstered-dining-chair-w111659311.html?piid=1812208260,824,0,0,0,0
0,0,未知產品,Wayfair,橡膠木,48.01×56.64×86.11,86.1,4500.0,2581.0,4.67,47.0,4211.0,10.89,https://www.wayfair.com/furniture/pdp/gracie-oaks-clova-fabric-upholstered-side-chair-wood-leg-dining-chair-w110869860.html?piid=1570448579,825,0,1,0,1
0,0,未知產品,Wayfair,橡木,41.91×29.84×158.12,158.1,4500.0,4968.0,2.54,158.1,5062.0,4.75,https://www.wayfair.com/furniture/pdp/winston-porter-parsons-upholstered-dining-chair-solid-wood-side-chair-w113301324.html?piid=2025372345,826,0,1,1,0
0,0,Clarke X Back Faux Leather Folding Dining Chair,Wayfair,橡木,,45.0,4500.0,2581.0,0.25,2.5,5062.0,5.0,https://www.wayfair.com/furniture/pdp/andover-mills-clarke-x-back-faux-leather-folding-dining-chair-w000855801.html,827,0,0,0,1
0,0,Glennwood 18'' H Solid Wood Side Chair,Wayfair,實木,34.8×79.76×149.86,79.8,4500.0,5209.0,6.35,45.0,5062.0,63.87,https://www.wayfair.com/furniture/pdp/august-grove-glennwood-ladder-back-dining-chair-grcs5371.html?piid=26607128,828,0,1,1,0
0,0,Horncastle 18'' H Pine Solid Wood Side Chair,Wayfair,橡木,79.5×66.04×243.84,45.0,4500.0,5240.0,10.0,45.7,5062.0,9.3,https://www.wayfair.com/furniture/pdp/horncastle-solid-wood-slat-back-side-chair-w004236142.html?piid=1058348113,829,0,1,1,0
1,0,Chair 33.07'' H Tufted Cotton Blend Upholstered Side Chair,Wayfair,橡木,49.53×55.88×96.52,48.3,4500.0,2839.0,43.18,49.5,5062.0,10.88,https://www.wayfair.com/furniture/pdp/global-girls-llc-rattan-back-dining-chairs-set-of-4upholstered-boucle-kitchen-chairsmid-century-modern-dining-room-chairscane-chairs-for-dining-room-with-metal-legswhite-gobc1555.html,830,0,1,1,0
1,0,Zaneta 16.9'' H Upholstered Side Chair,Wayfair,實木,55.88×66.04×109.22,109.0,4500.0,2581.0,5.0,40.6,5062.0,14.51,https://www.wayfair.com/furniture/pdp/gracie-oaks-zaneta-upholstered-solid-wood-ladder-back-side-chair-in-walnut-w004237386.html,831,0,1,1,1
0,0,Springhill 19'' H Faux Leather Upholstered Side Chair,Wayfair,橡膠木,46.99×50.8×76.2,30.5,4500.0,2581.0,12.0,45.7,5062.0,5.44,https://www.wayfair.com/furniture/pdp/loon-peak-springhill-upholstered-ladder-back-side-chair-cst9041.html?piid=9694167,832,0,1,1,0
0,0,Albulena 18'' H Solid Wood Side Chair,Wayfair,橡膠木,46.99×55.5×96.49,51.6,4500.0,3319.0,1.0,49.5,5062.0,13.64,https://www.wayfair.com/furniture/pdp/lark-manor-albulena-solid-wood-cross-back-side-chair-w000790310.html?piid=1104878810,833,0,1,1,0
1,0,Harrogate Linen Upholstered Side Chair,Wayfair,松木,47.5×59.0×86.36,36.3,4500.0,2343.0,4.0,50.6,5062.0,13.61,https://www.wayfair.com/furniture/pdp/harrogate-linen-side-chair-w100172439.html?piid=688438518,834,0,1,1,0
0,0,HERCULES Series Finished School House Back Wooden Restaurant Chair,Wayfair,橡膠木,43.18×50.8×90.17,90.0,4500.0,2581.0,2.0,46.0,6156.0,12.14,https://www.wayfair.com/furniture/pdp/lark-manor-hercules-series-finished-school-house-back-wooden-restaurant-chair-w003549316.html?piid=810444968,835,0,1,0,0
1,0,Willshire 19.75'' H Tufted Fabric Upholstered Side Chair,Wayfair,橡膠木,50.8×59.69×108.59,51.7,4500.0,2422.0,7.875,45.7,5952.0,9.07,https://www.wayfair.com/furniture/pdp/latitude-run-willshire-tufted-fabric-full-back-side-chair-dining-chair-w111435130.html?piid=1898477399%2C1901550593,836,0,1,0,0
0,0,Gennetta 19.5'' H Upholstered Accent,Wayfair,橡木,48.26×53.34×97.79,52.1,4500.0,2581.0,3.0,45.7,9947.0,15.0,https://www.wayfair.com/furniture/pdp/wildon-home-gennetta-dining-upholstered-arm-chair-gnt22180.html,837,0,1,0,0
1,0,Naomi 18'' H Solid Wood Side Chair,Wayfair,橡木,47.5×52.58×82.55,32.5,4500.0,3535.0,2.5,50.0,9114.0,10.52,https://www.wayfair.com/furniture/pdp/rosalind-wheeler-naomi-solid-wood-slat-back-side-chair-in-linen-white-w001759511.html?piid=972882267,838,0,1,0,0
1,0,Hamilton 18'' H Upholstered Side Chair,Wayfair,橡木,56.01×51.99×84.0,84.0,4500.0,2511.0,2.5,45.0,5062.0,15.0,https://www.wayfair.com/furniture/pdp/lark-manor-hamilton-upholstered-cross-back-side-chair-in-bronze-w003125964.html,839,0,1,1,0
0,0,Laksh Dining Chairs with Wood Legs,Wayfair,橡膠木,48.26×55.88×101.6,58.4,4500.0,4271.0,11.94,42.9,5062.0,14.97,https://www.wayfair.com/furniture/pdp/george-oliver-laksh-dining-chairs-with-wood-legs-w110628976.html?piid=2012570495,840,0,1,1,0
1,0,Umina 19.5'' H Upholstered Side Chair,Wayfair,橡膠木,48.9×56.52×101.6,81.3,3994.0,1227.0,7.62,48.3,5062.0,8.0,https://www.wayfair.com/furniture/pdp/red-barrel-studio-umina-side-chair-w010922356.html?piid=2078891269%2C2078891266,841,0,0,0,0
1,0,Luckett Upholstered Caster Dining Chair,Wayfair,橡膠木,50.8×58.42×99.06,52.7,4500.0,2802.0,2.54,45.7,8766.0,9.07,https://www.wayfair.com/furniture/pdp/latitude-run-luckett-upholstered-caster-dining-chair-w113009599.html?piid=213843208,842,0,1,0,0
1,0,Bobbi Upholstered Dining Chair,Wayfair,松木,50.8×49.53×97.54,97.5,4500.0,2514.0,2.54,45.0,5062.0,11.2,https://www.wayfair.com/furniture/pdp/joss-main-bobbi-upholstered-dining-chair-kkah1317.html?piid=106888046,843,0,1,1,0
1,0,Amelius 20'' H Faux Leather Upholstered Parsons Chair,Wayfair,松木,46.99×54.61×88.9,45.1,4500.0,3018.0,5.0,45.7,5062.0,7.71,https://www.wayfair.com/furniture/pdp/lark-manor-amelius-dining-chair-w110236269.html?piid=614006952%2C614006955,844,0,1,1,0
1,0,Parnell 19.5'' H Velvet Upholstered Side Chair,Wayfair,橡膠木,50.8×60.96×83.82,38.1,4500.0,2587.0,1.0,50.2,5062.0,15.0,https://www.wayfair.com/furniture/pdp/willa-arlo-interiors-parnell-velvet-upholstered-side-chair-w003034310.html?piid=735140843,845,0,1,1,0
1,0,Nikias Tufted velvet Solid Back Arm Chair,Wayfair,橡木,59.69×58.42×91.44,44.4,4500.0,3328.0,5.0,49.5,10000.0,11.79,https://www.wayfair.com/furniture/pdp/wildon-home-nikias-tufted-velvet-solid-back-arm-chair-w100216779.html,846,0,1,0,0
1,0,1E50B5FBA0EE4D978B74EB113DB1376A,Wayfair,橡木,53.34×48.26×83.82,83.8,4500.0,2576.0,2.5,45.0,5062.0,8.0,https://www.wayfair.com/furniture/pdp/millwood-pines-1e50b5fba0ee4d978b74eb113db1376a-w111919592.html,847,0,1,1,0
1,0,Slattery 18'' H Faux Leather Solid Wood Side Chair,Wayfair,橡膠木,50.8×54.61×82.55,31.8,4500.0,3211.0,1.27,49.5,5062.0,15.27,https://www.wayfair.com/furniture/pdp/charlton-home-slattery-solid-wood-slat-back-side-chair-w004928389.html?piid=2128692042,848,0,1,1,0
0,0,Ana Arm Chair,Wayfair,橡木,58.93×61.98×84.07,35.0,4500.0,3300.0,4.805,45.7,5062.0,13.47,https://www.wayfair.com/furniture/pdp/corrigan-studio-ana-arm-chair-w001617742.html?piid=1119504500,849,0,1,1,0
1,0,Almut 18.9'' H Fabric Upholstered Pine Parsons Chair,Wayfair,橡木,59.0×69.85×96.01,40.9,4500.0,4292.0,55.25,55.1,5062.0,14.06,https://www.wayfair.com/furniture/pdp/winston-porter-almut-parson-chair-in-gray-w004338602.html,850,0,1,1,0
0,0,Modway Curve Fabric Dining Chair,Wayfair,橡膠木,40.01×46.99×92.08,36.2,4500.0,1096.0,13.34,51.0,5062.0,4.99,https://www.wayfair.com/furniture/pdp/modway-curve-fabric-dining-chair-fow21743.html?piid=101775490,851,0,1,1,0
1,0,Copper Grove Trilj Dining Chair,Wayfair,橡膠木,50.04×61.98×95.25,47.5,4500.0,3402.0,7.62,50.8,5062.0,46.27,https://www.wayfair.com/furniture/pdp/red-barrel-studio-copper-grove-trilj-dining-chair-w008210941.html?piid=1471279830,852,0,1,1,0
0,0,Sisneros Solid Wood Side Chair,Wayfair,橡膠木,44.45×48.77×90.17,46.3,4500.0,2581.0,3.67,46.3,2786.0,14.06,https://www.wayfair.com/furniture/pdp/charlton-home-sisneros-solid-wood-side-chair-w001974237.html?piid=2071940064,853,0,1,0,0
0,0,Mid-century Modern Dining Chairs (set Of 2),Wayfair,橡木,58.42×48.26×101.6,82.6,4500.0,2823.0,5.0,45.7,5062.0,5.9,https://www.wayfair.com/furniture/pdp/corrigan-studio-mid-century-modern-dining-chairs-set-of-2-w011284268.html?piid=233641736,854,0,1,1,0
1,0,Tallapoosa 19.75'' H Upholstered Side Chair,Wayfair,橡膠木,48.26×53.34×84.45,36.2,4500.0,2716.0,2.5,48.3,5062.0,6.8,https://www.wayfair.com/furniture/pdp/george-oliver-tallapoosa-upholstered-side-chair-in-gray-w002960354.html?piid=68234372,855,0,1,1,0
1,0,Sevilla 18'' H Solid Wood Armchair,Wayfair,橡膠木,45.72×50.8×97.79,52.1,4500.0,3055.0,12.7,12.7,5062.0,8.0,https://www.wayfair.com/furniture/pdp/loon-peak-sevilla-solid-wood-arm-chair-in-unfinished-w000438769.html,856,0,1,1,0
1,0,Sesco 18.5'' H Linen Upholstered Side Chair,Wayfair,松木,42.93×53.34×89.92,41.9,4500.0,2860.0,2.0,48.0,6193.0,6.08,https://www.wayfair.com/furniture/pdp/canora-grey-sesco-solid-wood-dining-chair-w001508736.html?piid=1405208214,857,0,1,0,0
0,0,Bobbi Upholstered Armchair (Set of 2),Wayfair,橡膠木,63.5×58.42×91.44,47.6,4500.0,3878.0,52.07,48.3,5062.0,6.8,https://www.wayfair.com/furniture/pdp/joss-main-bobbi-upholstered-armchair-set-of-2-w111156716.html?piid=1030638398,858,0,1,1,0
1,0,Selby 19.25'' H Side Chair,Wayfair,橡木,58.42×48.26×99.06,45.0,8668.0,3419.0,18.75,52.1,5761.0,34.93,https://www.wayfair.com/furniture/pdp/willa-arlo-interiors-selby-side-chair-in-beach-rvf10730.html,859,0,0,0,0
1,0,Brunehilde 18.5'' H Linen Blend Upholstered Beech Side Chair,Wayfair,橡膠木,62.23×46.99×95.25,37.8,4500.0,3149.0,18.5,54.6,5062.0,30.84,https://www.wayfair.com/furniture/pdp/wade-logan-brunehilde-side-chair-w001171165.html?piid=1515201600%2C1518966180,860,0,1,1,0
0,0,Fairmont 20.5'' H Upholstered Armchair,Wayfair,橡膠木,43.18×53.34×96.52,38.0,4500.0,2286.0,2.0,46.0,4732.0,12.0,https://www.wayfair.com/furniture/pdp/joss-main-fairmont-upholstered-back-armchair-in-cream-w110919653.html,861,0,1,0,0
1,0,Arv 39'' H Solid Wood Side Chair,Wayfair,橡木,49.99×54.99×80.01,31.5,4500.0,2702.0,2.54,45.1,5062.0,12.25,https://www.wayfair.com/furniture/pdp/lark-manor-arv-solid-wood-slat-back-side-chair-w006700754.html?piid=694504592,862,0,1,1,0
1,0,Lynda Coco-Chalk Solid Wood Slat Back Side Chair,Wayfair,橡膠木,59.44×50.16×85.72,35.6,4500.0,1038.0,5.0,50.2,5062.0,15.0,https://www.wayfair.com/furniture/pdp/lark-manor-lynda-coco-chalk-solid-wood-slat-back-side-chair-w001316323.html,863,0,1,1,0
1,0,Amby Tufted Linen Dining Chair,Wayfair,橡膠木,56.49×56.01×101.5,82.0,4500.0,3040.0,45.72,45.7,5062.0,8.62,https://www.wayfair.com/furniture/pdp/red-barrel-studio-amby-tufted-linen-dining-chair-w003487620.html?piid=1120527186,864,0,1,1,0
1,0,Donner Padded Seat Cane Back Banquet Dining Chair,Wayfair,橡木,46.99×58.42×91.44,45.0,4500.0,1081.0,4.8,48.2,5062.0,5.9,https://www.wayfair.com/furniture/pdp/joss-main-donner-padded-seat-cane-back-banquet-dining-chair-w004185368.html?piid=1966566544,865,0,1,1,0
0,0,Niha Upholstered Dining Chair with Casters,Wayfair,松木,59.0×69.85×96.01,40.9,4500.0,2581.0,21.7,55.1,5062.0,33.57,https://www.wayfair.com/furniture/pdp/allmodern-niha-upholstered-dining-chair-with-casters-kkah1370.html?piid=90695439,866,0,1,1,0
1,0,Cemaliye Upholstered Side Chair,Wayfair,橡膠木,54.61×65.41×101.6,51.4,4500.0,2581.0,2.6985,48.9,5062.0,9.48,https://www.wayfair.com/furniture/pdp/wade-logan-cemaliye-upholstered-side-chair-w112302041.html?piid=61980418,867,0,1,1,1
1,0,Bastiano 18.5'' H Upholstered Beech Armchair,Wayfair,橡木,42.42×53.34×75.56,28.6,4468.0,2581.0,2.0,47.0,5098.0,4.54,https://www.wayfair.com/furniture/pdp/latitude-run-bastiano-upholstered-dining-chair-w005293747.html?piid=910516488,868,0,0,0,0
0,0,未知產品,Wayfair,橡膠木,45.09×62.87×102.23,59.0,4500.0,1126.0,0.254,8858554.8,5062.0,12.7,https://www.wayfair.com/outdoor/pdp/sol-72-outdoor-keyla-windmill-w000064099.html?piid=115750837,869,0,1,1,0
1,0,未知產品,Wayfair,橡膠木,50.16×52.07×87.63,39.4,4500.0,2581.0,2.5,48.3,5062.0,5.99,https://www.wayfair.com/furniture/pdp/red-barrel-studio-desarie-58-media-console-for-tvs-up-to-65-with-electric-fireplace-adjustable-shelves-and-glass-doors-w100574068.html?piid=2027364521,870,0,1,1,0
1,0,未知產品,Wayfair,橡木,59.0×66.04×83.82,33.0,4500.0,4840.0,5.0,50.8,5062.0,12.93,https://www.wayfair.com/lighting/pdp/willa-arlo-interiors-palen-6225h-arched-floor-lamp-with-mixed-material-shade-w010969017.html,871,0,1,1,0
1,0,未知產品,Wayfair,橡膠木,46.23×50.55×80.01,36.0,4500.0,2857.0,5.0,46.5,3407.0,7.0,https://www.wayfair.com/furniture/pdp/joss-main-montclair-dining-chair-w003190781.html?piid=1554562122,872,0,1,0,0
0,0,未知產品,Wayfair,實木,55.88×66.04×109.22,109.2,4500.0,3410.0,40.67,40.6,5062.0,14.51,https://www.wayfair.com/furniture/pdp/gracie-oaks-clova-fabric-upholstered-side-chair-wood-leg-dining-chair-w110869860.html?piid=1570448579,873,0,1,1,0
1,0,未知產品,Wayfair,橡木,49.53×55.88×96.52,48.3,4500.0,3800.0,2.54,48.3,5062.0,10.88,https://www.wayfair.com/furniture/pdp/lark-manor-parsons-upholstered-dining-chair-solid-wood-side-chair-w113301322.html?piid=1942706865,874,0,1,1,0
0,0,Rymer 19.00'' H Upholstered Side Chair,Wayfair,橡木,79.5×66.04×243.84,45.0,4500.0,5251.0,2.54,19.0,8788.0,9.3,https://www.wayfair.com/furniture/pdp/wrought-studio-rymer-side-chair-vkgl1393.html,875,0,1,0,0
0,0,Blanco Point 20'' H Faux Leather Upholstered Side Chair,Wayfair,實木,34.8×79.76×149.86,50.0,4500.0,5204.0,5.0,40.0,5062.0,63.87,https://www.wayfair.com/furniture/pdp/loon-peak-blanco-point-slat-back-side-chair-in-brown-loon1703.html,876,0,1,1,0
1,0,Hendrix 18.2'' H Linen Upholstered Side Chair,Wayfair,橡木,2.54×0.66×2.54,45.0,4500.0,5502.0,0.1,46.4,5062.0,5.0,https://www.wayfair.com/furniture/pdp/sand-stable-hendrix-solid-wood-cross-back-side-chair-w004710238.html,877,0,0,0,0
1,0,Fayne Solid Wood Ladder Back Counter Chair,Wayfair,橡木,41.91×29.84×158.12,158.1,4500.0,2581.0,29.84,158.1,5062.0,4.75,https://www.wayfair.com/furniture/pdp/alcott-hill-fayne-solid-wood-ladder-back-counter-chair-w006001911.html?piid=440765306,878,0,1,1,0
0,0,Modern 360°Swivel Upholstered Dining Chair,Wayfair,橡膠木,48.01×56.64×86.11,46.4,4500.0,3541.0,5.08,47.0,3920.0,10.89,https://www.wayfair.com/furniture/pdp/northobliq-digi-modern-360swivel-upholstered-dining-chair-w113340301.html?piid=1126974324,879,0,1,0,0
1,0,Lorrenda Modern Curved Back Solid Wood Dining Chair with Boucle Upholstery,Wayfair,橡膠木,44.5×58.4×86.5,41.9,4500.0,2581.0,5.0,50.8,4096.0,5.9,https://www.wayfair.com/furniture/pdp/george-oliver-lorrenda-modern-curved-back-solid-wood-dining-chair-with-boucle-upholstery-w111630040.html?piid=46200608,880,0,1,0,0
0,0,Vasso 18'' H Tufted Linen Upholstered Parsons Chair,Wayfair,橡膠木,46.99×55.5×96.49,51.6,4317.0,3308.0,1.5,49.5,5062.0,13.64,https://www.wayfair.com/furniture/pdp/canora-grey-vasso-wing-back-upholstered-dining-chair-w001200651.html?piid=1182461599,881,0,0,1,0
0,0,Upholstered Modern Kitchen & Dining Room Chairs With Solid Wood Frame/Curved Backrest,Wayfair,橡木,47.5×59.0×86.36,34.0,4500.0,2581.0,2.5,50.6,5062.0,13.61,https://www.wayfair.com/furniture/pdp/corrigan-studio-upholstered-modern-kitchen-dining-room-chairs-with-solid-wood-framecurved-backrest-w010402456.html?piid=1750765009,882,0,1,1,0
1,0,Agesilao 18'' H Solid Wood Side Chair,Wayfair,松木,47.5×59.0×86.36,36.2,4500.0,3252.0,4.5,50.6,5863.0,13.61,https://www.wayfair.com/furniture/pdp/winston-porter-agesilao-solid-wood-dining-chair-w005035159.html?piid=926595650,883,0,1,0,0
1,0,Littoral 17.5'' H Solid Wood Armchair,Wayfair,橡膠木,50.8×56.52×99.06,20.0,4500.0,3507.0,19.0,48.3,5062.0,7.5,https://www.wayfair.com/furniture/pdp/alcott-hill-littoral-solid-wood-arm-chair-w007979287.html?piid=1937645592,884,0,1,1,0
1,0,Pilcher 18'' H Solid Wood Side Chair,Wayfair,橡膠木,49.53×53.34×93.98,43.2,4500.0,6007.0,5.0,50.8,5062.0,16.33,https://www.wayfair.com/furniture/pdp/august-grove-pilcher-solid-wood-dining-chair-agtg6569.html,885,0,1,1,0
1,0,19'' H Linen Blend Upholstered Side Chair,Wayfair,橡膠木,47.5×51.31×90.17,45.3,4500.0,1407.0,2.5,46.2,5062.0,13.15,https://www.wayfair.com/furniture/pdp/safavieh-couture-side-chair-in-light-taupe-savc1110.html,886,0,1,1,0
1,0,Emete    17.72'' H Solid Wood Side Chair,Wayfair,橡膠木,48.26×53.34×106.68,106.7,4500.0,2581.0,1.0,88.9,5062.0,15.88,https://www.wayfair.com/furniture/pdp/red-barrel-studio-emete-solid-wood-slat-back-side-chair-w011270053.html?piid=1492706954,887,0,1,1,0
0,0,Kline Genuine Leather Upholstered Side Chair,Wayfair,松木,48.26×45.72×86.36,40.6,4500.0,2394.0,10.0,48.3,5062.0,136.08,https://www.wayfair.com/furniture/pdp/mercer41-kline-poplar-wood-upholstered-side-chair-in-black-bnzb3064.html,888,0,1,1,0
0,0,18'' H Solid Wood Side Chair,Wayfair,橡膠木,59.05×57.48×73.66,27.9,4500.0,1756.0,15.0,45.7,5062.0,6.8,https://www.wayfair.com/furniture/pdp/winners-only-inc-solid-wood-slat-back-side-chair-in-rustic-brown-pine-wxq10659.html,889,0,1,1,0
0,0,17.7'' H Upholstered Side Chair,Wayfair,橡膠木,53.34×67.95×101.6,52.1,4500.0,2581.0,5.08,45.7,4667.0,11.5,https://www.wayfair.com/furniture/pdp/red-barrel-studio-upholstered-dining-chair-w001100271.html,890,0,1,0,0
0,0,Fianna 17.75'' H Beech Arm Chair,Wayfair,橡木,57.15×57.15×85.09,33.5,4500.0,2581.0,2.54,48.3,5062.0,17.96,https://www.wayfair.com/furniture/pdp/joss-main-fianna-slat-back-arm-chair-w003837391.html?piid=873907354,891,0,1,1,0
1,0,Revere 20'' H Linen Upholstered Side Chair,Wayfair,橡膠木,43.18×55.88×96.52,96.5,4500.0,3726.0,5.0,45.7,6000.0,15.42,https://www.wayfair.com/furniture/pdp/birch-lane-revere-linen-queen-anne-back-parsons-chair-w001102697.html?piid=36417073,892,0,1,0,0
1,0,Barros 17.60'' H Faux Leather Upholstered Side Chair,Wayfair,橡膠木,55.88×58.42×96.52,52.1,4500.0,1195.0,5.0,44.7,5062.0,19.05,https://www.wayfair.com/furniture/pdp/george-oliver-barros-side-chair-w005932273.html,893,0,1,1,0
1,0,Elnora 19.25'' H Upholstered Armchair,Wayfair,橡膠木,53.34×52.07×88.27,40.1,4500.0,3988.0,2.25,48.3,5062.0,15.38,https://www.wayfair.com/furniture/pdp/beachcrest-home-elnora-solid-wood-cross-back-arm-chair-in-paperwhite-w002045574.html,894,0,1,1,0
1,0,Beesley 18'' H Solid Wood Side Chair,Wayfair,橡膠木,38.61×47.50×99.06,54.1,4500.0,2581.0,1.78,762.0,5062.0,7.8,https://www.wayfair.com/furniture/pdp/darby-home-co-beesley-solid-wood-slat-back-side-chair-w003305628.html?piid=1150004228,895,0,1,0,0
0,0,Sisneros Faux Leather Upholstered Side Chair,Wayfair,胡桃木,55.88×66.04×104.14,104.1,4500.0,3694.0,2.54,45.0,5062.0,15.88,https://www.wayfair.com/furniture/pdp/charlton-home-sisneros-slat-back-side-chair-w001985177.html?piid=764578797,896,0,1,1,0
1,0,Zaliya 18'' H Tufted Upholstered Accent,Wayfair,橡膠木,48.26×59.69×101.6,55.9,4500.0,2455.0,10.0,45.7,5062.0,9.98,https://www.wayfair.com/furniture/pdp/mercer41-zaliya-tufted-fabric-side-chair-dining-chair-w110534299.html?piid=1563215968,897,0,1,1,0
1,0,Carlsen Ladder Back Side Chair in Black/Espresso (Set of 2),Wayfair,橡膠木,55.88×48.26×76.2,30.5,4500.0,2038.0,1.0,35.0,5062.0,10.89,https://www.wayfair.com/furniture/pdp/lark-manor-carlsen-ladder-back-side-chair-in-blackespresso-set-of-2-acot6154.html?piid=104830809,898,0,1,0,0
1,0,Fayne 18'' H Solid Wood Side Chair,Wayfair,橡木,53.34×50.8×81.28,36.8,4500.0,2581.0,15.0,45.1,5062.0,6.8,https://www.wayfair.com/furniture/pdp/alcott-hill-fayne-solid-wood-ladder-back-side-chair-w007082548.html?piid=612944258,899,0,1,1,0
1,0,Realm Armchair Performance Velvet by Modway,Wayfair,橡膠木,48.26×55.88×99.06,47.0,4500.0,5515.0,2.54,45.7,5062.0,9.98,https://www.wayfair.com/furniture/pdp/modway-realm-armchair-performance-velvet-by-modway-w009900406.html?piid=1472058795,900,0,1,1,0
1,0,Anassi Cane Back Side Chair,Wayfair,橡膠木,46.51×51.0×78.99,45.5,4500.0,2622.0,2.54,43.5,9922.0,5.0,https://www.wayfair.com/furniture/pdp/birch-lane-anassi-cane-back-side-chair-ncwa1907.html,901,0,1,0,0
1,0,Aadvik 19'' H Upholstered Parsons Chair,Wayfair,橡膠木,58.42×66.04×101.6,55.9,4500.0,3454.0,43.18,48.3,5062.0,15.88,https://www.wayfair.com/furniture/pdp/andover-mills-aadvik-upholstered-parsons-chair-w005485590.html?piid=563583355,902,0,1,1,0
1,0,Manatuto 18'' H Solid Wood Side Chair,Wayfair,橡木,55.88×58.42×96.52,52.1,4500.0,2112.0,2.5,66.0,5062.0,9.25,https://www.wayfair.com/furniture/pdp/langley-street-manatuto-country-solid-wood-ladder-back-side-chair-w000115123.html,903,0,1,1,0
0,0,Sanne Upholstered Parsons Chair,Wayfair,橡膠木,45.72×58.42×99.06,53.3,4500.0,1638.0,4.572,45.7,5062.0,19.05,https://www.wayfair.com/furniture/pdp/wildon-home-sanne-slat-back-parsons-chair-in-oak-w011425713.html,904,0,1,1,0
0,0,Pilning 18'' H Solid Wood Side Chair,Wayfair,橡膠木,43.18×53.34×96.52,96.5,4500.0,2301.0,2.54,45.7,5062.0,8.16,https://www.wayfair.com/furniture/pdp/august-grove-pilning-solid-wood-ladder-back-side-chair-in-cappuccino-agtg6533.html,905,0,1,1,0
1,0,18'' H Tufted Linen Fabric Upholstered Parsons Chair,Wayfair,橡膠木,48.01×60.96×90.93,46.0,4500.0,2581.0,2.54,45.7,5062.0,16.1,https://www.wayfair.com/furniture/pdp/alcott-hill-tufted-linen-upholstered-side-chair-w003573883.html?piid=1769865941%2C1851170314,906,0,1,1,0
1,0,Arri Cross Back Chair in Brown and Dark Walnut (Set of 2),Wayfair,橡膠木,58.42×50.8×101.6,51.8,4500.0,3439.0,5.0,49.8,5062.0,14.97,https://www.wayfair.com/furniture/pdp/lark-manor-arri-cross-back-chair-in-brown-and-dark-walnut-set-of-2-daby5278.html,907,0,1,1,0
1,0,Rosner 19'' H Upholstered Parsons Chair,Wayfair,橡膠木,48.26×50.8×88.9,70.9,1724.0,2581.0,2.5,762.0,5062.0,136.08,https://www.wayfair.com/furniture/pdp/mercury-row-rosner-upholstered-parsons-chair-w008316774.html?piid=600776373,908,0,0,1,0
0,0,Arri Upholstered Side Chair in Brown and Dark Walnut (Set of 2),Wayfair,橡膠木,,100.3,4500.0,2581.0,2.54,100.3,7315.0,113.4,https://www.wayfair.com/furniture/pdp/lark-manor-arri-upholstered-side-chair-in-brown-and-dark-walnut-set-of-2-daby5271.html,909,0,1,0,1
1,0,Almendra 18'' H Solid Wood Side Chair,Wayfair,松木,48.26×55.88×91.44,40.6,4500.0,2581.0,5.715,46.0,2526.0,14.98,https://www.wayfair.com/furniture/pdp/lark-manor-almendra-solid-wood-dining-chair-trpt2277.html?piid=23510094,910,0,1,0,0
1,0,Constantine Tufted Upholstered Back Arm Chair in Cherry,Wayfair,橡膠木,60.96×48.26×97.79,38.5,4500.0,1457.0,2.54,48.3,5062.0,3.85,https://www.wayfair.com/furniture/pdp/royal-classics-constantine-tufted-upholstered-back-arm-chair-in-cherry-nwcs4593.html,911,0,1,0,0
1,0,Patino 21.25'' H Linen Upholstered Side Chair,Wayfair,橡膠木,50.8×55.63×99.06,53.3,4500.0,3394.0,4.45,45.7,5062.0,23.59,https://www.wayfair.com/furniture/pdp/patino-linen-upholstere-king-louis-back-side-chair-w008011283.html?piid=717774988,912,0,1,1,0
1,0,Vanderpool Solid Wood Cross Back Side Chair,Wayfair,橡膠木,51.44×60.96×101.6,101.6,4500.0,3130.0,4.0,40.0,5062.0,9.48,https://www.wayfair.com/furniture/pdp/vanderpool-solid-wood-cross-back-side-chair-w002136789.html?piid=1694415648,913,0,1,1,0
1,0,Walborn 19'' H Upholstered Side Chair,Wayfair,橡膠木,45.72×55.88×96.52,50.8,4500.0,2312.0,2.5,45.7,5062.0,16.78,https://www.wayfair.com/furniture/pdp/willa-arlo-interiors-walborn-side-chair-w010582075.html?piid=1629755798,914,0,1,1,0
1,0,Aziz 17.5'' H Solid Wood Side Chair,Wayfair,橡膠木,45.72×58.42×91.44,45.7,4500.0,2581.0,5.0,45.7,5062.0,14.06,https://www.wayfair.com/furniture/pdp/red-barrel-studio-aziz-solid-wood-slat-back-side-chair-in-espresso-rdbl3063.html,915,0,1,1,0
0,0,Brashears 19.3'' H Upholstered Side Chair,Wayfair,橡木,66.04×60.96×106.68,58.4,4500.0,3495.0,48.26,48.3,5062.0,18.14,https://www.wayfair.com/furniture/pdp/beachcrest-home-brashears-upholstered-side-chair-w100822032.html?piid=1846671369,916,0,1,1,0
0,0,Aleksandur 18.11'' H Solid Wood Side Chair,Wayfair,橡膠木,66.04×55.88×106.68,58.4,4500.0,3181.0,48.26,48.3,5062.0,15.42,https://www.wayfair.com/furniture/pdp/gracie-oaks-aleksandur-slat-back-side-chair-dining-chair-w110263906.html?piid=1390261536,917,0,1,1,0
0,0,Ariena Solid Wood W/ Upholstered Seat Side Chair,Wayfair,橡膠木,45.09×56.52×90.81,45.8,4500.0,1323.0,2.54,45.7,5874.0,18.14,https://www.wayfair.com/furniture/pdp/lark-manor-ariena-solid-wood-w-upholstered-seat-side-chair-w000073983.html,918,0,1,0,0
0,0,Lechlade Upholstered Wood Apron Set of 2 Dining Chair,Wayfair,松木,64.14×71.75×113.03,84.6,4500.0,3520.0,6.75,47.6,5062.0,21.95,https://www.wayfair.com/furniture/pdp/red-barrel-studio-lechlade-upholstered-wood-apron-set-of-2-dining-chair-w110433168.html?piid=428481600,919,0,1,1,0
1,0,Pico 17.75'' H Solid Wood Side Chair,Wayfair,橡膠木,48.9×55.88×95.89,45.0,607.0,1268.0,8.89,54.0,5062.0,11.5,https://www.wayfair.com/furniture/pdp/alcott-hill-pico-solid-wood-slat-back-side-chair-w001674620.html?piid=1332600997,920,0,0,0,0
1,0,未知產品,Wayfair,胡桃木,51.0×55.88×88.9,40.6,4500.0,1301.0,2.54,48.3,5062.0,4.5,https://www.wayfair.com/furniture/pdp/gracie-oaks-upholstered-wooden-dining-chairs-w112147580.html?piid=1756808240,921,0,1,1,0
1,0,未知產品,Wayfair,實木,48.26×53.34×87.63,34.5,2870.0,3434.0,2.5,48.3,5062.0,113.4,https://www.wayfair.com/furniture/pdp/joss-main-montclair-dining-chair-w003190781.html?piid=1554562122,922,0,0,1,0
1,0,未知產品,Wayfair,橡膠木,55.12×24.89×73.91,29.1,4500.0,2123.0,25.0,45.0,5062.0,45.01,https://www.wayfair.com/furniture/pdp/red-barrel-studio-desarie-58-media-console-for-tvs-up-to-65-with-electric-fireplace-adjustable-shelves-and-glass-doors-w100574068.html?piid=2027364521,923,0,1,1,0
0,0,未知產品,Wayfair,橡木,44.2×50.04×84.58,39.6,4500.0,2581.0,2.5,18.1,5062.0,12.25,https://www.wayfair.com/outdoor/pdp/sol-72-outdoor-keyla-windmill-w000064099.html?piid=115750837,924,0,1,1,0
0,0,未知產品,Wayfair,實木,64.14×54.61×111.12,111.1,4500.0,1380.0,10.0,45.7,5062.0,13.15,https://www.wayfair.com/bed-bath/pdp/home-14-medium-gel-memory-foam-mattress-hmek2674.html?piid=100754609,925,0,1,1,0
0,0,未知產品,Wayfair,橡膠木,57.91×50.29×99.57,49.8,4500.0,2581.0,5.0,49.5,5062.0,15.42,https://www.wayfair.com/furniture/pdp/one-allium-way-rattan-back-upholstered-seat-dining-chair-king-louis-back-side-chair-mid-century-solid-wood-dining-chair-for-dining-roomkitchen-w112661675.html,926,0,1,1,0
1,0,未知產品,Wayfair,橡膠木,43.18×53.34×91.44,46.4,4500.0,2581.0,2.5,45.1,7762.0,5.9,https://www.wayfair.com/furniture/pdp/joss-main-oreille-upholstered-dining-chair-w004812266.html?piid=1418599679,927,0,1,0,0
1,0,未知產品,Wayfair,橡膠木,44.45×58.42×87.63,41.9,3780.0,2581.0,5.0,50.8,6174.0,5.9,https://www.wayfair.com/furniture/pdp/lark-manor-kandy-upholstered-dining-chair-set-of-2-w001219411.html?piid=996997093,928,0,0,0,0
1,0,未知產品,Wayfair,橡膠木,48.01×56.64×86.11,45.0,4500.0,1740.0,47.07,47.1,5062.0,10.89,https://www.wayfair.com/furniture/pdp/kelly-clarkson-home-sherrill-upholstered-solid-wood-side-chair-w005392008.html?piid=432656266,929,0,1,1,0
1,0,Baronet Vinyl Dining Chair by Modway,Wayfair,橡木,2×52×2.5,45.0,4500.0,5395.0,2.5,2.5,5062.0,2.5,https://www.wayfair.com/furniture/pdp/modway-baronet-vinyl-dining-chair-by-modway-fow4259.html?piid=22557450,930,0,0,0,0
1,0,Modway Bodie Wood Dining Chair,Wayfair,實木,34.8×79.76×149.86,79.8,4500.0,5216.0,2.54,40.0,5062.0,63.87,https://www.wayfair.com/furniture/pdp/modway-bodie-wood-dining-chair-w009453882.html?piid=1039359195,931,0,1,1,0
0,0,Callum Commercial Grade Solid Wood Windsor Style Dining Room Chairs,Wayfair,橡木,79.5×66.04×243.84,45.0,4500.0,5248.0,2.54,218.4,5062.0,9.3,https://www.wayfair.com/furniture/pdp/flash-furniture-callum-commercial-grade-solid-wood-windsor-style-dining-room-chairs-erce8783.html?piid=71005287,932,0,1,1,0
1,0,Balka 16.5'' H Side Chair,Wayfair,橡木,49.53×55.88×96.52,48.3,4500.0,3801.0,43.18,16.5,4996.0,10.88,https://www.wayfair.com/furniture/pdp/south-shore-balka-side-chair-dining-chair-th11304.html?piid=98422627,933,0,1,0,0
0,0,Acadian Andover Upholstered Parson Dining Chair with Tufted Backrest and Solid Wood Frame,Wayfair,實木,55.88×66.04×109.22,109.2,4500.0,1508.0,10.0,40.6,5062.0,14.51,https://www.wayfair.com/furniture/pdp/simpli-home-acadian-andover-upholstered-parson-dining-chair-with-tufted-backrest-and-solid-wood-frame-w002374506.html?piid=1131911923,934,0,1,1,0
0,0,Modway Porch & Den Thornton Vintage Velvet Dining Armchair,Wayfair,橡膠木,49.53×60.96×100.33,50.8,4500.0,2581.0,5.08,49.5,7478.0,6.8,https://www.wayfair.com/furniture/pdp/modway-porch-den-thornton-vintage-velvet-dining-armchair-w000539819.html?piid=148423488,935,0,1,0,1
0,0,18'' H Solid Wood Stacking Side Chair,Wayfair,橡膠木,50.8×57.15×100.33,48.3,4500.0,2458.0,4.7625,50.8,5062.0,7.08,https://www.wayfair.com/furniture/pdp/august-grove-highbridge-solid-wood-cross-back-stacking-side-chair-in-brown-w100253584.html,936,0,1,1,0
1,0,Modway Sutter Wood Dining Side Chair,Wayfair,胡桃木,53.34×53.34×97.79,49.8,4500.0,3906.0,5.08,50.8,5028.0,11.79,https://www.wayfair.com/furniture/pdp/modway-sutter-wood-dining-side-chair-w009453543.html?piid=780964478,937,0,1,0,0
0,0,Modway Baron Vinyl Dining Chair,Wayfair,胡桃木,50.8×60.96×87.63,34.3,4500.0,3842.0,5.08,53.3,5062.0,6.35,https://www.wayfair.com/furniture/pdp/modway-baron-vinyl-dining-chair-w001207983.html?piid=1481044072,938,0,1,1,0
1,0,19'' H Upholstered Side Chair,Wayfair,橡膠木,42.55×45.09×88.27,44.4,4500.0,2581.0,2.5,43.2,2313.0,10.89,https://www.wayfair.com/furniture/pdp/costway-upholstered-back-side-chair-dining-chair-cswz1580.html?piid=96693379,939,0,1,0,0
1,0,18'' H Upholstered Side Chair,Wayfair,橡膠木,46.05×55.88×99.39,53.7,4605.0,2053.0,5.0,45.7,5062.0,6.99,https://www.wayfair.com/furniture/pdp/east-west-furniture-picasso-side-chair-with-cushioned-seat-woim1396.html?piid=11019939,940,0,0,1,0
0,0,Modway Habitat Wood Dining Side Chair,Wayfair,橡木,46.99×57.15×88.9,47.6,4500.0,1211.0,2.54,41.9,4477.0,7.5,https://www.wayfair.com/furniture/pdp/modway-habitat-wood-dining-side-chair-w009453505.html?piid=1975535865,941,0,1,0,0
1,0,Color 20.3'' H Faux Leather Upholstered Parsons Chair,Wayfair,松木,48.01×56.9×101.09,101.1,4500.0,2938.0,7.1,61.0,5062.0,5.72,https://www.wayfair.com/furniture/pdp/lonshire-spark-faux-leather-dining-chairs-with-nailhead-trim-set-of-4-lcsh1051.html?piid=97867335,942,0,1,1,0
1,0,Landon 18.5'' H Upholstered Side Chair,Wayfair,橡膠木,72.39×64.77×100.33,47.0,4500.0,1247.0,52.07,50.8,5062.0,14.51,https://www.wayfair.com/furniture/pdp/crosley-landon-upholstered-side-chair-w003165269.html?piid=1175398646,943,0,1,1,0
1,0,19'' H Polyurethane Upholstered Folding Stacking Accent,Wayfair,橡木,44.45×54.61×88.9,45.7,4500.0,1245.0,5.0,45.7,6171.0,5.44,https://www.wayfair.com/furniture/pdp/stakmore-company-inc-chippendale-folding-chair-skm1076.html,944,0,1,0,0
1,0,Modway Magnate Vinyl Dining Chair,Wayfair,橡膠木,45.47×52.07×93.3,47.3,4500.0,2581.0,2.5,45.2,5062.0,13.97,https://www.wayfair.com/furniture/pdp/modway-magnate-vinyl-dining-chair-rdba1877.html?piid=24857670,945,0,1,1,0
1,0,Arri Upholstered Side Chair in Brown and Dark Walnut (Set of 2),Wayfair,胡桃木,54.61×53.34×82.55,32.5,4500.0,3086.0,2.0,47.0,5062.0,6.35,https://www.wayfair.com/furniture/pdp/lark-manor-arri-upholstered-side-chair-in-brown-and-dark-walnut-set-of-2-daby5271.html,946,0,1,0,0
1,0,Almendra 18'' H Solid Wood Side Chair,Wayfair,橡膠木,59.69×49.53×101.6,50.8,4500.0,3803.0,2.54,51.4,4445.0,9.07,https://www.wayfair.com/furniture/pdp/lark-manor-almendra-solid-wood-dining-chair-trpt2277.html?piid=23510094,947,0,1,0,0
0,0,Constantine Tufted Upholstered Back Arm Chair in Cherry,Wayfair,橡膠木,50.8×46.99×82.55,82.6,4500.0,2581.0,5.08,48.3,5062.0,9.98,https://www.wayfair.com/furniture/pdp/royal-classics-constantine-tufted-upholstered-back-arm-chair-in-cherry-nwcs4593.html,948,0,1,1,0
1,0,Patino 21.25'' H Linen Upholstered Side Chair,Wayfair,橡膠木,45.72×46.36×96.52,48.3,4500.0,2581.0,12.07,45.7,9483.0,8.16,https://www.wayfair.com/furniture/pdp/patino-linen-upholstere-king-louis-back-side-chair-w008011283.html?piid=717774988,949,0,1,0,0
1,0,Vanderpool Solid Wood Cross Back Side Chair,Wayfair,橡木,41.91×59.69×78.74,36.8,5453.0,1320.0,5.0,45.7,5062.0,5.44,https://www.wayfair.com/furniture/pdp/vanderpool-solid-wood-cross-back-side-chair-w002136789.html?piid=1694415648,950,0,0,1,0
1,0,Walborn 19'' H Upholstered Side Chair,Wayfair,橡膠木,48.26×63.5×99.06,55.1,5964.0,2581.0,0.5,51.6,5062.0,14.2,https://www.wayfair.com/furniture/pdp/willa-arlo-interiors-walborn-side-chair-w010582075.html?piid=1629755798,951,0,0,0,0
1,0,Aziz 17.5'' H Solid Wood Side Chair,Wayfair,橡膠木,50.16×50.16×84.45,40.0,4500.0,4051.0,78.23,47.0,5062.0,10.58,https://www.wayfair.com/furniture/pdp/red-barrel-studio-aziz-solid-wood-slat-back-side-chair-in-espresso-rdbl3063.html,952,0,1,1,0
0,0,Brashears 19.3'' H Upholstered Side Chair,Wayfair,橡膠木,43.18×20.96×90.17,42.5,4500.0,2581.0,5.0,33.0,5062.0,5.9,https://www.wayfair.com/furniture/pdp/beachcrest-home-brashears-upholstered-side-chair-w100822032.html?piid=1846671369,953,0,1,0,0
0,0,"21.7"" Contemporary Black Windsor Style Spindle Back Dining Chair",Wayfair,橡膠木,55.88×63.5×91.44,40.6,4500.0,2581.0,2.5,52.1,7951.0,9.07,https://www.wayfair.com/furniture/pdp/gracie-oaks-217-contemporary-black-windsor-style-spindle-back-dining-chair-duhm4077.html,954,0,1,0,0
0,0,Aleksandur 18.11'' H Solid Wood Side Chair,Wayfair,橡膠木,66.04×55.88×106.68,58.4,4500.0,1206.0,5.0,48.3,5062.0,15.42,https://www.wayfair.com/furniture/pdp/gracie-oaks-aleksandur-slat-back-side-chair-dining-chair-w110263906.html?piid=1390261536,955,0,1,1,0
1,0,Ariena Solid Wood W/ Upholstered Seat Side Chair,Wayfair,橡膠木,45.09×56.52×90.81,45.1,4500.0,1271.0,2.98,45.1,5062.0,18.14,https://www.wayfair.com/furniture/pdp/lark-manor-ariena-solid-wood-w-upholstered-seat-side-chair-w000073983.html,956,0,1,1,0
1,0,Lechlade Upholstered Wood Apron Set of 2 Dining Chair,Wayfair,松木,64.14×71.75×113.03,113.0,4500.0,3555.0,7.5,47.6,5062.0,21.95,https://www.wayfair.com/furniture/pdp/red-barrel-studio-lechlade-upholstered-wood-apron-set-of-2-dining-chair-w110433168.html?piid=428481600,957,0,1,1,0
1,0,Pico 17.75'' H Solid Wood Side Chair,Wayfair,橡膠木,48.9×55.88×95.89,45.0,3804.0,1386.0,2.54,54.0,5004.0,11.5,https://www.wayfair.com/furniture/pdp/alcott-hill-pico-solid-wood-slat-back-side-chair-w001674620.html?piid=1332600997,958,0,0,0,0
1,0,Kuo 19.3'' H Faux Leather Upholstered Armchair,Wayfair,胡桃木,51.0×55.88×88.9,40.6,4500.0,2896.0,2.54,48.3,5503.0,4.5,https://www.wayfair.com/furniture/pdp/george-oliver-kuo-solid-wood-arm-chair-w001859825.html?piid=1822831363,959,0,1,0,0
1,0,Aalayjah 19'' H Fabric Upholstered Side Chair,Wayfair,實木,48.26×53.34×87.63,34.5,4500.0,3305.0,44.45,48.3,5062.0,113.4,https://www.wayfair.com/furniture/pdp/wildon-home-aalayjah-upholstered-dining-chair-daby8628.html,960,0,1,1,0
1,0,Poulson 18'' H Solid Wood Side Chair,Wayfair,橡膠木,45.97×55.88×102.11,57.5,4500.0,3146.0,1.0,44.4,8811.0,9.98,https://www.wayfair.com/furniture/pdp/ophelia-co-poulson-solid-wood-ladder-back-side-chair-in-whitebrown-w006651270.html,961,0,1,0,0
1,0,Janina Upholstered Arm Chair,Wayfair,橡膠木,46.48×54.61×82.04,46.5,4500.0,2581.0,5.0,48.5,4145.0,4.81,https://www.wayfair.com/furniture/pdp/birch-lane-janina-upholstered-arm-chair-goms1045.html?piid=93494380,962,0,1,0,0
1,0,15.7'' H Velvet Upholstered Side Chair,Wayfair,橡膠木,55.12×24.89×73.91,29.3,4500.0,2139.0,25.4,45.0,6615.0,45.01,https://www.wayfair.com/furniture/pdp/east-urban-home-velvet-upholstered-side-chair-w100465929.html?piid=1989831987%2C1989831948,963,0,1,0,0
0,0,Solid Wood Windsor Back Side Chair,Wayfair,實木,64.14×54.61×111.12,111.1,4500.0,6424.0,5.0,45.7,5062.0,13.15,https://www.wayfair.com/furniture/pdp/gracie-oaks-solid-wood-windsor-back-side-chair-w111369523.html?piid=759773542,964,0,1,1,0
0,0,Ocossio 18.90'' H Upholstered Parsons Chair,Wayfair,橡膠木,57.91×50.29×99.57,39.7,4500.0,3557.0,5.0,49.5,5062.0,15.42,https://www.wayfair.com/furniture/pdp/winston-porter-ocossio-cross-back-dining-chair-w110278644.html?piid=983015800,965,0,1,1,0
1,0,Ensminger 18.5'' H Faux Leather Upholstered Armchair,Wayfair,橡膠木,43.18×53.34×91.44,46.4,4500.0,2581.0,4.7625,45.1,5062.0,5.9,https://www.wayfair.com/furniture/pdp/wrought-studio-ensminger-upholstered-dining-chair-w000523104.html,966,0,1,1,0
1,0,Gansevoort 19.5'' H Faux Leather Upholstered Beech Parsons Chair,Wayfair,橡膠木,64.77×55.12×76.2,32.0,4500.0,3503.0,2.5,49.0,5062.0,8.48,https://www.wayfair.com/furniture/pdp/hokku-designs-gansevoort-parsons-chair-w011387214.html?piid=726993491%2C675875421,967,0,1,1,0
0,0,High-end Tufted Velvet Upholstered Nailhead Dining Chair (Set of 4),Wayfair,橡木,50.16×63.5×95.25,47.0,4500.0,2581.0,3.81,48.3,4896.0,14.97,https://www.wayfair.com/furniture/pdp/rosdorf-park-high-end-tufted-velvet-upholstered-nailhead-dining-chair-set-of-4-w111921066.html?piid=1247656651%2C1247656640,968,0,1,0,0
1,0,Coastline 19.75'' H Upholstered Side Chair,Wayfair,松木,48.26×60.96×101.6,101.6,4500.0,2581.0,2.5,45.7,5062.0,9.07,https://www.wayfair.com/furniture/pdp/sand-stable-coastline-solid-wood-cross-back-side-chair-in-gray-w002824757.html,969,0,1,1,0
1,0,Lancaster 20.5'' H Upholstered Parsons Chair,Wayfair,橡木,59.0×66.04×83.82,33.4,4500.0,3247.0,5.08,50.8,8047.0,15.97,https://www.wayfair.com/furniture/pdp/three-posts-lancaster-beige-upholstered-parsons-chair-w001360488.html,970,0,1,0,0
1,0,Alrich 21.75'' H Faux Leather Upholstered Side Chair,Wayfair,橡膠木,50.04×49.02×89.92,45.3,4500.0,3255.0,2.5,47.0,2828.0,13.98,https://www.wayfair.com/furniture/pdp/latitude-run-alrich-side-chair-w110103025.html?piid=257596837,971,0,1,0,0
1,0,Hollin Dining Chair,Wayfair,橡膠木,53.34×45.72×88.9,43.2,1406.0,2064.0,3.18,45.7,6159.0,10.89,https://www.wayfair.com/furniture/pdp/allmodern-hollin-dining-chair-w009994692.html,972,0,0,0,0
1,0,Eon' Wood Dining Chair,Wayfair,橡木,52.07×53.34×91.44,49.5,1486.0,4399.0,1.0,45.2,5288.0,9.98,https://www.wayfair.com/furniture/pdp/joss-main-eon-wood-dining-chair-w003903553.html?piid=1904227949,973,0,0,0,0
0,0,Lockmoor Solid Wood Side Chair,Wayfair,橡膠木,49.0×50.01×95.0,76.2,4500.0,1338.0,5.0,48.0,9401.0,13.97,https://www.wayfair.com/furniture/pdp/red-barrel-studio-lockmoor-solid-wood-ladder-back-side-chair-rdbl2350.html?piid=20549068,974,0,1,0,0
1,0,未知產品,Wayfair,橡膠木,53.34×55.88×76.2,30.5,4500.0,1164.0,2.54,47.0,5262.0,7.71,https://www.wayfair.com/furniture/pdp/joss-main-oreille-upholstered-dining-chair-w004812266.html?piid=1418599679,975,0,1,0,0
0,0,未知產品,Wayfair,橡膠木,48.26×56.52×81.92,32.2,4500.0,2460.0,2.5,49.5,5438.0,10.5,https://www.wayfair.com/furniture/pdp/one-allium-way-rattan-back-upholstered-seat-dining-chair-king-louis-back-side-chair-mid-century-solid-wood-dining-chair-for-dining-roomkitchen-w112661675.html,976,0,1,0,0
1,0,未知產品,Wayfair,松木,59.0×63.5×92.71,45.0,4500.0,3588.0,5.08,54.0,5062.0,5.9,https://www.wayfair.com/furniture/pdp/birch-lane-brinley-side-chair-kkah1322.html?piid=89471361,977,0,1,1,0
1,0,未知產品,Wayfair,橡木,59.0×76.81×99.06,48.3,4500.0,3085.0,10.0,50.8,5062.0,11.97,https://www.wayfair.com/furniture/pdp/birch-lane-arnell-annie-upholstered-dining-chair-goms1691.html?piid=105301848%2C104838653,978,0,1,1,0
0,0,Garley Upholstered Dining Chair,Wayfair,橡膠木,63.98×51.99×79.98,80.0,4500.0,3430.0,2.0,45.0,5062.0,8.18,https://www.wayfair.com/furniture/pdp/george-oliver-garley-upholstered-dining-chair-golv1517.html?piid=22324845,979,0,1,1,0
0,0,London Place 19.5'' H Tufted Velvet Upholstered Armchair,Wayfair,松木,63.98×51.99×79.98,84.9,4500.0,3399.0,0.06,45.7,5062.0,8.18,https://www.wayfair.com/furniture/pdp/michael-amini-london-place-tufted-velvet-arm-chair-dining-chair-ico11584.html,980,0,1,1,0
1,0,"Humphries 22"" Wide Solid Wood Padded Seat Folding Dining Chair Set",Wayfair,橡膠木,60.96×76.2×104.14,53.3,4500.0,3754.0,5.0,49.5,5062.0,11.34,https://www.wayfair.com/furniture/pdp/humphries-22-wide-solid-wood-padded-seat-folding-dining-chair-set-duhm4508.html?piid=107393381,981,0,1,1,0
1,0,Littoral 18'' H Oak Solid Wood Armchair,Wayfair,橡膠木,55.88×50.8×86.36,86.4,2391.0,1232.0,3.0,39.4,4233.0,16.49,https://www.wayfair.com/furniture/pdp/alcott-hill-littoral-windsor-back-arm-chair-w002000288.html?piid=1056216513,982,0,0,0,0
1,0,Barsby 22'' H Faux Leather Upholstered Parsons Chair,Wayfair,橡膠木,59.69×63.5×104.14,58.4,4500.0,4168.0,18.0,45.7,5062.0,102.06,https://www.wayfair.com/furniture/pdp/wade-logan-barsby-upholstered-dining-chair-orls2420.html?piid=29832822,983,0,1,1,0
0,0,Braselton 17.9'' H Upholstered Side Chair,Wayfair,橡木,45.09×50.8×104.78,82.6,4500.0,2989.0,5.08,55.9,5062.0,17.4,https://www.wayfair.com/furniture/pdp/alcott-hill-braselton-solid-wood-queen-anne-back-side-chair-w004259581.html?piid=1776327862,984,0,1,1,0
1,0,Fahrettin 18'' H Upholstered Pine Side Chair,Wayfair,橡膠木,47.5×55.88×98.04,52.4,4500.0,2931.0,1.27,45.5,5062.0,10.89,https://www.wayfair.com/furniture/pdp/millwood-pines-fahrettin-cross-back-side-chair-w000629391.html?piid=1163206827,985,0,1,1,0
0,0,Kraven 18'' H Upholstered Side Chair,Wayfair,橡膠木,50.8×63.5×101.6,82.6,4500.0,2304.0,5.0,45.7,5062.0,9.07,https://www.wayfair.com/furniture/pdp/alcott-hill-kraven-wood-cross-back-upholstered-side-chair-set-of-2-w002925018.html,986,0,1,1,0
1,0,"Balboa Park Slat Back Dining Chair with Cushion Seat, Roasted Oak",Wayfair,橡膠木,48.26×57.15×101.6,81.6,4500.0,4276.0,12.7,48.3,5062.0,7.5,https://www.wayfair.com/furniture/pdp/darby-home-co-balboa-park-slat-back-dining-chair-with-cushion-seat-roasted-oak-w001659168.html,987,0,1,1,0
1,0,Feasterville 18'' H Solid Wood Side Chair,Wayfair,橡木,50.8×49.53×100.97,101.0,4500.0,3891.0,0.254,635.0,5062.0,9.07,https://www.wayfair.com/furniture/pdp/canora-grey-feasterville-solid-wood-dining-chair-w005795207.html,988,0,1,1,0
0,0,Chenita Fabric Dining Chair,Wayfair,橡膠木,45.72×53.34×99.06,99.1,4500.0,2438.0,2.5,45.7,5062.0,15.42,https://www.wayfair.com/furniture/pdp/lark-manor-chenita-fabric-dining-chair-w010342112.html?piid=1889693291,989,0,1,1,0
0,0,Cortavious 16.92'' H Pine Solid Wood Side Chair,Wayfair,橡膠木,48.26×57.15×85.09,53.3,4500.0,2758.0,2.54,42.9,5062.0,158.76,https://www.wayfair.com/furniture/pdp/gracie-oaks-cortavious-solid-wood-ladder-back-side-chair-w006570066.html?piid=376188722,990,0,1,1,0
1,0,Karlee 21.5'' H Linen Upholstered Side Chair,Wayfair,橡木,40.59×48.18×90.5,47.6,4500.0,2581.0,2.03,43.0,8195.0,14.48,https://www.wayfair.com/furniture/pdp/clickdecor-karlee-linen-solid-wood-side-chair-ndkd1238.html?piid=86409240,991,0,1,0,0
1,0,Alexes Tufted Velvet Wing Back Dining Chair,Wayfair,橡膠木,49.02×57.15×97.79,43.2,4500.0,3393.0,44.45,54.6,4478.0,7.71,https://www.wayfair.com/furniture/pdp/lark-manor-alexes-tufted-velvet-wing-back-dining-chair-lrkm5819.html?piid=88070903,992,0,1,0,0
0,0,Gravois Upholstered Dining Chair,Wayfair,橡膠木,49.53×59.05×100.97,59.7,4500.0,2581.0,2.54,50.8,9906.0,8.25,https://www.wayfair.com/furniture/pdp/george-oliver-gravois-upholstered-dining-chair-w001411714.html,993,0,1,0,0
1,0,"Gansevoort Wood Dining Chairs, Solid Oak Wood Chairs w/ Backrest & Seat, Rounded Edges, Anti-Slip Pads",Wayfair,橡膠木,50.8×58.42×76.2,33.0,4500.0,4033.0,10.0,43.2,5062.0,14.06,https://www.wayfair.com/furniture/pdp/corrigan-studio-gansevoort-wood-dining-chairs-solid-oak-wood-chairs-w-backrest-seat-rounded-edges-anti-slip-pads-w100548671.html?piid=1723892158,994,0,1,1,0
0,0,"21.3""W Upholstered Swivel Dining Chair, Boucle Fabric Barrel Kitchen Chair, Wingback Side Chair, Vanity Chair",Wayfair,橡木,50.8×53.34×78.74,43.2,4500.0,2581.0,5.0,43.2,6000.0,6.8,https://www.wayfair.com/furniture/pdp/latitude-run-213w-upholstered-swivel-dining-chair-boucle-fabric-barrel-kitchen-chair-wingback-side-chair-vanity-chair-w113149967.html?piid=513384088,995,0,1,0,0
0,0,Pulukan Linen Slat Back Side Chair,Wayfair,橡膠木,60.96×68.07×89.15,45.0,4500.0,4484.0,8.0,49.0,5062.0,14.51,https://www.wayfair.com/furniture/pdp/kingstown-home-pulukan-linen-slat-back-side-chair-kmds8194.html?piid=84497185,996,0,1,1,0
1,0,Slattery Solid Wood Side Chair,Wayfair,橡膠木,45.5×52.1×93.2,47.3,4244.0,2581.0,2.0,45.2,5986.0,13.97,https://www.wayfair.com/furniture/pdp/charlton-home-slattery-solid-wood-slat-back-side-chair-w003239864.html?piid=1573394684,997,0,0,0,0
1,0,Fairbanks 18'' H Beech Solid Wood Side Chair,Wayfair,橡膠木,45.72×50.8×97.79,97.8,4500.0,2326.0,2.54,45.7,5062.0,12.0,https://www.wayfair.com/furniture/pdp/joss-main-fairbanks-windsor-back-side-chair-w004278436.html?piid=572341809,998,0,1,1,0
1,0,Shelva 18.11'' H Upholstered Side Chair,Wayfair,橡木,54.61×53.34×77.47,45.7,4500.0,2990.0,2.5,45.7,6174.0,4.6,https://www.wayfair.com/furniture/pdp/winston-porter-shelva-solid-wood-dining-chair-wnpo3130.html,999,0,1,0,0
0,0,18'' H Faux Leather Upholstered Parsons Chair,Wayfair,橡木,43.21×44.45×92.51,92.7,4500.0,2622.0,2.94,46.0,4789.0,9.6,https://www.wayfair.com/furniture/pdp/red-barrel-studio-parsons-chair-w003317603.html?piid=1511638216,1000,0,1,0,0
0,0,Cesca Dining Side Chair,Wayfair,橡木,43.18×53.34×87.63,87.6,4500.0,2581.0,5.08,45.7,9906.0,6.35,https://www.wayfair.com/furniture/pdp/breuer-chair-company-cesca-dining-side-chair-w100248001.html?piid=206067546,1001,0,1,0,1
1,0,Brotanella 25'' H Upholstered Dining Chair,Wayfair,橡木,46.99×53.34×83.82,45.0,4072.0,2794.0,6.5,45.0,8010.0,5.44,https://www.wayfair.com/furniture/pdp/red-barrel-studio-brotanella-upholstered-dining-chair-w004322931.html?piid=1620521701,1002,0,0,0,0
1,0,Akenya 19'' H Upholstered Side Chair,Wayfair,橡木,45.97×51.56×107.95,42.5,4500.0,1646.0,63.5,63.2,5062.0,15.6,https://www.wayfair.com/furniture/pdp/rosalind-wheeler-akenya-dining-chair-upholstered-2ctn-sold-in-pairs-pkr10316.html,1003,0,1,1,0
1,0,Shania Solid Wood Slat Back Dining Chair,Wayfair,橡木,45.97×51.56×107.95,108.0,4500.0,2991.0,3.0,63.5,5062.0,15.6,https://www.wayfair.com/furniture/pdp/joss-main-shania-solid-wood-slat-back-dining-chair-w004059552.html?piid=1699109830,1004,0,1,1,0
0,0,"Clowie Ladder Back Side Chair with Wood, Gray and White",Wayfair,橡膠木,52.07×60.96×100.33,52.1,4500.0,4011.0,4.572,48.3,7425.0,16.96,https://www.wayfair.com/furniture/pdp/red-barrel-studio-clowie-ladder-back-side-chair-with-wood-gray-and-white-w010049117.html,1005,0,1,0,0
1,0,Rossford 19.75'' H Velvet Upholstered Side Chair,Wayfair,橡木,51.44×55.88×88.9,44.4,4500.0,1660.0,4.5,47.0,5062.0,6.51,https://www.wayfair.com/furniture/pdp/rosdorf-park-rossford-velvet-upholstered-side-chair-rosp5204.html?piid=24075444,1006,0,1,1,0
1,0,Krepps Farmhouse Real Solid Wood Cushion Padded Open Wooden Dining Chair,Wayfair,橡木,48.26×55.88×101.6,101.6,4500.0,2696.0,2.54,40.0,5062.0,10.89,https://www.wayfair.com/furniture/pdp/george-oliver-krepps-farmhouse-real-solid-wood-cushion-padded-open-wooden-dining-chair-w110563793.html?piid=688050213,1007,0,1,1,0
1,0,Lompoc Upholstered Side Chair in Antique Silver (Set of 2),Wayfair,橡膠木,49.53×63.5×101.6,52.1,4500.0,1954.0,4.45,50.2,5062.0,6.67,https://www.wayfair.com/furniture/pdp/lark-manor-lompoc-upholstered-side-chair-in-antique-silver-set-of-2-w004186383.html,1008,0,1,1,0
0,0,Zaedin 18'' H Upholstered Armchair,Wayfair,橡膠木,60.96×66.04×106.68,55.9,4500.0,2574.0,5.0,50.8,7707.0,24.04,https://www.wayfair.com/furniture/pdp/red-barrel-studio-zaedin-upholstered-dining-chair-w001525402.html,1009,0,1,0,0
1,0,Almena 18'' H Tufted Velvet Upholstered Side Chair,Wayfair,橡木,50.8×61.98×87.38,40.4,4500.0,2552.0,47.5,47.0,5062.0,13.02,https://www.wayfair.com/furniture/pdp/wrought-studio-almen-tufted-velvet-side-chair-in-gray-w001854041.html,1010,0,1,1,0
1,0,Lassiter 19'' H Upholstered Parsons Chair,Wayfair,橡木,60.96×63.5×91.44,45.7,4500.0,4510.0,2.54,45.7,5227.0,10.89,https://www.wayfair.com/furniture/pdp/gracie-oaks-lassiter-linen-solid-wood-parsons-chair-in-beige-w004704963.html,1011,0,1,0,0
1,0,Dazhanae Faux Leather Upholstered Side Chair,Wayfair,橡木,50.8×58.42×81.28,32.0,4500.0,2647.0,0.02,45.7,5062.0,4.99,https://www.wayfair.com/furniture/pdp/millwood-pines-dazhanae-upholstered-full-back-side-chair-in-brown-w110902761.html,1012,0,1,0,0
1,0,Newly Designed Mid-Century Modern Upholstered Wooden Kitchen Dining Chairs,Wayfair,橡木,45.97×52.07×95.25,48.2,4500.0,2936.0,2.0,48.2,5062.0,6.35,https://www.wayfair.com/furniture/pdp/northobliq-digi-newly-designed-mid-century-modern-upholstered-wooden-kitchen-dining-chairs-w113340234.html?piid=1632317942%2C1632317938,1013,0,1,1,0
0,0,Nema 4 Piece Solid Back Side Chair Set with Bench,Wayfair,橡木,46.36×60.33×86.36,45.0,4500.0,2795.0,5.0,40.0,3700.0,15.0,https://www.wayfair.com/furniture/pdp/george-oliver-nema-4-piece-solid-back-side-chair-set-with-bench-csep1279.html?piid=88281224%2C88281223,1014,0,1,0,0
0,0,Thoer 20'' H Upholstered Armchair,Wayfair,橡膠木,46.99×51.99×78.99,31.0,4500.0,2581.0,10.0,50.0,5062.0,7.1,https://www.wayfair.com/furniture/pdp/foundry-select-thoer-ladder-back-side-chair-dining-chair-pkr10635.html,1015,0,1,1,0
1,0,Hurtado 22'' H Velvet Upholstered Side Chair,Wayfair,橡膠木,49.53×59.69×104.14,49.5,4500.0,2374.0,5.0,50.8,5062.0,15.42,https://www.wayfair.com/furniture/pdp/rosdorf-park-hurtado-velvet-upholstered-solid-wood-wingback-side-chair-in-black-w005608428.html?piid=695318220,1016,0,1,1,0
1,0,Mesirow 18.5'' H Upholstered Side Chair,Wayfair,橡膠木,55.88×66.04×99.06,43.2,4500.0,2787.0,18.5,43.2,5062.0,9.98,https://www.wayfair.com/furniture/pdp/wade-logan-mesirow-side-chair-w100403704.html?piid=322641792,1017,0,1,1,0
0,0,Aadrian Linen French Parsons Chair Dining Chair,Wayfair,橡膠木,61.42×47.55×105.0,105.0,4500.0,1049.0,5.0,50.5,6336.0,14.17,https://www.wayfair.com/furniture/pdp/one-allium-way-aadrian-linen-french-parsons-chair-dining-chair-w110471675.html?piid=105116862,1018,0,1,0,0
1,0,"Lizbeth The District Side Chair with Splat Back and Wood Seat, Copper",Wayfair,橡膠木,45.47×51.05×80.01,51.0,4323.0,2984.0,3.0,47.0,2153.0,4.99,https://www.wayfair.com/furniture/pdp/loon-peak-lizbeth-the-district-side-chair-with-splat-back-and-wood-seat-copper-w010048249.html,1019,0,0,0,0
1,0,Aalilah 18'' H Solid Wood Folding Stacking Side Chair,Wayfair,橡膠木,51.05×58.67×96.77,50.0,4500.0,2581.0,2.54,38.1,5062.0,13.65,https://www.wayfair.com/furniture/pdp/gracie-oaks-solid-wood-side-chair-w004760866.html?piid=370535978,1020,0,1,1,0
0,0,Feltman 18'' H Upholstered Side Chair,Wayfair,橡膠木,50.8×60.33×104.14,104.1,4500.0,1217.0,5.0,45.7,5062.0,11.61,https://www.wayfair.com/furniture/pdp/winston-porter-feltman-solid-wood-dining-chair-wnsp3516.html?piid=100147106%2C100147105,1021,0,1,1,0
1,0,Cannes 36'' Single Bathroom Vanity with Marble Top,Wayfair,橡膠木,43.21×44.45×92.51,47.0,4500.0,2581.0,2.54,45.7,3375.0,4.8,https://www.wayfair.com/home-improvement/pdp/etta-avenue-cannes-36-single-bathroom-vanity-set-w005754994.html?piid=1225313442%2C1225313444,1022,0,1,0,0
0,0,"5-Piece Dininng Room Table Set with 4 Uphosltered Dining Chairs, Faux Marble Table Top and Robust Metal Frame Dining Table Set of 5, Space-Saving Design Dinette Set for Home Furniture Kitchen Restaurant",Wayfair,實木,25.4×25.4×154.94,154.9,4500.0,2581.0,4.0,140.9,9223.0,2.0,https://www.wayfair.com/furniture/pdp/wrought-studio-5-piece-dininng-room-table-set-with-4-uphosltered-dining-chairs-faux-marble-table-top-and-robust-metal-frame-dining-table-set-of-5-space-saving-design-dinette-set-for-home-furniture-kitchen-restaurant-w112647254.html?piid=924555526%2C924555525,1023,0,1,0,0
0,0,Derick 42'' 5 - Blade Nickel sand Modern Ceiling Fan with LED Light and Remote Control,Wayfair,實木,91.44×53.34×88.9,88.9,4500.0,4877.0,2.54,45.0,5062.0,58.97,https://www.wayfair.com/lighting/pdp/ivy-bronx-derick-42-5-blade-nickel-sand-modern-ceiling-fan-with-led-light-and-remote-control-w100834756.html?piid=1440372784,1024,0,1,1,0
0,0,Arooj Round Black Walnut Solid Wood Serving Tray Ottoman Tray,Wayfair,實木,-,45.0,4500.0,2581.0,2.54,37.3,5062.0,136.08,https://www.wayfair.com/decor-pillows/pdp/loon-peak-arooj-round-black-walnut-solid-wood-serving-tray-ottoman-tray-w005175511.html?piid=1767092273,1025,0,0,1,0
1,0,Sheree Folding Deck Chair,Wayfair,實木,304.8×304.8×2.54,45.0,2359.0,2581.0,2.54,2.5,2359.0,19.7,https://www.wayfair.com/outdoor/pdp/bay-isle-home-sheree-folding-deck-chair-w000850341.html?piid=2129483094,1026,0,0,0,1
0,0,未知產品,Wayfair,松木,61.98×93.98×84.07,21.0,4500.0,2480.0,2.5,30.5,4500.0,5.44,https://www.wayfair.com/furniture/pdp/birch-lane-arnell-annie-upholstered-dining-chair-goms1691.html?piid=105301848%2C104838653,1027,0,1,0,0
0,0,未知產品,Wayfair,橡木,59.0×76.81×99.06,48.3,4500.0,2581.0,4.7625,50.8,5062.0,11.97,https://www.wayfair.com/furniture/pdp/birch-lane-brinley-side-chair-kkah1322.html?piid=89471361,1028,0,1,1,0
0,0,Bungalo 18.8'' H Pine Side Chair,Wayfair,橡木,59.0×63.5×92.71,45.0,4500.0,1204.0,5.24,54.0,5062.0,5.9,https://www.wayfair.com/furniture/pdp/bay-isle-home-bungalo-side-chair-bayi1895.html?piid=16562427,1029,0,1,1,0
0,0,Sharisse Upholstered Back Side Dining Chair (Set of 4),Wayfair,橡膠木,53.34×60.96×101.6,68.6,4500.0,3218.0,5.0,45.7,5249.0,10.89,https://www.wayfair.com/furniture/pdp/george-oliver-sharisse-upholstered-back-side-dining-chair-set-of-4-fdxy6285.html?piid=103976758%2C103976757,1030,0,1,0,0
1,0,18'' H Side Chair,Wayfair,橡木,45.72×60.96×101.6,52.1,4500.0,1162.0,2.5,45.7,5062.0,8.75,https://www.wayfair.com/furniture/pdp/gracie-oaks-aliee-solid-wood-cross-back-side-chair-dining-chair-w100283911.html?piid=1034017874,1031,0,1,1,0
1,0,"Upholstered 360 Degree Swivel All-Inclusive Dining Chair, Modern Dining Chair With Backrest",Wayfair,橡木,48.01×51.05×74.93,34.0,4500.0,2581.0,12.7,12.7,6759.0,10.7,https://www.wayfair.com/furniture/pdp/ivy-bronx-upholstered-360-degree-swivel-all-inclusive-dining-chair-modern-dining-chair-with-backrest-w113361376.html?piid=669360489,1032,0,1,0,0
1,0,Castiel Ladder Back Side Chair,Wayfair,橡膠木,43.81×58.42×93.98,47.6,4500.0,4308.0,30.0,45.7,7082.0,113.4,https://www.wayfair.com/furniture/pdp/bay-isle-home-castiel-ladder-back-side-chair-w005244096.html?piid=1369230769,1033,0,1,0,0
1,0,Pose Upholstered Fabric Dining Chair,Wayfair,橡木,45.72×60.96×90.17,40.6,4500.0,1613.0,4.4,48.9,5062.0,21.45,https://www.wayfair.com/furniture/pdp/willa-arlo-interiors-pose-upholstered-fabric-dining-chair-w005404850.html?piid=1578016859,1034,0,1,1,0
1,0,Bozell 19.5'' H Upholstered Side Chair,Wayfair,橡木,53.34×60.96×104.14,57.2,4500.0,4022.0,2.54,48.3,5062.0,6.35,https://www.wayfair.com/furniture/pdp/august-grove-bozell-dining-chair-w110138137.html?piid=689592713,1035,0,1,1,0
0,0,Buckworth Cane Back Dining Chair,Wayfair,實木,54.61×62.23×91.44,45.7,4500.0,1403.0,2.5,48.3,5062.0,8.62,https://www.wayfair.com/furniture/pdp/sand-stable-buckworth-cane-back-dining-chair-w010324753.html?piid=1904717665,1036,0,1,1,0
0,0,Trelawny Ladder Back Arm Chair w/ Upholstered Seat,Wayfair,橡膠木,44.45×53.59×98.04,49.6,4500.0,2581.0,5.0,49.5,5062.0,27.94,https://www.wayfair.com/furniture/pdp/canora-grey-trelawny-ladder-back-arm-chair-w-upholstered-seat-w110466823.html,1037,0,1,1,0
1,0,Samyla 18.5'' H Solid Wood Side Chair,Wayfair,橡膠木,46.99×57.15×85.09,42.4,4500.0,2581.0,4.0,47.0,5062.0,6.8,https://www.wayfair.com/furniture/pdp/gracie-oaks-samyla-back-side-solid-wood-dining-chair-agtg7311.html,1038,0,1,1,0
1,0,Rubber Wood Dining Chairs Set Of 2,Wayfair,橡膠木,55.88×63.5×111.76,111.8,4500.0,3552.0,2.54,44.2,5062.0,19.96,https://www.wayfair.com/furniture/pdp/green4ever-rubber-wood-dining-chairs-set-of-2-grnr2709.html?piid=109142693,1039,0,1,1,0
1,0,Sovanna Upholstered Side Chair,Wayfair,橡膠木,45.72×57.15×101.6,54.6,4500.0,2324.0,2.5,47.0,5062.0,9.98,https://www.wayfair.com/furniture/pdp/winston-porter-sovanna-ladder-back-side-chair-in-gray-w110907281.html,1040,0,1,1,0
1,0,Darcey Arm Chair,Wayfair,橡膠木,45.5×52.1×93.2,39.4,4500.0,2581.0,10.0,45.2,4234.0,9.98,https://www.wayfair.com/furniture/pdp/allmodern-darcey-arm-chair-w100382578.html?piid=677197158,1041,0,1,0,0
1,0,Enosburgh 18.5'' H Upholstered Side Chair,Wayfair,橡膠木,57.15×50.16×96.52,48.3,4500.0,1124.0,1.6,48.3,5062.0,8.05,https://www.wayfair.com/furniture/pdp/brayden-studio-enosburgh-upholstered-side-chair-in-charcoal-w000051164.html,1042,0,1,1,0
1,0,Tybee Slat Back Dining Chair,Wayfair,橡膠木,58.42×58.42×74.93,29.2,4500.0,2581.0,3.0,45.7,5062.0,17.24,https://www.wayfair.com/furniture/pdp/birch-lane-tybee-slat-back-dining-chair-w100429359.html?piid=1794923166,1043,0,1,1,1
1,0,Springdale 20'' H Linen Upholstered Parsons Chair,Wayfair,橡木,45.72×45.72×102.87,57.2,4500.0,3452.0,0.95,47.0,5062.0,6.89,https://www.wayfair.com/furniture/pdp/joss-main-springdale-linen-upholstered-back-parsons-chair-in-white-w110635892.html?piid=692171528,1044,0,1,1,0
0,0,Hozell Faux Leather Upholstered Beech Armchair,Wayfair,橡膠木,45.72×50.16×80.64,36.2,4500.0,2941.0,1.3347,47.0,6897.0,4.99,https://www.wayfair.com/furniture/pdp/george-oliver-hozell-arm-chair-dining-chair-w110442596.html?piid=1792647548,1045,0,1,0,0
1,0,Dancy 19.09'' H Upholstered Side Chair,Wayfair,橡木,48.01×57.15×84.58,33.3,4500.0,2581.0,7.9375,13.1,5062.0,8.93,https://www.wayfair.com/furniture/pdp/mercury-row-dancy-upholstered-wingback-side-chair-w003313701.html?piid=826510930,1046,0,1,1,0
0,0,Mike Solid Wood Side Chair,Wayfair,橡木,,30.0,4500.0,2581.0,1.0,45.0,6174.0,10.0,https://www.wayfair.com/furniture/pdp/red-barrel-studio-mike-solid-wood-dining-chair-w001759485.html,1047,0,0,0,0
1,0,Towler 18'' H Solid Wood Side Chair,Wayfair,橡膠木,54.0×56.01×86.0,37.0,2469.0,3648.0,4.826,48.3,7217.0,9.18,https://www.wayfair.com/furniture/pdp/charlton-home-towler-solid-wood-slat-back-side-chair-w000706139.html?piid=898163642,1048,0,0,0,0
0,0,Audri 19.25'' H Cane Back Side Chair,Wayfair,橡膠木,45.72×53.34×93.98,74.9,4500.0,2439.0,5.0,66.0,5062.0,8.0,https://www.wayfair.com/furniture/pdp/bayou-breeze-audri-side-chair-mbxl1289.html?piid=111674187%2C70932719,1049,0,1,1,0
1,0,Denisha 18'' H Solid Wood Side Chair,Wayfair,橡膠木,45.09×52.07×90.81,90.8,4500.0,2347.0,2.54,45.7,5062.0,8.16,https://www.wayfair.com/furniture/pdp/alcott-hill-denisha-solid-wood-slat-back-side-chair-w004751833.html?piid=1290145101,1050,0,1,1,0
0,0,Tivoli 17.72'' H Dining Chair,Wayfair,橡膠木,58.42×60.96×97.16,48.3,4500.0,3258.0,1.27,48.9,5062.0,10.2,https://www.wayfair.com/furniture/pdp/sand-stable-tivoli-solid-wood-windsor-back-side-chair-w003313823.html?piid=1715623240,1051,0,1,1,0
1,0,"18.9”h Upholstered Dining Chairs, Linen Fabric Side Chair, Armless Parsons Chair With Solid Wood Legs",Wayfair,橡膠木,48.01×48.01×92.0,47.0,4500.0,2860.0,2.54,45.0,5062.0,5.79,https://www.wayfair.com/furniture/pdp/red-barrel-studio-189h-upholstered-dining-chairs-linen-fabric-side-chair-armless-parsons-chair-with-solid-wood-legs-w113154689.html?piid=1961372414,1052,0,1,1,0
0,0,Earlville 19'' H Upholstered Side Chair,Wayfair,橡木,48.26×55.88×81.28,33.0,7958.0,2695.0,2.54,48.2,4140.0,15.22,https://www.wayfair.com/furniture/pdp/lark-manor-earlville-solid-wood-cross-back-side-chair-in-espresso-cherry-w005851392.html,1053,0,0,0,0
1,0,Levin 19.5'' H Upholstered Maple Side Chair,Wayfair,橡膠木,41.91×51.05×88.14,43.9,4500.0,3029.0,4.78,48.0,5062.0,5.9,https://www.wayfair.com/furniture/pdp/birch-lane-levin-linen-queen-anne-back-side-chair-in-cotton-white-w000227980.html,1054,0,1,1,0
1,0,Noran 18'' H Fabric Upholstered Folding Side Chair,Wayfair,橡膠木,60.96×48.26×101.6,53.3,6161.0,2581.0,7.5,48.3,2365.0,9.07,https://www.wayfair.com/furniture/pdp/red-barrel-studio-noran-fabric-upholstered-back-folding-side-chair-dining-chair-w111068584.html?piid=1514790748,1055,0,0,0,0
0,0,Alliya Modern Arm Chair with Removable Cushion,Wayfair,實木,53.34×66.04×106.68,47.0,4500.0,2581.0,4.5,45.7,5062.0,4.54,https://www.wayfair.com/furniture/pdp/bay-isle-home-alliya-modern-arm-chair-with-removable-cushion-kthm7376.html?piid=94016140,1056,0,1,1,0
1,0,Boston 19'' H Upholstered Side Chair,Wayfair,橡木,48.26×54.61×86.36,40.6,4500.0,2128.0,5.715,61.0,3479.0,10.57,https://www.wayfair.com/furniture/pdp/mercury-row-boston-upholstered-side-chair-in-teal-w006646269.html?piid=1505137868,1057,0,1,0,0
0,0,Set Of 2 Plastic Clear Seat Eiffel Wood Leg Dining Arm Chair,Wayfair,橡膠木,55.88×55.88×83.82,36.2,4500.0,3601.0,12.7,12.7,5062.0,31.75,https://www.wayfair.com/furniture/pdp/corrigan-studio-set-of-2-plastic-clear-seat-eiffel-wood-leg-dining-arm-chair-w008431603.html,1058,0,1,1,0
0,0,Tamsin 17.91'' H Upholstered Side Chair,Wayfair,橡膠木,43.815×148.59×76.2,27.9,4500.0,2581.0,2.54,635.0,5062.0,4.99,https://www.wayfair.com/furniture/pdp/foundry-select-tamsin-solid-wood-ladder-back-side-chair-w000528818.html?piid=1909198699,1059,0,1,1,0
0,0,Kelleia 19'' H Linen Upholstered Side Chair,Wayfair,胡桃木,60.96×58.42×79.38,38.1,4500.0,2135.0,5.0,5.1,5062.0,5.44,https://www.wayfair.com/furniture/pdp/kelleia-linen-king-louis-back-side-chair-w010679173.html?piid=1153377422,1060,0,1,1,0
1,0,Nieck Modern Upholstered Parsons Chair Linen Fabric Tufted Dining Chairs Armless Side Chair Vanity Chair Set of 2,Wayfair,橡膠木,49.5×52.5×77.01,77.0,4500.0,1041.0,2.5,77.0,5062.0,4.12,https://www.wayfair.com/furniture/pdp/corrigan-studio-nieck-modern-upholstered-parsons-chair-linen-fabric-tufted-dining-chairs-armless-side-chair-vanity-chair-set-of-2-w113419482.html?piid=1345115080,1061,0,1,1,0
1,0,Upchurch Upholstered Side Chair,Wayfair,橡膠木,50.04×54.1×97.03,49.0,4500.0,2581.0,2.54,48.2,5062.0,12.79,https://www.wayfair.com/furniture/pdp/millwood-pines-upchurch-microfiber-yes-solid-wood-side-chair-graybrown-bnzb2194.html,1062,0,1,1,0
1,0,"Guada Linen Arm Chair,Upholstered Accent Chair Dining Chair for Living Room, Bedroom, Dining Room,Upholstered dining room chair,dinning chair,kitchen chair",Wayfair,橡膠木,44.2×55.88×87.12,43.2,4500.0,3438.0,52.07,45.7,5062.0,8.48,https://www.wayfair.com/furniture/pdp/orren-ellis-guada-linen-arm-chairupholstered-accent-chair-dining-chair-for-living-room-bedroom-dining-roomupholstered-dining-room-chairdinning-chairkitchen-chair-w011428881.html?piid=1831558890,1063,0,1,1,0
1,0,Kandy 19.5'' H Upholstered Side Chair,Wayfair,橡木,50.8×57.79×96.52,96.5,4500.0,1018.0,2.0,48.0,5062.0,16.0,https://www.wayfair.com/furniture/pdp/lark-manor-kandy-upholstered-dining-chair-set-of-2-w001219411.html?piid=996997092,1064,0,1,1,0
1,0,Seita Unfinished Tufted PU Leather Upholstered Back Parsons Chair,Wayfair,橡木,62.99×53.09×76.45,28.2,4500.0,2581.0,4.6,48.9,5062.0,11.11,https://www.wayfair.com/furniture/pdp/subrtex-seita-unfinished-tufted-pu-leather-upholstered-back-parsons-chair-subx1659.html?piid=92262204,1065,0,1,1,1
0,0,18'' H Solid Wood Side Chair,Wayfair,橡膠木,49.53×60.96×100.33,51.4,4500.0,3932.0,5.08,49.5,5062.0,6.8,https://www.wayfair.com/furniture/pdp/red-barrel-studio-solid-wood-slat-back-side-chair-in-black-w006058616.html,1066,0,1,1,0
1,0,Jolin 18'' H Acacia Solid Wood Side Chair,Wayfair,橡膠木,48.26×64.77×88.27,39.4,4500.0,1996.0,2.4418,51.4,5062.0,6.8,https://www.wayfair.com/furniture/pdp/jolin-solid-wood-slat-back-side-chair-in-gray-white-w000851403.html,1067,0,1,1,0
1,0,Mountain View 18.1'' H Solid Wood Side Chair,Wayfair,橡膠木,53.34×45.72×97.79,48.3,4500.0,1241.0,2.54,45.7,5062.0,14.06,https://www.wayfair.com/furniture/pdp/august-grove-mountain-view-solid-wood-dining-chair-w010403290.html?piid=1186735093,1068,0,1,1,0
1,0,Mendham 20'' H Upholstered Side Chair,Wayfair,橡木,45.72×58.42×101.6,55.9,4500.0,1613.0,7.235,45.7,5062.0,17.24,https://www.wayfair.com/furniture/pdp/darby-home-co-mendham-solid-wood-ladder-back-side-chair-in-black-svv11233.html,1069,0,1,1,0
1,0,Bridey 19'' H Upholstered Side Chair,Wayfair,橡膠木,48.26×60.96×101.6,83.8,4500.0,1336.0,2.92,46.0,5062.0,4.54,https://www.wayfair.com/furniture/pdp/alcott-hill-bridey-ladder-back-side-chair-dining-chair-w110447447.html,1070,0,1,1,0
0,0,Colne Queen Anne Back Side Chair,Wayfair,橡膠木,50.8×59.69×99.7,79.2,4500.0,3872.0,5.0,48.3,5062.0,7.4,https://www.wayfair.com/furniture/pdp/ophelia-co-colne-queen-anne-back-side-chair-w003400476.html?piid=1942146144,1071,0,1,1,0
0,0,Danillie 20'' H Leather Upholstered Side Chair,Wayfair,橡膠木,44.45×43.18×82.8,52.8,4500.0,1103.0,2.0,127.0,5062.0,5.67,https://www.wayfair.com/furniture/pdp/house-of-hampton-danillie-upholstered-side-chair-w007031134.html?piid=411244811,1072,0,1,1,0
0,0,Dupree Side Chair,Wayfair,橡木,48.26×63.5×106.68,106.7,4500.0,3422.0,2.54,47.0,5062.0,13.61,https://www.wayfair.com/furniture/pdp/mercury-row-dupree-side-chair-svv11387.html,1073,0,1,1,0
0,0,未知產品,Wayfair,橡木,55.12×64.01×87.88,52.8,4500.0,1362.0,5.08,51.6,5062.0,10.25,https://www.wayfair.com/pet/pdp/archie-oscar-huxley-wood-free-standing-pet-gate-with-a-pair-of-support-feet-w004993846.html?piid=512117803%2C438322558,1074,0,1,1,0
1,0,未知產品,Wayfair,橡膠木,48.26×58.42×86.36,39.0,4500.0,2581.0,7.2,47.6,5062.0,7.18,https://www.wayfair.com/outdoor/pdp/bay-isle-home-sheree-folding-deck-chair-w000850341.html?piid=2129483094,1075,0,1,1,0
0,0,未知產品,Wayfair,實木,2.54×2.54×2.54,45.0,4500.0,2581.0,2.54,2.5,5062.0,15.57,https://www.wayfair.com/home/pdp/south-shore-dalya-resin-pot-planter-th10787.html,1076,0,0,0,0
0,0,未知產品,Wayfair,橡木,61.98×93.98×84.07,21.1,4500.0,2053.0,2.54,30.5,5062.0,5.44,https://www.wayfair.com/home/pdp/yaheetech-10-ft-w-x-10-ft-d-iron-patio-gazebo-ytch2003.html?piid=110916857%2C110916858,1077,0,1,1,0
0,0,未知產品,Wayfair,松木,40.01×40.01×81.28,81.3,4500.0,1601.0,2.54,43.0,6889.0,6.01,https://www.wayfair.com/decor-pillows/pdp/loon-peak-arooj-round-black-walnut-solid-wood-serving-tray-ottoman-tray-w005175511.html?piid=1767092273,1078,0,1,0,0
1,0,未知產品,Wayfair,實木,304.8×304.8×2.54,45.0,2361.0,2581.0,2.54,2.5,2361.0,19.7,https://www.wayfair.com/lighting/pdp/ivy-bronx-derick-42-5-blade-nickel-sand-modern-ceiling-fan-with-led-light-and-remote-control-w100834756.html?piid=1440372784,1079,0,0,0,1
0,0,未知產品,Wayfair,胡桃木,2.54×2.54×2.54,45.0,4500.0,2581.0,0.5,2.0,5062.0,1.36,https://www.wayfair.com/furniture/pdp/wrought-studio-5-piece-dininng-room-table-set-with-4-uphosltered-dining-chairs-faux-marble-table-top-and-robust-metal-frame-dining-table-set-of-5-space-saving-design-dinette-set-for-home-furniture-kitchen-restaurant-w112647254.html?piid=924555526%2C924555525,1080,0,0,0,0
0,0,未知產品,Wayfair,實木,91.44×53.34×88.9,91.4,4500.0,2843.0,2.54,45.7,5062.0,58.97,https://www.wayfair.com/furniture/pdp/birch-lane-brinley-side-chair-kkah1322.html?piid=89471361,1081,0,1,1,0
0,0,未知產品,Wayfair,松木,59.0×63.5×92.71,45.0,2164.0,3699.0,5.21,54.0,5062.0,5.9,https://www.wayfair.com/furniture/pdp/birch-lane-alayaa-corner-dining-banquette-goms1633.html,1082,0,1,1,0
0,0,Dain Cane Side Chair,Wayfair,橡木,59.0×76.81×99.06,48.3,4500.0,1110.0,18.75,50.8,5062.0,11.97,https://www.wayfair.com/furniture/pdp/birch-lane-dain-cane-side-chair-bcmh1919.html?piid=23641346,1083,0,1,1,0
1,0,Ryean 17.77'' H Upholstered Stacking Parsons Chair,Wayfair,松木,59.0×72.01×84.0,32.3,5933.0,2750.0,52.1,52.1,5062.0,58.0,https://www.wayfair.com/furniture/pdp/red-barrel-studio-ryean-stacking-parsons-chair-w110916186.html?piid=1980228106,1084,0,0,1,0
0,0,Apprise Side Chair Performance Velvet,Wayfair,橡木,45.72×57.15×87.63,40.6,4500.0,2581.0,2.0,46.0,6030.0,4.49,https://www.wayfair.com/furniture/pdp/kelly-clarkson-home-apprise-side-chair-performance-velvet-w003397804.html?piid=804762546,1085,0,1,0,0
0,0,Jaree Upholstered Side Chair,Wayfair,橡木,36.12×40.92×93.4,26.0,8504.0,3347.0,1.0,45.5,5062.0,8.5,https://www.wayfair.com/furniture/pdp/george-oliver-jaree-dining-chair-w100592643.html,1086,0,0,1,0
0,0,Sonntag Solid Wood Slat Back Side Chair,Wayfair,橡木,124.46×69.85×105.41,105.4,4500.0,1423.0,5.0,50.8,5062.0,28.58,https://www.wayfair.com/furniture/pdp/three-posts-sonntag-solid-wood-slat-back-side-chair-w004288395.html?piid=1314757584,1087,0,1,1,0
0,0,Arondell Solid Wood Cane Side Chair,Wayfair,橡木,2.54×152.4×2.54,31.8,4500.0,2581.0,7.62,47.0,4227.0,113.4,https://www.wayfair.com/furniture/pdp/bayou-breeze-arondell-solid-wood-cane-side-chair-w110188392.html?piid=1040276121,1088,0,1,0,0
0,0,Jase 17.5'' H Beech Arm Chair,Wayfair,橡膠木,49.53×60.33×104.14,85.1,4500.0,1162.0,5.0,48.3,5062.0,12.25,https://www.wayfair.com/furniture/pdp/zipcode-design-jase-slat-back-arm-chair-w003529873.html?piid=732695125,1089,0,1,1,0
1,0,19'' H Upholstered Side Chair,Wayfair,胡桃木,42.55×52.07×82.55,41.9,4500.0,2821.0,42.55,16.8,3832.0,9.0,https://www.wayfair.com/furniture/pdp/caracole-classic-first-upholstered-dining-chair-drru2259.html,1090,0,1,0,0
1,0,Barwen 19.69'' H Linen Upholstered Side Chair,Wayfair,胡桃木,49.53×53.34×77.47,33.0,6256.0,2581.0,0.33,44.4,4394.0,4.54,https://www.wayfair.com/furniture/pdp/ophelia-co-barwen-linen-king-louis-back-side-chair-dining-chair-w100307395.html?piid=1078609088,1091,0,0,0,0
0,0,Aliasa 18.1'' H Fabric Upholstered Dining Chair,Wayfair,橡木,48.26×60.33×82.55,32.5,4500.0,1188.0,2.54,48.3,5062.0,9.43,https://www.wayfair.com/furniture/pdp/wade-logan-aliasa-side-chair-w004817879.html?piid=2043843429,1092,0,1,1,0
0,0,Paulett 19.5'' H Linen Upholstered Parsons Chair,Wayfair,橡木,48.26×60.33×82.55,32.5,4500.0,1151.0,2.54,16.0,5062.0,9.43,https://www.wayfair.com/furniture/pdp/wildon-home-paulett-linen-parsons-chair-csep1219.html?piid=87288501,1093,0,1,1,0
0,0,Branoslav Wood & Rattan Dining Chairs,Wayfair,橡木,49.0×56.01×96.01,50.3,4500.0,2590.0,5.0,50.3,5062.0,6.49,https://www.wayfair.com/furniture/pdp/bay-isle-home-branoslav-wood-rattan-dining-chairs-w112141535.html?piid=267122537,1094,0,1,1,0
1,0,Firmo 18'' H Solid Wood Side Chair,Wayfair,橡木,49.0×56.01×96.01,49.0,4500.0,2581.0,2.0,50.0,5062.0,6.49,https://www.wayfair.com/furniture/pdp/gracie-oaks-firmo-solid-wood-cross-back-side-chair-dining-chair-w110280826.html,1095,0,1,1,0
1,0,"21"" Wide Rustic Farmhouse Style Solid Wood Woven Back Ratten Dining Chair Set",Wayfair,橡膠木,53.34×56.39×79.5,33.5,1330.0,2581.0,2.5,46.0,5062.0,5.31,https://www.wayfair.com/furniture/pdp/red-barrel-studio-21-wide-rustic-farmhouse-style-solid-wood-woven-back-ratten-dining-chair-set-w112589887.html,1096,0,0,0,0
0,0,Onno 17.7'' H Stacking Armchair,Wayfair,橡膠木,53.34×56.39×79.5,33.5,4500.0,2918.0,38.5,45.9,3172.0,5.31,https://www.wayfair.com/furniture/pdp/latitude-run-onno-stacking-armchair-dining-chair-w110915809.html?piid=2088783034%2C2088783033,1097,0,1,0,0
1,0,Lorretta Leather Side Chair,Wayfair,橡膠木,42.01×49.0×102.49,59.0,4500.0,3026.0,10.0,49.5,5062.0,25.45,https://www.wayfair.com/furniture/pdp/birch-lane-lorretta-leather-side-chair-w010028820.html?piid=1630440425,1098,0,1,1,0
1,0,Ashton 17.91'' H Upholstered Side Chair,Wayfair,橡膠木,42.01×49.0×102.49,59.0,4500.0,2751.0,3.71,49.5,5062.0,25.45,https://www.wayfair.com/furniture/pdp/zipcode-design-ashton-side-chair-w003314308.html?piid=1967297522,1099,0,1,1,0
1,0,Gosdon Dining Chair in Falcon Brown,Wayfair,橡膠木,56.13×56.13×78.74,77.7,4500.0,2581.0,2.54,76.2,5062.0,6.53,https://www.wayfair.com/furniture/pdp/winston-porter-gosdon-dining-chair-in-falcon-brown-w002595227.html,1100,0,1,1,0
1,0,Set Of 2 Solid Real Wood Dining Chair Upholstered Cushion Back & Seat,Wayfair,橡膠木,56.13×56.13×78.74,78.7,4500.0,3144.0,2.54,76.2,5062.0,6.53,https://www.wayfair.com/furniture/pdp/corrigan-studio-set-of-2-solid-real-wood-dining-chair-upholstered-cushion-back-seat-w008918134.html?piid=1564141276,1101,0,1,1,0
0,0,Benaim Solid Wood Cane Side Dining Chair,Wayfair,橡膠木,45.72×52.07×96.52,45.7,4500.0,2581.0,38.0,45.7,5062.0,12.97,https://www.wayfair.com/furniture/pdp/bayou-breeze-benaim-solid-wood-cane-side-dining-chair-w110414954.html,1102,0,1,1,0
1,0,Charan 18.7'' H Upholstered Parsons Chair,Wayfair,橡膠木,45.72×52.07×96.52,48.3,4500.0,2797.0,2.54,45.7,5062.0,12.97,https://www.wayfair.com/furniture/pdp/red-barrel-studio-charan-parsons-chair-in-gray-w003383600.html,1103,0,1,1,0
1,0,"17"" Wide Modern Wood Dining Chair With Upholstered Seat",Wayfair,橡木,53.01×45.01×91.01,43.0,4500.0,2581.0,4.6,45.7,5062.0,10.52,https://www.wayfair.com/furniture/pdp/lark-manor-17-wide-modern-wood-dining-chair-with-upholstered-seat-w111517660.html?piid=2120215679%2C2120215673,1104,0,1,1,0
0,0,Hakon Upholstered Side Chair in White and Brown,Wayfair,橡木,53.01×45.01×91.01,43.0,4500.0,2949.0,1.5,45.7,5062.0,10.52,https://www.wayfair.com/furniture/pdp/george-oliver-hakon-upholstered-side-chair-in-white-and-brown-cmu13873.html,1105,0,1,1,0
1,0,"Carmona 19""W Removable And Washable Slipcover Dining Chair With Hidden Storage",Wayfair,橡木,53.34×50.8×76.2,31.2,4500.0,2581.0,3.5,45.0,4596.0,12.7,https://www.wayfair.com/furniture/pdp/carmona-19w-removable-and-washable-slipcover-dining-chair-with-hidden-storage-kthm9856.html?piid=104900720%2C104900725,1106,0,1,0,0
1,0,Desdemona 19'' H Upholstered Side Chair,Wayfair,橡木,53.34×50.8×76.2,31.1,4500.0,1787.0,3.3,44.4,5062.0,11.5,https://www.wayfair.com/furniture/pdp/langley-street-desdemona-upholstered-side-chair-in-pebble-brown-w002836509.html,1107,0,1,1,0
1,0,Croom 18.7'' H Upholstered Side Chair,Wayfair,橡膠木,50.8×55.88×81.28,31.8,4500.0,2581.0,2.54,49.5,5062.0,7.5,https://www.wayfair.com/furniture/pdp/george-oliver-croom-upholstered-solid-wood-side-chair-golv4524.html?piid=28199601,1108,0,1,1,0
1,0,Aria Wood Solid Back Side Chair,Wayfair,橡膠木,53.01×56.21×72.01,26.5,4500.0,2581.0,250.0,635.0,5062.0,5.69,https://www.wayfair.com/furniture/pdp/sohoconcept-aria-wood-solid-back-side-chair-w000830793.html?piid=906393631%2C906393624,1109,0,1,0,0
1,0,Myrna 19.5'' H Tufted Fabric Upholstered Side Chair,Wayfair,橡膠木,46.36×55.88×92.71,92.7,4500.0,3820.0,50.0,19.5,6815.0,6.5,https://www.wayfair.com/furniture/pdp/canora-grey-myrna-tufted-upholstered-side-chair-in-creambrown-w000514325.html,1110,0,1,0,0
1,0,Joss Full leather Upholstered Back Side Chair Dining Chair,Wayfair,橡膠木,46.36×55.88×92.71,44.0,4500.0,3339.0,3.0,50.0,5062.0,6.5,https://www.wayfair.com/furniture/pdp/corrigan-studio-joss-full-leather-upholstered-back-side-chair-dining-chair-w100309749.html,1111,0,1,1,0
1,0,Moore 19'' H Upholstered Oak Armchair,Wayfair,橡木,50.8×45.72×76.2,38.1,4500.0,2718.0,2.54,48.3,5062.0,5.44,https://www.wayfair.com/furniture/pdp/red-barrel-studio-moore-upholstered-arm-chair-in-oatmeal-w005931464.html,1112,0,1,1,0
1,0,Ameriga 20'' H Tufted Upholstered Side Chair,Wayfair,橡木,50.8×45.72×76.2,38.1,4500.0,1620.0,2.54,48.3,5062.0,5.44,https://www.wayfair.com/furniture/pdp/lark-manor-ameriga-tufted-side-chair-w003541249.html?piid=316662604,1113,0,1,1,0
1,0,Caen 19.00'' H Upholstered Side Chair,Wayfair,橡木,44.96×50.04×80.01,31.5,4500.0,2784.0,2.5,18.1,5062.0,12.41,https://www.wayfair.com/furniture/pdp/wade-logan-caen-fabric-cross-back-side-chair-dining-chair-w110171331.html,1114,0,1,1,0
1,0,Veazey 20'' H Pine Solid Wood Side Chair,Wayfair,橡膠木,51.99×57.51×99.01,50.1,4500.0,4007.0,2.5,635.0,5062.0,8.75,https://www.wayfair.com/furniture/pdp/veazey-solid-wood-cross-back-side-chair-w004158970.html,1115,0,1,1,0
0,0,Brasca Side Chair Dining Chair,Wayfair,橡膠木,48.26×60.96×88.9,47.0,4500.0,2558.0,2.5,48.3,5062.0,16.5,https://www.wayfair.com/furniture/pdp/corrigan-studio-brasca-side-chair-dining-chair-w100371011.html?piid=1806073043,1116,0,1,1,0
1,0,Sonoma 18.5'' H Upholstered Side Chair,Wayfair,橡膠木,53.34×66.04×83.82,35.6,4500.0,2870.0,2.54,48.3,5062.0,10.89,https://www.wayfair.com/furniture/pdp/sunset-trading-sonoma-solid-wood-side-chair-tg10561.html?piid=52829756,1117,0,1,1,0
1,0,Anberlynn 18.9'' H Fabric Upholstered Beech Side Chair,Wayfair,橡木,49.5×59.99×81.0,45.0,4500.0,3337.0,3.49,47.2,5062.0,12.0,https://www.wayfair.com/furniture/pdp/wade-logan-anberlynn-armless-dining-chair-w009246853.html?piid=705407688,1118,0,1,1,0
1,0,Gillyan Roatan Side Chair,Wayfair,橡木,43.18×53.34×78.74,33.0,9016.0,2581.0,5.08,45.7,2787.0,7.71,https://www.wayfair.com/furniture/pdp/ebern-designs-gillyan-roatan-side-chair-w111231874.html,1119,0,0,0,0
0,0,未知產品,Wayfair,松木,59.0×63.5×92.71,45.0,4500.0,3429.0,5.25,54.0,2327.0,5.9,https://www.wayfair.com/furniture/pdp/birch-lane-brinley-side-chair-kkah1322.html?piid=89471361,1120,0,1,0,0
1,0,未知產品,Wayfair,松木,59.0×72.01×84.0,32.3,3289.0,2581.0,25.0,52.1,5062.0,58.0,https://www.wayfair.com/furniture/pdp/birch-lane-alayaa-corner-dining-banquette-goms1633.html,1121,0,0,1,1
1,0,未知產品,Wayfair,橡木,59.0×64.01×95.0,44.2,4500.0,1316.0,52.07,49.8,5062.0,6.35,https://www.wayfair.com/furniture/pdp/birch-lane-niara-leather-side-chair-bl25808.html?piid=104827903,1122,0,1,1,0
1,0,18.1'' H Faux Leather Upholstered Side Chair,Wayfair,橡膠木,45.97×51.05×96.01,48.9,4500.0,3240.0,2.0,46.0,5062.0,17.96,https://www.wayfair.com/furniture/pdp/red-barrel-studio-yaovi-upholstered-side-chair-w005664223.html?piid=46889477,1123,0,1,1,0
1,0,Ardonia 19.9'' H Upholstered Side Chair,Wayfair,橡膠木,40.64×43.18×97.79,50.8,4500.0,1083.0,5.0,45.7,6706.0,9.53,https://www.wayfair.com/furniture/pdp/lark-manor-ardonia-side-chair-w000566967.html?piid=1481130145,1124,0,1,0,0
1,0,Turpin 17.52'' H Solid Wood Side Chair,Wayfair,橡膠木,49.53×152.4×101.6,101.6,4500.0,2581.0,2.5,50.6,5062.0,15.29,https://www.wayfair.com/furniture/pdp/breakwater-bay-turpin-solid-wood-cross-back-side-chair-w011270022.html?piid=444526558,1125,0,1,1,0
1,0,Jach Tufted Fabric Arm Chair with Nailhead Trim,Wayfair,橡膠木,45.49×54.51×89.0,89.0,7231.0,2633.0,5.08,12.7,8918.0,7.54,https://www.wayfair.com/furniture/pdp/red-barrel-studio-jach-tufted-fabric-arm-chair-with-nailhead-trim-w110105874.html?piid=860442008%2C860441989,1126,0,0,0,0
1,0,"Palmer Dining Chairs, Set of 2",Wayfair,橡膠木,45.01×37.01×87.0,43.0,4500.0,2581.0,2.54,44.0,5062.0,4.72,https://www.wayfair.com/furniture/pdp/winston-porter-palmer-dining-chairs-set-of-2-w111640869.html,1127,0,1,1,0
1,0,Epling 18.25'' H Solid Wood Side Chair,Wayfair,橡膠木,50.8×58.42×99.7,50.8,4500.0,3290.0,5.0,48.9,5062.0,9.07,https://www.wayfair.com/furniture/pdp/one-allium-way-epling-solid-wood-ladder-back-side-chair-in-white-w005778481.html,1128,0,1,1,0
0,0,Judye 19'' H Upholstered Side Chair,Wayfair,橡木,50.8×58.42×95.25,47.6,4500.0,3872.0,5.715,46.4,5062.0,16.78,https://www.wayfair.com/furniture/pdp/canora-grey-judye-side-chair-in-sand-w005198216.html,1129,0,1,1,0
1,0,Basil Ergonomic Chair,Wayfair,橡膠木,55.88×57.79×77.47,30.5,4500.0,2902.0,2.54,48.3,7484.0,11.25,https://www.wayfair.com/furniture/pdp/calligaris-basil-ergonomic-chair-gn2444.html?piid=17608797%2C17608795,1130,0,1,0,0
0,0,Aayana Dining Accent Chair in Velvet with Metal Legs,Wayfair,胡桃木,44.78×51.77×85.09,47.4,4500.0,2581.0,2.5,45.7,5062.0,11.94,https://www.wayfair.com/furniture/pdp/mercer41-aayana-dining-accent-chair-in-velvet-with-metal-legs-w001459111.html?piid=1312319458%2C1340644058,1131,0,1,1,0
0,0,Jerrita Velvet Upholstered Back Side Chair in Gray,Wayfair,橡木,,35.6,4500.0,3053.0,1.905,47.0,5062.0,136.08,https://www.wayfair.com/furniture/pdp/house-of-hampton-jerrita-velvet-upholstered-back-side-chair-in-gray-w110277996.html,1132,0,1,1,0
0,0,Schoenberg Upholstered Ladder Back Side Chair in Warm Gray/Black,Wayfair,橡膠木,58.67×63.88×97.16,44.4,4500.0,3688.0,10.0,52.1,5062.0,9.0,https://www.wayfair.com/furniture/pdp/three-posts-schoenberg-upholstered-ladder-back-side-chair-in-warm-grayblack-w000224738.html,1133,0,1,1,0
0,0,Arlex Vegan Leather Dining Chairs with Casters and Arms,Wayfair,橡膠木,45.72×56.52×96.52,77.1,4500.0,1029.0,6.35,48.0,4872.0,7.5,https://www.wayfair.com/furniture/pdp/lark-manor-arlex-vegan-leather-dining-chairs-with-casters-and-arms-w110478228.html?piid=466056169,1134,0,1,0,0
1,0,Colne Spindle Back Side Chair,Wayfair,橡膠木,47.6×152.4×2.5,45.0,4500.0,1792.0,5.0,45.7,5062.0,8.0,https://www.wayfair.com/furniture/pdp/colne-spindle-back-side-chair-w000864919.html,1135,0,1,1,0
1,0,18.7'' H Upholstered Parsons Chair,Wayfair,橡膠木,48.26×60.96×106.68,106.7,4500.0,4599.0,2.0,45.7,5062.0,11.34,https://www.wayfair.com/furniture/pdp/alcott-hill-claytor-parsons-chair-in-gray-w100242603.html,1136,0,1,1,0
1,0,Jacorri 18.5'' H Faux Leather Upholstered Acacia Side Chair,Wayfair,橡膠木,45.47×51.05×101.09,51.1,4500.0,3045.0,4.8,47.5,5062.0,6.44,https://www.wayfair.com/furniture/pdp/loon-peak-jacorri-upholstered-slat-back-side-chair-in-rustic-chocolate-w001111880.html,1137,0,1,1,0
1,0,Etrulia 20'' H Velvet Upholstered Armchair,Wayfair,橡木,55.88×64.01×85.6,37.3,4500.0,2986.0,5.08,48.3,5062.0,8.62,https://www.wayfair.com/furniture/pdp/gracie-oaks-etrulia-velvet-king-louis-back-arm-chair-w004126496.html?piid=1488115846,1138,0,1,1,0
0,0,Ermine 19'' H Upholstered Side Chair,Wayfair,橡膠木,59.05×56.52×99.06,48.3,4500.0,3312.0,5.0,49.0,5062.0,10.21,https://www.wayfair.com/furniture/pdp/joss-main-ermine-upholstered-side-chair-w005536297.html?piid=2082224337,1139,0,1,1,0
0,0,Ascend 20'' H Upholstered Cane Back Side Chair,Wayfair,橡木,57.8×50.2×81.9,45.0,4500.0,2581.0,5.0,48.3,5062.0,4.99,https://www.wayfair.com/furniture/pdp/joss-main-ascend-side-chair-w007679133.html?piid=472962976,1140,0,1,1,0
1,0,Klas Upholstered Side Chair,Wayfair,橡膠木,56.52×59.69×83.82,35.6,4500.0,1801.0,2.54,50.8,5062.0,102.06,https://www.wayfair.com/furniture/pdp/red-barrel-studio-kias-upholstered-side-chair-w003392179.html?piid=2121176236%2C2121176226,1141,0,1,1,0
1,0,Alkim 19'' H Faux Leather Upholstered Side Chair,Wayfair,橡膠木,152×152×2.54,58.4,4500.0,2581.0,20.5,48.3,5062.0,9.98,https://www.wayfair.com/furniture/pdp/17-stories-alkim-side-chair-in-black-w009150533.html,1142,0,1,1,0
1,0,Donnellson 18'' H Upholstered Side Chair,Wayfair,橡木,43.18×52.07×90.17,41.9,4500.0,6530.0,2.5,48.3,8525.0,18.14,https://www.wayfair.com/furniture/pdp/three-posts-donnellson-solid-wood-side-chair-drbc1111.html?piid=41839520,1143,0,1,0,0
1,0,Verena Upholstered Dining Chair,Wayfair,實木,2.54×152.4×2.54,21.6,4500.0,2581.0,5.0,45.7,5062.0,6.35,https://www.wayfair.com/furniture/pdp/george-oliver-verena-upholstered-dining-chair-w113203879.html?piid=565837493,1144,0,1,1,0
1,0,Moitreo Italian Style Modern Comfy Solid Wood Linen Fabric Dining Chair,Wayfair,橡膠木,54.0×56.01×78.99,30.7,9363.0,3540.0,6.985,635.0,5062.0,6.99,https://www.wayfair.com/furniture/pdp/corrigan-studio-moitreo-italian-style-modern-comfy-solid-wood-linen-fabric-dining-chair-w111350072.html,1145,0,0,1,0
1,0,Loraine 18'' H Solid Wood Side Chair,Wayfair,橡膠木,44.45×54.61×77.47,30.5,4500.0,2581.0,1.0,47.0,5062.0,7.94,https://www.wayfair.com/furniture/pdp/red-barrel-studio-loraine-solid-wood-cross-back-side-chair-rdbl2356.html?piid=20549083,1146,0,1,1,0
1,0,Stahl Tufted Dining Chair in Black,Wayfair,橡膠木,44.45×54.61×77.47,30.5,4500.0,1906.0,4.13,47.0,5062.0,7.94,https://www.wayfair.com/furniture/pdp/corrigan-studio-stahl-tufted-dining-chair-in-black-w001802641.html,1147,0,1,1,0
1,0,Guillot 18.5'' H Fabric Upholstered Oak Side Chair,Wayfair,橡膠木,45.97×58.93×82.55,42.9,6873.0,2990.0,6.3,48.2,2873.0,6.3,https://www.wayfair.com/furniture/pdp/charlton-home-hegarty-solid-wood-dining-chair-w001821824.html?piid=1666860258,1148,0,0,0,0
1,0,Jane Acrylic Leg Dining Chair,Wayfair,橡膠木,45.72×55.88×101.6,55.9,4500.0,1035.0,5.0,45.7,5062.0,16.78,https://www.wayfair.com/furniture/pdp/everly-quinn-jane-acrylic-leg-dining-chair-eyqn4595.html?piid=29190142,1149,0,1,1,0
1,0,Maritschnik 18'' H Upholstered Parsons Chair,Wayfair,橡膠木,46.36×56.52×80.64,44.4,4500.0,2581.0,2.54,49.5,5062.0,8.5,https://www.wayfair.com/furniture/pdp/winston-porter-maritschnik-linen-upholstered-dining-chair-w001832690.html?piid=969126128%2C969126143,1150,0,1,1,1
1,0,Lancaster Faux Leather Solid Wood Dining Chair,Wayfair,橡木,45.47×49.02×98.04,80.5,4500.0,2969.0,5.0,47.0,5062.0,25.95,https://www.wayfair.com/furniture/pdp/williston-forge-lancaster-faux-leather-solid-wood-dining-chair-w004773117.html,1151,0,1,1,0
0,0,"Imon 17.1"" Wide Modern Farmhouse Style Curved Slat Back Dining Chairs",Wayfair,橡木,62.5×63.5×99,49.3,4500.0,2131.0,2.5,19.1,5062.0,11.02,https://www.wayfair.com/furniture/pdp/lark-manor-imon-171-wide-modern-farmhouse-style-curved-slat-back-dining-chairs-duhm4534.html,1152,0,1,1,0
1,0,Matney 18'' H Faux Leather Upholstered Ash Side Chair,Wayfair,橡膠木,46.99×55.88×104.14,83.5,4500.0,2377.0,5.08,45.7,5062.0,13.61,https://www.wayfair.com/furniture/pdp/george-oliver-matney-side-chair-w004521661.html?piid=426560813,1153,0,1,1,0
1,0,Barrentine 18.5'' H Side Chair,Wayfair,橡木,49.53×55.88×97.79,50.8,4500.0,2581.0,2.286,47.6,5062.0,10.98,https://www.wayfair.com/furniture/pdp/beachcrest-home-barrentine-cross-back-side-chair-in-paperwhite-w002045353.html,1154,0,1,1,0
1,0,Arawn Upholstered Dining Chair,Wayfair,橡膠木,43.43×44.96×89.92,44.4,4500.0,2729.0,5.0,45.5,5062.0,14.0,https://www.wayfair.com/furniture/pdp/allmodern-arawn-upholstered-dining-chair-w110522193.html?piid=765795156,1155,0,1,1,0
1,0,Dimartino 19'' H Faux Leather Upholstered Walnut Side Chair,Wayfair,橡木,46.99×44.45×85.09,33.5,4500.0,1222.0,2.5,45.7,9365.0,8.16,https://www.wayfair.com/furniture/pdp/brayden-studio-dimartino-upholstered-side-chair-byst6183.html?piid=103146293%2C23690390,1156,0,1,0,0
0,0,Jakob 17.71'' H Upholstered Side Chair,Wayfair,橡木,50.8×58.42×103.5,57.2,4500.0,2962.0,7.62,47.0,5062.0,10.25,https://www.wayfair.com/furniture/pdp/bay-isle-home-jakob-linen-side-chair-in-light-browngray-w002728525.html,1157,0,1,1,0
1,0,Neli Polyurethane Parsons Chair,Wayfair,橡膠木,51.44×61.59×88.9,43.5,4500.0,1343.0,44.45,48.3,5062.0,7.98,https://www.wayfair.com/furniture/pdp/hokku-designs-neli-polyurethane-parsons-chair-csep1227.html?piid=87288508%2C87288507,1158,0,1,1,0
0,0,Modway Court Upholstered Fabric Dining Side Chairs,Wayfair,橡木,50.8×58.42×88.9,43.2,4500.0,2614.0,10.0,48.3,5062.0,7.71,https://www.wayfair.com/furniture/pdp/modway-court-upholstered-fabric-dining-side-chairs-w001588477.html?piid=848609982,1159,0,1,1,0
1,0,Ventura 18.5'' H Upholstered Side Chair,Wayfair,橡膠木,48.01×47.5×81.03,36.1,4500.0,4042.0,78.23,45.0,3241.0,13.02,https://www.wayfair.com/furniture/pdp/rosalind-wheeler-ventura-slat-back-side-chair-in-charcoal-w000971428.html,1160,0,1,0,0
0,0,Nikhel Tufted French Leather King Louis Back Parsons Chair,Wayfair,橡膠木,43.94×55.88×92.46,55.9,4500.0,2861.0,10.0,45.0,5062.0,32.93,https://www.wayfair.com/furniture/pdp/one-allium-way-nikhel-tufted-french-leather-king-louis-back-parsons-chair-w110276183.html?piid=1442236111,1161,0,1,1,0
1,0,"Solid Wood Parsons Dining Chairs, Rubberwood Upholstered Dinner Chair with Foam Seat, Stain-Resistant Fabric",Wayfair,橡膠木,55.88×55.88×95.25,47.0,4500.0,2072.0,2.54,45.7,5062.0,150.14,https://www.wayfair.com/furniture/pdp/subrtex-solid-wood-parsons-dining-chairs-rubberwood-upholstered-dinner-chair-with-foam-seat-stain-resistant-fabric-subx1768.html?piid=111912281,1162,0,0,1,0
1,0,Shiff 18'' H Foam Padding Upholstered Parsons Chair,Wayfair,橡膠木,44.45×45.72×96.52,48.3,4500.0,1262.0,2.54,47.6,5062.0,4.9,https://www.wayfair.com/furniture/pdp/red-barrel-studio-shiff-foam-padding-solid-back-upholstered-back-parsons-chair-dining-chair-w111613900.html,1163,0,1,1,0
1,0,Scholten Windsor Back Two-Tone Arm Chair,Wayfair,橡木,51.05×58.67×96.77,45.0,4500.0,1022.0,5.0,51.0,5062.0,6.85,https://www.wayfair.com/furniture/pdp/scholten-windsor-back-two-tone-arm-chair-w007477891.html,1164,0,1,1,0
1,0,20.3'' H Upholstered Side Chair,Wayfair,橡膠木,39.88×52.07×90.17,47.0,4500.0,2602.0,36.83,39.4,5062.0,13.5,https://www.wayfair.com/furniture/pdp/red-barrel-studio-feriz-solid-wood-ladder-back-side-chair-in-black-w006090821.html,1165,0,1,1,0
0,0,Avenco 12'' Medium Hybrid Mattress,Wayfair,橡膠木,50.8×58.72×96.82,51.0,4500.0,3618.0,7.62,45.7,5722.0,7.26,https://www.wayfair.com/bed-bath/pdp/avenco-12-medium-hybrid-mattress-xcbb1054.html?piid=66378271,1166,0,1,0,0
1,0,"26"" Faux Hydrangea Floral Wreath for Front Door",Wayfair,橡膠木,60.96×68.58×101.6,55.9,4500.0,3582.0,2.57,45.7,7274.0,7.71,https://www.wayfair.com/decor-pillows/pdp/primrue-26-faux-hydrangea-floral-wreath-for-front-door-w009575102.html?piid=1773599573,1167,0,1,0,0
1,0,Fraser 61.25'' W 11 - Drawer Dresser,Wayfair,橡膠木,43.94×45.47×88.9,45.0,4500.0,2581.0,11.4,51.6,5062.0,13.66,https://www.wayfair.com/furniture/pdp/viv-rae-fraser-11-drawer-6112-w-combo-dresser-w000079618.html?piid=1151077677,1168,0,1,1,0
0,0,未知產品,Wayfair,實木,78.74×48.26×209.55,45.0,4500.0,3803.0,2.54,208.0,5062.0,19.79,https://www.wayfair.com/furniture/pdp/birch-lane-niara-leather-side-chair-bl25808.html?piid=104827903,1169,0,1,1,0
0,0,未知產品,Wayfair,橡木,81.28×54.61×88.9,88.9,4500.0,4435.0,2.54,45.0,5062.0,64.86,https://www.wayfair.com/furniture/pdp/birch-lane-brinley-side-chair-kkah1322.html?piid=89471361,1170,0,1,1,0
0,0,Berenis Tufted Linen Upholstered Elegant Dinning Chair,Wayfair,橡木,59.0×64.01×95.0,44.2,4500.0,3497.0,52.07,49.8,5062.0,6.35,https://www.wayfair.com/furniture/pdp/red-barrel-studio-berenis-tufted-linen-upholstered-elegant-dinning-chair-w009604871.html?piid=551275074%2C582809233,1171,0,1,1,0
1,0,Ladores 18.5'' H Oak Side Chair,Wayfair,橡木,59.0×63.5×92.71,45.0,4500.0,3595.0,5.21,54.0,5062.0,5.9,https://www.wayfair.com/furniture/pdp/august-grove-ladores-cross-back-side-chair-w005333780.html?piid=122245318,1172,0,1,1,0
1,0,Bremond Tufted Linen Fabric Upholstered Parsons Chair,Wayfair,橡木,59.0×72.01×84.0,32.3,4500.0,2581.0,19.05,52.1,5062.0,58.0,https://www.wayfair.com/furniture/pdp/east-west-furniture-brp3t18-bremond-dining-chairs-dark-coffee-color-linen-fabric-wooden-mahogany-finish-legs-modern-dining-room-chairs-set-of-2-fssw4454.html,1173,0,1,1,1
1,0,Beka 16.9'' H Walnut Solid Wood Armchair,Wayfair,橡膠木,54.61×66.04×91.44,47.0,4500.0,1073.0,19.05,48.3,7506.0,18.6,https://www.wayfair.com/furniture/pdp/bayou-breeze-beka-solid-wood-full-back-arm-chair-dining-chair-w110237364.html?piid=1634169355,1174,0,1,0,0
1,0,Almiro 20'' H Foam Padding Upholstered Accent,Wayfair,橡膠木,50.04×54.61×88.9,42.9,4500.0,2933.0,5.0,43.8,7420.0,10.0,https://www.wayfair.com/furniture/pdp/one-allium-way-almiro-dining-chair-w111606960.html,1175,0,1,0,0
1,0,Laithen 18.5'' H Upholstered Acacia Side Chair,Wayfair,橡膠木,48.26×64.77×106.68,106.7,4500.0,3123.0,18.5,45.0,5062.0,15.0,https://www.wayfair.com/furniture/pdp/union-rustic-laithen-chaise-de-salle-a-manger-en-bois-massif-vickie-w005482639.html,1176,0,1,1,0
1,0,Armstead 17.5'' H Upholstered Walnut Side Chair,Wayfair,橡膠木,51.05×52.07×78.99,36.1,4500.0,3206.0,1.75,43.2,3751.0,7.26,https://www.wayfair.com/furniture/pdp/loon-peak-armstead-side-chair-lopk5965.html,1177,0,1,0,0
0,0,"Brar Dining Chair Set Of 2, Light Brown Fabric, Slat Back, Brown Hardwood",Wayfair,橡膠木,59.05×62.87×106.05,56.3,4500.0,3978.0,3.0,51.0,6801.0,9.98,https://www.wayfair.com/furniture/pdp/benjara-brar-dining-chair-set-of-2-light-brown-fabric-slat-back-brown-hardwood-bnkd4721.html,1178,0,1,0,0
1,0,Abyade 18'' H Solid Wood Side Chair,Wayfair,橡膠木,66.04×50.8×99.06,20.3,4500.0,2581.0,4.45,47.0,7700.0,11.34,https://www.wayfair.com/furniture/pdp/rosalind-wheeler-set-of-2-vintage-windsor-dining-side-chair-wood-spindleback-kitchen-room-white-w008885242.html,1179,0,1,0,0
1,0,"Sabrena 18.9"" W Faux Leather Upholstered Modern Dining Chair",Wayfair,橡膠木,49.53×45.72×104.14,59.7,4500.0,2581.0,43.18,44.4,9970.0,13.61,https://www.wayfair.com/furniture/pdp/george-oliver-sabrena-189-w-faux-leather-upholstered-modern-dining-chair-w112339936.html?piid=1781391190,1180,0,1,0,0
0,0,Ilford 19.5'' H Upholstered Side Chair,Wayfair,橡木,49.53×59.05×100.97,101.0,4500.0,2923.0,2.54,50.8,5062.0,18.0,https://www.wayfair.com/furniture/pdp/ilford-queen-anne-back-side-chair-in-beige-w002440448.html,1181,0,1,1,0
1,0,Edwa 19.5'' H Genuine Leather Upholstered Side Chair,Wayfair,橡木,46.99×46.99×92.71,47.0,4500.0,3420.0,2.54,45.7,5062.0,10.78,https://www.wayfair.com/furniture/pdp/red-barrel-studio-edwa-upholstered-ladder-back-side-chair-in-black-bnzc2602.html?piid=96793181,1182,0,1,1,0
0,0,Upholstered Solid Wood Parsons Side Dining Chair,Wayfair,橡膠木,48.01×54.1×81.03,39.0,4500.0,3593.0,2.5,49.5,5062.0,7.26,https://www.wayfair.com/furniture/pdp/lark-manor-upholstered-solid-wood-parsons-side-dining-chair-w112302068.html?piid=811411513,1183,0,1,1,0
1,0,18'' H Solid Wood Side Chair,Wayfair,橡木,52.7×59.69×103.5,21.2,4500.0,3821.0,2.54,49.5,5062.0,10.89,https://www.wayfair.com/furniture/pdp/iconic-furniture-solid-wood-dining-chair-icnf1066.html,1184,0,1,1,0
0,0,Khanya 19.75'' H Velvet Upholstered Oak Side Chair,Wayfair,橡木,49.53×58.42×101.6,51.5,4500.0,1143.0,5.0,50.8,5062.0,14.97,https://www.wayfair.com/furniture/pdp/mercer41-khanya-velvet-upholstered-wing-back-side-chair-w011215179.html?piid=1332638761,1185,0,1,1,0
0,0,Hisatoshi Faux Leather Upholstered Armchair Classic Dining Chair with Armrest,Wayfair,橡膠木,48.26×59.69×82.55,31.2,7736.0,3535.0,5.0,48.3,5062.0,6.3,https://www.wayfair.com/furniture/pdp/george-oliver-hisatoshi-faux-leather-upholstered-armchair-classic-dining-chair-with-armrest-w110318497.html?piid=1869177315,1186,0,0,1,0
1,0,20'' H Tufted Upholstered Side Chair,Wayfair,橡膠木,45.72×55.88×99.06,53.3,4500.0,1539.0,2.54,45.7,5062.0,9.07,https://www.wayfair.com/furniture/pdp/rosdorf-park-futral-tufted-solid-wood-side-chair-w004782914.html?piid=769030867,1187,0,1,1,0
1,0,Afrahim 17.7'' H Fabric Upholstered Side Chair,Wayfair,橡木,52.07×50.8×83.82,33.6,4500.0,2055.0,1.27,17.7,4719.0,15.47,https://www.wayfair.com/furniture/pdp/orren-ellis-upholstered-dining-chairs-modern-wingback-arm-chairs-with-metal-legs-fully-assembled-fabric-dining-chairs-w110263959.html?piid=1687920910,1188,0,1,0,0
0,0,Pillsbury 18'' H Upholstered Side Chair,Wayfair,橡膠木,56.52×59.69×73.66,29.2,4500.0,3351.0,3.81,17.6,4273.0,8.3,https://www.wayfair.com/furniture/pdp/august-grove-pillsbury-upholstered-queen-anne-back-side-chair-in-saddle-brown-w002902648.html,1189,0,1,0,0
0,0,Chelce Fabric Solid Back Side Chair,Wayfair,橡膠木,54.61×64.77×102.23,51.8,4500.0,1751.0,4.68,50.8,5062.0,18.76,https://www.wayfair.com/furniture/pdp/red-barrel-studio-chelce-fabric-solid-back-side-chair-w100680726.html?piid=492405090,1190,0,1,1,0
0,0,Bim Solid Wood Spindle Back Dining Chair,Wayfair,橡膠木,,27.2,4500.0,3756.0,1.725,45.0,4290.0,15.8,https://www.wayfair.com/furniture/pdp/bim-solid-wood-spindle-back-dining-chair-w009057566.html?piid=668659597,1191,0,1,0,0
0,0,Breeyah Solid Wood Slat Back Side Chair in Brown Oak,Wayfair,橡膠木,45.72×53.34×96.52,96.5,4500.0,2581.0,2.54,45.7,5062.0,15.42,https://www.wayfair.com/furniture/pdp/corrigan-studio-breeyah-solid-wood-slat-back-side-chair-in-brown-oak-w100603230.html,1192,0,1,1,0
1,0,Arvo 18'' H Upholstered Armchair,Wayfair,橡木,50.8×63.5×88.9,45.7,4500.0,2581.0,48.26,48.3,5062.0,16.76,https://www.wayfair.com/furniture/pdp/lark-manor-arvo-arm-chair-in-warm-pecan-w000901798.html,1193,0,1,1,0
1,0,Berryman 18'' H Solid Wood Side Chair,Wayfair,橡膠木,46.36×45.72×85.09,40.0,5309.0,2581.0,4.45,45.1,7282.0,5.6,https://www.wayfair.com/furniture/pdp/one-allium-way-berryman-solid-wood-dining-chair-w004993934.html,1194,0,0,0,0
1,0,Bynoe 19.5'' H Faux Leather Upholstered Side Chair,Wayfair,橡膠木,48.9×59.05×95.89,50.0,4500.0,3537.0,7.44,45.1,5062.0,7.75,https://www.wayfair.com/furniture/pdp/brayden-studio-bynoe-side-chair-byst5900.html?piid=94095267,1195,0,1,1,0
0,0,Brunhild 18.5'' H Linen Upholstered Acacia Side Chair,Wayfair,橡木,66.04×68.58×110.49,110.5,4500.0,3965.0,2.54,45.7,5062.0,13.61,https://www.wayfair.com/furniture/pdp/birch-lane-brunhild-linen-solid-wood-side-chair-w004591367.html,1196,0,1,1,0
1,0,Lyddia Wood Upholstered Dining Chair,Wayfair,橡膠木,51.05×57.4×106.93,54.9,4500.0,3309.0,2.54,45.7,6933.0,9.53,https://www.wayfair.com/furniture/pdp/orren-ellis-lyddia-wood-upholstered-dining-chair-w112037063.html?piid=480596894,1197,0,1,0,0
1,0,Linzy Solid Wood Modern Side Chair,Wayfair,橡木,48.26×59.05×97.79,45.0,4500.0,2724.0,3.81,48.3,5062.0,8.0,https://www.wayfair.com/furniture/pdp/corrigan-studio-linzy-solid-wood-modern-side-chair-w112854567.html?piid=1550333012,1198,0,1,1,0
1,0,19'' H Linen Upholstered Side Chair,Wayfair,橡木,60.96×55.88×109.22,109.2,4500.0,3552.0,2.5,47.0,5062.0,10.43,https://www.wayfair.com/furniture/pdp/george-oliver-linen-upholstered-side-chair-in-walnutgray-w001737303.html,1199,0,1,1,0
1,0,Shenee Heights Upholstered Dining Chair,Wayfair,橡膠木,57.79×59.69×78.74,22.9,3210.0,3761.0,2.5,52.8,5062.0,18.4,https://www.wayfair.com/furniture/pdp/red-barrel-studio-shenee-heights-upholstered-dining-chair-w110779517.html,1200,0,0,1,0
1,0,Lana Solid Wood Side Chair Dining Chair,Wayfair,橡膠木,42.63×151.44×90,37.6,4500.0,3242.0,3.0,47.0,5062.0,25.95,https://www.wayfair.com/furniture/pdp/birch-lane-lana-solid-wood-side-chair-dining-chair-w110950803.html,1201,0,1,1,0
1,0,Eglanteen Fabric Upholstered Back Side Chair in Gray,Wayfair,橡膠木,45.72×53.34×81.28,33.0,4500.0,1177.0,5.0,48.3,9282.0,12.02,https://www.wayfair.com/furniture/pdp/red-barrel-studio-eglanteen-fabric-upholstered-back-side-chair-in-gray-w110278581.html,1202,0,1,0,0
0,0,Akinobu 18.5'' H Upholstered Parsons Chair,Wayfair,橡木,52.07×62.23×92.08,92.1,4500.0,1142.0,2.5,50.8,5062.0,8.05,https://www.wayfair.com/furniture/pdp/lark-manor-akinobu-chair-in-gray-hdnn1751.html,1203,0,1,1,0
0,0,Segovia 18.75'' H Upholstered Parsons Chair,Wayfair,橡膠木,50.04×57.66×96.52,38.0,4500.0,3194.0,1.9,45.7,8371.0,11.02,https://www.wayfair.com/furniture/pdp/one-allium-way-segovia-tufted-parsons-chair-in-beige-w003379202.html,1204,0,1,0,0
1,0,Armelo 19.5'' H Upholstered Side Chair,Wayfair,橡膠木,48.51×67.69×106.68,106.7,4500.0,3536.0,8.94,50.8,7258.0,7.78,https://www.wayfair.com/furniture/pdp/lark-manor-armelo-side-chair-w100781033.html?piid=1916003457,1205,0,1,0,0
1,0,Macarthur 17.3'' H Solid Wood Side Chair,Wayfair,橡膠木,48.51×63.5×98.04,51.3,4500.0,3280.0,2.54,47.0,5062.0,7.35,https://www.wayfair.com/furniture/pdp/highland-dunes-macarthur-solid-wood-side-chair-w000667951.html?piid=1328963536,1206,0,1,1,0
1,0,Hoswell 18.25'' H Tufted Upholstered Side Chair,Wayfair,橡膠木,45.09×65.41×98.42,50.8,4500.0,2761.0,3.0,45.7,5062.0,8.16,https://www.wayfair.com/furniture/pdp/union-rustic-hoswell-tufted-arm-chair-in-brown-w001361347.html,1207,0,1,1,0
0,0,Aizayah 17.9'' H Dining Chair,Wayfair,實木,2.54×2.54×254,45.0,4500.0,2581.0,2.0,45.7,5062.0,5.0,https://www.wayfair.com/furniture/pdp/red-barrel-studio-aizayah-cut-out-back-side-chair-in-dark-brownwhite-w003600854.html?piid=688858432,1208,0,1,0,0
1,0,Baystone 18'' H Faux Leather Upholstered Beech Parsons Chair,Wayfair,實木,2.54×254×254,45.0,4500.0,2581.0,5.0,45.7,5062.0,15.0,https://www.wayfair.com/furniture/pdp/darby-home-co-baystone-cosmopolitan-side-chair-drbh4249.html,1209,0,1,1,0
1,0,Dacchille 19'' H Upholstered Side Chair,Wayfair,實木,2.54×2.54×254,45.0,4500.0,2581.0,5.0,48.3,5062.0,7.0,https://www.wayfair.com/furniture/pdp/august-grove-dacchille-dining-chair-w111689691.html,1210,0,1,1,0
1,0,Lawanda Solid Wood Side Chair,Wayfair,橡木,47.5×51.56×95.0,50.0,4500.0,2929.0,5.0,45.5,5062.0,6.26,https://www.wayfair.com/furniture/pdp/alcott-hill-lawanda-solid-wood-side-chair-w001974605.html?piid=1750225168,1211,0,1,1,0
1,0,Sunbury 17.79'' H Solid Wood Side Chair,Wayfair,實木,2.54×50×254,154.0,4500.0,2581.0,2.5,45.0,5700.0,5.0,https://www.wayfair.com/furniture/pdp/august-grove-sunbury-solid-wood-dining-chair-w004752104.html,1212,0,1,0,0
1,0,Kasiah 16.5'' H Side Chair,Wayfair,實木,2.54×50.8×254,127.0,4500.0,2581.0,5.0,41.9,5400.0,5.0,https://www.wayfair.com/furniture/pdp/wrought-studio-kasiah-side-chair-dining-chair-w110659067.html?piid=1941185588,1213,0,1,0,0
0,0,Rigdon 17.75'' H Solid Wood Side Chair,Wayfair,實木,,45.0,4500.0,2581.0,10.0,45.0,5062.0,7.0,https://www.wayfair.com/furniture/pdp/rigdon-solid-wood-slat-back-side-chair-w000188953.html,1214,0,1,1,1
0,0,未知產品,Wayfair,實木,,80.0,5184.0,2581.0,2.5,45.0,4101.0,4.0,https://www.wayfair.com/furniture/pdp/red-barrel-studio-feriz-solid-wood-ladder-back-side-chair-in-black-w006090821.html,1215,0,0,0,0
0,0,Roselli King Louis Back Rattan Arm Chair Dining Chair,Wayfair,實木,2.54×50×254,45.0,4500.0,1270.0,5.0,40.0,5120.0,7.0,https://www.wayfair.com/furniture/pdp/bay-isle-home-roselli-king-louis-back-rattan-arm-chair-dining-chair-w100256579.html?piid=115675194,1216,0,1,0,0
0,0,"Araujo 38.25"" Height Wood Padded Side Chairs (Set Of 2)",Wayfair,實木,2.54×50×254,45.0,4500.0,1270.0,5.0,43.0,5062.0,15.0,https://www.wayfair.com/furniture/pdp/the-twillery-co-araujo-3825-height-wood-padded-side-chairs-set-of-2-w010820520.html,1217,0,1,1,0
1,0,餐椅2025新款椅子木靠背餐桌原木代藤椅餐家用木凳子,淘寶,實木,45×45×80,40.0,7200.0,2025.0,3.0,45.0,6075.0,5.0,https://detail.tmall.com/item.htm?priceTId=2100c82617471400659154877e0bf7&utparam=%7B%22aplus_abtest%22%3A%223e5e0c80263a5c907e9276f849878be8%22%7D&id=915117212705&ns=1&detail_redpacket_pop=true&query=%E5%AE%9E%E6%9C%A8%E6%A4%85&xxc=ad_ztc&mi_id=hwIyFo2mSY9woe0psHrIxPQHqQJ92M9La4MEWgXxwqEi9-bq1XcjKQryijuSxrBIhCFuP5ZtEYO_yxxfFgxRV5_Dmx-q8dZzmxiJrofPv28&skuId=5781218713715&spm=a21n57.1.item.2,1218,0,0,0,0
1,0,木餐椅整椅子中式家用靠背椅榫卯构免安代餐桌凳子,淘寶,實木,45×48×90,45.0,3906.0,2160.0,3.0,45.0,6300.0,7.0,https://item.taobao.com/item.htm?priceTId=2100c82617471400659154877e0bf7&utparam=%7B%22aplus_abtest%22%3A%220cff2ad94c4f8c5649d24ff21390eee6%22%7D&id=849241621859&ns=1&detail_redpacket_pop=true&query=%E5%AE%9E%E6%9C%A8%E6%A4%85&xxc=ad_ztc&mi_id=6jazAq6dnmJatgcVFzMoRrvqqBaIuevuJViAgjztofJ218bGPZhL9zvgbXwuNdCR1pUNl8GSIXkQjJz1xRgWjENY7PP_Pxf4ZCfLBrVd_aM&skuId=5639395225174&spm=a21n57.1.item.3,1219,0,0,0,0
1,0,木餐椅家用房靠背椅舒适真皮包餐桌椅北奢休吃椅子,淘寶,實木,50×60×95,50.0,4500.0,3000.0,5.0,45.0,8100.0,7.5,https://item.taobao.com/item.htm?priceTId=2100c82617471400659154877e0bf7&utparam=%7B%22aplus_abtest%22%3A%2256b7238b6e5a7c75f9b5555da2df0e4e%22%7D&id=707984375962&ns=1&detail_redpacket_pop=true&query=%E5%AE%9E%E6%9C%A8%E6%A4%85&xxc=ad_ztc&mi_id=AlF8bnB8fYMS6pp2NNeA1BFzvINWP2I1CTojllbzgttImFktKCt8onP6UuTNUiNBC0fladje9liadc8BJhn054w3jMz4IEOk6APkG-5sQXw&skuId=4973298769640&spm=a21n57.1.item.5,1220,0,1,0,0
1,0,木餐椅奢靠背椅房公椅北餐桌椅凳子家用,淘寶,實木,42×49×90,45.0,8820.0,2058.0,2.5,45.0,8820.0,6.5,https://item.taobao.com/item.htm?priceTId=2100c82617471400659154877e0bf7&utparam=%7B%22aplus_abtest%22%3A%22a4999ec24f55294c746f76f51eb26896%22%7D&id=682584726784&ns=1&detail_redpacket_pop=true&query=%E5%AE%9E%E6%9C%A8%E6%A4%85&xxc=ad_ztc&mi_id=b_gaSIn8982VjGdv1peJQG8evca_iOsRj8zUi6k1S6MxcOMsEKVnz68x5rFkD-jLa9lcK-JYJ68QmXbdJVVxCfW-XwmtxU352hxOX4ORNns&skuId=5054619910857&spm=a21n57.1.item.7,1221,0,0,0,0
1,0,木公椅椅公室木椅子靠背椅家用麻椅,淘寶,實木,45×40×90,50.0,3600.0,1800.0,2.0,45.0,5400.0,7.0,https://item.taobao.com/item.htm?priceTId=2100c82617471400659154877e0bf7&utparam=%7B%22aplus_abtest%22%3A%22f916b2cd4cfc978c8b7012e5f9f802dd%22%7D&id=778443252419&ns=1&detail_redpacket_pop=true&query=%E5%AE%9E%E6%9C%A8%E6%A4%85&xxc=ad_ztc&mi_id=S7F-BZfM4FRRswQyuOUoYujC--rQtL6TTGdQOu_ArLpylnTUNmUYHquBNo9JHdDTHDFDD6hc4VHnTsAF56tsIN4yGPcy4NY0NNLep-6UL38&skuId=5320924265088&spm=a21n57.1.item.9,1222,0,0,0,0
1,0,木餐桌椅子家用餐椅原木休靠背椅餐吃凳子北洽桌,淘寶,實木,45×50×90,45.0,4050.0,2250.0,2.0,45.0,8100.0,7.0,https://detail.tmall.com/item.htm?priceTId=2100c82617471400659154877e0bf7&utparam=%7B%22aplus_abtest%22%3A%221ff626aaad67426378f7081568a99c49%22%7D&id=804845499876&ns=1&abbucket=15&xxc=taobaoSearch&detail_redpacket_pop=true&query=%E5%AE%9E%E6%9C%A8%E6%A4%85&mi_id=-EXAALBGUwBuP-wtAfzGEiHPBFzfMNmJHJDgIFPr_iNvPJG_FlgNx4OKNvY8V_Ng0GeisVVfRkVGwjNJ-DPZV-fMPWJ-MXs_Ypwa8G0Zni0&skuId=5934752534015&spm=a21n57.1.item.10,1223,0,0,0,0
1,0,全木椅子靠背椅餐椅家用凳子麻椅子原木榫卯中式整餐桌椅子,淘寶,原木,45×45×90,45.0,3645.0,2025.0,2.5,45.0,6075.0,7.0,https://item.taobao.com/item.htm?priceTId=2100c82617471400659154877e0bf7&utparam=%7B%22aplus_abtest%22%3A%22a4035da58aab337c799f609ae9e42f24%22%7D&id=829589790775&ns=1&abbucket=15&xxc=taobaoSearch&detail_redpacket_pop=true&query=%E5%AE%9E%E6%9C%A8%E6%A4%85&mi_id=ijmLczKgGYEr3Lh9NHxB9CvLHucSIaInWZiw9P_Tu81tvONwrQX_0prNGoj23PEFBUIZE3q6tpPP69aJoWBRvissp0N6R3FiwkYwhOh1SAE&skuId=5732730423430&spm=a21n57.1.item.11,1224,0,0,0,0
1,0,木椅子餐椅家用餐桌椅商用靠背椅木复古意式用餐凳子,淘寶,實木,45×50×95,50.0,4500.0,2250.0,4.0,45.0,4050.0,5.0,https://detail.tmall.com/item.htm?priceTId=2100c82617471400659154877e0bf7&utparam=%7B%22aplus_abtest%22%3A%22fe65e3d6393c8f9cc184ebeb32a1dc3e%22%7D&id=822482029290&ns=1&abbucket=15&xxc=taobaoSearch&detail_redpacket_pop=true&query=%E5%AE%9E%E6%9C%A8%E6%A4%85&mi_id=fkNI7hzr8EdLYh6rLJ7pXL46liT8JadCLg0LozQrEjj6tVC6aJiMHwgz0SB__hHTIpanXofVaMT1e1ELSJqquGmrP7QQvBsgKyade9hOhzY&skuId=5702241326247&spm=a21n57.1.item.12,1225,0,0,0,0
1,0,木餐椅家用靠背餐桌椅2025新款餐凳子中古茶桌主人椅桌椅子,淘寶,實木,45×50×95,50.0,4500.0,2250.0,3.0,45.0,2025.0,7.5,https://item.taobao.com/item.htm?priceTId=2100c82617471400659154877e0bf7&utparam=%7B%22aplus_abtest%22%3A%22fcfd8d0bc365acef458db95805e8cd1a%22%7D&id=910319687422&ns=1&abbucket=15&xxc=taobaoSearch&detail_redpacket_pop=true&query=%E5%AE%9E%E6%9C%A8%E6%A4%85&mi_id=vWboNYjCF1Whc5p83blMrsCO5UMFDuy2FoVZs5Z6qPqTyFLnTRnaIEfDxIUI_Ch-qoakv4YGIreMZvZjccoA18QCBQk7UdU9HFTFkZRP_e8&skuId=5947399011170&spm=a21n57.1.item.13,1226,0,1,0,0
0,0,木莎椅化白色黑色椅子靠背餐桌木椅北桌家用椅子,淘寶,實木,假設45×50×95,50.0,4500.0,2250.0,2.0,45.0,5062.0,8.0,https://item.taobao.com/item.htm?priceTId=2100c82617471400659154877e0bf7&utparam=%7B%22aplus_abtest%22%3A%22db1daf9d97902a166c058fc2743e2c4c%22%7D&id=593519467837&ns=1&detail_redpacket_pop=true&query=%E5%AE%9E%E6%9C%A8%E6%A4%85&xxc=ad_ztc&mi_id=qDOm82qkos6RMTQ0bkGbNQ-rglu34pgXdiVYz4wXBO0C1duFhNheyTq0wirtwpubOM9-pHj0YnEZAMcE9Z8jMxGB4H_REgc9nBrjgVUOq1M&skuId=4947258299068&spm=a21n57.1.item.14,1227,0,1,1,0
1,0,山木北房家用公咖啡木休久坐扶手沙椅子,淘寶,實木,55×60×80,40.0,6600.0,3300.0,5.0,45.0,6750.0,10.0,https://item.taobao.com/item.htm?priceTId=2100c82617471400659154877e0bf7&utparam=%7B%22aplus_abtest%22%3A%2213e388675fc67314e3b75bc8aad6ddf3%22%7D&id=676795599574&ns=1&detail_redpacket_pop=true&query=%E5%AE%9E%E6%9C%A8%E6%A4%85&xxc=ad_ztc&mi_id=GExlbr5HLvPz306S1rLxfsNxoC-RknOyU-IdZHcIOueC5ATfo0zH7AKgZfwpUUJUAUz19i2hL-D-FV78lAJl0t88WXyswKPp6ZAPdyLtiLk&skuId=4857223240028&spm=a21n57.1.item.17,1228,0,0,0,0
1,0,源氏木木餐椅北橡木靠背椅家用休椅代餐吃子,淘寶,橡木,45×50×85,40.0,5400.0,2250.0,3.0,45.0,5062.0,7.0,https://detail.tmall.com/item.htm?priceTId=2100c82617471400659154877e0bf7&utparam=%7B%22aplus_abtest%22%3A%227b5660da5be6ac31d36c107672deae37%22%7D&id=617938892534&ns=1&abbucket=15&umpChannel=bybtqdyh&u_channel=bybtqdyh&fpChannel=101&fpChannelSig=ef377d3141a17ff19e1f15343e7a30363474f592&xxc=taobaoSearch&detail_redpacket_pop=true&query=%E5%AE%9E%E6%9C%A8%E6%A4%85&mi_id=Qml_4RUQnTJku63LfDyYYRgsO4vedxuwidQ8REmvsLUuruo6k8C32Ey--8IGRld0vj7dOtGbad2k4J7vONIyIgMhmHaRrHMcR3hHZFCIVSM&skuId=5964017642618&spm=a21n57.1.item.19,1229,0,0,0,0
1,0,全木餐椅松木家用代餐餐桌椅木原木凳子靠背木椅子,淘寶,松木,42×49×90,45.0,8820.0,2058.0,2.5,45.0,5670.0,5.0,https://item.taobao.com/item.htm?priceTId=2100c82617471400659154877e0bf7&utparam=%7B%22aplus_abtest%22%3A%2231cb63d091370f63340c325ceedce4f0%22%7D&id=606876500209&ns=1&abbucket=15&xxc=taobaoSearch&detail_redpacket_pop=true&query=%E5%AE%9E%E6%9C%A8%E6%A4%85&mi_id=wngGKsn7fxQHqGbT8nie9NR_Yh4pNGynsqz00r5hDl3iR9NqZxZtKSXMs4rXZMy4cXoIM2OFFE-bGpW-nXssxTHPBW3D8RHFcu0Crse5Kg8&skuId=4429284310063&spm=a21n57.1.item.20,1230,0,0,0,0
1,0,小矮凳木凳子成人靠背洗小板凳木幼儿儿童椅家用,淘寶,實木,30×30×45,45.0,900.0,2581.0,2.0,35.0,3150.0,4.0,https://item.taobao.com/item.htm?priceTId=2100c82617471400659154877e0bf7&utparam=%7B%22aplus_abtest%22%3A%22069bb17649d19ef8bf2042c0ebae9f9d%22%7D&id=553727110263&ns=1&abbucket=15&xxc=taobaoSearch&detail_redpacket_pop=true&query=%E5%AE%9E%E6%9C%A8%E6%A4%85&mi_id=V1G1iF8boVtOAslFJfBwykNwqRKSJ7-IG_uwxSl9u1nVNEvUc5K-OfmQyKlXUFGxQhZBDMVox2s08byrBAR8c1sygggTJyLQlKRMVWAFZqo&skuId=3549352980546&spm=a21n57.1.item.23,1231,0,0,0,0
1,0,北木椅子胡桃色餐椅房桌椅扶手泡茶椅复古超皮包椅,淘寶,胡桃木,50×60×85,40.0,4500.0,3000.0,5.0,45.0,6750.0,7.5,https://item.taobao.com/item.htm?priceTId=2100c82617471400659154877e0bf7&utparam=%7B%22aplus_abtest%22%3A%226ec58df665659fbb9c00b10f23de85a7%22%7D&id=775745571152&ns=1&detail_redpacket_pop=true&query=%E5%AE%9E%E6%9C%A8%E6%A4%85&xxc=ad_ztc&mi_id=KqqgdesyhRctMK7oPLeERlxl51X7VFkBeqCB-YCfnDKhdK7qQ66T1JHnxohvwYW4L9jropfPFdZTwjlAdO3WebF--Fs0d-yZjZs_Y5MZUaM&skuId=5476714207921&spm=a21n57.1.item.24,1232,0,1,0,0
1,0,吧台木椅 早餐店吃椅子 靠背 家用餐椅子 罩字椅,淘寶,實木,"未提供, 估計為 40×40×100",35.0,4500.0,1600.0,5.0,75.0,5062.0,8.0,https://detail.tmall.com/item.htm?priceTId=2100c82617471400659154877e0bf7&utparam=%7B%22aplus_abtest%22%3A%224e52136c628dfc60d0628f29cd23d036%22%7D&id=812163018252&ns=1&abbucket=15&xxc=taobaoSearch&detail_redpacket_pop=true&query=%E5%AE%9E%E6%9C%A8%E6%A4%85&mi_id=_4pfj2_Ji4RehaithqaInLDrGjTH1giuoiTW3YUPXit1ToZ8v5mWApdQHfXRGJJ5yuhnbBxLR2cQPtDgsqonEA7t3hFpMZzbSuPmsCs0P0w&skuId=5583459004294&spm=a21n57.1.item.25,1233,0,1,1,0
0,0,木餐椅桌椅家用椅室凳子生椅久坐舒服公椅靠背,淘寶,木,未提供，估計: 45×50×85,40.0,4500.0,2250.0,3.0,45.0,2025.0,7.5,https://item.taobao.com/item.htm?priceTId=2100c82617471400659154877e0bf7&utparam=%7B%22aplus_abtest%22%3A%225732fe2ec55852325e02606b345cada1%22%7D&id=687803672013&ns=1&abbucket=15&xxc=taobaoSearch&detail_redpacket_pop=true&query=%E5%AE%9E%E6%9C%A8%E6%A4%85&mi_id=OoY_azvt8FjEhU3aAMzWQ5Ixp0QMjBOGrNGQRtzFA9mMbc4MikG5wjFERZi1dCcd1c5J-x81qcYoRPNB3rGCNwav7GALtADefuBq1lucBbM&skuId=4906610373388&spm=a21n57.1.item.31,1234,0,0,0,0
0,0,木椅子靠背包座椅靠支腰冬季餐椅茶椅靠背河椅u型枕,淘寶,木,45×50×85,40.0,4500.0,2250.0,3.0,45.0,4050.0,5.0,https://detail.tmall.com/item.htm?priceTId=2100c82617471400659154877e0bf7&utparam=%7B%22aplus_abtest%22%3A%22067cfa05b8e996362f9bccaab28ca214%22%7D&id=871206838637&ns=1&abbucket=15&xxc=taobaoSearch&detail_redpacket_pop=true&query=%E5%AE%9E%E6%9C%A8%E6%A4%85&mi_id=98fQycEYhETD6RRoAZqnqnVtNlozfBWamkOe8aoKmkuPLraS3MAmi2fbE16ZcRUkAKxP5b2xKOjaLSrRPCTBC1JjpKGQ7U8xF7uJgoCKIf8&skuId=5870151366474&spm=a21n57.1.item.32,1235,0,0,0,0
1,0,卡座桌子定制餐店湘菜木桌椅合靠商用餐店沙椅子,淘寶,實木,120×70×76,40.0,5280.0,1440.0,5.0,45.0,5062.0,25.0,https://item.taobao.com/item.htm?priceTId=2100c82617471400659154877e0bf7&utparam=%7B%22aplus_abtest%22%3A%22b20762548b27522b90900736275c0495%22%7D&id=820371447814&ns=1&detail_redpacket_pop=true&query=%E5%AE%9E%E6%9C%A8%E6%A4%85&xxc=ad_ztc&mi_id=ewvA7nk3mY30yitaeGfTCRU4Rqa7-pFnobdClkCnJQwvhxfYY2Ueg0ObNEooLFgNnikwOVjKHKZ0kYmr3N1Osdmj1IkU1Uzaj4M6Tvrtekw&skuId=5765710232609&spm=a21n57.1.item.33,1236,0,0,1,0
0,1,酒店木圈椅人休室台老人椅子客靠背椅茶几三件套,淘寶,實木,50×50×85,40.0,4500.0,1963.0,5.0,45.0,5062.0,10.0,https://item.taobao.com/item.htm?priceTId=2100c82617471400659154877e0bf7&utparam=%7B%22aplus_abtest%22%3A%22847e60d1f26fef659da93ff09f958560%22%7D&id=921125072299&ns=1&detail_redpacket_pop=true&query=%E5%AE%9E%E6%9C%A8%E6%A4%85&xxc=ad_ztc&mi_id=br17g_EZaCYc6f100m0_0S7FMaxYsXR4BFG6bA0Koz2Iadt1-Q9og2YTbBfsXgQ23odu4LfguCYkQvMe9DQN6cxpi29L5boYU5ZXMbmwfL8&skuId=5960009002320&spm=a21n57.1.item.34,1237,0,1,1,0
1,0,代靠背椅北蝴蝶椅木餐椅家用橡木餐椅木餐凳子,淘寶,橡膠木,45×50×85,40.0,7200.0,2250.0,2.5,45.0,6075.0,7.0,https://item.taobao.com/item.htm?priceTId=2100c82617471400659154877e0bf7&utparam=%7B%22aplus_abtest%22%3A%22815782f27cdb10a6e112c22ad349f41f%22%7D&id=709771784290&ns=1&abbucket=15&xxc=taobaoSearch&detail_redpacket_pop=true&query=%E5%AE%9E%E6%9C%A8%E6%A4%85&mi_id=gE1Eq8VaMHwDgMzhqX1U_s6M-LtoN7H3SZhBIe0G1i4NVWhxGcf0oqOPoluGhIzrV316oGF4mRmPYEPiG2E0WBs3A-2cM-axr9Gg6m1cYGg&skuId=4977429612773&spm=a21n57.1.item.35,1238,0,0,0,0
1,0,木餐椅餐桌椅子家用凳子靠背椅全木中式原木椅餐吃桌椅,淘寶,木,45×45×95,50.0,4500.0,2025.0,3.0,45.0,5062.0,7.0,https://item.taobao.com/item.htm?priceTId=2100c82617471400659154877e0bf7&utparam=%7B%22aplus_abtest%22%3A%22bc5aaa46f9899e8ec3f6bee3acd6e274%22%7D&id=702966859896&ns=1&abbucket=15&xxc=taobaoSearch&detail_redpacket_pop=true&query=%E5%AE%9E%E6%9C%A8%E6%A4%85&mi_id=YVAFsseyX_8mRXSbxLSbE5DPy9vGQjjZQpL_UF7Ip947oqRkp9704wmoy3wECMtOwcv3tL-gjz1ODboIypLE5FBzD3TR4Ys1zDy88Y15p98&skuId=4952211745835&spm=a21n57.1.item.37,1239,0,1,0,0
1,0,餐椅木椅子靠背椅家用黑胡桃桌椅新中式餐茶椅中古餐桌凳子,淘寶,黑胡桃木,45×45×85,40.0,4050.0,2025.0,2.5,45.0,5063.0,7.5,https://detail.tmall.com/item.htm?priceTId=2100c82617471400659154877e0bf7&utparam=%7B%22aplus_abtest%22%3A%229bebcc442c84de75d2aa6723f1472d6e%22%7D&id=852622010054&ns=1&abbucket=15&xxc=taobaoSearch&detail_redpacket_pop=true&query=%E5%AE%9E%E6%9C%A8%E6%A4%85&mi_id=JaUVDw6oVAOi2_HFMXB47Vx9aW6F9a_04smtTGh9cU-BUjYEZc41KgRbvy9aW10tkzZeTYTLd_1SsduYNnEZLccPN_3mVfn-3x1Dr0443lc&skuId=5820176451191&spm=a21n57.1.item.38,1240,0,0,0,0
1,0,木椅子扶手靠背椅桌椅椅麻椅家用沙椅舒适久坐老人椅,淘寶,實木,42×49×90,45.0,4500.0,2058.0,5.0,45.0,6350.0,7.0,https://item.taobao.com/item.htm?priceTId=2100c82617471400659154877e0bf7&utparam=%7B%22aplus_abtest%22%3A%22d9fa7063ee7907d85d1f78f20bcfa5cd%22%7D&id=760174068260&ns=1&abbucket=15&xxc=taobaoSearch&detail_redpacket_pop=true&query=%E5%AE%9E%E6%9C%A8%E6%A4%85&mi_id=WOnWLYyBpzSNzQXI5pIioD3T8i2_e0c_nCy8ctkvy5ZmT02EdmHMrhdmA4A9TL-VESmsuikkN_IUaECe0BRdG3xyxG1SheGKqhi9hJE2hOc&skuId=5412831451398&spm=a21n57.1.item.40,1241,0,1,0,0
1,0,木椅子靠背椅房凳扶手桌椅茶椅客餐椅久坐不累公椅,淘寶,實木,45×50×95,50.0,4500.0,2250.0,3.0,45.0,5060.0,8.0,https://item.taobao.com/item.htm?priceTId=2100c82617471400659154877e0bf7&utparam=%7B%22aplus_abtest%22%3A%225a8e2e5bc3c87aca0bc478a90d5e448f%22%7D&id=886730975547&ns=1&abbucket=15&xxc=taobaoSearch&detail_redpacket_pop=true&query=%E5%AE%9E%E6%9C%A8%E6%A4%85&mi_id=J7OXKp0P0G2PnX6nN8pDQ7B5GZk0AwtK9u-cIYuwVondZpd_FkLU1WYVUZldLASdDNEEgj5TPuLjvqgoshLDRUJ79IEV_monLXDEif-jAkQ&skuId=5897206378964&spm=a21n57.1.item.42,1242,0,1,0,0
1,0,木餐椅家用代中式桌椅靠背椅凳子餐店餐桌椅木椅子,淘寶,實木,42×49×90,45.0,3780.0,1638.0,2.5,45.0,6174.0,6.5,https://item.taobao.com/item.htm?priceTId=2100c82617471400659154877e0bf7&utparam=%7B%22aplus_abtest%22%3A%22296d213df9182bae0854cddc2acb61cd%22%7D&id=851160281864&ns=1&abbucket=15&xxc=taobaoSearch&detail_redpacket_pop=true&query=%E5%AE%9E%E6%9C%A8%E6%A4%85&mi_id=Nrjp0a8qiU_W9TsCKMG1BajgppaJcC3EKhbGdxF_1qrmYvL4MtDCbSUUv84hcBYm0XzAvXsXxYWcKe925_Goe7pNsU2xyNlyFnk1rcCi02w&skuId=5812774719557&spm=a21n57.1.item.43,1243,0,0,0,0
1,0,老式松木麻四把餐桌椅子村家用木靠背家鞋凳店儿童椅,淘寶,松木,40×40×80,40.0,6400.0,1600.0,3.0,40.0,6400.0,5.0,https://item.taobao.com/item.htm?priceTId=2100c82617471400659154877e0bf7&utparam=%7B%22aplus_abtest%22%3A%22000d6dd6325790ea9a9fc83aaa653d11%22%7D&id=899805534507&ns=1&abbucket=15&xxc=taobaoSearch&detail_redpacket_pop=true&query=%E5%AE%9E%E6%9C%A8%E6%A4%85&mi_id=h5EO2_N0iWY7INvXI_az7wnTHp1WX18d7DEvMUana31cOnSqyMsfs7ecDQQLv9dNVhx4tk6RUH62hKxQtIIcGdQ3yrLFnzJV6wVK5enIsco&skuId=5756859769559&spm=a21n57.1.item.44,1244,0,0,0,0
1,0,椅子室房桌椅化椅家用公椅子舒适久坐靠背梳凳,淘寶,未指定,估計 50×50×90,40.0,10000.0,2500.0,5.0,45.0,3000.0,8.0,https://item.taobao.com/item.htm?priceTId=2100c82617471400659154877e0bf7&utparam=%7B%22aplus_abtest%22%3A%22438fb34d07e1482e95788aa54947314f%22%7D&id=756778871759&ns=1&abbucket=15&xxc=taobaoSearch&detail_redpacket_pop=true&query=%E5%AE%9E%E6%9C%A8%E6%A4%85&mi_id=JWq9Xgt3Qra_6eOwrZN-UsfWGF3NUEHW_4a2RdpKK2an8M4ihTZ8mYpdYS6s4QO2NEQoSapn7mBa49hZgt-B8_RYUl-r0VlKUAeIXbYIB1s&skuId=5891021678115&spm=a21n57.1.item.45,1245,0,0,0,0
1,0,北代木餐椅桌椅靠背椅家用胡桃色原木餐桌椅子,淘寶,實木,45×50×85,40.0,4500.0,2250.0,2.0,45.0,5400.0,7.0,https://item.taobao.com/item.htm?priceTId=2100c82617471400659154877e0bf7&utparam=%7B%22aplus_abtest%22%3A%22b2e63277c97fef531cbec79a84dcb54c%22%7D&id=810094319796&ns=1&detail_redpacket_pop=true&query=%E5%AE%9E%E6%9C%A8%E6%A4%85&xxc=ad_ztc&mi_id=r5RMC1Ge8H00cqZtvVLifDywDKV4Bc_Q1QuwRjmgjjQuNrHEuM8xh2zewDcCFwnKHgMQyHmn3Dl9ssTUOWqRP7-p12yfwCaKxsyn0EnTVhs&skuId=5500516180740&spm=a21n57.1.item.47,1246,0,0,0,0
0,0,木餐椅舒适扶手凳台房久坐腰家用老人高靠背座,淘寶,實木,估計 50×60×100,60.0,4500.0,3000.0,5.0,40.0,4800.0,8.0,https://detail.tmall.com/item.htm?priceTId=2100c81f17471405194862526e0bd1&utparam=%7B%22aplus_abtest%22%3A%224bd973a879621c633b242532ea8c1a29%22%7D&id=686813468415&ns=1&abbucket=15&xxc=taobaoSearch&detail_redpacket_pop=true&query=%E5%AE%9E%E6%9C%A8%E6%A4%85&mi_id=kFnN-zuC1TsKJ_qKGeLxjNKZZeMmAuth8N1CDZI2DHSBVnpDCcIbSlXLtAdzddPpLxjqurDbFVMX6GA4eneKEGGxhrR0DxsUZhJRgnULrG0&skuId=5612033024570&spm=a21n57.1.item.5,1247,0,1,0,0
1,0,小凳子家用客小椅子代小板凳木靠背椅沙凳口鞋凳,淘寶,實木,30×30×45,45.0,1350.0,2581.0,2.0,30.0,2700.0,5.0,https://detail.tmall.com/item.htm?priceTId=2100c81f17471405194862526e0bd1&utparam=%7B%22aplus_abtest%22%3A%2238de2bbee4be1997cf7f041f77cf57b2%22%7D&id=748651210630&ns=1&abbucket=15&xxc=taobaoSearch&detail_redpacket_pop=true&query=%E5%AE%9E%E6%9C%A8%E6%A4%85&mi_id=jUbkaDchModK-ewF4Vg-RMCXM7cGjUYfI86deGIJb0fVSgRFW4b8KpgQv1Th76kx_w8u8HRoLGwx34VJ_QPlk1NQYSuinE6ghiDyLLQoluM&skuId=5159533544571&spm=a21n57.1.item.7,1248,0,0,0,0
1,0,木餐椅牛角椅子家用桌椅公椅椅久坐靠背椅餐凳子,淘寶,實木,40×45×85,40.0,3600.0,1800.0,3.0,45.0,6750.0,5.0,https://item.taobao.com/item.htm?priceTId=2100c81f17471405194862526e0bd1&utparam=%7B%22aplus_abtest%22%3A%223e7571078e76e89ae44adaae293ea581%22%7D&id=746141058354&ns=1&abbucket=15&xxc=taobaoSearch&detail_redpacket_pop=true&query=%E5%AE%9E%E6%9C%A8%E6%A4%85&mi_id=7yjC7Vj8srOZ-909kAprHuYiKL-oD_381zcZ7se0NB3HEEf5JXZRNu0JVwx9XO9KHkXUc9rOVg1Pq89Zeoc9UuHuaIWxymazXDaMY9KXGrI&skuId=5318338699532&spm=a21n57.1.item.9,1249,0,0,0,0
1,0,木靠背椅子中式家用扶手餐椅老人用麻椅生公椅木椅,淘寶,實木,45×45×90,45.0,9125.0,2025.0,3.0,45.0,6075.0,7.0,https://item.taobao.com/item.htm?priceTId=2100c81f17471405194862526e0bd1&utparam=%7B%22aplus_abtest%22%3A%228c36a4963c3cc43d5466c2ed959f599e%22%7D&id=599796346080&ns=1&abbucket=15&xxc=taobaoSearch&detail_redpacket_pop=true&query=%E5%AE%9E%E6%9C%A8%E6%A4%85&mi_id=KaBTCU5KyyEFWN6il18deMwsrkplYe4D66XUdIYtnLf0iildCg8wuCAy4PD4fC1Uk8nQw5dCee3yNNosBRevRepNumfcXqYOvdMQvSa4l-w&skuId=5049043879005&spm=a21n57.1.item.10,1250,0,0,0,0
1,0,北白蜡木木餐椅黑胡桃木半椅代家用凳子靠背扶手椅子,淘寶,"白蜡木, 黑胡桃木",45×50×80,40.0,3600.0,2250.0,3.0,45.0,4050.0,7.0,https://item.taobao.com/item.htm?priceTId=2100c81f17471405194862526e0bd1&utparam=%7B%22aplus_abtest%22%3A%22a150d3899ff23267a825067d2b9894cf%22%7D&id=853430900623&ns=1&abbucket=15&xxc=taobaoSearch&detail_redpacket_pop=true&query=%E5%AE%9E%E6%9C%A8%E6%A4%85&mi_id=HvJwU0Snp5jljTAd32cuJ2T9buBezdQuh0xgZR93ozmmZEOAprNlTxTu4MSzHFjpK3tqZI42EOPHqCGVjSc2aQrpx4mTXtfyMDa37uwjeWI&skuId=5651356580144&spm=a21n57.1.item.12,1251,0,0,0,0
1,0,北木餐椅白蜡木肯尼迪椅餐咖啡洽靠背椅,淘寶,白蜡木,45×50×82,40.0,3600.0,2250.0,3.0,45.0,6075.0,5.0,https://item.taobao.com/item.htm?priceTId=2100c81f17471405194862526e0bd1&utparam=%7B%22aplus_abtest%22%3A%22341ec1730f0bb0afc622e184db4dab1e%22%7D&id=735929249542&ns=1&abbucket=15&xxc=taobaoSearch&detail_redpacket_pop=true&query=%E5%AE%9E%E6%9C%A8%E6%A4%85&mi_id=zmEi4wMcrsyWPbG1yLQysNodAOpwcZl5mv_PZX6YA5kOZScI13moWqBG13GAwgQO4jv8PYBIUhbWK-gJlRWcfbDZcYbWT-5Tw1oGoeuevIk&skuId=5083616392155&spm=a21n57.1.item.13,1252,0,0,0,0
1,0,北木椅日式代名宿休咖啡房靠背椅子,淘寶,實木,50×40×80,40.0,8000.0,2000.0,3.0,40.0,9600.0,7.0,https://item.taobao.com/item.htm?priceTId=2100c81f17471405194862526e0bd1&utparam=%7B%22aplus_abtest%22%3A%22284dacab6a336c163f9e01a5e081d52c%22%7D&id=684730814052&ns=1&abbucket=15&xxc=taobaoSearch&detail_redpacket_pop=true&query=%E5%AE%9E%E6%9C%A8%E6%A4%85&mi_id=vttX0F9HGtFX12fAIA5hO3W7aTNoIi5CNTJYH9njbf1xP0uIeqs4T2RSWl5xLdkX7bbcChExnUc-S9Y2DxgBkonGkyACGlT4roDQ-cLFcME&skuId=4894739145393&spm=a21n57.1.item.18,1253,0,0,0,0
1,0,家用木餐椅北靠背椅子代奢休椅餐原木餐桌舒适椅,淘寶,木,48×50×82,40.0,4800.0,2400.0,4.0,42.0,5292.0,5.0,https://item.taobao.com/item.htm?priceTId=2100c81f17471405194862526e0bd1&utparam=%7B%22aplus_abtest%22%3A%229a604618bb545f3b61ed4491aeca3417%22%7D&id=646948597118&ns=1&abbucket=15&xxc=taobaoSearch&detail_redpacket_pop=true&query=%E5%AE%9E%E6%9C%A8%E6%A4%85&mi_id=nrIS6AKUlZ8Qiq43j2voMqnt58aF7a-LAIJ5LorX7KnE-AuBlTdmQ_x0xMM7Br6JiPXiXxvHRVWv-qCDvL7f2nvSMoqXZLSWL6oJaEuaKjo&skuId=4836954114967&spm=a21n57.1.item.22,1254,0,0,0,0
0,0,北木餐椅家用桌椅餐餐桌椅茶椅白蜡木椅公室靠背椅,淘寶,白蜡木,估：45×50×85,40.0,9000.0,2250.0,5.0,45.0,5000.0,7.0,https://item.taobao.com/item.htm?priceTId=2100c81f17471405194862526e0bd1&utparam=%7B%22aplus_abtest%22%3A%22482e2519ebebed065096309b37f56bf7%22%7D&id=841301861168&ns=1&abbucket=15&xxc=taobaoSearch&detail_redpacket_pop=true&query=%E5%AE%9E%E6%9C%A8%E6%A4%85&mi_id=YZxwTDXbkudj8TOjf-Ttd1f8pfVkY3UJuoFclWL1wue5bdUpOHvDs9CEd61AkRFDG_vbrItGZ_P8Ttp-D1HjewzRsVDuvIfqrIef6VD4e90&skuId=5777224366523&spm=a21n57.1.item.23,1255,0,0,0,0
1,0,藤椅子昌迪加椅藤椅沙天然真藤咖啡民宿家用中古木餐椅,淘寶,實木,45×50×85,40.0,3600.0,2250.0,3.0,45.0,4050.0,5.0,https://item.taobao.com/item.htm?priceTId=2100c81f17471405194862526e0bd1&utparam=%7B%22aplus_abtest%22%3A%22bd57337ef97ad6523996c60bb35ded2c%22%7D&id=698649910719&ns=1&detail_redpacket_pop=true&query=%E5%AE%9E%E6%9C%A8%E6%A4%85&xxc=ad_ztc&mi_id=ok9CTvl8HtGHdaNOsXQvR3aqlNVSbaxwdsi4AzcOzsFhQjWI1AD7J2w9hhtTYsXupAzAoqK04o8PJksEsu3Zkwol5B2Q2-nWK3UMfhkbOH0&skuId=4940322220765&spm=a21n57.1.item.25,1256,0,0,0,0
1,0,老人椅子木扶手餐椅家用房久坐舒服高背麻椅用适老靠背,淘寶,實木,50×45×100,60.0,4500.0,2250.0,5.0,40.0,8000.0,10.0,https://detail.tmall.com/item.htm?priceTId=2100c81f17471405194862526e0bd1&utparam=%7B%22aplus_abtest%22%3A%22600bc1b6e674e4e9d7d4f718faa62b94%22%7D&id=716876591029&ns=1&abbucket=15&xxc=taobaoSearch&detail_redpacket_pop=true&query=%E5%AE%9E%E6%9C%A8%E6%A4%85&mi_id=JUPJMsoUvxjRIrhE4NwkLyt9e0IlKHkL-YMLhBBqI0yK5UsMwxOEIGnREzRNsWaDaJ-J3RFeMDiT36JdXReAJE2gUTz0e3WRF8Cea_oWrY0&skuId=5828307942213&spm=a21n57.1.item.27,1257,0,1,0,0
1,0,整全木餐椅榫卯构新中式胡桃木家用靠背椅酒店餐店椅子,淘寶,胡桃木,45×50×95,50.0,4500.0,2250.0,3.0,45.0,9112.0,7.5,https://item.taobao.com/item.htm?priceTId=2100c81f17471405194862526e0bd1&utparam=%7B%22aplus_abtest%22%3A%22c0fe0698c6e0ff0a69c02ba14839de56%22%7D&id=901752498604&ns=1&abbucket=15&xxc=taobaoSearch&detail_redpacket_pop=true&query=%E5%AE%9E%E6%9C%A8%E6%A4%85&mi_id=PnYbwFxf5_SIEyXHaP6EKLzvBJ0IIkf0op4F-Qd32gtmZnwArtKvZsApyRIOfB7JCMvdK-j3URw_KtZdZKq_hVHPiBzVvABW-j98JDJthX0&skuId=5760247589333&spm=a21n57.1.item.28,1258,0,1,0,0
1,0,木代老人可躺午休人沙椅台休椅子客室小型躺椅,淘寶,實木,65×75×100,70.0,4500.0,3250.0,10.0,30.0,4860.0,16.0,https://item.taobao.com/item.htm?priceTId=2100c81f17471405194862526e0bd1&utparam=%7B%22aplus_abtest%22%3A%223dc1c3094bd5e8ca94fcde35d0f76bd6%22%7D&id=674291817073&ns=1&abbucket=15&xxc=taobaoSearch&detail_redpacket_pop=true&query=%E5%AE%9E%E6%9C%A8%E6%A4%85&mi_id=Y7XMu8oJWFIuZmhdXSgjuq1ebb4aZtzDyXjmTWW7nqDW78TUG_lvfeowGFUl_pDjcThm0jI-LCm48uDbC28cgBg-Wk4-FEhfDvUq9AbvavQ&skuId=4898082368994&spm=a21n57.1.item.32,1259,0,1,0,0
1,0,木牛角餐椅子靠背家用中式桌人黑胡桃公小茶凳,淘寶,黑胡桃木,45×50×85,40.0,4500.0,2250.0,3.0,45.0,4050.0,8.0,https://item.taobao.com/item.htm?priceTId=2100c81f17471405194862526e0bd1&utparam=%7B%22aplus_abtest%22%3A%2257523d161a61004bab51254fe823756a%22%7D&id=768562640958&ns=1&abbucket=15&xxc=taobaoSearch&detail_redpacket_pop=true&query=%E5%AE%9E%E6%9C%A8%E6%A4%85&mi_id=uEUFeWTfNUvegjFxJZSc5XBFREIR6traMTexGJCJo9vMTE2h7Q3sAtLo5C9nckyxmuYuxYAFbNjIWPBeMOB8iWSQBhW2sF59UgzXE7mkv7Q&skuId=5900876650571&spm=a21n57.1.item.34,1260,0,0,0,0
1,0,免安全木餐椅靠背椅子家用凳子中式木椅子店餐桌椅子,淘寶,實木,40×45×85,40.0,7200.0,1800.0,3.0,45.0,6750.0,7.0,https://item.taobao.com/item.htm?priceTId=2100c81f17471405194862526e0bd1&utparam=%7B%22aplus_abtest%22%3A%22956906ecec93bcd9ea5a745d5b0d06d4%22%7D&id=834433554270&ns=1&abbucket=15&xxc=taobaoSearch&detail_redpacket_pop=true&query=%E5%AE%9E%E6%9C%A8%E6%A4%85&mi_id=wLmx6Mky6XOZE9x7AYqMamh0MgKEZOQaR640qLc_6dm9YhDBEert0VBE7WbnOIPAeZfJHBQEUDK75L9L_kwu_NxYHoB4H6MU7jrL5xn_8gQ&skuId=5755055303816&spm=a21n57.1.item.36,1261,0,0,0,0
1,0,新中式板栗色木靠背太椅主人椅客家用茶椅圈椅舒服久坐椅子,淘寶,實木,60×60×90,45.0,4500.0,3600.0,5.0,45.0,2700.0,8.0,https://item.taobao.com/item.htm?priceTId=2100c81f17471405194862526e0bd1&utparam=%7B%22aplus_abtest%22%3A%224a98f2679cef004d8bf583a5bb650d5e%22%7D&id=903812095734&ns=1&abbucket=15&xxc=taobaoSearch&detail_redpacket_pop=true&query=%E5%AE%9E%E6%9C%A8%E6%A4%85&mi_id=R0KbhXyK7tOKLxZsATg3HOXXErxOp-ccOdWSgMBms8uGjoz6FlGa5wpQUehPgDVWFc-GA7G76stYxZHNWHChN7SjnYsYw0TiwX_-pNL5Xfg&skuId=5764668269168&spm=a21n57.1.item.37,1262,0,1,0,0
0,1,新中式北方老榆木圈椅茶椅木茶几免漆蜡官帽桃心海棠打坐椅,淘寶,老榆木,42×42×45,45.0,4500.0,1385.0,4.0,45.0,5733.0,8.0,https://item.taobao.com/item.htm?priceTId=2100c81f17471405194862526e0bd1&utparam=%7B%22aplus_abtest%22%3A%22738e43aa5f89e5de841c00f3406b0f30%22%7D&id=613776730398&ns=1&abbucket=15&xxc=taobaoSearch&detail_redpacket_pop=true&query=%E5%AE%9E%E6%9C%A8%E6%A4%85&mi_id=m-WpCdSlOQwN085lPQK9o966SFcsgeMjHuwrn5huL5fbUgR_laNfDwivx_-rqpX_TQi-7chjreSJzQTs6usLM8BYsseyID6c27pSZRSqqSM&skuId=4602643890378&spm=a21n57.1.item.38,1263,0,0,0,0
0,0,牛角椅北木餐椅家用靠背椅代桌椅咖啡洽休椅子,淘寶,實木,43×48×85,40.0,8000.0,2064.0,3.0,45.0,4500.0,5.0,https://item.taobao.com/item.htm?priceTId=2100c81f17471405194862526e0bd1&utparam=%7B%22aplus_abtest%22%3A%223a2491f9d22c5365270a9f9e981bb77b%22%7D&id=616297767408&ns=1&abbucket=15&xxc=taobaoSearch&detail_redpacket_pop=true&query=%E5%AE%9E%E6%9C%A8%E6%A4%85&mi_id=of3-1GZuuBCr4XXr91FHijmm2DDeAwhKPo1wbd_l5MAtNjP-WFPYB5OlLMJeRg9GWjemjywZwFWVoXaNU4shs96_cn3l_V9z1E8R0CfkwFg&skuId=4338863284864&spm=a21n57.1.item.41,1264,0,0,0,0
1,0,北木白蜡木代餐餐椅包靠背扶手椅桌椅子巴椅,淘寶,白蜡木,52×48×82,40.0,4500.0,2496.0,5.0,42.0,8000.0,5.5,https://item.taobao.com/item.htm?priceTId=2100c81f17471405194862526e0bd1&utparam=%7B%22aplus_abtest%22%3A%22a19270d61c46e4973536642f2fe1c117%22%7D&id=837397552909&ns=1&abbucket=15&xxc=taobaoSearch&detail_redpacket_pop=true&query=%E5%AE%9E%E6%9C%A8%E6%A4%85&mi_id=JL0rG7gaoDS9ZbdsfQc8eh1z3XUKJe4rgXPN2a_63G5ilCyEioeLJ42ZKruICdfZ1Rf4n2JljixMIFdGmHZkHCvAoTzpyHpGBwwD7PPJnPU&skuId=5762847718111&spm=a21n57.1.item.42,1265,0,0,0,0
1,0,木椅子家用餐椅靠背餐桌椅餐牛角椅奢高胡桃新中式桌,淘寶,胡桃木,45×50×95,50.0,4500.0,2250.0,3.0,45.0,5062.0,7.2,https://detail.tmall.com/item.htm?priceTId=2100c81f17471405194862526e0bd1&utparam=%7B%22aplus_abtest%22%3A%2240454d7c3afbdd65bf13d0b39e6be507%22%7D&id=777486930452&ns=1&abbucket=15&xxc=taobaoSearch&detail_redpacket_pop=true&query=%E5%AE%9E%E6%9C%A8%E6%A4%85&mi_id=hKVJs4Bp7A8ONgLpRxuDlmUXYeGCSZWnsxRWZ-dRvtD04rNRjMx5WdLYQVoK36beJwwfLh5iPVMsWIaNjRjwrhrZnQcP8l-H5PXhwQDfWi4&skuId=5883114391457&spm=a21n57.1.item.45,1266,0,0,0,0
1,0,包木椅子靠背餐食堂酒店椅家用小型凳子榫卯耐用椅,淘寶,實木,42×49×90,45.0,3780.0,2058.0,5.0,42.0,5712.0,7.5,https://item.taobao.com/item.htm?priceTId=2100c81f17471405194862526e0bd1&utparam=%7B%22aplus_abtest%22%3A%2232bc31a18b43ac150942c9569c72a8de%22%7D&id=853398434000&ns=1&abbucket=15&xxc=taobaoSearch&detail_redpacket_pop=true&query=%E5%AE%9E%E6%9C%A8%E6%A4%85&mi_id=HAPy11Sbhup-GElnI_NR-oTGv9n_b7QvnYCH5bbQ0RXTZXzc225K-RvUA6bhCmrX7rzUn3YhUVU8ltA4rCl4faxg3rSpgxiq2p3ay5spz_Q&skuId=5828722499242&spm=a21n57.1.item.47,1267,0,0,0,0
1,0,全木餐椅新中式餐餐桌椅子家用中古桌椅复古胡桃木凳子靠背,淘寶,胡桃木,45×50×95,50.0,4500.0,2250.0,3.5,45.0,5062.0,8.5,https://detail.tmall.com/item.htm?priceTId=2100c81f17471405194862526e0bd1&utparam=%7B%22aplus_abtest%22%3A%221d53c93e77a72b884727046c7673f2f0%22%7D&id=921777372335&ns=1&abbucket=15&xxc=taobaoSearch&detail_redpacket_pop=true&query=%E5%AE%9E%E6%9C%A8%E6%A4%85&mi_id=tmKSJhyiplyZ3Xl5nYzTR_EOjwTVhBRjmsoHWOw0dSgfpfBkP0mdgGkjuODBk1micWCRWm7aas6c8k5HiIElv1YingtEeA9elj4dNKWj-pM&skuId=5961689818749&spm=a21n57.1.item.48,1268,0,1,1,0
1,0,木梯椅家用梯子椅子折用梯凳室登高踏板梯多功能,淘寶,實木,42×49×90,60.0,5670.0,2058.0,2.0,45.0,6300.0,7.0,https://item.taobao.com/item.htm?priceTId=2100c81e17471409329593047e0bfa&utparam=%7B%22aplus_abtest%22%3A%22fa2fd395fc934bd8f244a682b1398d0b%22%7D&id=669603000748&ns=1&abbucket=15&xxc=taobaoSearch&detail_redpacket_pop=true&query=%E5%AE%9E%E6%9C%A8%E6%A4%85&mi_id=KaD5SAcr2Kf41Lm5pGGwBgJC-rboACpcIbuDQ97cYE66tcUdeLxOlCOEb_DATs5QsSOHFxpAQKLuwPloOxXi5W0jOOsrdw0CJQjj2QRrqxs&skuId=5258471443274&spm=a21n57.1.item.3,1269,0,0,0,0
1,0,木餐椅家用中古昌迪加椅侘寂扶手靠背椅子休包藤椅,淘寶,木,45×50×85,40.0,9000.0,2250.0,5.0,45.0,4050.0,7.5,https://item.taobao.com/item.htm?priceTId=2100c81e17471409329593047e0bfa&utparam=%7B%22aplus_abtest%22%3A%2254886033c3bb73f723a7f5dc3c4120ae%22%7D&id=903220154485&ns=1&abbucket=15&xxc=taobaoSearch&detail_redpacket_pop=true&query=%E5%AE%9E%E6%9C%A8%E6%A4%85&mi_id=OqJ-JL6mGyl_FC3lhVrWjn9g52OSmcpY7nFngK3UKJpqvIfFqwj5hK2Qq0KiUUBPUYuQN5q5Zq3gphYAJqT0DRgz9crAZUQlBkKiOuC0w98&skuId=5763016505499&spm=a21n57.1.item.5,1270,0,0,0,0
1,0,舒适木餐椅家用靠背椅北新中式椅子奢扶手椅代泡茶椅,淘寶,實木,45×50×85,40.0,3600.0,2250.0,3.0,45.0,4050.0,5.5,https://item.taobao.com/item.htm?priceTId=2100c81e17471409329593047e0bfa&utparam=%7B%22aplus_abtest%22%3A%22c515a650e5b3a13733959aeace42f8f8%22%7D&id=600253168588&ns=1&abbucket=15&xxc=taobaoSearch&detail_redpacket_pop=true&query=%E5%AE%9E%E6%9C%A8%E6%A4%85&mi_id=aibWZSbSF-EeA3yz1vY6XPrPuYpi4PXGJlo4l8tM_hmrhfCM-Br07SmlFeRtUnxzKS8JJbhinYlUfFsfFK2cFjHn9JXFoHFgc5h_AK3VEK4&skuId=4983482966649&spm=a21n57.1.item.7,1271,0,0,0,0
0,0,全木椅子靠背椅凳子餐原木餐椅家用代店吃木椅,淘寶,實木,45×50×85,40.0,3600.0,2250.0,2.0,45.0,5063.0,5.0,https://item.taobao.com/item.htm?priceTId=2100c81e17471409329593047e0bfa&utparam=%7B%22aplus_abtest%22%3A%2234a1fa2bb535e9bcc2baf5e8416188ae%22%7D&id=726740722353&ns=1&abbucket=15&xxc=taobaoSearch&detail_redpacket_pop=true&query=%E5%AE%9E%E6%9C%A8%E6%A4%85&mi_id=sUueOFoiXcjWFLuzA4Ywyn1JA904WXkz6IEbt8-8g6ROBVHpdglsNYfYjrwLUo6liTnAvvPqATgR_pGzhsP8yrbilTuW2CoeLmWonOXuJCM&skuId=5040060036665&spm=a21n57.1.item.9,1272,0,0,0,0
0,0,木餐椅家用中古餐桌椅子商用复古餐凳子靠背胡桃木茶桌莎,淘寶,胡桃木,估計 45×50×90,45.0,4050.0,2250.0,2.0,45.0,6075.0,7.5,https://detail.tmall.com/item.htm?priceTId=2100c81e17471409329593047e0bfa&utparam=%7B%22aplus_abtest%22%3A%22571fc4476a9739ed9cebc357955eace1%22%7D&id=839220387748&ns=1&abbucket=15&xxc=taobaoSearch&detail_redpacket_pop=true&query=%E5%AE%9E%E6%9C%A8%E6%A4%85&mi_id=cZdCtjENkPFE4Y5WHjjB7wJTb3YsWUD3SIfo0EtjlcoN3Khxs4vVmYsQ0Z_Pwfai5ioutyxggX_cSwE-kDgE-X_dLkzpxtz92kmlI8VsytM&skuId=5604559137815&spm=a21n57.1.item.14,1273,0,0,0,0
1,0,椅家用舒适木室化房公字生桌椅子靠背椅,淘寶,實木,45×50×95,50.0,4500.0,2250.0,5.0,45.0,5062.0,7.0,https://item.taobao.com/item.htm?priceTId=2100c81e17471409329593047e0bfa&utparam=%7B%22aplus_abtest%22%3A%227212fb6d93f5001f1482a3f133c3cca5%22%7D&id=606832391009&ns=1&abbucket=15&xxc=taobaoSearch&detail_redpacket_pop=true&query=%E5%AE%9E%E6%9C%A8%E6%A4%85&mi_id=wngGKsn7fxQHqGbT8nie9C18dmib9obo2Xn-WbFHlh6lFWVB6ORHpcm1fUvM4sw1aiagZwsiYT-EtiYhTcPSeh7Qs8FCB9ADqUgG9Gq7FNU&skuId=5333904991969&spm=a21n57.1.item.17,1274,0,0,0,0
0,1,儿童餐椅木大家用高凳木吃椅子加升降大童成座,淘寶,實木,35×35×80,35.0,3675.0,1225.0,3.0,45.0,7875.0,5.0,https://detail.tmall.com/item.htm?priceTId=2100c81e17471409329593047e0bfa&utparam=%7B%22aplus_abtest%22%3A%2243a9912a6ede9c964131c3450bba106a%22%7D&id=655879652850&ns=1&abbucket=15&xxc=taobaoSearch&detail_redpacket_pop=true&query=%E5%AE%9E%E6%9C%A8%E6%A4%85&mi_id=n-YgT95VydxIZzSVCMSNGIbxPoWRyauMeFTTT4kDQfcakAVacooLhAbNUgvkB5GZty3Ab4t5Y3VlDgJ0THRp15pHFsdDHl60qlYcCGyYgGE&skuId=4733897988995&spm=a21n57.1.item.18,1275,0,0,0,0
1,0,木餐椅家用桌椅公久坐室凳宿舍字靠背椅子,淘寶,實木,45×45×85,40.0,7200.0,2025.0,3.0,45.0,4050.0,5.0,https://item.taobao.com/item.htm?priceTId=2100c81e17471409329593047e0bfa&utparam=%7B%22aplus_abtest%22%3A%22c5f5e38ec8d0f390f44f875ef1befb8c%22%7D&id=675381275335&ns=1&abbucket=15&xxc=taobaoSearch&detail_redpacket_pop=true&query=%E5%AE%9E%E6%9C%A8%E6%A4%85&mi_id=X8rJs-BJT50auWWif-zG6F5GLQU5ZfLC3-RxCqFVURvZCq92lMgce293Lnl-9ergfi-yN9Kly7ZjJqg7uFjFwlTDzZye_mOXJ27Nigx8CcY&skuId=4856576557889&spm=a21n57.1.item.20,1276,0,0,0,0
1,0,北藤椅子木餐椅侘寂餐桌椅家用代靠背椅昌迪加椅,淘寶,實木,45×50×80,40.0,3600.0,2250.0,3.0,40.0,4800.0,7.0,https://item.taobao.com/item.htm?priceTId=2100c81e17471409329593047e0bfa&utparam=%7B%22aplus_abtest%22%3A%220e09db817cb512f3debb3b16885d69e1%22%7D&id=727377880609&ns=1&abbucket=15&xxc=taobaoSearch&detail_redpacket_pop=true&query=%E5%AE%9E%E6%9C%A8%E6%A4%85&mi_id=upBgclQFgIpDR_RETBU_MpR1eY6mdFTJIco96irf6iRaPXqeY1UbiQVS6B9NMFQRvjkziSWvArpkf5TiFNicX_HAhV7g_Dy1o52AOJbxvw4&skuId=5665108028521&spm=a21n57.1.item.22,1277,0,0,0,0
1,0,北餐椅家用木椅化椅椅靠背椅咖啡椅子木椅子奢莎椅,淘寶,實木,45×50×95,50.0,4500.0,2250.0,3.0,45.0,5400.0,7.0,https://item.taobao.com/item.htm?priceTId=2100c81e17471409329593047e0bfa&utparam=%7B%22aplus_abtest%22%3A%229489daeddb45970be9e1f9e965d363ea%22%7D&id=639087258536&ns=1&abbucket=15&xxc=taobaoSearch&detail_redpacket_pop=true&query=%E5%AE%9E%E6%9C%A8%E6%A4%85&mi_id=d1-oyooZPZ65zSJfFEl-WTTDjxoJIndwP5kuLv_SLmlPoP6L0IIfTauyrk3jScFhaGxVHwtDOrHltTNpSp0vXbkcIyPURHMBMgxs_Si9bYk&skuId=4611794213986&spm=a21n57.1.item.23,1278,0,0,0,0
1,0,家用木靠背椅村松木椅子老式家茶餐椅休鞋儿童凳,淘寶,松木,40×40×80,40.0,6400.0,1600.0,2.0,45.0,7200.0,5.0,https://detail.tmall.com/item.htm?priceTId=2100c81e17471409329593047e0bfa&utparam=%7B%22aplus_abtest%22%3A%220547a04b5fe526329481e1d0c83f5618%22%7D&id=920210414932&ns=1&abbucket=15&xxc=taobaoSearch&detail_redpacket_pop=true&query=%E5%AE%9E%E6%9C%A8%E6%A4%85&mi_id=zwYeK5sv6x-u6c2EAR2PpYqnQkNBOgHatNhmLeZtCPhm1S9cDq25GsSyskZgIN227tiji3MSUPGDMrpFb6H42TA2TlyyCJGPUt-tdMYW_cc&skuId=5794913901831&spm=a21n57.1.item.24,1279,0,0,0,0
1,0,法式复古全木餐桌椅靠背餐椅中古休家用酒店藤椅子网凳子,淘寶,實木,45×50×95,50.0,3375.0,2250.0,3.0,45.0,6075.0,7.0,https://item.taobao.com/item.htm?priceTId=2100c81e17471409329593047e0bfa&utparam=%7B%22aplus_abtest%22%3A%225937e0598ee9b2e161fdfcdeaf0fe5d1%22%7D&id=911547343732&ns=1&abbucket=15&xxc=taobaoSearch&detail_redpacket_pop=true&query=%E5%AE%9E%E6%9C%A8%E6%A4%85&mi_id=oTZcEBr1GCRo3RilLibqX1ZDpBxHLoW9Ny6bqYTo3dTPwQJG7F3QghvYfAfWw3_XxATOM4ymokjq1nVgg8VG9b-QE0lIEnxRqsbqjL5gxcY&skuId=5775039036897&spm=a21n57.1.item.26,1280,0,0,0,0
1,0,新款北日式木餐椅家用代凳子桌用靠背坐椅子公椅,淘寶,實木,45×50×85,40.0,3600.0,2250.0,3.0,45.0,6075.0,7.0,https://item.taobao.com/item.htm?priceTId=2100c81e17471409329593047e0bfa&utparam=%7B%22aplus_abtest%22%3A%22ea64b713c3cc05e68670c4b557692b2d%22%7D&id=693662473484&ns=1&abbucket=15&xxc=taobaoSearch&detail_redpacket_pop=true&query=%E5%AE%9E%E6%9C%A8%E6%A4%85&mi_id=iF-A87xBbLdSYh3O6avUo0KgZFl5CcjJahSTlQuR0LqfUTr27XjVXYaNxUjTHAn0hf_u8J6Sp6hq7T06sIioygUi9sK2x2Al90bM3o4qptA&skuId=5095588170779&spm=a21n57.1.item.27,1281,0,0,0,0
1,0,木小椅子靠背椅儿童椅老人洗矮凳茶几客木凳子家用鞋板凳,淘寶,實木,30×30×45,45.0,1350.0,2581.0,2.0,45.0,2025.0,4.0,https://item.taobao.com/item.htm?priceTId=2100c81e17471409329593047e0bfa&utparam=%7B%22aplus_abtest%22%3A%226a8cd926ffe5aa02f0a0f806281f5db8%22%7D&id=635408539084&ns=1&abbucket=15&xxc=taobaoSearch&detail_redpacket_pop=true&query=%E5%AE%9E%E6%9C%A8%E6%A4%85&mi_id=exEw8vjlE86Ys6N65yEhkH8h4zM89n5VQYxhB-OlLYsEmwOzsNLf2CFXyz_oRwoDJU14gyjbM3-lYYXeNSnek9jkiXoS0Tta7VZnTvOh_KE&skuId=4905705871025&spm=a21n57.1.item.28,1282,0,0,0,0
1,0,木餐桌椅子家用餐椅胡桃餐吃凳子靠背休椅复古洽椅,淘寶,胡桃木,45×50×85,40.0,3600.0,2250.0,3.0,45.0,5062.0,7.0,https://detail.tmall.com/item.htm?priceTId=2100c81e17471409329593047e0bfa&utparam=%7B%22aplus_abtest%22%3A%22f77f2ea7d130d21ae694327bdd36ff32%22%7D&id=833354526774&ns=1&abbucket=15&xxc=taobaoSearch&detail_redpacket_pop=true&query=%E5%AE%9E%E6%9C%A8%E6%A4%85&mi_id=OnhxPIgegtCBFSgi_qbAqTIsX43zMggQDiYQnjjLKnVzRPoQ-g9ij0WjiaXe40BaVYkHgPtCuehtZVy_ArbHA4hu_yLw2cbMC1KHpc1_Sro&skuId=5790275670226&spm=a21n57.1.item.33,1283,0,0,0,0
1,0,代木餐椅家用酒店商复古靠背餐桌椅北化椅凳子,淘寶,實木,45×50×90,45.0,4500.0,2250.0,5.0,45.0,5062.0,7.0,https://item.taobao.com/item.htm?priceTId=2100c81e17471409329593047e0bfa&utparam=%7B%22aplus_abtest%22%3A%22897445022a79b876856cda97b1245043%22%7D&id=796358157607&ns=1&detail_redpacket_pop=true&query=%E5%AE%9E%E6%9C%A8%E6%A4%85&xxc=ad_ztc&mi_id=o22FMdVN7PZ0o3BaBFdmHl7MYgZP3HIjkHEN0c8fNxJbwauYJCE64heSChUrt8GjjADiPY4S3ZNAx5jDlhJIYkxRTbeSHtSXGsRPzE2UfnI&skuId=5598852050725&spm=a21n57.1.item.35,1284,0,1,0,0
1,0,木家用餐椅代桌椅北公靠背椅木吃凳牛角椅,淘寶,實木,45×45×85,40.0,4050.0,2025.0,3.0,45.0,5062.0,5.0,https://item.taobao.com/item.htm?priceTId=2100c81e17471409329593047e0bfa&utparam=%7B%22aplus_abtest%22%3A%22d642a773b9d894d4c2d576451bef5a83%22%7D&id=808477825755&ns=1&abbucket=15&xxc=taobaoSearch&detail_redpacket_pop=true&query=%E5%AE%9E%E6%9C%A8%E6%A4%85&mi_id=USp26IR2bs-m9RSka66-K0YU-5B6mQjvyUTtzmPu58g-hpnOyhfRIzcOkPdd3h3xQOXiHTdwSXv6MulkMzKsjklKspggKMP-GEs48vDmsdY&skuId=5680238286978&spm=a21n57.1.item.36,1285,0,0,0,0
0,1,木旋椅家用靠背公沙座椅桌宿舍生人体工椅,淘寶,實木,55×55×90,40.0,4950.0,2376.0,5.0,50.0,6250.0,10.0,https://item.taobao.com/item.htm?priceTId=2100c81e17471409329593047e0bfa&utparam=%7B%22aplus_abtest%22%3A%22c6e150f7c55146239f9a597526d58241%22%7D&id=876868167023&ns=1&abbucket=15&xxc=taobaoSearch&detail_redpacket_pop=true&query=%E5%AE%9E%E6%9C%A8%E6%A4%85&mi_id=hTl0_hQncndMfAi7NXFMIG8fFir_TjiT-s0fVPDfbxnzfs1l6Zc-n8CO0o3byt1zXChr25Gbeg0JgcpJYV11yb0Gpsy8z4fFuPBtp7Vatk8&skuId=5948386070295&spm=a21n57.1.item.37,1286,0,0,0,0
1,0,木培公椅老人家用麻椅子高加厚包久坐舒适椅,淘寶,實木,42×49×90,45.0,3780.0,2058.0,5.0,45.0,6174.0,8.0,https://item.taobao.com/item.htm?priceTId=2100c81e17471409329593047e0bfa&utparam=%7B%22aplus_abtest%22%3A%220abfbc195754bacc3c2be7882c27d88a%22%7D&id=736818465003&ns=1&abbucket=15&xxc=taobaoSearch&detail_redpacket_pop=true&query=%E5%AE%9E%E6%9C%A8%E6%A4%85&mi_id=2Qw_utcpXQgoGDzb-sEv5VNC0YLUxWFoqyotQLVsBL1h62y4_TLL9fKo9bL1tRrB5VAaveKnpGQfOeIRZnCB5_rZALweGPq2gsCx-25D1ko&skuId=5087050528534&spm=a21n57.1.item.39,1287,0,0,0,0
1,0,木餐椅家用中古昌迪加椅扶手靠背椅餐民宿侘寂藤椅子,淘寶,木,45×50×85,40.0,4500.0,2250.0,3.0,45.0,4050.0,8.0,https://item.taobao.com/item.htm?priceTId=2100c81e17471409329593047e0bfa&utparam=%7B%22aplus_abtest%22%3A%22220b252b4305662987b42e9679282c49%22%7D&id=912666652819&ns=1&detail_redpacket_pop=true&query=%E5%AE%9E%E6%9C%A8%E6%A4%85&xxc=ad_ztc&mi_id=Pr-ZpSq-5iH8xipXPMb9x3Rlhxp5XDZs_MVVzhoQxoymqkj-LlMluf6fqL5m9F-7eM_uz8nAiSuO5-6iBTFwelM4Widc3vLnWj5uwelRGQo&skuId=5787793376818&spm=a21n57.1.item.40,1288,0,0,0,0
1,0,木餐代网餐椅家用奢极椅子奶油意式黑白餐桌椅,淘寶,實木,45×50×85,40.0,6750.0,2250.0,3.0,45.0,6075.0,6.9,https://item.taobao.com/item.htm?priceTId=2100c81e17471409329593047e0bfa&utparam=%7B%22aplus_abtest%22%3A%22fa7b556cfc22444a5bb8a66af9c1f794%22%7D&id=796363656204&ns=1&abbucket=15&xxc=taobaoSearch&detail_redpacket_pop=true&query=%E5%AE%9E%E6%9C%A8%E6%A4%85&mi_id=o22FMdVN7PZ0o3BaBFdmHpUnIcQdxB8gnduXLZwLKC2-iratW3qbzYgbToo_EAwzub7p12sRrqtRHIax-rEC0MSrWrV3zSIG70CP9Ph9LtM&skuId=5912194426126&spm=a21n57.1.item.41,1289,0,0,0,0
1,0,木餐椅2025新款椅子家用餐桌椅原木餐商用靠背椅休梳凳子,淘寶,實木,45×50×90,45.0,4050.0,2250.0,5.0,45.0,6750.0,7.0,https://detail.tmall.com/item.htm?priceTId=2100c81e17471409329593047e0bfa&utparam=%7B%22aplus_abtest%22%3A%22382742b6a4f532b51fa7a8c4df4e2d8d%22%7D&id=914663195757&ns=1&abbucket=15&xxc=taobaoSearch&detail_redpacket_pop=true&query=%E5%AE%9E%E6%9C%A8%E6%A4%85&mi_id=2zzACCveJwJTdwAMbqsNp3nAF8QjBR0SVn0VqaJyWClXuqNBKSFjrwqpNjTgLDZSZhN39xW-1EV1-FmUy4d9we4rDV66uLuvfJVt9rAVBRk&skuId=5782896697851&spm=a21n57.1.item.42,1290,0,0,0,0
1,0,木餐椅高感家用胡桃木意式餐桌椅子北靠背椅吃椅子中古,淘寶,胡桃木,50×45×85,40.0,9000.0,2250.0,5.0,45.0,5400.0,7.5,https://item.taobao.com/item.htm?priceTId=2100c81e17471409329593047e0bfa&utparam=%7B%22aplus_abtest%22%3A%22edf718662f465dfdd3608b33def3d816%22%7D&id=808222286451&ns=1&abbucket=15&xxc=taobaoSearch&detail_redpacket_pop=true&query=%E5%AE%9E%E6%9C%A8%E6%A4%85&mi_id=rnow6avZivqws9eMgarKSEA0P5ZtOhQUUdtzAfh9YGy-pSMW3Gbf4Ylw-kuYmgcAy16zYCPnGpyrNVNUshYuaF6GKxCW3w05VrCQYTnFYVo&skuId=5659969666468&spm=a21n57.1.item.43,1291,0,0,0,0
1,0,民集桌椅合木卡座沙椅子老榆木酒吧桌咖啡制作音餐吧,淘寶,老榆木,估計 120×60×80,35.0,4500.0,2581.0,5.0,45.0,5062.0,18.0,https://item.taobao.com/item.htm?priceTId=2100c81e17471409329593047e0bfa&utparam=%7B%22aplus_abtest%22%3A%2218bdd2eee051b7c2228d7038dd7ffadb%22%7D&id=899238604140&ns=1&detail_redpacket_pop=true&query=%E5%AE%9E%E6%9C%A8%E6%A4%85&xxc=ad_ztc&mi_id=SP51PjdS0qiv3pMboKX4rDqGPYt8tKCDtVhCQou8eLhM57-0zhSF9JMepCzxt4SnEjQesOjLtC0dwzhddiXpDHBfD4_exgd-JWHgbZgeN1c&skuId=5754090013110&spm=a21n57.1.item.44,1292,0,1,1,1
0,1,家用椅奢复古可旋木椅房桌椅子舒服久坐室靠背,淘寶,實木,50×50×85,40.0,5000.0,1963.0,5.0,45.0,4500.0,10.0,https://detail.tmall.com/item.htm?priceTId=2100c81e17471409329593047e0bfa&utparam=%7B%22aplus_abtest%22%3A%2216b9cb6d114e81e5307a3e1187efc830%22%7D&id=852021331651&ns=1&abbucket=15&xxc=taobaoSearch&detail_redpacket_pop=true&query=%E5%AE%9E%E6%9C%A8%E6%A4%85&mi_id=qq42not3CPGuxPEQ8NSYR_6RWrwQFXLoahtCVwLxV_Cmx1VNMcVuV_94UFP5hdsir4UpM-HoWs4ItiSNhGT6ylYKitWAwGvYEXYc-VXmhP4&skuId=5818505359936&spm=a21n57.1.item.45,1293,0,0,0,0
0,0,北培班家用餐椅靠背公休椅塑料化木洽椅子,淘寶,塑料和木,評估 48×54×82,40.0,5184.0,2592.0,2.0,45.0,7776.0,5.0,https://item.taobao.com/item.htm?priceTId=2100c81e17471409329593047e0bfa&utparam=%7B%22aplus_abtest%22%3A%223c3027d671cba907360cd58cdee7eac5%22%7D&id=611959248121&ns=1&abbucket=15&xxc=taobaoSearch&detail_redpacket_pop=true&query=%E5%AE%9E%E6%9C%A8%E6%A4%85&mi_id=n77QmbcW2vYJkTEkfPgetHEQ8voVX3zsLsXN8BmuCaXDMEaG-AplMAFxw5V7nOFj80-bTUAMI9-RHI3U1S2sHZM1sJYz9QETBiLbc9wDZC8&skuId=4480029702822&spm=a21n57.1.item.46,1294,0,0,0,0
0,0,新中式木黑胡桃餐椅家用扶手靠背舒美特圈椅主人茶桌凳子,淘寶,黑胡桃木,55×58×75,35.0,9800.0,3190.0,3.0,40.0,8800.0,7.5,https://item.taobao.com/item.htm?priceTId=2100c81e17471409329593047e0bfa&utparam=%7B%22aplus_abtest%22%3A%22606057affbe123e5bd0d68ff4829cea1%22%7D&id=769689783944&ns=1&abbucket=15&xxc=taobaoSearch&detail_redpacket_pop=true&query=%E5%AE%9E%E6%9C%A8%E6%A4%85&mi_id=ibvvcV27rBzHIV6NGkC918pIvVJc7rvayxwKNO8RqPNWGzHwUv6-k7zDmy5mCT0F6IKpnpp4QcHA6owREsS9HMMFN-XXcKyIzkIzHogDkrk&skuId=5944033566229&spm=a21n57.1.item.48,1295,0,0,0,0
1,0,木色木餐椅中式椅家用代靠背椅餐民宿月牙椅整,淘寶,木,45×45×90,45.0,4050.0,2025.0,3.0,45.0,5400.0,7.5,https://item.taobao.com/item.htm?priceTId=2100c81d17471412901187577e0be5&utparam=%7B%22aplus_abtest%22%3A%221c86b8a757f06659e718a5799f4e8e9e%22%7D&id=682509204674&ns=1&abbucket=15&xxc=taobaoSearch&detail_redpacket_pop=true&query=%E5%AE%9E%E6%9C%A8%E6%A4%85&mi_id=b_gaSIn8982VjGdv1peJQDfT7DI8OnqEl3PqdPD-8DSNoTASWrEN4MJAScwObJVZ3dSTT8IIvj3Ikzo0eYnQa5av7xtS4kFXC_01ZgangLY&skuId=5056562410004&spm=a21n57.1.item.3,1296,0,0,0,0
1,0,木餐椅家用椅子代原木靠背椅餐吃餐桌椅桌麻凳子,淘寶,實木,45×50×100,50.0,4500.0,2250.0,3.0,45.0,6075.0,7.0,https://item.taobao.com/item.htm?priceTId=2100c81d17471412901187577e0be5&utparam=%7B%22aplus_abtest%22%3A%2280d44c2d09303e4e476f98e598f591fd%22%7D&id=738387322710&ns=1&abbucket=15&xxc=taobaoSearch&detail_redpacket_pop=true&query=%E5%AE%9E%E6%9C%A8%E6%A4%85&mi_id=q0IFuaH_XFSqNA9RxeT6A1ciTBE9Zqg54Tyh03q0yFMyjVpV3iZ1aUKAOc-iPE15M10bVFDH_23RNzUr4zQ6NblEKvHaZTJIWw2RDYp2VwA&skuId=5269003547295&spm=a21n57.1.item.9,1297,0,1,0,0
1,0,木椅村怀老式吃餐椅儿童家店椅鞋凳家用靠背椅子,淘寶,實木,38×38×80,40.0,6080.0,1444.0,2.0,40.0,4560.0,5.0,https://item.taobao.com/item.htm?priceTId=2100c81d17471412901187577e0be5&utparam=%7B%22aplus_abtest%22%3A%22160f58c1c42da659dec10d927e6db501%22%7D&id=586330686653&ns=1&abbucket=15&xxc=taobaoSearch&detail_redpacket_pop=true&query=%E5%AE%9E%E6%9C%A8%E6%A4%85&mi_id=MDc5Uj_zGYRFilO-zimIow6UaDYpDJqDuNO34at2yjQPElkHZ6IhDY3kUdNjJeUupGa51Q7ugAnSRYy1oqOK80q5fHhcBVIteEhqAR7e4zc&skuId=4248138088086&spm=a21n57.1.item.12,1298,0,0,0,0
1,0,木小凳子客靠背椅子全橡木家用成人儿童幼儿鞋矮凳,淘寶,全橡木,估計 35×35×45,20.0,4500.0,1225.0,3.0,25.0,5062.0,5.0,https://item.taobao.com/item.htm?priceTId=2100c81d17471412901187577e0be5&utparam=%7B%22aplus_abtest%22%3A%22216203edb406489fa892a105ac1c7083%22%7D&id=781280749678&ns=1&abbucket=15&xxc=taobaoSearch&detail_redpacket_pop=true&query=%E5%AE%9E%E6%9C%A8%E6%A4%85&mi_id=fqqhOtDCp8jSlIKhn7xwK9G70FOQTjRNM6LaaeOP3ttnnNsxp6asNP1iYWo_5oxg9tH5Yv3dnudhUADC0s2lnrmhSxFcMTB8cpsBVeXEmfI&skuId=5338210537361&spm=a21n57.1.item.18,1299,0,1,1,0
1,0,木餐桌椅子家用餐椅原木休靠背椅餐吃凳子北洽桌椅,淘寶,實木,45×50×85,40.0,9000.0,2250.0,5.0,45.0,6075.0,5.0,https://item.taobao.com/item.htm?priceTId=2100c81d17471412901187577e0be5&utparam=%7B%22aplus_abtest%22%3A%220b4f39ec14f270b871066b9ce9e3120c%22%7D&id=822121859757&ns=1&abbucket=15&xxc=taobaoSearch&detail_redpacket_pop=true&query=%E5%AE%9E%E6%9C%A8%E6%A4%85&mi_id=puqYhbD3koRzB7JR0h47JcFsGuZghzgfJrYev0WPN0jHs9xGsuszOA1-7GTn3HViXjPcBlRxBbeZou1sexmUV4sjp5LfjxLSZ-CyLSKaAVA&skuId=5702255010801&spm=a21n57.1.item.19,1300,0,0,0,0
0,0,代家用木吧椅吧台凳奶茶店拍照高凳加厚高木凳北吧椅,淘寶,實木,未知,45.0,4500.0,2581.0,3.0,75.0,5062.0,4.5,https://item.taobao.com/item.htm?priceTId=2100c81d17471412901187577e0be5&utparam=%7B%22aplus_abtest%22%3A%22891985a13812acb22b1b413179a60c01%22%7D&id=638259217135&ns=1&abbucket=15&xxc=taobaoSearch&detail_redpacket_pop=true&query=%E5%AE%9E%E6%9C%A8%E6%A4%85&mi_id=oyri8n_N8vGQQW9yjad5GAHTgsZUryJh_IYK6fbSG1Thlhvv6T-9m8mDcM6ZwPtY-QYolChYmahpcVAjxuJ2bBlUqbLMHeh_hy_Bh0-fUF0&skuId=5578327341930&spm=a21n57.1.item.20,1301,0,0,1,0
1,0,全木椅子靠背椅餐椅家用代桌椅凳子休店餐餐桌椅,淘寶,實木,42×49×90,45.0,8820.0,2058.0,2.5,45.0,4284.0,6.5,https://item.taobao.com/item.htm?priceTId=2100c81d17471412901187577e0be5&utparam=%7B%22aplus_abtest%22%3A%2274d69319f51db09bae22846a0af4fb97%22%7D&id=675280586840&ns=1&abbucket=15&xxc=taobaoSearch&detail_redpacket_pop=true&query=%E5%AE%9E%E6%9C%A8%E6%A4%85&mi_id=ohA1MjfzG92w5mr8zkn-MVDORL2S65BvjDeaL1yucCmK08ZiNrzcHgSEjWP9-1er-_OhZg60RwX4CdjFnZjIWwd9wTHcts5Tn6_STh-qo40&skuId=5026119270368&spm=a21n57.1.item.22,1302,0,0,0,0
1,0,全木成人靠背餐桌椅代公儿童桌椅子生家用凳子,淘寶,實木,45×50×90,45.0,4500.0,2250.0,3.0,45.0,2025.0,6.0,https://item.taobao.com/item.htm?priceTId=2100c81d17471412901187577e0be5&utparam=%7B%22aplus_abtest%22%3A%22f6518bed3a164012c53ee07e9b9d7b51%22%7D&id=615400818952&ns=1&abbucket=15&xxc=taobaoSearch&detail_redpacket_pop=true&query=%E5%AE%9E%E6%9C%A8%E6%A4%85&mi_id=v3f_mWJ966ztp_AEShZB17ZX6fANJGS-KCMWVXyn9foiKyj8N57d6OiZwONl98tJfKDkpuq5L2c6rNXFJ-3CSACPqYW7XZ5rxsjLfG0TAJQ&skuId=4336165637303&spm=a21n57.1.item.23,1303,0,0,0,0
1,0,中式木餐椅代餐桌椅子公椅桌椅官帽椅牛角椅,淘寶,木,45×45×90,45.0,4050.0,2025.0,3.0,45.0,3038.0,7.0,https://item.taobao.com/item.htm?priceTId=2100c81d17471412901187577e0be5&utparam=%7B%22aplus_abtest%22%3A%227aa3c6d526634656c3a8f3feedd8da8b%22%7D&id=588629434699&ns=1&abbucket=15&xxc=taobaoSearch&detail_redpacket_pop=true&query=%E5%AE%9E%E6%9C%A8%E6%A4%85&mi_id=3K9Zs6CMuNnvjNZUpVD_FtFKTBBP7-iK5GRlpqhWPeRBHVy_ndjFfToRJajZFRbw7m1UFjjs10VZIdvYTLydW4SBWXJhzhuE2M4sqxQaS2o&skuId=5768989808830&spm=a21n57.1.item.24,1304,0,0,0,0
1,0,全木餐椅餐桌椅子家用代中式木房店餐凳子靠背椅,淘寶,實木,45×45×90,45.0,3645.0,2025.0,3.0,45.0,6075.0,8.0,https://item.taobao.com/item.htm?priceTId=2100c81d17471412901187577e0be5&utparam=%7B%22aplus_abtest%22%3A%2236ecba9676fa0b819b632104d4d81e62%22%7D&id=666933634025&ns=1&abbucket=15&xxc=taobaoSearch&detail_redpacket_pop=true&query=%E5%AE%9E%E6%9C%A8%E6%A4%85&mi_id=mqfVzm1vEMLRkT2gjyTktWtbDZRABxK8axKLCjPwFazlXgcXFa1hri4f1AK0_I1ur1-F6yFDw2jINP7_com-KffVUiylGRNZHsK-GQ0_Tcs&skuId=4980556571220&spm=a21n57.1.item.28,1305,0,0,0,0
1,0,胡桃色木公椅棋牌室麻椅四椅扶手靠背椅木餐椅,淘寶,胡桃木,42×49×90,45.0,3900.0,2058.0,3.0,45.0,9000.0,8.0,https://item.taobao.com/item.htm?priceTId=2100c81d17471412901187577e0be5&utparam=%7B%22aplus_abtest%22%3A%228ba162122c9a5ffdd1aa6ed369c0a31f%22%7D&id=709759260027&ns=1&abbucket=15&xxc=taobaoSearch&detail_redpacket_pop=true&query=%E5%AE%9E%E6%9C%A8%E6%A4%85&mi_id=gE1Eq8VaMHwDgMzhqX1U_uhPgIgtIK3b1OEKhYiOR6PITb_0T-Gg8CTiW23eht5Lm6B3IA5nz8iQeMdlFp7PRj5zibYBSsqH9WW2yBFtwG8&skuId=5153759499844&spm=a21n57.1.item.29,1306,0,0,0,0
1,0,全木椅子餐椅家用代靠背椅凳子木中式桌椅餐餐桌椅,淘寶,實木,45×45×90,45.0,8000.0,2025.0,5.0,45.0,3000.0,10.0,https://item.taobao.com/item.htm?priceTId=2100c81d17471412901187577e0be5&utparam=%7B%22aplus_abtest%22%3A%22cbf9ddd908a26e0ac371c3505300576c%22%7D&id=661483680593&ns=1&abbucket=15&xxc=taobaoSearch&detail_redpacket_pop=true&query=%E5%AE%9E%E6%9C%A8%E6%A4%85&mi_id=xMsdE8RZs7TjZuJuTe51OMkUVE2QAh1-MmSjcPGbvssLeHhQmrjUF_K0goyyRfNMQkP-5rzCIq_IZYDxBV9dXxxzWLPvzvoEmBYDbsjbrTg&skuId=4949590483513&spm=a21n57.1.item.32,1307,0,0,0,0
0,0,木餐椅餐桌椅子靠背椅扶手椅包桌椅麻公椅凳子,淘寶,實木,45×50×90,45.0,4050.0,2250.0,5.0,45.0,5062.0,8.0,https://item.taobao.com/item.htm?priceTId=2100c81d17471412901187577e0be5&utparam=%7B%22aplus_abtest%22%3A%22511cc016880b2f73112df8ac794fb8c6%22%7D&id=865166609465&ns=1&abbucket=15&xxc=taobaoSearch&detail_redpacket_pop=true&query=%E5%AE%9E%E6%9C%A8%E6%A4%85&mi_id=EWLY_TpdERSyUOKeN-TPYY9NQ5XdK426wAif0fGl8FmBoEdVcwnqMOP7NJ6GmDKvjVg__dp3zv2HOMjjWe9Mw44TAJK4T7Axc-u5vy34lAI&skuId=5856343046789&spm=a21n57.1.item.34,1308,0,0,0,0
1,0,北木包回椅代网餐休麻公家用靠背扶手餐椅白坯,淘寶,實木,42×49×90,45.0,3780.0,2058.0,2.5,45.0,6300.0,6.5,https://item.taobao.com/item.htm?priceTId=2100c81d17471412901187577e0be5&utparam=%7B%22aplus_abtest%22%3A%224c272858d7d8c2025760fa633c20423b%22%7D&id=624748900120&ns=1&detail_redpacket_pop=true&query=%E5%AE%9E%E6%9C%A8%E6%A4%85&xxc=ad_ztc&mi_id=3zBbwd6JqptrljuKhYOSIRYsSZpd8NPsAJHOBAySg9jkn8F1HOGsW4CGREa0VlDxFWcPmDLjc7N6sF5GzUJbbLJYdunzeAMPCxnOEAH8KMU&skuId=4430199629876&spm=a21n57.1.item.35,1309,0,0,0,0
0,1,吧台椅家用木吧凳高凳椅子拍照凳奶茶店拍照凳高木凳手机店凳,淘寶,實木,35×35×75,45.0,4500.0,2581.0,3.0,75.0,5062.0,4.5,https://item.taobao.com/item.htm?priceTId=2100c81d17471412901187577e0be5&utparam=%7B%22aplus_abtest%22%3A%2232941f22badee5ba46f43ea092439589%22%7D&id=705619301040&ns=1&abbucket=15&xxc=taobaoSearch&detail_redpacket_pop=true&query=%E5%AE%9E%E6%9C%A8%E6%A4%85&mi_id=99QYpxGKnssIMCOTcqqASPQdsUawRCzbQgO7lk0eG7R0opJn5hzoWrhl21s1lIJf5YpB96WQ1hyEL3qqQXOg94UoUyonSJGXwE-gwkP5-OQ&skuId=4961308080242&spm=a21n57.1.item.36,1310,0,0,1,0
1,0,木靠背椅村小木椅凳家用木椅子原木店餐椅儿童代,淘寶,實木,42×49×90,45.0,3780.0,2058.0,2.5,45.0,6174.0,6.5,https://detail.tmall.com/item.htm?priceTId=2100c81d17471412901187577e0be5&utparam=%7B%22aplus_abtest%22%3A%2239ed2abfb0f072895574a155a59b804a%22%7D&id=842467473223&ns=1&abbucket=15&xxc=taobaoSearch&detail_redpacket_pop=true&query=%E5%AE%9E%E6%9C%A8%E6%A4%85&mi_id=R7DePgTLho2J5eIXMpEplI_S5tbrN0jP-YD-ep-AqZn0xZ3QYKgfDWA59Ym-O-xyxe4NVQ7mjbkeRHoxeDBfSmEqtzu2bdAxb1O3i5LtEBw&skuId=5613736084092&spm=a21n57.1.item.37,1311,0,0,0,0
1,0,全木靠背椅子家用餐椅凳子成人儿童木,淘寶,實木,42×49×90,45.0,3780.0,2058.0,2.5,45.0,6300.0,6.5,https://item.taobao.com/item.htm?priceTId=2100c81d17471412901187577e0be5&utparam=%7B%22aplus_abtest%22%3A%22d175bce2d4484d53e173dccf483e4718%22%7D&id=741858396902&ns=1&abbucket=15&xxc=taobaoSearch&detail_redpacket_pop=true&query=%E5%AE%9E%E6%9C%A8%E6%A4%85&mi_id=NS6DUflH15oeT8Kug0EkILAWzmr7IeVOAsNHTYTcXRB9xKEkQ_EJLunq-Af2F8mGkGLlyQ0DUTJxzeq3kfYxbgZPkfwzggxdYNd2F3R_2bs&skuId=5120392761517&spm=a21n57.1.item.39,1312,0,0,0,0
1,0,博奇2025新款网餐桌椅子家用意式靠背代化椅凳,淘寶,實木,45×50×95,50.0,4000.0,2000.0,5.0,45.0,5400.0,7.0,https://item.taobao.com/item.htm?priceTId=2100c81d17471412901187577e0be5&utparam=%7B%22aplus_abtest%22%3A%228117809167b6fca979f1c8ef055ef386%22%7D&id=920415235205&ns=1&detail_redpacket_pop=true&query=%E5%AE%9E%E6%9C%A8%E6%A4%85&xxc=ad_ztc&mi_id=PDhh2sb-ZLo8waL0iCpPdDFUKnqmysLVC6xDlkCipS19G6g2Bepf8UvsVRNBXb6pFB8JBCGzoPxr0GMStJbVxzoGzTRYHqvAYdPg5SLhJ6A&skuId=5796389697274&spm=a21n57.1.item.40,1313,0,0,0,0
1,0,家用椅子木餐椅原木奶油小型餐酒店橡木北餐桌椅,淘寶,橡木,45×50×85,40.0,4500.0,2250.0,3.0,45.0,4050.0,7.0,https://item.taobao.com/item.htm?priceTId=2100c81d17471412901187577e0be5&utparam=%7B%22aplus_abtest%22%3A%221580c95ab8e2f53571d3b12820a93927%22%7D&id=757445005508&ns=1&abbucket=15&xxc=taobaoSearch&detail_redpacket_pop=true&query=%E5%AE%9E%E6%9C%A8%E6%A4%85&mi_id=cJJMXWat0h6VLTi5wCcC2DVclboip2_QsOswsaKp8n-fvvFt4Wy2dsPNTUNPijAKU0VSeJTPBdjWVBzCqTfbMkWLiYaRdTJSHWoHMxd1XFo&skuId=5225458565042&spm=a21n57.1.item.42,1314,0,0,0,0
1,0,天然木靠背椅代餐桌椅桌椅桌椅生座椅家用松木椅,淘寶,松木,45×40×85,40.0,7200.0,1800.0,3.0,45.0,4050.0,5.0,https://item.taobao.com/item.htm?priceTId=2100c81d17471412901187577e0be5&utparam=%7B%22aplus_abtest%22%3A%2270f2f062ddee9206a8ea35f10dfcc5a6%22%7D&id=543522782988&ns=1&abbucket=15&xxc=taobaoSearch&detail_redpacket_pop=true&query=%E5%AE%9E%E6%9C%A8%E6%A4%85&mi_id=G_o2_gjaHrnahZmfEcRnuxwe4ExrvZDA2dbotjKX6_52TsnuYcEg4pdm5VTSW5nkRAP5VtD32wcg0GEV548Q5Ho8MzYtNa1ucTcsBuWbjkc&skuId=4158449842372&spm=a21n57.1.item.43,1315,0,0,0,0
1,0,村手工木椅老式家用木靠背椅家餐椅仿古椅麻椅儿童椅子,淘寶,實木,42×49×90,45.0,3780.0,2058.0,2.5,45.0,6174.0,6.5,https://item.taobao.com/item.htm?priceTId=2100c81d17471412901187577e0be5&utparam=%7B%22aplus_abtest%22%3A%22b870c172809096e959ac20ed1d6afef5%22%7D&id=682195593777&ns=1&abbucket=15&xxc=taobaoSearch&detail_redpacket_pop=true&query=%E5%AE%9E%E6%9C%A8%E6%A4%85&mi_id=M7vcPX4MbiRBHmidLgZnU9sUjQz57poAT5bwfgywY4iaN7NDjANdmHOilyzud4bTDxUVSqwUph8cee9w3sfZgJuTXQkNGMyOe1wIWiNTr30&skuId=5054245898013&spm=a21n57.1.item.45,1316,0,0,0,0
0,0,北木餐椅公主椅莎椅圈椅Y椅扶手椅子桌椅中式椅咖啡椅,淘寶,實木,45×50×95,50.0,4500.0,2250.0,5.0,45.0,8100.0,7.0,https://item.taobao.com/item.htm?priceTId=2100c81d17471412901187577e0be5&utparam=%7B%22aplus_abtest%22%3A%224ae8a627d1ad9a6e9278d00b462dc04d%22%7D&id=585200972939&ns=1&abbucket=15&xxc=taobaoSearch&detail_redpacket_pop=true&query=%E5%AE%9E%E6%9C%A8%E6%A4%85&mi_id=5X4FvGUBZBY05YcMJjmACihvGDBGv4hzDkKoOoHFNg1kbfqiyAF7adZofGosZbeetlxDDH5ZnR6M0QBhkhzwiqXe-sktYZ_cgLG14pXRoug&skuId=3963862660799&spm=a21n57.1.item.46,1317,0,1,0,0
1,0,木椅子靠背椅餐椅家用凳子扶手椅宿舍生桌椅公椅,淘寶,實木,42×49×90,45.0,3780.0,2058.0,2.5,45.0,6174.0,6.5,https://item.taobao.com/item.htm?priceTId=2100c81d17471412901187577e0be5&utparam=%7B%22aplus_abtest%22%3A%2225db0b16a98f8caf2149a9269a19eccb%22%7D&id=834106372524&ns=1&abbucket=15&xxc=taobaoSearch&detail_redpacket_pop=true&query=%E5%AE%9E%E6%9C%A8%E6%A4%85&mi_id=DfbPTVISpc5jhW6VCdeD2Ie5hH7ZOrcr8V80Io92LqP3MCslGyX9s6j01i18fy97fv9ynt7hL4e7JkiKIFNRn2-J_25cKbrDiOVcJoe7X8Y&skuId=5751789435357&spm=a21n57.1.item.48,1318,0,0,0,0
0,1,金木木凳子家用可放餐桌凳矮凳小凳子板凳凳方凳耐用,淘寶,金木,30×30×45,45.0,4500.0,2581.0,2.0,45.0,3037.0,4.0,https://detail.tmall.com/item.htm?priceTId=2100c89617471416404247350e0bde&utparam=%7B%22aplus_abtest%22%3A%22da12cb92546b1827c2da34d1a5f992e3%22%7D&id=710549278727&ns=1&detail_redpacket_pop=true&query=%E5%AE%9E%E6%9C%A8%E6%A4%85&xxc=ad_ztc&mi_id=Fo3cAIasrVI5jl94HKRDzNxi0_tLA8u2P2VqqGcPG-om8vWniEzc6rhus5n2POjjRC0hM-5Qz5JWR9XAqx1c55Lk7RNwAXST_hZTKxUpoKA&skuId=5155208119727&spm=a21n57.1.item.2,1319,0,0,0,0
1,0,木椅子靠背扶手椅桌椅家用人沙椅舒适久坐麻老人,淘寶,木,50×54×94,49.0,8019.0,2700.0,3.0,45.0,6075.0,7.0,https://detail.tmall.com/item.htm?priceTId=2100c89617471416404247350e0bde&utparam=%7B%22aplus_abtest%22%3A%222bd3de20510b715608dee81aaa22ae62%22%7D&id=919979159826&ns=1&abbucket=15&xxc=taobaoSearch&detail_redpacket_pop=true&query=%E5%AE%9E%E6%9C%A8%E6%A4%85&mi_id=LTv5kXh2p-jA8S4hkrYFfMoypBeOOPBEXVrz98YJYawkrhxg7UlVcfDGkFkhyM22zUqPNP_9kyhPt6_bAF31Rw39NoaOGxF9B-25cQRDC64&skuId=5793614392216&spm=a21n57.1.item.3,1320,0,0,0,0
1,0,家用餐椅靠背北牛角椅小吃快餐店堡甜品奶茶店餐椅子,淘寶,實木,45×50×85,40.0,6000.0,2250.0,2.0,45.0,5400.0,5.0,https://item.taobao.com/item.htm?priceTId=2100c89617471416404247350e0bde&utparam=%7B%22aplus_abtest%22%3A%2295cc8e1f5527909a2e9c59d9a1a335ba%22%7D&id=702210234543&ns=1&detail_redpacket_pop=true&query=%E5%AE%9E%E6%9C%A8%E6%A4%85&xxc=ad_ztc&mi_id=WQY39v0b_ilHriiLwZdYKOZQPUY40hXhrmdz8rKNlOHeFRnBbI3z4zoPw2gbWJByk4nT3tvhJ7FDPKg0xROwr6Lujgg17G53z1RknxNbEUU&skuId=4946050240645&spm=a21n57.1.item.4,1321,0,0,0,0
1,0,木椅家用舒适久坐桌沙椅公座椅靠背折可躺人子,淘寶,實木,50×50×100,50.0,4500.0,2500.0,5.0,40.0,6000.0,10.0,https://detail.tmall.com/item.htm?priceTId=2100c89617471416404247350e0bde&utparam=%7B%22aplus_abtest%22%3A%2229f244ee5e2e6aa2dbcb78eb470f8839%22%7D&id=890334822166&ns=1&abbucket=15&xxc=taobaoSearch&detail_redpacket_pop=true&query=%E5%AE%9E%E6%9C%A8%E6%A4%85&mi_id=n5wC91R1f1ynuM3ikVCInufNmXBTLnN0XAZjmgl5-njcXHqVm0hI9TdCmZFuLD24Ut2I81mJ0R-dXjLkNd46baSpSJsfJ7ovPp22ubupTOs&skuId=5735568300897&spm=a21n57.1.item.5,1322,0,1,0,0
1,0,餐椅家用2025新款椅子木色靠背椅家用舒适吃凳子中古牛角,淘寶,實木,45×50×95,50.0,4500.0,2250.0,3.0,45.0,6750.0,7.0,https://detail.tmall.com/item.htm?priceTId=2100c89617471416404247350e0bde&utparam=%7B%22aplus_abtest%22%3A%228b0b41e71a532e98edaed8d3e12a0bc8%22%7D&id=847309107688&ns=1&abbucket=15&umpChannel=bybtqdyh&u_channel=bybtqdyh&fpChannel=101&fpChannelSig=b4509f29d902ba69422813cef8f19d71d97b50c0&xxc=taobaoSearch&detail_redpacket_pop=true&query=%E5%AE%9E%E6%9C%A8%E6%A4%85&mi_id=NQU64vKlr0E_tbcmdOzjmjvcOU3E3-3m_9v0trtIDF0E8z8pSfJBcfAxbafmaltusydlcFOIu-KuuUvd1LYlDafmCW6qZmVaGAJrehySFRE&maskChannel=bybtrs&skuId=5633794085201&spm=a21n57.1.item.7,1323,0,0,0,0
1,0,北木餐椅家用靠背椅胡桃舒美特椅扶手椅子复古洽桌椅,淘寶,胡桃木,45×50×85,40.0,4500.0,2250.0,5.0,45.0,6075.0,7.0,https://item.taobao.com/item.htm?priceTId=2100c89617471416404247350e0bde&utparam=%7B%22aplus_abtest%22%3A%222bd0b1e84793f8d5b4a14b9ddd3801fc%22%7D&id=916181317457&ns=1&abbucket=15&xxc=taobaoSearch&detail_redpacket_pop=true&query=%E5%AE%9E%E6%9C%A8%E6%A4%85&mi_id=CXIR9m436y1SJ50kWU6f9RHt1lbNG7rpmS1Un0-UesvXU1CZXj--ihNAzDhMy853HKu67HLSR-l0lhoJ07wuW9ujDjARE7c58xbpQgPuFp0&skuId=5782188288967&spm=a21n57.1.item.9,1324,0,0,0,0
1,0,木椅子老人用扶手靠背凳子舒服久坐客吃家用台休椅子,淘寶,實木,45×50×95,50.0,4500.0,2250.0,3.0,45.0,4050.0,7.0,https://item.taobao.com/item.htm?priceTId=2100c89617471416404247350e0bde&utparam=%7B%22aplus_abtest%22%3A%220af04f38936db74f4147ab6f508983c6%22%7D&id=672357598336&ns=1&abbucket=15&xxc=taobaoSearch&detail_redpacket_pop=true&query=%E5%AE%9E%E6%9C%A8%E6%A4%85&mi_id=ys5Wgkff8Rw-HN9AiZ0A54fHEEfTG9Dptv6BFZV6SQdTTNRx3K4pyFJFfK-zzjIDW4JpPXD7e2ObzJeDKw07zIUEOvXxaqhEHm7QHCby_ws&skuId=5009999418356&spm=a21n57.1.item.13,1325,0,1,0,0
0,0,木餐椅家用代公椅北餐酒店靠背椅凳咖啡牛角椅,淘寶,木,45×50×80,35.0,6300.0,2250.0,3.0,45.0,9000.0,5.0,https://item.taobao.com/item.htm?priceTId=2100c89617471416404247350e0bde&utparam=%7B%22aplus_abtest%22%3A%22073820fd2973ad7f737737ea9e5af633%22%7D&id=671284556925&ns=1&abbucket=15&xxc=taobaoSearch&detail_redpacket_pop=true&query=%E5%AE%9E%E6%9C%A8%E6%A4%85&mi_id=FYA9LibAzi4Ba4vmjKptn8epErFB0rCGw1VcdWGFAITXS1BbTwv3VZfEc3c3HzmspHEwk-g87SGlYpCqa7NIznhlLhd-3Vpf4b7mhqfJ1Po&skuId=5010640787005&spm=a21n57.1.item.14,1326,0,0,0,0
1,0,复古木框架有漆耐磨款折椅可米特平替琴影院咖啡甜品,淘寶,實木,45×50×95,50.0,4500.0,2250.0,3.0,45.0,6750.0,7.5,https://item.taobao.com/item.htm?priceTId=2100c89617471416404247350e0bde&utparam=%7B%22aplus_abtest%22%3A%225054d1d90593217ac402f11433ec00c7%22%7D&id=803431901148&ns=1&abbucket=15&xxc=taobaoSearch&detail_redpacket_pop=true&query=%E5%AE%9E%E6%9C%A8%E6%A4%85&mi_id=StmyZZJ1z9amGhW6QKcxI0kX-_GWCfTxz0O0u7Dxyndbed8Rsdx-ypP_WTQg0WuHe0n7Zvc23GTzw6OaMg4xT4wJ3_Tus4ZPTj4KhtbCCvE&skuId=5660416876162&spm=a21n57.1.item.17,1327,0,1,0,0
1,0,家用木餐椅日式中古酒店靠背椅休原木藤椅藤椅复古椅子,淘寶,實木,42×49×90,45.0,8820.0,2058.0,2.5,45.0,9450.0,6.5,https://item.taobao.com/item.htm?priceTId=2100c89617471416404247350e0bde&utparam=%7B%22aplus_abtest%22%3A%2290d8b9081c7652bbbadcedf74885b7d3%22%7D&id=738680778770&ns=1&abbucket=15&xxc=taobaoSearch&detail_redpacket_pop=true&query=%E5%AE%9E%E6%9C%A8%E6%A4%85&mi_id=1hFm7ri-eXmiqHxm7rdTxmMJMyg8YoaPhH0xqsn6f3-SQjC2NgkJ8fsxm4B-bn-G16tv81BBr_MfPa8ysglBzYKpHD1xycSPF7S6Ky3gcwI&skuId=5892851374375&spm=a21n57.1.item.18,1328,0,0,0,0
1,0,藤椅子家用木餐椅北餐吃餐桌椅原木休桌凳子靠背,淘寶,實木,45×50×85,40.0,7200.0,2250.0,3.0,45.0,6750.0,7.0,https://detail.tmall.com/item.htm?priceTId=2100c89617471416404247350e0bde&utparam=%7B%22aplus_abtest%22%3A%2250bcc496eba3a30ef89692cd70639bff%22%7D&id=809748153339&ns=1&abbucket=15&xxc=taobaoSearch&detail_redpacket_pop=true&query=%E5%AE%9E%E6%9C%A8%E6%A4%85&mi_id=2M-yQYaxPxCHNkhnYzXWmquKEdmHH8bQz4oI3zkvVXh1U9403l4ddaNo1fHPJQXbDdi6HpbsQwJ5MlbHzOhFwFv6oO8O0Oi1qmELr4tKMlU&skuId=5714002548832&spm=a21n57.1.item.19,1329,0,0,0,0
0,0,北木餐椅家用代原木包靠背椅子餐酒店高感餐桌椅,淘寶,木,45×50×85,40.0,7200.0,2250.0,5.0,45.0,5060.0,7.0,https://item.taobao.com/item.htm?priceTId=2100c89617471416404247350e0bde&utparam=%7B%22aplus_abtest%22%3A%225e840f97bc1f5bdb5e4654f06c583f6c%22%7D&id=906580085154&ns=1&abbucket=15&xxc=taobaoSearch&detail_redpacket_pop=true&query=%E5%AE%9E%E6%9C%A8%E6%A4%85&mi_id=d-BgF2VFrfTAJWxpnsTKLhZlh0JoTONRqYxL0LEDoHPGA6BVOpTWoU8lyBez-_UUx70GQwAirsCSsG-szXHNmYWQBubxlcJkBoMkYiNGYDk&skuId=5932753394838&spm=a21n57.1.item.20,1330,0,0,0,0
1,0,北木餐椅家用原木色橡木椅子餐吃酒店名宿餐桌椅,淘寶,橡木,45×50×85,40.0,9000.0,2250.0,3.0,45.0,6075.0,7.0,https://item.taobao.com/item.htm?priceTId=2100c89617471416404247350e0bde&utparam=%7B%22aplus_abtest%22%3A%22c4d335fe28f205f11ee7ef4bdbd2793c%22%7D&id=853276620286&ns=1&abbucket=15&xxc=taobaoSearch&detail_redpacket_pop=true&query=%E5%AE%9E%E6%9C%A8%E6%A4%85&mi_id=lnCY5nnVhi73XgrtgfMep0nG9nDHXmoJcUd-39hIoT4OIjNAogAcxR3xxS2GPEuLO-C652Em-qdaGc5ahD2QFhasbIPsrVl1FCpBoKq_9zc&skuId=5820621347581&spm=a21n57.1.item.22,1331,0,0,0,0
1,0,全木餐椅整加厚代家用靠背酒店餐吃凳子胡桃木色,淘寶,胡桃木,42×49×90,45.0,7605.0,2058.0,3.0,45.0,8505.0,7.5,https://item.taobao.com/item.htm?priceTId=2100c89617471416404247350e0bde&utparam=%7B%22aplus_abtest%22%3A%22a376196799b388d0fb5bf0a9c01037c2%22%7D&id=672829667122&ns=1&abbucket=15&xxc=taobaoSearch&detail_redpacket_pop=true&query=%E5%AE%9E%E6%9C%A8%E6%A4%85&mi_id=n7fyinGEUJjo8gCbHUvpobWU9Q1lUq4hVYYg-vFLIZf0P5blgo6aDlTaya2AHbP3L8JpNwsDwbG0jjVIKGy91DFHoD6E2Y3v380qAASQw84&skuId=5767025273009&spm=a21n57.1.item.23,1332,0,0,0,0
1,0,椅家用木桌椅房生字椅公久坐舒适靠背椅椅子,淘寶,實木,42×49×90,45.0,3780.0,1638.0,2.5,45.0,6174.0,6.5,https://item.taobao.com/item.htm?priceTId=2100c89617471416404247350e0bde&utparam=%7B%22aplus_abtest%22%3A%220d0af3978ee2d4c035ac00aed2262f12%22%7D&id=900709726966&ns=1&abbucket=15&xxc=taobaoSearch&detail_redpacket_pop=true&query=%E5%AE%9E%E6%9C%A8%E6%A4%85&mi_id=pSmUxZAZaiNSaSrmyuwHHgIihgREiybMoVpdcRvP1GQ2bWxL5OPRxJGnYMZtkQSNGUtXiGHj_3QDEBRlQWHb5D0A3FPtwaLm3w5lI2Xri60&skuId=5924981775376&spm=a21n57.1.item.24,1333,0,0,0,0
0,1,可旋木复古椅子奢餐餐椅儿童椅复古美式休椅台椅,淘寶,實木,42×42×78,40.0,3528.0,1385.0,3.0,40.0,4200.0,5.0,https://item.taobao.com/item.htm?priceTId=2100c89617471416404247350e0bde&utparam=%7B%22aplus_abtest%22%3A%22a9a44a88d3d609bee49789c800772347%22%7D&id=807852652885&ns=1&abbucket=15&xxc=taobaoSearch&detail_redpacket_pop=true&query=%E5%AE%9E%E6%9C%A8%E6%A4%85&mi_id=6UQpoQ5Ciptq4NTQv-gNJ-W0roOeY_oKVp-DdXVdliDBoshEPgkkmPe8KQJYRwZmmJhGq1FUyAoD-sBREv0OXMzoyN8Nxu4nAgugWYo_ia4&skuId=5710608338960&spm=a21n57.1.item.26,1334,0,0,0,0
1,0,全木成人靠背餐桌椅儿童桌椅子生家用餐客松木凳子,淘寶,松木,42×49×90,45.0,3780.0,2058.0,2.5,45.0,6174.0,6.5,https://detail.tmall.com/item.htm?priceTId=2100c89617471416404247350e0bde&utparam=%7B%22aplus_abtest%22%3A%22ce7aecebf3efc9e276b92157504436a5%22%7D&id=918516922510&ns=1&abbucket=15&xxc=taobaoSearch&detail_redpacket_pop=true&query=%E5%AE%9E%E6%9C%A8%E6%A4%85&mi_id=IfH4kSYHFJIMePar7u8N2M5_Od_rlVf6VzL_i1R4UN0oHxj5wjmnZWOM6w0PScUnCfblzF6m49b2VunDzJBq5CYkz40WIEMSCKnwLVjZfbA&skuId=5787668500161&spm=a21n57.1.item.28,1335,0,0,0,0
1,0,木椅子靠背椅木凳子家用生幼儿小椅子茶几笑木椅子天然,淘寶,實木,30×30×50,25.0,2250.0,2581.0,2.0,25.0,5062.0,4.0,https://item.taobao.com/item.htm?priceTId=2100c89617471416404247350e0bde&utparam=%7B%22aplus_abtest%22%3A%22c101966bb28f3084e0bf4387f1d9b11d%22%7D&id=678369090011&ns=1&abbucket=15&xxc=taobaoSearch&detail_redpacket_pop=true&query=%E5%AE%9E%E6%9C%A8%E6%A4%85&mi_id=dEpJcOLEDQ42fZXvrw_sMRZ9bokRNO2FyMt4ZE9bkMF97oGEkwQvjvjNWvBJYLaNIiDNNXf-M1Wl60fChrX_fkA5KneUAxGOrECPkoLb0UQ&skuId=4869843293621&spm=a21n57.1.item.33,1336,0,0,0,0
1,0,木椅子家用餐桌椅胡桃木中古椅靠背房咖啡凳子休茶椅,淘寶,胡桃木,45×50×85,40.0,4500.0,2250.0,2.0,45.0,6750.0,5.5,https://item.taobao.com/item.htm?priceTId=2100c89617471416404247350e0bde&utparam=%7B%22aplus_abtest%22%3A%22cac66da8ed5dfbf908bea5214d8359d2%22%7D&id=784401580300&ns=1&abbucket=15&xxc=taobaoSearch&detail_redpacket_pop=true&query=%E5%AE%9E%E6%9C%A8%E6%A4%85&mi_id=BJC5s-owdK3MeX0dq-EAPorlTOrAr31GrpMqGW9qsDRkDkES6XnsM1CX2X-5zpsigebxvMgyTW8qmMBpmVw-e-lvQ4aNjhHz7CIX5SDqavU&skuId=5779235040741&spm=a21n57.1.item.34,1337,0,0,0,0
1,0,北木餐桌椅子家用餐椅房公靠背椅舒美特新中式扶手茶室椅,淘寶,實木,45×50×95,50.0,4500.0,2250.0,3.0,45.0,5062.0,7.0,https://item.taobao.com/item.htm?priceTId=2100c89617471416404247350e0bde&utparam=%7B%22aplus_abtest%22%3A%2265c42b1cafbfff367fc20068fbbffde7%22%7D&id=823517940554&ns=1&abbucket=15&xxc=taobaoSearch&detail_redpacket_pop=true&query=%E5%AE%9E%E6%9C%A8%E6%A4%85&mi_id=a23LWUGgkGkse99Xzw6KsB8OBs7eH3WD4P1LR3rCsP-EoV38DtobZpLWmAwFtQWriQe0ga9JT0aYd6imYYMdqRSrd4BZipwq3bLQb2HJKVs&skuId=5735986241083&spm=a21n57.1.item.36,1338,0,1,1,0
1,0,木牛角餐椅家用新中式木靠背桌人胡桃公小茶凳子,淘寶,胡桃木,42×49×90,45.0,3780.0,2058.0,2.5,45.0,6174.0,6.5,https://item.taobao.com/item.htm?priceTId=2100c89617471416404247350e0bde&utparam=%7B%22aplus_abtest%22%3A%22b072334eaf2b8a9d60f6cf7ebad787ae%22%7D&id=809346125586&ns=1&abbucket=15&xxc=taobaoSearch&detail_redpacket_pop=true&query=%E5%AE%9E%E6%9C%A8%E6%A4%85&mi_id=AfU3kQkqCvcVdgjfUKXWyKAkOPyyhjfbJRyzLQada-APUDj45LaKlaODCxv9SI0wFJ0B62FkXj0-T8t8ibFQ3n6TfBx3K25nRuZbs_A3Zro&skuId=5664685074072&spm=a21n57.1.item.37,1339,0,0,0,0
1,0,木椅子可放餐椅家用餐桌凳子靠背2024新款餐凳餐桌椅木椅子,淘寶,實木,45×50×95,50.0,4500.0,2250.0,3.0,45.0,5062.0,7.0,https://detail.tmall.com/item.htm?priceTId=2100c89617471416404247350e0bde&utparam=%7B%22aplus_abtest%22%3A%2274c76898487b5d7a97577b390f9ca660%22%7D&id=864494416631&ns=1&abbucket=15&xxc=taobaoSearch&detail_redpacket_pop=true&query=%E5%AE%9E%E6%9C%A8%E6%A4%85&mi_id=22dTn0JSLSb9v1DmgoRiuCs-DVNpAVMgLuU7szrl5QTqilAfUXEaIEdov_J-vP0qRSS_92FSqSH0bisZndGAYHzzYzWiookf6kfmAn3GBIQ&skuId=5928723602115&spm=a21n57.1.item.38,1340,0,1,0,0
1,0,木餐椅橡木公椅子家用代靠背椅桌椅餐家具,淘寶,橡木,估計 45×50×95,50.0,4500.0,2250.0,5.0,45.0,4050.0,8.0,https://item.taobao.com/item.htm?priceTId=2100c89617471416404247350e0bde&utparam=%7B%22aplus_abtest%22%3A%22cd18533bb28ae2ff746cbeac0d7f33c9%22%7D&id=868639837508&ns=1&abbucket=15&xxc=taobaoSearch&detail_redpacket_pop=true&query=%E5%AE%9E%E6%9C%A8%E6%A4%85&mi_id=mLyV8Id0_M_rqA8pSiVgnP1rmfLl01UET3Jb5tt14Tpxj-9xuryMjGrnWPtTnVyx1eu9ciW-fWffUpnfFRIiRLqVQFXRj51AV4L_wXl3XxI&skuId=5872268498959&spm=a21n57.1.item.39,1341,0,1,0,0
1,0,木椅子村老式吃餐椅儿童休店椅鞋凳家用靠背椅,淘寶,實木,40×40×80,40.0,6400.0,1600.0,2.0,40.0,6400.0,8.0,https://item.taobao.com/item.htm?priceTId=2100c89617471416404247350e0bde&utparam=%7B%22aplus_abtest%22%3A%22501a590b0eb0402d5c0255c1f9e8a050%22%7D&id=891215706657&ns=1&abbucket=15&xxc=taobaoSearch&detail_redpacket_pop=true&query=%E5%AE%9E%E6%9C%A8%E6%A4%85&mi_id=aNUKch58K4evbACC-Y32yPA-a-X1_L_e5q1H1CQoGns4GJwUpm8H4_U8Iu6MPeZDcG-cWIkaiNOttjh86rYofZhkY-S_98FbP7aq98sL5f8&skuId=5905951122993&spm=a21n57.1.item.41,1342,0,0,0,0
0,1,木吧台椅房做椅子家用高椅可折酒吧椅高凳子靠背椅用,淘寶,實木,40×40×80,35.0,3360.0,1256.0,2.0,75.0,9000.0,5.0,https://detail.tmall.com/item.htm?priceTId=2100c89617471416404247350e0bde&utparam=%7B%22aplus_abtest%22%3A%22f855f2f0cfaf2a2d4673f4fc92dbebc6%22%7D&id=834209437823&ns=1&abbucket=15&xxc=taobaoSearch&detail_redpacket_pop=true&query=%E5%AE%9E%E6%9C%A8%E6%A4%85&mi_id=Q3jOgg6TQEDb-UrpwE_e9z562xOs1cwhfQBCkaFATxFIQ8RZOlBLxiEgu7vUkkx6_OVh8CODY9prqzRxYKcgIxGeiv42DQh7Rr5HtbXlVvs&skuId=5752660203961&spm=a21n57.1.item.42,1343,0,0,0,0
1,0,北美黑胡桃木木小板凳儿童椅靠背鞋凳矮凳全木小孩可,淘寶,黑胡桃木,估計 30×30×60,30.0,2700.0,2581.0,2.0,30.0,2700.0,5.0,https://item.taobao.com/item.htm?priceTId=2100c89617471416404247350e0bde&utparam=%7B%22aplus_abtest%22%3A%226a65a1fb5b0e4ca2d79e97cbce47b2d3%22%7D&id=889880465209&ns=1&abbucket=15&xxc=taobaoSearch&detail_redpacket_pop=true&query=%E5%AE%9E%E6%9C%A8%E6%A4%85&mi_id=E8tZ3tNNOS-ZjeD3ejsz6o789TV_C2423Tc_hLEgtJxBx-VOD479bJ6x7Ut6zBfqkWIWQC96_MBcucyDte00OGvzD8xcEN6Q1D8DLjh0Y_g&skuId=5752457213189&spm=a21n57.1.item.46,1344,0,0,0,0
1,0,木餐椅餐椅子家用靠背椅店木凳子吃餐桌椅子房公椅,淘寶,實木,45×50×85,40.0,3600.0,2250.0,3.0,45.0,4050.0,7.0,https://item.taobao.com/item.htm?priceTId=2100c89617471416404247350e0bde&utparam=%7B%22aplus_abtest%22%3A%2271a4ccf9150ae5910b5a0bc82cc2ec95%22%7D&id=805943609612&ns=1&abbucket=15&xxc=taobaoSearch&detail_redpacket_pop=true&query=%E5%AE%9E%E6%9C%A8%E6%A4%85&mi_id=XcjbtIf3WIbyaZ6iedAzAWH-4izGVekP5YBmSuqAP37e4UXdyQEPvIGzXm86eeb_qWolkTLKZOWOwb-oHEwxOkWWthtConao0bLq6eqimDc&skuId=5482458457468&spm=a21n57.1.item.48,1345,0,0,0,0
1,0,彼得椅中古木餐椅休椅复古房椅法式田奶油椅子化,淘寶,實木,42×49×90,45.0,3780.0,1638.0,2.5,45.0,6174.0,6.5,https://detail.tmall.com/item.htm?priceTId=2100c80f17471420077768997e0c05&utparam=%7B%22aplus_abtest%22%3A%2239b431e3d0ce47b8d86f97cb098eb457%22%7D&id=903979595506&ns=1&abbucket=15&xxc=taobaoSearch&detail_redpacket_pop=true&query=%E5%AE%9E%E6%9C%A8%E6%A4%85&mi_id=iD3KFoCD8hREtz3OiDXbjBLzU6SbDXCf5HTegd_Mehfq7J_bGIEoTX6ewvYhyuNh-crqVrMKUVjTuvR6OUWgc2lX2FWynY5CRJGvGpZSvJY&skuId=5931651035793&spm=a21n57.1.item.3,1346,0,0,0,0
0,1,木月牙椅半椅新中式靠背椅餐椅家用喝茶桌椅圈椅椅官帽椅子,淘寶,實木,50×50×90,45.0,5000.0,1963.0,3.0,45.0,5000.0,7.0,https://item.taobao.com/item.htm?priceTId=2100c80f17471420077768997e0c05&utparam=%7B%22aplus_abtest%22%3A%224e4abdaf6fa161bcedc2c61d96f78e90%22%7D&id=752261058444&ns=1&abbucket=15&xxc=taobaoSearch&detail_redpacket_pop=true&query=%E5%AE%9E%E6%9C%A8%E6%A4%85&mi_id=kC5OLmpMUgYvMQ4U81G-KsXip99JhEXwzsu9zglB0mMhbgls5hKhVbVHezgk345yinjPdfsdbgIoZIX_OBwWL5fsirVeRpDtYy0RoCDwf3A&skuId=5184379632292&spm=a21n57.1.item.7,1347,0,0,0,0
1,0,凳子家用儿童靠背木椅子小生椅子木椅子木凳子靠背成人矮凳,淘寶,實木,30×30×50,20.0,4500.0,2581.0,2.0,30.0,2700.0,4.0,https://item.taobao.com/item.htm?priceTId=2100c80f17471420077768997e0c05&utparam=%7B%22aplus_abtest%22%3A%22565ea2d61b3082621259a938887dfd7e%22%7D&id=920018993339&ns=1&abbucket=15&xxc=taobaoSearch&detail_redpacket_pop=true&query=%E5%AE%9E%E6%9C%A8%E6%A4%85&mi_id=tznGqWNOo_CdOyT2SZl1DnL8s5xwdmUDDvsnOXI1rutjo3M6_8W_B8EblVyCGs5VhbD3WcGriU7BQqgLqV2OpWNJ0W6uhqHALCdgeAjuoLk&skuId=5790860452154&spm=a21n57.1.item.9,1348,0,1,0,0
1,0,冬木木儿童可椅子生字用座椅餐椅升降折坐姿,淘寶,實木,估計為 40×40×80,40.0,4500.0,1600.0,2.0,40.0,5062.0,5.0,https://detail.tmall.com/item.htm?priceTId=2100c80f17471420077768997e0c05&utparam=%7B%22aplus_abtest%22%3A%2280bee23bfe98a2e9db1ded4f34196e4d%22%7D&id=680804876260&ns=1&abbucket=15&xxc=taobaoSearch&detail_redpacket_pop=true&query=%E5%AE%9E%E6%9C%A8%E6%A4%85&mi_id=F8KkTVI0oMaCnoLB-mIaZgUKfpS7xp6ZsBzo94tMMHjG5-0llueANoMAapWQjxmtLZmlO8-whPGI_qJfYUCN32PHUkTWSk-Tp3IJswW1VY8&skuId=5889069459752&spm=a21n57.1.item.10,1349,0,1,1,0
1,0,木餐椅靠背椅子公椅酒店家用椅子店凳子北椅,淘寶,實木,45×50×85,40.0,1800.0,2250.0,3.0,45.0,4000.0,5.0,https://item.taobao.com/item.htm?priceTId=2100c80f17471420077768997e0c05&utparam=%7B%22aplus_abtest%22%3A%22526bcf869bf017d5af76c6ec890cd583%22%7D&id=679265248778&ns=1&abbucket=15&xxc=taobaoSearch&detail_redpacket_pop=true&query=%E5%AE%9E%E6%9C%A8%E6%A4%85&mi_id=5LmnuvCzuQ6FXdRvQl0kGnh1KaiaktZzv5BwwcGrH3_J6MBxRy7ymxKZYPeaqfPNpbxKKf06SYJlW9PnDIsEu0L4GCv7gGxx8bb_U3ugoB0&skuId=5045144382068&spm=a21n57.1.item.12,1350,0,0,0,0
0,0,北木餐椅家用客休椅子中古椅子黑色复古网靠背椅牛角椅,淘寶,木,45×50×85,40.0,9000.0,2250.0,2.0,45.0,3375.0,5.0,https://item.taobao.com/item.htm?priceTId=2100c80f17471420077768997e0c05&utparam=%7B%22aplus_abtest%22%3A%2294329566d33231cb719afd1edf31d0d6%22%7D&id=896132964085&ns=1&abbucket=15&xxc=taobaoSearch&detail_redpacket_pop=true&query=%E5%AE%9E%E6%9C%A8%E6%A4%85&mi_id=tFB7j8VTlaRjOIr5L0AXaPbLv9VrRVtO23qxbZarH00Fjevo7TEMRxGxklYlw1hdKvm4AGLU2Dw8Sn6_46y5z0IeKoa78Y8x-LU_mvyuCT8&skuId=5914773727456&spm=a21n57.1.item.18,1351,0,0,0,0
0,0,美式木房椅子式复古人扶手休洽酒店咖啡所老虎椅,淘寶,實木,45×50×100,60.0,4500.0,2250.0,3.0,40.0,7200.0,7.0,https://item.taobao.com/item.htm?priceTId=2100c80f17471420077768997e0c05&utparam=%7B%22aplus_abtest%22%3A%2292bf809029a31b75bd163d89fc045f48%22%7D&id=583274298762&ns=1&abbucket=15&xxc=taobaoSearch&detail_redpacket_pop=true&query=%E5%AE%9E%E6%9C%A8%E6%A4%85&mi_id=ixA2YdunUYgqjYjs0DHfKQhheIfRfr_eHT49ueo8V8R_T762ElodMEsT77d-mrLWG1wpXgSzpu8dndxgP-SwSVfegB1pDt3Hsh3VEPMHu9o&skuId=3920655684448&spm=a21n57.1.item.20,1352,0,1,0,0
1,0,木木小板凳靠背椅孩子家用鞋椅子板凳坐具木木椅子躺椅,淘寶,木,30×30×50,20.0,4500.0,2581.0,2.0,30.0,2700.0,3.0,https://item.taobao.com/item.htm?priceTId=2100c80f17471420077768997e0c05&utparam=%7B%22aplus_abtest%22%3A%226732fe86cd65ef78b7ae0b7c1701675a%22%7D&id=863632745382&ns=1&abbucket=15&xxc=taobaoSearch&detail_redpacket_pop=true&query=%E5%AE%9E%E6%9C%A8%E6%A4%85&mi_id=eaEgXCM3JD7JixruAJdLjanrMKrJU_6EEJ-oRewkmqrRkqAD2F-GqWm1EkfEbSFU8VzAN7GfnGcjesblPN2KLrerREGcd9SdMOYz63Bq_7U&skuId=5684959920192&spm=a21n57.1.item.22,1353,0,1,0,0
1,0,可折椅子家用靠背椅北木餐椅公室椅凳子易便,淘寶,實木,45×50×90,45.0,4050.0,2250.0,2.0,45.0,4050.0,7.0,https://detail.tmall.com/item.htm?priceTId=2100c80f17471420077768997e0c05&utparam=%7B%22aplus_abtest%22%3A%2248e1fcdba85f27abae4d42a392e31209%22%7D&id=630252493183&ns=1&abbucket=15&xxc=taobaoSearch&detail_redpacket_pop=true&query=%E5%AE%9E%E6%9C%A8%E6%A4%85&mi_id=Vspj69YAsG5OOxAZAbjE0lN-buJZzyI1vo9p12aBXJU3lNY19CYNiMEmNbKtgPP7XgJxk6SPeR4Dmi-lreSeKjXvCRO3V1smMHLhnP3gHZ0&skuId=5214782190746&spm=a21n57.1.item.23,1354,0,0,0,0
1,0,代北洽公椅子餐椅家用化靠背凳子伊姆斯木桌椅,淘寶,木,47×48×82,40.0,3000.0,2256.0,3.0,42.0,5292.0,5.5,https://item.taobao.com/item.htm?priceTId=2100c80f17471420077768997e0c05&utparam=%7B%22aplus_abtest%22%3A%22f47f0fb83752530feac2639253d141d0%22%7D&id=820299940422&ns=1&abbucket=15&xxc=taobaoSearch&detail_redpacket_pop=true&query=%E5%AE%9E%E6%9C%A8%E6%A4%85&mi_id=ZHQI0zwFr7ZXGb30_J-hQTNIzWpbNkXPrgu4t1vIRjFh0MEyhCZgKMNwyG08a216Uss_mrG_WDT8ZBbnYgd-0wTiwT2KvD0XpaNODpDUxLc&skuId=5524750532384&spm=a21n57.1.item.28,1355,0,0,0,0
1,0,餐椅木椅子餐椅家用餐桌椅商用靠背椅木复古意式用餐,淘寶,實木,45×50×95,50.0,6750.0,2250.0,3.0,45.0,5062.0,7.0,https://item.taobao.com/item.htm?priceTId=2100c80f17471420077768997e0c05&utparam=%7B%22aplus_abtest%22%3A%22b57fe98dcf92f0cb7e00243f007f56e0%22%7D&id=918256947728&ns=1&detail_redpacket_pop=true&query=%E5%AE%9E%E6%9C%A8%E6%A4%85&xxc=ad_ztc&mi_id=YOywAxHmZiNX61ZMra0zuWP5g0eqf0S9GBt0KP4rHppewAtqbZLLVDFqvohBTeyMll2T37jV0Z0Bkum7arAaeI6MuTCMJcsKoUUGSM-rHHg&spm=a21n57.1.item.31,1356,0,0,0,0
1,0,木凳子靠背小椅子鞋小木凳客木凳子儿童小板凳原木矮凳,淘寶,實木,35×35×45,45.0,4500.0,1225.0,3.0,45.0,6561.0,4.0,https://item.taobao.com/item.htm?priceTId=2100c80f17471420077768997e0c05&utparam=%7B%22aplus_abtest%22%3A%2222d7d9898490f40ce762fff0fdcd6abb%22%7D&id=851127453411&ns=1&abbucket=15&xxc=taobaoSearch&detail_redpacket_pop=true&query=%E5%AE%9E%E6%9C%A8%E6%A4%85&mi_id=Nrjp0a8qiU_W9TsCKMG1BR4Hdv-CMMryTU48xc5gkaMn6O5_nRmTe3Pvxp71mxA53rRs63DEekAZoandRQWlnTzMIosUqdFqL-YzYGDm3T0&skuId=5645239321869&spm=a21n57.1.item.34,1357,0,1,0,0
1,0,胡桃木椅木椅子餐椅家用餐桌椅商用靠背椅木复古意,淘寶,胡桃木,45×50×90,45.0,4050.0,2250.0,3.5,45.0,4050.0,7.5,https://item.taobao.com/item.htm?priceTId=2100c80f17471420077768997e0c05&utparam=%7B%22aplus_abtest%22%3A%229594a0aed2724893c4a86837944c6d1e%22%7D&id=919589612475&ns=1&detail_redpacket_pop=true&query=%E5%AE%9E%E6%9C%A8%E6%A4%85&xxc=ad_ztc&mi_id=vHn9e6EeUaHLoui7jZ9weH_Cav6Ondti737qPpydw5ZX3N6o4DJm7LYHV3AzadJa6z8Ns0e0MxHtaSfa5owGu8pT1rQ5U8742bHrtxbxIak&spm=a21n57.1.item.35,1358,0,0,0,0
1,0,木餐椅家用靠背椅原木餐桌椅子中式桌久坐餐吃凳子,淘寶,木,45×45×90,45.0,9112.0,2025.0,5.0,45.0,6075.0,7.0,https://item.taobao.com/item.htm?priceTId=2100c80f17471420077768997e0c05&utparam=%7B%22aplus_abtest%22%3A%2263a2de4a1fde92e0707789f7131445e1%22%7D&id=732460217092&ns=1&abbucket=15&xxc=taobaoSearch&detail_redpacket_pop=true&query=%E5%AE%9E%E6%9C%A8%E6%A4%85&mi_id=Q9byW81Z12QsFwVXdrRxQrPPo2GZYL2FZP5WhNJn06e8LOodwFJQ0ucxBRQhgfwneiX6bPC2R97Z7B3eFQYtcExp9Vw5tcy3jrUQ8hM32EU&skuId=5240508642356&spm=a21n57.1.item.36,1359,0,0,0,0
1,0,包全木餐椅休咖啡奶茶甜品店木靠背椅家用木椅子,淘寶,實木,45×50×85,40.0,7200.0,2250.0,3.0,45.0,6075.0,7.0,https://item.taobao.com/item.htm?priceTId=2100c80f17471420077768997e0c05&utparam=%7B%22aplus_abtest%22%3A%22cfc4001cd42e589a39f2b69880910092%22%7D&id=565188689567&ns=1&abbucket=15&xxc=taobaoSearch&detail_redpacket_pop=true&query=%E5%AE%9E%E6%9C%A8%E6%A4%85&mi_id=6RcmNqtvgJe8ZofhlfOlmwY6cR1gRE0ulJbnVUmJrB7eWi8aYv3gw8Lk_GSOQU_DvEMbGiyfFQE1kNCVKx2aBVwb45p-1_i8_VY38ZycHvY&skuId=3578354869246&spm=a21n57.1.item.37,1360,0,0,0,0
1,0,复古咖啡桌椅合甜品烘焙店椅子奶茶店美式西餐木桌子商用,淘寶,實木,42×49×90,45.0,3780.0,2058.0,2.5,45.0,6174.0,6.5,https://item.taobao.com/item.htm?priceTId=2100c80f17471420077768997e0c05&utparam=%7B%22aplus_abtest%22%3A%2280c9e8592fd19c22b2c05347d0045e4e%22%7D&id=786662332557&ns=1&detail_redpacket_pop=true&query=%E5%AE%9E%E6%9C%A8%E6%A4%85&xxc=ad_ztc&mi_id=pO8FJYf_JNkdtAdCh3DJzRji4hXvgdknIf_4ZBRUG2n3mzE9875_dHLT3iDJlZhFyGku6MyoV6tWCQQfW4IGfXnav5FX5n-IK-BHkUSqO5g&skuId=5758155045662&spm=a21n57.1.item.40,1361,0,0,0,0
1,0,村老式木椅子小木椅凳家用木椅子原木店餐椅儿童代,淘寶,實木,40×38×80,40.0,6080.0,1520.0,3.0,40.0,6400.0,5.0,https://detail.tmall.com/item.htm?priceTId=2100c80f17471420077768997e0c05&utparam=%7B%22aplus_abtest%22%3A%22c534be863cf25dceb5664b87d477ba8a%22%7D&id=842057659672&ns=1&abbucket=15&xxc=taobaoSearch&detail_redpacket_pop=true&query=%E5%AE%9E%E6%9C%A8%E6%A4%85&mi_id=f95Ne4mUmpoO05EAJACPRmwA5G8o5n_wPLsmN9gnH1itpOAzzcpo__dEHrO21X1wtzHjVu80ldGyPAcC_JSV8F5Iu3j67ZKoU6UrNBlvTOI&skuId=5615611981229&spm=a21n57.1.item.41,1362,0,0,0,0
1,0,木靠背小椅子儿童家用客沙鞋凳板凳子成人穿鞋代幼儿,淘寶,實木,估計 30×30×60,30.0,2700.0,2581.0,5.0,30.0,4500.0,4.0,https://item.taobao.com/item.htm?priceTId=2100c80f17471420077768997e0c05&utparam=%7B%22aplus_abtest%22%3A%2237b1e34ee30b39811d1b95d9160f6d65%22%7D&id=748608114824&ns=1&abbucket=15&xxc=taobaoSearch&detail_redpacket_pop=true&query=%E5%AE%9E%E6%9C%A8%E6%A4%85&mi_id=jUbkaDchModK-ewF4Vg-RI4NuuRpwSBS1ZGfTUxx944G_JFolIg6SA4ScPl0344iPezMs0rxHiwwb1C28RAlkAiOY4FhCowNLZGfd58dhMM&skuId=5792490979134&spm=a21n57.1.item.42,1363,0,0,0,0
1,0,全木梳凳北美橡木化椅子座日式室化凳子靠背方凳,淘寶,橡木,45×45×80,35.0,4000.0,2025.0,5.0,45.0,8100.0,8.0,https://item.taobao.com/item.htm?priceTId=2100c80f17471420077768997e0c05&utparam=%7B%22aplus_abtest%22%3A%2258fc48c34f11db613a0a578df6647a24%22%7D&id=855340198357&ns=1&abbucket=15&xxc=taobaoSearch&detail_redpacket_pop=true&query=%E5%AE%9E%E6%9C%A8%E6%A4%85&mi_id=Q55zXMtk7zsJMtZyWJ9bTbLhiIj1a7C_QOEIReuUphRaOTiMPc1d8rrufWqFOD1n3TDNkyY0czK4H-d_-mg2CHZeqt0KcyvyMC-L2xXZM-s&skuId=5828304879019&spm=a21n57.1.item.43,1364,0,0,0,0
0,0,北木餐椅休公椅客椅木椅咖啡所家用座椅靠背子,淘寶,木,未知,35.0,2800.0,2000.0,3.0,45.0,4500.0,5.5,https://detail.tmall.com/item.htm?priceTId=2100c80f17471420077768997e0c05&utparam=%7B%22aplus_abtest%22%3A%22de53e842345a899f939c1ba1a3a34704%22%7D&id=909681375363&ns=1&abbucket=15&xxc=taobaoSearch&detail_redpacket_pop=true&query=%E5%AE%9E%E6%9C%A8%E6%A4%85&mi_id=F7PsV07oNjdqZjv5dUtZrdc81oVRxH_bH7yQuhyZXNBS1isS62rIl_xML1y767OADWHjpAnwLpO5lcC5JuHAsyhbBLFJcU9aV9lmPyHrfgY&skuId=5780442632022&spm=a21n57.1.item.45,1365,0,0,0,0
1,0,木橙子木 家用靠背背儿童椅子小板凳木凳幼儿凳洗凳成人家,淘寶,實木,30×30×50,25.0,9000.0,2581.0,2.0,25.0,8100.0,4.5,https://detail.tmall.com/item.htm?priceTId=2100c80f17471420077768997e0c05&utparam=%7B%22aplus_abtest%22%3A%225744ea64b0c9b8fd29829b7f4b8c550a%22%7D&id=911692513572&ns=1&abbucket=15&xxc=taobaoSearch&detail_redpacket_pop=true&query=%E5%AE%9E%E6%9C%A8%E6%A4%85&mi_id=RQ4C6PfFYEM4K4PpXiqixihQOduCk1Mp-KPKcPxWPlygarZotBFWNZRPcwPIWJdHGxhWFQm6Q3-klMymqD8cc3m4C9Rd0jQk_MOF0o8c7zA&skuId=5775614125890&spm=a21n57.1.item.46,1366,0,0,0,0
1,0,香樟木儿童椅子家用靠背座椅字桌椅餐椅小木凳板凳矮凳,淘寶,香樟木,30×30×60,30.0,2700.0,2581.0,2.0,30.0,2700.0,5.0,https://item.taobao.com/item.htm?priceTId=2100c82317471423453122083e0c52&utparam=%7B%22aplus_abtest%22%3A%2241cecd580d7ec7919f4742a7ca01ba34%22%7D&id=815308722760&ns=1&abbucket=15&xxc=taobaoSearch&detail_redpacket_pop=true&query=%E5%AE%9E%E6%9C%A8%E6%A4%85&mi_id=roSeuKbZ09SSU9JJjSVR68Yz-m_zKUHd1VChJRsRyF_rXy3ir9BmmxLheOu7fhHT-aeRQbpoe708f9fplo5k76P-clZJCJg0_khFY-pZoVU&skuId=5523780904151&spm=a21n57.1.item.3,1367,0,0,0,0
1,0,木餐椅家用桌椅代公室凳生宿舍靠背椅子,淘寶,實木,42×49×90,45.0,3780.0,1638.0,2.5,45.0,6174.0,6.5,https://item.taobao.com/item.htm?priceTId=2100c82317471423453122083e0c52&utparam=%7B%22aplus_abtest%22%3A%22e7c4dc2fe8f18ca09f8b18ee0e7598b9%22%7D&id=842437739085&ns=1&abbucket=15&xxc=taobaoSearch&detail_redpacket_pop=true&query=%E5%AE%9E%E6%9C%A8%E6%A4%85&mi_id=R7DePgTLho2J5eIXMpEplC6SAfhjIGCf1UpKnWXaO4s7f2CP3K16cuAkLCHnMc1sAuuOA1kUf0Lw092tycz0TR_E09QXeb1sAEWJK6IRD10&skuId=5614883672987&spm=a21n57.1.item.5,1368,0,0,0,0
1,0,橡木官帽椅原木靠背椅扶手家用复古餐椅中式仿古椅子散白胚,淘寶,橡木,45×50×100,60.0,4500.0,2250.0,3.0,40.0,7200.0,7.5,https://item.taobao.com/item.htm?priceTId=2100c82317471423453122083e0c52&utparam=%7B%22aplus_abtest%22%3A%22575be087b8d267ef4ab052a10459d08b%22%7D&id=704111631732&ns=1&abbucket=15&xxc=taobaoSearch&detail_redpacket_pop=true&query=%E5%AE%9E%E6%9C%A8%E6%A4%85&mi_id=8Djzfjra-gHS7U7KttCcsbzl_pSz-a3n07jT7d-QBGi6ptGYe1vXbJwue1XLc2wbrJgFqnJ0vAdGJswxJMRVCNtBz4YYeFg9pUwdq5KRIUM&skuId=4956843681733&spm=a21n57.1.item.7,1369,0,1,0,0
1,0,家用靠背小椅子木方凳客木凳矮凳儿童靠背小凳子木凳子,淘寶,實木,30×30×60,30.0,4500.0,2581.0,2.0,30.0,8100.0,5.0,https://item.taobao.com/item.htm?priceTId=2100c82317471423453122083e0c52&utparam=%7B%22aplus_abtest%22%3A%223a650cf7f6695e2a65955688e9060d99%22%7D&id=835925727684&ns=1&abbucket=15&xxc=taobaoSearch&detail_redpacket_pop=true&query=%E5%AE%9E%E6%9C%A8%E6%A4%85&mi_id=lEFJR4fEpBEmHoxA4uTVdkdbrczgKI0O6FMeFyJ1nSSz3oZNQoJo0RvCRMhevUa0xHjV2FNC34Ve5d9vfWpXblSVXXjXHdNQF8KU3u62Luo&skuId=5950848422101&spm=a21n57.1.item.9,1370,0,1,0,0
1,0,全木家用餐椅吧凳中式家用靠背椅酒吧餐吧椅代原木椅子,淘寶,實木,42×49×90,45.0,4500.0,2058.0,3.0,45.0,8085.0,6.5,https://item.taobao.com/item.htm?priceTId=2100c82317471423453122083e0c52&utparam=%7B%22aplus_abtest%22%3A%22c69006032db74d243d2e950128a89056%22%7D&id=577630358374&ns=1&abbucket=15&xxc=taobaoSearch&detail_redpacket_pop=true&query=%E5%AE%9E%E6%9C%A8%E6%A4%85&mi_id=yGcE-fhO4i9q5Es4tNGTwVCH5gznGLkOIcKmbgzcvWc4F-ABuevYnxNW8Lj9jbGCk0Dpg5aRW9tr6srrgPYaH5wSto7YTLqINV_Fv2tKT2w&skuId=3982331050042&spm=a21n57.1.item.12,1371,0,1,0,0
1,0,村木靠背椅小木椅凳家用木成人椅子原木儿童椅大排餐,淘寶,實木,估 38×38×85,40.0,6080.0,1444.0,2.5,45.0,5940.0,5.0,https://detail.tmall.com/item.htm?priceTId=2100c82317471423453122083e0c52&utparam=%7B%22aplus_abtest%22%3A%2289ddc1b2037d05699d2b01b68d1df03e%22%7D&id=785491036181&ns=1&abbucket=15&xxc=taobaoSearch&detail_redpacket_pop=true&query=%E5%AE%9E%E6%9C%A8%E6%A4%85&mi_id=FZTvpHgpWXSEdcjzA1o0eaSNWBrCJE-WcmWknA5yBp_Fc3XD2YapUuA40Jmsn8feCB8lZLQw7u84k8l1fFr9a27GWQAW5HMatO2GU7SzwYs&skuId=5531989714310&spm=a21n57.1.item.13,1372,0,0,0,0
1,0,木餐椅家用餐桌椅子出租房用木椅子餐茶椅小型休客凳子,淘寶,實木,45×45×80,40.0,3240.0,2025.0,3.0,40.0,6400.0,7.0,https://detail.tmall.com/item.htm?priceTId=2100c82317471423453122083e0c52&utparam=%7B%22aplus_abtest%22%3A%22ec6f085d7654abdf23202dffee6713d5%22%7D&id=774519535822&ns=1&abbucket=15&xxc=taobaoSearch&detail_redpacket_pop=true&query=%E5%AE%9E%E6%9C%A8%E6%A4%85&mi_id=De3P7_RqqmiRLRdgwNpNXtXDn0wE8YCqmSKN6F_s5FKR8abIwC-vJAWbuGyOxrpgG53GJKlsPqMM4x3ZqP_1a7ktg1YjdSyw3fQO1djprJo&skuId=5300768773015&spm=a21n57.1.item.17,1373,0,0,0,0
1,0,代餐椅木椅子家用靠背椅北奶油餐桌椅小型餐凳子,淘寶,實木,45×45×85,40.0,3240.0,2025.0,3.0,45.0,6075.0,5.0,https://detail.tmall.com/item.htm?priceTId=2100c82317471423453122083e0c52&utparam=%7B%22aplus_abtest%22%3A%22ea880de2224cd7e084bf503b36b728d7%22%7D&id=707636580433&ns=1&abbucket=15&xxc=taobaoSearch&detail_redpacket_pop=true&query=%E5%AE%9E%E6%9C%A8%E6%A4%85&mi_id=_351WygKV4PorKAXILySS0PPsSm32IytKF5fgwV1Fa1K5VWcjAiT05HdcS1o_5JlvHGB9TswOf3ob4SSBLYKboRDA69gc-dQTYp2t4ggtuk&skuId=5142281134441&spm=a21n57.1.item.20,1374,0,0,0,0
1,0,免安全木椅子靠背椅餐椅家用榫卯构木凳子中式白色餐桌椅,淘寶,實木,45×40×85,40.0,7200.0,1800.0,3.0,45.0,4500.0,5.0,https://item.taobao.com/item.htm?priceTId=2100c82317471423453122083e0c52&utparam=%7B%22aplus_abtest%22%3A%22b69d0c32c85b379fd422708a65ea69d6%22%7D&id=829430691744&ns=1&abbucket=15&xxc=taobaoSearch&detail_redpacket_pop=true&query=%E5%AE%9E%E6%9C%A8%E6%A4%85&mi_id=XGrAq4fLC_cEY8Mg05MYDECU80YoRtx3HfITtdbQwRfm9Xscoy-HCyg3_BiWLJF3XwCddQ9TtxKPTA0f6HLjRvuqay3ghYv3Ef7C38nEtSo&skuId=5606080788169&spm=a21n57.1.item.22,1375,0,0,0,0
0,0,木椅子家用餐椅扶手靠背椅座椅房桌椅胡桃木中式茶椅士,淘寶,胡桃木,未知,55.0,5500.0,3000.0,5.0,45.0,4050.0,10.0,https://detail.tmall.com/item.htm?priceTId=2100c82317471423453122083e0c52&utparam=%7B%22aplus_abtest%22%3A%22ef6af569e01abdd261ecb6b13ab27b7d%22%7D&id=917204811930&ns=1&abbucket=15&xxc=taobaoSearch&detail_redpacket_pop=true&query=%E5%AE%9E%E6%9C%A8%E6%A4%85&mi_id=YydRVp6PqP3LPM8zU2QPXoesW9sbLxTShb_FETmTfspsz415upmwg1FjhjK6Az3aL_6CXQ9I1tzbEwEqncHM5-qYzSpu_08uvbSwN6tKRkQ&skuId=5953925230826&spm=a21n57.1.item.23,1376,0,0,0,0
1,0,整木椅子餐靠背椅吃椅榫卯小型家用酒店麻凳,淘寶,實木,45×45×90,45.0,9112.0,2025.0,3.0,45.0,9112.0,8.0,https://item.taobao.com/item.htm?priceTId=2100c82317471423453122083e0c52&utparam=%7B%22aplus_abtest%22%3A%22caf3987c752e3b59ac1bf57e75ecb4f4%22%7D&id=844751559277&ns=1&abbucket=15&xxc=taobaoSearch&detail_redpacket_pop=true&query=%E5%AE%9E%E6%9C%A8%E6%A4%85&mi_id=sIJ6SD5g4mfEnYki4M8otjwTDlOmKDkQNMKKavBFDfAzexRDCp3O8VYuV6yg98GmDMH-yzPvNgTkrnTKxejCCXWYAUqNJy9UkSZa6_cmbGE&skuId=5785823168178&spm=a21n57.1.item.24,1377,0,0,0,0
1,0,木椅子靠背餐椅家用餐桌椅餐吃凳子休椅原木路易斯桌,淘寶,實木,45×45×90,45.0,9112.0,2025.0,3.0,45.0,9112.0,7.0,https://detail.tmall.com/item.htm?priceTId=2100c82317471423453122083e0c52&utparam=%7B%22aplus_abtest%22%3A%226c8ee607bff033a04356034a042db44a%22%7D&id=833142695273&ns=1&abbucket=15&xxc=taobaoSearch&detail_redpacket_pop=true&query=%E5%AE%9E%E6%9C%A8%E6%A4%85&mi_id=j7yWUTrP_VE3VeMrA0NI-npfPQETFfThNUnUKuduMo4SsKem-TKmeTBNsQYZaqG6bxMGRLna6pTqLemL7UvfEFczqE5AUBXoleLJhb9y4IQ&skuId=5792063275352&spm=a21n57.1.item.27,1378,0,0,0,0
1,0,美式木餐椅酒店做咖啡椅复古橡木椅子餐扶手靠背凳子桌椅,淘寶,橡木,50×45×100,55.0,4500.0,2250.0,3.0,45.0,5062.0,8.0,https://item.taobao.com/item.htm?priceTId=2100c82317471423453122083e0c52&utparam=%7B%22aplus_abtest%22%3A%22dd3c9aab187825eef692294f38f24dd6%22%7D&id=835158758548&ns=1&abbucket=15&xxc=taobaoSearch&detail_redpacket_pop=true&query=%E5%AE%9E%E6%9C%A8%E6%A4%85&mi_id=fNihWY6JVmErtlBfMG4nTTpAWzujCY5D9WHI71jDcl8N7w91MVWu3If5erPbdZrsDBB1G1j2m9w69Kq0b1YOxk8GtGdOSWlfZpIf9f41PcA&skuId=5756427110722&spm=a21n57.1.item.28,1379,0,1,1,0
1,0,木北藤椅家用复古餐桌椅中古凳子靠背椅休桌椅,淘寶,木,45×50×85,40.0,3600.0,2250.0,3.0,45.0,6750.0,7.5,https://item.taobao.com/item.htm?priceTId=2100c82317471423453122083e0c52&utparam=%7B%22aplus_abtest%22%3A%22b9cee26cb8cb5b33052f113e170cac1b%22%7D&id=764038826569&ns=1&abbucket=15&xxc=taobaoSearch&detail_redpacket_pop=true&query=%E5%AE%9E%E6%9C%A8%E6%A4%85&mi_id=E0nUryB_TOFzdX0ExEi2PysU6hFZjNkysavgqrXgQRWASgAe1s-hyPUrfWldLsCL_s2oGeDDihqEhffyk8WKOLkkCF9_MqaZOg17SFFNVNM&skuId=5784899015806&spm=a21n57.1.item.29,1380,0,0,0,0
0,1,木吧台椅木高凳休吧椅靠背椅家用木高椅子酒吧凳高椅,淘寶,實木,42×42×105,30.0,3528.0,1385.0,3.0,75.0,6750.0,7.5,https://item.taobao.com/item.htm?priceTId=2100c82317471423453122083e0c52&utparam=%7B%22aplus_abtest%22%3A%22ee90d04329c8f3a86e9720d555306b67%22%7D&id=565198463310&ns=1&abbucket=15&xxc=taobaoSearch&detail_redpacket_pop=true&query=%E5%AE%9E%E6%9C%A8%E6%A4%85&mi_id=6RcmNqtvgJe8ZofhlfOlm7KlzMpjIGPklCXJFZtde82yW5aAZmIS-a3oc82we-rI29R3yJwNJGBUGAR226WKbLzvMqZwY9ckuJ5P3lQ4qeA&skuId=3740979554215&spm=a21n57.1.item.32,1381,0,0,0,0
1,0,椅子家用手工制作椅子一体村老式全木椅子老式靠背椅老款,淘寶,實木,45×50×95,50.0,4500.0,2250.0,3.0,45.0,5062.0,7.0,https://item.taobao.com/item.htm?priceTId=2100c82317471423453122083e0c52&utparam=%7B%22aplus_abtest%22%3A%22657044737e20e697113d859040889a4c%22%7D&id=742321481294&ns=1&abbucket=15&xxc=taobaoSearch&detail_redpacket_pop=true&query=%E5%AE%9E%E6%9C%A8%E6%A4%85&mi_id=TWzBUjBB3gzie0YsVaXvwr1o-yXtlHz3Py6yw93llry6sNVrvZKBh2zD9DoXRWMMizZu5TKTlHUU7aNj_0c_eyRmR92iwPJMods0LJkbEI0&skuId=5120063148315&spm=a21n57.1.item.33,1382,0,1,1,0
1,0,木餐桌椅子靠背椅胡桃餐椅家用餐吃凳子复古茶椅桌,淘寶,胡桃木,45×50×85,40.0,4500.0,2250.0,4.0,45.0,5062.0,7.0,https://detail.tmall.com/item.htm?priceTId=2100c82317471423453122083e0c52&utparam=%7B%22aplus_abtest%22%3A%22de31eb829c73e1fd660be136049b9ab8%22%7D&id=847616763545&ns=1&abbucket=15&xxc=taobaoSearch&detail_redpacket_pop=true&query=%E5%AE%9E%E6%9C%A8%E6%A4%85&mi_id=szfLEdvVKShCDjJPKdU9jndfMosxhdlJKVCBoj6o_lr1xFDF4iN--jLmL3s2g22pEZPHL-fBzlTsqK94pojxt3rK0LvTVLp5POv8DVN8WHU&skuId=5947067442370&spm=a21n57.1.item.34,1383,0,0,1,0
1,0,胡桃木色木餐椅家用代靠背椅子北高餐吃椅白蜡木,淘寶,實木,45×50×85,40.0,9000.0,2250.0,3.0,45.0,6750.0,5.0,https://item.taobao.com/item.htm?priceTId=2100c82317471423453122083e0c52&utparam=%7B%22aplus_abtest%22%3A%22d8e1396d0b020abf4e121669d43f2dea%22%7D&id=904588081731&ns=1&abbucket=15&xxc=taobaoSearch&detail_redpacket_pop=true&query=%E5%AE%9E%E6%9C%A8%E6%A4%85&mi_id=T5FheCQJlRg9ijftSw2FDgyzucpNbXvxxYDef4ME44R6d5RnnByAOv0bFuzgWcZ2nHTYIpSH7fqui9JEbYGbCqCfdQZOkBlpjUuEVhyghj8&skuId=5762807808069&spm=a21n57.1.item.36,1384,0,0,0,0
1,0,全木餐椅家用代桌椅公餐桌椅子靠背椅餐牛角椅,淘寶,實木,45×50×85,40.0,3600.0,2250.0,3.0,45.0,5400.0,7.0,https://item.taobao.com/item.htm?priceTId=2100c82317471423453122083e0c52&utparam=%7B%22aplus_abtest%22%3A%223c1be0763a5945b8c07f034409e66da3%22%7D&id=726463630809&ns=1&abbucket=15&xxc=taobaoSearch&detail_redpacket_pop=true&query=%E5%AE%9E%E6%9C%A8%E6%A4%85&mi_id=pMO3Y7qGmdP2kWsTqbby3FwEaEu4H9gz4c8SHEgUe9St7fIRacs8K-ZscBrmKmCrw9yEtEJMoPxJsQufMtwmqpUUusgGOoJmhD7e2_QsuwM&skuId=5210783058665&spm=a21n57.1.item.37,1385,0,0,0,0
1,0,老式木椅村吃餐椅儿童家店椅鞋凳家用靠背椅子原木,淘寶,實木,40×40×80,40.0,6400.0,1600.0,2.0,40.0,6400.0,5.0,https://detail.tmall.com/item.htm?priceTId=2100c82317471423453122083e0c52&utparam=%7B%22aplus_abtest%22%3A%22f3b8f6141aaf5847544c5b7ca6de07df%22%7D&id=901173265240&ns=1&abbucket=15&xxc=taobaoSearch&detail_redpacket_pop=true&query=%E5%AE%9E%E6%9C%A8%E6%A4%85&mi_id=r7xjKlTDvYTw5YNT7GWjyeDtj52hE-lwR9h3MSiK3GpeKQW2MWiQsYpAaYf083-XL1nlMK1Ux3WRGTekcg5YDVZqlaTLP5KauzYkfw4lYgE&skuId=5792939176387&spm=a21n57.1.item.38,1386,0,0,0,0
0,0,新中式木椅子餐椅靠背椅舒适店酒店餐家用座椅凳官帽椅榆木,淘寶,榆木,估計 45×50×95,50.0,4500.0,2250.0,3.0,45.0,5062.0,7.0,https://item.taobao.com/item.htm?priceTId=2100c82317471423453122083e0c52&utparam=%7B%22aplus_abtest%22%3A%22d19f12f938b3ae5a547cb5331435a660%22%7D&id=666005829660&ns=1&abbucket=15&xxc=taobaoSearch&detail_redpacket_pop=true&query=%E5%AE%9E%E6%9C%A8%E6%A4%85&mi_id=RbAQPB-EVNeEswURx9TrVONyYmNfHBCAo1H1OiNobZD_qqUW1Uj2jPsBNe2j6T4nUtno7W0LP6Q41FHhaQfNzoSekC5RGVOerLnKo4iLcws&skuId=4797734336824&spm=a21n57.1.item.39,1387,0,1,1,0
0,1,便式小型木折椅靠背省空家用多功能餐桌椅培凳,淘寶,實木,35×35×75,30.0,3300.0,2581.0,2.0,45.0,4050.0,5.0,https://detail.tmall.com/item.htm?priceTId=2100c82317471423453122083e0c52&utparam=%7B%22aplus_abtest%22%3A%223a608c665c5f0d893e67c1c11315cda6%22%7D&id=663185867549&ns=1&abbucket=15&xxc=taobaoSearch&detail_redpacket_pop=true&query=%E5%AE%9E%E6%9C%A8%E6%A4%85&mi_id=fHdhXlBnD4vUXKyMxdx7AwBBZpdsEyD6rXV9ZoEHi7sAJPi3Mbu4TCPQsWlluDXBI1OBZpNVaYAEeKo1qz_Y-chkRKyHoUSkf_vCQc9QF3Q&skuId=4953095483624&spm=a21n57.1.item.41,1388,0,0,0,0
1,0,椅子家用舒适化椅久坐舒服宿舍生桌椅木公座,淘寶,實木,42×49×90,45.0,4500.0,2058.0,5.0,45.0,8820.0,6.5,https://detail.tmall.com/item.htm?priceTId=2100c82317471423453122083e0c52&utparam=%7B%22aplus_abtest%22%3A%22f89393655d910035a86a44d29a3c784a%22%7D&id=746080490375&ns=1&abbucket=15&xxc=taobaoSearch&detail_redpacket_pop=true&query=%E5%AE%9E%E6%9C%A8%E6%A4%85&mi_id=SCFdk8b8TokfuO9Z81qako8OlgJY_-rSmBvmqjbOWl47HuFJwx8CcbTmQfx2OF2E-h_V_PURdZlNod1ge0pDkvrA_C747Bv43aLK5gExCPQ&skuId=5147328093605&spm=a21n57.1.item.42,1389,0,1,0,0
1,0,木椅子家用餐椅靠背椅房桌椅黑胡桃木吃凳子中式子,淘寶,黑胡桃木,45×45×90,45.0,9112.0,2025.0,3.0,45.0,9112.0,8.0,https://detail.tmall.com/item.htm?priceTId=2100c82317471423453122083e0c52&utparam=%7B%22aplus_abtest%22%3A%22e4121113b9864afd13b6f4beaa9231f6%22%7D&id=830610082176&ns=1&abbucket=15&xxc=taobaoSearch&detail_redpacket_pop=true&query=%E5%AE%9E%E6%9C%A8%E6%A4%85&mi_id=9CVp74sRfmCCRd54dSIs_KdnxNcYfKFwsNxI421j4oouCu-C5Kz0pAWCb520sJf4xpDvW4FgvwR0CbcA6hrfz3KPP-0us6RmNDUW2GpS69A&skuId=5569767397255&spm=a21n57.1.item.45,1390,0,0,0,0
1,0,椅子家用室化桌椅靠背公椅舒适久坐宿舍木椅凳,淘寶,實木,42×49×90,45.0,8820.0,2058.0,2.5,45.0,5062.0,7.5,https://item.taobao.com/item.htm?priceTId=2100c82317471423453122083e0c52&utparam=%7B%22aplus_abtest%22%3A%226346d0c23d887de887349f6cec8886d0%22%7D&id=856239826862&ns=1&abbucket=15&xxc=taobaoSearch&detail_redpacket_pop=true&query=%E5%AE%9E%E6%9C%A8%E6%A4%85&mi_id=VBuHBUn_2jbVPFdeQJVTMObLFHdQWJ0T6rPsfkSJp5PHt1EQNSqXOGmoZ2VUkZUnyz7I60kYz7HjlJIvN8qKNBWKC9_EYeJxgnjPUg9Pfxc&skuId=5750017140576&spm=a21n57.1.item.46,1391,0,0,1,0
1,0,家用椅餐椅木椅子桌椅中生椅房公椅老人靠背椅,淘寶,實木,40×48×82,40.0,3840.0,1920.0,2.0,42.0,3528.0,5.0,https://item.taobao.com/item.htm?priceTId=2100c82317471423453122083e0c52&utparam=%7B%22aplus_abtest%22%3A%2274ca0c25d50e131203a2c51ef0116f23%22%7D&id=912832379017&ns=1&abbucket=15&xxc=taobaoSearch&detail_redpacket_pop=true&query=%E5%AE%9E%E6%9C%A8%E6%A4%85&mi_id=g4SViqdxvEfgLMqd_n53va0NkFqD8go72VGJDjBP2lho6twy6-Edf18zBEEh-bdjdDDJIM01QDsaCdss3c5N8MUI_rtrymCWzNlDuVgBrrw&skuId=5779272281416&spm=a21n57.1.item.47,1392,0,0,0,0
1,0,北方老榆木餐椅木靠背椅主人椅公椅扶手椅店用中式式,淘寶,老榆木,45×50×100,55.0,4500.0,2250.0,3.0,45.0,5062.0,9.0,https://item.taobao.com/item.htm?priceTId=2100c82317471423453122083e0c52&utparam=%7B%22aplus_abtest%22%3A%229debadb46547701d49141c7fec1a75ce%22%7D&id=611208735778&ns=1&abbucket=15&xxc=taobaoSearch&detail_redpacket_pop=true&query=%E5%AE%9E%E6%9C%A8%E6%A4%85&mi_id=9pfbQ9Q3rf9L7eIlzkRJ5Eyi9_7h0YWlIK5fxFTz7IbyeXhrOsOg2MoCaDEKvHcX6AY7q-MayZCEAA2cbsn0YJTRxz6ArMo2tZcG09bm34o&skuId=4467806866675&spm=a21n57.1.item.48,1393,0,1,1,0
1,0,北木餐椅家用网餐餐桌椅休椅子代意式极,淘寶,實木,42×49×90,45.0,3780.0,2058.0,2.5,45.0,6400.0,6.5,https://item.taobao.com/item.htm?priceTId=2100c82617471427006431923e0c0b&utparam=%7B%22aplus_abtest%22%3A%220c26347248aed7690ee92ba8ac928c02%22%7D&id=871980583206&ns=1&abbucket=15&xxc=taobaoSearch&detail_redpacket_pop=true&query=%E5%AE%9E%E6%9C%A8%E6%A4%85&mi_id=x9Cu4TyUTbt7KeLbWI6n6wJG3o-kNG0GZUylTpdDjz74Vxhcu-X7YyuykiMJOzFxTSgbfjWe3thj9xDumROpk6HBFK9yv-oCZQ7FRPyxigQ&skuId=5873952091267&spm=a21n57.1.item.7,1394,0,0,0,0
1,0,家用木餐桌椅子胡桃木餐椅侘寂凳子靠背茶桌桌商用休牛角,淘寶,胡桃木,45×50×80,35.0,4050.0,2250.0,3.0,45.0,9562.0,7.0,https://detail.tmall.com/item.htm?priceTId=2100c82617471427006431923e0c0b&utparam=%7B%22aplus_abtest%22%3A%22007206098533b8c228157e230179798c%22%7D&id=726645787627&ns=1&abbucket=15&xxc=taobaoSearch&detail_redpacket_pop=true&query=%E5%AE%9E%E6%9C%A8%E6%A4%85&mi_id=HzkwsBnMecXoQZFkhvDPEscQRaxfqVYyLPXbH4HKA7ddVbvSQBOGnZAZ0HVhIynFeLLWe-jl1xNmVQOt06jtrjAfBZ4MEMHNDojVu2-Jcr4&skuId=5792051927660&spm=a21n57.1.item.9,1395,0,0,0,0
1,0,老式木椅村手工吃餐椅儿童家店椅鞋凳家用靠背子,淘寶,實木,30×30×60,30.0,8100.0,2581.0,2.0,45.0,4050.0,5.0,https://detail.tmall.com/item.htm?priceTId=2100c82617471427006431923e0c0b&utparam=%7B%22aplus_abtest%22%3A%22312b6c24b021cdafe7aeb72524a30fc1%22%7D&id=874450301339&ns=1&abbucket=15&xxc=taobaoSearch&detail_redpacket_pop=true&query=%E5%AE%9E%E6%9C%A8%E6%A4%85&mi_id=nWHr-bzAyNQMeZybtWizbsmwo5lzL86yx1yEH1rjBbrySSZRWIvB4QsL8rEz13vjKFpLuzelK5lPs8g9k8QHZ3RrMMDckB5oGTLt6yx8HI4&skuId=5789533064977&spm=a21n57.1.item.10,1396,0,0,0,0
1,0,全木椅子北代餐椅靠背房凳子桌生室家用椅,淘寶,木,42×49×90,45.0,3780.0,2058.0,2.5,45.0,6174.0,7.0,https://item.taobao.com/item.htm?priceTId=2100c82617471427006431923e0c0b&utparam=%7B%22aplus_abtest%22%3A%22207a8c89917f5bff2a8544ee42db0012%22%7D&id=728700324949&ns=1&abbucket=15&xxc=taobaoSearch&detail_redpacket_pop=true&query=%E5%AE%9E%E6%9C%A8%E6%A4%85&mi_id=7u1OEu1b_iiYVqcq2xpm_JZ9Q-yuSZA06WaWDoJ5yJMI695-8JDRbGy8rBEDCR8bMypQ97_MwS_necqqIg3b9iKMrr1J7A47y5haaG6XEgk&skuId=5227251903248&spm=a21n57.1.item.14,1397,0,0,0,0
1,0,Y椅靠背椅新中式藤房桌椅子太椅民宿酒店复古餐桌椅,淘寶,藤,45×50×92,47.0,4230.0,2250.0,3.0,45.0,6075.0,7.0,https://item.taobao.com/item.htm?priceTId=2100c82617471427006431923e0c0b&utparam=%7B%22aplus_abtest%22%3A%22cbbc802785f492e8568408e0f8862968%22%7D&id=680317835930&ns=1&abbucket=15&xxc=taobaoSearch&detail_redpacket_pop=true&query=%E5%AE%9E%E6%9C%A8%E6%A4%85&mi_id=_loYbqV9xIiCYWYuMcBCDolt8Mu8LWkNAFpw1SMtgpmJVvvAnP5oKcogYBOK3xIQjV4CypVUbJ1oAP6stCLltyn6cmVKxu231HDuMTKpVFo&skuId=5946175202798&spm=a21n57.1.item.17,1398,0,0,0,0
1,0,木小矮椅子榻榻米座椅家用台茶桌椅凳久坐舒服窗扶手靠背椅,淘寶,木,45×45×70,35.0,4500.0,2025.0,5.0,45.0,5062.0,7.0,https://item.taobao.com/item.htm?priceTId=2100c82617471427006431923e0c0b&utparam=%7B%22aplus_abtest%22%3A%2212d14a820309d07fd2eb3b3ded4bf905%22%7D&id=899296112076&ns=1&abbucket=15&xxc=taobaoSearch&detail_redpacket_pop=true&query=%E5%AE%9E%E6%9C%A8%E6%A4%85&mi_id=SP51PjdS0qiv3pMboKX4rDb1l8bq4dvyvJ_NShMmXqeZduoQi1mRwt7Hl_VuZqbUYFRWjKpJXoRCwJ5DqmJvy_OXML-6pwGStb-7mGA7rq0&skuId=5919587198700&spm=a21n57.1.item.19,1399,0,1,1,0
0,0,餐椅木茶椅公餐桌椅木椅家用原木新中式椅子靠背正品,淘寶,實木,45×50×90,45.0,4500.0,2250.0,3.0,45.0,9112.0,7.0,https://item.taobao.com/item.htm?priceTId=2100c82617471427006431923e0c0b&utparam=%7B%22aplus_abtest%22%3A%22ad598d5ad9f7dd71deb2a7b947aa6f6b%22%7D&id=789185052035&ns=1&abbucket=15&xxc=taobaoSearch&detail_redpacket_pop=true&query=%E5%AE%9E%E6%9C%A8%E6%A4%85&mi_id=4AjOlVWwXOdMwFmwKdxRXnOkuj8V1LuU2QNk1YXKNkUnq1byxaun8wzt9R4yLP2TyUfzC_MpuO-pFvjz0K-8veo-brK2f_MATtwdhOpBkNk&skuId=5556109375409&spm=a21n57.1.item.20,1400,0,1,0,0
1,0,家用木餐椅白蜡木椅子代餐餐桌椅子休靠背椅子桌椅,淘寶,白蜡木,45×50×85,40.0,9000.0,2250.0,3.0,45.0,8100.0,7.5,https://item.taobao.com/item.htm?priceTId=2100c82617471427006431923e0c0b&utparam=%7B%22aplus_abtest%22%3A%22ef076eabf8b192ba9975d77343c0502e%22%7D&id=860326847477&ns=1&abbucket=15&xxc=taobaoSearch&detail_redpacket_pop=true&query=%E5%AE%9E%E6%9C%A8%E6%A4%85&mi_id=bNNSPKGf23KgrelF5Y7n0tWJSyPYnz0SxPJokDllTHjiuZbdtbriQSzLQ8Nz8PXcJx2KAxJjJ-jl3dD14XW8NT4KIoCqyfq3Di0kB3gP5Xw&skuId=5678183661091&spm=a21n57.1.item.24,1401,0,0,0,0
1,0,特价老榆木中式木椅公椅代椅靠背椅小扶手椅子,淘寶,老榆木,45×50×85,40.0,3600.0,2250.0,3.0,45.0,4500.0,8.0,https://item.taobao.com/item.htm?priceTId=2100c82617471427006431923e0c0b&utparam=%7B%22aplus_abtest%22%3A%22c7a3b63f16e65f1c62e49122b6ef69c3%22%7D&id=630887371967&ns=1&abbucket=15&xxc=taobaoSearch&detail_redpacket_pop=true&query=%E5%AE%9E%E6%9C%A8%E6%A4%85&mi_id=QFkzJ-S8Wte5oGdf2KQPECvFeJcrWbNZRletEiKgxm4xo5ocUPCUYYFzL1SLxTl1F0jkIUoyrOIli0XCyFfKd1hY335knn689uHK1xna-aM&skuId=5724901945174&spm=a21n57.1.item.26,1402,0,0,0,0
0,0,木月牙靠背椅子茶椅椅官帽椅新中式家用餐椅主人椅圈椅三件套,淘寶,實木,預計 50×50×90,50.0,4500.0,2500.0,5.0,40.0,5400.0,12.0,https://item.taobao.com/item.htm?priceTId=2100c82617471427006431923e0c0b&utparam=%7B%22aplus_abtest%22%3A%228dcbb51780b2ad03a17c6b7b231a0673%22%7D&id=773256329748&ns=1&abbucket=15&xxc=taobaoSearch&detail_redpacket_pop=true&query=%E5%AE%9E%E6%9C%A8%E6%A4%85&mi_id=RMLio-ufQAd9lfhbEbJMDsgdVzxzafUd60ypQY1oWiY-WAR97GTVgPq6yx_KaSRcF-oPNN_oe7pXrtQa_3qg5nN9N38pzqgObu5IcIXmCsM&skuId=5294466269827&spm=a21n57.1.item.27,1403,0,1,0,0
1,0,木椅子餐椅家用代中式酒店木餐吃餐桌椅凳子靠背椅,淘寶,實木,42×49×90,45.0,3780.0,2058.0,2.5,45.0,6174.0,7.5,https://item.taobao.com/item.htm?priceTId=2100c82617471427006431923e0c0b&utparam=%7B%22aplus_abtest%22%3A%22e61a7743aa91aeefe4521f909d29668d%22%7D&id=792946950444&ns=1&abbucket=15&xxc=taobaoSearch&detail_redpacket_pop=true&query=%E5%AE%9E%E6%9C%A8%E6%A4%85&mi_id=28IB0V0nTKy5wRExdaV6CYFmo_BOLR9Flq2cQZz8qA-PeAhW-e2uIkNPT_t9kzx5zP9g130Nv26NWLjNFvj0nZDnSbArsMk27f_5B7vSDGQ&skuId=5582347334024&spm=a21n57.1.item.28,1404,0,0,0,0
0,0,藤折椅子木餐椅家用网侘寂日式休原木靠背吃椅,淘寶,實木,45×50×85,40.0,4500.0,2250.0,3.0,45.0,6000.0,5.0,https://item.taobao.com/item.htm?priceTId=2100c82617471427006431923e0c0b&utparam=%7B%22aplus_abtest%22%3A%2299d02d4d5615bcc2e5e81c6b196025ea%22%7D&id=743223247662&ns=1&abbucket=15&xxc=taobaoSearch&detail_redpacket_pop=true&query=%E5%AE%9E%E6%9C%A8%E6%A4%85&mi_id=thJUM0pHLo_kQIQI97BKd7hrs-cIqRNIHLgG-wp7U-76mhiUIl_KPbqMgqY-HlFFuoV5WIvVv_zhsCpZMjqNPgeLfzIrnQWyR8IcGVLIrA0&skuId=5693596003056&spm=a21n57.1.item.29,1405,0,0,0,0
1,0,木餐椅家用餐桌椅子凳子代中式椅子麻椅餐吃餐桌椅,淘寶,實木,42×49×90,45.0,3780.0,2058.0,2.5,45.0,6174.0,6.5,https://item.taobao.com/item.htm?priceTId=2100c82617471427006431923e0c0b&utparam=%7B%22aplus_abtest%22%3A%2239ca2976fdb87aceb3d0e6c2b7bbb1d4%22%7D&id=771186438826&ns=1&abbucket=15&xxc=taobaoSearch&detail_redpacket_pop=true&query=%E5%AE%9E%E6%9C%A8%E6%A4%85&mi_id=yAxynjReYitfaRag2f90_nw-TK8OHLYuZrKN59eXoIIRxcmxrMWZft7hBbk5zKeKF72TqRu95BOdvpHBNQ5hu8qGihk8HFN39sm3VzDx8n0&skuId=5282035736453&spm=a21n57.1.item.32,1406,0,0,0,0
1,0,源氏木木餐椅北橡木餐桌椅代靠背椅餐家用房子,淘寶,橡木,45×50×95,50.0,4500.0,2250.0,3.0,45.0,6750.0,7.0,https://detail.tmall.com/item.htm?priceTId=2100c82617471427006431923e0c0b&utparam=%7B%22aplus_abtest%22%3A%22f7d6bc84d86ff948783652bac09e6f18%22%7D&id=642072694211&ns=1&abbucket=15&xxc=taobaoSearch&detail_redpacket_pop=true&query=%E5%AE%9E%E6%9C%A8%E6%A4%85&mi_id=x8DxLp46WXjdy1BeA_iw8_XweUmdQicRFSMPiY-Z88l1HibL1s1xkaQ3bfi7KJUZKeJas2AXmqX6XrYOtQucDHBb98SQlCgyEUjxXA_Rm6Q&skuId=5774840441124&spm=a21n57.1.item.33,1407,0,0,0,0
1,0,木椅子家用餐桌椅原木中式餐椅餐吃凳子洽桌靠背,淘寶,實木,42×49×90,50.0,6300.0,2058.0,3.0,45.0,6615.0,7.0,https://detail.tmall.com/item.htm?priceTId=2100c82617471427006431923e0c0b&utparam=%7B%22aplus_abtest%22%3A%22374a987030c74488467f6bdbeea1b84c%22%7D&id=860174187863&ns=1&abbucket=15&xxc=taobaoSearch&detail_redpacket_pop=true&query=%E5%AE%9E%E6%9C%A8%E6%A4%85&mi_id=hs-Lr8FNIuGNRZnM0fl1CVNHrdm6ARf7uY_-XnnO-hvDOR4_CMAEwlr8e9DxC2dXS193qTIXfxW9QKtJhr_tDGiaYGKuu926Rb3mPgjt6Ec&skuId=5677721745860&spm=a21n57.1.item.34,1408,0,0,0,0
0,0,木吧台椅子家用代商用收酒吧椅北原木靠背高凳,淘寶,實木,看不出具體尺寸，建議估計 38×38×80,35.0,3200.0,1444.0,2.0,65.0,2100.0,5.0,https://item.taobao.com/item.htm?priceTId=2100c82617471427006431923e0c0b&utparam=%7B%22aplus_abtest%22%3A%22f1ad622dc88b103d8e7bef6b13ad0bde%22%7D&id=780932232854&ns=1&abbucket=15&xxc=taobaoSearch&detail_redpacket_pop=true&query=%E5%AE%9E%E6%9C%A8%E6%A4%85&mi_id=Qm89hN3DoR8PLHuXJhzN8WV9eqDLLyOuxpraQo7mtb1_PWjz3-jNKAAoYsL9CAVdeGFxMmUkmk8dILclPJs9iiBKM6NV5AqxIhGkaLU6hIQ&skuId=5335775617881&spm=a21n57.1.item.41,1409,0,0,0,0
1,0,北木椅子家用餐椅代椅休扶手椅房公椅桌椅,淘寶,實木,45×50×85,40.0,6000.0,2025.0,3.0,45.0,4050.0,7.0,https://item.taobao.com/item.htm?priceTId=2100c82617471427006431923e0c0b&utparam=%7B%22aplus_abtest%22%3A%2205ada47da003914fb3e33e63b95af49f%22%7D&id=701536198035&ns=1&abbucket=15&xxc=taobaoSearch&detail_redpacket_pop=true&query=%E5%AE%9E%E6%9C%A8%E6%A4%85&mi_id=MT49s3xWur89F8B_RoJaCo2V2OhGuIFl2qjiPDjtWMYpRtlMmIy4OhljQIBZwC31oOpE8coADZw4lM3NkTSq-ueEkiPCky2QGbpnff2kLKU&skuId=5117142282846&spm=a21n57.1.item.42,1410,0,0,0,0
1,0,古做靠背椅木椅手工木椅松木家用复古火店烤店餐椅,淘寶,松木,45×45×90,45.0,4500.0,2025.0,3.0,45.0,9112.0,7.0,https://item.taobao.com/item.htm?priceTId=2100c82617471427006431923e0c0b&utparam=%7B%22aplus_abtest%22%3A%22c2d1151aec8398ffee5f2edc63570da8%22%7D&id=817962016148&ns=1&abbucket=15&xxc=taobaoSearch&detail_redpacket_pop=true&query=%E5%AE%9E%E6%9C%A8%E6%A4%85&mi_id=1nPwxLGFruaQ20jcnk_6YzLJp6XnW2csCJaYilhHbAN2LPh1gD8KlBt7C5Pe6QCH_A9rJIcQa4CLkaO1k3qpAvEFJ2g4V_gKwr0cHzMXR-c&skuId=5520377273706&spm=a21n57.1.item.43,1411,0,1,0,0
1,0,北全木餐椅日式餐白蜡木椅民宿桌椅扶手休椅,淘寶,白蜡木,45×50×85,40.0,3000.0,2250.0,3.0,45.0,4500.0,7.0,https://item.taobao.com/item.htm?priceTId=2100c82617471427006431923e0c0b&utparam=%7B%22aplus_abtest%22%3A%22d84d8c61dc07e5289dca576003eb6357%22%7D&id=759541589590&ns=1&abbucket=15&xxc=taobaoSearch&detail_redpacket_pop=true&query=%E5%AE%9E%E6%9C%A8%E6%A4%85&mi_id=M-vyTt8dcCINMFCkw8KI7IaEjfRECUfgNC4c1H7OVuaYvSfIkaDv4-8KN4v68e6GNFv4ZNGCkVv8EOtssbHP35iPRDfSgYVrE32rDwXo164&skuId=5405476086877&spm=a21n57.1.item.45,1412,0,0,0,0
0,0,【原木/莎椅】木靠背椅子餐桌餐椅房椅子靠背椅北日式,淘寶,實木,估計 50×55×100,60.0,4500.0,2750.0,5.0,45.0,5062.0,8.0,https://item.taobao.com/item.htm?priceTId=2100c82617471427006431923e0c0b&utparam=%7B%22aplus_abtest%22%3A%2243426adae59e26e7bc25ada65a5bb47d%22%7D&id=896718652085&ns=1&abbucket=15&xxc=taobaoSearch&detail_redpacket_pop=true&query=%E5%AE%9E%E6%9C%A8%E6%A4%85&mi_id=iY29Z7exrdy1idePAv23BD5wk2BfOymRd-zZrj0NYLC0SsTr3YvnvNukVtLumD5P6T_BTpk9aZQyUxjF3Gt9fD44GdnL67PfMiHV6uswkPU&skuId=5749150149832&spm=a21n57.1.item.46,1413,0,1,1,0
1,0,木餐椅家用靠背椅子昌迪加椅胡桃中古藤椅扶手客餐凳子,淘寶,胡桃木,50×54×82,40.0,4500.0,2700.0,3.0,45.0,8100.0,7.0,https://detail.tmall.com/item.htm?priceTId=2100c82617471427006431923e0c0b&utparam=%7B%22aplus_abtest%22%3A%22dc284d0a3508368b7fd7b173e091bcc0%22%7D&id=838736648571&ns=1&abbucket=15&xxc=taobaoSearch&detail_redpacket_pop=true&query=%E5%AE%9E%E6%9C%A8%E6%A4%85&mi_id=G_MB9PTn_iYbKSkuIf3n1l_Xu9ggMN7RL1e4Eg5qGrmrUi7THIPqMicKA7GA1LWU8GkFtwdffMbcqhLAtMF8KOBGy3-RSCcwmwVyYB_TiQk&skuId=5777870215544&spm=a21n57.1.item.47,1414,0,1,0,0
1,0,梵辰拆洗餐椅椅舒适酒店椅家用家具咖啡椅木椅子色靠背椅,淘寶,實木,45×50×95,50.0,4500.0,2250.0,5.0,45.0,6075.0,7.0,https://item.taobao.com/item.htm?priceTId=2100c88517471430482644080e0bf3&utparam=%7B%22aplus_abtest%22%3A%229fd15ae01b88fc7e9e9e2f60dd876b01%22%7D&id=44720465507&ns=1&abbucket=15&xxc=taobaoSearch&detail_redpacket_pop=true&query=%E5%AE%9E%E6%9C%A8%E6%A4%85&mi_id=G2llt-p4jWqbFFUjmP2tFtzhWlaMKnKk1CUpckSJVK6rx-Hgz5j5JNi0ig5OzDu-IaTVdrSyA-05QNFPSsgdxeQOXVsxT4apRHcMXWq5qFY&skuId=3137280068966&spm=a21n57.1.item.3,1415,0,1,0,0
0,1,木餐椅家用代客餐桌椅子可放店餐椅子凳子,淘寶,實木,42×42×45,45.0,4500.0,1385.0,2.0,45.0,7200.0,5.0,https://detail.tmall.com/item.htm?priceTId=2100c88517471430482644080e0bf3&utparam=%7B%22aplus_abtest%22%3A%2212a7020dd82c25ceadc00529feab6a2c%22%7D&id=727259133680&ns=1&abbucket=15&xxc=taobaoSearch&detail_redpacket_pop=true&query=%E5%AE%9E%E6%9C%A8%E6%A4%85&mi_id=sBM2sm1j0aHXcvV5MLLEdf0krS0yFHlhixIZkBIzztSLsNJm6nBkvDG7h0pxydAQ05iWkmBHZw33jXnihfwYRfK2JOYl_IoiAnR9FFOkmsg&skuId=5303305322563&spm=a21n57.1.item.5,1416,0,0,0,0
1,0,家用舒适椅房木公座椅久坐桌椅人椅室靠背字,淘寶,實木,估計 50×50×95,50.0,7500.0,2500.0,5.0,45.0,5062.0,7.0,https://detail.tmall.com/item.htm?priceTId=2100c88517471430482644080e0bf3&utparam=%7B%22aplus_abtest%22%3A%22c543fc66f3e8957f2c90a53ffda3f343%22%7D&id=907967755442&ns=1&abbucket=15&xxc=taobaoSearch&detail_redpacket_pop=true&query=%E5%AE%9E%E6%9C%A8%E6%A4%85&mi_id=UNly3KKCcI_TFFayTmqp7iwYLoWXEho0IwuGNzw8xlLTFeQxgxily3IVYUwlC6C8bik3l6OWc-CCy_xJ8ohvV1QDtkA5HXjyI4O0IiMpQwc&skuId=5936132862584&spm=a21n57.1.item.7,1417,0,0,1,0
1,0,家用木餐椅椅子餐桌椅复古餐靠背椅中古商用房莎,淘寶,實木,45×45×90,50.0,4050.0,2025.0,3.0,45.0,5400.0,7.0,https://detail.tmall.com/item.htm?priceTId=2100c88517471430482644080e0bf3&utparam=%7B%22aplus_abtest%22%3A%229e5f4a86c954ee3cf013764a2627125d%22%7D&id=915590236818&ns=1&abbucket=15&xxc=taobaoSearch&detail_redpacket_pop=true&query=%E5%AE%9E%E6%9C%A8%E6%A4%85&mi_id=WZ0F2VjXwBdbgjK8RjcVEQY5Z_ga1svUEuaC9qdJc4V9E9UKVN_6roFo_OYEt0KFMibS6WjVxiNtTsIjB6eM4OdisHKnZXETcm-wrSO9w1o&skuId=5780379652857&spm=a21n57.1.item.9,1418,0,0,0,0
1,0,木椅子靠背椅新中式短梳椅梳椅官帽椅仿古茶椅整椅子主人椅,淘寶,實木,45×48×95,50.0,4320.0,2160.0,3.0,45.0,2025.0,7.0,https://item.taobao.com/item.htm?priceTId=2100c88517471430482644080e0bf3&utparam=%7B%22aplus_abtest%22%3A%22d1d8e0623130bfa904310a860bb7b68a%22%7D&id=828231139527&ns=1&abbucket=15&xxc=taobaoSearch&detail_redpacket_pop=true&query=%E5%AE%9E%E6%9C%A8%E6%A4%85&mi_id=T8GRINi44LgylqNGQKHKT6aGyd01LJEbRsZDY2q8i7_UpYp5yLhKZVJwXNgH64Alahz-54adYi44suYiLqYr0LLFkeui1uzCKlt2tqCqNeM&skuId=5556957016660&spm=a21n57.1.item.10,1419,0,0,0,0
1,0,木折椅子家用凳子小型餐椅不占空麻椅便公室椅,淘寶,實木,40×45×85,40.0,7200.0,1800.0,2.0,45.0,4050.0,5.0,https://item.taobao.com/item.htm?priceTId=2100c88517471430482644080e0bf3&utparam=%7B%22aplus_abtest%22%3A%2272bf5b1876ff1a6081ceb0a18460bcc4%22%7D&id=535830860344&ns=1&abbucket=15&xxc=taobaoSearch&detail_redpacket_pop=true&query=%E5%AE%9E%E6%9C%A8%E6%A4%85&mi_id=17rt_i4FWcKZeMZVqya2Z6i6iQcPomOy4N0AI7FaFlhcMqqz1Ed3QRWCc47OAvvLWiwaccW2XZYuxWvOO3T4V_vZxLwZUdmgtg5eC0nYVWw&skuId=5139706377843&spm=a21n57.1.item.18,1420,0,0,0,0
1,0,新中式木餐椅家用靠背椅子奢餐酒店商用吃餐桌椅官帽椅凳,淘寶,實木,42×49×90,45.0,3780.0,2058.0,2.5,45.0,3240.0,7.0,https://item.taobao.com/item.htm?priceTId=2100c88517471430482644080e0bf3&utparam=%7B%22aplus_abtest%22%3A%2246ceeb1303b4757b85b92ec39298cdb5%22%7D&id=854474969524&ns=1&abbucket=15&xxc=taobaoSearch&detail_redpacket_pop=true&query=%E5%AE%9E%E6%9C%A8%E6%A4%85&mi_id=R1CWoHGO7Re0_2dm_c_UDGPQ8Yld_tOD_beC7UHI4UWXJZ_qdnSDcMUOIfq6ouG-zTkDfrT9XNuV19fCpZzSARX0QMf-2EWkxzRfWMRK_lU&skuId=5823164762919&spm=a21n57.1.item.19,1421,0,0,0,0
1,0,木椅家用舒适久坐公室椅棋牌椅真皮老板椅四椅子,淘寶,實木,50×50×100,50.0,4500.0,2500.0,5.0,45.0,5062.0,8.0,https://detail.tmall.com/item.htm?priceTId=2100c88517471430482644080e0bf3&utparam=%7B%22aplus_abtest%22%3A%22f6ebce9b1e95cb88864b843263400023%22%7D&id=617245564333&ns=1&abbucket=15&xxc=taobaoSearch&detail_redpacket_pop=true&query=%E5%AE%9E%E6%9C%A8%E6%A4%85&mi_id=8qtYVodn2kMM1BEclVAb7V-EwkGmUHmxin1YMjClXIFvobCraqG0c5EtcMD8TUdPY66FdrDaaZtXu79N8tXPfLXLtYd5gCAc5sF_QuDmcak&skuId=4592645081150&spm=a21n57.1.item.22,1422,0,1,1,0
1,0,木餐桌椅家用餐椅黑胡桃椅子吃靠背椅桌椅餐商用凳子,淘寶,黑胡桃,42×49×90,45.0,3780.0,2058.0,3.0,45.0,6300.0,8.0,https://detail.tmall.com/item.htm?priceTId=2100c88517471430482644080e0bf3&utparam=%7B%22aplus_abtest%22%3A%22a23090ab2685a5cbdef6520a426f7f5e%22%7D&id=846443204207&ns=1&abbucket=15&xxc=taobaoSearch&detail_redpacket_pop=true&query=%E5%AE%9E%E6%9C%A8%E6%A4%85&mi_id=eXE94dtePyoKvzXg-zemri3Sov0c5B6oo2QFcjQSw95zX6nNnU2RlthxKZYltxlvC9nrW5A-d3KttZ385RqCIMzRBD-ocrJ0TLoHjWBnejo&skuId=5797354815264&spm=a21n57.1.item.24,1423,0,0,0,0
1,0,木餐椅商用原木扶手椅子餐咖啡椅子凳子家用靠背椅餐桌椅,淘寶,實木,45×50×90,45.0,4000.0,2250.0,2.0,45.0,6000.0,5.0,https://item.taobao.com/item.htm?priceTId=2100c88517471430482644080e0bf3&utparam=%7B%22aplus_abtest%22%3A%220e70fd1088892c931489e639153ac516%22%7D&id=818400593573&ns=1&abbucket=15&xxc=taobaoSearch&detail_redpacket_pop=true&query=%E5%AE%9E%E6%9C%A8%E6%A4%85&mi_id=SKAqMhejO_cPRZILnTuIXPupFJ5cAYoTUL2_shG9bci4uPFidcen22k3MULFPQXuQNdVdAaosGaJRCirhhWaIRH0otfjbdI_AbzjPwZpR_M&skuId=5519315248292&spm=a21n57.1.item.26,1424,0,0,0,0
1,0,木小椅子儿童木凳家用靠背鞋客板凳包皮矮凳吃餐椅,淘寶,實木,30×30×60,30.0,4500.0,2581.0,5.0,45.0,2025.0,4.5,https://item.taobao.com/item.htm?priceTId=2100c88517471430482644080e0bf3&utparam=%7B%22aplus_abtest%22%3A%220cbc02f4f2dba8f52d9c7190f55132a6%22%7D&id=708551874573&ns=1&abbucket=15&xxc=taobaoSearch&detail_redpacket_pop=true&query=%E5%AE%9E%E6%9C%A8%E6%A4%85&mi_id=10aHUqpAB4_KuwtSbIEJt5tT9gQyLO5cPvuaTuVB3kaOJKSQzBdHlmDR9qfmuGSds6zwUNNvxxZZym4kH98WaE4wk0y37zzBz7KciefeZek&skuId=5624908685907&spm=a21n57.1.item.27,1425,0,1,0,0
1,0,法式木餐椅复中古餐桌椅子靠背藤黑胡桃莎椅化凳子人,淘寶,黑胡桃木,42×49×90,45.0,4725.0,2058.0,3.0,45.0,6615.0,6.7,https://item.taobao.com/item.htm?priceTId=2100c88517471430482644080e0bf3&utparam=%7B%22aplus_abtest%22%3A%2273e92421dde5fdebeb366ef860ee33d5%22%7D&id=885367855945&ns=1&abbucket=15&xxc=taobaoSearch&detail_redpacket_pop=true&query=%E5%AE%9E%E6%9C%A8%E6%A4%85&mi_id=cQ8__hDt1qn0z5Gme7Qb0V7fpRqrvMqNSa8fEKbRfzvOOUOY2vKzbEqPkvWPEF6iIHumdh4VbvuItlQ8G0Mf-OxYV9tZM5dMgHSiRDuMGN8&skuId=5965253787483&spm=a21n57.1.item.28,1426,0,0,0,0
1,0,木凳子小板凳靠背椅子小木凳休椅儿童椅小凳子家用木凳子,淘寶,實木,30×30×45,45.0,1350.0,2581.0,2.0,30.0,3600.0,4.0,https://item.taobao.com/item.htm?priceTId=2100c88517471430482644080e0bf3&utparam=%7B%22aplus_abtest%22%3A%220ec790abc829c155251f96affe689329%22%7D&id=889692663403&ns=1&abbucket=15&xxc=taobaoSearch&detail_redpacket_pop=true&query=%E5%AE%9E%E6%9C%A8%E6%A4%85&mi_id=tJvqLJeak2U5p-6_DAxpOFrKxzZiI7OyAhc1IOLZs4cJeYUSKl7xVubLkD7CV5UG91kuQOUWd9szOBP1Lzjqs3PG94M_N-VkcCyhHpD8Y9c&skuId=5903790439655&spm=a21n57.1.item.32,1427,0,0,0,0
1,0,木房椅子靠背椅扶手桌椅茶椅公老人椅舒服久坐不累,淘寶,木,50×60×100,50.0,4500.0,1800.0,5.0,45.0,6750.0,8.0,https://detail.tmall.com/item.htm?priceTId=2100c88517471430482644080e0bf3&utparam=%7B%22aplus_abtest%22%3A%226273318197b07f35cc51dd5e8a541599%22%7D&id=747042649908&ns=1&abbucket=15&xxc=taobaoSearch&detail_redpacket_pop=true&query=%E5%AE%9E%E6%9C%A8%E6%A4%85&mi_id=WGTJshm-WlcivwNOYJ7lqrWO0YrrsMSkte24lukjtbWJhGueqE14wbXLlYq5rk80DoN711MqtCRWdiGTJ9bGBriS8W1ueKMnTUoNOPu7azE&skuId=5750397489837&spm=a21n57.1.item.34,1428,0,1,0,0
1,0,北美黑胡桃木餐椅木日式舒美特扶手椅新中式原木家用休桌椅,淘寶,北美黑胡桃木,55×60×75,35.0,5775.0,3300.0,5.0,40.0,7200.0,8.0,https://detail.tmall.com/item.htm?priceTId=2100c88517471430482644080e0bf3&utparam=%7B%22aplus_abtest%22%3A%2274a3a2838cf4aaa4a626fca87dc6ef4e%22%7D&id=688972652111&ns=1&detail_redpacket_pop=true&query=%E5%AE%9E%E6%9C%A8%E6%A4%85&xxc=ad_ztc&mi_id=lyRvHxzjnK4nNgTnwxr3n8vCm1_nHuVJdH59MEP9ItR0iScIxknY7OzgJWgBSH8Bjycw38UO84yPVGSRsDPTrIpt0RloB4jncMMLkfeLuY0&skuId=5485045503796&spm=a21n57.1.item.35,1429,0,0,0,0
1,0,金花梨木木木靠背椅家用小茶椅榫卯整中式小椅子子凳,淘寶,金花梨木木,40×35×85,45.0,6300.0,1400.0,5.0,40.0,5600.0,7.0,https://item.taobao.com/item.htm?priceTId=2100c88517471430482644080e0bf3&utparam=%7B%22aplus_abtest%22%3A%22f1feac4ede06838c4a8d1d0e90cc2468%22%7D&id=674072416162&ns=1&abbucket=15&xxc=taobaoSearch&detail_redpacket_pop=true&query=%E5%AE%9E%E6%9C%A8%E6%A4%85&mi_id=8gMW-w8U61YhFYl-yABW7z1ByiLCZ6pEBWLoLMp7hjZJmFamvslEGAjQlaYscmFSga5hrjY7pzah2-C1onRI3hy-ccS0p5iNtWKfXT-5M6g&skuId=5695391296298&spm=a21n57.1.item.37,1430,0,0,0,0
1,0,松木椅靠背椅村家用喂奶椅外椅子家店餐椅木椅子,淘寶,松木,45×50×95,50.0,4500.0,2250.0,3.0,45.0,6075.0,7.0,https://item.taobao.com/item.htm?priceTId=2100c88517471430482644080e0bf3&utparam=%7B%22aplus_abtest%22%3A%22f03fe34ac04bbb22f773133864a1afa9%22%7D&id=829931629365&ns=1&abbucket=15&xxc=taobaoSearch&detail_redpacket_pop=true&query=%E5%AE%9E%E6%9C%A8%E6%A4%85&mi_id=Tmsw3Jc-YZYTuR_Y736PA7KoOC5Vg0veErT0-Fl2VWylLZTx2Jnib77UxjJeAtOQj_lcG7RwxfokhgSHkKho71k9nXxigRvDyhkppabGpqA&skuId=5573407937928&spm=a21n57.1.item.39,1431,0,1,0,0
0,1,木月牙椅半椅新中式茶凳靠背椅家用喝茶圈椅牛角椅官帽椅子,淘寶,實木,45×45×85,40.0,6000.0,1590.0,3.0,45.0,8000.0,7.0,https://item.taobao.com/item.htm?priceTId=2100c88517471430482644080e0bf3&utparam=%7B%22aplus_abtest%22%3A%221716b74d9a514f3a509bfdc3416226d7%22%7D&id=683975828911&ns=1&abbucket=15&xxc=taobaoSearch&detail_redpacket_pop=true&query=%E5%AE%9E%E6%9C%A8%E6%A4%85&mi_id=Q2glQw-GWKrjeTI0lgcDNu7yj-lvOdJl6Eosu9COW4fmjmJW2w48b4H5KbXj8vATaaQYdWyQ_Tk7OnZbPEjsfK0rN29RV_4nhbBpHtL6EYc&skuId=4889659468328&spm=a21n57.1.item.41,1432,0,0,0,0
0,1,新中式木椅子官帽椅圈椅月牙椅主人靠背人茶椅酒店椅三件套,淘寶,實木,55×55×95,45.0,4200.0,2380.0,3.0,40.0,3000.0,8.0,https://item.taobao.com/item.htm?priceTId=2100c88517471430482644080e0bf3&utparam=%7B%22aplus_abtest%22%3A%22b81f737a7ad7d0c0c67354ee785d799a%22%7D&id=805788591877&ns=1&abbucket=15&xxc=taobaoSearch&detail_redpacket_pop=true&query=%E5%AE%9E%E6%9C%A8%E6%A4%85&mi_id=IXgMJaVjORAIrcTtlwF2l8lZp2lgEIR8mqUw-e9vYwy_94RxI2Cvfl-hmMiEIgO8qIoXxqmVGw71CVkBvGNSoKUov37w4RPa6fMq-C3pPwA&skuId=5649133914235&spm=a21n57.1.item.42,1433,0,0,0,0
1,0,复中古法式木靠背扶手桌房餐椅化凳子人家用公,淘寶,實木,45×50×95,50.0,4500.0,2250.0,3.0,45.0,5062.0,7.0,https://item.taobao.com/item.htm?priceTId=2100c88517471430482644080e0bf3&utparam=%7B%22aplus_abtest%22%3A%2286ae5fb2cb88c23d3d951cb1a81a3acb%22%7D&id=822176375570&ns=1&abbucket=15&xxc=taobaoSearch&detail_redpacket_pop=true&query=%E5%AE%9E%E6%9C%A8%E6%A4%85&mi_id=puqYhbD3koRzB7JR0h47JSy4BE8eYCieCMVnehDotCeI0lvNUVlvEQ4wnXjNuR05oGqalgQX-oRBzzURXDqsxJWUO-_6Rb44uMsSYVeciMc&skuId=5701627270334&spm=a21n57.1.item.43,1434,0,1,0,0
0,1,南美胡桃木中式木椅子圈椅官帽椅Y椅椅主人椅家用公椅茶椅,淘寶,南美胡桃木,55×50×90,45.0,4560.0,2250.0,3.0,45.0,6750.0,8.0,https://item.taobao.com/item.htm?priceTId=2100c88517471430482644080e0bf3&utparam=%7B%22aplus_abtest%22%3A%228da1c089dee569f174f666446dfbbea3%22%7D&id=722641113509&ns=1&abbucket=15&xxc=taobaoSearch&detail_redpacket_pop=true&query=%E5%AE%9E%E6%9C%A8%E6%A4%85&mi_id=6L9Go7Lw4X7JQ-Rz-VEpeLwexKAW86iPzDi0uIr2cW8eXFBXe2Vf4ssNuVC4GdtlQ7R9fH3bA74FRvE7KrDVBdet2g_DpyFLOTfgjcP5_-4&skuId=5871352346548&spm=a21n57.1.item.45,1435,0,0,0,0
0,0,原木Y餐椅子休台扶手靠背小家用中式藤喝茶矮桌椅,淘寶,木,45×55×85,40.0,4950.0,1650.0,5.0,45.0,6075.0,7.0,https://item.taobao.com/item.htm?priceTId=2100c88517471430482644080e0bf3&utparam=%7B%22aplus_abtest%22%3A%228bc561ff8da81a301e65bdf93fd98141%22%7D&id=768528934654&ns=1&abbucket=15&xxc=taobaoSearch&detail_redpacket_pop=true&query=%E5%AE%9E%E6%9C%A8%E6%A4%85&mi_id=uEUFeWTfNUvegjFxJZSc5R_jq47VxE3iXW3IJSR3-AiTKOMY_xJyo6aggZk80r4PCFu0tdhFq-ao0suf2yup38HXAIu7mZjrY7zuAeQ_5xk&skuId=5780822709596&spm=a21n57.1.item.46,1436,0,0,0,0
1,0,EKEDALEN,IKEA,實心橡膠木/染色/壓克力亮光漆/65%聚酯纖維/35%棉,45×51×95,47.0,2115.0,1755.0,5.0,48.0,5062.0,5.8,-,1437,0,0,0,0
1,0,EKEDALEN,IKEA,實心木材/壓克力漆/65%聚酯纖維/35%棉,45×51×95,47.0,2115.0,1755.0,5.0,48.0,5062.0,5.8,-,1438,0,0,0,0
1,0,EKEDALEN,IKEA,實心木材/黏著劑/印刷壓克力漆/65%聚酯纖維/35%棉,45×51×95,47.0,2115.0,1755.0,5.0,48.0,5062.0,5.32,-,1439,0,0,0,0
1,0,HAUGA,IKEA,-,40×41×87,42.0,1680.0,1640.0,4.0,45.0,5062.0,3.44,-,1440,0,0,0,0
1,0,HAUGA,IKEA,-,40×49×87,42.0,1680.0,1640.0,4.0,45.0,5062.0,3.44,-,1441,0,0,0,0
1,0,INGOLF,IKEA,實心松木/黏著劑/染色/壓克力亮光漆,40×53×91,46.0,1840.0,1634.0,4.0,45.0,5062.0,4.08,-,1442,0,0,0,0
1,0,INGOLF,IKEA,實心木材/黏著劑/壓克力漆/纖維板,43×52×91,46.0,1978.0,1634.0,4.0,45.0,5062.0,6.95,-,1443,0,0,0,0
1,0,INGOLF,IKEA,實心松木/染色/壓克力亮光漆/75%棉/25%聚酯纖維,43×53×91,44.0,1892.0,1634.0,6.0,47.0,5062.0,4.9,-,1444,0,0,0,0
1,0,INGOLF,IKEA,實心木材/壓克力漆/80%棉/20%聚酯纖維,40×53×91,44.0,1760.0,1596.0,6.0,47.0,5062.0,5.78,-,1445,0,0,0,0
1,0,KTTIL,IKEA,實心木材/壓克力漆/100%聚酯纖維/PU泡棉,46×52×89,43.0,1978.0,1794.0,7.0,46.0,5062.0,4.87,-,1446,0,0,0,0
1,0,LISABO,IKEA,實心樺木/染色/壓克力亮光漆/梣木貼皮,46×51×80,35.0,1610.0,1716.0,4.0,45.0,5062.0,4.79,-,1447,0,0,0,0
1,0,LISABO,IKEA,實心樺木/透明壓克力漆/78%棉/22%聚酯纖維,46×51×80,32.0,1472.0,1755.0,7.0,48.0,5062.0,5.23,-,1448,0,0,0,0
1,0,LISABO,IKEA,實心樺木/透明壓克力漆/梣木貼皮,46×51×80,35.0,1610.0,1716.0,4.0,45.0,5062.0,4.83,-,1449,0,0,0,0
1,0,NORDMYRA,IKEA,實心樺木/黏著劑/壓克力漆/層壓膠合塑形木板,46×51×81,36.0,1656.0,1638.0,4.0,45.0,5062.0,4.87,-,1450,0,0,0,0
1,0,NORDVIKEN,IKEA,實心松木/染色/壓克力亮光漆/層壓膠合塑形木板,44×54×97,52.0,2288.0,1584.0,5.0,45.0,5062.0,4.75,-,1451,0,0,0,0
1,0,NORRARYD,IKEA,實心木材/黏著劑/染色/壓克力亮光漆/合板,47×51×83,38.0,1786.0,1558.0,4.0,45.0,5062.0,4.63,-,1452,0,0,0,0
1,0,ODGER,IKEA,塑膠木合成物/聚丙烯塑膠/熱塑性彈性體,45×51×81,38.0,1710.0,1845.0,5.0,43.0,5062.0,5.11,-,1453,0,0,0,0
1,0,ODGER,IKEA,塑膠木合成物/聚丙烯塑膠/熱塑性彈性體,45×51×81,38.0,1710.0,1845.0,5.0,43.0,5062.0,5.11,-,1454,0,0,0,0
1,0,RNNINGE,IKEA,-,46×52×79,34.0,1564.0,1840.0,5.0,45.0,5062.0,5.89,-,1455,0,0,0,0
1,0,SKOGSTA,IKEA,-,42×48×76,31.0,1302.0,1596.0,5.0,45.0,5062.0,4.61,-,1456,0,0,0,0
1,0,SKOGSTA,IKEA,-,42×48×76,31.0,1302.0,1596.0,5.0,45.0,5062.0,4.61,-,1457,0,0,0,0
1,0,STEFAN,IKEA,-,42×49×90,45.0,1890.0,1638.0,4.0,45.0,5062.0,3.56,-,1458,0,0,0,0
1,0,STEFAN,IKEA,-,42×49×90,45.0,1890.0,1638.0,4.0,45.0,5062.0,3.28,-,1459,0,0,0,0
1,0,VEDBO,IKEA,100%聚酯纖維/實心樺木/鋼質/PU泡棉,49×56×83,36.0,1764.0,1840.0,8.0,47.0,5062.0,7.51,-,1460,0,0,0,0
1,0,YNGVAR,IKEA,鋼質/層壓膠合塑形木板/櫸木貼皮/染色,53×51×71,25.0,1325.0,1600.0,4.0,46.0,5062.0,5.9,-,1461,0,0,0,0
1,0,-,-,-,-,43.0,5289.0,1763.0,3.0,43.0,5062.0,6.5,-,1462,0,0,0,0
0,1,-,-,-,-,45.0,4500.0,2581.0,3.0,80.0,2000.0,5.3,-,1463,0,0,0,0
0,1,-,-,-,-,45.0,4500.0,2581.0,3.0,70.0,5062.0,6.0,-,1464,0,0,0,0
0,1,-,-,-,-,45.0,4500.0,2581.0,3.0,60.0,5062.0,4.9,-,1465,0,0,0,0
0,1,-,-,-,-,45.0,4500.0,2581.0,3.0,50.0,5062.0,4.5,-,1466,0,0,0,0
0,1,-,-,-,-,45.0,4500.0,2581.0,3.0,45.0,5062.0,4.7,-,1467,0,0,0,0
0,1,-,-,-,-,45.0,4500.0,2581.0,3.0,25.0,5062.0,4.6,-,1468,0,0,0,0
1,0,-,-,-,-,45.0,4500.0,2581.0,2.0,80.0,3840.0,5.0,-,1469,0,0,0,0
1,0,-,-,-,-,45.0,4500.0,2581.0,2.0,70.0,3360.0,5.0,-,1470,0,0,0,0
1,0,-,-,-,-,45.0,4500.0,2581.0,2.0,60.0,2880.0,3.5,-,1471,0,0,0,0
1,0,-,-,-,-,45.0,4500.0,2581.0,2.0,45.0,2160.0,4.0,-,1472,0,0,0,0
1,0,-,-,-,-,45.0,4500.0,2581.0,3.0,25.0,2025.0,5.0,-,1473,0,0,0,0
1,0,-,-,-,-,45.0,4500.0,2581.0,3.0,27.0,2187.0,4.5,-,1474,0,0,0,0
1,0,-,-,-,-,45.0,4500.0,2581.0,3.0,35.0,2835.0,6.0,-,1475,0,0,0,0
1,0,-,-,-,-,45.0,4500.0,2581.0,3.0,45.0,3645.0,5.8,-,1476,0,0,0,0
1,0,-,-,-,-,45.0,4500.0,2581.0,3.0,45.0,3645.0,6.3,-,1477,0,0,0,0
1,0,-,-,-,-,45.0,4500.0,2581.0,3.0,45.0,3645.0,8.0,-,1478,0,0,0,0
0,1,-,-,-,-,45.0,4500.0,2581.0,3.0,40.0,5062.0,5.0,-,1479,0,0,0,0
0,1,-,-,-,-,45.0,4500.0,2581.0,3.0,45.0,2205.0,4.5,-,1480,0,0,0,0
0,1,-,-,-,-,45.0,4500.0,2581.0,3.0,50.0,2450.0,6.0,-,1481,0,0,0,0
0,1,-,-,-,-,45.0,4500.0,2581.0,3.0,60.0,2940.0,6.0,-,1482,0,0,0,0
0,1,-,-,-,-,45.0,4500.0,2581.0,3.0,70.0,3430.0,8.0,-,1483,0,0,0,0
0,1,-,-,-,-,45.0,4500.0,2581.0,3.0,80.0,3920.0,7.5,-,1484,0,0,0,0
1,0,-,-,-,-,45.0,5500.0,1800.0,4.0,45.0,5062.0,7.0,-,1485,0,0,0,0
1,0,-,-,-,-,43.0,5300.0,1760.0,3.0,43.0,5062.0,7.0,-,1486,0,0,0,0
1,0,-,-,-,-,47.0,5800.0,1900.0,4.0,46.0,5062.0,8.0,-,1487,0,0,0,0
1,0,-,-,-,-,50.0,6000.0,2000.0,5.0,44.0,5062.0,7.5,-,1488,0,0,0,0
1,0,-,-,-,-,42.0,5100.0,1720.0,3.0,42.0,5062.0,6.0,-,1489,0,0,0,0
1,0,-,-,-,-,48.0,5900.0,1950.0,4.0,43.0,5062.0,6.5,-,1490,0,0,0,0
1,0,-,-,-,-,46.0,5700.0,1850.0,4.0,45.0,5062.0,6.5,-,1491,0,0,0,0
1,0,-,-,-,-,44.0,5400.0,1780.0,3.0,43.0,5062.0,7.0,-,1492,0,0,0,0
1,0,-,-,-,-,49.0,6100.0,2020.0,5.0,46.0,5062.0,8.0,-,1493,0,0,0,0
1,0,-,-,-,-,41.0,5000.0,1700.0,3.0,42.0,5062.0,6.0,-,1494,0,0,0,0
0,1,-,-,-,-,45.0,4500.0,2581.0,3.0,80.0,2000.0,5.7,-,1495,0,0,0,0
0,1,-,-,-,-,45.0,4500.0,2581.0,3.0,75.0,5062.0,6.0,-,1496,0,0,0,0
0,1,-,-,-,-,45.0,4500.0,2581.0,3.0,70.0,5062.0,6.0,-,1497,0,0,0,0
0,1,-,-,-,-,45.0,4500.0,2581.0,3.0,65.0,5062.0,5.0,-,1498,0,0,0,0
0,1,-,-,-,-,45.0,4500.0,2581.0,3.0,60.0,5062.0,4.5,-,1499,0,0,0,0
0,1,-,-,-,-,45.0,4500.0,2581.0,3.0,55.0,5062.0,4.4,-,1500,0,0,0,0
0,1,-,-,-,-,45.0,4500.0,2581.0,3.0,50.0,5062.0,5.0,-,1501,0,0,0,0
0,1,-,-,-,-,45.0,4500.0,2581.0,3.0,45.0,5062.0,4.5,-,1502,0,0,0,0
0,1,-,-,-,-,45.0,4500.0,2581.0,3.0,40.0,5062.0,3.5,-,1503,0,0,0,0
0,1,-,-,-,-,45.0,4500.0,2581.0,3.0,35.0,5062.0,4.0,-,1504,0,0,0,0
1,0,-,-,-,-,46.0,5650.0,1880.0,4.0,44.0,5062.0,7.0,-,1505,0,0,0,0
1,0,-,-,-,-,50.0,6200.0,2050.0,5.0,47.0,5062.0,8.0,-,1506,0,0,0,0
1,0,-,-,-,-,42.0,5150.0,1750.0,3.0,43.0,5062.0,5.4,-,1507,0,0,0,0
1,0,-,-,-,-,48.0,6000.0,1950.0,4.0,45.0,5062.0,6.5,-,1508,0,0,0,0
1,0,-,-,-,-,44.0,5350.0,1800.0,3.0,42.0,5062.0,6.0,-,1509,0,0,0,0
0,1,-,-,-,-,45.0,4500.0,2581.0,3.0,85.0,2125.0,7.0,-,1510,0,0,0,0
0,1,-,-,-,-,45.0,4500.0,2581.0,3.0,75.0,5062.0,6.0,-,1511,0,0,0,0
0,1,-,-,-,-,45.0,4500.0,2581.0,3.0,70.0,5062.0,6.0,-,1512,0,0,0,0
0,1,-,-,-,-,45.0,4500.0,2581.0,3.0,60.0,5062.0,5.0,-,1513,0,0,0,0
0,1,-,-,-,-,45.0,4500.0,2581.0,3.0,50.0,5062.0,5.0,-,1514,0,0,0,0
1,0,-,-,-,-,45.0,4500.0,3000.0,4.0,45.0,3645.0,6.0,-,1515,0,0,0,0
1,0,-,-,-,-,45.0,4500.0,3600.0,4.0,45.0,3645.0,7.0,-,1516,0,0,0,0
1,0,-,-,-,-,45.0,4500.0,4200.0,4.0,45.0,3645.0,8.0,-,1517,0,0,0,0
1,0,-,-,-,-,45.0,4500.0,3200.0,4.0,43.0,3500.0,6.0,-,1518,0,0,0,0
0,1,-,-,-,-,45.0,4500.0,2581.0,3.0,75.0,5062.0,5.5,-,1519,0,0,0,0
1,0,-,-,-,-,45.0,4500.0,4000.0,4.0,45.0,3645.0,8.0,-,1520,0,0,0,0
0,1,-,-,-,-,45.0,4500.0,2581.0,3.0,50.0,5062.0,4.2,-,1521,0,0,0,0
1,0,-,-,-,-,45.0,4500.0,3500.0,4.0,43.0,3500.0,6.3,-,1522,0,0,0,0
0,1,-,-,-,-,45.0,4500.0,2581.0,3.0,60.0,5062.0,5.0,-,1523,0,0,0,0
1,0,-,-,-,-,45.0,4500.0,3800.0,4.0,45.0,3645.0,8.0,-,1524,0,0,0,0
0,1,-,-,-,-,45.0,4500.0,2581.0,3.0,40.0,5062.0,4.0,-,1525,0,0,0,0
1,0,-,-,-,-,45.0,4500.0,3000.0,7.0,45.0,3645.0,6.0,-,1526,0,0,0,0
0,1,-,-,-,-,45.0,4500.0,2581.0,3.0,85.0,2125.0,7.0,-,1527,0,0,0,0
1,0,-,-,-,-,45.0,4500.0,1000.0,5.0,40.0,3140.0,5.9,-,1528,0,0,0,0
1,0,-,-,-,-,45.0,4500.0,1000.0,5.0,30.0,2355.0,6.5,-,1529,0,0,0,0
1,0,-,-,-,-,44.0,5400.0,1800.0,4.0,44.0,5062.0,7.0,-,1530,0,0,0,0
0,1,-,-,-,-,45.0,4500.0,2581.0,3.0,55.0,5062.0,4.1,-,1531,0,0,0,0
1,0,-,-,-,-,46.0,5700.0,1850.0,4.0,46.0,5062.0,7.0,-,1532,0,0,0,0
0,1,-,-,-,-,45.0,4500.0,2581.0,3.0,70.0,5062.0,6.0,-,1533,0,0,0,0
1,0,-,-,-,-,48.0,5900.0,1950.0,4.0,45.0,5062.0,7.0,-,1534,0,0,0,0
0,1,-,-,-,-,45.0,4500.0,2581.0,3.0,80.0,2000.0,6.0,-,1535,0,0,0,0
1,0,-,-,-,-,50.0,6100.0,2020.0,5.0,47.0,5062.0,8.0,-,1536,0,0,0,0
0,1,-,-,-,-,45.0,4500.0,2581.0,3.0,40.0,5062.0,4.0,-,1537,0,0,0,0
1,0,-,-,-,-,42.0,5100.0,1720.0,3.0,42.0,5062.0,6.0,-,1538,0,0,0,0
0,1,-,-,-,-,45.0,4500.0,2581.0,3.0,60.0,5062.0,4.5,-,1539,0,0,0,0
1,0,-,-,-,-,45.0,5500.0,1800.0,4.0,45.0,5062.0,6.8,-,1540,0,0,0,0
0,1,-,-,-,-,45.0,4500.0,2581.0,3.0,50.0,5062.0,5.0,-,1541,0,0,0,0
1,0,-,-,-,-,49.0,6000.0,2000.0,5.0,46.0,5062.0,8.0,-,1542,0,0,0,0
0,1,-,-,-,-,45.0,4500.0,2581.0,3.0,65.0,5062.0,5.0,-,1543,0,0,0,0
1,0,-,-,-,-,47.0,5800.0,1900.0,4.0,45.0,5062.0,7.0,-,1544,0,0,0,0
0,1,-,-,-,-,45.0,4500.0,2581.0,3.0,75.0,5062.0,5.8,-,1545,0,0,0,0
1,0,-,-,-,-,43.0,5300.0,1760.0,3.0,43.0,5062.0,7.0,-,1546,0,0,0,0
0,1,-,-,-,-,45.0,4500.0,2581.0,3.0,85.0,2125.0,7.0,-,1547,0,0,0,0
1,0,-,-,-,-,41.0,5000.0,1700.0,3.0,42.0,5062.0,5.8,-,1548,0,0,0,0
0,1,-,-,-,-,45.0,4500.0,2581.0,3.0,45.0,5062.0,4.3,-,1549,0,0,0,0
1,0,-,-,-,-,45.0,4500.0,2581.0,2.0,25.0,5062.0,3.5,-,1550,0,0,0,0
1,0,-,-,-,-,37.0,5772.0,2132.0,3.0,43.0,2064.0,8.2,-,1551,0,0,0,0
1,0,-,-,-,-,45.0,4500.0,2581.0,2.0,50.0,5062.0,4.9,-,1552,0,0,0,0
1,0,-,-,-,-,45.0,4500.0,2581.0,2.0,45.0,5062.0,5.0,-,1553,0,0,0,0
1,0,-,-,-,-,45.0,4500.0,2581.0,2.0,40.0,5062.0,4.0,-,1554,0,0,0,0
1,0,-,-,-,-,45.0,4500.0,2581.0,2.0,35.0,5062.0,4.0,-,1555,0,0,0,0
1,0,-,-,-,-,45.0,4500.0,2581.0,2.0,25.0,5062.0,4.0,-,1556,0,0,0,0
1,0,-,-,-,-,45.0,4500.0,2581.0,2.0,50.0,3200.0,6.6,-,1557,0,0,0,0
1,0,-,-,-,-,45.0,4500.0,2581.0,2.0,45.0,2880.0,7.0,-,1558,0,0,0,0
1,0,-,-,-,-,45.0,4500.0,2581.0,2.0,40.0,2560.0,6.0,-,1559,0,0,0,0
1,0,-,-,-,-,47.0,5800.0,2000.0,4.0,45.0,3600.0,6.2,-,1560,0,0,0,0
1,0,-,-,-,-,49.0,6100.0,2100.0,5.0,46.0,3700.0,8.0,-,1561,0,0,0,0
0,1,-,-,-,-,45.0,4500.0,2581.0,3.0,65.0,5062.0,5.0,-,1562,0,0,0,0
0,1,-,-,-,-,45.0,4500.0,2581.0,3.0,55.0,5062.0,5.0,-,1563,0,0,0,0
1,0,-,-,-,-,43.0,5300.0,1850.0,3.0,42.0,5062.0,5.2,-,1564,0,0,0,0
1,0,-,-,-,-,45.0,5500.0,1900.0,4.0,44.0,5062.0,5.5,-,1565,0,0,0,0
0,1,-,-,-,-,45.0,4500.0,2581.0,3.0,70.0,5062.0,6.0,-,1566,0,0,0,0
0,1,-,-,-,-,45.0,4500.0,2581.0,3.0,50.0,5062.0,5.0,-,1567,0,0,0,0
1,0,-,-,-,-,45.0,4500.0,3700.0,4.0,43.0,3500.0,6.6,-,1568,0,0,0,0
1,0,-,-,-,-,45.0,4500.0,3900.0,4.0,45.0,3645.0,8.0,-,1569,0,0,0,0
0,1,-,-,-,-,45.0,4500.0,2581.0,3.0,85.0,2125.0,7.0,-,1570,0,0,0,0
0,1,-,-,-,-,45.0,4500.0,2581.0,3.0,40.0,5062.0,4.0,-,1571,0,0,0,0
1,0,-,-,-,-,50.0,6200.0,2150.0,5.0,47.0,3700.0,8.0,-,1572,0,0,0,0
1,0,-,-,-,-,42.0,5100.0,1750.0,3.0,43.0,5062.0,6.0,-,1573,0,0,0,0
0,1,-,-,-,-,45.0,4500.0,2581.0,3.0,60.0,5062.0,5.0,-,1574,0,0,0,0
1,0,-,-,-,-,46.0,5600.0,1900.0,4.0,45.0,3600.0,6.3,-,1575,0,0,0,0
1,0,-,-,-,-,48.0,6000.0,2000.0,4.0,46.0,3645.0,7.0,-,1576,0,0,0,0
1,0,-,-,-,-,44.0,5400.0,1800.0,3.0,42.0,5062.0,6.0,-,1577,0,0,0,0
1,0,-,-,-,-,49.0,6100.0,2100.0,5.0,47.0,3700.0,8.0,-,1578,0,0,0,0
1,0,-,-,-,-,43.0,5200.0,1750.0,3.0,43.0,5062.0,6.0,-,1579,0,0,0,0
1,0,-,-,-,-,47.0,5800.0,1950.0,4.0,45.0,3600.0,6.8,-,1580,0,0,0,0
1,0,-,-,-,-,50.0,6300.0,2200.0,5.0,47.0,3700.0,8.0,-,1581,0,0,0,0
1,0,-,-,-,-,45.0,4500.0,3500.0,4.0,45.0,3645.0,7.0,-,1582,0,0,0,0
1,0,-,-,-,-,45.0,4500.0,3700.0,4.0,45.0,3645.0,8.0,-,1583,0,0,0,0
1,0,-,-,-,-,45.0,4500.0,3300.0,4.0,43.0,3500.0,5.6,-,1584,0,0,0,0
0,1,-,-,-,-,45.0,4500.0,2581.0,3.0,55.0,5062.0,5.0,-,1585,0,0,0,0
0,1,-,-,-,-,45.0,4500.0,2581.0,3.0,60.0,5062.0,5.0,-,1586,0,0,0,0
0,1,-,-,-,-,45.0,4500.0,2581.0,3.0,75.0,5062.0,5.1,-,1587,0,0,0,0
0,1,-,-,-,-,45.0,4500.0,2581.0,3.0,40.0,5062.0,4.0,-,1588,0,0,0,0
0,1,-,-,-,-,45.0,4500.0,2581.0,3.0,85.0,2125.0,7.0,-,1589,0,0,0,0
0,1,-,-,-,-,45.0,4500.0,2581.0,3.0,50.0,5062.0,5.0,-,1590,0,0,0,0
0,1,-,-,-,-,45.0,4500.0,2581.0,3.0,70.0,5062.0,5.6,-,1591,0,0,0,0
0,1,-,-,-,-,45.0,4500.0,2581.0,3.0,45.0,5062.0,4.3,-,1592,0,0,0,0
0,1,-,-,-,-,45.0,4500.0,2581.0,3.0,65.0,5062.0,4.2,-,1593,0,0,0,0
0,1,-,-,-,-,45.0,4500.0,2581.0,3.0,55.0,5062.0,4.5,-,1594,0,0,0,0
1,0,-,-,-,-,45.0,4500.0,1200.0,3.0,43.0,5062.0,4.0,-,1595,0,0,0,0
1,0,-,-,-,-,43.0,5289.0,1763.0,3.0,43.0,5062.0,6.5,-,1596,0,0,0,0
1,0,-,-,-,-,47.0,4500.0,1763.0,2.0,43.0,5062.0,4.5,-,1597,0,0,0,0
1,0,-,-,-,-,45.0,4500.0,2581.0,3.0,22.0,5062.0,1.7,-,1598,0,0,0,0
1,0,-,-,-,-,45.0,4500.0,2581.0,3.0,24.0,5062.0,2.0,-,1599,0,0,0,0
1,0,-,-,-,-,45.0,4500.0,2581.0,3.0,27.0,5062.0,1.2,-,1600,0,0,0,0
1,0,-,-,-,-,45.0,4500.0,2581.0,3.0,42.0,5062.0,2.0,-,1601,0,0,0,0
1,0,-,-,-,-,45.0,4500.0,2581.0,2.0,23.0,5062.0,1.5,-,1602,0,0,0,0
1,0,-,-,-,-,45.0,4500.0,2581.0,2.0,25.0,5062.0,3.0,-,1603,0,0,0,0
1,0,-,-,-,-,45.0,4500.0,2581.0,2.0,28.0,5062.0,3.0,-,1604,0,0,0,0
1,0,-,-,-,-,45.0,4500.0,2581.0,2.0,33.0,5062.0,2.5,-,1605,0,0,0,0
1,0,-,-,-,-,45.0,4500.0,2581.0,2.0,38.0,5062.0,4.0,-,1606,0,0,0,0
1,0,-,-,-,-,45.0,4500.0,2581.0,2.0,43.0,5062.0,4.5,-,1607,0,0,0,0
1,0,-,-,-,-,45.0,4500.0,2581.0,2.0,43.0,2752.0,5.0,-,1608,0,0,0,0
0,1,-,-,-,-,45.0,4500.0,2581.0,3.0,25.0,5062.0,4.5,-,1609,0,0,0,0
0,1,-,-,-,-,45.0,4500.0,2581.0,3.0,45.0,5062.0,5.0,-,1610,0,0,0,0
0,1,-,-,-,-,45.0,4500.0,2581.0,3.0,50.0,5062.0,5.0,-,1611,0,0,0,0
0,1,-,-,-,-,45.0,4500.0,2581.0,3.0,60.0,2160.0,5.0,-,1612,0,0,0,0
0,1,-,-,-,-,45.0,4500.0,2581.0,3.0,70.0,2520.0,5.0,-,1613,0,0,0,0
0,1,-,-,-,-,45.0,4500.0,2581.0,3.0,80.0,2880.0,5.0,-,1614,0,0,0,0
0,1,-,-,-,-,45.0,4500.0,2581.0,3.0,25.0,5062.0,2.5,-,1615,0,0,0,0
0,1,-,-,-,-,45.0,4500.0,2581.0,3.0,30.0,5062.0,2.9,-,1616,0,0,0,0
0,1,-,-,-,-,45.0,4500.0,2581.0,3.0,35.0,2240.0,3.0,-,1617,0,0,0,0
0,1,-,-,-,-,45.0,4500.0,2581.0,3.0,40.0,2560.0,3.0,-,1618,0,0,0,0
0,1,-,-,-,-,45.0,4500.0,2581.0,3.0,45.0,2880.0,3.0,-,1619,0,0,0,0
0,1,-,-,-,-,45.0,4500.0,2581.0,3.0,50.0,3200.0,3.0,-,1620,0,0,0,0
0,1,-,-,-,-,45.0,4500.0,2581.0,3.0,30.0,5062.0,2.0,-,1621,0,0,0,0
0,1,-,-,-,-,45.0,4500.0,2581.0,3.0,40.0,5062.0,1.4,-,1622,0,0,0,0
0,1,-,-,-,-,45.0,4500.0,2581.0,3.0,45.0,5062.0,2.0,-,1623,0,0,0,0
0,1,-,-,-,-,45.0,4500.0,2581.0,3.0,50.0,5062.0,2.1,-,1624,0,0,0,0
0,1,-,-,-,-,45.0,4500.0,2581.0,3.0,55.0,5062.0,3.0,-,1625,0,0,0,0
0,1,-,-,-,-,45.0,4500.0,2581.0,3.0,60.0,2160.0,2.2,-,1626,0,0,0,0
0,1,-,-,-,-,45.0,4500.0,2581.0,3.0,65.0,2340.0,3.1,-,1627,0,0,0,0
0,1,-,-,-,-,45.0,4500.0,2581.0,3.0,70.0,2520.0,4.0,-,1628,0,0,0,0
0,1,-,-,-,-,45.0,4500.0,2581.0,3.0,80.0,2880.0,5.0,-,1629,0,0,0,0
1,0,-,-,-,-,50.0,6750.0,1890.0,2.0,31.0,5062.0,4.0,-,1630,0,0,0,0
1,0,-,-,-,-,45.0,4500.0,2581.0,2.0,45.0,2064.0,2.0,-,1631,0,0,0,0
1,0,-,-,-,-,45.0,4500.0,2581.0,2.0,60.0,2784.0,2.6,-,1632,0,0,0,0
1,0,-,-,-,-,45.0,4500.0,2581.0,2.0,70.0,3264.0,3.0,-,1633,0,0,0,0
0,1,-,-,-,-,45.0,4500.0,2581.0,2.0,45.0,5062.0,1.6,-,1634,0,0,0,0
1,0,-,-,-,-,45.0,4500.0,2581.0,1.0,25.0,5062.0,3.0,-,1635,0,0,0,0
1,0,-,-,-,-,45.0,4500.0,2581.0,1.0,30.0,5062.0,2.5,-,1636,0,0,0,0
1,0,-,-,-,-,45.0,4500.0,2581.0,1.0,45.0,5062.0,3.0,-,1637,0,0,0,0
1,0,-,-,-,-,45.0,4500.0,2581.0,1.0,45.0,2880.0,3.2,-,1638,0,0,0,0
1,0,-,-,-,-,45.0,4500.0,2581.0,1.0,45.0,2880.0,3.5,-,1639,0,0,0,0
1,0,-,-,-,-,45.0,5500.0,1800.0,4.0,45.0,5062.0,7.0,-,1640,0,0,0,0
1,0,-,-,-,-,47.0,5800.0,1900.0,4.0,44.0,5062.0,7.0,-,1641,0,0,0,0
1,0,-,-,-,-,43.0,5300.0,1760.0,3.0,43.0,5062.0,6.0,-,1642,0,0,0,0
1,0,-,-,-,-,50.0,6000.0,2000.0,5.0,46.0,5062.0,8.0,-,1643,0,0,0,0
1,0,-,-,-,-,42.0,5100.0,1720.0,3.0,42.0,5062.0,5.6,-,1644,0,0,0,0
0,1,-,-,-,-,45.0,4500.0,2581.0,3.0,80.0,2000.0,5.6,-,1645,0,0,0,0
0,1,-,-,-,-,45.0,4500.0,2581.0,3.0,70.0,5062.0,6.0,-,1646,0,0,0,0
0,1,-,-,-,-,45.0,4500.0,2581.0,3.0,60.0,5062.0,4.5,-,1647,0,0,0,0
0,1,-,-,-,-,45.0,4500.0,2581.0,3.0,50.0,5062.0,5.0,-,1648,0,0,0,0
0,1,-,-,-,-,45.0,4500.0,2581.0,3.0,40.0,5062.0,3.5,-,1649,0,0,0,0
1,0,-,-,-,-,46.0,5650.0,1880.0,4.0,43.0,5062.0,7.0,-,1650,0,0,0,0
1,0,-,-,-,-,48.0,5900.0,1950.0,4.0,45.0,5062.0,6.8,-,1651,0,0,0,0
1,0,-,-,-,-,44.0,5400.0,1800.0,3.0,42.0,5062.0,6.0,-,1652,0,0,0,0
1,0,-,-,-,-,49.0,6100.0,2020.0,5.0,46.0,5062.0,8.0,-,1653,0,0,0,0
1,0,-,-,-,-,41.0,5000.0,1700.0,3.0,42.0,5062.0,6.0,-,1654,0,0,0,0
0,1,-,-,-,-,45.0,4500.0,2581.0,3.0,75.0,5062.0,6.0,-,1655,0,0,0,0
0,1,-,-,-,-,45.0,4500.0,2581.0,3.0,65.0,5062.0,5.0,-,1656,0,0,0,0
0,1,-,-,-,-,45.0,4500.0,2581.0,3.0,55.0,5062.0,5.0,-,1657,0,0,0,0
0,1,-,-,-,-,45.0,4500.0,2581.0,3.0,45.0,5062.0,5.0,-,1658,0,0,0,0
0,1,-,-,-,-,45.0,4500.0,2581.0,3.0,35.0,5062.0,4.0,-,1659,0,0,0,0
1,0,-,-,-,-,45.0,4500.0,3000.0,4.0,45.0,3645.0,6.0,-,1660,0,0,0,0
1,0,-,-,-,-,45.0,4500.0,3200.0,4.0,43.0,3500.0,6.0,-,1661,0,0,0,0
1,0,-,-,-,-,45.0,4500.0,3400.0,4.0,45.0,3600.0,7.0,-,1662,0,0,0,0
1,0,-,-,-,-,45.0,4500.0,3600.0,4.0,45.0,3645.0,7.0,-,1663,0,0,0,0
1,0,-,-,-,-,45.0,4500.0,3800.0,4.0,47.0,3680.0,8.0,-,1664,0,0,0,0
0,1,-,-,-,-,45.0,4500.0,2581.0,3.0,25.0,5062.0,5.0,-,1665,0,0,0,0
0,1,-,-,-,-,45.0,4500.0,2581.0,3.0,30.0,5062.0,5.0,-,1666,0,0,0,0
0,1,-,-,-,-,45.0,4500.0,2581.0,3.0,35.0,5062.0,5.0,-,1667,0,0,0,0
0,1,-,-,-,-,45.0,4500.0,2581.0,3.0,40.0,5062.0,4.4,-,1668,0,0,0,0
0,1,-,-,-,-,45.0,4500.0,2581.0,3.0,45.0,5062.0,4.5,-,1669,0,0,0,0
1,0,-,-,-,-,45.0,5500.0,1800.0,4.0,44.0,5062.0,6.5,-,1670,0,0,0,0
1,0,-,-,-,-,43.0,5300.0,1760.0,3.0,42.0,5062.0,6.0,-,1671,0,0,0,0
1,0,-,-,-,-,47.0,5800.0,1900.0,4.0,45.0,5062.0,7.0,-,1672,0,0,0,0
1,0,-,-,-,-,50.0,6200.0,2050.0,5.0,47.0,5062.0,8.0,-,1673,0,0,0,0
1,0,-,-,-,-,42.0,5100.0,1720.0,3.0,41.0,5062.0,6.0,-,1674,0,0,0,0
0,1,-,-,-,-,45.0,4500.0,2581.0,3.0,70.0,5062.0,5.9,-,1675,0,0,0,0
0,1,-,-,-,-,45.0,4500.0,2581.0,3.0,80.0,2000.0,6.0,-,1676,0,0,0,0
0,1,-,-,-,-,45.0,4500.0,2581.0,3.0,60.0,5062.0,5.0,-,1677,0,0,0,0
0,1,-,-,-,-,45.0,4500.0,2581.0,3.0,50.0,5062.0,5.0,-,1678,0,0,0,0
0,1,-,-,-,-,45.0,4500.0,2581.0,3.0,40.0,5062.0,3.5,-,1679,0,0,0,0
0,1,Gunnur Mid-Century Solid Wood Dining Chair,Wayfair,橡膠木,55.88×45.47×74.93,142.7,2569.0,2118.0,3.0,26.6,2380.0,6.075,https://www.wayfair.com/furniture/pdp/corrigan-studio-gunnur-mid-century-solid-wood-dining-chair-w004727522.html?piid=322007707&auctionId=aa3676dc-4513-409a-bfde-9fbd1fcae66d&adTypeId=1,5_aug1,0,0,0,0
0,1,Gunnur Mid-Century Solid Wood Dining Chair,Wayfair,橡膠木,55.88×45.47×74.93,148.8,2013.0,1970.0,3.0,26.6,2509.0,6.103,https://www.wayfair.com/furniture/pdp/corrigan-studio-gunnur-mid-century-solid-wood-dining-chair-w004727522.html?piid=322007707&auctionId=aa3676dc-4513-409a-bfde-9fbd1fcae66d&adTypeId=1,5_aug2,0,0,0,0
0,1,Gunnur Mid-Century Solid Wood Dining Chair,Wayfair,橡膠木,55.88×45.47×74.93,138.5,2487.0,2414.0,3.0,32.9,2828.0,5.946,https://www.wayfair.com/furniture/pdp/corrigan-studio-gunnur-mid-century-solid-wood-dining-chair-w004727522.html?piid=322007707&auctionId=aa3676dc-4513-409a-bfde-9fbd1fcae66d&adTypeId=1,5_aug3,0,0,0,0
0,1,Gunnur Mid-Century Solid Wood Dining Chair,Wayfair,橡膠木,55.88×45.47×74.93,134.3,2318.0,2445.0,3.0,29.4,2966.0,5.894,https://www.wayfair.com/furniture/pdp/corrigan-studio-gunnur-mid-century-solid-wood-dining-chair-w004727522.html?piid=322007707&auctionId=aa3676dc-4513-409a-bfde-9fbd1fcae66d&adTypeId=1,5_aug4,0,0,0,0
0,1,"Upholstered Faux Leather Seat Rattan Back Dining Chair, Solid Wood Frame Side Chair For Living Room",Wayfair,橡膠木,46.99×49.53×80.01,153.3,2722.0,2422.0,3.0,31.2,2428.0,4.617,https://www.wayfair.com/furniture/pdp/bay-isle-home-upholstered-faux-leather-seat-rattan-back-dining-chair-solid-wood-frame-side-chair-for-living-room-w112264390.html?piid=530162804%2C530162807&auctionId=a9f1bfe1-f5d3-4bad-bb97-b16129470040&adTypeId=1,10_aug1,0,0,0,0
0,1,"Upholstered Faux Leather Seat Rattan Back Dining Chair, Solid Wood Frame Side Chair For Living Room",Wayfair,橡膠木,46.99×49.53×80.01,123.6,3196.0,2985.0,3.0,29.2,2939.0,4.558,https://www.wayfair.com/furniture/pdp/bay-isle-home-upholstered-faux-leather-seat-rattan-back-dining-chair-solid-wood-frame-side-chair-for-living-room-w112264390.html?piid=530162804%2C530162807&auctionId=a9f1bfe1-f5d3-4bad-bb97-b16129470040&adTypeId=1,10_aug2,0,0,0,0
0,1,"Upholstered Faux Leather Seat Rattan Back Dining Chair, Solid Wood Frame Side Chair For Living Room",Wayfair,橡膠木,46.99×49.53×80.01,148.8,2737.0,2800.0,3.0,27.6,2673.0,4.502,https://www.wayfair.com/furniture/pdp/bay-isle-home-upholstered-faux-leather-seat-rattan-back-dining-chair-solid-wood-frame-side-chair-for-living-room-w112264390.html?piid=530162804%2C530162807&auctionId=a9f1bfe1-f5d3-4bad-bb97-b16129470040&adTypeId=1,10_aug3,0,0,0,0
0,1,"Upholstered Faux Leather Seat Rattan Back Dining Chair, Solid Wood Frame Side Chair For Living Room",Wayfair,橡膠木,46.99×49.53×80.01,152.8,3055.0,2635.0,3.0,25.8,2681.0,4.524,https://www.wayfair.com/furniture/pdp/bay-isle-home-upholstered-faux-leather-seat-rattan-back-dining-chair-solid-wood-frame-side-chair-for-living-room-w112264390.html?piid=530162804%2C530162807&auctionId=a9f1bfe1-f5d3-4bad-bb97-b16129470040&adTypeId=1,10_aug4,0,0,0,0
0,0,Nailhead Trim Fabric Upholstered Side Chair Wood Dining Chair (Set of 6),Wayfair,橡膠木,51.44×59.05×88.9,49.5,4459.0,2392.0,2.0,46.9,6935.0,5.805,https://www.wayfair.com/furniture/pdp/lark-manor-nailhead-trim-fabric-upholstered-side-chair-wood-dining-chair-set-of-6-w111193024.html?piid=590929695,30_aug1,0,1,0,0
0,0,Nailhead Trim Fabric Upholstered Side Chair Wood Dining Chair (Set of 6),Wayfair,橡膠木,51.44×59.05×88.9,41.7,5100.0,2650.0,2.0,48.8,7564.0,5.847,https://www.wayfair.com/furniture/pdp/lark-manor-nailhead-trim-fabric-upholstered-side-chair-wood-dining-chair-set-of-6-w111193024.html?piid=590929695,30_aug2,0,1,0,0
0,0,Nailhead Trim Fabric Upholstered Side Chair Wood Dining Chair (Set of 6),Wayfair,橡膠木,51.44×59.05×88.9,43.3,5119.0,2327.0,2.0,48.6,7098.0,5.865,https://www.wayfair.com/furniture/pdp/lark-manor-nailhead-trim-fabric-upholstered-side-chair-wood-dining-chair-set-of-6-w111193024.html?piid=590929695,30_aug3,0,1,0,0
0,0,Nailhead Trim Fabric Upholstered Side Chair Wood Dining Chair (Set of 6),Wayfair,橡膠木,51.44×59.05×88.9,40.8,4749.0,2361.0,2.0,42.6,5742.0,6.011,https://www.wayfair.com/furniture/pdp/lark-manor-nailhead-trim-fabric-upholstered-side-chair-wood-dining-chair-set-of-6-w111193024.html?piid=590929695,30_aug4,0,1,0,0
1,0,"Brendi 17"" Wide Scandinavian Mid-Century Modern Minimalist Solid Wood Spindle Back Dining Chairs",Wayfair,橡膠木,50.04×55.12×80.01,78.4,5134.0,2303.0,1.0,40.1,5503.0,6.068,https://www.wayfair.com/furniture/pdp/wade-logan-brendi-17-wide-scandinavian-mid-century-modern-minimalist-solid-wood-spindle-back-dining-chairs-w100383028.html?piid=118977947,41_aug1,0,1,1,0
1,0,"Brendi 17"" Wide Scandinavian Mid-Century Modern Minimalist Solid Wood Spindle Back Dining Chairs",Wayfair,橡膠木,50.04×55.12×80.01,70.7,5056.0,2345.0,1.0,50.4,5643.0,6.11,https://www.wayfair.com/furniture/pdp/wade-logan-brendi-17-wide-scandinavian-mid-century-modern-minimalist-solid-wood-spindle-back-dining-chairs-w100383028.html?piid=118977947,41_aug2,0,1,1,0
1,0,"Brendi 17"" Wide Scandinavian Mid-Century Modern Minimalist Solid Wood Spindle Back Dining Chairs",Wayfair,橡膠木,50.04×55.12×80.01,76.2,3968.0,2340.0,1.0,47.9,4531.0,6.038,https://www.wayfair.com/furniture/pdp/wade-logan-brendi-17-wide-scandinavian-mid-century-modern-minimalist-solid-wood-spindle-back-dining-chairs-w100383028.html?piid=118977947,41_aug3,0,1,1,0
1,0,"Brendi 17"" Wide Scandinavian Mid-Century Modern Minimalist Solid Wood Spindle Back Dining Chairs",Wayfair,橡膠木,50.04×55.12×80.01,75.8,4286.0,2706.0,1.0,48.1,4539.0,6.07,https://www.wayfair.com/furniture/pdp/wade-logan-brendi-17-wide-scandinavian-mid-century-modern-minimalist-solid-wood-spindle-back-dining-chairs-w100383028.html?piid=118977947,41_aug4,0,1,1,0
1,0,"Palen 62.25""H Arched Floor Lamp with Mixed-Material Shade",Wayfair,橡膠木,44.5×58.4×86,36.4,4087.0,2702.0,6.0,47.0,7301.0,5.909,https://www.wayfair.com/lighting/pdp/willa-arlo-interiors-palen-6225h-arched-floor-lamp-with-mixed-material-shade-w010969017.html,52_aug1,0,1,0,0
1,0,"Palen 62.25""H Arched Floor Lamp with Mixed-Material Shade",Wayfair,橡膠木,44.5×58.4×86,38.3,4920.0,2793.0,4.0,50.2,8335.0,5.862,https://www.wayfair.com/lighting/pdp/willa-arlo-interiors-palen-6225h-arched-floor-lamp-with-mixed-material-shade-w010969017.html,52_aug2,0,1,0,0
1,0,"Palen 62.25""H Arched Floor Lamp with Mixed-Material Shade",Wayfair,橡膠木,44.5×58.4×86,43.6,3893.0,2665.0,4.0,55.8,7366.0,5.848,https://www.wayfair.com/lighting/pdp/willa-arlo-interiors-palen-6225h-arched-floor-lamp-with-mixed-material-shade-w010969017.html,52_aug3,0,1,0,0
1,0,"Palen 62.25""H Arched Floor Lamp with Mixed-Material Shade",Wayfair,橡膠木,44.5×58.4×86,46.2,3893.0,2501.0,5.0,47.5,8651.0,5.959,https://www.wayfair.com/lighting/pdp/willa-arlo-interiors-palen-6225h-arched-floor-lamp-with-mixed-material-shade-w010969017.html,52_aug4,0,1,0,0
0,0,未知產品,Wayfair,橡木,2.54×2.54×2.54,39.1,4790.0,2602.0,3.0,2.4,5175.0,2.72,https://www.wayfair.com/furniture/pdp/birch-lane-arnell-annie-upholstered-dining-chair-goms1691.html?piid=105301848%2C104838653,54_aug1,0,0,0,0
0,0,未知產品,Wayfair,橡木,2.54×2.54×2.54,44.9,4441.0,2353.0,3.0,2.5,5758.0,2.694,https://www.wayfair.com/furniture/pdp/birch-lane-arnell-annie-upholstered-dining-chair-goms1691.html?piid=105301848%2C104838653,54_aug2,0,0,0,0
0,0,未知產品,Wayfair,橡木,2.54×2.54×2.54,47.5,5095.0,2708.0,3.0,2.7,4850.0,2.731,https://www.wayfair.com/furniture/pdp/birch-lane-arnell-annie-upholstered-dining-chair-goms1691.html?piid=105301848%2C104838653,54_aug3,0,0,0,0
0,0,未知產品,Wayfair,橡木,2.54×2.54×2.54,40.4,4548.0,2372.0,3.0,2.5,4927.0,2.695,https://www.wayfair.com/furniture/pdp/birch-lane-arnell-annie-upholstered-dining-chair-goms1691.html?piid=105301848%2C104838653,54_aug4,0,0,0,0
0,0,Basilina Vegan Leather Dining Chair with Rattan Back (Set of 4),Wayfair,橡木,59.0×63.5×92.71,51.7,2728.0,1898.0,5.0,61.6,2354.0,5.937,https://www.wayfair.com/furniture/pdp/bayou-breeze-basilina-vegan-leather-dining-chair-with-rattan-back-set-of-4-agak1053.html?piid=94398048,56_aug1,0,1,0,0
0,0,Basilina Vegan Leather Dining Chair with Rattan Back (Set of 4),Wayfair,橡木,59.0×63.5×92.71,50.1,2861.0,2510.0,5.0,47.5,1819.0,5.917,https://www.wayfair.com/furniture/pdp/bayou-breeze-basilina-vegan-leather-dining-chair-with-rattan-back-set-of-4-agak1053.html?piid=94398048,56_aug2,0,1,0,0
0,0,Basilina Vegan Leather Dining Chair with Rattan Back (Set of 4),Wayfair,橡木,59.0×63.5×92.71,48.8,3005.0,2514.0,5.0,48.3,2037.0,5.942,https://www.wayfair.com/furniture/pdp/bayou-breeze-basilina-vegan-leather-dining-chair-with-rattan-back-set-of-4-agak1053.html?piid=94398048,56_aug3,0,1,0,0
0,0,Basilina Vegan Leather Dining Chair with Rattan Back (Set of 4),Wayfair,橡木,59.0×63.5×92.71,49.5,3091.0,2261.0,5.0,56.4,2358.0,5.794,https://www.wayfair.com/furniture/pdp/bayou-breeze-basilina-vegan-leather-dining-chair-with-rattan-back-set-of-4-agak1053.html?piid=94398048,56_aug4,0,1,0,0
1,0,Nolea 17.67'' H Pine Solid Wood Side Chair,Wayfair,橡膠木,46.99×49.53×80.01,39.7,4584.0,3227.0,5.0,46.8,4806.0,4.482,https://www.wayfair.com/furniture/pdp/rosalind-wheeler-nolea-solid-wood-ladder-back-side-chair-w003326791.html?piid=2141397329,65_aug1,0,1,1,0
1,0,Nolea 17.67'' H Pine Solid Wood Side Chair,Wayfair,橡膠木,46.99×49.53×80.01,32.9,4949.0,3606.0,5.0,43.2,4487.0,4.45,https://www.wayfair.com/furniture/pdp/rosalind-wheeler-nolea-solid-wood-ladder-back-side-chair-w003326791.html?piid=2141397329,65_aug2,0,1,1,0
1,0,Nolea 17.67'' H Pine Solid Wood Side Chair,Wayfair,橡膠木,46.99×49.53×80.01,35.7,5173.0,3690.0,4.0,52.3,5490.0,4.452,https://www.wayfair.com/furniture/pdp/rosalind-wheeler-nolea-solid-wood-ladder-back-side-chair-w003326791.html?piid=2141397329,65_aug3,0,1,1,0
1,0,Nolea 17.67'' H Pine Solid Wood Side Chair,Wayfair,橡膠木,46.99×49.53×80.01,39.0,4231.0,3120.0,4.0,46.6,4948.0,4.502,https://www.wayfair.com/furniture/pdp/rosalind-wheeler-nolea-solid-wood-ladder-back-side-chair-w003326791.html?piid=2141397329,65_aug4,0,1,1,0
1,0,Upholstered Solid Wood Parsons Side Dining Chair,Wayfair,橡木,50.8×50.8×88.9,80.2,4854.0,2665.0,6.0,42.9,3050.0,5.379,https://www.wayfair.com/furniture/pdp/red-barrel-studio-upholstered-solid-wood-parsons-side-dining-chair-w112302067.html?piid=1447198348&auctionId=b43a4c3f-1e7c-426c-ba38-ee8d20c9858e&adTypeId=1,78_aug1,0,1,0,0
1,0,Upholstered Solid Wood Parsons Side Dining Chair,Wayfair,橡木,50.8×50.8×88.9,79.3,4569.0,2396.0,5.0,48.2,3097.0,5.403,https://www.wayfair.com/furniture/pdp/red-barrel-studio-upholstered-solid-wood-parsons-side-dining-chair-w112302067.html?piid=1447198348&auctionId=b43a4c3f-1e7c-426c-ba38-ee8d20c9858e&adTypeId=1,78_aug2,0,1,0,0
1,0,Upholstered Solid Wood Parsons Side Dining Chair,Wayfair,橡木,50.8×50.8×88.9,93.8,4297.0,2123.0,5.0,42.6,2895.0,5.512,https://www.wayfair.com/furniture/pdp/red-barrel-studio-upholstered-solid-wood-parsons-side-dining-chair-w112302067.html?piid=1447198348&auctionId=b43a4c3f-1e7c-426c-ba38-ee8d20c9858e&adTypeId=1,78_aug3,0,1,0,0
1,0,Upholstered Solid Wood Parsons Side Dining Chair,Wayfair,橡木,50.8×50.8×88.9,98.4,4122.0,2020.0,5.0,41.7,3197.0,5.345,https://www.wayfair.com/furniture/pdp/red-barrel-studio-upholstered-solid-wood-parsons-side-dining-chair-w112302067.html?piid=1447198348&auctionId=b43a4c3f-1e7c-426c-ba38-ee8d20c9858e&adTypeId=1,78_aug4,0,1,0,0
1,0,17.5'' H Solid Wood Side Chair,Wayfair,橡膠木,44.45×58.42×50.8,38.5,8019.0,2817.0,5.0,29.3,4507.0,5.8,https://www.wayfair.com/furniture/pdp/august-grove-solid-wood-cross-back-side-chair-w004997968.html?piid=1533713232,94_aug1,0,0,0,0
1,0,17.5'' H Solid Wood Side Chair,Wayfair,橡膠木,44.45×58.42×50.8,48.1,7715.0,2614.0,5.0,33.9,5528.0,5.786,https://www.wayfair.com/furniture/pdp/august-grove-solid-wood-cross-back-side-chair-w004997968.html?piid=1533713232,94_aug2,0,0,0,0
1,0,17.5'' H Solid Wood Side Chair,Wayfair,橡膠木,44.45×58.42×50.8,38.0,7714.0,2485.0,6.0,32.3,5755.0,5.83,https://www.wayfair.com/furniture/pdp/august-grove-solid-wood-cross-back-side-chair-w004997968.html?piid=1533713232,94_aug3,0,0,0,0
1,0,17.5'' H Solid Wood Side Chair,Wayfair,橡膠木,44.45×58.42×50.8,46.5,6976.0,2960.0,4.0,31.0,5507.0,5.884,https://www.wayfair.com/furniture/pdp/august-grove-solid-wood-cross-back-side-chair-w004997968.html?piid=1533713232,94_aug4,0,0,0,0
0,0,"Bronxton 17"" Wide Walnut Wood Country Farmhouse Cross Back Dining Chairs",Wayfair,橡膠木,49.53×57.15×97.79,42.8,5157.0,3007.0,3.0,42.9,5582.0,5.02,https://www.wayfair.com/furniture/pdp/gracie-oaks-bronxton-17-wide-walnut-wood-country-farmhouse-cross-back-dining-chairs-w110858869.html?piid=323251409,96_aug1,0,1,1,0
0,0,"Bronxton 17"" Wide Walnut Wood Country Farmhouse Cross Back Dining Chairs",Wayfair,橡膠木,49.53×57.15×97.79,42.0,3847.0,3161.0,2.0,42.1,5238.0,4.928,https://www.wayfair.com/furniture/pdp/gracie-oaks-bronxton-17-wide-walnut-wood-country-farmhouse-cross-back-dining-chairs-w110858869.html?piid=323251409,96_aug2,0,1,1,0
0,0,"Bronxton 17"" Wide Walnut Wood Country Farmhouse Cross Back Dining Chairs",Wayfair,橡膠木,49.53×57.15×97.79,39.2,4707.0,2664.0,2.0,44.3,5184.0,5.022,https://www.wayfair.com/furniture/pdp/gracie-oaks-bronxton-17-wide-walnut-wood-country-farmhouse-cross-back-dining-chairs-w110858869.html?piid=323251409,96_aug3,0,1,1,0
0,0,"Bronxton 17"" Wide Walnut Wood Country Farmhouse Cross Back Dining Chairs",Wayfair,橡膠木,49.53×57.15×97.79,46.1,4170.0,2697.0,2.0,48.4,5739.0,4.934,https://www.wayfair.com/furniture/pdp/gracie-oaks-bronxton-17-wide-walnut-wood-country-farmhouse-cross-back-dining-chairs-w110858869.html?piid=323251409,96_aug4,0,1,1,0
0,0,未知產品,Wayfair,實木,,41.7,3961.0,2663.0,3.0,2.6,5610.0,2.719,https://www.wayfair.com/furniture/pdp/gracie-oaks-upholstered-wooden-dining-chairs-w112147580.html?piid=1756808240,106_aug1,0,0,0,0
0,0,未知產品,Wayfair,實木,,40.1,4216.0,2707.0,3.0,2.5,5340.0,2.735,https://www.wayfair.com/furniture/pdp/gracie-oaks-upholstered-wooden-dining-chairs-w112147580.html?piid=1756808240,106_aug2,0,0,0,0
0,0,未知產品,Wayfair,實木,,50.1,4616.0,2797.0,2.0,2.6,5673.0,2.708,https://www.wayfair.com/furniture/pdp/gracie-oaks-upholstered-wooden-dining-chairs-w112147580.html?piid=1756808240,106_aug3,0,0,0,0
0,0,未知產品,Wayfair,實木,,48.8,4803.0,2240.0,3.0,2.2,5772.0,2.754,https://www.wayfair.com/furniture/pdp/gracie-oaks-upholstered-wooden-dining-chairs-w112147580.html?piid=1756808240,106_aug4,0,0,0,0
0,0,未知產品,Wayfair,橡木,41.91×29.84×158.12,139.6,3989.0,1286.0,3.0,43.0,5125.0,4.729,https://www.wayfair.com/furniture/pdp/birch-lane-niara-leather-side-chair-bl25808.html?piid=104827903,107_aug1,0,1,1,0
0,0,未知產品,Wayfair,橡木,41.91×29.84×158.12,139.2,4908.0,1407.0,3.0,54.8,4631.0,4.705,https://www.wayfair.com/furniture/pdp/birch-lane-niara-leather-side-chair-bl25808.html?piid=104827903,107_aug2,0,1,1,0
0,0,未知產品,Wayfair,橡木,41.91×29.84×158.12,144.3,4858.0,1419.0,3.0,55.7,5273.0,4.729,https://www.wayfair.com/furniture/pdp/birch-lane-niara-leather-side-chair-bl25808.html?piid=104827903,107_aug3,0,1,1,0
0,0,未知產品,Wayfair,橡木,41.91×29.84×158.12,154.6,3927.0,1075.0,3.0,49.1,5141.0,4.761,https://www.wayfair.com/furniture/pdp/birch-lane-niara-leather-side-chair-bl25808.html?piid=104827903,107_aug4,0,1,1,0
1,0,Gunnur Mid-Century Solid Wood Dining Chair,Wayfair,橡膠木,44.45×58.42×90.17,39.1,4467.0,2558.0,7.0,52.9,2186.0,5.924,https://www.wayfair.com/furniture/pdp/corrigan-studio-gunnur-mid-century-solid-wood-dining-chair-w004727522.html?piid=322007707&auctionId=363aea16-8114-464c-b001-3699a7971d69&adTypeId=1,111_aug1,0,1,0,0
1,0,Gunnur Mid-Century Solid Wood Dining Chair,Wayfair,橡膠木,44.45×58.42×90.17,46.9,4994.0,2883.0,7.0,41.6,2060.0,5.848,https://www.wayfair.com/furniture/pdp/corrigan-studio-gunnur-mid-century-solid-wood-dining-chair-w004727522.html?piid=322007707&auctionId=363aea16-8114-464c-b001-3699a7971d69&adTypeId=1,111_aug2,0,1,0,0
1,0,Gunnur Mid-Century Solid Wood Dining Chair,Wayfair,橡膠木,44.45×58.42×90.17,47.0,4701.0,2257.0,7.0,43.3,2306.0,5.956,https://www.wayfair.com/furniture/pdp/corrigan-studio-gunnur-mid-century-solid-wood-dining-chair-w004727522.html?piid=322007707&auctionId=363aea16-8114-464c-b001-3699a7971d69&adTypeId=1,111_aug3,0,1,0,0
1,0,Gunnur Mid-Century Solid Wood Dining Chair,Wayfair,橡膠木,44.45×58.42×90.17,46.4,5095.0,2350.0,7.0,44.5,2125.0,5.998,https://www.wayfair.com/furniture/pdp/corrigan-studio-gunnur-mid-century-solid-wood-dining-chair-w004727522.html?piid=322007707&auctionId=363aea16-8114-464c-b001-3699a7971d69&adTypeId=1,111_aug4,0,1,0,0
0,0,"Upholstered Barrel Dining Chair With Hollow Back, Modern Solid Wood Dining Chair, Comfy Side Chair For Dining Room/Living Room",Wayfair,橡膠木,55.88×45.47×74.93,34.6,4822.0,1668.0,4.0,35.3,3039.0,6.042,https://www.wayfair.com/furniture/pdp/orren-ellis-upholstered-barrel-dining-chair-with-hollow-back-modern-solid-wood-dining-chair-comfy-side-chair-for-dining-roomliving-room-w112213206.html?piid=2016642510%2C2026682419&auctionId=42f7ff77-baca-456b-9113-d2a1897c73d7&adTypeId=1,116_aug1,0,1,0,0
0,0,"Upholstered Barrel Dining Chair With Hollow Back, Modern Solid Wood Dining Chair, Comfy Side Chair For Dining Room/Living Room",Wayfair,橡膠木,55.88×45.47×74.93,30.9,4800.0,1829.0,5.0,43.6,2918.0,6.033,https://www.wayfair.com/furniture/pdp/orren-ellis-upholstered-barrel-dining-chair-with-hollow-back-modern-solid-wood-dining-chair-comfy-side-chair-for-dining-roomliving-room-w112213206.html?piid=2016642510%2C2026682419&auctionId=42f7ff77-baca-456b-9113-d2a1897c73d7&adTypeId=1,116_aug2,0,1,0,0
0,0,"Upholstered Barrel Dining Chair With Hollow Back, Modern Solid Wood Dining Chair, Comfy Side Chair For Dining Room/Living Room",Wayfair,橡膠木,55.88×45.47×74.93,36.5,5164.0,1595.0,5.0,36.5,2738.0,6.036,https://www.wayfair.com/furniture/pdp/orren-ellis-upholstered-barrel-dining-chair-with-hollow-back-modern-solid-wood-dining-chair-comfy-side-chair-for-dining-roomliving-room-w112213206.html?piid=2016642510%2C2026682419&auctionId=42f7ff77-baca-456b-9113-d2a1897c73d7&adTypeId=1,116_aug3,0,1,0,0
0,0,"Upholstered Barrel Dining Chair With Hollow Back, Modern Solid Wood Dining Chair, Comfy Side Chair For Dining Room/Living Room",Wayfair,橡膠木,55.88×45.47×74.93,38.0,4358.0,1512.0,5.0,40.1,2816.0,5.926,https://www.wayfair.com/furniture/pdp/orren-ellis-upholstered-barrel-dining-chair-with-hollow-back-modern-solid-wood-dining-chair-comfy-side-chair-for-dining-roomliving-room-w112213206.html?piid=2016642510%2C2026682419&auctionId=42f7ff77-baca-456b-9113-d2a1897c73d7&adTypeId=1,116_aug4,0,1,0,0
1,0,Sachelle Solid wood and upholstered white Side Chair Dining Chair,Wayfair,橡膠木,46.99×49.53×80.01,38.1,3836.0,3472.0,5.0,43.7,5219.0,4.571,https://www.wayfair.com/furniture/pdp/corrigan-studio-sachelle-solid-wood-and-upholstered-white-side-chair-dining-chair-w112995688.html?auctionId=42f7ff77-baca-456b-9113-d2a1897c73d7&adTypeId=1,118_aug1,0,1,1,0
1,0,Sachelle Solid wood and upholstered white Side Chair Dining Chair,Wayfair,橡膠木,46.99×49.53×80.01,37.3,4427.0,3274.0,6.0,50.6,4791.0,4.468,https://www.wayfair.com/furniture/pdp/corrigan-studio-sachelle-solid-wood-and-upholstered-white-side-chair-dining-chair-w112995688.html?auctionId=42f7ff77-baca-456b-9113-d2a1897c73d7&adTypeId=1,118_aug2,0,1,1,0
1,0,Sachelle Solid wood and upholstered white Side Chair Dining Chair,Wayfair,橡膠木,46.99×49.53×80.01,31.0,3952.0,3517.0,4.0,44.7,5447.0,4.503,https://www.wayfair.com/furniture/pdp/corrigan-studio-sachelle-solid-wood-and-upholstered-white-side-chair-dining-chair-w112995688.html?auctionId=42f7ff77-baca-456b-9113-d2a1897c73d7&adTypeId=1,118_aug3,0,1,1,0
1,0,Sachelle Solid wood and upholstered white Side Chair Dining Chair,Wayfair,橡膠木,46.99×49.53×80.01,38.4,4831.0,3170.0,5.0,50.5,4906.0,4.487,https://www.wayfair.com/furniture/pdp/corrigan-studio-sachelle-solid-wood-and-upholstered-white-side-chair-dining-chair-w112995688.html?auctionId=42f7ff77-baca-456b-9113-d2a1897c73d7&adTypeId=1,118_aug4,0,1,1,0
0,0,Delphine 17'' H Solid Wood Side Chair,Wayfair,橡膠木,48.51×63.5×101.6,102.2,5069.0,3603.0,7.0,50.9,4951.0,5.691,https://www.wayfair.com/furniture/pdp/kelly-clarkson-home-delphine-solid-wood-side-chair-w100153071.html?piid=1398932635&auctionId=42f7ff77-baca-456b-9113-d2a1897c73d7&adTypeId=1,145_aug1,0,1,1,0
0,0,Delphine 17'' H Solid Wood Side Chair,Wayfair,橡膠木,48.51×63.5×101.6,108.7,4520.0,3784.0,8.0,50.0,4532.0,5.746,https://www.wayfair.com/furniture/pdp/kelly-clarkson-home-delphine-solid-wood-side-chair-w100153071.html?piid=1398932635&auctionId=42f7ff77-baca-456b-9113-d2a1897c73d7&adTypeId=1,145_aug2,0,1,1,0
0,0,Delphine 17'' H Solid Wood Side Chair,Wayfair,橡膠木,48.51×63.5×101.6,114.9,4010.0,3446.0,7.0,52.0,5399.0,5.589,https://www.wayfair.com/furniture/pdp/kelly-clarkson-home-delphine-solid-wood-side-chair-w100153071.html?piid=1398932635&auctionId=42f7ff77-baca-456b-9113-d2a1897c73d7&adTypeId=1,145_aug3,0,1,1,0
0,0,Delphine 17'' H Solid Wood Side Chair,Wayfair,橡膠木,48.51×63.5×101.6,113.1,4069.0,3766.0,8.0,45.8,4543.0,5.595,https://www.wayfair.com/furniture/pdp/kelly-clarkson-home-delphine-solid-wood-side-chair-w100153071.html?piid=1398932635&auctionId=42f7ff77-baca-456b-9113-d2a1897c73d7&adTypeId=1,145_aug4,0,1,1,0
0,0,未知產品,Wayfair,橡木,41.91×29.84×158.12,165.8,4568.0,1110.0,1.0,137.8,5432.0,4.79,https://www.wayfair.com/furniture/pdp/birch-lane-sharlene-swivel-side-chair-kkah1321.html?piid=89471359,162_aug1,0,1,1,0
0,0,未知產品,Wayfair,橡木,41.91×29.84×158.12,137.2,4581.0,1096.0,1.0,177.4,5363.0,4.831,https://www.wayfair.com/furniture/pdp/birch-lane-sharlene-swivel-side-chair-kkah1321.html?piid=89471359,162_aug2,0,1,1,0
0,0,未知產品,Wayfair,橡木,41.91×29.84×158.12,172.9,4944.0,1278.0,1.0,144.7,4800.0,4.774,https://www.wayfair.com/furniture/pdp/birch-lane-sharlene-swivel-side-chair-kkah1321.html?piid=89471359,162_aug3,0,1,1,0
0,0,未知產品,Wayfair,橡木,41.91×29.84×158.12,142.6,4174.0,1240.0,1.0,162.3,5705.0,4.797,https://www.wayfair.com/furniture/pdp/birch-lane-sharlene-swivel-side-chair-kkah1321.html?piid=89471359,162_aug4,0,1,1,0
0,0,Criselle Upholstered Solid Back Parsons Chair,Wayfair,橡木,59.0×63.5×92.71,47.2,4612.0,1226.0,5.0,60.4,4680.0,5.804,https://www.wayfair.com/furniture/pdp/red-barrel-studio-criselle-upholstered-solid-back-parsons-chair-w100140598.html?piid=1647227664,167_aug1,0,1,1,0
0,0,Criselle Upholstered Solid Back Parsons Chair,Wayfair,橡木,59.0×63.5×92.71,48.4,4062.0,1183.0,4.0,48.1,4566.0,5.795,https://www.wayfair.com/furniture/pdp/red-barrel-studio-criselle-upholstered-solid-back-parsons-chair-w100140598.html?piid=1647227664,167_aug2,0,1,1,0
0,0,Criselle Upholstered Solid Back Parsons Chair,Wayfair,橡木,59.0×63.5×92.71,47.1,4955.0,1183.0,6.0,49.4,4797.0,5.818,https://www.wayfair.com/furniture/pdp/red-barrel-studio-criselle-upholstered-solid-back-parsons-chair-w100140598.html?piid=1647227664,167_aug3,0,1,1,0
0,0,Criselle Upholstered Solid Back Parsons Chair,Wayfair,橡木,59.0×63.5×92.71,46.6,4392.0,1272.0,6.0,54.7,5256.0,6.003,https://www.wayfair.com/furniture/pdp/red-barrel-studio-criselle-upholstered-solid-back-parsons-chair-w100140598.html?piid=1647227664,167_aug4,0,1,1,0
1,0,"Modern Upholstered Dining Chairs, Linen Fabric Parsons Kitchen Chairs, High Back Side Chairs With Solid Wood Legs",Wayfair,橡膠木,55.88×45.47×74.93,31.8,2316.0,2750.0,3.0,36.7,4874.0,5.982,https://www.wayfair.com/furniture/pdp/wildon-home-modern-upholstered-dining-chairs-linen-fabric-parsons-kitchen-chairs-high-back-side-chairs-with-solid-wood-legs-w113467577.html?piid=1781801913&auctionId=45ad5ea8-43a0-4815-acb4-08167a6fdf2e&adTypeId=1,170_aug1,0,0,1,0
1,0,"Modern Upholstered Dining Chairs, Linen Fabric Parsons Kitchen Chairs, High Back Side Chairs With Solid Wood Legs",Wayfair,橡膠木,55.88×45.47×74.93,33.0,2185.0,2910.0,3.0,40.4,5335.0,6.085,https://www.wayfair.com/furniture/pdp/wildon-home-modern-upholstered-dining-chairs-linen-fabric-parsons-kitchen-chairs-high-back-side-chairs-with-solid-wood-legs-w113467577.html?piid=1781801913&auctionId=45ad5ea8-43a0-4815-acb4-08167a6fdf2e&adTypeId=1,170_aug2,0,0,1,0
1,0,"Modern Upholstered Dining Chairs, Linen Fabric Parsons Kitchen Chairs, High Back Side Chairs With Solid Wood Legs",Wayfair,橡膠木,55.88×45.47×74.93,30.1,2237.0,2614.0,3.0,35.0,5797.0,5.979,https://www.wayfair.com/furniture/pdp/wildon-home-modern-upholstered-dining-chairs-linen-fabric-parsons-kitchen-chairs-high-back-side-chairs-with-solid-wood-legs-w113467577.html?piid=1781801913&auctionId=45ad5ea8-43a0-4815-acb4-08167a6fdf2e&adTypeId=1,170_aug3,0,0,1,0
1,0,"Modern Upholstered Dining Chairs, Linen Fabric Parsons Kitchen Chairs, High Back Side Chairs With Solid Wood Legs",Wayfair,橡膠木,55.88×45.47×74.93,32.4,2268.0,2329.0,3.0,46.1,4931.0,6.098,https://www.wayfair.com/furniture/pdp/wildon-home-modern-upholstered-dining-chairs-linen-fabric-parsons-kitchen-chairs-high-back-side-chairs-with-solid-wood-legs-w113467577.html?piid=1781801913&auctionId=45ad5ea8-43a0-4815-acb4-08167a6fdf2e&adTypeId=1,170_aug4,0,0,1,0
0,0,"Upholstered Faux Leather Seat Rattan Back Dining Chair, Solid Wood Frame Side Chair For Living Room",Wayfair,橡膠木,43.81×53.34×85.09,40.0,4474.0,1233.0,2.0,48.8,3703.0,5.765,https://www.wayfair.com/furniture/pdp/bay-isle-home-upholstered-faux-leather-seat-rattan-back-dining-chair-solid-wood-frame-side-chair-for-living-room-w112264390.html?piid=530162804%2C530162807&auctionId=45ad5ea8-43a0-4815-acb4-08167a6fdf2e&adTypeId=1,171_aug1,0,1,0,0
0,0,"Upholstered Faux Leather Seat Rattan Back Dining Chair, Solid Wood Frame Side Chair For Living Room",Wayfair,橡膠木,43.81×53.34×85.09,31.6,4928.0,1286.0,2.0,45.5,4245.0,5.742,https://www.wayfair.com/furniture/pdp/bay-isle-home-upholstered-faux-leather-seat-rattan-back-dining-chair-solid-wood-frame-side-chair-for-living-room-w112264390.html?piid=530162804%2C530162807&auctionId=45ad5ea8-43a0-4815-acb4-08167a6fdf2e&adTypeId=1,171_aug2,0,1,0,0
0,0,"Upholstered Faux Leather Seat Rattan Back Dining Chair, Solid Wood Frame Side Chair For Living Room",Wayfair,橡膠木,43.81×53.34×85.09,34.2,4625.0,1101.0,2.0,40.8,3758.0,5.787,https://www.wayfair.com/furniture/pdp/bay-isle-home-upholstered-faux-leather-seat-rattan-back-dining-chair-solid-wood-frame-side-chair-for-living-room-w112264390.html?piid=530162804%2C530162807&auctionId=45ad5ea8-43a0-4815-acb4-08167a6fdf2e&adTypeId=1,171_aug3,0,1,0,0
0,0,"Upholstered Faux Leather Seat Rattan Back Dining Chair, Solid Wood Frame Side Chair For Living Room",Wayfair,橡膠木,43.81×53.34×85.09,41.6,4401.0,1176.0,2.0,48.7,3814.0,5.745,https://www.wayfair.com/furniture/pdp/bay-isle-home-upholstered-faux-leather-seat-rattan-back-dining-chair-solid-wood-frame-side-chair-for-living-room-w112264390.html?piid=530162804%2C530162807&auctionId=45ad5ea8-43a0-4815-acb4-08167a6fdf2e&adTypeId=1,171_aug4,0,1,0,0
1,0,Anirudha 16'' H Upholstered Side Chair,Wayfair,橡膠木,44.45×51.05×88.14,49.6,4089.0,2786.0,4.0,46.2,3022.0,5.815,https://www.wayfair.com/furniture/pdp/lark-manor-anirudha-solid-wood-dining-chair-w004272468.html,175_aug1,0,1,0,0
1,0,Anirudha 16'' H Upholstered Side Chair,Wayfair,橡膠木,44.45×51.05×88.14,39.6,4329.0,2517.0,5.0,50.3,3852.0,5.827,https://www.wayfair.com/furniture/pdp/lark-manor-anirudha-solid-wood-dining-chair-w004272468.html,175_aug2,0,1,0,0
1,0,Anirudha 16'' H Upholstered Side Chair,Wayfair,橡膠木,44.45×51.05×88.14,39.8,4190.0,2855.0,5.0,47.4,3062.0,5.838,https://www.wayfair.com/furniture/pdp/lark-manor-anirudha-solid-wood-dining-chair-w004272468.html,175_aug3,0,1,0,0
1,0,Anirudha 16'' H Upholstered Side Chair,Wayfair,橡膠木,44.45×51.05×88.14,41.0,5098.0,2878.0,5.0,48.2,3140.0,5.829,https://www.wayfair.com/furniture/pdp/lark-manor-anirudha-solid-wood-dining-chair-w004272468.html,175_aug4,0,1,0,0
1,0,Ambo 19'' H Fabric Upholstered Side Chair,Wayfair,橡膠木,46.99×49.53×80.01,39.6,2662.0,2220.0,2.0,51.2,5294.0,4.534,https://www.wayfair.com/furniture/pdp/lark-manor-ambo-fabric-slat-back-side-chair-in-gray-w010711253.html?piid=1451034963,176_aug1,0,0,0,0
1,0,Ambo 19'' H Fabric Upholstered Side Chair,Wayfair,橡膠木,46.99×49.53×80.01,32.6,2509.0,2658.0,2.0,45.6,5136.0,4.591,https://www.wayfair.com/furniture/pdp/lark-manor-ambo-fabric-slat-back-side-chair-in-gray-w010711253.html?piid=1451034963,176_aug2,0,0,0,0
1,0,Ambo 19'' H Fabric Upholstered Side Chair,Wayfair,橡膠木,46.99×49.53×80.01,33.9,2386.0,2396.0,2.0,50.0,5688.0,4.517,https://www.wayfair.com/furniture/pdp/lark-manor-ambo-fabric-slat-back-side-chair-in-gray-w010711253.html?piid=1451034963,176_aug3,0,0,0,0
1,0,Ambo 19'' H Fabric Upholstered Side Chair,Wayfair,橡膠木,46.99×49.53×80.01,31.1,3003.0,2290.0,2.0,49.3,5174.0,4.486,https://www.wayfair.com/furniture/pdp/lark-manor-ambo-fabric-slat-back-side-chair-in-gray-w010711253.html?piid=1451034963,176_aug4,0,0,0,0
0,0,Edison Park Upholstered Ladder Back Side Chair,Wayfair,橡膠木,48.51×43.94×78.49,43.2,4910.0,3926.0,48.0,41.6,4430.0,5.663,https://www.wayfair.com/furniture/pdp/union-rustic-edison-park-upholstered-ladder-back-side-chair-w002533398.html,177_aug1,0,1,1,0
0,0,Edison Park Upholstered Ladder Back Side Chair,Wayfair,橡膠木,48.51×43.94×78.49,37.8,5112.0,4194.0,51.0,47.2,4557.0,5.809,https://www.wayfair.com/furniture/pdp/union-rustic-edison-park-upholstered-ladder-back-side-chair-w002533398.html,177_aug2,0,1,1,0
0,0,Edison Park Upholstered Ladder Back Side Chair,Wayfair,橡膠木,48.51×43.94×78.49,38.6,3969.0,3858.0,54.0,52.5,4319.0,5.788,https://www.wayfair.com/furniture/pdp/union-rustic-edison-park-upholstered-ladder-back-side-chair-w002533398.html,177_aug3,0,1,1,0
0,0,Edison Park Upholstered Ladder Back Side Chair,Wayfair,橡膠木,48.51×43.94×78.49,37.4,3878.0,4268.0,54.0,48.4,5175.0,5.771,https://www.wayfair.com/furniture/pdp/union-rustic-edison-park-upholstered-ladder-back-side-chair-w002533398.html,177_aug4,0,1,1,0
1,0,Chesley 17.13'' H Solid Wood Side Chair,Wayfair,橡膠木,44.6×50.01×80.01,34.5,5027.0,2622.0,3.0,55.5,4480.0,4.563,https://www.wayfair.com/furniture/pdp/chesley-solid-wood-side-chair-w011339348.html?piid=1853437640,183_aug1,0,1,1,0
1,0,Chesley 17.13'' H Solid Wood Side Chair,Wayfair,橡膠木,44.6×50.01×80.01,31.8,4348.0,2669.0,2.0,48.4,5625.0,4.448,https://www.wayfair.com/furniture/pdp/chesley-solid-wood-side-chair-w011339348.html?piid=1853437640,183_aug2,0,1,1,0
1,0,Chesley 17.13'' H Solid Wood Side Chair,Wayfair,橡膠木,44.6×50.01×80.01,31.1,5093.0,2526.0,2.0,47.4,5092.0,4.524,https://www.wayfair.com/furniture/pdp/chesley-solid-wood-side-chair-w011339348.html?piid=1853437640,183_aug3,0,1,1,0
1,0,Chesley 17.13'' H Solid Wood Side Chair,Wayfair,橡膠木,44.6×50.01×80.01,34.7,4435.0,2827.0,3.0,46.0,5302.0,4.539,https://www.wayfair.com/furniture/pdp/chesley-solid-wood-side-chair-w011339348.html?piid=1853437640,183_aug4,0,1,1,0
0,0,Isadore 20'' H Faux Leather Upholstered Armchair,Wayfair,橡木,46.99×46.99×88.27,46.5,3901.0,2325.0,2.0,40.4,7555.0,4.845,https://www.wayfair.com/furniture/pdp/three-posts-isadore-upholstered-slat-back-arm-chair-in-light-oak-loon6113.html,186_aug1,0,1,0,0
0,0,Isadore 20'' H Faux Leather Upholstered Armchair,Wayfair,橡木,46.99×46.99×88.27,49.2,4183.0,2434.0,3.0,39.5,8009.0,4.858,https://www.wayfair.com/furniture/pdp/three-posts-isadore-upholstered-slat-back-arm-chair-in-light-oak-loon6113.html,186_aug2,0,1,0,0
0,0,Isadore 20'' H Faux Leather Upholstered Armchair,Wayfair,橡木,46.99×46.99×88.27,44.9,4972.0,2671.0,2.0,42.2,7626.0,5.034,https://www.wayfair.com/furniture/pdp/three-posts-isadore-upholstered-slat-back-arm-chair-in-light-oak-loon6113.html,186_aug3,0,1,0,0
0,0,Isadore 20'' H Faux Leather Upholstered Armchair,Wayfair,橡木,46.99×46.99×88.27,51.1,4287.0,2967.0,2.0,37.1,7879.0,4.881,https://www.wayfair.com/furniture/pdp/three-posts-isadore-upholstered-slat-back-arm-chair-in-light-oak-loon6113.html,186_aug4,0,1,0,0
0,0,"21.3""W Upholstered Swivel Dining Chair, Boucle Fabric Barrel Kitchen Chair, Wingback Side Chair, Vanity Chair",Wayfair,橡膠木,50.16×57.15×73.03,25.0,4145.0,3242.0,2.0,17.8,8959.0,5.601,https://www.wayfair.com/furniture/pdp/latitude-run-213w-upholstered-swivel-dining-chair-boucle-fabric-barrel-kitchen-chair-wingback-side-chair-vanity-chair-w113149967.html?piid=513384088&auctionId=45ad5ea8-43a0-4815-acb4-08167a6fdf2e&adTypeId=1,189_aug1,0,1,0,0
0,0,"21.3""W Upholstered Swivel Dining Chair, Boucle Fabric Barrel Kitchen Chair, Wingback Side Chair, Vanity Chair",Wayfair,橡膠木,50.16×57.15×73.03,32.5,4925.0,3140.0,2.0,18.3,8448.0,5.496,https://www.wayfair.com/furniture/pdp/latitude-run-213w-upholstered-swivel-dining-chair-boucle-fabric-barrel-kitchen-chair-wingback-side-chair-vanity-chair-w113149967.html?piid=513384088&auctionId=45ad5ea8-43a0-4815-acb4-08167a6fdf2e&adTypeId=1,189_aug2,0,1,0,0
0,0,"21.3""W Upholstered Swivel Dining Chair, Boucle Fabric Barrel Kitchen Chair, Wingback Side Chair, Vanity Chair",Wayfair,橡膠木,50.16×57.15×73.03,25.9,4808.0,3001.0,2.0,15.1,10952.0,5.565,https://www.wayfair.com/furniture/pdp/latitude-run-213w-upholstered-swivel-dining-chair-boucle-fabric-barrel-kitchen-chair-wingback-side-chair-vanity-chair-w113149967.html?piid=513384088&auctionId=45ad5ea8-43a0-4815-acb4-08167a6fdf2e&adTypeId=1,189_aug3,0,1,0,0
0,0,"21.3""W Upholstered Swivel Dining Chair, Boucle Fabric Barrel Kitchen Chair, Wingback Side Chair, Vanity Chair",Wayfair,橡膠木,50.16×57.15×73.03,32.3,5101.0,2825.0,2.0,14.7,10916.0,5.604,https://www.wayfair.com/furniture/pdp/latitude-run-213w-upholstered-swivel-dining-chair-boucle-fabric-barrel-kitchen-chair-wingback-side-chair-vanity-chair-w113149967.html?piid=513384088&auctionId=45ad5ea8-43a0-4815-acb4-08167a6fdf2e&adTypeId=1,189_aug4,0,1,0,0
1,0,Annetta Rattan Dining Chair Set,Wayfair,橡膠木,44.45×58.42×81.28,36.6,2264.0,2491.0,6.0,53.7,5620.0,5.868,https://www.wayfair.com/furniture/pdp/beachcrest-home-annetta-rattan-dining-chair-set-w006433286.html,206_aug1,0,0,0,0
1,0,Annetta Rattan Dining Chair Set,Wayfair,橡膠木,44.45×58.42×81.28,36.2,2929.0,2207.0,6.0,48.8,4318.0,5.945,https://www.wayfair.com/furniture/pdp/beachcrest-home-annetta-rattan-dining-chair-set-w006433286.html,206_aug2,0,0,0,0
1,0,Annetta Rattan Dining Chair Set,Wayfair,橡膠木,44.45×58.42×81.28,47.9,2922.0,2318.0,5.0,51.8,5271.0,5.957,https://www.wayfair.com/furniture/pdp/beachcrest-home-annetta-rattan-dining-chair-set-w006433286.html,206_aug3,0,0,0,0
1,0,Annetta Rattan Dining Chair Set,Wayfair,橡膠木,44.45×58.42×81.28,37.9,2917.0,2688.0,6.0,51.4,4932.0,6.013,https://www.wayfair.com/furniture/pdp/beachcrest-home-annetta-rattan-dining-chair-set-w006433286.html,206_aug4,0,0,0,0
1,0,Geelt Upholstered Dining Chairs with Casters,Wayfair,橡膠木,50.04×55.12×80.01,32.3,4995.0,2932.0,3.0,44.6,4308.0,5.89,https://www.wayfair.com/furniture/pdp/everly-quinn-geelt-upholstered-dining-chairs-with-casters-w111239925.html?piid=974476005&auctionId=45ad5ea8-43a0-4815-acb4-08167a6fdf2e&adTypeId=1,208_aug1,0,1,1,0
1,0,Geelt Upholstered Dining Chairs with Casters,Wayfair,橡膠木,50.04×55.12×80.01,28.7,4076.0,2391.0,2.0,42.2,4941.0,5.904,https://www.wayfair.com/furniture/pdp/everly-quinn-geelt-upholstered-dining-chairs-with-casters-w111239925.html?piid=974476005&auctionId=45ad5ea8-43a0-4815-acb4-08167a6fdf2e&adTypeId=1,208_aug2,0,1,1,0
1,0,Geelt Upholstered Dining Chairs with Casters,Wayfair,橡膠木,50.04×55.12×80.01,27.2,4735.0,2610.0,2.0,45.8,5560.0,5.983,https://www.wayfair.com/furniture/pdp/everly-quinn-geelt-upholstered-dining-chairs-with-casters-w111239925.html?piid=974476005&auctionId=45ad5ea8-43a0-4815-acb4-08167a6fdf2e&adTypeId=1,208_aug3,0,1,1,0
1,0,Geelt Upholstered Dining Chairs with Casters,Wayfair,橡膠木,50.04×55.12×80.01,32.8,5112.0,2844.0,2.0,45.9,4572.0,6.015,https://www.wayfair.com/furniture/pdp/everly-quinn-geelt-upholstered-dining-chairs-with-casters-w111239925.html?piid=974476005&auctionId=45ad5ea8-43a0-4815-acb4-08167a6fdf2e&adTypeId=1,208_aug4,0,1,1,0
0,0,未知產品,Wayfair,實木,2.54×2.54×2.54,51.5,4525.0,2912.0,0.0,2.9,5182.0,1.335,https://www.wayfair.com/lighting/pdp/willa-arlo-interiors-palen-6225h-arched-floor-lamp-with-mixed-material-shade-w010969017.html,214_aug1,0,0,0,0
0,0,未知產品,Wayfair,實木,2.54×2.54×2.54,46.2,4196.0,2219.0,0.0,2.3,5512.0,1.348,https://www.wayfair.com/lighting/pdp/willa-arlo-interiors-palen-6225h-arched-floor-lamp-with-mixed-material-shade-w010969017.html,214_aug2,0,0,0,0
0,0,未知產品,Wayfair,實木,2.54×2.54×2.54,40.9,5140.0,2474.0,0.0,2.6,5154.0,1.383,https://www.wayfair.com/lighting/pdp/willa-arlo-interiors-palen-6225h-arched-floor-lamp-with-mixed-material-shade-w010969017.html,214_aug3,0,0,0,0
0,0,未知產品,Wayfair,實木,2.54×2.54×2.54,47.4,4370.0,2862.0,0.0,2.5,5746.0,1.367,https://www.wayfair.com/lighting/pdp/willa-arlo-interiors-palen-6225h-arched-floor-lamp-with-mixed-material-shade-w010969017.html,214_aug4,0,0,0,0
0,0,未知產品,Wayfair,橡木,2.54×2.54×2.54,49.3,4707.0,2844.0,1.0,1.2,4560.0,0.5,https://www.wayfair.com/furniture/pdp/joss-main-montclair-dining-chair-w003190781.html?piid=1554562122,216_aug1,0,0,0,0
0,0,未知產品,Wayfair,橡木,2.54×2.54×2.54,47.7,4132.0,2197.0,0.0,1.5,5358.0,0.498,https://www.wayfair.com/furniture/pdp/joss-main-montclair-dining-chair-w003190781.html?piid=1554562122,216_aug2,0,0,0,0
0,0,未知產品,Wayfair,橡木,2.54×2.54×2.54,40.8,4306.0,2325.0,0.0,1.5,5818.0,0.493,https://www.wayfair.com/furniture/pdp/joss-main-montclair-dining-chair-w003190781.html?piid=1554562122,216_aug3,0,0,0,0
0,0,未知產品,Wayfair,橡木,2.54×2.54×2.54,39.0,4270.0,2551.0,0.0,1.2,4608.0,0.505,https://www.wayfair.com/furniture/pdp/joss-main-montclair-dining-chair-w003190781.html?piid=1554562122,216_aug4,0,0,0,0
0,0,未知產品,Wayfair,實木,2.54×2.54×2.54,47.9,4682.0,2494.0,1.0,2.9,4566.0,2.69,https://www.wayfair.com/furniture/pdp/birch-lane-brinley-side-chair-kkah1322.html?piid=89471361,219_aug1,0,0,0,0
0,0,未知產品,Wayfair,實木,2.54×2.54×2.54,45.3,3948.0,2532.0,1.0,2.5,4805.0,2.725,https://www.wayfair.com/furniture/pdp/birch-lane-brinley-side-chair-kkah1322.html?piid=89471361,219_aug2,0,0,0,0
0,0,未知產品,Wayfair,實木,2.54×2.54×2.54,51.2,4103.0,2701.0,0.0,2.2,5141.0,2.677,https://www.wayfair.com/furniture/pdp/birch-lane-brinley-side-chair-kkah1322.html?piid=89471361,219_aug3,0,0,0,0
0,0,未知產品,Wayfair,實木,2.54×2.54×2.54,38.6,4057.0,2631.0,1.0,2.3,5318.0,2.685,https://www.wayfair.com/furniture/pdp/birch-lane-brinley-side-chair-kkah1322.html?piid=89471361,219_aug4,0,0,0,0
1,0,未知產品,Wayfair,橡木,41.91×29.84×158.12,163.5,4381.0,5197.0,3.0,178.9,4309.0,4.823,https://www.wayfair.com/furniture/pdp/birch-lane-niara-leather-side-chair-bl25808.html?piid=104827903,220_aug1,0,1,1,0
1,0,未知產品,Wayfair,橡木,41.91×29.84×158.12,137.5,5112.0,4643.0,3.0,138.7,4473.0,4.793,https://www.wayfair.com/furniture/pdp/birch-lane-niara-leather-side-chair-bl25808.html?piid=104827903,220_aug2,0,1,1,0
1,0,未知產品,Wayfair,橡木,41.91×29.84×158.12,179.2,4650.0,5290.0,3.0,146.9,4371.0,4.655,https://www.wayfair.com/furniture/pdp/birch-lane-niara-leather-side-chair-bl25808.html?piid=104827903,220_aug3,0,1,1,0
1,0,未知產品,Wayfair,橡木,41.91×29.84×158.12,151.0,4151.0,4316.0,3.0,140.3,5692.0,4.682,https://www.wayfair.com/furniture/pdp/birch-lane-niara-leather-side-chair-bl25808.html?piid=104827903,220_aug4,0,1,1,0
1,0,Aveon Tufted Leather Side Chair with Cane Rattan Back,Wayfair,橡膠木,44.5×58.4×86.4,42.4,4626.0,2615.0,2.0,48.2,4381.0,5.875,https://www.wayfair.com/furniture/pdp/corrigan-studio-aveon-tufted-leather-side-chair-with-cane-rattan-back-w010718828.html?piid=1838494370,224_aug1,0,1,1,0
1,0,Aveon Tufted Leather Side Chair with Cane Rattan Back,Wayfair,橡膠木,44.5×58.4×86.4,38.0,4583.0,2730.0,3.0,50.0,4891.0,5.981,https://www.wayfair.com/furniture/pdp/corrigan-studio-aveon-tufted-leather-side-chair-with-cane-rattan-back-w010718828.html?piid=1838494370,224_aug2,0,1,1,0
1,0,Aveon Tufted Leather Side Chair with Cane Rattan Back,Wayfair,橡膠木,44.5×58.4×86.4,38.4,4816.0,2780.0,2.0,47.9,5017.0,5.804,https://www.wayfair.com/furniture/pdp/corrigan-studio-aveon-tufted-leather-side-chair-with-cane-rattan-back-w010718828.html?piid=1838494370,224_aug3,0,1,1,0
1,0,Aveon Tufted Leather Side Chair with Cane Rattan Back,Wayfair,橡膠木,44.5×58.4×86.4,36.2,3976.0,2339.0,3.0,56.3,4661.0,6.003,https://www.wayfair.com/furniture/pdp/corrigan-studio-aveon-tufted-leather-side-chair-with-cane-rattan-back-w010718828.html?piid=1838494370,224_aug4,0,1,1,0
0,0,Arondell Solid Wood Cane Side Chair,Wayfair,橡木,59.0×63.5×92.71,51.1,5120.0,3762.0,5.0,47.1,5167.0,5.914,https://www.wayfair.com/furniture/pdp/bayou-breeze-arondell-solid-wood-cane-side-chair-w110188392.html?piid=1040276121&auctionId=314e4631-57af-49b9-98c3-56a1aa7effd1&adTypeId=1,226_aug1,0,1,1,0
0,0,Arondell Solid Wood Cane Side Chair,Wayfair,橡木,59.0×63.5×92.71,49.7,5170.0,3424.0,5.0,48.9,4310.0,5.902,https://www.wayfair.com/furniture/pdp/bayou-breeze-arondell-solid-wood-cane-side-chair-w110188392.html?piid=1040276121&auctionId=314e4631-57af-49b9-98c3-56a1aa7effd1&adTypeId=1,226_aug2,0,1,1,0
0,0,Arondell Solid Wood Cane Side Chair,Wayfair,橡木,59.0×63.5×92.71,45.7,4939.0,3421.0,6.0,56.1,5579.0,5.817,https://www.wayfair.com/furniture/pdp/bayou-breeze-arondell-solid-wood-cane-side-chair-w110188392.html?piid=1040276121&auctionId=314e4631-57af-49b9-98c3-56a1aa7effd1&adTypeId=1,226_aug3,0,1,1,0
0,0,Arondell Solid Wood Cane Side Chair,Wayfair,橡木,59.0×63.5×92.71,49.8,4736.0,3078.0,5.0,60.9,4352.0,5.891,https://www.wayfair.com/furniture/pdp/bayou-breeze-arondell-solid-wood-cane-side-chair-w110188392.html?piid=1040276121&auctionId=314e4631-57af-49b9-98c3-56a1aa7effd1&adTypeId=1,226_aug4,0,1,1,0
0,0,"Solid Wood Dining Chair, Mid-Century Chair",Wayfair,橡膠木,55.88×45.47×74.93,31.9,9697.0,5107.0,2.0,39.7,5794.0,6.058,https://www.wayfair.com/furniture/pdp/corrigan-studio-solid-wood-dining-chair-mid-century-chair-w003522889.html?piid=1899324621&auctionId=bcdc5c6d-2694-49c0-8801-97d83212c533&adTypeId=1,229_aug1,0,0,1,0
0,0,"Solid Wood Dining Chair, Mid-Century Chair",Wayfair,橡膠木,55.88×45.47×74.93,37.8,9069.0,4265.0,2.0,43.2,4469.0,5.935,https://www.wayfair.com/furniture/pdp/corrigan-studio-solid-wood-dining-chair-mid-century-chair-w003522889.html?piid=1899324621&auctionId=bcdc5c6d-2694-49c0-8801-97d83212c533&adTypeId=1,229_aug2,0,0,1,0
0,0,"Solid Wood Dining Chair, Mid-Century Chair",Wayfair,橡膠木,55.88×45.47×74.93,29.2,9051.0,5090.0,2.0,42.7,5719.0,5.927,https://www.wayfair.com/furniture/pdp/corrigan-studio-solid-wood-dining-chair-mid-century-chair-w003522889.html?piid=1899324621&auctionId=bcdc5c6d-2694-49c0-8801-97d83212c533&adTypeId=1,229_aug3,0,0,1,0
0,0,"Solid Wood Dining Chair, Mid-Century Chair",Wayfair,橡膠木,55.88×45.47×74.93,35.8,10556.0,5278.0,2.0,35.7,4528.0,6.038,https://www.wayfair.com/furniture/pdp/corrigan-studio-solid-wood-dining-chair-mid-century-chair-w003522889.html?piid=1899324621&auctionId=bcdc5c6d-2694-49c0-8801-97d83212c533&adTypeId=1,229_aug4,0,0,1,0
0,0,"20.1""W Mid-Century Modern Dining Chairs, Fabric/Leather Upholstered Side Chairs, Armless Vanity Chair With Metal Legs For Dining Living Room Vanity Office",Wayfair,橡膠木,50.16×57.15×73.03,30.8,4735.0,3131.0,2.0,44.9,5037.0,5.651,https://www.wayfair.com/furniture/pdp/george-oliver-201w-mid-century-modern-dining-chairs-fabricleather-upholstered-side-chairs-armless-vanity-chair-with-metal-legs-for-dining-living-room-vanity-office-w112410078.html?piid=2103815786&auctionId=bcdc5c6d-2694-49c0-8801-97d83212c533&adTypeId=1,230_aug1,0,1,1,0
0,0,"20.1""W Mid-Century Modern Dining Chairs, Fabric/Leather Upholstered Side Chairs, Armless Vanity Chair With Metal Legs For Dining Living Room Vanity Office",Wayfair,橡膠木,50.16×57.15×73.03,28.3,4282.0,3089.0,2.0,40.7,4447.0,5.566,https://www.wayfair.com/furniture/pdp/george-oliver-201w-mid-century-modern-dining-chairs-fabricleather-upholstered-side-chairs-armless-vanity-chair-with-metal-legs-for-dining-living-room-vanity-office-w112410078.html?piid=2103815786&auctionId=bcdc5c6d-2694-49c0-8801-97d83212c533&adTypeId=1,230_aug2,0,1,1,0
0,0,"20.1""W Mid-Century Modern Dining Chairs, Fabric/Leather Upholstered Side Chairs, Armless Vanity Chair With Metal Legs For Dining Living Room Vanity Office",Wayfair,橡膠木,50.16×57.15×73.03,24.8,4077.0,3537.0,2.0,46.0,5391.0,5.618,https://www.wayfair.com/furniture/pdp/george-oliver-201w-mid-century-modern-dining-chairs-fabricleather-upholstered-side-chairs-armless-vanity-chair-with-metal-legs-for-dining-living-room-vanity-office-w112410078.html?piid=2103815786&auctionId=bcdc5c6d-2694-49c0-8801-97d83212c533&adTypeId=1,230_aug3,0,1,1,0
0,0,"20.1""W Mid-Century Modern Dining Chairs, Fabric/Leather Upholstered Side Chairs, Armless Vanity Chair With Metal Legs For Dining Living Room Vanity Office",Wayfair,橡膠木,50.16×57.15×73.03,32.8,3854.0,3529.0,3.0,48.6,4558.0,5.561,https://www.wayfair.com/furniture/pdp/george-oliver-201w-mid-century-modern-dining-chairs-fabricleather-upholstered-side-chairs-armless-vanity-chair-with-metal-legs-for-dining-living-room-vanity-office-w112410078.html?piid=2103815786&auctionId=bcdc5c6d-2694-49c0-8801-97d83212c533&adTypeId=1,230_aug4,0,1,1,0
1,0,Ernie 19'' H Upholstered Side Chair,Wayfair,橡膠木,48.51×43.94×78.49,36.2,4637.0,3726.0,5.0,47.6,5352.0,5.682,https://www.wayfair.com/furniture/pdp/sand-stable-ernie-slat-back-side-chair-in-rustic-gray-w005688826.html,232_aug1,0,1,1,0
1,0,Ernie 19'' H Upholstered Side Chair,Wayfair,橡膠木,48.51×43.94×78.49,44.4,4867.0,3046.0,5.0,43.3,5149.0,5.804,https://www.wayfair.com/furniture/pdp/sand-stable-ernie-slat-back-side-chair-in-rustic-gray-w005688826.html,232_aug2,0,1,1,0
1,0,Ernie 19'' H Upholstered Side Chair,Wayfair,橡膠木,48.51×43.94×78.49,44.7,4371.0,3284.0,4.0,47.5,4476.0,5.711,https://www.wayfair.com/furniture/pdp/sand-stable-ernie-slat-back-side-chair-in-rustic-gray-w005688826.html,232_aug3,0,1,1,0
1,0,Ernie 19'' H Upholstered Side Chair,Wayfair,橡膠木,48.51×43.94×78.49,34.1,4262.0,3209.0,6.0,50.2,4834.0,5.607,https://www.wayfair.com/furniture/pdp/sand-stable-ernie-slat-back-side-chair-in-rustic-gray-w005688826.html,232_aug4,0,1,1,0
0,0,Zida Solid Wood Ladder Back Side Chair,Wayfair,橡膠木,48.26×58.42×91.44,91.9,4113.0,2609.0,5.0,50.6,5265.0,5.449,https://www.wayfair.com/furniture/pdp/red-barrel-studio-zida-solid-wood-ladder-back-side-chair-w009981479.html?piid=1938736047,255_aug1,0,1,1,1
0,0,Zida Solid Wood Ladder Back Side Chair,Wayfair,橡膠木,48.26×58.42×91.44,103.1,5083.0,2591.0,4.0,48.3,4586.0,5.47,https://www.wayfair.com/furniture/pdp/red-barrel-studio-zida-solid-wood-ladder-back-side-chair-w009981479.html?piid=1938736047,255_aug2,0,1,1,1
0,0,Zida Solid Wood Ladder Back Side Chair,Wayfair,橡膠木,48.26×58.42×91.44,91.4,3964.0,2347.0,5.0,54.6,5163.0,5.48,https://www.wayfair.com/furniture/pdp/red-barrel-studio-zida-solid-wood-ladder-back-side-chair-w009981479.html?piid=1938736047,255_aug3,0,1,1,1
0,0,Zida Solid Wood Ladder Back Side Chair,Wayfair,橡膠木,48.26×58.42×91.44,87.0,4596.0,2540.0,5.0,42.3,5052.0,5.396,https://www.wayfair.com/furniture/pdp/red-barrel-studio-zida-solid-wood-ladder-back-side-chair-w009981479.html?piid=1938736047,255_aug4,0,1,1,1
0,0,未知產品,Wayfair,橡膠木,47.5×50.55×95.0,90.0,5122.0,2678.0,4.0,45.1,5613.0,5.97,https://www.wayfair.com/furniture/pdp/joss-main-montclair-dining-chair-w003190781.html?piid=1554562122,266_aug1,0,1,1,0
0,0,未知產品,Wayfair,橡膠木,47.5×50.55×95.0,102.0,4981.0,2791.0,5.0,43.1,5567.0,5.881,https://www.wayfair.com/furniture/pdp/joss-main-montclair-dining-chair-w003190781.html?piid=1554562122,266_aug2,0,1,1,0
0,0,未知產品,Wayfair,橡膠木,47.5×50.55×95.0,89.5,4742.0,3018.0,5.0,45.5,4603.0,5.973,https://www.wayfair.com/furniture/pdp/joss-main-montclair-dining-chair-w003190781.html?piid=1554562122,266_aug3,0,1,1,0
0,0,未知產品,Wayfair,橡膠木,47.5×50.55×95.0,95.0,5042.0,2748.0,5.0,46.9,4334.0,6.044,https://www.wayfair.com/furniture/pdp/joss-main-montclair-dining-chair-w003190781.html?piid=1554562122,266_aug4,0,1,1,0
1,0,未知產品,Wayfair,橡膠木,45.01×37.01×87.0,37.0,5171.0,2870.0,2.0,69.8,6386.0,4.693,https://www.wayfair.com/storage-organization/pdp/red-barrel-studio-farmhouse-corner-cabinet-for-living-room-kitchen-laundry-room-w006665920.html?piid=779379387,270_aug1,0,1,0,0
1,0,未知產品,Wayfair,橡膠木,45.01×37.01×87.0,41.4,4255.0,2675.0,2.0,83.1,7242.0,4.716,https://www.wayfair.com/storage-organization/pdp/red-barrel-studio-farmhouse-corner-cabinet-for-living-room-kitchen-laundry-room-w006665920.html?piid=779379387,270_aug2,0,1,0,0
1,0,未知產品,Wayfair,橡膠木,45.01×37.01×87.0,47.6,4159.0,2207.0,3.0,74.3,6754.0,4.795,https://www.wayfair.com/storage-organization/pdp/red-barrel-studio-farmhouse-corner-cabinet-for-living-room-kitchen-laundry-room-w006665920.html?piid=779379387,270_aug3,0,1,0,0
1,0,未知產品,Wayfair,橡膠木,45.01×37.01×87.0,49.1,4682.0,2785.0,2.0,67.6,7084.0,4.707,https://www.wayfair.com/storage-organization/pdp/red-barrel-studio-farmhouse-corner-cabinet-for-living-room-kitchen-laundry-room-w006665920.html?piid=779379387,270_aug4,0,1,0,0
0,0,未知產品,Wayfair,橡膠木,,41.2,4242.0,2664.0,5.0,52.7,4567.0,5.797,https://www.wayfair.com/outdoor/pdp/sol-72-outdoor-keyla-windmill-w000064099.html?piid=115750837,271_aug1,0,1,1,0
0,0,未知產品,Wayfair,橡膠木,,39.8,4137.0,2882.0,4.0,45.9,5136.0,5.896,https://www.wayfair.com/outdoor/pdp/sol-72-outdoor-keyla-windmill-w000064099.html?piid=115750837,271_aug2,0,1,1,0
0,0,未知產品,Wayfair,橡膠木,,36.2,3835.0,2959.0,5.0,48.7,5017.0,5.845,https://www.wayfair.com/outdoor/pdp/sol-72-outdoor-keyla-windmill-w000064099.html?piid=115750837,271_aug3,0,1,1,0
0,0,未知產品,Wayfair,橡膠木,,40.0,4701.0,2877.0,5.0,56.0,4487.0,5.833,https://www.wayfair.com/outdoor/pdp/sol-72-outdoor-keyla-windmill-w000064099.html?piid=115750837,271_aug4,0,1,1,0
1,0,未知產品,Wayfair,橡木,41.91×29.84×158.12,136.1,4015.0,1418.0,3.0,138.0,5760.0,4.822,https://www.wayfair.com/furniture/pdp/winston-porter-parsons-upholstered-dining-chair-solid-wood-side-chair-w113301324.html?piid=2025372345,273_aug1,0,1,1,0
1,0,未知產品,Wayfair,橡木,41.91×29.84×158.12,170.1,5085.0,1154.0,3.0,167.0,5624.0,4.806,https://www.wayfair.com/furniture/pdp/winston-porter-parsons-upholstered-dining-chair-solid-wood-side-chair-w113301324.html?piid=2025372345,273_aug2,0,1,1,0
1,0,未知產品,Wayfair,橡木,41.91×29.84×158.12,150.7,4870.0,1170.0,2.0,139.4,5723.0,4.71,https://www.wayfair.com/furniture/pdp/winston-porter-parsons-upholstered-dining-chair-solid-wood-side-chair-w113301324.html?piid=2025372345,273_aug3,0,1,1,0
1,0,未知產品,Wayfair,橡木,41.91×29.84×158.12,159.0,4353.0,1434.0,2.0,171.2,5602.0,4.738,https://www.wayfair.com/furniture/pdp/winston-porter-parsons-upholstered-dining-chair-solid-wood-side-chair-w113301324.html?piid=2025372345,273_aug4,0,1,1,0
1,0,未知產品,Wayfair,實木,2.54×2.54×2.54,43.4,4834.0,2901.0,2.0,0.9,5652.0,2.708,https://www.wayfair.com/furniture/pdp/ebern-designs-upholstered-solid-wood-fabric-parsons-dining-chair-side-chair-w113279069.html?piid=1673741518,274_aug1,0,0,0,0
1,0,未知產品,Wayfair,實木,2.54×2.54×2.54,46.0,4947.0,2340.0,2.0,1.0,5659.0,2.684,https://www.wayfair.com/furniture/pdp/ebern-designs-upholstered-solid-wood-fabric-parsons-dining-chair-side-chair-w113279069.html?piid=1673741518,274_aug2,0,0,0,0
1,0,未知產品,Wayfair,實木,2.54×2.54×2.54,43.9,4949.0,2209.0,2.0,1.1,4729.0,2.772,https://www.wayfair.com/furniture/pdp/ebern-designs-upholstered-solid-wood-fabric-parsons-dining-chair-side-chair-w113279069.html?piid=1673741518,274_aug3,0,0,0,0
1,0,未知產品,Wayfair,實木,2.54×2.54×2.54,40.7,4312.0,2777.0,2.0,1.0,5107.0,2.757,https://www.wayfair.com/furniture/pdp/ebern-designs-upholstered-solid-wood-fabric-parsons-dining-chair-side-chair-w113279069.html?piid=1673741518,274_aug4,0,0,0,0
0,0,Faux Leather Upholstered Dinning Chairs,Wayfair,橡木,2.54×2.54×2.54,41.4,4422.0,2314.0,1.0,0.9,4810.0,0.999,https://www.wayfair.com/furniture/pdp/lark-manor-faux-leather-upholstered-dinning-chairs-w112147582.html?piid=704175638,277_aug1,0,0,0,0
0,0,Faux Leather Upholstered Dinning Chairs,Wayfair,橡木,2.54×2.54×2.54,38.6,3949.0,2725.0,0.0,1.1,5358.0,0.98,https://www.wayfair.com/furniture/pdp/lark-manor-faux-leather-upholstered-dinning-chairs-w112147582.html?piid=704175638,277_aug2,0,0,0,0
0,0,Faux Leather Upholstered Dinning Chairs,Wayfair,橡木,2.54×2.54×2.54,46.6,3952.0,2799.0,1.0,1.0,5340.0,0.989,https://www.wayfair.com/furniture/pdp/lark-manor-faux-leather-upholstered-dinning-chairs-w112147582.html?piid=704175638,277_aug3,0,0,0,0
0,0,Faux Leather Upholstered Dinning Chairs,Wayfair,橡木,2.54×2.54×2.54,44.2,4981.0,2323.0,0.0,1.0,5384.0,0.995,https://www.wayfair.com/furniture/pdp/lark-manor-faux-leather-upholstered-dinning-chairs-w112147582.html?piid=704175638,277_aug4,0,0,0,0
1,0,Myra 19.01'' H Upholstered Armchair,Wayfair,橡膠木,60.33×53.98×73.66,30.1,3953.0,2262.0,3.0,43.7,5300.0,5.505,https://www.wayfair.com/furniture/pdp/three-posts-myra-queen-anne-back-arm-chair-in-beigedark-walnut-w002774558.html,285_aug1,0,1,1,0
1,0,Myra 19.01'' H Upholstered Armchair,Wayfair,橡膠木,60.33×53.98×73.66,23.1,3988.0,2657.0,3.0,51.8,4808.0,5.601,https://www.wayfair.com/furniture/pdp/three-posts-myra-queen-anne-back-arm-chair-in-beigedark-walnut-w002774558.html,285_aug2,0,1,1,0
1,0,Myra 19.01'' H Upholstered Armchair,Wayfair,橡膠木,60.33×53.98×73.66,26.7,5102.0,2528.0,3.0,41.1,5137.0,5.573,https://www.wayfair.com/furniture/pdp/three-posts-myra-queen-anne-back-arm-chair-in-beigedark-walnut-w002774558.html,285_aug3,0,1,1,0
1,0,Myra 19.01'' H Upholstered Armchair,Wayfair,橡膠木,60.33×53.98×73.66,30.1,4172.0,2191.0,2.0,43.9,4499.0,5.66,https://www.wayfair.com/furniture/pdp/three-posts-myra-queen-anne-back-arm-chair-in-beigedark-walnut-w002774558.html,285_aug4,0,1,1,0
0,0,"Haygarden 17.5"" W 38.5"" H Antiqued 2pcs. Solid Wood Dining Chair",Wayfair,橡木,43.99×51.0×87.0,46.5,8295.0,1261.0,2.0,47.7,4483.0,4.382,https://www.wayfair.com/furniture/pdp/lark-manor-haygarden-175-w-385-h-antiqued-2pcs-solid-wood-dining-chair-w007567561.html?piid=1845839401,303_aug1,0,0,0,0
0,0,"Haygarden 17.5"" W 38.5"" H Antiqued 2pcs. Solid Wood Dining Chair",Wayfair,橡木,43.99×51.0×87.0,44.4,7245.0,1079.0,2.0,43.5,4932.0,4.362,https://www.wayfair.com/furniture/pdp/lark-manor-haygarden-175-w-385-h-antiqued-2pcs-solid-wood-dining-chair-w007567561.html?piid=1845839401,303_aug2,0,0,0,0
0,0,"Haygarden 17.5"" W 38.5"" H Antiqued 2pcs. Solid Wood Dining Chair",Wayfair,橡木,43.99×51.0×87.0,50.3,7044.0,1136.0,3.0,40.7,5722.0,4.262,https://www.wayfair.com/furniture/pdp/lark-manor-haygarden-175-w-385-h-antiqued-2pcs-solid-wood-dining-chair-w007567561.html?piid=1845839401,303_aug3,0,0,0,0
0,0,"Haygarden 17.5"" W 38.5"" H Antiqued 2pcs. Solid Wood Dining Chair",Wayfair,橡木,43.99×51.0×87.0,48.1,7669.0,1165.0,3.0,41.4,4889.0,4.317,https://www.wayfair.com/furniture/pdp/lark-manor-haygarden-175-w-385-h-antiqued-2pcs-solid-wood-dining-chair-w007567561.html?piid=1845839401,303_aug4,0,0,0,0
1,0,Upholstered Solid Wood Fabric Dining Chair,Wayfair,橡膠木,44.96×47.5×96.27,55.5,4117.0,2816.0,5.0,44.0,5455.0,5.174,https://www.wayfair.com/furniture/pdp/corrigan-studio-upholstered-solid-wood-fabric-dining-chair-w111861997.html?piid=4463204&auctionId=2c05e7da-1b14-4193-8d92-73d97f54a7f1&adTypeId=1,306_aug1,0,1,1,0
1,0,Upholstered Solid Wood Fabric Dining Chair,Wayfair,橡膠木,44.96×47.5×96.27,51.0,3911.0,2470.0,5.0,49.3,4917.0,5.245,https://www.wayfair.com/furniture/pdp/corrigan-studio-upholstered-solid-wood-fabric-dining-chair-w111861997.html?piid=4463204&auctionId=2c05e7da-1b14-4193-8d92-73d97f54a7f1&adTypeId=1,306_aug2,0,1,1,0
1,0,Upholstered Solid Wood Fabric Dining Chair,Wayfair,橡膠木,44.96×47.5×96.27,46.6,4440.0,2932.0,6.0,43.3,4348.0,5.351,https://www.wayfair.com/furniture/pdp/corrigan-studio-upholstered-solid-wood-fabric-dining-chair-w111861997.html?piid=4463204&auctionId=2c05e7da-1b14-4193-8d92-73d97f54a7f1&adTypeId=1,306_aug3,0,1,1,0
1,0,Upholstered Solid Wood Fabric Dining Chair,Wayfair,橡膠木,44.96×47.5×96.27,51.2,4551.0,2798.0,5.0,48.2,5774.0,5.296,https://www.wayfair.com/furniture/pdp/corrigan-studio-upholstered-solid-wood-fabric-dining-chair-w111861997.html?piid=4463204&auctionId=2c05e7da-1b14-4193-8d92-73d97f54a7f1&adTypeId=1,306_aug4,0,1,1,0
1,0,Landon 18.5'' H Upholstered Side Chair,Wayfair,橡膠木,45.47×52.07×93.22,67.6,4005.0,3444.0,3.0,42.4,4097.0,5.598,https://www.wayfair.com/furniture/pdp/crosley-landon-upholstered-side-chair-w003165269.html?piid=1175398646&auctionId=2c05e7da-1b14-4193-8d92-73d97f54a7f1&adTypeId=1,307_aug1,0,1,0,0
1,0,Landon 18.5'' H Upholstered Side Chair,Wayfair,橡膠木,45.47×52.07×93.22,67.9,3838.0,3481.0,2.0,44.1,5387.0,5.583,https://www.wayfair.com/furniture/pdp/crosley-landon-upholstered-side-chair-w003165269.html?piid=1175398646&auctionId=2c05e7da-1b14-4193-8d92-73d97f54a7f1&adTypeId=1,307_aug2,0,1,0,0
1,0,Landon 18.5'' H Upholstered Side Chair,Wayfair,橡膠木,45.47×52.07×93.22,74.4,4380.0,3841.0,2.0,39.1,5414.0,5.431,https://www.wayfair.com/furniture/pdp/crosley-landon-upholstered-side-chair-w003165269.html?piid=1175398646&auctionId=2c05e7da-1b14-4193-8d92-73d97f54a7f1&adTypeId=1,307_aug3,0,1,0,0
1,0,Landon 18.5'' H Upholstered Side Chair,Wayfair,橡膠木,45.47×52.07×93.22,68.6,4463.0,3769.0,2.0,40.4,4609.0,5.54,https://www.wayfair.com/furniture/pdp/crosley-landon-upholstered-side-chair-w003165269.html?piid=1175398646&auctionId=2c05e7da-1b14-4193-8d92-73d97f54a7f1&adTypeId=1,307_aug4,0,1,0,0
1,0,未知產品,Wayfair,橡膠木,46.99×50.8×76.2,28.0,4396.0,1317.0,3.0,43.3,4506.0,5.438,https://www.wayfair.com/storage-organization/pdp/red-barrel-studio-farmhouse-corner-cabinet-for-living-room-kitchen-laundry-room-w006665920.html?piid=779379387,320_aug1,0,1,1,0
1,0,未知產品,Wayfair,橡膠木,46.99×50.8×76.2,32.8,3973.0,1266.0,2.0,39.3,5036.0,5.396,https://www.wayfair.com/storage-organization/pdp/red-barrel-studio-farmhouse-corner-cabinet-for-living-room-kitchen-laundry-room-w006665920.html?piid=779379387,320_aug2,0,1,1,0
1,0,未知產品,Wayfair,橡膠木,46.99×50.8×76.2,33.7,4638.0,1277.0,2.0,45.7,4364.0,5.525,https://www.wayfair.com/storage-organization/pdp/red-barrel-studio-farmhouse-corner-cabinet-for-living-room-kitchen-laundry-room-w006665920.html?piid=779379387,320_aug3,0,1,1,0
1,0,未知產品,Wayfair,橡膠木,46.99×50.8×76.2,35.1,4070.0,1148.0,2.0,47.9,5307.0,5.516,https://www.wayfair.com/storage-organization/pdp/red-barrel-studio-farmhouse-corner-cabinet-for-living-room-kitchen-laundry-room-w006665920.html?piid=779379387,320_aug4,0,1,1,0
1,0,未知產品,Wayfair,橡木,2.54×2.54×2.54,48.4,4432.0,2668.0,1.0,2.5,5025.0,1.006,https://www.wayfair.com/furniture/pdp/gracie-oaks-upholstered-wooden-dining-chairs-w112147580.html?piid=1756808240,326_aug1,0,0,0,0
1,0,未知產品,Wayfair,橡木,2.54×2.54×2.54,45.8,4694.0,2668.0,1.0,2.6,5092.0,1.007,https://www.wayfair.com/furniture/pdp/gracie-oaks-upholstered-wooden-dining-chairs-w112147580.html?piid=1756808240,326_aug2,0,0,0,0
1,0,未知產品,Wayfair,橡木,2.54×2.54×2.54,44.3,4151.0,2195.0,1.0,2.6,5779.0,0.994,https://www.wayfair.com/furniture/pdp/gracie-oaks-upholstered-wooden-dining-chairs-w112147580.html?piid=1756808240,326_aug3,0,0,0,0
1,0,未知產品,Wayfair,橡木,2.54×2.54×2.54,43.6,4097.0,2248.0,1.0,2.3,5227.0,1.008,https://www.wayfair.com/furniture/pdp/gracie-oaks-upholstered-wooden-dining-chairs-w112147580.html?piid=1756808240,326_aug4,0,0,0,0
0,0,Chesley Solid Wood Windsor Back Side Chair (Set of 6),Wayfair,橡木,41.91×29.84×158.12,156.7,7188.0,1225.0,2.0,134.3,5611.0,4.686,https://www.wayfair.com/furniture/pdp/chesley-solid-wood-windsor-back-side-chair-set-of-6-aebo1844.html?piid=90697286,330_aug1,0,0,1,0
0,0,Chesley Solid Wood Windsor Back Side Chair (Set of 6),Wayfair,橡木,41.91×29.84×158.12,135.6,5665.0,1166.0,3.0,122.1,4870.0,4.824,https://www.wayfair.com/furniture/pdp/chesley-solid-wood-windsor-back-side-chair-set-of-6-aebo1844.html?piid=90697286,330_aug2,0,0,1,0
0,0,Chesley Solid Wood Windsor Back Side Chair (Set of 6),Wayfair,橡木,41.91×29.84×158.12,155.9,6101.0,1411.0,3.0,132.4,5081.0,4.805,https://www.wayfair.com/furniture/pdp/chesley-solid-wood-windsor-back-side-chair-set-of-6-aebo1844.html?piid=90697286,330_aug3,0,0,1,0
0,0,Chesley Solid Wood Windsor Back Side Chair (Set of 6),Wayfair,橡木,41.91×29.84×158.12,142.9,6601.0,1427.0,2.0,130.6,5048.0,4.663,https://www.wayfair.com/furniture/pdp/chesley-solid-wood-windsor-back-side-chair-set-of-6-aebo1844.html?piid=90697286,330_aug4,0,0,1,0
1,0,Mahkar 19'' H Upholstered Side Chair,Wayfair,橡膠木,44.5×58.4×50.8,45.2,4053.0,2683.0,2.0,34.9,4746.0,5.835,https://www.wayfair.com/furniture/pdp/latitude-run-mahkar-side-chair-dining-chair-w111107747.html?piid=1834540308%2C1834986368&auctionId=103dea80-0a45-401f-bfbf-765bcdc1fab7&adTypeId=1,332_aug1,0,1,1,0
1,0,Mahkar 19'' H Upholstered Side Chair,Wayfair,橡膠木,44.5×58.4×50.8,37.2,5102.0,2745.0,3.0,30.8,5024.0,5.808,https://www.wayfair.com/furniture/pdp/latitude-run-mahkar-side-chair-dining-chair-w111107747.html?piid=1834540308%2C1834986368&auctionId=103dea80-0a45-401f-bfbf-765bcdc1fab7&adTypeId=1,332_aug2,0,1,1,0
1,0,Mahkar 19'' H Upholstered Side Chair,Wayfair,橡膠木,44.5×58.4×50.8,42.7,4158.0,2950.0,3.0,30.0,4533.0,5.967,https://www.wayfair.com/furniture/pdp/latitude-run-mahkar-side-chair-dining-chair-w111107747.html?piid=1834540308%2C1834986368&auctionId=103dea80-0a45-401f-bfbf-765bcdc1fab7&adTypeId=1,332_aug3,0,1,1,0
1,0,Mahkar 19'' H Upholstered Side Chair,Wayfair,橡膠木,44.5×58.4×50.8,37.1,4081.0,2358.0,3.0,33.5,4780.0,5.802,https://www.wayfair.com/furniture/pdp/latitude-run-mahkar-side-chair-dining-chair-w111107747.html?piid=1834540308%2C1834986368&auctionId=103dea80-0a45-401f-bfbf-765bcdc1fab7&adTypeId=1,332_aug4,0,1,1,0
1,0,Dalpat Velvet Iron Arm Chair,Wayfair,橡膠木,55.88×45.47×74.93,33.4,4835.0,2365.0,6.0,46.0,5752.0,6.108,https://www.wayfair.com/furniture/pdp/ivy-bronx-dalpat-velvet-iron-arm-chair-w100008317.html?piid=1472971637&auctionId=366d3509-35d9-421f-b35a-a16bd172ed93&adTypeId=1,337_aug1,0,1,0,0
1,0,Dalpat Velvet Iron Arm Chair,Wayfair,橡膠木,55.88×45.47×74.93,36.9,4079.0,2358.0,6.0,38.4,5755.0,6.059,https://www.wayfair.com/furniture/pdp/ivy-bronx-dalpat-velvet-iron-arm-chair-w100008317.html?piid=1472971637&auctionId=366d3509-35d9-421f-b35a-a16bd172ed93&adTypeId=1,337_aug2,0,1,0,0
1,0,Dalpat Velvet Iron Arm Chair,Wayfair,橡膠木,55.88×45.47×74.93,36.1,4076.0,2898.0,7.0,36.5,5626.0,5.935,https://www.wayfair.com/furniture/pdp/ivy-bronx-dalpat-velvet-iron-arm-chair-w100008317.html?piid=1472971637&auctionId=366d3509-35d9-421f-b35a-a16bd172ed93&adTypeId=1,337_aug3,0,1,0,0
1,0,Dalpat Velvet Iron Arm Chair,Wayfair,橡膠木,55.88×45.47×74.93,29.6,4712.0,2700.0,6.0,38.4,5810.0,6.033,https://www.wayfair.com/furniture/pdp/ivy-bronx-dalpat-velvet-iron-arm-chair-w100008317.html?piid=1472971637&auctionId=366d3509-35d9-421f-b35a-a16bd172ed93&adTypeId=1,337_aug4,0,1,0,0
1,0,Aayush 18'' H Linen Upholstered Side Chair,Wayfair,橡膠木,46.99×49.53×80.01,38.1,4112.0,2028.0,5.0,43.5,4659.0,4.484,https://www.wayfair.com/furniture/pdp/andover-mills-aayush-upholstered-side-chair-w003432313.html?piid=1152730469,344_aug1,0,1,1,0
1,0,Aayush 18'' H Linen Upholstered Side Chair,Wayfair,橡膠木,46.99×49.53×80.01,36.4,4268.0,2544.0,5.0,46.5,4323.0,4.537,https://www.wayfair.com/furniture/pdp/andover-mills-aayush-upholstered-side-chair-w003432313.html?piid=1152730469,344_aug2,0,1,1,0
1,0,Aayush 18'' H Linen Upholstered Side Chair,Wayfair,橡膠木,46.99×49.53×80.01,30.9,5145.0,2523.0,5.0,41.2,5202.0,4.587,https://www.wayfair.com/furniture/pdp/andover-mills-aayush-upholstered-side-chair-w003432313.html?piid=1152730469,344_aug3,0,1,1,0
1,0,Aayush 18'' H Linen Upholstered Side Chair,Wayfair,橡膠木,46.99×49.53×80.01,32.3,4592.0,2540.0,5.0,51.3,5638.0,4.619,https://www.wayfair.com/furniture/pdp/andover-mills-aayush-upholstered-side-chair-w003432313.html?piid=1152730469,344_aug4,0,1,1,0
1,0,Kaliski Mid-Century Modern Farmhouse Toner Kitchen Nook Dining Chairs,Wayfair,橡膠木,60.33×53.98×73.66,28.2,4593.0,3770.0,50.0,54.7,4323.0,5.548,https://www.wayfair.com/furniture/pdp/gracie-oaks-kaliski-mid-century-modern-farmhouse-toner-kitchen-nook-dining-chairs-w111714776.html?piid=7131053,345_aug1,0,1,1,0
1,0,Kaliski Mid-Century Modern Farmhouse Toner Kitchen Nook Dining Chairs,Wayfair,橡膠木,60.33×53.98×73.66,27.1,4179.0,3179.0,51.0,41.7,5429.0,5.623,https://www.wayfair.com/furniture/pdp/gracie-oaks-kaliski-mid-century-modern-farmhouse-toner-kitchen-nook-dining-chairs-w111714776.html?piid=7131053,345_aug2,0,1,1,0
1,0,Kaliski Mid-Century Modern Farmhouse Toner Kitchen Nook Dining Chairs,Wayfair,橡膠木,60.33×53.98×73.66,26.8,4166.0,3602.0,51.0,53.0,5597.0,5.684,https://www.wayfair.com/furniture/pdp/gracie-oaks-kaliski-mid-century-modern-farmhouse-toner-kitchen-nook-dining-chairs-w111714776.html?piid=7131053,345_aug3,0,1,1,0
1,0,Kaliski Mid-Century Modern Farmhouse Toner Kitchen Nook Dining Chairs,Wayfair,橡膠木,60.33×53.98×73.66,29.7,5052.0,3789.0,53.0,40.6,5770.0,5.574,https://www.wayfair.com/furniture/pdp/gracie-oaks-kaliski-mid-century-modern-farmhouse-toner-kitchen-nook-dining-chairs-w111714776.html?piid=7131053,345_aug4,0,1,1,0
1,0,Layton 18'' H Beech Solid Wood Cane Back Side Chair,Wayfair,橡膠木,43.43×37.08×45.72,30.7,3997.0,2500.0,5.0,41.6,5898.0,5.507,https://www.wayfair.com/furniture/pdp/sand-stable-layton-solid-wood-side-chair-w005841818.html?piid=124929532,356_aug1,0,1,0,0
1,0,Layton 18'' H Beech Solid Wood Cane Back Side Chair,Wayfair,橡膠木,43.43×37.08×45.72,24.0,4247.0,2329.0,5.0,41.1,6169.0,5.437,https://www.wayfair.com/furniture/pdp/sand-stable-layton-solid-wood-side-chair-w005841818.html?piid=124929532,356_aug2,0,1,0,0
1,0,Layton 18'' H Beech Solid Wood Cane Back Side Chair,Wayfair,橡膠木,43.43×37.08×45.72,29.5,3989.0,2330.0,5.0,50.7,6445.0,5.462,https://www.wayfair.com/furniture/pdp/sand-stable-layton-solid-wood-side-chair-w005841818.html?piid=124929532,356_aug3,0,1,0,0
1,0,Layton 18'' H Beech Solid Wood Cane Back Side Chair,Wayfair,橡膠木,43.43×37.08×45.72,26.0,4487.0,2251.0,4.0,44.0,6448.0,5.361,https://www.wayfair.com/furniture/pdp/sand-stable-layton-solid-wood-side-chair-w005841818.html?piid=124929532,356_aug4,0,1,0,0
1,0,Aulii Solid Wood Side Chair,Wayfair,橡膠木,51.05×51.56×83.31,47.5,5165.0,2826.0,0.0,51.6,5565.0,5.492,https://www.wayfair.com/furniture/pdp/ebern-designs-aulii-solid-wood-slat-back-dining-chair-w005486207.html?piid=392112025,360_aug1,0,1,1,0
1,0,Aulii Solid Wood Side Chair,Wayfair,橡膠木,51.05×51.56×83.31,48.2,3998.0,2928.0,0.0,40.7,4950.0,5.419,https://www.wayfair.com/furniture/pdp/ebern-designs-aulii-solid-wood-slat-back-dining-chair-w005486207.html?piid=392112025,360_aug2,0,1,1,0
1,0,Aulii Solid Wood Side Chair,Wayfair,橡膠木,51.05×51.56×83.31,47.7,4441.0,2944.0,0.0,40.4,5189.0,5.607,https://www.wayfair.com/furniture/pdp/ebern-designs-aulii-solid-wood-slat-back-dining-chair-w005486207.html?piid=392112025,360_aug3,0,1,1,0
1,0,Aulii Solid Wood Side Chair,Wayfair,橡膠木,51.05×51.56×83.31,39.5,4211.0,3240.0,0.0,50.4,5099.0,5.48,https://www.wayfair.com/furniture/pdp/ebern-designs-aulii-solid-wood-slat-back-dining-chair-w005486207.html?piid=392112025,360_aug4,0,1,1,0
1,0,"Upholstered Solid Wood Dining Chair With Hollow Back, Farmhouse Side Chair For Kitchen/Dining Room",Wayfair,橡木,45.72×50.8×86.36,43.1,4226.0,1531.0,3.0,48.8,5320.0,4.594,https://www.wayfair.com/furniture/pdp/george-oliver-upholstered-solid-wood-dining-chair-with-hollow-back-farmhouse-side-chair-for-kitchendining-room-w113242990.html?piid=1055179830&auctionId=366d3509-35d9-421f-b35a-a16bd172ed93&adTypeId=1,364_aug1,0,1,1,0
1,0,"Upholstered Solid Wood Dining Chair With Hollow Back, Farmhouse Side Chair For Kitchen/Dining Room",Wayfair,橡木,45.72×50.8×86.36,42.4,4659.0,1607.0,3.0,43.1,5279.0,4.609,https://www.wayfair.com/furniture/pdp/george-oliver-upholstered-solid-wood-dining-chair-with-hollow-back-farmhouse-side-chair-for-kitchendining-room-w113242990.html?piid=1055179830&auctionId=366d3509-35d9-421f-b35a-a16bd172ed93&adTypeId=1,364_aug2,0,1,1,0
1,0,"Upholstered Solid Wood Dining Chair With Hollow Back, Farmhouse Side Chair For Kitchen/Dining Room",Wayfair,橡木,45.72×50.8×86.36,44.4,3915.0,1634.0,2.0,48.1,5747.0,4.537,https://www.wayfair.com/furniture/pdp/george-oliver-upholstered-solid-wood-dining-chair-with-hollow-back-farmhouse-side-chair-for-kitchendining-room-w113242990.html?piid=1055179830&auctionId=366d3509-35d9-421f-b35a-a16bd172ed93&adTypeId=1,364_aug3,0,1,1,0
1,0,"Upholstered Solid Wood Dining Chair With Hollow Back, Farmhouse Side Chair For Kitchen/Dining Room",Wayfair,橡木,45.72×50.8×86.36,45.2,4709.0,1433.0,2.0,51.4,5320.0,4.452,https://www.wayfair.com/furniture/pdp/george-oliver-upholstered-solid-wood-dining-chair-with-hollow-back-farmhouse-side-chair-for-kitchendining-room-w113242990.html?piid=1055179830&auctionId=366d3509-35d9-421f-b35a-a16bd172ed93&adTypeId=1,364_aug4,0,1,1,0
1,0,Azar Solid Wood Ladder Back Side Chair in Espresso/Gray,Wayfair,橡膠木,2.54×2.54×2.54,41.0,4747.0,2786.0,3.0,42.2,5717.0,5.682,https://www.wayfair.com/furniture/pdp/corrigan-studio-azar-solid-wood-ladder-back-side-chair-in-espressogray-w003104287.html,368_aug1,0,0,0,0
1,0,Azar Solid Wood Ladder Back Side Chair in Espresso/Gray,Wayfair,橡膠木,2.54×2.54×2.54,47.7,4631.0,2289.0,3.0,39.9,4690.0,5.741,https://www.wayfair.com/furniture/pdp/corrigan-studio-azar-solid-wood-ladder-back-side-chair-in-espressogray-w003104287.html,368_aug2,0,0,0,0
1,0,Azar Solid Wood Ladder Back Side Chair in Espresso/Gray,Wayfair,橡膠木,2.54×2.54×2.54,46.6,4957.0,2593.0,2.0,50.7,4358.0,5.751,https://www.wayfair.com/furniture/pdp/corrigan-studio-azar-solid-wood-ladder-back-side-chair-in-espressogray-w003104287.html,368_aug3,0,0,0,0
1,0,Azar Solid Wood Ladder Back Side Chair in Espresso/Gray,Wayfair,橡膠木,2.54×2.54×2.54,41.4,4971.0,2302.0,3.0,50.2,5022.0,5.726,https://www.wayfair.com/furniture/pdp/corrigan-studio-azar-solid-wood-ladder-back-side-chair-in-espressogray-w003104287.html,368_aug4,0,0,0,0
1,0,未知產品,Wayfair,橡膠木,45.09×52.7×76.53,33.6,4819.0,2910.0,2.0,40.7,3118.0,4.375,https://www.wayfair.com/lighting/pdp/willa-arlo-interiors-palen-6225h-arched-floor-lamp-with-mixed-material-shade-w010969017.html,376_aug1,0,1,0,0
1,0,未知產品,Wayfair,橡膠木,45.09×52.7×76.53,27.5,4578.0,2337.0,2.0,38.8,3966.0,4.436,https://www.wayfair.com/lighting/pdp/willa-arlo-interiors-palen-6225h-arched-floor-lamp-with-mixed-material-shade-w010969017.html,376_aug2,0,1,0,0
1,0,未知產品,Wayfair,橡膠木,45.09×52.7×76.53,29.5,5032.0,2248.0,2.0,46.7,3264.0,4.452,https://www.wayfair.com/lighting/pdp/willa-arlo-interiors-palen-6225h-arched-floor-lamp-with-mixed-material-shade-w010969017.html,376_aug3,0,1,0,0
1,0,未知產品,Wayfair,橡膠木,45.09×52.7×76.53,33.2,4405.0,2861.0,2.0,42.1,3167.0,4.369,https://www.wayfair.com/lighting/pdp/willa-arlo-interiors-palen-6225h-arched-floor-lamp-with-mixed-material-shade-w010969017.html,376_aug4,0,1,0,0
1,0,未知產品,Wayfair,橡膠木,44.45×58.42×81.28,38.6,5064.0,2254.0,5.0,51.3,5667.0,6.017,https://www.wayfair.com/bed-bath/pdp/home-14-medium-gel-memory-foam-mattress-hmek2674.html?piid=100754609,382_aug1,0,1,1,0
1,0,未知產品,Wayfair,橡膠木,44.45×58.42×81.28,45.1,5136.0,2803.0,6.0,54.0,4424.0,5.877,https://www.wayfair.com/bed-bath/pdp/home-14-medium-gel-memory-foam-mattress-hmek2674.html?piid=100754609,382_aug2,0,1,1,0
1,0,未知產品,Wayfair,橡膠木,44.45×58.42×81.28,43.7,4298.0,2406.0,5.0,57.4,4356.0,5.964,https://www.wayfair.com/bed-bath/pdp/home-14-medium-gel-memory-foam-mattress-hmek2674.html?piid=100754609,382_aug3,0,1,1,0
1,0,未知產品,Wayfair,橡膠木,44.45×58.42×81.28,44.7,5126.0,2914.0,5.0,51.1,4613.0,5.911,https://www.wayfair.com/bed-bath/pdp/home-14-medium-gel-memory-foam-mattress-hmek2674.html?piid=100754609,382_aug4,0,1,1,0
0,0,未知產品,Wayfair,橡木,41.91×29.84×158.12,170.7,5034.0,2805.0,9.0,72.1,5653.0,4.657,https://www.wayfair.com/furniture/pdp/lark-manor-parsons-upholstered-dining-chair-solid-wood-side-chair-w113301322.html?piid=1942706865,384_aug1,0,1,0,0
0,0,未知產品,Wayfair,橡木,41.91×29.84×158.12,143.9,3978.0,2846.0,9.0,65.5,6774.0,4.727,https://www.wayfair.com/furniture/pdp/lark-manor-parsons-upholstered-dining-chair-solid-wood-side-chair-w113301322.html?piid=1942706865,384_aug2,0,1,0,0
0,0,未知產品,Wayfair,橡木,41.91×29.84×158.12,134.8,4208.0,2286.0,9.0,61.1,6120.0,4.691,https://www.wayfair.com/furniture/pdp/lark-manor-parsons-upholstered-dining-chair-solid-wood-side-chair-w113301322.html?piid=1942706865,384_aug3,0,1,0,0
0,0,未知產品,Wayfair,橡木,41.91×29.84×158.12,151.5,4989.0,2522.0,11.0,70.0,5772.0,4.798,https://www.wayfair.com/furniture/pdp/lark-manor-parsons-upholstered-dining-chair-solid-wood-side-chair-w113301322.html?piid=1942706865,384_aug4,0,1,0,0
1,0,"Upholstered Faux Leather Seat Rattan Back Dining Chair, Solid Wood Frame Side Chair For Living Room",Wayfair,橡木,55.88×45.47×74.93,29.5,8508.0,2819.0,0.0,44.1,6515.0,5.963,https://www.wayfair.com/furniture/pdp/bay-isle-home-upholstered-faux-leather-seat-rattan-back-dining-chair-solid-wood-frame-side-chair-for-living-room-w112264390.html?piid=530162804%2C530162807&auctionId=096d6d5b-207a-4cc7-bf9b-ca6a9a69d4f2&adTypeId=1,393_aug1,0,0,0,0
1,0,"Upholstered Faux Leather Seat Rattan Back Dining Chair, Solid Wood Frame Side Chair For Living Room",Wayfair,橡木,55.88×45.47×74.93,34.8,9705.0,3086.0,0.0,45.6,5365.0,6.055,https://www.wayfair.com/furniture/pdp/bay-isle-home-upholstered-faux-leather-seat-rattan-back-dining-chair-solid-wood-frame-side-chair-for-living-room-w112264390.html?piid=530162804%2C530162807&auctionId=096d6d5b-207a-4cc7-bf9b-ca6a9a69d4f2&adTypeId=1,393_aug2,0,0,0,0
1,0,"Upholstered Faux Leather Seat Rattan Back Dining Chair, Solid Wood Frame Side Chair For Living Room",Wayfair,橡木,55.88×45.47×74.93,31.4,8855.0,3055.0,0.0,46.3,5183.0,6.067,https://www.wayfair.com/furniture/pdp/bay-isle-home-upholstered-faux-leather-seat-rattan-back-dining-chair-solid-wood-frame-side-chair-for-living-room-w112264390.html?piid=530162804%2C530162807&auctionId=096d6d5b-207a-4cc7-bf9b-ca6a9a69d4f2&adTypeId=1,393_aug3,0,0,0,0
1,0,"Upholstered Faux Leather Seat Rattan Back Dining Chair, Solid Wood Frame Side Chair For Living Room",Wayfair,橡木,55.88×45.47×74.93,31.5,9268.0,2467.0,0.0,38.7,6065.0,5.874,https://www.wayfair.com/furniture/pdp/bay-isle-home-upholstered-faux-leather-seat-rattan-back-dining-chair-solid-wood-frame-side-chair-for-living-room-w112264390.html?piid=530162804%2C530162807&auctionId=096d6d5b-207a-4cc7-bf9b-ca6a9a69d4f2&adTypeId=1,393_aug4,0,0,0,0
1,0,Burbury Upholstered Dining Chair,Wayfair,橡膠木,46.99×49.53×80.01,30.9,2328.0,2207.0,5.0,52.5,2043.0,4.554,https://www.wayfair.com/furniture/pdp/birch-lane-burbury-upholstered-dining-chair-w003431775.html,401_aug1,0,0,0,0
1,0,Burbury Upholstered Dining Chair,Wayfair,橡膠木,46.99×49.53×80.01,38.5,2478.0,2200.0,5.0,41.9,1897.0,4.477,https://www.wayfair.com/furniture/pdp/birch-lane-burbury-upholstered-dining-chair-w003431775.html,401_aug2,0,0,0,0
1,0,Burbury Upholstered Dining Chair,Wayfair,橡膠木,46.99×49.53×80.01,37.0,2308.0,2051.0,5.0,41.0,2007.0,4.615,https://www.wayfair.com/furniture/pdp/birch-lane-burbury-upholstered-dining-chair-w003431775.html,401_aug3,0,0,0,0
1,0,Burbury Upholstered Dining Chair,Wayfair,橡膠木,46.99×49.53×80.01,30.5,2768.0,2184.0,5.0,48.3,2029.0,4.603,https://www.wayfair.com/furniture/pdp/birch-lane-burbury-upholstered-dining-chair-w003431775.html,401_aug4,0,0,0,0
0,0,Upholstered Solid Wood Parsons Side Dining Chair,Wayfair,橡膠木,36.7×43.18×86.51,42.8,2782.0,2508.0,3.0,47.2,6239.0,5.913,https://www.wayfair.com/furniture/pdp/red-barrel-studio-upholstered-solid-wood-parsons-side-dining-chair-w112302067.html?piid=1447198348&auctionId=096d6d5b-207a-4cc7-bf9b-ca6a9a69d4f2&adTypeId=1,410_aug1,0,0,0,0
0,0,Upholstered Solid Wood Parsons Side Dining Chair,Wayfair,橡膠木,36.7×43.18×86.51,42.6,2731.0,2875.0,3.0,41.4,5965.0,5.842,https://www.wayfair.com/furniture/pdp/red-barrel-studio-upholstered-solid-wood-parsons-side-dining-chair-w112302067.html?piid=1447198348&auctionId=096d6d5b-207a-4cc7-bf9b-ca6a9a69d4f2&adTypeId=1,410_aug2,0,0,0,0
0,0,Upholstered Solid Wood Parsons Side Dining Chair,Wayfair,橡膠木,36.7×43.18×86.51,43.5,2293.0,2463.0,3.0,39.1,5691.0,5.932,https://www.wayfair.com/furniture/pdp/red-barrel-studio-upholstered-solid-wood-parsons-side-dining-chair-w112302067.html?piid=1447198348&auctionId=096d6d5b-207a-4cc7-bf9b-ca6a9a69d4f2&adTypeId=1,410_aug3,0,0,0,0
0,0,Upholstered Solid Wood Parsons Side Dining Chair,Wayfair,橡膠木,36.7×43.18×86.51,38.0,2405.0,2630.0,2.0,47.6,6249.0,5.843,https://www.wayfair.com/furniture/pdp/red-barrel-studio-upholstered-solid-wood-parsons-side-dining-chair-w112302067.html?piid=1447198348&auctionId=096d6d5b-207a-4cc7-bf9b-ca6a9a69d4f2&adTypeId=1,410_aug4,0,0,0,0
1,0,Eldana 18.5'' H Faux Leather Upholstered Side Chair,Wayfair,橡膠木,46.99×50.8×76.2,27.6,4439.0,1283.0,9.0,39.1,5125.0,5.539,https://www.wayfair.com/furniture/pdp/lark-manor-eldana-ladder-back-side-chair-in-dark-brown-gnt20149.html,411_aug1,0,1,1,0
1,0,Eldana 18.5'' H Faux Leather Upholstered Side Chair,Wayfair,橡膠木,46.99×50.8×76.2,29.5,4392.0,1362.0,11.0,48.7,5157.0,5.543,https://www.wayfair.com/furniture/pdp/lark-manor-eldana-ladder-back-side-chair-in-dark-brown-gnt20149.html,411_aug2,0,1,1,0
1,0,Eldana 18.5'' H Faux Leather Upholstered Side Chair,Wayfair,橡膠木,46.99×50.8×76.2,32.2,5033.0,1265.0,11.0,42.8,4764.0,5.502,https://www.wayfair.com/furniture/pdp/lark-manor-eldana-ladder-back-side-chair-in-dark-brown-gnt20149.html,411_aug3,0,1,1,0
1,0,Eldana 18.5'' H Faux Leather Upholstered Side Chair,Wayfair,橡膠木,46.99×50.8×76.2,28.6,4585.0,1104.0,11.0,40.4,5562.0,5.462,https://www.wayfair.com/furniture/pdp/lark-manor-eldana-ladder-back-side-chair-in-dark-brown-gnt20149.html,411_aug4,0,1,1,0
0,0,Bobbi Upholstered Dining Arm Chair,Wayfair,橡木,59.0×63.5×92.71,40.8,4557.0,1152.0,2.0,51.6,4399.0,6.015,https://www.wayfair.com/furniture/pdp/joss-main-bobbi-upholstered-dining-arm-chair-kkah1318.html?piid=89471347,416_aug1,0,1,1,0
0,0,Bobbi Upholstered Dining Arm Chair,Wayfair,橡木,59.0×63.5×92.71,38.7,4719.0,1184.0,2.0,51.7,5326.0,5.954,https://www.wayfair.com/furniture/pdp/joss-main-bobbi-upholstered-dining-arm-chair-kkah1318.html?piid=89471347,416_aug2,0,1,1,0
0,0,Bobbi Upholstered Dining Arm Chair,Wayfair,橡木,59.0×63.5×92.71,47.6,3979.0,1290.0,2.0,46.4,4933.0,5.884,https://www.wayfair.com/furniture/pdp/joss-main-bobbi-upholstered-dining-arm-chair-kkah1318.html?piid=89471347,416_aug3,0,1,1,0
0,0,Bobbi Upholstered Dining Arm Chair,Wayfair,橡木,59.0×63.5×92.71,44.6,4777.0,1161.0,2.0,46.9,5346.0,5.916,https://www.wayfair.com/furniture/pdp/joss-main-bobbi-upholstered-dining-arm-chair-kkah1318.html?piid=89471347,416_aug4,0,1,1,0
1,0,Upholstered Solid Wood Fabric Dining Chair,Wayfair,橡膠木,50.8×43.18×92.2,46.1,4777.0,1059.0,43.0,43.3,5269.0,4.68,https://www.wayfair.com/furniture/pdp/corrigan-studio-upholstered-solid-wood-fabric-dining-chair-w111861997.html?piid=4463204&auctionId=096d6d5b-207a-4cc7-bf9b-ca6a9a69d4f2&adTypeId=1,423_aug1,0,1,1,0
1,0,Upholstered Solid Wood Fabric Dining Chair,Wayfair,橡膠木,50.8×43.18×92.2,45.2,4015.0,939.0,45.0,48.0,4925.0,4.589,https://www.wayfair.com/furniture/pdp/corrigan-studio-upholstered-solid-wood-fabric-dining-chair-w111861997.html?piid=4463204&auctionId=096d6d5b-207a-4cc7-bf9b-ca6a9a69d4f2&adTypeId=1,423_aug2,0,1,1,0
1,0,Upholstered Solid Wood Fabric Dining Chair,Wayfair,橡膠木,50.8×43.18×92.2,52.0,4949.0,1167.0,45.0,47.9,4326.0,4.577,https://www.wayfair.com/furniture/pdp/corrigan-studio-upholstered-solid-wood-fabric-dining-chair-w111861997.html?piid=4463204&auctionId=096d6d5b-207a-4cc7-bf9b-ca6a9a69d4f2&adTypeId=1,423_aug3,0,1,1,0
1,0,Upholstered Solid Wood Fabric Dining Chair,Wayfair,橡膠木,50.8×43.18×92.2,42.4,4787.0,912.0,43.0,42.8,4775.0,4.719,https://www.wayfair.com/furniture/pdp/corrigan-studio-upholstered-solid-wood-fabric-dining-chair-w111861997.html?piid=4463204&auctionId=096d6d5b-207a-4cc7-bf9b-ca6a9a69d4f2&adTypeId=1,423_aug4,0,1,1,0
1,0,Hutto 18.8'' H Pine Side Chair,Wayfair,橡膠木,51.44×52.07×75.56,40.6,4301.0,3679.0,4.0,47.4,6071.0,6.104,https://www.wayfair.com/furniture/pdp/dovecove-hutto-side-chair-w003938195.html?piid=2103753816,426_aug1,0,1,0,0
1,0,Hutto 18.8'' H Pine Side Chair,Wayfair,橡膠木,51.44×52.07×75.56,50.1,4256.0,3487.0,4.0,41.8,4870.0,5.956,https://www.wayfair.com/furniture/pdp/dovecove-hutto-side-chair-w003938195.html?piid=2103753816,426_aug2,0,1,0,0
1,0,Hutto 18.8'' H Pine Side Chair,Wayfair,橡膠木,51.44×52.07×75.56,50.1,4294.0,3462.0,4.0,44.5,6326.0,5.951,https://www.wayfair.com/furniture/pdp/dovecove-hutto-side-chair-w003938195.html?piid=2103753816,426_aug3,0,1,0,0
1,0,Hutto 18.8'' H Pine Side Chair,Wayfair,橡膠木,51.44×52.07×75.56,46.7,4392.0,2952.0,4.0,49.3,4878.0,5.897,https://www.wayfair.com/furniture/pdp/dovecove-hutto-side-chair-w003938195.html?piid=2103753816,426_aug4,0,1,0,0
1,0,Set Of 2 Solid Real Wood PU Leather Cushion Seat Dining Chair,Wayfair,橡木,60.33×53.98×73.66,23.9,4857.0,2766.0,5.0,46.6,5652.0,5.64,https://www.wayfair.com/furniture/pdp/corrigan-studio-set-of-2-solid-real-wood-pu-leather-cushion-seat-dining-chair-w008945969.html?piid=1860420206,427_aug1,0,1,1,0
1,0,Set Of 2 Solid Real Wood PU Leather Cushion Seat Dining Chair,Wayfair,橡木,60.33×53.98×73.66,29.2,4923.0,2703.0,5.0,52.1,5709.0,5.474,https://www.wayfair.com/furniture/pdp/corrigan-studio-set-of-2-solid-real-wood-pu-leather-cushion-seat-dining-chair-w008945969.html?piid=1860420206,427_aug2,0,1,1,0
1,0,Set Of 2 Solid Real Wood PU Leather Cushion Seat Dining Chair,Wayfair,橡木,60.33×53.98×73.66,23.1,5119.0,2419.0,6.0,45.4,4484.0,5.486,https://www.wayfair.com/furniture/pdp/corrigan-studio-set-of-2-solid-real-wood-pu-leather-cushion-seat-dining-chair-w008945969.html?piid=1860420206,427_aug3,0,1,1,0
1,0,Set Of 2 Solid Real Wood PU Leather Cushion Seat Dining Chair,Wayfair,橡木,60.33×53.98×73.66,23.9,4162.0,2583.0,5.0,53.9,4973.0,5.584,https://www.wayfair.com/furniture/pdp/corrigan-studio-set-of-2-solid-real-wood-pu-leather-cushion-seat-dining-chair-w008945969.html?piid=1860420206,427_aug4,0,1,1,0
0,0,未知產品,Wayfair,橡木,2.54×2.54×2.54,45.3,4553.0,2595.0,0.0,0.9,4451.0,0.098,https://www.wayfair.com/furniture/pdp/gracie-oaks-upholstered-wooden-dining-chairs-w112147580.html?piid=1756808240,439_aug1,0,0,0,0
0,0,未知產品,Wayfair,橡木,2.54×2.54×2.54,47.8,4102.0,2887.0,1.0,1.1,5729.0,0.099,https://www.wayfair.com/furniture/pdp/gracie-oaks-upholstered-wooden-dining-chairs-w112147580.html?piid=1756808240,439_aug2,0,0,0,0
0,0,未知產品,Wayfair,橡木,2.54×2.54×2.54,45.1,4062.0,2818.0,1.0,1.1,4961.0,0.101,https://www.wayfair.com/furniture/pdp/gracie-oaks-upholstered-wooden-dining-chairs-w112147580.html?piid=1756808240,439_aug3,0,0,0,0
0,0,未知產品,Wayfair,橡木,2.54×2.54×2.54,39.6,3879.0,2777.0,0.0,1.1,4450.0,0.101,https://www.wayfair.com/furniture/pdp/gracie-oaks-upholstered-wooden-dining-chairs-w112147580.html?piid=1756808240,439_aug4,0,0,0,0
0,0,Solid Wood Upholstered Side Chair Dining Chair,Wayfair,實木,2.54×2.54×2.54,44.7,4942.0,2827.0,1.0,2.3,5745.0,2.682,https://www.wayfair.com/furniture/pdp/corrigan-studio-solid-wood-upholstered-side-chair-dining-chair-w111412080.html?piid=71942089&auctionId=3ed7645a-cb98-4f8d-b715-986efadb3f7b&adTypeId=1,444_aug1,0,0,0,0
0,0,Solid Wood Upholstered Side Chair Dining Chair,Wayfair,實木,2.54×2.54×2.54,39.4,4408.0,2835.0,1.0,2.7,5411.0,2.688,https://www.wayfair.com/furniture/pdp/corrigan-studio-solid-wood-upholstered-side-chair-dining-chair-w111412080.html?piid=71942089&auctionId=3ed7645a-cb98-4f8d-b715-986efadb3f7b&adTypeId=1,444_aug2,0,0,0,0
0,0,Solid Wood Upholstered Side Chair Dining Chair,Wayfair,實木,2.54×2.54×2.54,51.1,3907.0,2889.0,1.0,2.5,4944.0,2.684,https://www.wayfair.com/furniture/pdp/corrigan-studio-solid-wood-upholstered-side-chair-dining-chair-w111412080.html?piid=71942089&auctionId=3ed7645a-cb98-4f8d-b715-986efadb3f7b&adTypeId=1,444_aug3,0,0,0,0
0,0,Solid Wood Upholstered Side Chair Dining Chair,Wayfair,實木,2.54×2.54×2.54,43.1,4085.0,2352.0,1.0,2.5,5514.0,2.728,https://www.wayfair.com/furniture/pdp/corrigan-studio-solid-wood-upholstered-side-chair-dining-chair-w111412080.html?piid=71942089&auctionId=3ed7645a-cb98-4f8d-b715-986efadb3f7b&adTypeId=1,444_aug4,0,0,0,0
1,0,Tufted Modern Velvet Kitchen Upholstered Dining Chair Side Chair,Wayfair,橡木,41.91×29.84×158.12,176.7,4684.0,1320.0,3.0,39.4,5350.0,4.668,https://www.wayfair.com/furniture/pdp/winston-porter-tufted-modern-velvet-kitchen-upholstered-dining-chair-side-chair-w009391753.html?piid=964127870%2C964127869,445_aug1,0,1,1,0
1,0,Tufted Modern Velvet Kitchen Upholstered Dining Chair Side Chair,Wayfair,橡木,41.91×29.84×158.12,175.2,4875.0,1154.0,3.0,34.2,4633.0,4.667,https://www.wayfair.com/furniture/pdp/winston-porter-tufted-modern-velvet-kitchen-upholstered-dining-chair-side-chair-w009391753.html?piid=964127870%2C964127869,445_aug2,0,1,1,0
1,0,Tufted Modern Velvet Kitchen Upholstered Dining Chair Side Chair,Wayfair,橡木,41.91×29.84×158.12,171.4,4845.0,1367.0,2.0,40.0,5373.0,4.685,https://www.wayfair.com/furniture/pdp/winston-porter-tufted-modern-velvet-kitchen-upholstered-dining-chair-side-chair-w009391753.html?piid=964127870%2C964127869,445_aug3,0,1,1,0
1,0,Tufted Modern Velvet Kitchen Upholstered Dining Chair Side Chair,Wayfair,橡木,41.91×29.84×158.12,165.2,3939.0,1130.0,3.0,41.8,4524.0,4.69,https://www.wayfair.com/furniture/pdp/winston-porter-tufted-modern-velvet-kitchen-upholstered-dining-chair-side-chair-w009391753.html?piid=964127870%2C964127869,445_aug4,0,1,1,0
1,0,"Solid Wood Dining Chair, Mid-Century Chair",Wayfair,橡膠木,44.45×58.42×91.44,38.2,4147.0,2369.0,2.0,53.1,4968.0,5.965,https://www.wayfair.com/furniture/pdp/corrigan-studio-solid-wood-dining-chair-mid-century-chair-w003522889.html?piid=1899324621&auctionId=3ed7645a-cb98-4f8d-b715-986efadb3f7b&adTypeId=1,447_aug1,0,1,1,0
1,0,"Solid Wood Dining Chair, Mid-Century Chair",Wayfair,橡膠木,44.45×58.42×91.44,44.7,3996.0,2232.0,3.0,44.4,4528.0,5.787,https://www.wayfair.com/furniture/pdp/corrigan-studio-solid-wood-dining-chair-mid-century-chair-w003522889.html?piid=1899324621&auctionId=3ed7645a-cb98-4f8d-b715-986efadb3f7b&adTypeId=1,447_aug2,0,1,1,0
1,0,"Solid Wood Dining Chair, Mid-Century Chair",Wayfair,橡膠木,44.45×58.42×91.44,43.5,4611.0,2958.0,3.0,49.4,4867.0,5.852,https://www.wayfair.com/furniture/pdp/corrigan-studio-solid-wood-dining-chair-mid-century-chair-w003522889.html?piid=1899324621&auctionId=3ed7645a-cb98-4f8d-b715-986efadb3f7b&adTypeId=1,447_aug3,0,1,1,0
1,0,"Solid Wood Dining Chair, Mid-Century Chair",Wayfair,橡膠木,44.45×58.42×91.44,37.5,4011.0,2296.0,2.0,46.8,4768.0,6.009,https://www.wayfair.com/furniture/pdp/corrigan-studio-solid-wood-dining-chair-mid-century-chair-w003522889.html?piid=1899324621&auctionId=3ed7645a-cb98-4f8d-b715-986efadb3f7b&adTypeId=1,447_aug4,0,1,1,0
0,0,Clement 17.5'' H Faux Leather Upholstered Side Chair,Wayfair,橡膠木,48.26×64.14×96.52,49.4,5158.0,2482.0,2.0,46.3,4580.0,5.668,https://www.wayfair.com/furniture/pdp/joss-main-clement-upholstered-side-chair-w002960243.html?piid=463228386%2C463228385,458_aug1,0,1,1,0
0,0,Clement 17.5'' H Faux Leather Upholstered Side Chair,Wayfair,橡膠木,48.26×64.14×96.52,54.7,5157.0,2229.0,2.0,47.8,4586.0,5.719,https://www.wayfair.com/furniture/pdp/joss-main-clement-upholstered-side-chair-w002960243.html?piid=463228386%2C463228385,458_aug2,0,1,1,0
0,0,Clement 17.5'' H Faux Leather Upholstered Side Chair,Wayfair,橡膠木,48.26×64.14×96.52,42.9,4441.0,2404.0,2.0,42.9,4953.0,5.861,https://www.wayfair.com/furniture/pdp/joss-main-clement-upholstered-side-chair-w002960243.html?piid=463228386%2C463228385,458_aug3,0,1,1,0
0,0,Clement 17.5'' H Faux Leather Upholstered Side Chair,Wayfair,橡膠木,48.26×64.14×96.52,45.8,5008.0,2847.0,3.0,53.2,5304.0,5.832,https://www.wayfair.com/furniture/pdp/joss-main-clement-upholstered-side-chair-w002960243.html?piid=463228386%2C463228385,458_aug4,0,1,1,0
0,0,Madelynn 19.69'' H Upholstered Side Chair,Wayfair,橡膠木,46.99×52.07×78.11,26.9,4450.0,2960.0,5.0,50.6,5487.0,4.831,https://www.wayfair.com/furniture/pdp/kelly-clarkson-home-madelynn-king-louis-back-side-chair-in-beigeoak-w004556567.html,466_aug1,0,1,1,0
0,0,Madelynn 19.69'' H Upholstered Side Chair,Wayfair,橡膠木,46.99×52.07×78.11,32.7,4852.0,2599.0,6.0,48.7,5584.0,4.793,https://www.wayfair.com/furniture/pdp/kelly-clarkson-home-madelynn-king-louis-back-side-chair-in-beigeoak-w004556567.html,466_aug2,0,1,1,0
0,0,Madelynn 19.69'' H Upholstered Side Chair,Wayfair,橡膠木,46.99×52.07×78.11,29.0,3873.0,2918.0,5.0,41.7,4529.0,4.823,https://www.wayfair.com/furniture/pdp/kelly-clarkson-home-madelynn-king-louis-back-side-chair-in-beigeoak-w004556567.html,466_aug3,0,1,1,0
0,0,Madelynn 19.69'' H Upholstered Side Chair,Wayfair,橡膠木,46.99×52.07×78.11,33.9,4925.0,2693.0,5.0,41.8,4316.0,4.824,https://www.wayfair.com/furniture/pdp/kelly-clarkson-home-madelynn-king-louis-back-side-chair-in-beigeoak-w004556567.html,466_aug4,0,1,1,0
0,0,Anirvin Faux Leather Waterproof Upholstered Dining Chair,Wayfair,橡膠木,57.15×50.8×73.66,25.4,4677.0,2317.0,1.0,51.6,4351.0,5.965,https://www.wayfair.com/furniture/pdp/lark-manor-anirvin-faux-leather-waterproof-upholstered-dining-chair-w001468665.html?piid=1483351360,472_aug1,0,1,1,0
0,0,Anirvin Faux Leather Waterproof Upholstered Dining Chair,Wayfair,橡膠木,57.15×50.8×73.66,25.1,3877.0,2265.0,1.0,49.7,5107.0,5.789,https://www.wayfair.com/furniture/pdp/lark-manor-anirvin-faux-leather-waterproof-upholstered-dining-chair-w001468665.html?piid=1483351360,472_aug2,0,1,1,0
0,0,Anirvin Faux Leather Waterproof Upholstered Dining Chair,Wayfair,橡膠木,57.15×50.8×73.66,25.0,4652.0,2527.0,1.0,46.4,5517.0,5.926,https://www.wayfair.com/furniture/pdp/lark-manor-anirvin-faux-leather-waterproof-upholstered-dining-chair-w001468665.html?piid=1483351360,472_aug3,0,1,1,0
0,0,Anirvin Faux Leather Waterproof Upholstered Dining Chair,Wayfair,橡膠木,57.15×50.8×73.66,26.6,4653.0,2403.0,1.0,47.4,5775.0,5.829,https://www.wayfair.com/furniture/pdp/lark-manor-anirvin-faux-leather-waterproof-upholstered-dining-chair-w001468665.html?piid=1483351360,472_aug4,0,1,1,0
1,0,Kyo Upholstered Barrel Chair,Wayfair,橡膠木,44.96×52.58×77.98,34.3,4552.0,2933.0,4.0,45.3,6809.0,5.172,https://www.wayfair.com/furniture/pdp/allmodern-kyo-upholstered-barrel-chair-kkah1362.html?piid=90695418,482_aug1,0,1,0,0
1,0,Kyo Upholstered Barrel Chair,Wayfair,橡膠木,44.96×52.58×77.98,26.0,4563.0,2445.0,5.0,52.6,5395.0,5.204,https://www.wayfair.com/furniture/pdp/allmodern-kyo-upholstered-barrel-chair-kkah1362.html?piid=90695418,482_aug2,0,1,0,0
1,0,Kyo Upholstered Barrel Chair,Wayfair,橡膠木,44.96×52.58×77.98,34.0,4302.0,2973.0,4.0,49.2,5998.0,5.094,https://www.wayfair.com/furniture/pdp/allmodern-kyo-upholstered-barrel-chair-kkah1362.html?piid=90695418,482_aug3,0,1,0,0
1,0,Kyo Upholstered Barrel Chair,Wayfair,橡膠木,44.96×52.58×77.98,29.5,4022.0,3066.0,4.0,45.6,7045.0,5.129,https://www.wayfair.com/furniture/pdp/allmodern-kyo-upholstered-barrel-chair-kkah1362.html?piid=90695418,482_aug4,0,1,0,0
1,0,Mid Back Corduroy Upholstered Solid Wood Dining Side Chairs,Wayfair,橡膠木,46.48×53.09×77.98,79.2,5116.0,5530.0,9.0,43.4,5778.0,4.238,https://www.wayfair.com/furniture/pdp/inbox-zero-mid-back-corduroy-upholstered-solid-wood-dining-side-chairs-w111075403.html?piid=834136232,485_aug1,0,1,1,0
1,0,Mid Back Corduroy Upholstered Solid Wood Dining Side Chairs,Wayfair,橡膠木,46.48×53.09×77.98,75.2,4088.0,4382.0,11.0,47.3,5774.0,4.307,https://www.wayfair.com/furniture/pdp/inbox-zero-mid-back-corduroy-upholstered-solid-wood-dining-side-chairs-w111075403.html?piid=834136232,485_aug2,0,1,1,0
1,0,Mid Back Corduroy Upholstered Solid Wood Dining Side Chairs,Wayfair,橡膠木,46.48×53.09×77.98,72.2,3879.0,5677.0,10.0,41.3,5678.0,4.275,https://www.wayfair.com/furniture/pdp/inbox-zero-mid-back-corduroy-upholstered-solid-wood-dining-side-chairs-w111075403.html?piid=834136232,485_aug3,0,1,1,0
1,0,Mid Back Corduroy Upholstered Solid Wood Dining Side Chairs,Wayfair,橡膠木,46.48×53.09×77.98,71.5,5025.0,5688.0,9.0,48.6,4896.0,4.264,https://www.wayfair.com/furniture/pdp/inbox-zero-mid-back-corduroy-upholstered-solid-wood-dining-side-chairs-w111075403.html?piid=834136232,485_aug4,0,1,1,0
0,0,未知產品,Wayfair,橡膠木,45.09×55.24×79.38,41.4,9004.0,4891.0,72.0,39.9,5156.0,4.167,https://www.wayfair.com/furniture/pdp/winston-porter-2-piece-upholstered-sofa-with-charging-station-living-room-set-w112469354.html,493_aug1,0,0,1,0
0,0,未知產品,Wayfair,橡膠木,45.09×55.24×79.38,35.8,6875.0,5117.0,68.0,50.3,4621.0,4.221,https://www.wayfair.com/furniture/pdp/winston-porter-2-piece-upholstered-sofa-with-charging-station-living-room-set-w112469354.html,493_aug2,0,0,1,0
0,0,未知產品,Wayfair,橡膠木,45.09×55.24×79.38,40.9,8466.0,4823.0,68.0,48.7,4896.0,4.295,https://www.wayfair.com/furniture/pdp/winston-porter-2-piece-upholstered-sofa-with-charging-station-living-room-set-w112469354.html,493_aug3,0,0,1,0
0,0,未知產品,Wayfair,橡膠木,45.09×55.24×79.38,36.2,7520.0,5190.0,84.0,51.2,4378.0,4.254,https://www.wayfair.com/furniture/pdp/winston-porter-2-piece-upholstered-sofa-with-charging-station-living-room-set-w112469354.html,493_aug4,0,0,1,0
1,0,未知產品,Wayfair,橡膠木,44.5×58.4×95.89,36.0,4457.0,2879.0,5.0,57.6,7295.0,6.002,https://www.wayfair.com/furniture/pdp/one-allium-way-rattan-back-upholstered-seat-dining-chair-king-louis-back-side-chair-mid-century-solid-wood-dining-chair-for-dining-roomkitchen-w112661675.html,495_aug1,0,1,0,0
1,0,未知產品,Wayfair,橡膠木,44.5×58.4×95.89,45.1,3965.0,2373.0,5.0,46.0,7009.0,5.893,https://www.wayfair.com/furniture/pdp/one-allium-way-rattan-back-upholstered-seat-dining-chair-king-louis-back-side-chair-mid-century-solid-wood-dining-chair-for-dining-roomkitchen-w112661675.html,495_aug2,0,1,0,0
1,0,未知產品,Wayfair,橡膠木,44.5×58.4×95.89,47.6,4411.0,2802.0,6.0,56.8,6406.0,5.899,https://www.wayfair.com/furniture/pdp/one-allium-way-rattan-back-upholstered-seat-dining-chair-king-louis-back-side-chair-mid-century-solid-wood-dining-chair-for-dining-roomkitchen-w112661675.html,495_aug3,0,1,0,0
1,0,未知產品,Wayfair,橡膠木,44.5×58.4×95.89,40.0,4365.0,2473.0,5.0,50.3,7070.0,6.014,https://www.wayfair.com/furniture/pdp/one-allium-way-rattan-back-upholstered-seat-dining-chair-king-louis-back-side-chair-mid-century-solid-wood-dining-chair-for-dining-roomkitchen-w112661675.html,495_aug4,0,1,0,0
1,0,未知產品,Wayfair,橡木,41.91×29.84×158.12,137.2,4484.0,1350.0,2.0,51.7,4666.0,4.82,https://www.wayfair.com/furniture/pdp/lark-manor-parsons-upholstered-dining-chair-solid-wood-side-chair-w113301322.html?piid=1942706865,496_aug1,0,1,1,0
1,0,未知產品,Wayfair,橡木,41.91×29.84×158.12,149.9,4269.0,1284.0,2.0,46.8,4935.0,4.722,https://www.wayfair.com/furniture/pdp/lark-manor-parsons-upholstered-dining-chair-solid-wood-side-chair-w113301322.html?piid=1942706865,496_aug2,0,1,1,0
1,0,未知產品,Wayfair,橡木,41.91×29.84×158.12,159.3,4635.0,1272.0,3.0,47.1,4495.0,4.8,https://www.wayfair.com/furniture/pdp/lark-manor-parsons-upholstered-dining-chair-solid-wood-side-chair-w113301322.html?piid=1942706865,496_aug3,0,1,1,0
1,0,未知產品,Wayfair,橡木,41.91×29.84×158.12,174.7,4172.0,1212.0,3.0,50.5,5304.0,4.663,https://www.wayfair.com/furniture/pdp/lark-manor-parsons-upholstered-dining-chair-solid-wood-side-chair-w113301322.html?piid=1942706865,496_aug4,0,1,1,0
1,0,Tehlani 18'' H Solid Wood Side Chair,Wayfair,橡木,2.54×0.0066×2.54,48.0,3909.0,2556.0,3.0,45.0,4529.0,5.097,https://www.wayfair.com/furniture/pdp/gracie-oaks-tehlani-solid-wood-slat-back-side-chair-in-black-w110633862.html,497_aug1,0,0,0,1
1,0,Tehlani 18'' H Solid Wood Side Chair,Wayfair,橡木,2.54×0.0066×2.54,50.3,4866.0,2512.0,2.0,51.8,5111.0,5.07,https://www.wayfair.com/furniture/pdp/gracie-oaks-tehlani-solid-wood-slat-back-side-chair-in-black-w110633862.html,497_aug2,0,0,0,1
1,0,Tehlani 18'' H Solid Wood Side Chair,Wayfair,橡木,2.54×0.0066×2.54,42.9,4278.0,2957.0,3.0,40.8,4636.0,4.996,https://www.wayfair.com/furniture/pdp/gracie-oaks-tehlani-solid-wood-slat-back-side-chair-in-black-w110633862.html,497_aug3,0,0,0,1
1,0,Tehlani 18'' H Solid Wood Side Chair,Wayfair,橡木,2.54×0.0066×2.54,38.8,4449.0,2518.0,3.0,43.7,5795.0,4.936,https://www.wayfair.com/furniture/pdp/gracie-oaks-tehlani-solid-wood-slat-back-side-chair-in-black-w110633862.html,497_aug4,0,0,0,1
0,0,Bragdon 18.25'' H Solid Wood Side Chair,Wayfair,橡膠木,50.8×54.61×87.63,44.4,3946.0,2822.0,3.0,50.1,5147.0,5.017,https://www.wayfair.com/furniture/pdp/sand-stable-bragdon-solid-wood-cross-back-side-chair-in-distressed-white-w001802781.html,503_aug1,0,1,1,0
0,0,Bragdon 18.25'' H Solid Wood Side Chair,Wayfair,橡膠木,50.8×54.61×87.63,47.5,5089.0,3024.0,3.0,52.4,4539.0,4.971,https://www.wayfair.com/furniture/pdp/sand-stable-bragdon-solid-wood-cross-back-side-chair-in-distressed-white-w001802781.html,503_aug2,0,1,1,0
0,0,Bragdon 18.25'' H Solid Wood Side Chair,Wayfair,橡膠木,50.8×54.61×87.63,37.9,4192.0,2849.0,3.0,49.5,5261.0,5.023,https://www.wayfair.com/furniture/pdp/sand-stable-bragdon-solid-wood-cross-back-side-chair-in-distressed-white-w001802781.html,503_aug3,0,1,1,0
0,0,Bragdon 18.25'' H Solid Wood Side Chair,Wayfair,橡膠木,50.8×54.61×87.63,45.9,4353.0,2907.0,3.0,48.4,5117.0,5.097,https://www.wayfair.com/furniture/pdp/sand-stable-bragdon-solid-wood-cross-back-side-chair-in-distressed-white-w001802781.html,503_aug4,0,1,1,0
1,0,Bannasch 17.72'' H Faux Leather Upholstered Parsons Chair,Wayfair,橡膠木,45.72×57.15×101.6,75.3,4340.0,1340.0,7.0,51.8,5098.0,5.412,https://www.wayfair.com/furniture/pdp/wade-logan-bannasch-upholstered-parsons-chair-in-black-orls2422.html?piid=29832827,511_aug1,0,1,0,0
1,0,Bannasch 17.72'' H Faux Leather Upholstered Parsons Chair,Wayfair,橡膠木,45.72×57.15×101.6,90.8,4452.0,1243.0,7.0,43.3,5594.0,5.357,https://www.wayfair.com/furniture/pdp/wade-logan-bannasch-upholstered-parsons-chair-in-black-orls2422.html?piid=29832827,511_aug2,0,1,0,0
1,0,Bannasch 17.72'' H Faux Leather Upholstered Parsons Chair,Wayfair,橡膠木,45.72×57.15×101.6,90.6,4877.0,1122.0,7.0,47.8,4838.0,5.391,https://www.wayfair.com/furniture/pdp/wade-logan-bannasch-upholstered-parsons-chair-in-black-orls2422.html?piid=29832827,511_aug3,0,1,0,0
1,0,Bannasch 17.72'' H Faux Leather Upholstered Parsons Chair,Wayfair,橡膠木,45.72×57.15×101.6,79.1,4769.0,1288.0,7.0,50.1,5758.0,5.466,https://www.wayfair.com/furniture/pdp/wade-logan-bannasch-upholstered-parsons-chair-in-black-orls2422.html?piid=29832827,511_aug4,0,1,0,0
1,0,Aukeem 20.5'' H Velvet Upholstered Side Chair,Wayfair,橡木,48.01×59.94×83.06,35.5,4276.0,3224.0,1.0,32.5,5132.0,4.489,https://www.wayfair.com/furniture/pdp/wade-logan-aukeem-velvet-upholstered-side-chair-w001186171.html?piid=899772713,520_aug1,0,1,1,0
1,0,Aukeem 20.5'' H Velvet Upholstered Side Chair,Wayfair,橡木,48.01×59.94×83.06,33.1,4326.0,3064.0,1.0,32.6,5332.0,4.574,https://www.wayfair.com/furniture/pdp/wade-logan-aukeem-velvet-upholstered-side-chair-w001186171.html?piid=899772713,520_aug2,0,1,1,0
1,0,Aukeem 20.5'' H Velvet Upholstered Side Chair,Wayfair,橡木,48.01×59.94×83.06,29.9,5154.0,3190.0,2.0,28.1,5116.0,4.474,https://www.wayfair.com/furniture/pdp/wade-logan-aukeem-velvet-upholstered-side-chair-w001186171.html?piid=899772713,520_aug3,0,1,1,0
1,0,Aukeem 20.5'' H Velvet Upholstered Side Chair,Wayfair,橡木,48.01×59.94×83.06,33.1,4022.0,2939.0,2.0,28.6,5060.0,4.608,https://www.wayfair.com/furniture/pdp/wade-logan-aukeem-velvet-upholstered-side-chair-w001186171.html?piid=899772713,520_aug4,0,1,1,0
1,0,Efstathios 18.5'' H Solid Wood Folding Side Chair,Wayfair,橡膠木,47.5×53.34×76.45,32.3,4894.0,2326.0,3.0,40.8,5464.0,5.111,https://www.wayfair.com/furniture/pdp/bay-isle-home-efstathios-solid-wood-windsor-back-folding-side-chair-dining-chair-w111097349.html,526_aug1,0,1,1,0
1,0,Efstathios 18.5'' H Solid Wood Folding Side Chair,Wayfair,橡膠木,47.5×53.34×76.45,40.7,4533.0,2211.0,4.0,39.7,5501.0,5.062,https://www.wayfair.com/furniture/pdp/bay-isle-home-efstathios-solid-wood-windsor-back-folding-side-chair-dining-chair-w111097349.html,526_aug2,0,1,1,0
1,0,Efstathios 18.5'' H Solid Wood Folding Side Chair,Wayfair,橡膠木,47.5×53.34×76.45,34.9,4853.0,2933.0,4.0,49.4,4592.0,5.193,https://www.wayfair.com/furniture/pdp/bay-isle-home-efstathios-solid-wood-windsor-back-folding-side-chair-dining-chair-w111097349.html,526_aug3,0,1,1,0
1,0,Efstathios 18.5'' H Solid Wood Folding Side Chair,Wayfair,橡膠木,47.5×53.34×76.45,38.3,4085.0,2428.0,3.0,43.4,4612.0,5.16,https://www.wayfair.com/furniture/pdp/bay-isle-home-efstathios-solid-wood-windsor-back-folding-side-chair-dining-chair-w111097349.html,526_aug4,0,1,1,0
1,0,Aniek 18'' H Solid Wood Side Chair,Wayfair,橡膠木,48.01×59.94×83.06,37.1,3897.0,2915.0,2.0,53.5,2802.0,4.548,https://www.wayfair.com/furniture/pdp/lark-manor-aniek-side-chair-w004581758.html?piid=820760894,534_aug1,0,0,0,0
1,0,Aniek 18'' H Solid Wood Side Chair,Wayfair,橡膠木,48.01×59.94×83.06,32.0,4249.0,2496.0,2.0,41.2,2839.0,4.505,https://www.wayfair.com/furniture/pdp/lark-manor-aniek-side-chair-w004581758.html?piid=820760894,534_aug2,0,0,0,0
1,0,Aniek 18'' H Solid Wood Side Chair,Wayfair,橡膠木,48.01×59.94×83.06,32.6,4064.0,3254.0,2.0,43.2,2666.0,4.561,https://www.wayfair.com/furniture/pdp/lark-manor-aniek-side-chair-w004581758.html?piid=820760894,534_aug3,0,0,0,0
1,0,Aniek 18'' H Solid Wood Side Chair,Wayfair,橡膠木,48.01×59.94×83.06,28.4,4366.0,2665.0,2.0,52.6,2864.0,4.544,https://www.wayfair.com/furniture/pdp/lark-manor-aniek-side-chair-w004581758.html?piid=820760894,534_aug4,0,0,0,0
1,0,Faranda Mid Century Modern Dining Chairs Farmhouse Upholstered Accent Chairs with Curved Backrests,Wayfair,橡膠木,43.94×53.34×89.66,50.4,5084.0,3401.0,11.0,40.5,5330.0,4.548,https://www.wayfair.com/furniture/pdp/red-barrel-studio-faranda-mid-century-modern-dining-chairs-farmhouse-upholstered-accent-chairs-with-curved-backrests-w011060541.html?piid=1593420587%2C1593420580,538_aug1,0,1,1,0
1,0,Faranda Mid Century Modern Dining Chairs Farmhouse Upholstered Accent Chairs with Curved Backrests,Wayfair,橡膠木,43.94×53.34×89.66,38.2,3909.0,3328.0,13.0,43.2,5656.0,4.557,https://www.wayfair.com/furniture/pdp/red-barrel-studio-faranda-mid-century-modern-dining-chairs-farmhouse-upholstered-accent-chairs-with-curved-backrests-w011060541.html?piid=1593420587%2C1593420580,538_aug2,0,1,1,0
1,0,Faranda Mid Century Modern Dining Chairs Farmhouse Upholstered Accent Chairs with Curved Backrests,Wayfair,橡膠木,43.94×53.34×89.66,48.7,4402.0,2635.0,12.0,44.5,5139.0,4.468,https://www.wayfair.com/furniture/pdp/red-barrel-studio-faranda-mid-century-modern-dining-chairs-farmhouse-upholstered-accent-chairs-with-curved-backrests-w011060541.html?piid=1593420587%2C1593420580,538_aug3,0,1,1,0
1,0,Faranda Mid Century Modern Dining Chairs Farmhouse Upholstered Accent Chairs with Curved Backrests,Wayfair,橡膠木,43.94×53.34×89.66,51.2,4155.0,2711.0,12.0,45.6,4971.0,4.589,https://www.wayfair.com/furniture/pdp/red-barrel-studio-faranda-mid-century-modern-dining-chairs-farmhouse-upholstered-accent-chairs-with-curved-backrests-w011060541.html?piid=1593420587%2C1593420580,538_aug4,0,1,1,0
0,0,Guillemette 17.9'' H Upholstered Side Chair,Wayfair,實木,2.54×不明×2.54,45.2,4648.0,2754.0,3.0,46.7,6892.0,2.667,https://www.wayfair.com/furniture/pdp/winston-porter-guillemette-solid-wood-dining-chair-w001821476.html?piid=821258351,552_aug1,0,0,0,0
0,0,Guillemette 17.9'' H Upholstered Side Chair,Wayfair,實木,2.54×不明×2.54,43.7,5075.0,2467.0,4.0,52.3,5623.0,2.673,https://www.wayfair.com/furniture/pdp/winston-porter-guillemette-solid-wood-dining-chair-w001821476.html?piid=821258351,552_aug2,0,0,0,0
0,0,Guillemette 17.9'' H Upholstered Side Chair,Wayfair,實木,2.54×不明×2.54,49.9,4997.0,2559.0,4.0,50.3,6622.0,2.694,https://www.wayfair.com/furniture/pdp/winston-porter-guillemette-solid-wood-dining-chair-w001821476.html?piid=821258351,552_aug3,0,0,0,0
0,0,Guillemette 17.9'' H Upholstered Side Chair,Wayfair,實木,2.54×不明×2.54,38.5,4473.0,2859.0,4.0,52.0,6884.0,2.729,https://www.wayfair.com/furniture/pdp/winston-porter-guillemette-solid-wood-dining-chair-w001821476.html?piid=821258351,552_aug4,0,0,0,0
0,0,Bonas 17.5'' H Solid Wood Side Chair,Wayfair,橡木,41.91×29.84×158.12,44.3,4871.0,2767.0,1.0,0.9,5709.0,4.742,https://www.wayfair.com/furniture/pdp/sand-stable-bonas-solid-wood-ladder-back-side-chair-in-distressed-white-w003526538.html,553_aug1,0,0,0,0
0,0,Bonas 17.5'' H Solid Wood Side Chair,Wayfair,橡木,41.91×29.84×158.12,43.2,4675.0,2716.0,1.0,1.1,4743.0,4.69,https://www.wayfair.com/furniture/pdp/sand-stable-bonas-solid-wood-ladder-back-side-chair-in-distressed-white-w003526538.html,553_aug2,0,0,0,0
0,0,Bonas 17.5'' H Solid Wood Side Chair,Wayfair,橡木,41.91×29.84×158.12,43.7,4811.0,2941.0,1.0,1.1,4516.0,4.669,https://www.wayfair.com/furniture/pdp/sand-stable-bonas-solid-wood-ladder-back-side-chair-in-distressed-white-w003526538.html,553_aug3,0,0,0,0
0,0,Bonas 17.5'' H Solid Wood Side Chair,Wayfair,橡木,41.91×29.84×158.12,45.8,4217.0,2835.0,1.0,1.1,4690.0,4.747,https://www.wayfair.com/furniture/pdp/sand-stable-bonas-solid-wood-ladder-back-side-chair-in-distressed-white-w003526538.html,553_aug4,0,0,0,0
1,0,Jayden Fabric Linen Upholstered Parsons Chair,Wayfair,橡膠木,44.45×58.42×96.52,41.9,4148.0,2651.0,5.0,50.2,4320.0,5.786,https://www.wayfair.com/furniture/pdp/home-design-inc-jayden-fabric-linen-upholstered-parsons-chair-hdnn1475.html,555_aug1,0,1,0,0
1,0,Jayden Fabric Linen Upholstered Parsons Chair,Wayfair,橡膠木,44.45×58.42×96.52,42.2,4278.0,2195.0,5.0,47.6,4362.0,5.813,https://www.wayfair.com/furniture/pdp/home-design-inc-jayden-fabric-linen-upholstered-parsons-chair-hdnn1475.html,555_aug2,0,1,0,0
1,0,Jayden Fabric Linen Upholstered Parsons Chair,Wayfair,橡膠木,44.45×58.42×96.52,42.0,4760.0,2682.0,5.0,50.3,4532.0,5.973,https://www.wayfair.com/furniture/pdp/home-design-inc-jayden-fabric-linen-upholstered-parsons-chair-hdnn1475.html,555_aug3,0,1,0,0
1,0,Jayden Fabric Linen Upholstered Parsons Chair,Wayfair,橡膠木,44.45×58.42×96.52,41.0,4772.0,2530.0,5.0,55.0,4066.0,5.862,https://www.wayfair.com/furniture/pdp/home-design-inc-jayden-fabric-linen-upholstered-parsons-chair-hdnn1475.html,555_aug4,0,1,0,0
1,0,Totten 17.3'' H Cotton Upholstered Armchair,Wayfair,橡膠木,48.26×58.42×101.6,21.0,4310.0,1846.0,3.0,48.4,2806.0,5.411,https://www.wayfair.com/furniture/pdp/bay-isle-home-totten-223-wide-armchair-w004658692.html?piid=987712976,560_aug1,0,1,0,0
1,0,Totten 17.3'' H Cotton Upholstered Armchair,Wayfair,橡膠木,48.26×58.42×101.6,26.3,4627.0,1947.0,3.0,47.5,2777.0,5.374,https://www.wayfair.com/furniture/pdp/bay-isle-home-totten-223-wide-armchair-w004658692.html?piid=987712976,560_aug2,0,1,0,0
1,0,Totten 17.3'' H Cotton Upholstered Armchair,Wayfair,橡膠木,48.26×58.42×101.6,22.7,4988.0,2010.0,3.0,45.6,2849.0,5.393,https://www.wayfair.com/furniture/pdp/bay-isle-home-totten-223-wide-armchair-w004658692.html?piid=987712976,560_aug3,0,1,0,0
1,0,Totten 17.3'' H Cotton Upholstered Armchair,Wayfair,橡膠木,48.26×58.42×101.6,23.4,3991.0,2123.0,3.0,38.3,2720.0,5.421,https://www.wayfair.com/furniture/pdp/bay-isle-home-totten-223-wide-armchair-w004658692.html?piid=987712976,560_aug4,0,1,0,0
1,0,18'' H Solid Wood Side Chair,Wayfair,橡膠木,48.51×43.94×78.49,35.6,4392.0,3106.0,6.0,45.4,5424.0,5.763,https://www.wayfair.com/furniture/pdp/winston-porter-hamayak-solid-wood-slat-back-side-chair-in-aspen-valley-w009862990.html,561_aug1,0,1,1,0
1,0,18'' H Solid Wood Side Chair,Wayfair,橡膠木,48.51×43.94×78.49,41.4,3856.0,3862.0,6.0,40.4,5546.0,5.632,https://www.wayfair.com/furniture/pdp/winston-porter-hamayak-solid-wood-slat-back-side-chair-in-aspen-valley-w009862990.html,561_aug2,0,1,1,0
1,0,18'' H Solid Wood Side Chair,Wayfair,橡膠木,48.51×43.94×78.49,41.1,4455.0,3338.0,6.0,46.1,4417.0,5.802,https://www.wayfair.com/furniture/pdp/winston-porter-hamayak-solid-wood-slat-back-side-chair-in-aspen-valley-w009862990.html,561_aug3,0,1,1,0
1,0,18'' H Solid Wood Side Chair,Wayfair,橡膠木,48.51×43.94×78.49,45.2,4749.0,3387.0,5.0,51.1,4417.0,5.602,https://www.wayfair.com/furniture/pdp/winston-porter-hamayak-solid-wood-slat-back-side-chair-in-aspen-valley-w009862990.html,561_aug4,0,1,1,0
0,0,Hendry Windsor Back Arm Chair,Wayfair,橡膠木,48.26×45.72×81.28,40.3,4041.0,889.0,1.0,40.7,8497.0,5.8,https://www.wayfair.com/furniture/pdp/lark-manor-hendry-windsor-back-arm-chair-w002583008.html?piid=1060666989,564_aug1,0,1,0,0
0,0,Hendry Windsor Back Arm Chair,Wayfair,橡膠木,48.26×45.72×81.28,36.4,4791.0,1140.0,1.0,45.8,8135.0,5.798,https://www.wayfair.com/furniture/pdp/lark-manor-hendry-windsor-back-arm-chair-w002583008.html?piid=1060666989,564_aug2,0,1,0,0
0,0,Hendry Windsor Back Arm Chair,Wayfair,橡膠木,48.26×45.72×81.28,37.0,4559.0,1118.0,1.0,44.2,8378.0,5.966,https://www.wayfair.com/furniture/pdp/lark-manor-hendry-windsor-back-arm-chair-w002583008.html?piid=1060666989,564_aug3,0,1,0,0
0,0,Hendry Windsor Back Arm Chair,Wayfair,橡膠木,48.26×45.72×81.28,38.3,4819.0,1047.0,1.0,51.3,10656.0,5.908,https://www.wayfair.com/furniture/pdp/lark-manor-hendry-windsor-back-arm-chair-w002583008.html?piid=1060666989,564_aug4,0,1,0,0
1,0,Aphton 19.5'' H Upholstered Pine Side Chair,Wayfair,橡木,44.96×52.07×95.0,95.3,7862.0,3091.0,18.0,16.4,7706.0,5.901,https://www.wayfair.com/furniture/pdp/red-barrel-studio-aphton-upholstered-side-chair-w000809615.html?piid=215312635,567_aug1,0,0,0,0
1,0,Aphton 19.5'' H Upholstered Pine Side Chair,Wayfair,橡木,44.96×52.07×95.0,95.1,8611.0,2601.0,16.0,21.0,8510.0,6.071,https://www.wayfair.com/furniture/pdp/red-barrel-studio-aphton-upholstered-side-chair-w000809615.html?piid=215312635,567_aug2,0,0,0,0
1,0,Aphton 19.5'' H Upholstered Pine Side Chair,Wayfair,橡木,44.96×52.07×95.0,91.2,9118.0,2722.0,17.0,16.4,7499.0,5.903,https://www.wayfair.com/furniture/pdp/red-barrel-studio-aphton-upholstered-side-chair-w000809615.html?piid=215312635,567_aug3,0,0,0,0
1,0,Aphton 19.5'' H Upholstered Pine Side Chair,Wayfair,橡木,44.96×52.07×95.0,109.2,7312.0,2686.0,18.0,17.4,8033.0,5.906,https://www.wayfair.com/furniture/pdp/red-barrel-studio-aphton-upholstered-side-chair-w000809615.html?piid=215312635,567_aug4,0,0,0,0
0,0,Karem 19.3'' H Linen Upholstered Armchair,Wayfair,橡膠木,50.16×58.42×77.47,84.1,4274.0,4149.0,11.0,49.6,5572.0,5.695,https://www.wayfair.com/furniture/pdp/george-oliver-karem-tufted-linen-upholstered-back-arm-chair-dining-chair-w110138006.html?piid=721087736,575_aug1,0,1,1,0
0,0,Karem 19.3'' H Linen Upholstered Armchair,Wayfair,橡膠木,50.16×58.42×77.47,74.9,4504.0,4364.0,11.0,39.1,4887.0,5.733,https://www.wayfair.com/furniture/pdp/george-oliver-karem-tufted-linen-upholstered-back-arm-chair-dining-chair-w110138006.html?piid=721087736,575_aug2,0,1,1,0
0,0,Karem 19.3'' H Linen Upholstered Armchair,Wayfair,橡膠木,50.16×58.42×77.47,75.9,4274.0,3931.0,10.0,51.1,5051.0,5.604,https://www.wayfair.com/furniture/pdp/george-oliver-karem-tufted-linen-upholstered-back-arm-chair-dining-chair-w110138006.html?piid=721087736,575_aug3,0,1,1,0
0,0,Karem 19.3'' H Linen Upholstered Armchair,Wayfair,橡膠木,50.16×58.42×77.47,69.7,3882.0,4109.0,10.0,40.5,5359.0,5.725,https://www.wayfair.com/furniture/pdp/george-oliver-karem-tufted-linen-upholstered-back-arm-chair-dining-chair-w110138006.html?piid=721087736,575_aug4,0,1,1,0
1,0,Alexa 18.88'' H Upholstered Side Chair,Wayfair,橡膠木,62.23×63.5×79.38,35.3,4290.0,2595.0,4.0,49.3,9583.0,4.593,https://www.wayfair.com/furniture/pdp/sand-stable-alexa-side-chair-in-gray-washcream-w000321036.html,576_aug1,0,1,0,0
1,0,Alexa 18.88'' H Upholstered Side Chair,Wayfair,橡膠木,62.23×63.5×79.38,41.2,4726.0,2503.0,4.0,46.8,8955.0,4.522,https://www.wayfair.com/furniture/pdp/sand-stable-alexa-side-chair-in-gray-washcream-w000321036.html,576_aug2,0,1,0,0
1,0,Alexa 18.88'' H Upholstered Side Chair,Wayfair,橡膠木,62.23×63.5×79.38,41.1,4704.0,2043.0,3.0,48.2,8995.0,4.54,https://www.wayfair.com/furniture/pdp/sand-stable-alexa-side-chair-in-gray-washcream-w000321036.html,576_aug3,0,1,0,0
1,0,Alexa 18.88'' H Upholstered Side Chair,Wayfair,橡膠木,62.23×63.5×79.38,40.9,4585.0,1979.0,3.0,41.9,9015.0,4.552,https://www.wayfair.com/furniture/pdp/sand-stable-alexa-side-chair-in-gray-washcream-w000321036.html,576_aug4,0,1,0,0
0,0,Modern Dining Side Chairs with Armless Faux Leather Cushion Seat and Wooden Legs,Wayfair,橡膠木,48.59×55.88×90.17,45.1,4099.0,2246.0,2.0,55.3,5014.0,6.078,https://www.wayfair.com/furniture/pdp/corrigan-studio-modern-dining-side-chairs-with-armless-faux-leather-cushion-seat-and-wooden-legs-w100529746.html?piid=1992003950,584_aug1,0,1,1,0
0,0,Modern Dining Side Chairs with Armless Faux Leather Cushion Seat and Wooden Legs,Wayfair,橡膠木,48.59×55.88×90.17,49.7,4516.0,2741.0,2.0,51.0,4716.0,6.07,https://www.wayfair.com/furniture/pdp/corrigan-studio-modern-dining-side-chairs-with-armless-faux-leather-cushion-seat-and-wooden-legs-w100529746.html?piid=1992003950,584_aug2,0,1,1,0
0,0,Modern Dining Side Chairs with Armless Faux Leather Cushion Seat and Wooden Legs,Wayfair,橡膠木,48.59×55.88×90.17,39.4,4869.0,2271.0,3.0,45.5,5296.0,5.987,https://www.wayfair.com/furniture/pdp/corrigan-studio-modern-dining-side-chairs-with-armless-faux-leather-cushion-seat-and-wooden-legs-w100529746.html?piid=1992003950,584_aug3,0,1,1,0
0,0,Modern Dining Side Chairs with Armless Faux Leather Cushion Seat and Wooden Legs,Wayfair,橡膠木,48.59×55.88×90.17,43.2,4696.0,2928.0,2.0,54.4,5228.0,6.064,https://www.wayfair.com/furniture/pdp/corrigan-studio-modern-dining-side-chairs-with-armless-faux-leather-cushion-seat-and-wooden-legs-w100529746.html?piid=1992003950,584_aug4,0,1,1,0
1,0,Kaktus 19'' H Tufted Fabric Upholstered Side Chair,Wayfair,橡膠木,48.59×55.88×90.17,43.5,4462.0,3652.0,1.0,48.8,4333.0,5.908,https://www.wayfair.com/furniture/pdp/red-barrel-studio-kaktus-tufted-fabric-side-chair-rdbs1057.html?piid=16066254,585_aug1,0,1,1,0
1,0,Kaktus 19'' H Tufted Fabric Upholstered Side Chair,Wayfair,橡膠木,48.59×55.88×90.17,47.0,4793.0,3369.0,1.0,47.5,4842.0,5.989,https://www.wayfair.com/furniture/pdp/red-barrel-studio-kaktus-tufted-fabric-side-chair-rdbs1057.html?piid=16066254,585_aug2,0,1,1,0
1,0,Kaktus 19'' H Tufted Fabric Upholstered Side Chair,Wayfair,橡膠木,48.59×55.88×90.17,50.1,4872.0,2878.0,1.0,47.9,5432.0,5.904,https://www.wayfair.com/furniture/pdp/red-barrel-studio-kaktus-tufted-fabric-side-chair-rdbs1057.html?piid=16066254,585_aug3,0,1,1,0
1,0,Kaktus 19'' H Tufted Fabric Upholstered Side Chair,Wayfair,橡膠木,48.59×55.88×90.17,47.4,4144.0,3227.0,1.0,43.3,4443.0,5.928,https://www.wayfair.com/furniture/pdp/red-barrel-studio-kaktus-tufted-fabric-side-chair-rdbs1057.html?piid=16066254,585_aug4,0,1,1,0
0,0,未知產品,Wayfair,橡膠木,53.01×56.49×79.5,29.5,4759.0,2313.0,7.0,566.6,5738.0,5.382,https://www.wayfair.com/furniture/pdp/joss-main-montclair-dining-chair-w003190781.html?piid=1554562122,595_aug1,0,1,1,0
0,0,未知產品,Wayfair,橡膠木,53.01×56.49×79.5,30.7,4654.0,2312.0,7.0,639.4,4368.0,5.257,https://www.wayfair.com/furniture/pdp/joss-main-montclair-dining-chair-w003190781.html?piid=1554562122,595_aug2,0,1,1,0
0,0,未知產品,Wayfair,橡膠木,53.01×56.49×79.5,29.2,4355.0,2830.0,6.0,612.8,4484.0,5.236,https://www.wayfair.com/furniture/pdp/joss-main-montclair-dining-chair-w003190781.html?piid=1554562122,595_aug3,0,1,1,0
0,0,未知產品,Wayfair,橡膠木,53.01×56.49×79.5,29.5,4915.0,2398.0,7.0,605.0,4646.0,5.32,https://www.wayfair.com/furniture/pdp/joss-main-montclair-dining-chair-w003190781.html?piid=1554562122,595_aug4,0,1,1,0
1,0,未知產品,Wayfair,橡膠木,44.45×58.42×90.17,41.4,4365.0,2653.0,5.0,47.8,5152.0,5.94,https://www.wayfair.com/furniture/pdp/gracie-oaks-clova-fabric-upholstered-side-chair-wood-leg-dining-chair-w110869860.html?piid=1570448579,601_aug1,0,1,1,0
1,0,未知產品,Wayfair,橡膠木,44.45×58.42×90.17,36.0,4454.0,2239.0,5.0,51.7,5618.0,5.99,https://www.wayfair.com/furniture/pdp/gracie-oaks-clova-fabric-upholstered-side-chair-wood-leg-dining-chair-w110869860.html?piid=1570448579,601_aug2,0,1,1,0
1,0,未知產品,Wayfair,橡膠木,44.45×58.42×90.17,36.5,4391.0,2645.0,4.0,54.8,5433.0,5.995,https://www.wayfair.com/furniture/pdp/gracie-oaks-clova-fabric-upholstered-side-chair-wood-leg-dining-chair-w110869860.html?piid=1570448579,601_aug3,0,1,1,0
1,0,未知產品,Wayfair,橡膠木,44.45×58.42×90.17,35.7,4118.0,2834.0,5.0,56.8,4390.0,5.923,https://www.wayfair.com/furniture/pdp/gracie-oaks-clova-fabric-upholstered-side-chair-wood-leg-dining-chair-w110869860.html?piid=1570448579,601_aug4,0,1,1,0
1,0,未知產品,Wayfair,橡木,41.91×29.84×158.12,161.4,3873.0,1258.0,3.0,143.5,4718.0,4.777,https://www.wayfair.com/furniture/pdp/winston-porter-parsons-upholstered-dining-chair-solid-wood-side-chair-w113301324.html?piid=2025372345,603_aug1,0,1,1,0
1,0,未知產品,Wayfair,橡木,41.91×29.84×158.12,156.6,4983.0,1194.0,2.0,181.1,5686.0,4.661,https://www.wayfair.com/furniture/pdp/winston-porter-parsons-upholstered-dining-chair-solid-wood-side-chair-w113301324.html?piid=2025372345,603_aug2,0,1,1,0
1,0,未知產品,Wayfair,橡木,41.91×29.84×158.12,170.9,3974.0,1075.0,2.0,147.2,5547.0,4.79,https://www.wayfair.com/furniture/pdp/winston-porter-parsons-upholstered-dining-chair-solid-wood-side-chair-w113301324.html?piid=2025372345,603_aug3,0,1,1,0
1,0,未知產品,Wayfair,橡木,41.91×29.84×158.12,180.9,4786.0,1222.0,3.0,181.8,5381.0,4.8,https://www.wayfair.com/furniture/pdp/winston-porter-parsons-upholstered-dining-chair-solid-wood-side-chair-w113301324.html?piid=2025372345,603_aug4,0,1,1,0
1,0,Deizel Solid Back Side Chair,Wayfair,橡膠木,53.01×56.49×79.5,37.9,2767.0,3182.0,0.0,721.6,4998.0,5.291,https://www.wayfair.com/furniture/pdp/latitude-run-deizel-solid-back-side-chair-w100307327.html?piid=93251602,621_aug1,0,0,0,0
1,0,Deizel Solid Back Side Chair,Wayfair,橡膠木,53.01×56.49×79.5,35.3,2893.0,3088.0,0.0,603.3,5377.0,5.296,https://www.wayfair.com/furniture/pdp/latitude-run-deizel-solid-back-side-chair-w100307327.html?piid=93251602,621_aug2,0,0,0,0
1,0,Deizel Solid Back Side Chair,Wayfair,橡膠木,53.01×56.49×79.5,33.0,3124.0,2817.0,0.0,548.8,4974.0,5.307,https://www.wayfair.com/furniture/pdp/latitude-run-deizel-solid-back-side-chair-w100307327.html?piid=93251602,621_aug3,0,0,0,0
1,0,Deizel Solid Back Side Chair,Wayfair,橡膠木,53.01×56.49×79.5,36.4,2819.0,2646.0,0.0,597.9,6214.0,5.335,https://www.wayfair.com/furniture/pdp/latitude-run-deizel-solid-back-side-chair-w100307327.html?piid=93251602,621_aug4,0,0,0,0
1,0,Normalee Upholstered Back Side Dining Chair (Set of 2),Wayfair,橡膠木,50.01×54.99×76.0,27.5,4216.0,2624.0,3.0,41.6,4570.0,5.045,https://www.wayfair.com/furniture/pdp/george-oliver-normalee-upholstered-back-side-dining-chair-set-of-2-w112075685.html?piid=1148498337,631_aug1,0,1,0,0
1,0,Normalee Upholstered Back Side Dining Chair (Set of 2),Wayfair,橡膠木,50.01×54.99×76.0,29.1,3839.0,2741.0,4.0,47.2,4628.0,5.0,https://www.wayfair.com/furniture/pdp/george-oliver-normalee-upholstered-back-side-dining-chair-set-of-2-w112075685.html?piid=1148498337,631_aug2,0,1,0,0
1,0,Normalee Upholstered Back Side Dining Chair (Set of 2),Wayfair,橡膠木,50.01×54.99×76.0,33.2,3924.0,2436.0,4.0,43.5,4878.0,5.053,https://www.wayfair.com/furniture/pdp/george-oliver-normalee-upholstered-back-side-dining-chair-set-of-2-w112075685.html?piid=1148498337,631_aug3,0,1,0,0
1,0,Normalee Upholstered Back Side Dining Chair (Set of 2),Wayfair,橡膠木,50.01×54.99×76.0,32.6,4098.0,2639.0,4.0,47.3,4962.0,4.929,https://www.wayfair.com/furniture/pdp/george-oliver-normalee-upholstered-back-side-dining-chair-set-of-2-w112075685.html?piid=1148498337,631_aug4,0,1,0,0
1,0,未知產品,Wayfair,橡膠木,46.99×53.59×80.52,32.9,4367.0,3177.0,3.0,42.3,4437.0,5.732,https://www.wayfair.com/furniture/pdp/joss-main-oreille-upholstered-dining-chair-w004812266.html?piid=1418599679,646_aug1,0,1,1,0
1,0,未知產品,Wayfair,橡膠木,46.99×53.59×80.52,33.4,4983.0,2531.0,3.0,48.1,5610.0,5.549,https://www.wayfair.com/furniture/pdp/joss-main-oreille-upholstered-dining-chair-w004812266.html?piid=1418599679,646_aug2,0,1,1,0
1,0,未知產品,Wayfair,橡膠木,46.99×53.59×80.52,30.4,4374.0,3238.0,3.0,54.5,5759.0,5.529,https://www.wayfair.com/furniture/pdp/joss-main-oreille-upholstered-dining-chair-w004812266.html?piid=1418599679,646_aug3,0,1,1,0
1,0,未知產品,Wayfair,橡膠木,46.99×53.59×80.52,28.5,4024.0,2786.0,3.0,53.1,4586.0,5.667,https://www.wayfair.com/furniture/pdp/joss-main-oreille-upholstered-dining-chair-w004812266.html?piid=1418599679,646_aug4,0,1,1,0
1,0,未知產品,Wayfair,橡膠木,47.24×65.15×97.79,53.8,4451.0,2800.0,4.0,48.9,5180.0,5.736,https://www.wayfair.com/outdoor/pdp/sol-72-outdoor-keyla-windmill-w000064099.html?piid=115750837,649_aug1,0,1,1,0
1,0,未知產品,Wayfair,橡膠木,47.24×65.15×97.79,40.9,5167.0,3220.0,4.0,57.7,4539.0,5.679,https://www.wayfair.com/outdoor/pdp/sol-72-outdoor-keyla-windmill-w000064099.html?piid=115750837,649_aug2,0,1,1,0
1,0,未知產品,Wayfair,橡膠木,47.24×65.15×97.79,52.2,4177.0,3463.0,4.0,43.7,5088.0,5.68,https://www.wayfair.com/outdoor/pdp/sol-72-outdoor-keyla-windmill-w000064099.html?piid=115750837,649_aug3,0,1,1,0
1,0,未知產品,Wayfair,橡膠木,47.24×65.15×97.79,51.5,4691.0,3582.0,4.0,45.9,5518.0,5.783,https://www.wayfair.com/outdoor/pdp/sol-72-outdoor-keyla-windmill-w000064099.html?piid=115750837,649_aug4,0,1,1,0
1,0,未知產品,Wayfair,橡膠木,45.97×53.59×80.52,35.7,4949.0,2998.0,29.0,49.8,4755.0,5.371,https://www.wayfair.com/furniture/pdp/joss-main-montclair-dining-chair-w003190781.html?piid=1554562122,653_aug1,0,1,1,0
1,0,未知產品,Wayfair,橡膠木,45.97×53.59×80.52,35.2,4141.0,2563.0,25.0,49.4,4853.0,5.495,https://www.wayfair.com/furniture/pdp/joss-main-montclair-dining-chair-w003190781.html?piid=1554562122,653_aug2,0,1,1,0
1,0,未知產品,Wayfair,橡膠木,45.97×53.59×80.52,32.7,4481.0,2851.0,30.0,45.7,5766.0,5.535,https://www.wayfair.com/furniture/pdp/joss-main-montclair-dining-chair-w003190781.html?piid=1554562122,653_aug3,0,1,1,0
1,0,未知產品,Wayfair,橡膠木,45.97×53.59×80.52,37.5,5067.0,2888.0,29.0,51.3,5360.0,5.525,https://www.wayfair.com/furniture/pdp/joss-main-montclair-dining-chair-w003190781.html?piid=1554562122,653_aug4,0,1,1,0
1,0,未知產品,Wayfair,橡木,49×54×85,90.5,5172.0,2526.0,5.0,47.7,5353.0,4.598,https://www.wayfair.com/furniture/pdp/gracie-oaks-upholstered-wooden-dining-chairs-w112147580.html?piid=1756808240,654_aug1,0,1,1,0
1,0,未知產品,Wayfair,橡木,49×54×85,92.3,5041.0,2423.0,5.0,43.5,5805.0,4.626,https://www.wayfair.com/furniture/pdp/gracie-oaks-upholstered-wooden-dining-chairs-w112147580.html?piid=1756808240,654_aug2,0,1,1,0
1,0,未知產品,Wayfair,橡木,49×54×85,78.1,4341.0,2768.0,4.0,46.4,5717.0,4.695,https://www.wayfair.com/furniture/pdp/gracie-oaks-upholstered-wooden-dining-chairs-w112147580.html?piid=1756808240,654_aug3,0,1,1,0
1,0,未知產品,Wayfair,橡木,49×54×85,74.0,5166.0,2804.0,4.0,38.4,4563.0,4.693,https://www.wayfair.com/furniture/pdp/gracie-oaks-upholstered-wooden-dining-chairs-w112147580.html?piid=1756808240,654_aug4,0,1,1,0
1,0,Frank Solid Wood Upholstered Dining Chair,Wayfair,橡木,41.91×29.84×158.12,135.4,4140.0,1116.0,3.0,48.8,5436.0,4.665,https://www.wayfair.com/furniture/pdp/loon-peak-frank-solid-wood-upholstered-dining-chair-w100325964.html,661_aug1,0,1,1,0
1,0,Frank Solid Wood Upholstered Dining Chair,Wayfair,橡木,41.91×29.84×158.12,176.7,4131.0,1053.0,3.0,40.5,5785.0,4.748,https://www.wayfair.com/furniture/pdp/loon-peak-frank-solid-wood-upholstered-dining-chair-w100325964.html,661_aug2,0,1,1,0
1,0,Frank Solid Wood Upholstered Dining Chair,Wayfair,橡木,41.91×29.84×158.12,137.1,5090.0,1063.0,3.0,45.3,5570.0,4.661,https://www.wayfair.com/furniture/pdp/loon-peak-frank-solid-wood-upholstered-dining-chair-w100325964.html,661_aug3,0,1,1,0
1,0,Frank Solid Wood Upholstered Dining Chair,Wayfair,橡木,41.91×29.84×158.12,147.1,4459.0,904.0,3.0,43.6,4717.0,4.656,https://www.wayfair.com/furniture/pdp/loon-peak-frank-solid-wood-upholstered-dining-chair-w100325964.html,661_aug4,0,1,1,0
1,0,Armalla 18.3'' H Upholstered Beech Side Chair,Wayfair,橡膠木,44.45×58.42×46.36,44.7,3564.0,2500.0,5.0,46.6,2463.0,5.785,https://www.wayfair.com/furniture/pdp/wade-logan-armalla-upholstered-side-chair-w002422001.html?piid=1526626533,663_aug1,0,0,0,0
1,0,Armalla 18.3'' H Upholstered Beech Side Chair,Wayfair,橡膠木,44.45×58.42×46.36,41.8,3380.0,2905.0,5.0,54.8,2446.0,6.001,https://www.wayfair.com/furniture/pdp/wade-logan-armalla-upholstered-side-chair-w002422001.html?piid=1526626533,663_aug2,0,0,0,0
1,0,Armalla 18.3'' H Upholstered Beech Side Chair,Wayfair,橡膠木,44.45×58.42×46.36,40.6,3064.0,2881.0,4.0,45.3,2078.0,5.981,https://www.wayfair.com/furniture/pdp/wade-logan-armalla-upholstered-side-chair-w002422001.html?piid=1526626533,663_aug3,0,0,0,0
1,0,Armalla 18.3'' H Upholstered Beech Side Chair,Wayfair,橡膠木,44.45×58.42×46.36,35.7,3592.0,2543.0,4.0,49.3,2153.0,5.929,https://www.wayfair.com/furniture/pdp/wade-logan-armalla-upholstered-side-chair-w002422001.html?piid=1526626533,663_aug4,0,0,0,0
1,0,Gantz 18'' H Upholstered Side Chair,Wayfair,橡膠木,49.0×52.5×81.99,36.4,4483.0,2848.0,50.0,700.2,5397.0,5.36,https://www.wayfair.com/furniture/pdp/mercury-row-gantz-upholstered-solid-wood-dining-chair-w003551955.html,668_aug1,0,1,1,0
1,0,Gantz 18'' H Upholstered Side Chair,Wayfair,橡膠木,49.0×52.5×81.99,31.4,5025.0,3127.0,41.0,700.4,5733.0,5.323,https://www.wayfair.com/furniture/pdp/mercury-row-gantz-upholstered-solid-wood-dining-chair-w003551955.html,668_aug2,0,1,1,0
1,0,Gantz 18'' H Upholstered Side Chair,Wayfair,橡膠木,49.0×52.5×81.99,31.7,4165.0,3270.0,53.0,568.2,5557.0,5.246,https://www.wayfair.com/furniture/pdp/mercury-row-gantz-upholstered-solid-wood-dining-chair-w003551955.html,668_aug3,0,1,1,0
1,0,Gantz 18'' H Upholstered Side Chair,Wayfair,橡膠木,49.0×52.5×81.99,37.7,5067.0,3231.0,46.0,692.6,5107.0,5.329,https://www.wayfair.com/furniture/pdp/mercury-row-gantz-upholstered-solid-wood-dining-chair-w003551955.html,668_aug4,0,1,1,0
1,0,Todmorden 18'' H Fabric Upholstered Side Chair,Wayfair,橡膠木,51.05×48.01×74.42,77.1,4031.0,2742.0,5.0,50.8,4011.0,5.037,https://www.wayfair.com/furniture/pdp/one-allium-way-todmorden-side-chair-in-tan-w004353414.html,669_aug1,0,1,0,0
1,0,Todmorden 18'' H Fabric Upholstered Side Chair,Wayfair,橡膠木,51.05×48.01×74.42,69.6,4254.0,2343.0,5.0,45.8,4833.0,4.952,https://www.wayfair.com/furniture/pdp/one-allium-way-todmorden-side-chair-in-tan-w004353414.html,669_aug2,0,1,0,0
1,0,Todmorden 18'' H Fabric Upholstered Side Chair,Wayfair,橡膠木,51.05×48.01×74.42,78.7,4841.0,2225.0,5.0,44.8,4147.0,4.954,https://www.wayfair.com/furniture/pdp/one-allium-way-todmorden-side-chair-in-tan-w004353414.html,669_aug3,0,1,0,0
1,0,Todmorden 18'' H Fabric Upholstered Side Chair,Wayfair,橡膠木,51.05×48.01×74.42,78.6,4116.0,2641.0,6.0,45.9,4480.0,4.904,https://www.wayfair.com/furniture/pdp/one-allium-way-todmorden-side-chair-in-tan-w004353414.html,669_aug4,0,1,0,0
0,0,Trevion Upholstered Ladderback Side Chair,Wayfair,橡膠木,47.75×51.56×79.5,88.2,4210.0,4161.0,89.0,47.8,5403.0,4.979,https://www.wayfair.com/furniture/pdp/mistana-trevion-upholstered-ladderback-side-chair-mitn1144.html?piid=102155892%2C102155891,672_aug1,0,1,1,0
0,0,Trevion Upholstered Ladderback Side Chair,Wayfair,橡膠木,47.75×51.56×79.5,69.0,4902.0,3461.0,83.0,39.8,5612.0,4.922,https://www.wayfair.com/furniture/pdp/mistana-trevion-upholstered-ladderback-side-chair-mitn1144.html?piid=102155892%2C102155891,672_aug2,0,1,1,0
0,0,Trevion Upholstered Ladderback Side Chair,Wayfair,橡膠木,47.75×51.56×79.5,79.8,4631.0,3971.0,74.0,46.1,4776.0,4.978,https://www.wayfair.com/furniture/pdp/mistana-trevion-upholstered-ladderback-side-chair-mitn1144.html?piid=102155892%2C102155891,672_aug3,0,1,1,0
0,0,Trevion Upholstered Ladderback Side Chair,Wayfair,橡膠木,47.75×51.56×79.5,76.1,4589.0,3706.0,90.0,46.5,4598.0,4.985,https://www.wayfair.com/furniture/pdp/mistana-trevion-upholstered-ladderback-side-chair-mitn1144.html?piid=102155892%2C102155891,672_aug4,0,1,1,0
0,0,Mayfair Dining Chair,Wayfair,橡膠木,53.34×50.8×78.74,34.4,3854.0,1101.0,3.0,41.2,5544.0,5.64,https://www.wayfair.com/furniture/pdp/lark-manor-mayfair-dining-chair-lne11712.html?piid=69523974,677_aug1,0,1,1,0
0,0,Mayfair Dining Chair,Wayfair,橡膠木,53.34×50.8×78.74,29.1,4943.0,1088.0,4.0,47.5,5428.0,5.746,https://www.wayfair.com/furniture/pdp/lark-manor-mayfair-dining-chair-lne11712.html?piid=69523974,677_aug2,0,1,1,0
0,0,Mayfair Dining Chair,Wayfair,橡膠木,53.34×50.8×78.74,26.9,4873.0,1081.0,3.0,45.8,4428.0,5.724,https://www.wayfair.com/furniture/pdp/lark-manor-mayfair-dining-chair-lne11712.html?piid=69523974,677_aug3,0,1,1,0
0,0,Mayfair Dining Chair,Wayfair,橡膠木,53.34×50.8×78.74,31.4,5112.0,946.0,3.0,41.7,5235.0,5.72,https://www.wayfair.com/furniture/pdp/lark-manor-mayfair-dining-chair-lne11712.html?piid=69523974,677_aug4,0,1,1,0
1,0,"Omaar 18.9"" Width Classic Soft Linen Upholstery Dining Chair With Wooden Leg",Wayfair,橡膠木,45.01×51.99×95.0,51.5,4925.0,2593.0,4.0,44.8,5346.0,5.99,https://www.wayfair.com/furniture/pdp/george-oliver-omaar-189-width-classic-soft-linen-upholstery-dining-chair-with-wooden-leg-w112107769.html?piid=1854524172,694_aug1,0,1,1,0
1,0,"Omaar 18.9"" Width Classic Soft Linen Upholstery Dining Chair With Wooden Leg",Wayfair,橡膠木,45.01×51.99×95.0,43.8,4571.0,2279.0,5.0,51.4,4922.0,5.877,https://www.wayfair.com/furniture/pdp/george-oliver-omaar-189-width-classic-soft-linen-upholstery-dining-chair-with-wooden-leg-w112107769.html?piid=1854524172,694_aug2,0,1,1,0
1,0,"Omaar 18.9"" Width Classic Soft Linen Upholstery Dining Chair With Wooden Leg",Wayfair,橡膠木,45.01×51.99×95.0,41.9,4981.0,2668.0,5.0,45.1,5728.0,6.029,https://www.wayfair.com/furniture/pdp/george-oliver-omaar-189-width-classic-soft-linen-upholstery-dining-chair-with-wooden-leg-w112107769.html?piid=1854524172,694_aug3,0,1,1,0
1,0,"Omaar 18.9"" Width Classic Soft Linen Upholstery Dining Chair With Wooden Leg",Wayfair,橡膠木,45.01×51.99×95.0,53.3,4859.0,2259.0,5.0,42.6,4746.0,6.057,https://www.wayfair.com/furniture/pdp/george-oliver-omaar-189-width-classic-soft-linen-upholstery-dining-chair-with-wooden-leg-w112107769.html?piid=1854524172,694_aug4,0,1,1,0
1,0,未知產品,Wayfair,橡膠木,46.99×50.8×76.2,34.1,4803.0,1588.0,4.0,39.6,2262.0,5.432,https://www.wayfair.com/furniture/pdp/gracie-oaks-upholstered-wooden-dining-chairs-w112147580.html?piid=1756808240,704_aug1,0,1,0,0
1,0,未知產品,Wayfair,橡膠木,46.99×50.8×76.2,31.5,3834.0,1841.0,5.0,50.5,2376.0,5.36,https://www.wayfair.com/furniture/pdp/gracie-oaks-upholstered-wooden-dining-chairs-w112147580.html?piid=1756808240,704_aug2,0,1,0,0
1,0,未知產品,Wayfair,橡膠木,46.99×50.8×76.2,33.2,4783.0,1618.0,5.0,40.0,2461.0,5.529,https://www.wayfair.com/furniture/pdp/gracie-oaks-upholstered-wooden-dining-chairs-w112147580.html?piid=1756808240,704_aug3,0,1,0,0
1,0,未知產品,Wayfair,橡膠木,46.99×50.8×76.2,26.8,4181.0,1799.0,5.0,47.8,2376.0,5.461,https://www.wayfair.com/furniture/pdp/gracie-oaks-upholstered-wooden-dining-chairs-w112147580.html?piid=1756808240,704_aug4,0,1,0,0
1,0,未知產品,Wayfair,橡膠木,43×41×48,28.3,4230.0,970.0,3.0,51.5,5321.0,5.793,https://www.wayfair.com/bed-bath/pdp/home-14-medium-gel-memory-foam-mattress-hmek2674.html?piid=100754609,710_aug1,0,1,1,0
1,0,未知產品,Wayfair,橡膠木,43×41×48,26.8,3855.0,1226.0,2.0,45.2,4457.0,5.659,https://www.wayfair.com/bed-bath/pdp/home-14-medium-gel-memory-foam-mattress-hmek2674.html?piid=100754609,710_aug2,0,1,1,0
1,0,未知產品,Wayfair,橡膠木,43×41×48,27.7,4911.0,1263.0,3.0,54.0,5681.0,5.766,https://www.wayfair.com/bed-bath/pdp/home-14-medium-gel-memory-foam-mattress-hmek2674.html?piid=100754609,710_aug3,0,1,1,0
1,0,未知產品,Wayfair,橡膠木,43×41×48,26.6,4902.0,1026.0,2.0,44.2,5085.0,5.719,https://www.wayfair.com/bed-bath/pdp/home-14-medium-gel-memory-foam-mattress-hmek2674.html?piid=100754609,710_aug4,0,1,1,0
1,0,未知產品,Wayfair,橡膠木,44.5×58.4×86.4,37.6,4437.0,2871.0,3.0,48.1,4600.0,5.821,https://www.wayfair.com/furniture/pdp/gracie-oaks-clova-fabric-upholstered-side-chair-wood-leg-dining-chair-w110869860.html?piid=1570448579,713_aug1,0,1,0,0
1,0,未知產品,Wayfair,橡膠木,44.5×58.4×86.4,42.9,4450.0,2705.0,3.0,46.5,5734.0,5.876,https://www.wayfair.com/furniture/pdp/gracie-oaks-clova-fabric-upholstered-side-chair-wood-leg-dining-chair-w110869860.html?piid=1570448579,713_aug2,0,1,0,0
1,0,未知產品,Wayfair,橡膠木,44.5×58.4×86.4,38.2,4569.0,2280.0,2.0,39.4,4905.0,5.808,https://www.wayfair.com/furniture/pdp/gracie-oaks-clova-fabric-upholstered-side-chair-wood-leg-dining-chair-w110869860.html?piid=1570448579,713_aug3,0,1,0,0
1,0,未知產品,Wayfair,橡膠木,44.5×58.4×86.4,36.0,4712.0,2666.0,3.0,45.3,4476.0,5.851,https://www.wayfair.com/furniture/pdp/gracie-oaks-clova-fabric-upholstered-side-chair-wood-leg-dining-chair-w110869860.html?piid=1570448579,713_aug4,0,1,0,0
0,0,未知產品,Wayfair,橡木,41.91×29.84×158.12,140.5,4963.0,1324.0,2.0,150.6,5771.0,4.768,https://www.wayfair.com/furniture/pdp/winston-porter-parsons-upholstered-dining-chair-solid-wood-side-chair-w113301324.html?piid=2025372345,715_aug1,0,1,1,0
0,0,未知產品,Wayfair,橡木,41.91×29.84×158.12,172.4,4182.0,1126.0,3.0,166.9,5337.0,4.76,https://www.wayfair.com/furniture/pdp/winston-porter-parsons-upholstered-dining-chair-solid-wood-side-chair-w113301324.html?piid=2025372345,715_aug2,0,1,1,0
0,0,未知產品,Wayfair,橡木,41.91×29.84×158.12,161.1,4818.0,1148.0,2.0,175.7,4772.0,4.759,https://www.wayfair.com/furniture/pdp/winston-porter-parsons-upholstered-dining-chair-solid-wood-side-chair-w113301324.html?piid=2025372345,715_aug3,0,1,1,0
0,0,未知產品,Wayfair,橡木,41.91×29.84×158.12,167.7,5175.0,1209.0,2.0,174.3,5526.0,4.794,https://www.wayfair.com/furniture/pdp/winston-porter-parsons-upholstered-dining-chair-solid-wood-side-chair-w113301324.html?piid=2025372345,715_aug4,0,1,1,0
1,0,Jamali Upholstered Faux Leather Dining Arm Chairs Solid Back Barrel Dining Chairs Set of 1/2/3/4,Wayfair,橡膠木,46.99×50.8×76.2,30.2,2047.0,1488.0,3.0,51.0,4467.0,5.424,https://www.wayfair.com/furniture/pdp/ivy-bronx-jamali-upholstered-faux-leather-dining-arm-chairs-solid-back-barrel-dining-chairs-set-of-1234-w100730964.html?piid=1691404913%2C1691404919,729_aug1,0,0,0,0
1,0,Jamali Upholstered Faux Leather Dining Arm Chairs Solid Back Barrel Dining Chairs Set of 1/2/3/4,Wayfair,橡膠木,46.99×50.8×76.2,30.2,2471.0,1518.0,2.0,39.2,5161.0,5.352,https://www.wayfair.com/furniture/pdp/ivy-bronx-jamali-upholstered-faux-leather-dining-arm-chairs-solid-back-barrel-dining-chairs-set-of-1234-w100730964.html?piid=1691404913%2C1691404919,729_aug2,0,0,0,0
1,0,Jamali Upholstered Faux Leather Dining Arm Chairs Solid Back Barrel Dining Chairs Set of 1/2/3/4,Wayfair,橡膠木,46.99×50.8×76.2,33.6,2325.0,1424.0,2.0,51.1,4741.0,5.385,https://www.wayfair.com/furniture/pdp/ivy-bronx-jamali-upholstered-faux-leather-dining-arm-chairs-solid-back-barrel-dining-chairs-set-of-1234-w100730964.html?piid=1691404913%2C1691404919,729_aug3,0,0,0,0
1,0,Jamali Upholstered Faux Leather Dining Arm Chairs Solid Back Barrel Dining Chairs Set of 1/2/3/4,Wayfair,橡膠木,46.99×50.8×76.2,34.5,2361.0,1580.0,2.0,40.8,4342.0,5.383,https://www.wayfair.com/furniture/pdp/ivy-bronx-jamali-upholstered-faux-leather-dining-arm-chairs-solid-back-barrel-dining-chairs-set-of-1234-w100730964.html?piid=1691404913%2C1691404919,729_aug4,0,0,0,0
1,0,Manatuto 18'' H Solid Wood Side Chair,Wayfair,橡膠木,2.54×20.32×45.72,49.5,2108.0,1176.0,2.0,41.8,5796.0,5.701,https://www.wayfair.com/furniture/pdp/langley-street-manatuto-solid-wood-side-chair-w000415394.html?piid=2038995103,735_aug1,0,0,0,0
1,0,Manatuto 18'' H Solid Wood Side Chair,Wayfair,橡膠木,2.54×20.32×45.72,44.0,2150.0,971.0,3.0,41.6,5358.0,5.833,https://www.wayfair.com/furniture/pdp/langley-street-manatuto-solid-wood-side-chair-w000415394.html?piid=2038995103,735_aug2,0,0,0,0
1,0,Manatuto 18'' H Solid Wood Side Chair,Wayfair,橡膠木,2.54×20.32×45.72,46.3,1965.0,1139.0,2.0,44.7,5343.0,5.69,https://www.wayfair.com/furniture/pdp/langley-street-manatuto-solid-wood-side-chair-w000415394.html?piid=2038995103,735_aug3,0,0,0,0
1,0,Manatuto 18'' H Solid Wood Side Chair,Wayfair,橡膠木,2.54×20.32×45.72,50.1,2568.0,1203.0,2.0,44.3,5692.0,5.719,https://www.wayfair.com/furniture/pdp/langley-street-manatuto-solid-wood-side-chair-w000415394.html?piid=2038995103,735_aug4,0,0,0,0
1,0,Tremel 19.5'' H Fabric Upholstered Armchair,Wayfair,橡木,46.99×50.8×76.2,33.4,3838.0,1047.0,5.0,49.3,5501.0,5.534,https://www.wayfair.com/furniture/pdp/wildon-home-tremel-fabric-arm-chair-in-gray-w003071878.html,742_aug1,0,1,1,0
1,0,Tremel 19.5'' H Fabric Upholstered Armchair,Wayfair,橡木,46.99×50.8×76.2,27.0,4138.0,1379.0,5.0,48.2,5108.0,5.349,https://www.wayfair.com/furniture/pdp/wildon-home-tremel-fabric-arm-chair-in-gray-w003071878.html,742_aug2,0,1,1,0
1,0,Tremel 19.5'' H Fabric Upholstered Armchair,Wayfair,橡木,46.99×50.8×76.2,28.5,4528.0,1360.0,5.0,47.4,5056.0,5.396,https://www.wayfair.com/furniture/pdp/wildon-home-tremel-fabric-arm-chair-in-gray-w003071878.html,742_aug3,0,1,1,0
1,0,Tremel 19.5'' H Fabric Upholstered Armchair,Wayfair,橡木,46.99×50.8×76.2,27.0,4377.0,1056.0,5.0,44.8,4938.0,5.341,https://www.wayfair.com/furniture/pdp/wildon-home-tremel-fabric-arm-chair-in-gray-w003071878.html,742_aug4,0,1,1,0
1,0,未知產品,Wayfair,橡木,2.5×2.5×2.5,46.2,4567.0,2254.0,1.0,0.9,5601.0,0.98,https://www.wayfair.com/furniture/pdp/winston-porter-parsons-upholstered-dining-chair-solid-wood-side-chair-w113301324.html?piid=2025372345,772_aug1,0,0,0,0
1,0,未知產品,Wayfair,橡木,2.5×2.5×2.5,50.2,3852.0,2781.0,0.0,1.1,4913.0,0.983,https://www.wayfair.com/furniture/pdp/winston-porter-parsons-upholstered-dining-chair-solid-wood-side-chair-w113301324.html?piid=2025372345,772_aug2,0,0,0,0
1,0,未知產品,Wayfair,橡木,2.5×2.5×2.5,48.6,3921.0,2908.0,0.0,1.0,5401.0,0.996,https://www.wayfair.com/furniture/pdp/winston-porter-parsons-upholstered-dining-chair-solid-wood-side-chair-w113301324.html?piid=2025372345,772_aug3,0,0,0,0
1,0,未知產品,Wayfair,橡木,2.5×2.5×2.5,41.2,4850.0,2801.0,1.0,1.0,5071.0,0.995,https://www.wayfair.com/furniture/pdp/winston-porter-parsons-upholstered-dining-chair-solid-wood-side-chair-w113301324.html?piid=2025372345,772_aug4,0,0,0,0
0,0,Bargman Mid-Century Modern Velvet Dining Chair,Wayfair,橡木,2.54×0.66×2.54,41.7,4839.0,2457.0,2.0,2.4,5385.0,2.033,https://www.wayfair.com/furniture/pdp/wade-logan-bargman-mid-century-modern-velvet-dining-chair-w100018378.html?piid=525432982,775_aug1,0,0,0,1
0,0,Bargman Mid-Century Modern Velvet Dining Chair,Wayfair,橡木,2.54×0.66×2.54,47.3,4462.0,2797.0,2.0,2.2,4448.0,1.963,https://www.wayfair.com/furniture/pdp/wade-logan-bargman-mid-century-modern-velvet-dining-chair-w100018378.html?piid=525432982,775_aug2,0,0,0,1
0,0,Bargman Mid-Century Modern Velvet Dining Chair,Wayfair,橡木,2.54×0.66×2.54,44.4,4940.0,2436.0,2.0,2.8,5574.0,2.013,https://www.wayfair.com/furniture/pdp/wade-logan-bargman-mid-century-modern-velvet-dining-chair-w100018378.html?piid=525432982,775_aug3,0,0,0,1
0,0,Bargman Mid-Century Modern Velvet Dining Chair,Wayfair,橡木,2.54×0.66×2.54,41.9,3983.0,2206.0,2.0,2.3,5141.0,1.965,https://www.wayfair.com/furniture/pdp/wade-logan-bargman-mid-century-modern-velvet-dining-chair-w100018378.html?piid=525432982,775_aug4,0,0,0,1
0,0,Nafaro Rattan Dining Chair with Cushion,Wayfair,橡木,41.91×29.84×158.12,140.8,4069.0,2683.0,3.0,43.2,6893.0,4.726,https://www.wayfair.com/furniture/pdp/bayou-breeze-nafaro-rattan-dining-chair-with-cushion-w009059928.html,776_aug1,0,1,0,0
0,0,Nafaro Rattan Dining Chair with Cushion,Wayfair,橡木,41.91×29.84×158.12,139.0,4131.0,2889.0,3.0,44.5,8383.0,4.777,https://www.wayfair.com/furniture/pdp/bayou-breeze-nafaro-rattan-dining-chair-with-cushion-w009059928.html,776_aug2,0,1,0,0
0,0,Nafaro Rattan Dining Chair with Cushion,Wayfair,橡木,41.91×29.84×158.12,136.0,5171.0,2270.0,3.0,39.4,7210.0,4.778,https://www.wayfair.com/furniture/pdp/bayou-breeze-nafaro-rattan-dining-chair-with-cushion-w009059928.html,776_aug3,0,1,0,0
0,0,Nafaro Rattan Dining Chair with Cushion,Wayfair,橡木,41.91×29.84×158.12,155.1,4163.0,2453.0,2.0,48.5,8118.0,4.742,https://www.wayfair.com/furniture/pdp/bayou-breeze-nafaro-rattan-dining-chair-with-cushion-w009059928.html,776_aug4,0,1,0,0
1,0,Modway Winona Wood Dining Side Chair,Wayfair,橡膠木,44.45×58.42×89,38.1,3413.0,2316.0,2.0,48.8,5640.0,5.813,https://www.wayfair.com/furniture/pdp/modway-winona-wood-dining-side-chair-w009453861.html?piid=1233015693,778_aug1,0,0,1,0
1,0,Modway Winona Wood Dining Side Chair,Wayfair,橡膠木,44.45×58.42×89,37.2,3116.0,2408.0,3.0,50.1,4963.0,5.808,https://www.wayfair.com/furniture/pdp/modway-winona-wood-dining-side-chair-w009453861.html?piid=1233015693,778_aug2,0,0,1,0
1,0,Modway Winona Wood Dining Side Chair,Wayfair,橡膠木,44.45×58.42×89,37.4,3423.0,2880.0,2.0,44.9,4384.0,5.926,https://www.wayfair.com/furniture/pdp/modway-winona-wood-dining-side-chair-w009453861.html?piid=1233015693,778_aug3,0,0,1,0
1,0,Modway Winona Wood Dining Side Chair,Wayfair,橡膠木,44.45×58.42×89,44.6,3003.0,2720.0,3.0,57.4,4401.0,5.827,https://www.wayfair.com/furniture/pdp/modway-winona-wood-dining-side-chair-w009453861.html?piid=1233015693,778_aug4,0,0,1,0
0,0,Ursula Cross Back Side Chair in Buttermilk and Oak (Set of 2),Wayfair,橡膠木,44.45×50.8×81.28,70.8,4997.0,2459.0,3.0,41.1,4718.0,4.503,https://www.wayfair.com/furniture/pdp/ursula-cross-back-side-chair-in-buttermilk-and-oak-set-of-2-aggr5681.html,785_aug1,0,1,1,0
0,0,Ursula Cross Back Side Chair in Buttermilk and Oak (Set of 2),Wayfair,橡膠木,44.45×50.8×81.28,82.8,4173.0,1971.0,3.0,44.2,4990.0,4.472,https://www.wayfair.com/furniture/pdp/ursula-cross-back-side-chair-in-buttermilk-and-oak-set-of-2-aggr5681.html,785_aug2,0,1,1,0
0,0,Ursula Cross Back Side Chair in Buttermilk and Oak (Set of 2),Wayfair,橡膠木,44.45×50.8×81.28,88.7,4588.0,2533.0,3.0,53.2,5657.0,4.554,https://www.wayfair.com/furniture/pdp/ursula-cross-back-side-chair-in-buttermilk-and-oak-set-of-2-aggr5681.html,785_aug3,0,1,1,0
0,0,Ursula Cross Back Side Chair in Buttermilk and Oak (Set of 2),Wayfair,橡膠木,44.45×50.8×81.28,91.9,4261.0,2170.0,2.0,48.3,5399.0,4.59,https://www.wayfair.com/furniture/pdp/ursula-cross-back-side-chair-in-buttermilk-and-oak-set-of-2-aggr5681.html,785_aug4,0,1,1,0
1,0,Huse 18'' H Solid Wood Side Chair,Wayfair,橡膠木,46.99×50.8×76.2,27.3,4425.0,1256.0,5.0,41.0,8123.0,5.381,https://www.wayfair.com/furniture/pdp/darby-home-co-huse-solid-wood-slat-back-side-chair-w005067257.html?piid=1422805781,792_aug1,0,1,0,0
1,0,Huse 18'' H Solid Wood Side Chair,Wayfair,橡膠木,46.99×50.8×76.2,28.6,4974.0,1374.0,4.0,45.6,6342.0,5.546,https://www.wayfair.com/furniture/pdp/darby-home-co-huse-solid-wood-slat-back-side-chair-w005067257.html?piid=1422805781,792_aug2,0,1,0,0
1,0,Huse 18'' H Solid Wood Side Chair,Wayfair,橡膠木,46.99×50.8×76.2,31.3,4171.0,1418.0,4.0,49.8,8169.0,5.521,https://www.wayfair.com/furniture/pdp/darby-home-co-huse-solid-wood-slat-back-side-chair-w005067257.html?piid=1422805781,792_aug3,0,1,0,0
1,0,Huse 18'' H Solid Wood Side Chair,Wayfair,橡膠木,46.99×50.8×76.2,29.1,4265.0,1197.0,5.0,46.2,7157.0,5.529,https://www.wayfair.com/furniture/pdp/darby-home-co-huse-solid-wood-slat-back-side-chair-w005067257.html?piid=1422805781,792_aug4,0,1,0,0
1,0,Albulena 18'' H Solid Wood Side Chair,Wayfair,橡膠木,55.88×52.07×88.9,40.0,3838.0,2251.0,2.0,40.4,8633.0,5.211,https://www.wayfair.com/furniture/pdp/lark-manor-albulena-solid-wood-cross-back-side-chair-w000790310.html?piid=1104878810,809_aug1,0,1,0,0
1,0,Albulena 18'' H Solid Wood Side Chair,Wayfair,橡膠木,55.88×52.07×88.9,40.1,4838.0,2352.0,3.0,44.9,8657.0,5.341,https://www.wayfair.com/furniture/pdp/lark-manor-albulena-solid-wood-cross-back-side-chair-w000790310.html?piid=1104878810,809_aug2,0,1,0,0
1,0,Albulena 18'' H Solid Wood Side Chair,Wayfair,橡膠木,55.88×52.07×88.9,38.2,4500.0,2855.0,3.0,43.9,8361.0,5.288,https://www.wayfair.com/furniture/pdp/lark-manor-albulena-solid-wood-cross-back-side-chair-w000790310.html?piid=1104878810,809_aug3,0,1,0,0
1,0,Albulena 18'' H Solid Wood Side Chair,Wayfair,橡膠木,55.88×52.07×88.9,49.6,3880.0,2249.0,2.0,43.2,8018.0,5.191,https://www.wayfair.com/furniture/pdp/lark-manor-albulena-solid-wood-cross-back-side-chair-w000790310.html?piid=1104878810,809_aug4,0,1,0,0
1,0,HERCULES Series Finished School House Back Wooden Restaurant Chair,Wayfair,橡膠木,44.45×48.9×90.81,41.4,5626.0,2917.0,2.0,40.5,4677.0,6.002,https://www.wayfair.com/furniture/pdp/lark-manor-hercules-series-finished-school-house-back-wooden-restaurant-chair-w003549316.html?piid=810444968,811_aug1,0,0,1,0
1,0,HERCULES Series Finished School House Back Wooden Restaurant Chair,Wayfair,橡膠木,44.45×48.9×90.81,49.1,6877.0,2275.0,2.0,43.2,4702.0,5.918,https://www.wayfair.com/furniture/pdp/lark-manor-hercules-series-finished-school-house-back-wooden-restaurant-chair-w003549316.html?piid=810444968,811_aug2,0,0,1,0
1,0,HERCULES Series Finished School House Back Wooden Restaurant Chair,Wayfair,橡膠木,44.45×48.9×90.81,50.0,6856.0,2883.0,2.0,40.9,4946.0,5.785,https://www.wayfair.com/furniture/pdp/lark-manor-hercules-series-finished-school-house-back-wooden-restaurant-chair-w003549316.html?piid=810444968,811_aug3,0,0,1,0
1,0,HERCULES Series Finished School House Back Wooden Restaurant Chair,Wayfair,橡膠木,44.45×48.9×90.81,50.8,5671.0,2861.0,2.0,42.6,4362.0,5.859,https://www.wayfair.com/furniture/pdp/lark-manor-hercules-series-finished-school-house-back-wooden-restaurant-chair-w003549316.html?piid=810444968,811_aug4,0,0,1,0
1,0,未知產品,Wayfair,橡膠木,44.45×58.42×81.28,46.8,6540.0,2508.0,4.0,48.8,2996.0,5.842,https://www.wayfair.com/furniture/pdp/george-oliver-maleehah-solid-wood-small-upholstered-dining-chair-w111659311.html?piid=1812208260,824_aug1,0,0,0,0
1,0,未知產品,Wayfair,橡膠木,44.45×58.42×81.28,46.6,7479.0,2406.0,5.0,45.3,3082.0,5.911,https://www.wayfair.com/furniture/pdp/george-oliver-maleehah-solid-wood-small-upholstered-dining-chair-w111659311.html?piid=1812208260,824_aug2,0,0,0,0
1,0,未知產品,Wayfair,橡膠木,44.45×58.42×81.28,38.6,8035.0,2574.0,5.0,57.6,2939.0,5.861,https://www.wayfair.com/furniture/pdp/george-oliver-maleehah-solid-wood-small-upholstered-dining-chair-w111659311.html?piid=1812208260,824_aug3,0,0,0,0
1,0,未知產品,Wayfair,橡膠木,44.45×58.42×81.28,39.6,6827.0,2821.0,5.0,50.6,3360.0,5.796,https://www.wayfair.com/furniture/pdp/george-oliver-maleehah-solid-wood-small-upholstered-dining-chair-w111659311.html?piid=1812208260,824_aug4,0,0,0,0
0,0,未知產品,Wayfair,橡木,41.91×29.84×158.12,160.7,4893.0,5078.0,2.0,166.0,4852.0,4.759,https://www.wayfair.com/furniture/pdp/winston-porter-parsons-upholstered-dining-chair-solid-wood-side-chair-w113301324.html?piid=2025372345,826_aug1,0,1,1,0
0,0,未知產品,Wayfair,橡木,41.91×29.84×158.12,157.5,4340.0,5294.0,3.0,134.6,5720.0,4.752,https://www.wayfair.com/furniture/pdp/winston-porter-parsons-upholstered-dining-chair-solid-wood-side-chair-w113301324.html?piid=2025372345,826_aug2,0,1,1,0
0,0,未知產品,Wayfair,橡木,41.91×29.84×158.12,167.6,4980.0,4919.0,3.0,142.8,4544.0,4.78,https://www.wayfair.com/furniture/pdp/winston-porter-parsons-upholstered-dining-chair-solid-wood-side-chair-w113301324.html?piid=2025372345,826_aug3,0,1,1,0
0,0,未知產品,Wayfair,橡木,41.91×29.84×158.12,175.7,5030.0,5182.0,3.0,150.1,5791.0,4.716,https://www.wayfair.com/furniture/pdp/winston-porter-parsons-upholstered-dining-chair-solid-wood-side-chair-w113301324.html?piid=2025372345,826_aug4,0,1,1,0
0,0,Clarke X Back Faux Leather Folding Dining Chair,Wayfair,橡木,,48.3,4543.0,2665.0,0.0,2.8,5171.0,5.088,https://www.wayfair.com/furniture/pdp/andover-mills-clarke-x-back-faux-leather-folding-dining-chair-w000855801.html,827_aug1,0,0,0,1
0,0,Clarke X Back Faux Leather Folding Dining Chair,Wayfair,橡木,,38.4,4598.0,2749.0,0.0,2.8,4309.0,4.9,https://www.wayfair.com/furniture/pdp/andover-mills-clarke-x-back-faux-leather-folding-dining-chair-w000855801.html,827_aug2,0,0,0,1
0,0,Clarke X Back Faux Leather Folding Dining Chair,Wayfair,橡木,,44.6,3865.0,2948.0,0.0,2.5,4396.0,5.004,https://www.wayfair.com/furniture/pdp/andover-mills-clarke-x-back-faux-leather-folding-dining-chair-w000855801.html,827_aug3,0,0,0,1
0,0,Clarke X Back Faux Leather Folding Dining Chair,Wayfair,橡木,,43.4,3885.0,2453.0,0.0,2.9,4618.0,5.009,https://www.wayfair.com/furniture/pdp/andover-mills-clarke-x-back-faux-leather-folding-dining-chair-w000855801.html,827_aug4,0,0,0,1
0,0,Springhill 19'' H Faux Leather Upholstered Side Chair,Wayfair,橡膠木,46.99×50.8×76.2,35.0,4894.0,2963.0,14.0,45.6,5360.0,5.355,https://www.wayfair.com/furniture/pdp/loon-peak-springhill-upholstered-ladder-back-side-chair-cst9041.html?piid=9694167,832_aug1,0,1,1,0
0,0,Springhill 19'' H Faux Leather Upholstered Side Chair,Wayfair,橡膠木,46.99×50.8×76.2,30.0,4917.0,2585.0,13.0,49.1,4688.0,5.522,https://www.wayfair.com/furniture/pdp/loon-peak-springhill-upholstered-ladder-back-side-chair-cst9041.html?piid=9694167,832_aug2,0,1,1,0
0,0,Springhill 19'' H Faux Leather Upholstered Side Chair,Wayfair,橡膠木,46.99×50.8×76.2,30.1,4109.0,2864.0,12.0,49.1,5135.0,5.414,https://www.wayfair.com/furniture/pdp/loon-peak-springhill-upholstered-ladder-back-side-chair-cst9041.html?piid=9694167,832_aug3,0,1,1,0
0,0,Springhill 19'' H Faux Leather Upholstered Side Chair,Wayfair,橡膠木,46.99×50.8×76.2,33.3,4614.0,2496.0,11.0,51.1,4357.0,5.519,https://www.wayfair.com/furniture/pdp/loon-peak-springhill-upholstered-ladder-back-side-chair-cst9041.html?piid=9694167,832_aug4,0,1,1,0
0,0,Modway Curve Fabric Dining Chair,Wayfair,橡膠木,40.01×46.99×92.08,34.7,4688.0,1235.0,12.0,52.0,5464.0,5.041,https://www.wayfair.com/furniture/pdp/modway-curve-fabric-dining-chair-fow21743.html?piid=101775490,851_aug1,0,1,1,0
0,0,Modway Curve Fabric Dining Chair,Wayfair,橡膠木,40.01×46.99×92.08,36.5,4668.0,1181.0,15.0,55.0,4840.0,5.089,https://www.wayfair.com/furniture/pdp/modway-curve-fabric-dining-chair-fow21743.html?piid=101775490,851_aug2,0,1,1,0
0,0,Modway Curve Fabric Dining Chair,Wayfair,橡膠木,40.01×46.99×92.08,35.5,3858.0,1051.0,12.0,45.2,4730.0,4.901,https://www.wayfair.com/furniture/pdp/modway-curve-fabric-dining-chair-fow21743.html?piid=101775490,851_aug3,0,1,1,0
0,0,Modway Curve Fabric Dining Chair,Wayfair,橡膠木,40.01×46.99×92.08,38.2,3925.0,998.0,12.0,44.3,4709.0,5.004,https://www.wayfair.com/furniture/pdp/modway-curve-fabric-dining-chair-fow21743.html?piid=101775490,851_aug4,0,1,1,0
0,0,Mid-century Modern Dining Chairs (set Of 2),Wayfair,橡木,58.42×48.26×101.6,94.1,5007.0,3141.0,5.0,42.5,4419.0,5.966,https://www.wayfair.com/furniture/pdp/corrigan-studio-mid-century-modern-dining-chairs-set-of-2-w011284268.html?piid=233641736,854_aug1,0,1,1,0
0,0,Mid-century Modern Dining Chairs (set Of 2),Wayfair,橡木,58.42×48.26×101.6,71.9,4577.0,2609.0,5.0,52.4,5452.0,5.98,https://www.wayfair.com/furniture/pdp/corrigan-studio-mid-century-modern-dining-chairs-set-of-2-w011284268.html?piid=233641736,854_aug2,0,1,1,0
0,0,Mid-century Modern Dining Chairs (set Of 2),Wayfair,橡木,58.42×48.26×101.6,84.4,5001.0,2946.0,6.0,42.7,5207.0,5.945,https://www.wayfair.com/furniture/pdp/corrigan-studio-mid-century-modern-dining-chairs-set-of-2-w011284268.html?piid=233641736,854_aug3,0,1,1,0
0,0,Mid-century Modern Dining Chairs (set Of 2),Wayfair,橡木,58.42×48.26×101.6,79.9,5013.0,3229.0,5.0,44.2,5019.0,5.983,https://www.wayfair.com/furniture/pdp/corrigan-studio-mid-century-modern-dining-chairs-set-of-2-w011284268.html?piid=233641736,854_aug4,0,1,1,0
1,0,Donner Padded Seat Cane Back Banquet Dining Chair,Wayfair,橡木,46.99×58.42×91.44,47.0,3885.0,1095.0,4.0,52.2,4801.0,5.893,https://www.wayfair.com/furniture/pdp/joss-main-donner-padded-seat-cane-back-banquet-dining-chair-w004185368.html?piid=1966566544,865_aug1,0,1,1,0
1,0,Donner Padded Seat Cane Back Banquet Dining Chair,Wayfair,橡木,46.99×58.42×91.44,49.0,3888.0,970.0,5.0,44.3,4816.0,6.018,https://www.wayfair.com/furniture/pdp/joss-main-donner-padded-seat-cane-back-banquet-dining-chair-w004185368.html?piid=1966566544,865_aug2,0,1,1,0
1,0,Donner Padded Seat Cane Back Banquet Dining Chair,Wayfair,橡木,46.99×58.42×91.44,49.4,5018.0,1223.0,5.0,45.3,4658.0,5.978,https://www.wayfair.com/furniture/pdp/joss-main-donner-padded-seat-cane-back-banquet-dining-chair-w004185368.html?piid=1966566544,865_aug3,0,1,1,0
1,0,Donner Padded Seat Cane Back Banquet Dining Chair,Wayfair,橡木,46.99×58.42×91.44,47.4,4144.0,1041.0,5.0,48.6,5652.0,5.872,https://www.wayfair.com/furniture/pdp/joss-main-donner-padded-seat-cane-back-banquet-dining-chair-w004185368.html?piid=1966566544,865_aug4,0,1,1,0
1,0,Bastiano 18.5'' H Upholstered Beech Armchair,Wayfair,橡木,42.42×53.34×75.56,32.1,4389.0,2772.0,2.0,52.7,4420.0,4.487,https://www.wayfair.com/furniture/pdp/latitude-run-bastiano-upholstered-dining-chair-w005293747.html?piid=910516488,868_aug1,0,0,0,0
1,0,Bastiano 18.5'' H Upholstered Beech Armchair,Wayfair,橡木,42.42×53.34×75.56,28.4,4376.0,2690.0,2.0,41.5,5024.0,4.484,https://www.wayfair.com/furniture/pdp/latitude-run-bastiano-upholstered-dining-chair-w005293747.html?piid=910516488,868_aug2,0,0,0,0
1,0,Bastiano 18.5'' H Upholstered Beech Armchair,Wayfair,橡木,42.42×53.34×75.56,32.0,5091.0,2565.0,2.0,51.0,5400.0,4.514,https://www.wayfair.com/furniture/pdp/latitude-run-bastiano-upholstered-dining-chair-w005293747.html?piid=910516488,868_aug3,0,0,0,0
1,0,Bastiano 18.5'' H Upholstered Beech Armchair,Wayfair,橡木,42.42×53.34×75.56,31.9,5106.0,2626.0,2.0,44.1,5227.0,4.529,https://www.wayfair.com/furniture/pdp/latitude-run-bastiano-upholstered-dining-chair-w005293747.html?piid=910516488,868_aug4,0,0,0,0
1,0,未知產品,Wayfair,橡膠木,50.16×52.07×87.63,37.1,3916.0,2390.0,2.0,48.9,5216.0,6.016,https://www.wayfair.com/furniture/pdp/red-barrel-studio-desarie-58-media-console-for-tvs-up-to-65-with-electric-fireplace-adjustable-shelves-and-glass-doors-w100574068.html?piid=2027364521,870_aug1,0,1,1,0
1,0,未知產品,Wayfair,橡膠木,50.16×52.07×87.63,38.1,4394.0,2840.0,2.0,55.4,4970.0,6.026,https://www.wayfair.com/furniture/pdp/red-barrel-studio-desarie-58-media-console-for-tvs-up-to-65-with-electric-fireplace-adjustable-shelves-and-glass-doors-w100574068.html?piid=2027364521,870_aug2,0,1,1,0
1,0,未知產品,Wayfair,橡膠木,50.16×52.07×87.63,34.1,4707.0,2853.0,3.0,55.5,4731.0,6.008,https://www.wayfair.com/furniture/pdp/red-barrel-studio-desarie-58-media-console-for-tvs-up-to-65-with-electric-fireplace-adjustable-shelves-and-glass-doors-w100574068.html?piid=2027364521,870_aug3,0,1,1,0
1,0,未知產品,Wayfair,橡膠木,50.16×52.07×87.63,38.8,4586.0,2316.0,3.0,54.2,4986.0,5.937,https://www.wayfair.com/furniture/pdp/red-barrel-studio-desarie-58-media-console-for-tvs-up-to-65-with-electric-fireplace-adjustable-shelves-and-glass-doors-w100574068.html?piid=2027364521,870_aug4,0,1,1,0
1,0,Hendrix 18.2'' H Linen Upholstered Side Chair,Wayfair,橡木,2.54×0.66×2.54,40.2,4748.0,5192.0,0.0,48.8,5283.0,5.012,https://www.wayfair.com/furniture/pdp/sand-stable-hendrix-solid-wood-cross-back-side-chair-w004710238.html,877_aug1,0,0,0,0
1,0,Hendrix 18.2'' H Linen Upholstered Side Chair,Wayfair,橡木,2.54×0.66×2.54,38.9,5083.0,5713.0,0.0,46.9,5381.0,4.911,https://www.wayfair.com/furniture/pdp/sand-stable-hendrix-solid-wood-cross-back-side-chair-w004710238.html,877_aug2,0,0,0,0
1,0,Hendrix 18.2'' H Linen Upholstered Side Chair,Wayfair,橡木,2.54×0.66×2.54,46.8,4857.0,5962.0,0.0,42.6,5784.0,5.099,https://www.wayfair.com/furniture/pdp/sand-stable-hendrix-solid-wood-cross-back-side-chair-w004710238.html,877_aug3,0,0,0,0
1,0,Hendrix 18.2'' H Linen Upholstered Side Chair,Wayfair,橡木,2.54×0.66×2.54,39.3,5089.0,5154.0,0.0,44.1,5772.0,4.92,https://www.wayfair.com/furniture/pdp/sand-stable-hendrix-solid-wood-cross-back-side-chair-w004710238.html,877_aug4,0,0,0,0
1,0,Fayne Solid Wood Ladder Back Counter Chair,Wayfair,橡木,41.91×29.84×158.12,158.0,4403.0,2446.0,31.0,140.6,5391.0,4.841,https://www.wayfair.com/furniture/pdp/alcott-hill-fayne-solid-wood-ladder-back-counter-chair-w006001911.html?piid=440765306,878_aug1,0,1,1,0
1,0,Fayne Solid Wood Ladder Back Counter Chair,Wayfair,橡木,41.91×29.84×158.12,172.5,4986.0,2472.0,28.0,158.9,4372.0,4.835,https://www.wayfair.com/furniture/pdp/alcott-hill-fayne-solid-wood-ladder-back-counter-chair-w006001911.html?piid=440765306,878_aug2,0,1,1,0
1,0,Fayne Solid Wood Ladder Back Counter Chair,Wayfair,橡木,41.91×29.84×158.12,141.2,5044.0,2259.0,33.0,141.6,4361.0,4.792,https://www.wayfair.com/furniture/pdp/alcott-hill-fayne-solid-wood-ladder-back-counter-chair-w006001911.html?piid=440765306,878_aug3,0,1,1,0
1,0,Fayne Solid Wood Ladder Back Counter Chair,Wayfair,橡木,41.91×29.84×158.12,147.7,4790.0,2624.0,26.0,178.6,4990.0,4.795,https://www.wayfair.com/furniture/pdp/alcott-hill-fayne-solid-wood-ladder-back-counter-chair-w006001911.html?piid=440765306,878_aug4,0,1,1,0
1,0,Lorrenda Modern Curved Back Solid Wood Dining Chair with Boucle Upholstery,Wayfair,橡膠木,44.5×58.4×86.5,41.9,4641.0,2428.0,5.0,51.4,4023.0,5.874,https://www.wayfair.com/furniture/pdp/george-oliver-lorrenda-modern-curved-back-solid-wood-dining-chair-with-boucle-upholstery-w111630040.html?piid=46200608,880_aug1,0,1,0,0
1,0,Lorrenda Modern Curved Back Solid Wood Dining Chair with Boucle Upholstery,Wayfair,橡膠木,44.5×58.4×86.5,44.1,4757.0,2229.0,5.0,49.5,3601.0,5.838,https://www.wayfair.com/furniture/pdp/george-oliver-lorrenda-modern-curved-back-solid-wood-dining-chair-with-boucle-upholstery-w111630040.html?piid=46200608,880_aug2,0,1,0,0
1,0,Lorrenda Modern Curved Back Solid Wood Dining Chair with Boucle Upholstery,Wayfair,橡膠木,44.5×58.4×86.5,36.3,5170.0,2764.0,4.0,43.5,4365.0,5.886,https://www.wayfair.com/furniture/pdp/george-oliver-lorrenda-modern-curved-back-solid-wood-dining-chair-with-boucle-upholstery-w111630040.html?piid=46200608,880_aug3,0,1,0,0
1,0,Lorrenda Modern Curved Back Solid Wood Dining Chair with Boucle Upholstery,Wayfair,橡膠木,44.5×58.4×86.5,45.5,5072.0,2658.0,5.0,55.1,4656.0,5.919,https://www.wayfair.com/furniture/pdp/george-oliver-lorrenda-modern-curved-back-solid-wood-dining-chair-with-boucle-upholstery-w111630040.html?piid=46200608,880_aug4,0,1,0,0
1,0,Anassi Cane Back Side Chair,Wayfair,橡膠木,46.51×51.0×78.99,48.0,4281.0,2529.0,3.0,49.1,10306.0,5.058,https://www.wayfair.com/furniture/pdp/birch-lane-anassi-cane-back-side-chair-ncwa1907.html,901_aug1,0,1,0,0
1,0,Anassi Cane Back Side Chair,Wayfair,橡膠木,46.51×51.0×78.99,41.0,4111.0,2647.0,2.0,45.3,9302.0,5.058,https://www.wayfair.com/furniture/pdp/birch-lane-anassi-cane-back-side-chair-ncwa1907.html,901_aug2,0,1,0,0
1,0,Anassi Cane Back Side Chair,Wayfair,橡膠木,46.51×51.0×78.99,49.7,4451.0,2371.0,3.0,49.9,10287.0,4.907,https://www.wayfair.com/furniture/pdp/birch-lane-anassi-cane-back-side-chair-ncwa1907.html,901_aug3,0,1,0,0
1,0,Anassi Cane Back Side Chair,Wayfair,橡膠木,46.51×51.0×78.99,38.9,4257.0,2383.0,3.0,48.0,9204.0,4.965,https://www.wayfair.com/furniture/pdp/birch-lane-anassi-cane-back-side-chair-ncwa1907.html,901_aug4,0,1,0,0
1,0,Constantine Tufted Upholstered Back Arm Chair in Cherry,Wayfair,橡膠木,60.96×48.26×97.79,35.5,5051.0,1458.0,3.0,47.1,5261.0,3.832,https://www.wayfair.com/furniture/pdp/royal-classics-constantine-tufted-upholstered-back-arm-chair-in-cherry-nwcs4593.html,911_aug1,0,1,0,0
1,0,Constantine Tufted Upholstered Back Arm Chair in Cherry,Wayfair,橡膠木,60.96×48.26×97.79,36.6,4682.0,1497.0,2.0,43.2,4862.0,3.837,https://www.wayfair.com/furniture/pdp/royal-classics-constantine-tufted-upholstered-back-arm-chair-in-cherry-nwcs4593.html,911_aug2,0,1,0,0
1,0,Constantine Tufted Upholstered Back Arm Chair in Cherry,Wayfair,橡膠木,60.96×48.26×97.79,40.0,5060.0,1254.0,2.0,43.9,5065.0,3.839,https://www.wayfair.com/furniture/pdp/royal-classics-constantine-tufted-upholstered-back-arm-chair-in-cherry-nwcs4593.html,911_aug3,0,1,0,0
1,0,Constantine Tufted Upholstered Back Arm Chair in Cherry,Wayfair,橡膠木,60.96×48.26×97.79,41.1,4152.0,1498.0,3.0,54.3,5759.0,3.892,https://www.wayfair.com/furniture/pdp/royal-classics-constantine-tufted-upholstered-back-arm-chair-in-cherry-nwcs4593.html,911_aug4,0,1,0,0
1,0,未知產品,Wayfair,胡桃木,51.0×55.88×88.9,45.5,4142.0,1183.0,2.0,51.3,5726.0,4.444,https://www.wayfair.com/furniture/pdp/gracie-oaks-upholstered-wooden-dining-chairs-w112147580.html?piid=1756808240,921_aug1,0,1,1,0
1,0,未知產品,Wayfair,胡桃木,51.0×55.88×88.9,42.3,4833.0,1468.0,3.0,55.1,4826.0,4.473,https://www.wayfair.com/furniture/pdp/gracie-oaks-upholstered-wooden-dining-chairs-w112147580.html?piid=1756808240,921_aug2,0,1,1,0
1,0,未知產品,Wayfair,胡桃木,51.0×55.88×88.9,41.1,4343.0,1106.0,3.0,51.9,5437.0,4.472,https://www.wayfair.com/furniture/pdp/gracie-oaks-upholstered-wooden-dining-chairs-w112147580.html?piid=1756808240,921_aug3,0,1,1,0
1,0,未知產品,Wayfair,胡桃木,51.0×55.88×88.9,40.9,4311.0,1112.0,3.0,42.8,4424.0,4.546,https://www.wayfair.com/furniture/pdp/gracie-oaks-upholstered-wooden-dining-chairs-w112147580.html?piid=1756808240,921_aug4,0,1,1,0
1,0,未知產品,Wayfair,橡膠木,43.18×53.34×91.44,39.6,5120.0,2593.0,3.0,39.1,7957.0,5.864,https://www.wayfair.com/furniture/pdp/joss-main-oreille-upholstered-dining-chair-w004812266.html?piid=1418599679,927_aug1,0,1,0,0
1,0,未知產品,Wayfair,橡膠木,43.18×53.34×91.44,51.2,4313.0,2396.0,3.0,43.4,6637.0,5.874,https://www.wayfair.com/furniture/pdp/joss-main-oreille-upholstered-dining-chair-w004812266.html?piid=1418599679,927_aug2,0,1,0,0
1,0,未知產品,Wayfair,橡膠木,43.18×53.34×91.44,48.6,4168.0,2528.0,2.0,46.3,8359.0,5.88,https://www.wayfair.com/furniture/pdp/joss-main-oreille-upholstered-dining-chair-w004812266.html?piid=1418599679,927_aug3,0,1,0,0
1,0,未知產品,Wayfair,橡膠木,43.18×53.34×91.44,45.3,3944.0,2350.0,2.0,44.9,7830.0,6.006,https://www.wayfair.com/furniture/pdp/joss-main-oreille-upholstered-dining-chair-w004812266.html?piid=1418599679,927_aug4,0,1,0,0
1,0,未知產品,Wayfair,橡膠木,44.45×58.42×87.63,36.5,3893.0,2602.0,5.0,56.5,5629.0,5.792,https://www.wayfair.com/furniture/pdp/lark-manor-kandy-upholstered-dining-chair-set-of-2-w001219411.html?piid=996997093,928_aug1,0,0,0,0
1,0,未知產品,Wayfair,橡膠木,44.45×58.42×87.63,44.1,3604.0,2207.0,5.0,47.9,6390.0,5.823,https://www.wayfair.com/furniture/pdp/lark-manor-kandy-upholstered-dining-chair-set-of-2-w001219411.html?piid=996997093,928_aug2,0,0,0,0
1,0,未知產品,Wayfair,橡膠木,44.45×58.42×87.63,40.8,3760.0,2549.0,6.0,43.9,7009.0,5.919,https://www.wayfair.com/furniture/pdp/lark-manor-kandy-upholstered-dining-chair-set-of-2-w001219411.html?piid=996997093,928_aug3,0,0,0,0
1,0,未知產品,Wayfair,橡膠木,44.45×58.42×87.63,45.6,3701.0,2545.0,6.0,56.8,5690.0,5.829,https://www.wayfair.com/furniture/pdp/lark-manor-kandy-upholstered-dining-chair-set-of-2-w001219411.html?piid=996997093,928_aug4,0,0,0,0
1,0,Baronet Vinyl Dining Chair by Modway,Wayfair,橡木,2×52×2.5,44.9,5040.0,5107.0,3.0,2.7,5485.0,2.506,https://www.wayfair.com/furniture/pdp/modway-baronet-vinyl-dining-chair-by-modway-fow4259.html?piid=22557450,930_aug1,0,0,0,0
1,0,Baronet Vinyl Dining Chair by Modway,Wayfair,橡木,2×52×2.5,43.7,5130.0,5575.0,3.0,2.4,5320.0,2.476,https://www.wayfair.com/furniture/pdp/modway-baronet-vinyl-dining-chair-by-modway-fow4259.html?piid=22557450,930_aug2,0,0,0,0
1,0,Baronet Vinyl Dining Chair by Modway,Wayfair,橡木,2×52×2.5,41.6,4790.0,5430.0,3.0,2.3,5212.0,2.494,https://www.wayfair.com/furniture/pdp/modway-baronet-vinyl-dining-chair-by-modway-fow4259.html?piid=22557450,930_aug3,0,0,0,0
1,0,Baronet Vinyl Dining Chair by Modway,Wayfair,橡木,2×52×2.5,46.3,4218.0,5744.0,3.0,2.3,4759.0,2.516,https://www.wayfair.com/furniture/pdp/modway-baronet-vinyl-dining-chair-by-modway-fow4259.html?piid=22557450,930_aug4,0,0,0,0
1,0,Color 20.3'' H Faux Leather Upholstered Parsons Chair,Wayfair,松木,48.01×56.9×101.09,107.0,4776.0,3099.0,7.0,59.1,4690.0,5.641,https://www.wayfair.com/furniture/pdp/lonshire-spark-faux-leather-dining-chairs-with-nailhead-trim-set-of-4-lcsh1051.html?piid=97867335,942_aug1,0,1,1,0
1,0,Color 20.3'' H Faux Leather Upholstered Parsons Chair,Wayfair,松木,48.01×56.9×101.09,106.9,3951.0,3324.0,8.0,67.5,5680.0,5.699,https://www.wayfair.com/furniture/pdp/lonshire-spark-faux-leather-dining-chairs-with-nailhead-trim-set-of-4-lcsh1051.html?piid=97867335,942_aug2,0,1,1,0
1,0,Color 20.3'' H Faux Leather Upholstered Parsons Chair,Wayfair,松木,48.01×56.9×101.09,111.6,4038.0,2516.0,8.0,53.2,5804.0,5.76,https://www.wayfair.com/furniture/pdp/lonshire-spark-faux-leather-dining-chairs-with-nailhead-trim-set-of-4-lcsh1051.html?piid=97867335,942_aug3,0,1,1,0
1,0,Color 20.3'' H Faux Leather Upholstered Parsons Chair,Wayfair,松木,48.01×56.9×101.09,108.8,4157.0,3091.0,6.0,67.2,4560.0,5.765,https://www.wayfair.com/furniture/pdp/lonshire-spark-faux-leather-dining-chairs-with-nailhead-trim-set-of-4-lcsh1051.html?piid=97867335,942_aug4,0,1,1,0
1,0,19'' H Polyurethane Upholstered Folding Stacking Accent,Wayfair,橡木,44.45×54.61×88.9,41.9,3917.0,1238.0,5.0,48.8,5685.0,5.406,https://www.wayfair.com/furniture/pdp/stakmore-company-inc-chippendale-folding-chair-skm1076.html,944_aug1,0,1,0,0
1,0,19'' H Polyurethane Upholstered Folding Stacking Accent,Wayfair,橡木,44.45×54.61×88.9,46.6,4210.0,1199.0,5.0,41.3,5398.0,5.403,https://www.wayfair.com/furniture/pdp/stakmore-company-inc-chippendale-folding-chair-skm1076.html,944_aug2,0,1,0,0
1,0,19'' H Polyurethane Upholstered Folding Stacking Accent,Wayfair,橡木,44.45×54.61×88.9,44.7,4558.0,1197.0,5.0,39.4,6045.0,5.414,https://www.wayfair.com/furniture/pdp/stakmore-company-inc-chippendale-folding-chair-skm1076.html,944_aug3,0,1,0,0
1,0,19'' H Polyurethane Upholstered Folding Stacking Accent,Wayfair,橡木,44.45×54.61×88.9,47.7,5129.0,1249.0,6.0,43.0,5302.0,5.367,https://www.wayfair.com/furniture/pdp/stakmore-company-inc-chippendale-folding-chair-skm1076.html,944_aug4,0,1,0,0
1,0,Vanderpool Solid Wood Cross Back Side Chair,Wayfair,橡木,41.91×59.69×78.74,35.6,5153.0,1160.0,5.0,43.5,4489.0,5.396,https://www.wayfair.com/furniture/pdp/vanderpool-solid-wood-cross-back-side-chair-w002136789.html?piid=1694415648,950_aug1,0,0,1,0
1,0,Vanderpool Solid Wood Cross Back Side Chair,Wayfair,橡木,41.91×59.69×78.74,41.1,5129.0,1405.0,5.0,44.7,4666.0,5.411,https://www.wayfair.com/furniture/pdp/vanderpool-solid-wood-cross-back-side-chair-w002136789.html?piid=1694415648,950_aug2,0,0,1,0
1,0,Vanderpool Solid Wood Cross Back Side Chair,Wayfair,橡木,41.91×59.69×78.74,37.8,5209.0,1207.0,4.0,50.9,4971.0,5.467,https://www.wayfair.com/furniture/pdp/vanderpool-solid-wood-cross-back-side-chair-w002136789.html?piid=1694415648,950_aug3,0,0,1,0
1,0,Vanderpool Solid Wood Cross Back Side Chair,Wayfair,橡木,41.91×59.69×78.74,36.7,6062.0,1339.0,5.0,51.5,5396.0,5.355,https://www.wayfair.com/furniture/pdp/vanderpool-solid-wood-cross-back-side-chair-w002136789.html?piid=1694415648,950_aug4,0,0,1,0
0,0,Brashears 19.3'' H Upholstered Side Chair,Wayfair,橡膠木,43.18×20.96×90.17,38.4,4888.0,2841.0,5.0,33.5,5262.0,5.886,https://www.wayfair.com/furniture/pdp/beachcrest-home-brashears-upholstered-side-chair-w100822032.html?piid=1846671369,953_aug1,0,1,0,0
0,0,Brashears 19.3'' H Upholstered Side Chair,Wayfair,橡膠木,43.18×20.96×90.17,44.8,3971.0,2938.0,5.0,34.3,4783.0,5.82,https://www.wayfair.com/furniture/pdp/beachcrest-home-brashears-upholstered-side-chair-w100822032.html?piid=1846671369,953_aug2,0,1,0,0
0,0,Brashears 19.3'' H Upholstered Side Chair,Wayfair,橡膠木,43.18×20.96×90.17,41.3,4718.0,2685.0,5.0,34.1,5538.0,5.788,https://www.wayfair.com/furniture/pdp/beachcrest-home-brashears-upholstered-side-chair-w100822032.html?piid=1846671369,953_aug3,0,1,0,0
0,0,Brashears 19.3'' H Upholstered Side Chair,Wayfair,橡膠木,43.18×20.96×90.17,41.9,4849.0,2617.0,5.0,33.2,5809.0,5.795,https://www.wayfair.com/furniture/pdp/beachcrest-home-brashears-upholstered-side-chair-w100822032.html?piid=1846671369,953_aug4,0,1,0,0
1,0,Kuo 19.3'' H Faux Leather Upholstered Armchair,Wayfair,胡桃木,51.0×55.88×88.9,40.5,3948.0,2600.0,2.0,43.3,6269.0,4.58,https://www.wayfair.com/furniture/pdp/george-oliver-kuo-solid-wood-arm-chair-w001859825.html?piid=1822831363,959_aug1,0,1,0,0
1,0,Kuo 19.3'' H Faux Leather Upholstered Armchair,Wayfair,胡桃木,51.0×55.88×88.9,38.6,4689.0,2925.0,3.0,50.1,4678.0,4.547,https://www.wayfair.com/furniture/pdp/george-oliver-kuo-solid-wood-arm-chair-w001859825.html?piid=1822831363,959_aug2,0,1,0,0
1,0,Kuo 19.3'' H Faux Leather Upholstered Armchair,Wayfair,胡桃木,51.0×55.88×88.9,43.6,4513.0,3246.0,3.0,48.6,5681.0,4.589,https://www.wayfair.com/furniture/pdp/george-oliver-kuo-solid-wood-arm-chair-w001859825.html?piid=1822831363,959_aug3,0,1,0,0
1,0,Kuo 19.3'' H Faux Leather Upholstered Armchair,Wayfair,胡桃木,51.0×55.88×88.9,38.1,4263.0,2620.0,3.0,51.8,4852.0,4.587,https://www.wayfair.com/furniture/pdp/george-oliver-kuo-solid-wood-arm-chair-w001859825.html?piid=1822831363,959_aug4,0,1,0,0
1,0,Janina Upholstered Arm Chair,Wayfair,橡膠木,46.48×54.61×82.04,49.7,4973.0,2231.0,5.0,51.4,4198.0,4.842,https://www.wayfair.com/furniture/pdp/birch-lane-janina-upholstered-arm-chair-goms1045.html?piid=93494380,962_aug1,0,1,0,0
1,0,Janina Upholstered Arm Chair,Wayfair,橡膠木,46.48×54.61×82.04,50.9,4330.0,2851.0,4.0,45.2,3577.0,4.784,https://www.wayfair.com/furniture/pdp/birch-lane-janina-upholstered-arm-chair-goms1045.html?piid=93494380,962_aug2,0,1,0,0
1,0,Janina Upholstered Arm Chair,Wayfair,橡膠木,46.48×54.61×82.04,44.8,4912.0,2700.0,5.0,50.7,3589.0,4.748,https://www.wayfair.com/furniture/pdp/birch-lane-janina-upholstered-arm-chair-goms1045.html?piid=93494380,962_aug3,0,1,0,0
1,0,Janina Upholstered Arm Chair,Wayfair,橡膠木,46.48×54.61×82.04,48.3,4691.0,2793.0,5.0,51.7,4374.0,4.899,https://www.wayfair.com/furniture/pdp/birch-lane-janina-upholstered-arm-chair-goms1045.html?piid=93494380,962_aug4,0,1,0,0
1,0,Ensminger 18.5'' H Faux Leather Upholstered Armchair,Wayfair,橡膠木,43.18×53.34×91.44,42.4,4570.0,2660.0,5.0,41.1,5097.0,5.864,https://www.wayfair.com/furniture/pdp/wrought-studio-ensminger-upholstered-dining-chair-w000523104.html,966_aug1,0,1,1,0
1,0,Ensminger 18.5'' H Faux Leather Upholstered Armchair,Wayfair,橡膠木,43.18×53.34×91.44,46.8,4138.0,2231.0,5.0,42.9,4579.0,5.858,https://www.wayfair.com/furniture/pdp/wrought-studio-ensminger-upholstered-dining-chair-w000523104.html,966_aug2,0,1,1,0
1,0,Ensminger 18.5'' H Faux Leather Upholstered Armchair,Wayfair,橡膠木,43.18×53.34×91.44,40.1,5108.0,2644.0,5.0,44.1,5674.0,5.896,https://www.wayfair.com/furniture/pdp/wrought-studio-ensminger-upholstered-dining-chair-w000523104.html,966_aug3,0,1,1,0
1,0,Ensminger 18.5'' H Faux Leather Upholstered Armchair,Wayfair,橡膠木,43.18×53.34×91.44,47.4,4489.0,2762.0,5.0,42.0,4524.0,5.925,https://www.wayfair.com/furniture/pdp/wrought-studio-ensminger-upholstered-dining-chair-w000523104.html,966_aug4,0,1,1,0
1,0,未知產品,Wayfair,松木,59.0×63.5×92.71,44.9,3955.0,3476.0,5.0,59.3,4418.0,5.864,https://www.wayfair.com/furniture/pdp/birch-lane-brinley-side-chair-kkah1322.html?piid=89471361,977_aug1,0,1,1,0
1,0,未知產品,Wayfair,松木,59.0×63.5×92.71,49.4,4700.0,3362.0,6.0,53.9,5059.0,6.012,https://www.wayfair.com/furniture/pdp/birch-lane-brinley-side-chair-kkah1322.html?piid=89471361,977_aug2,0,1,1,0
1,0,未知產品,Wayfair,松木,59.0×63.5×92.71,51.0,4309.0,3201.0,5.0,46.4,4334.0,5.875,https://www.wayfair.com/furniture/pdp/birch-lane-brinley-side-chair-kkah1322.html?piid=89471361,977_aug3,0,1,1,0
1,0,未知產品,Wayfair,松木,59.0×63.5×92.71,51.0,5001.0,3600.0,5.0,46.0,4630.0,5.788,https://www.wayfair.com/furniture/pdp/birch-lane-brinley-side-chair-kkah1322.html?piid=89471361,977_aug4,0,1,1,0
1,0,Shelva 18.11'' H Upholstered Side Chair,Wayfair,橡木,54.61×53.34×77.47,49.2,4022.0,3321.0,3.0,42.0,5540.0,4.623,https://www.wayfair.com/furniture/pdp/winston-porter-shelva-solid-wood-dining-chair-wnpo3130.html,999_aug1,0,1,0,0
1,0,Shelva 18.11'' H Upholstered Side Chair,Wayfair,橡木,54.61×53.34×77.47,51.2,4795.0,2854.0,3.0,43.1,7099.0,4.646,https://www.wayfair.com/furniture/pdp/winston-porter-shelva-solid-wood-dining-chair-wnpo3130.html,999_aug2,0,1,0,0
1,0,Shelva 18.11'' H Upholstered Side Chair,Wayfair,橡木,54.61×53.34×77.47,47.3,4396.0,3096.0,2.0,39.2,5980.0,4.679,https://www.wayfair.com/furniture/pdp/winston-porter-shelva-solid-wood-dining-chair-wnpo3130.html,999_aug3,0,1,0,0
1,0,Shelva 18.11'' H Upholstered Side Chair,Wayfair,橡木,54.61×53.34×77.47,47.4,3938.0,3335.0,2.0,42.2,5798.0,4.614,https://www.wayfair.com/furniture/pdp/winston-porter-shelva-solid-wood-dining-chair-wnpo3130.html,999_aug4,0,1,0,0
1,0,Brotanella 25'' H Upholstered Dining Chair,Wayfair,橡木,46.99×53.34×83.82,45.6,4062.0,2976.0,6.0,48.8,7230.0,5.501,https://www.wayfair.com/furniture/pdp/red-barrel-studio-brotanella-upholstered-dining-chair-w004322931.html?piid=1620521701,1002_aug1,0,0,0,0
1,0,Brotanella 25'' H Upholstered Dining Chair,Wayfair,橡木,46.99×53.34×83.82,47.2,4296.0,2779.0,7.0,39.3,8855.0,5.343,https://www.wayfair.com/furniture/pdp/red-barrel-studio-brotanella-upholstered-dining-chair-w004322931.html?piid=1620521701,1002_aug2,0,0,0,0
1,0,Brotanella 25'' H Upholstered Dining Chair,Wayfair,橡木,46.99×53.34×83.82,40.3,4166.0,2995.0,6.0,50.7,9148.0,5.463,https://www.wayfair.com/furniture/pdp/red-barrel-studio-brotanella-upholstered-dining-chair-w004322931.html?piid=1620521701,1002_aug3,0,0,0,0
1,0,Brotanella 25'' H Upholstered Dining Chair,Wayfair,橡木,46.99×53.34×83.82,44.7,4367.0,2650.0,6.0,50.6,9105.0,5.533,https://www.wayfair.com/furniture/pdp/red-barrel-studio-brotanella-upholstered-dining-chair-w004322931.html?piid=1620521701,1002_aug4,0,0,0,0
1,0,Dazhanae Faux Leather Upholstered Side Chair,Wayfair,橡木,50.8×58.42×81.28,29.7,4139.0,2486.0,0.0,43.2,4871.0,5.014,https://www.wayfair.com/furniture/pdp/millwood-pines-dazhanae-upholstered-full-back-side-chair-in-brown-w110902761.html,1012_aug1,0,1,0,0
1,0,Dazhanae Faux Leather Upholstered Side Chair,Wayfair,橡木,50.8×58.42×81.28,34.5,4818.0,2897.0,0.0,39.5,5501.0,4.997,https://www.wayfair.com/furniture/pdp/millwood-pines-dazhanae-upholstered-full-back-side-chair-in-brown-w110902761.html,1012_aug2,0,1,0,0
1,0,Dazhanae Faux Leather Upholstered Side Chair,Wayfair,橡木,50.8×58.42×81.28,32.8,3896.0,2453.0,0.0,50.6,5695.0,4.99,https://www.wayfair.com/furniture/pdp/millwood-pines-dazhanae-upholstered-full-back-side-chair-in-brown-w110902761.html,1012_aug3,0,1,0,0
1,0,Dazhanae Faux Leather Upholstered Side Chair,Wayfair,橡木,50.8×58.42×81.28,32.4,4950.0,2677.0,0.0,51.3,5502.0,5.072,https://www.wayfair.com/furniture/pdp/millwood-pines-dazhanae-upholstered-full-back-side-chair-in-brown-w110902761.html,1012_aug4,0,1,0,0
1,0,"Lizbeth The District Side Chair with Splat Back and Wood Seat, Copper",Wayfair,橡膠木,45.47×51.05×80.01,46.7,4355.0,3291.0,3.0,51.2,1948.0,5.052,https://www.wayfair.com/furniture/pdp/loon-peak-lizbeth-the-district-side-chair-with-splat-back-and-wood-seat-copper-w010048249.html,1019_aug1,0,0,0,0
1,0,"Lizbeth The District Side Chair with Splat Back and Wood Seat, Copper",Wayfair,橡膠木,45.47×51.05×80.01,52.7,3925.0,2960.0,3.0,48.9,2106.0,5.07,https://www.wayfair.com/furniture/pdp/loon-peak-lizbeth-the-district-side-chair-with-splat-back-and-wood-seat-copper-w010048249.html,1019_aug2,0,0,0,0
1,0,"Lizbeth The District Side Chair with Splat Back and Wood Seat, Copper",Wayfair,橡膠木,45.47×51.05×80.01,51.3,4331.0,2592.0,3.0,42.4,2171.0,5.051,https://www.wayfair.com/furniture/pdp/loon-peak-lizbeth-the-district-side-chair-with-splat-back-and-wood-seat-copper-w010048249.html,1019_aug3,0,0,0,0
1,0,"Lizbeth The District Side Chair with Splat Back and Wood Seat, Copper",Wayfair,橡膠木,45.47×51.05×80.01,46.6,4359.0,2752.0,3.0,47.9,2383.0,5.069,https://www.wayfair.com/furniture/pdp/loon-peak-lizbeth-the-district-side-chair-with-splat-back-and-wood-seat-copper-w010048249.html,1019_aug4,0,0,0,0
1,0,Cannes 36'' Single Bathroom Vanity with Marble Top,Wayfair,橡膠木,43.21×44.45×92.51,49.1,4804.0,2619.0,2.0,47.7,3788.0,4.784,https://www.wayfair.com/home-improvement/pdp/etta-avenue-cannes-36-single-bathroom-vanity-set-w005754994.html?piid=1225313442%2C1225313444,1022_aug1,0,1,0,0
1,0,Cannes 36'' Single Bathroom Vanity with Marble Top,Wayfair,橡膠木,43.21×44.45×92.51,44.4,4349.0,2531.0,2.0,45.7,3369.0,4.817,https://www.wayfair.com/home-improvement/pdp/etta-avenue-cannes-36-single-bathroom-vanity-set-w005754994.html?piid=1225313442%2C1225313444,1022_aug2,0,1,0,0
1,0,Cannes 36'' Single Bathroom Vanity with Marble Top,Wayfair,橡膠木,43.21×44.45×92.51,45.1,4653.0,2874.0,3.0,46.8,2912.0,4.89,https://www.wayfair.com/home-improvement/pdp/etta-avenue-cannes-36-single-bathroom-vanity-set-w005754994.html?piid=1225313442%2C1225313444,1022_aug3,0,1,0,0
1,0,Cannes 36'' Single Bathroom Vanity with Marble Top,Wayfair,橡膠木,43.21×44.45×92.51,49.9,4279.0,2308.0,2.0,41.1,2915.0,4.877,https://www.wayfair.com/home-improvement/pdp/etta-avenue-cannes-36-single-bathroom-vanity-set-w005754994.html?piid=1225313442%2C1225313444,1022_aug4,0,1,0,0
0,0,"5-Piece Dininng Room Table Set with 4 Uphosltered Dining Chairs, Faux Marble Table Top and Robust Metal Frame Dining Table Set of 5, Space-Saving Design Dinette Set for Home Furniture Kitchen Restaurant",Wayfair,實木,25.4×25.4×154.94,156.8,4770.0,2835.0,4.0,157.1,10516.0,1.995,https://www.wayfair.com/furniture/pdp/wrought-studio-5-piece-dininng-room-table-set-with-4-uphosltered-dining-chairs-faux-marble-table-top-and-robust-metal-frame-dining-table-set-of-5-space-saving-design-dinette-set-for-home-furniture-kitchen-restaurant-w112647254.html?piid=924555526%2C924555525,1023_aug1,0,1,0,0
0,0,"5-Piece Dininng Room Table Set with 4 Uphosltered Dining Chairs, Faux Marble Table Top and Robust Metal Frame Dining Table Set of 5, Space-Saving Design Dinette Set for Home Furniture Kitchen Restaurant",Wayfair,實木,25.4×25.4×154.94,175.8,4801.0,2249.0,4.0,148.8,10346.0,1.99,https://www.wayfair.com/furniture/pdp/wrought-studio-5-piece-dininng-room-table-set-with-4-uphosltered-dining-chairs-faux-marble-table-top-and-robust-metal-frame-dining-table-set-of-5-space-saving-design-dinette-set-for-home-furniture-kitchen-restaurant-w112647254.html?piid=924555526%2C924555525,1023_aug2,0,1,0,0
0,0,"5-Piece Dininng Room Table Set with 4 Uphosltered Dining Chairs, Faux Marble Table Top and Robust Metal Frame Dining Table Set of 5, Space-Saving Design Dinette Set for Home Furniture Kitchen Restaurant",Wayfair,實木,25.4×25.4×154.94,158.8,3841.0,2451.0,3.0,141.8,10101.0,1.977,https://www.wayfair.com/furniture/pdp/wrought-studio-5-piece-dininng-room-table-set-with-4-uphosltered-dining-chairs-faux-marble-table-top-and-robust-metal-frame-dining-table-set-of-5-space-saving-design-dinette-set-for-home-furniture-kitchen-restaurant-w112647254.html?piid=924555526%2C924555525,1023_aug3,0,1,0,0
0,0,"5-Piece Dininng Room Table Set with 4 Uphosltered Dining Chairs, Faux Marble Table Top and Robust Metal Frame Dining Table Set of 5, Space-Saving Design Dinette Set for Home Furniture Kitchen Restaurant",Wayfair,實木,25.4×25.4×154.94,156.2,4100.0,2287.0,4.0,123.1,9465.0,1.963,https://www.wayfair.com/furniture/pdp/wrought-studio-5-piece-dininng-room-table-set-with-4-uphosltered-dining-chairs-faux-marble-table-top-and-robust-metal-frame-dining-table-set-of-5-space-saving-design-dinette-set-for-home-furniture-kitchen-restaurant-w112647254.html?piid=924555526%2C924555525,1023_aug4,0,1,0,0
0,0,未知產品,Wayfair,松木,61.98×93.98×84.07,18.5,4567.0,2548.0,2.0,31.2,4957.0,5.488,https://www.wayfair.com/furniture/pdp/birch-lane-arnell-annie-upholstered-dining-chair-goms1691.html?piid=105301848%2C104838653,1027_aug1,0,1,0,0
0,0,未知產品,Wayfair,松木,61.98×93.98×84.07,18.7,4625.0,2608.0,2.0,33.8,5048.0,5.516,https://www.wayfair.com/furniture/pdp/birch-lane-arnell-annie-upholstered-dining-chair-goms1691.html?piid=105301848%2C104838653,1027_aug2,0,1,0,0
0,0,未知產品,Wayfair,松木,61.98×93.98×84.07,23.0,4831.0,2579.0,3.0,33.3,4719.0,5.403,https://www.wayfair.com/furniture/pdp/birch-lane-arnell-annie-upholstered-dining-chair-goms1691.html?piid=105301848%2C104838653,1027_aug3,0,1,0,0
0,0,未知產品,Wayfair,松木,61.98×93.98×84.07,20.2,5036.0,2121.0,3.0,34.7,4778.0,5.547,https://www.wayfair.com/furniture/pdp/birch-lane-arnell-annie-upholstered-dining-chair-goms1691.html?piid=105301848%2C104838653,1027_aug4,0,1,0,0
0,0,Bungalo 18.8'' H Pine Side Chair,Wayfair,橡木,59.0×63.5×92.71,47.5,3871.0,1322.0,5.0,53.1,4777.0,5.845,https://www.wayfair.com/furniture/pdp/bay-isle-home-bungalo-side-chair-bayi1895.html?piid=16562427,1029_aug1,0,1,1,0
0,0,Bungalo 18.8'' H Pine Side Chair,Wayfair,橡木,59.0×63.5×92.71,44.1,4336.0,1252.0,6.0,50.7,4627.0,5.939,https://www.wayfair.com/furniture/pdp/bay-isle-home-bungalo-side-chair-bayi1895.html?piid=16562427,1029_aug2,0,1,1,0
0,0,Bungalo 18.8'' H Pine Side Chair,Wayfair,橡木,59.0×63.5×92.71,47.3,5042.0,1029.0,6.0,54.3,5246.0,5.804,https://www.wayfair.com/furniture/pdp/bay-isle-home-bungalo-side-chair-bayi1895.html?piid=16562427,1029_aug3,0,1,1,0
0,0,Bungalo 18.8'' H Pine Side Chair,Wayfair,橡木,59.0×63.5×92.71,44.1,4132.0,1115.0,5.0,59.1,5432.0,5.921,https://www.wayfair.com/furniture/pdp/bay-isle-home-bungalo-side-chair-bayi1895.html?piid=16562427,1029_aug4,0,1,1,0
0,0,Hozell Faux Leather Upholstered Beech Armchair,Wayfair,橡膠木,45.72×50.16×80.64,36.6,4402.0,3358.0,1.0,43.5,6339.0,5.012,https://www.wayfair.com/furniture/pdp/george-oliver-hozell-arm-chair-dining-chair-w110442596.html?piid=1792647548,1045_aug1,0,1,0,0
0,0,Hozell Faux Leather Upholstered Beech Armchair,Wayfair,橡膠木,45.72×50.16×80.64,36.4,3835.0,3232.0,1.0,49.3,6005.0,4.962,https://www.wayfair.com/furniture/pdp/george-oliver-hozell-arm-chair-dining-chair-w110442596.html?piid=1792647548,1045_aug2,0,1,0,0
0,0,Hozell Faux Leather Upholstered Beech Armchair,Wayfair,橡膠木,45.72×50.16×80.64,40.9,4989.0,2752.0,1.0,46.3,6599.0,5.026,https://www.wayfair.com/furniture/pdp/george-oliver-hozell-arm-chair-dining-chair-w110442596.html?piid=1792647548,1045_aug3,0,1,0,0
0,0,Hozell Faux Leather Upholstered Beech Armchair,Wayfair,橡膠木,45.72×50.16×80.64,41.3,4315.0,2555.0,1.0,40.5,7834.0,5.023,https://www.wayfair.com/furniture/pdp/george-oliver-hozell-arm-chair-dining-chair-w110442596.html?piid=1792647548,1045_aug4,0,1,0,0
1,0,"18.9”h Upholstered Dining Chairs, Linen Fabric Side Chair, Armless Parsons Chair With Solid Wood Legs",Wayfair,橡膠木,48.01×48.01×92.0,53.2,4095.0,2466.0,3.0,44.3,4806.0,5.896,https://www.wayfair.com/furniture/pdp/red-barrel-studio-189h-upholstered-dining-chairs-linen-fabric-side-chair-armless-parsons-chair-with-solid-wood-legs-w113154689.html?piid=1961372414,1052_aug1,0,1,1,0
1,0,"18.9”h Upholstered Dining Chairs, Linen Fabric Side Chair, Armless Parsons Chair With Solid Wood Legs",Wayfair,橡膠木,48.01×48.01×92.0,51.5,4718.0,2571.0,3.0,48.1,4948.0,5.888,https://www.wayfair.com/furniture/pdp/red-barrel-studio-189h-upholstered-dining-chairs-linen-fabric-side-chair-armless-parsons-chair-with-solid-wood-legs-w113154689.html?piid=1961372414,1052_aug2,0,1,1,0
1,0,"18.9”h Upholstered Dining Chairs, Linen Fabric Side Chair, Armless Parsons Chair With Solid Wood Legs",Wayfair,橡膠木,48.01×48.01×92.0,42.3,4186.0,2485.0,3.0,46.6,4781.0,5.712,https://www.wayfair.com/furniture/pdp/red-barrel-studio-189h-upholstered-dining-chairs-linen-fabric-side-chair-armless-parsons-chair-with-solid-wood-legs-w113154689.html?piid=1961372414,1052_aug3,0,1,1,0
1,0,"18.9”h Upholstered Dining Chairs, Linen Fabric Side Chair, Armless Parsons Chair With Solid Wood Legs",Wayfair,橡膠木,48.01×48.01×92.0,40.5,4050.0,2820.0,2.0,41.7,5632.0,5.794,https://www.wayfair.com/furniture/pdp/red-barrel-studio-189h-upholstered-dining-chairs-linen-fabric-side-chair-armless-parsons-chair-with-solid-wood-legs-w113154689.html?piid=1961372414,1052_aug4,0,1,1,0
1,0,Levin 19.5'' H Upholstered Maple Side Chair,Wayfair,橡膠木,41.91×51.05×88.14,46.9,3873.0,2906.0,5.0,43.5,4485.0,5.987,https://www.wayfair.com/furniture/pdp/birch-lane-levin-linen-queen-anne-back-side-chair-in-cotton-white-w000227980.html,1054_aug1,0,1,1,0
1,0,Levin 19.5'' H Upholstered Maple Side Chair,Wayfair,橡膠木,41.91×51.05×88.14,49.7,3931.0,2892.0,5.0,42.0,5280.0,6.011,https://www.wayfair.com/furniture/pdp/birch-lane-levin-linen-queen-anne-back-side-chair-in-cotton-white-w000227980.html,1054_aug2,0,1,1,0
1,0,Levin 19.5'' H Upholstered Maple Side Chair,Wayfair,橡膠木,41.91×51.05×88.14,50.2,4461.0,2723.0,4.0,53.6,5687.0,5.925,https://www.wayfair.com/furniture/pdp/birch-lane-levin-linen-queen-anne-back-side-chair-in-cotton-white-w000227980.html,1054_aug3,0,1,1,0
1,0,Levin 19.5'' H Upholstered Maple Side Chair,Wayfair,橡膠木,41.91×51.05×88.14,47.4,4824.0,3176.0,5.0,50.7,5114.0,5.838,https://www.wayfair.com/furniture/pdp/birch-lane-levin-linen-queen-anne-back-side-chair-in-cotton-white-w000227980.html,1054_aug4,0,1,1,0
0,0,Alliya Modern Arm Chair with Removable Cushion,Wayfair,實木,53.34×66.04×106.68,50.4,4464.0,2422.0,5.0,48.4,5726.0,4.479,https://www.wayfair.com/furniture/pdp/bay-isle-home-alliya-modern-arm-chair-with-removable-cushion-kthm7376.html?piid=94016140,1056_aug1,0,1,1,0
0,0,Alliya Modern Arm Chair with Removable Cushion,Wayfair,實木,53.34×66.04×106.68,49.1,4155.0,2893.0,4.0,47.8,5504.0,4.514,https://www.wayfair.com/furniture/pdp/bay-isle-home-alliya-modern-arm-chair-with-removable-cushion-kthm7376.html?piid=94016140,1056_aug2,0,1,1,0
0,0,Alliya Modern Arm Chair with Removable Cushion,Wayfair,實木,53.34×66.04×106.68,53.4,4973.0,2422.0,4.0,42.9,4730.0,4.611,https://www.wayfair.com/furniture/pdp/bay-isle-home-alliya-modern-arm-chair-with-removable-cushion-kthm7376.html?piid=94016140,1056_aug3,0,1,1,0
0,0,Alliya Modern Arm Chair with Removable Cushion,Wayfair,實木,53.34×66.04×106.68,53.6,3920.0,2559.0,5.0,40.1,4876.0,4.507,https://www.wayfair.com/furniture/pdp/bay-isle-home-alliya-modern-arm-chair-with-removable-cushion-kthm7376.html?piid=94016140,1056_aug4,0,1,1,0
0,0,Tamsin 17.91'' H Upholstered Side Chair,Wayfair,橡膠木,43.815×148.59×76.2,28.2,4718.0,2739.0,2.0,694.6,5333.0,5.068,https://www.wayfair.com/furniture/pdp/foundry-select-tamsin-solid-wood-ladder-back-side-chair-w000528818.html?piid=1909198699,1059_aug1,0,1,1,0
0,0,Tamsin 17.91'' H Upholstered Side Chair,Wayfair,橡膠木,43.815×148.59×76.2,27.5,5032.0,2864.0,2.0,612.4,5719.0,5.033,https://www.wayfair.com/furniture/pdp/foundry-select-tamsin-solid-wood-ladder-back-side-chair-w000528818.html?piid=1909198699,1059_aug2,0,1,1,0
0,0,Tamsin 17.91'' H Upholstered Side Chair,Wayfair,橡膠木,43.815×148.59×76.2,31.5,4901.0,2666.0,2.0,595.3,5774.0,4.954,https://www.wayfair.com/furniture/pdp/foundry-select-tamsin-solid-wood-ladder-back-side-chair-w000528818.html?piid=1909198699,1059_aug3,0,1,1,0
0,0,Tamsin 17.91'' H Upholstered Side Chair,Wayfair,橡膠木,43.815×148.59×76.2,24.5,4780.0,2762.0,2.0,596.5,5015.0,4.895,https://www.wayfair.com/furniture/pdp/foundry-select-tamsin-solid-wood-ladder-back-side-chair-w000528818.html?piid=1909198699,1059_aug4,0,1,1,0
0,0,Kelleia 19'' H Linen Upholstered Side Chair,Wayfair,胡桃木,60.96×58.42×79.38,41.4,4253.0,2362.0,5.0,5.3,4796.0,5.444,https://www.wayfair.com/furniture/pdp/kelleia-linen-king-louis-back-side-chair-w010679173.html?piid=1153377422,1060_aug1,0,1,1,0
0,0,Kelleia 19'' H Linen Upholstered Side Chair,Wayfair,胡桃木,60.96×58.42×79.38,37.5,4282.0,2358.0,5.0,5.6,4462.0,5.362,https://www.wayfair.com/furniture/pdp/kelleia-linen-king-louis-back-side-chair-w010679173.html?piid=1153377422,1060_aug2,0,1,1,0
0,0,Kelleia 19'' H Linen Upholstered Side Chair,Wayfair,胡桃木,60.96×58.42×79.38,43.6,4618.0,2141.0,5.0,4.7,5394.0,5.35,https://www.wayfair.com/furniture/pdp/kelleia-linen-king-louis-back-side-chair-w010679173.html?piid=1153377422,1060_aug3,0,1,1,0
0,0,Kelleia 19'' H Linen Upholstered Side Chair,Wayfair,胡桃木,60.96×58.42×79.38,38.9,4596.0,2400.0,5.0,4.5,5172.0,5.351,https://www.wayfair.com/furniture/pdp/kelleia-linen-king-louis-back-side-chair-w010679173.html?piid=1153377422,1060_aug4,0,1,1,0
1,0,Nieck Modern Upholstered Parsons Chair Linen Fabric Tufted Dining Chairs Armless Side Chair Vanity Chair Set of 2,Wayfair,橡膠木,49.5×52.5×77.01,70.2,3867.0,1045.0,2.0,76.3,5719.0,4.156,https://www.wayfair.com/furniture/pdp/corrigan-studio-nieck-modern-upholstered-parsons-chair-linen-fabric-tufted-dining-chairs-armless-side-chair-vanity-chair-set-of-2-w113419482.html?piid=1345115080,1061_aug1,0,1,1,0
1,0,Nieck Modern Upholstered Parsons Chair Linen Fabric Tufted Dining Chairs Armless Side Chair Vanity Chair Set of 2,Wayfair,橡膠木,49.5×52.5×77.01,67.2,4128.0,1095.0,3.0,66.2,5536.0,4.13,https://www.wayfair.com/furniture/pdp/corrigan-studio-nieck-modern-upholstered-parsons-chair-linen-fabric-tufted-dining-chairs-armless-side-chair-vanity-chair-set-of-2-w113419482.html?piid=1345115080,1061_aug2,0,1,1,0
1,0,Nieck Modern Upholstered Parsons Chair Linen Fabric Tufted Dining Chairs Armless Side Chair Vanity Chair Set of 2,Wayfair,橡膠木,49.5×52.5×77.01,78.1,5118.0,1118.0,3.0,73.6,5145.0,4.139,https://www.wayfair.com/furniture/pdp/corrigan-studio-nieck-modern-upholstered-parsons-chair-linen-fabric-tufted-dining-chairs-armless-side-chair-vanity-chair-set-of-2-w113419482.html?piid=1345115080,1061_aug3,0,1,1,0
1,0,Nieck Modern Upholstered Parsons Chair Linen Fabric Tufted Dining Chairs Armless Side Chair Vanity Chair Set of 2,Wayfair,橡膠木,49.5×52.5×77.01,72.9,4595.0,959.0,2.0,74.1,5425.0,4.189,https://www.wayfair.com/furniture/pdp/corrigan-studio-nieck-modern-upholstered-parsons-chair-linen-fabric-tufted-dining-chairs-armless-side-chair-vanity-chair-set-of-2-w113419482.html?piid=1345115080,1061_aug4,0,1,1,0
1,0,Bridey 19'' H Upholstered Side Chair,Wayfair,橡膠木,48.26×60.96×101.6,82.7,4693.0,1177.0,3.0,46.9,5488.0,4.593,https://www.wayfair.com/furniture/pdp/alcott-hill-bridey-ladder-back-side-chair-dining-chair-w110447447.html,1070_aug1,0,1,1,0
1,0,Bridey 19'' H Upholstered Side Chair,Wayfair,橡膠木,48.26×60.96×101.6,77.7,4539.0,1521.0,3.0,48.5,5764.0,4.504,https://www.wayfair.com/furniture/pdp/alcott-hill-bridey-ladder-back-side-chair-dining-chair-w110447447.html,1070_aug2,0,1,1,0
1,0,Bridey 19'' H Upholstered Side Chair,Wayfair,橡膠木,48.26×60.96×101.6,92.9,5085.0,1435.0,3.0,43.7,4357.0,4.6,https://www.wayfair.com/furniture/pdp/alcott-hill-bridey-ladder-back-side-chair-dining-chair-w110447447.html,1070_aug3,0,1,1,0
1,0,Bridey 19'' H Upholstered Side Chair,Wayfair,橡膠木,48.26×60.96×101.6,92.6,4679.0,1277.0,3.0,49.5,5406.0,4.615,https://www.wayfair.com/furniture/pdp/alcott-hill-bridey-ladder-back-side-chair-dining-chair-w110447447.html,1070_aug4,0,1,1,0
0,0,Danillie 20'' H Leather Upholstered Side Chair,Wayfair,橡膠木,44.45×43.18×82.8,56.5,4944.0,1184.0,2.0,124.2,5673.0,5.704,https://www.wayfair.com/furniture/pdp/house-of-hampton-danillie-upholstered-side-chair-w007031134.html?piid=411244811,1072_aug1,0,1,1,0
0,0,Danillie 20'' H Leather Upholstered Side Chair,Wayfair,橡膠木,44.45×43.18×82.8,51.2,3938.0,1034.0,2.0,118.5,4639.0,5.676,https://www.wayfair.com/furniture/pdp/house-of-hampton-danillie-upholstered-side-chair-w007031134.html?piid=411244811,1072_aug2,0,1,1,0
0,0,Danillie 20'' H Leather Upholstered Side Chair,Wayfair,橡膠木,44.45×43.18×82.8,47.6,4906.0,1098.0,2.0,113.6,4796.0,5.65,https://www.wayfair.com/furniture/pdp/house-of-hampton-danillie-upholstered-side-chair-w007031134.html?piid=411244811,1072_aug3,0,1,1,0
0,0,Danillie 20'' H Leather Upholstered Side Chair,Wayfair,橡膠木,44.45×43.18×82.8,57.7,4865.0,1011.0,2.0,117.2,5803.0,5.773,https://www.wayfair.com/furniture/pdp/house-of-hampton-danillie-upholstered-side-chair-w007031134.html?piid=411244811,1072_aug4,0,1,1,0
0,0,未知產品,Wayfair,橡木,61.98×93.98×84.07,21.5,4769.0,2239.0,3.0,32.3,5758.0,5.461,https://www.wayfair.com/home/pdp/yaheetech-10-ft-w-x-10-ft-d-iron-patio-gazebo-ytch2003.html?piid=110916857%2C110916858,1077_aug1,0,1,1,0
0,0,未知產品,Wayfair,橡木,61.98×93.98×84.07,22.0,4972.0,2158.0,3.0,28.1,4867.0,5.363,https://www.wayfair.com/home/pdp/yaheetech-10-ft-w-x-10-ft-d-iron-patio-gazebo-ytch2003.html?piid=110916857%2C110916858,1077_aug2,0,1,1,0
0,0,未知產品,Wayfair,橡木,61.98×93.98×84.07,21.1,4440.0,2359.0,3.0,33.1,4810.0,5.512,https://www.wayfair.com/home/pdp/yaheetech-10-ft-w-x-10-ft-d-iron-patio-gazebo-ytch2003.html?piid=110916857%2C110916858,1077_aug3,0,1,1,0
0,0,未知產品,Wayfair,橡木,61.98×93.98×84.07,21.8,4766.0,1926.0,3.0,31.7,5197.0,5.53,https://www.wayfair.com/home/pdp/yaheetech-10-ft-w-x-10-ft-d-iron-patio-gazebo-ytch2003.html?piid=110916857%2C110916858,1077_aug4,0,1,1,0
0,0,未知產品,Wayfair,胡桃木,2.54×2.54×2.54,50.4,5136.0,2711.0,1.0,2.2,4714.0,1.356,https://www.wayfair.com/furniture/pdp/wrought-studio-5-piece-dininng-room-table-set-with-4-uphosltered-dining-chairs-faux-marble-table-top-and-robust-metal-frame-dining-table-set-of-5-space-saving-design-dinette-set-for-home-furniture-kitchen-restaurant-w112647254.html?piid=924555526%2C924555525,1080_aug1,0,0,0,0
0,0,未知產品,Wayfair,胡桃木,2.54×2.54×2.54,41.5,3831.0,2339.0,0.0,2.1,4949.0,1.35,https://www.wayfair.com/furniture/pdp/wrought-studio-5-piece-dininng-room-table-set-with-4-uphosltered-dining-chairs-faux-marble-table-top-and-robust-metal-frame-dining-table-set-of-5-space-saving-design-dinette-set-for-home-furniture-kitchen-restaurant-w112647254.html?piid=924555526%2C924555525,1080_aug2,0,0,0,0
0,0,未知產品,Wayfair,胡桃木,2.54×2.54×2.54,48.5,4949.0,2949.0,1.0,2.0,4766.0,1.345,https://www.wayfair.com/furniture/pdp/wrought-studio-5-piece-dininng-room-table-set-with-4-uphosltered-dining-chairs-faux-marble-table-top-and-robust-metal-frame-dining-table-set-of-5-space-saving-design-dinette-set-for-home-furniture-kitchen-restaurant-w112647254.html?piid=924555526%2C924555525,1080_aug3,0,0,0,0
0,0,未知產品,Wayfair,胡桃木,2.54×2.54×2.54,41.1,4377.0,2962.0,0.0,1.8,4589.0,1.372,https://www.wayfair.com/furniture/pdp/wrought-studio-5-piece-dininng-room-table-set-with-4-uphosltered-dining-chairs-faux-marble-table-top-and-robust-metal-frame-dining-table-set-of-5-space-saving-design-dinette-set-for-home-furniture-kitchen-restaurant-w112647254.html?piid=924555526%2C924555525,1080_aug4,0,0,0,0
0,0,未知產品,Wayfair,松木,59.0×63.5×92.71,43.0,2136.0,3309.0,5.0,47.6,5112.0,5.805,https://www.wayfair.com/furniture/pdp/birch-lane-alayaa-corner-dining-banquette-goms1633.html,1082_aug1,0,1,1,0
0,0,未知產品,Wayfair,松木,59.0×63.5×92.71,48.9,2207.0,3948.0,5.0,52.1,4452.0,5.906,https://www.wayfair.com/furniture/pdp/birch-lane-alayaa-corner-dining-banquette-goms1633.html,1082_aug2,0,1,1,0
0,0,未知產品,Wayfair,松木,59.0×63.5×92.71,45.2,2143.0,3966.0,6.0,58.1,4521.0,5.929,https://www.wayfair.com/furniture/pdp/birch-lane-alayaa-corner-dining-banquette-goms1633.html,1082_aug3,0,1,1,0
0,0,未知產品,Wayfair,松木,59.0×63.5×92.71,39.3,2290.0,3568.0,5.0,59.9,5235.0,5.866,https://www.wayfair.com/furniture/pdp/birch-lane-alayaa-corner-dining-banquette-goms1633.html,1082_aug4,0,1,1,0
0,0,Apprise Side Chair Performance Velvet,Wayfair,橡木,45.72×57.15×87.63,34.9,4550.0,2909.0,2.0,52.5,5372.0,4.502,https://www.wayfair.com/furniture/pdp/kelly-clarkson-home-apprise-side-chair-performance-velvet-w003397804.html?piid=804762546,1085_aug1,0,1,0,0
0,0,Apprise Side Chair Performance Velvet,Wayfair,橡木,45.72×57.15×87.63,44.2,4534.0,2264.0,2.0,47.5,6444.0,4.537,https://www.wayfair.com/furniture/pdp/kelly-clarkson-home-apprise-side-chair-performance-velvet-w003397804.html?piid=804762546,1085_aug2,0,1,0,0
0,0,Apprise Side Chair Performance Velvet,Wayfair,橡木,45.72×57.15×87.63,43.9,4721.0,2361.0,2.0,49.8,6850.0,4.414,https://www.wayfair.com/furniture/pdp/kelly-clarkson-home-apprise-side-chair-performance-velvet-w003397804.html?piid=804762546,1085_aug3,0,1,0,0
0,0,Apprise Side Chair Performance Velvet,Wayfair,橡木,45.72×57.15×87.63,41.0,4247.0,2368.0,2.0,47.5,5143.0,4.54,https://www.wayfair.com/furniture/pdp/kelly-clarkson-home-apprise-side-chair-performance-velvet-w003397804.html?piid=804762546,1085_aug4,0,1,0,0
1,0,Barwen 19.69'' H Linen Upholstered Side Chair,Wayfair,胡桃木,49.53×53.34×77.47,36.2,7130.0,2334.0,0.0,43.4,4176.0,4.552,https://www.wayfair.com/furniture/pdp/ophelia-co-barwen-linen-king-louis-back-side-chair-dining-chair-w100307395.html?piid=1078609088,1091_aug1,0,0,0,0
1,0,Barwen 19.69'' H Linen Upholstered Side Chair,Wayfair,胡桃木,49.53×53.34×77.47,35.8,5361.0,2944.0,0.0,47.7,4737.0,4.52,https://www.wayfair.com/furniture/pdp/ophelia-co-barwen-linen-king-louis-back-side-chair-dining-chair-w100307395.html?piid=1078609088,1091_aug2,0,0,0,0
1,0,Barwen 19.69'' H Linen Upholstered Side Chair,Wayfair,胡桃木,49.53×53.34×77.47,35.5,6043.0,2890.0,0.0,41.6,4462.0,4.507,https://www.wayfair.com/furniture/pdp/ophelia-co-barwen-linen-king-louis-back-side-chair-dining-chair-w100307395.html?piid=1078609088,1091_aug3,0,0,0,0
1,0,Barwen 19.69'' H Linen Upholstered Side Chair,Wayfair,胡桃木,49.53×53.34×77.47,32.2,6242.0,2857.0,0.0,42.6,4061.0,4.523,https://www.wayfair.com/furniture/pdp/ophelia-co-barwen-linen-king-louis-back-side-chair-dining-chair-w100307395.html?piid=1078609088,1091_aug4,0,0,0,0
1,0,"21"" Wide Rustic Farmhouse Style Solid Wood Woven Back Ratten Dining Chair Set",Wayfair,橡膠木,53.34×56.39×79.5,33.7,1428.0,2288.0,2.0,44.3,4850.0,5.287,https://www.wayfair.com/furniture/pdp/red-barrel-studio-21-wide-rustic-farmhouse-style-solid-wood-woven-back-ratten-dining-chair-set-w112589887.html,1096_aug1,0,0,0,0
1,0,"21"" Wide Rustic Farmhouse Style Solid Wood Woven Back Ratten Dining Chair Set",Wayfair,橡膠木,53.34×56.39×79.5,36.4,1260.0,2582.0,3.0,42.3,5394.0,5.32,https://www.wayfair.com/furniture/pdp/red-barrel-studio-21-wide-rustic-farmhouse-style-solid-wood-woven-back-ratten-dining-chair-set-w112589887.html,1096_aug2,0,0,0,0
1,0,"21"" Wide Rustic Farmhouse Style Solid Wood Woven Back Ratten Dining Chair Set",Wayfair,橡膠木,53.34×56.39×79.5,33.0,1454.0,2382.0,3.0,46.8,5228.0,5.39,https://www.wayfair.com/furniture/pdp/red-barrel-studio-21-wide-rustic-farmhouse-style-solid-wood-woven-back-ratten-dining-chair-set-w112589887.html,1096_aug3,0,0,0,0
1,0,"21"" Wide Rustic Farmhouse Style Solid Wood Woven Back Ratten Dining Chair Set",Wayfair,橡膠木,53.34×56.39×79.5,36.7,1371.0,2777.0,2.0,46.7,4397.0,5.223,https://www.wayfair.com/furniture/pdp/red-barrel-studio-21-wide-rustic-farmhouse-style-solid-wood-woven-back-ratten-dining-chair-set-w112589887.html,1096_aug4,0,0,0,0
0,0,Onno 17.7'' H Stacking Armchair,Wayfair,橡膠木,53.34×56.39×79.5,36.8,3906.0,2629.0,42.0,39.0,2965.0,5.328,https://www.wayfair.com/furniture/pdp/latitude-run-onno-stacking-armchair-dining-chair-w110915809.html?piid=2088783034%2C2088783033,1097_aug1,0,1,0,0
0,0,Onno 17.7'' H Stacking Armchair,Wayfair,橡膠木,53.34×56.39×79.5,34.5,4874.0,2923.0,39.0,49.0,3171.0,5.333,https://www.wayfair.com/furniture/pdp/latitude-run-onno-stacking-armchair-dining-chair-w110915809.html?piid=2088783034%2C2088783033,1097_aug2,0,1,0,0
0,0,Onno 17.7'' H Stacking Armchair,Wayfair,橡膠木,53.34×56.39×79.5,37.5,4367.0,2817.0,33.0,47.5,2725.0,5.311,https://www.wayfair.com/furniture/pdp/latitude-run-onno-stacking-armchair-dining-chair-w110915809.html?piid=2088783034%2C2088783033,1097_aug3,0,1,0,0
0,0,Onno 17.7'' H Stacking Armchair,Wayfair,橡膠木,53.34×56.39×79.5,36.6,4567.0,2716.0,42.0,42.7,3394.0,5.333,https://www.wayfair.com/furniture/pdp/latitude-run-onno-stacking-armchair-dining-chair-w110915809.html?piid=2088783034%2C2088783033,1097_aug4,0,1,0,0
1,0,Aria Wood Solid Back Side Chair,Wayfair,橡膠木,53.01×56.21×72.01,23.9,5047.0,2349.0,287.0,541.1,4703.0,5.622,https://www.wayfair.com/furniture/pdp/sohoconcept-aria-wood-solid-back-side-chair-w000830793.html?piid=906393631%2C906393624,1109_aug1,0,1,0,0
1,0,Aria Wood Solid Back Side Chair,Wayfair,橡膠木,53.01×56.21×72.01,22.6,4814.0,2731.0,272.0,588.7,4977.0,5.726,https://www.wayfair.com/furniture/pdp/sohoconcept-aria-wood-solid-back-side-chair-w000830793.html?piid=906393631%2C906393624,1109_aug2,0,1,0,0
1,0,Aria Wood Solid Back Side Chair,Wayfair,橡膠木,53.01×56.21×72.01,26.0,4766.0,2685.0,221.0,688.5,5397.0,5.725,https://www.wayfair.com/furniture/pdp/sohoconcept-aria-wood-solid-back-side-chair-w000830793.html?piid=906393631%2C906393624,1109_aug3,0,1,0,0
1,0,Aria Wood Solid Back Side Chair,Wayfair,橡膠木,53.01×56.21×72.01,23.8,4187.0,2498.0,233.0,583.1,5526.0,5.721,https://www.wayfair.com/furniture/pdp/sohoconcept-aria-wood-solid-back-side-chair-w000830793.html?piid=906393631%2C906393624,1109_aug4,0,1,0,0
1,0,Moore 19'' H Upholstered Oak Armchair,Wayfair,橡木,50.8×45.72×76.2,38.8,4130.0,3059.0,2.0,52.6,5771.0,5.489,https://www.wayfair.com/furniture/pdp/red-barrel-studio-moore-upholstered-arm-chair-in-oatmeal-w005931464.html,1112_aug1,0,1,1,0
1,0,Moore 19'' H Upholstered Oak Armchair,Wayfair,橡木,50.8×45.72×76.2,43.7,4704.0,2488.0,2.0,45.8,4314.0,5.48,https://www.wayfair.com/furniture/pdp/red-barrel-studio-moore-upholstered-arm-chair-in-oatmeal-w005931464.html,1112_aug2,0,1,1,0
1,0,Moore 19'' H Upholstered Oak Armchair,Wayfair,橡木,50.8×45.72×76.2,35.5,4925.0,2603.0,3.0,55.0,4670.0,5.488,https://www.wayfair.com/furniture/pdp/red-barrel-studio-moore-upholstered-arm-chair-in-oatmeal-w005931464.html,1112_aug3,0,1,1,0
1,0,Moore 19'' H Upholstered Oak Armchair,Wayfair,橡木,50.8×45.72×76.2,41.0,4123.0,2719.0,2.0,52.2,5248.0,5.435,https://www.wayfair.com/furniture/pdp/red-barrel-studio-moore-upholstered-arm-chair-in-oatmeal-w005931464.html,1112_aug4,0,1,1,0
1,0,Ameriga 20'' H Tufted Upholstered Side Chair,Wayfair,橡木,50.8×45.72×76.2,41.3,4142.0,1743.0,3.0,53.8,5493.0,5.42,https://www.wayfair.com/furniture/pdp/lark-manor-ameriga-tufted-side-chair-w003541249.html?piid=316662604,1113_aug1,0,1,1,0
1,0,Ameriga 20'' H Tufted Upholstered Side Chair,Wayfair,橡木,50.8×45.72×76.2,43.6,4337.0,1687.0,2.0,55.3,5372.0,5.495,https://www.wayfair.com/furniture/pdp/lark-manor-ameriga-tufted-side-chair-w003541249.html?piid=316662604,1113_aug2,0,1,1,0
1,0,Ameriga 20'' H Tufted Upholstered Side Chair,Wayfair,橡木,50.8×45.72×76.2,33.1,4856.0,1754.0,3.0,45.3,5046.0,5.355,https://www.wayfair.com/furniture/pdp/lark-manor-ameriga-tufted-side-chair-w003541249.html?piid=316662604,1113_aug3,0,1,1,0
1,0,Ameriga 20'' H Tufted Upholstered Side Chair,Wayfair,橡木,50.8×45.72×76.2,37.8,4154.0,1547.0,2.0,44.4,4419.0,5.531,https://www.wayfair.com/furniture/pdp/lark-manor-ameriga-tufted-side-chair-w003541249.html?piid=316662604,1113_aug4,0,1,1,0
0,0,未知產品,Wayfair,松木,59.0×63.5×92.71,45.4,4361.0,3465.0,5.0,60.8,2103.0,5.852,https://www.wayfair.com/furniture/pdp/birch-lane-brinley-side-chair-kkah1322.html?piid=89471361,1120_aug1,0,1,0,0
0,0,未知產品,Wayfair,松木,59.0×63.5×92.71,51.4,4326.0,2938.0,5.0,46.3,2669.0,5.848,https://www.wayfair.com/furniture/pdp/birch-lane-brinley-side-chair-kkah1322.html?piid=89471361,1120_aug2,0,1,0,0
0,0,未知產品,Wayfair,松木,59.0×63.5×92.71,50.7,5169.0,3532.0,5.0,47.2,2314.0,5.878,https://www.wayfair.com/furniture/pdp/birch-lane-brinley-side-chair-kkah1322.html?piid=89471361,1120_aug3,0,1,0,0
0,0,未知產品,Wayfair,松木,59.0×63.5×92.71,46.4,4417.0,3876.0,5.0,57.1,2604.0,5.817,https://www.wayfair.com/furniture/pdp/birch-lane-brinley-side-chair-kkah1322.html?piid=89471361,1120_aug4,0,1,0,0
1,0,"Palmer Dining Chairs, Set of 2",Wayfair,橡膠木,45.01×37.01×87.0,39.5,3970.0,2302.0,3.0,41.6,4945.0,4.811,https://www.wayfair.com/furniture/pdp/winston-porter-palmer-dining-chairs-set-of-2-w111640869.html,1127_aug1,0,1,1,0
1,0,"Palmer Dining Chairs, Set of 2",Wayfair,橡膠木,45.01×37.01×87.0,38.6,4555.0,2270.0,2.0,44.4,5740.0,4.699,https://www.wayfair.com/furniture/pdp/winston-porter-palmer-dining-chairs-set-of-2-w111640869.html,1127_aug2,0,1,1,0
1,0,"Palmer Dining Chairs, Set of 2",Wayfair,橡膠木,45.01×37.01×87.0,37.4,4349.0,2307.0,2.0,45.6,4405.0,4.713,https://www.wayfair.com/furniture/pdp/winston-porter-palmer-dining-chairs-set-of-2-w111640869.html,1127_aug3,0,1,1,0
1,0,"Palmer Dining Chairs, Set of 2",Wayfair,橡膠木,45.01×37.01×87.0,44.4,4395.0,2209.0,3.0,42.2,5485.0,4.687,https://www.wayfair.com/furniture/pdp/winston-porter-palmer-dining-chairs-set-of-2-w111640869.html,1127_aug4,0,1,1,0
0,0,Ascend 20'' H Upholstered Cane Back Side Chair,Wayfair,橡木,57.8×50.2×81.9,44.7,4349.0,2459.0,4.0,46.3,5653.0,5.028,https://www.wayfair.com/furniture/pdp/joss-main-ascend-side-chair-w007679133.html?piid=472962976,1140_aug1,0,1,1,0
0,0,Ascend 20'' H Upholstered Cane Back Side Chair,Wayfair,橡木,57.8×50.2×81.9,40.2,4623.0,2885.0,5.0,43.2,5621.0,4.95,https://www.wayfair.com/furniture/pdp/joss-main-ascend-side-chair-w007679133.html?piid=472962976,1140_aug2,0,1,1,0
0,0,Ascend 20'' H Upholstered Cane Back Side Chair,Wayfair,橡木,57.8×50.2×81.9,44.4,4535.0,2852.0,6.0,54.5,4315.0,5.074,https://www.wayfair.com/furniture/pdp/joss-main-ascend-side-chair-w007679133.html?piid=472962976,1140_aug3,0,1,1,0
0,0,Ascend 20'' H Upholstered Cane Back Side Chair,Wayfair,橡木,57.8×50.2×81.9,39.0,4184.0,2593.0,5.0,49.8,5031.0,5.077,https://www.wayfair.com/furniture/pdp/joss-main-ascend-side-chair-w007679133.html?piid=472962976,1140_aug4,0,1,1,0
1,0,Shiff 18'' H Foam Padding Upholstered Parsons Chair,Wayfair,橡膠木,44.45×45.72×96.52,44.5,4195.0,1421.0,2.0,49.2,5338.0,4.901,https://www.wayfair.com/furniture/pdp/red-barrel-studio-shiff-foam-padding-solid-back-upholstered-back-parsons-chair-dining-chair-w111613900.html,1163_aug1,0,1,1,0
1,0,Shiff 18'' H Foam Padding Upholstered Parsons Chair,Wayfair,橡膠木,44.45×45.72×96.52,51.1,4058.0,1396.0,2.0,46.2,4417.0,4.909,https://www.wayfair.com/furniture/pdp/red-barrel-studio-shiff-foam-padding-solid-back-upholstered-back-parsons-chair-dining-chair-w111613900.html,1163_aug2,0,1,1,0
1,0,Shiff 18'' H Foam Padding Upholstered Parsons Chair,Wayfair,橡膠木,44.45×45.72×96.52,50.8,5096.0,1353.0,3.0,53.8,5029.0,4.912,https://www.wayfair.com/furniture/pdp/red-barrel-studio-shiff-foam-padding-solid-back-upholstered-back-parsons-chair-dining-chair-w111613900.html,1163_aug3,0,1,1,0
1,0,Shiff 18'' H Foam Padding Upholstered Parsons Chair,Wayfair,橡膠木,44.45×45.72×96.52,49.7,4378.0,1390.0,2.0,48.4,5399.0,4.979,https://www.wayfair.com/furniture/pdp/red-barrel-studio-shiff-foam-padding-solid-back-upholstered-back-parsons-chair-dining-chair-w111613900.html,1163_aug4,0,1,1,0
1,0,Ladores 18.5'' H Oak Side Chair,Wayfair,橡木,59.0×63.5×92.71,50.2,4512.0,3749.0,5.0,53.5,5679.0,6.002,https://www.wayfair.com/furniture/pdp/august-grove-ladores-cross-back-side-chair-w005333780.html?piid=122245318,1172_aug1,0,1,1,0
1,0,Ladores 18.5'' H Oak Side Chair,Wayfair,橡木,59.0×63.5×92.71,50.3,4012.0,3973.0,6.0,51.8,5090.0,5.966,https://www.wayfair.com/furniture/pdp/august-grove-ladores-cross-back-side-chair-w005333780.html?piid=122245318,1172_aug2,0,1,1,0
1,0,Ladores 18.5'' H Oak Side Chair,Wayfair,橡木,59.0×63.5×92.71,45.8,5166.0,3547.0,6.0,58.7,5053.0,5.984,https://www.wayfair.com/furniture/pdp/august-grove-ladores-cross-back-side-chair-w005333780.html?piid=122245318,1172_aug3,0,1,1,0
1,0,Ladores 18.5'' H Oak Side Chair,Wayfair,橡木,59.0×63.5×92.71,45.6,4381.0,3172.0,5.0,57.8,5702.0,5.841,https://www.wayfair.com/furniture/pdp/august-grove-ladores-cross-back-side-chair-w005333780.html?piid=122245318,1172_aug4,0,1,1,0
1,0,Berryman 18'' H Solid Wood Side Chair,Wayfair,橡膠木,46.36×45.72×85.09,38.3,4758.0,2729.0,5.0,47.0,7538.0,5.612,https://www.wayfair.com/furniture/pdp/one-allium-way-berryman-solid-wood-dining-chair-w004993934.html,1194_aug1,0,0,0,0
1,0,Berryman 18'' H Solid Wood Side Chair,Wayfair,橡膠木,46.36×45.72×85.09,35.1,5675.0,2660.0,5.0,50.5,7902.0,5.663,https://www.wayfair.com/furniture/pdp/one-allium-way-berryman-solid-wood-dining-chair-w004993934.html,1194_aug2,0,0,0,0
1,0,Berryman 18'' H Solid Wood Side Chair,Wayfair,橡膠木,46.36×45.72×85.09,45.1,6089.0,2644.0,4.0,44.5,7910.0,5.494,https://www.wayfair.com/furniture/pdp/one-allium-way-berryman-solid-wood-dining-chair-w004993934.html,1194_aug3,0,0,0,0
1,0,Berryman 18'' H Solid Wood Side Chair,Wayfair,橡膠木,46.36×45.72×85.09,34.7,4620.0,2760.0,4.0,43.3,6420.0,5.652,https://www.wayfair.com/furniture/pdp/one-allium-way-berryman-solid-wood-dining-chair-w004993934.html,1194_aug4,0,0,0,0
0,0,Aizayah 17.9'' H Dining Chair,Wayfair,實木,2.54×2.54×254,42.6,4183.0,2699.0,2.0,43.8,5277.0,4.954,https://www.wayfair.com/furniture/pdp/red-barrel-studio-aizayah-cut-out-back-side-chair-in-dark-brownwhite-w003600854.html?piid=688858432,1208_aug1,0,1,0,0
0,0,Aizayah 17.9'' H Dining Chair,Wayfair,實木,2.54×2.54×254,49.0,4135.0,2317.0,2.0,48.6,4580.0,4.923,https://www.wayfair.com/furniture/pdp/red-barrel-studio-aizayah-cut-out-back-side-chair-in-dark-brownwhite-w003600854.html?piid=688858432,1208_aug2,0,1,0,0
0,0,Aizayah 17.9'' H Dining Chair,Wayfair,實木,2.54×2.54×254,49.6,4873.0,2447.0,2.0,40.5,5073.0,4.904,https://www.wayfair.com/furniture/pdp/red-barrel-studio-aizayah-cut-out-back-side-chair-in-dark-brownwhite-w003600854.html?piid=688858432,1208_aug3,0,1,0,0
0,0,Aizayah 17.9'' H Dining Chair,Wayfair,實木,2.54×2.54×254,43.5,3926.0,2562.0,2.0,44.9,4372.0,4.972,https://www.wayfair.com/furniture/pdp/red-barrel-studio-aizayah-cut-out-back-side-chair-in-dark-brownwhite-w003600854.html?piid=688858432,1208_aug4,0,1,0,0
1,0,Sunbury 17.79'' H Solid Wood Side Chair,Wayfair,實木,2.54×50×254,165.8,4323.0,2748.0,2.0,44.0,5809.0,5.09,https://www.wayfair.com/furniture/pdp/august-grove-sunbury-solid-wood-dining-chair-w004752104.html,1212_aug1,0,1,0,0
1,0,Sunbury 17.79'' H Solid Wood Side Chair,Wayfair,實木,2.54×50×254,135.9,3869.0,2665.0,3.0,51.6,5673.0,4.994,https://www.wayfair.com/furniture/pdp/august-grove-sunbury-solid-wood-dining-chair-w004752104.html,1212_aug2,0,1,0,0
1,0,Sunbury 17.79'' H Solid Wood Side Chair,Wayfair,實木,2.54×50×254,160.7,4575.0,2685.0,3.0,48.3,5695.0,4.992,https://www.wayfair.com/furniture/pdp/august-grove-sunbury-solid-wood-dining-chair-w004752104.html,1212_aug3,0,1,0,0
1,0,Sunbury 17.79'' H Solid Wood Side Chair,Wayfair,實木,2.54×50×254,160.4,4440.0,2548.0,2.0,40.6,5680.0,5.065,https://www.wayfair.com/furniture/pdp/august-grove-sunbury-solid-wood-dining-chair-w004752104.html,1212_aug4,0,1,0,0
1,0,Kasiah 16.5'' H Side Chair,Wayfair,實木,2.54×50.8×254,118.6,4531.0,2461.0,4.0,47.7,5975.0,4.916,https://www.wayfair.com/furniture/pdp/wrought-studio-kasiah-side-chair-dining-chair-w110659067.html?piid=1941185588,1213_aug1,0,1,0,0
1,0,Kasiah 16.5'' H Side Chair,Wayfair,實木,2.54×50.8×254,135.4,4294.0,2964.0,5.0,38.6,5510.0,5.067,https://www.wayfair.com/furniture/pdp/wrought-studio-kasiah-side-chair-dining-chair-w110659067.html?piid=1941185588,1213_aug2,0,1,0,0
1,0,Kasiah 16.5'' H Side Chair,Wayfair,實木,2.54×50.8×254,115.3,4783.0,2241.0,6.0,36.6,6071.0,4.998,https://www.wayfair.com/furniture/pdp/wrought-studio-kasiah-side-chair-dining-chair-w110659067.html?piid=1941185588,1213_aug3,0,1,0,0
1,0,Kasiah 16.5'' H Side Chair,Wayfair,實木,2.54×50.8×254,125.0,5139.0,2961.0,5.0,37.2,5410.0,5.006,https://www.wayfair.com/furniture/pdp/wrought-studio-kasiah-side-chair-dining-chair-w110659067.html?piid=1941185588,1213_aug4,0,1,0,0
0,0,未知產品,Wayfair,實木,,80.3,5292.0,2208.0,3.0,47.9,3628.0,4.011,https://www.wayfair.com/furniture/pdp/red-barrel-studio-feriz-solid-wood-ladder-back-side-chair-in-black-w006090821.html,1215_aug1,0,0,0,0
0,0,未知產品,Wayfair,實木,,81.6,5468.0,2260.0,3.0,42.0,4110.0,4.044,https://www.wayfair.com/furniture/pdp/red-barrel-studio-feriz-solid-wood-ladder-back-side-chair-in-black-w006090821.html,1215_aug2,0,0,0,0
0,0,未知產品,Wayfair,實木,,84.9,4591.0,2652.0,3.0,40.4,4535.0,4.032,https://www.wayfair.com/furniture/pdp/red-barrel-studio-feriz-solid-wood-ladder-back-side-chair-in-black-w006090821.html,1215_aug3,0,0,0,0
0,0,未知產品,Wayfair,實木,,86.6,4845.0,2417.0,3.0,43.1,3563.0,4.016,https://www.wayfair.com/furniture/pdp/red-barrel-studio-feriz-solid-wood-ladder-back-side-chair-in-black-w006090821.html,1215_aug4,0,0,0,0
1,0,餐椅2025新款椅子木靠背餐桌原木代藤椅餐家用木凳子,淘寶,實木,45×45×80,35.5,7841.0,2111.0,3.0,48.8,5368.0,4.976,https://detail.tmall.com/item.htm?priceTId=2100c82617471400659154877e0bf7&utparam=%7B%22aplus_abtest%22%3A%223e5e0c80263a5c907e9276f849878be8%22%7D&id=915117212705&ns=1&detail_redpacket_pop=true&query=%E5%AE%9E%E6%9C%A8%E6%A4%85&xxc=ad_ztc&mi_id=hwIyFo2mSY9woe0psHrIxPQHqQJ92M9La4MEWgXxwqEi9-bq1XcjKQryijuSxrBIhCFuP5ZtEYO_yxxfFgxRV5_Dmx-q8dZzmxiJrofPv28&skuId=5781218713715&spm=a21n57.1.item.2,1218_aug1,0,0,0,0
1,0,餐椅2025新款椅子木靠背餐桌原木代藤椅餐家用木凳子,淘寶,實木,45×45×80,43.3,7021.0,2312.0,3.0,38.5,6768.0,4.92,https://detail.tmall.com/item.htm?priceTId=2100c82617471400659154877e0bf7&utparam=%7B%22aplus_abtest%22%3A%223e5e0c80263a5c907e9276f849878be8%22%7D&id=915117212705&ns=1&detail_redpacket_pop=true&query=%E5%AE%9E%E6%9C%A8%E6%A4%85&xxc=ad_ztc&mi_id=hwIyFo2mSY9woe0psHrIxPQHqQJ92M9La4MEWgXxwqEi9-bq1XcjKQryijuSxrBIhCFuP5ZtEYO_yxxfFgxRV5_Dmx-q8dZzmxiJrofPv28&skuId=5781218713715&spm=a21n57.1.item.2,1218_aug2,0,0,0,0
1,0,餐椅2025新款椅子木靠背餐桌原木代藤椅餐家用木凳子,淘寶,實木,45×45×80,35.7,7707.0,2247.0,3.0,42.2,5804.0,4.969,https://detail.tmall.com/item.htm?priceTId=2100c82617471400659154877e0bf7&utparam=%7B%22aplus_abtest%22%3A%223e5e0c80263a5c907e9276f849878be8%22%7D&id=915117212705&ns=1&detail_redpacket_pop=true&query=%E5%AE%9E%E6%9C%A8%E6%A4%85&xxc=ad_ztc&mi_id=hwIyFo2mSY9woe0psHrIxPQHqQJ92M9La4MEWgXxwqEi9-bq1XcjKQryijuSxrBIhCFuP5ZtEYO_yxxfFgxRV5_Dmx-q8dZzmxiJrofPv28&skuId=5781218713715&spm=a21n57.1.item.2,1218_aug3,0,0,0,0
1,0,餐椅2025新款椅子木靠背餐桌原木代藤椅餐家用木凳子,淘寶,實木,45×45×80,37.9,6645.0,2091.0,3.0,42.4,5504.0,5.068,https://detail.tmall.com/item.htm?priceTId=2100c82617471400659154877e0bf7&utparam=%7B%22aplus_abtest%22%3A%223e5e0c80263a5c907e9276f849878be8%22%7D&id=915117212705&ns=1&detail_redpacket_pop=true&query=%E5%AE%9E%E6%9C%A8%E6%A4%85&xxc=ad_ztc&mi_id=hwIyFo2mSY9woe0psHrIxPQHqQJ92M9La4MEWgXxwqEi9-bq1XcjKQryijuSxrBIhCFuP5ZtEYO_yxxfFgxRV5_Dmx-q8dZzmxiJrofPv28&skuId=5781218713715&spm=a21n57.1.item.2,1218_aug4,0,0,0,0
1,0,木椅子餐椅家用餐桌椅商用靠背椅木复古意式用餐凳子,淘寶,實木,45×50×95,53.6,5082.0,2024.0,4.0,45.6,4189.0,4.996,https://detail.tmall.com/item.htm?priceTId=2100c82617471400659154877e0bf7&utparam=%7B%22aplus_abtest%22%3A%22fe65e3d6393c8f9cc184ebeb32a1dc3e%22%7D&id=822482029290&ns=1&abbucket=15&xxc=taobaoSearch&detail_redpacket_pop=true&query=%E5%AE%9E%E6%9C%A8%E6%A4%85&mi_id=fkNI7hzr8EdLYh6rLJ7pXL46liT8JadCLg0LozQrEjj6tVC6aJiMHwgz0SB__hHTIpanXofVaMT1e1ELSJqquGmrP7QQvBsgKyade9hOhzY&skuId=5702241326247&spm=a21n57.1.item.12,1225_aug1,0,0,0,0
1,0,木椅子餐椅家用餐桌椅商用靠背椅木复古意式用餐凳子,淘寶,實木,45×50×95,51.5,4069.0,2236.0,4.0,44.1,4268.0,4.99,https://detail.tmall.com/item.htm?priceTId=2100c82617471400659154877e0bf7&utparam=%7B%22aplus_abtest%22%3A%22fe65e3d6393c8f9cc184ebeb32a1dc3e%22%7D&id=822482029290&ns=1&abbucket=15&xxc=taobaoSearch&detail_redpacket_pop=true&query=%E5%AE%9E%E6%9C%A8%E6%A4%85&mi_id=fkNI7hzr8EdLYh6rLJ7pXL46liT8JadCLg0LozQrEjj6tVC6aJiMHwgz0SB__hHTIpanXofVaMT1e1ELSJqquGmrP7QQvBsgKyade9hOhzY&skuId=5702241326247&spm=a21n57.1.item.12,1225_aug2,0,0,0,0
1,0,木椅子餐椅家用餐桌椅商用靠背椅木复古意式用餐凳子,淘寶,實木,45×50×95,47.5,4235.0,2190.0,3.0,47.3,4469.0,4.971,https://detail.tmall.com/item.htm?priceTId=2100c82617471400659154877e0bf7&utparam=%7B%22aplus_abtest%22%3A%22fe65e3d6393c8f9cc184ebeb32a1dc3e%22%7D&id=822482029290&ns=1&abbucket=15&xxc=taobaoSearch&detail_redpacket_pop=true&query=%E5%AE%9E%E6%9C%A8%E6%A4%85&mi_id=fkNI7hzr8EdLYh6rLJ7pXL46liT8JadCLg0LozQrEjj6tVC6aJiMHwgz0SB__hHTIpanXofVaMT1e1ELSJqquGmrP7QQvBsgKyade9hOhzY&skuId=5702241326247&spm=a21n57.1.item.12,1225_aug3,0,0,0,0
1,0,木椅子餐椅家用餐桌椅商用靠背椅木复古意式用餐凳子,淘寶,實木,45×50×95,43.2,5157.0,2090.0,4.0,43.2,4340.0,4.959,https://detail.tmall.com/item.htm?priceTId=2100c82617471400659154877e0bf7&utparam=%7B%22aplus_abtest%22%3A%22fe65e3d6393c8f9cc184ebeb32a1dc3e%22%7D&id=822482029290&ns=1&abbucket=15&xxc=taobaoSearch&detail_redpacket_pop=true&query=%E5%AE%9E%E6%9C%A8%E6%A4%85&mi_id=fkNI7hzr8EdLYh6rLJ7pXL46liT8JadCLg0LozQrEjj6tVC6aJiMHwgz0SB__hHTIpanXofVaMT1e1ELSJqquGmrP7QQvBsgKyade9hOhzY&skuId=5702241326247&spm=a21n57.1.item.12,1225_aug4,0,0,0,0
1,0,全木餐椅松木家用代餐餐桌椅木原木凳子靠背木椅子,淘寶,松木,42×49×90,46.0,8597.0,1822.0,2.0,48.0,5861.0,4.924,https://item.taobao.com/item.htm?priceTId=2100c82617471400659154877e0bf7&utparam=%7B%22aplus_abtest%22%3A%2231cb63d091370f63340c325ceedce4f0%22%7D&id=606876500209&ns=1&abbucket=15&xxc=taobaoSearch&detail_redpacket_pop=true&query=%E5%AE%9E%E6%9C%A8%E6%A4%85&mi_id=wngGKsn7fxQHqGbT8nie9NR_Yh4pNGynsqz00r5hDl3iR9NqZxZtKSXMs4rXZMy4cXoIM2OFFE-bGpW-nXssxTHPBW3D8RHFcu0Crse5Kg8&skuId=4429284310063&spm=a21n57.1.item.20,1230_aug1,0,0,0,0
1,0,全木餐椅松木家用代餐餐桌椅木原木凳子靠背木椅子,淘寶,松木,42×49×90,40.5,9192.0,2252.0,2.0,46.3,5110.0,4.962,https://item.taobao.com/item.htm?priceTId=2100c82617471400659154877e0bf7&utparam=%7B%22aplus_abtest%22%3A%2231cb63d091370f63340c325ceedce4f0%22%7D&id=606876500209&ns=1&abbucket=15&xxc=taobaoSearch&detail_redpacket_pop=true&query=%E5%AE%9E%E6%9C%A8%E6%A4%85&mi_id=wngGKsn7fxQHqGbT8nie9NR_Yh4pNGynsqz00r5hDl3iR9NqZxZtKSXMs4rXZMy4cXoIM2OFFE-bGpW-nXssxTHPBW3D8RHFcu0Crse5Kg8&skuId=4429284310063&spm=a21n57.1.item.20,1230_aug2,0,0,0,0
1,0,全木餐椅松木家用代餐餐桌椅木原木凳子靠背木椅子,淘寶,松木,42×49×90,38.5,9530.0,1997.0,3.0,47.8,6229.0,4.957,https://item.taobao.com/item.htm?priceTId=2100c82617471400659154877e0bf7&utparam=%7B%22aplus_abtest%22%3A%2231cb63d091370f63340c325ceedce4f0%22%7D&id=606876500209&ns=1&abbucket=15&xxc=taobaoSearch&detail_redpacket_pop=true&query=%E5%AE%9E%E6%9C%A8%E6%A4%85&mi_id=wngGKsn7fxQHqGbT8nie9NR_Yh4pNGynsqz00r5hDl3iR9NqZxZtKSXMs4rXZMy4cXoIM2OFFE-bGpW-nXssxTHPBW3D8RHFcu0Crse5Kg8&skuId=4429284310063&spm=a21n57.1.item.20,1230_aug3,0,0,0,0
1,0,全木餐椅松木家用代餐餐桌椅木原木凳子靠背木椅子,淘寶,松木,42×49×90,40.7,10069.0,2192.0,3.0,38.4,5422.0,5.049,https://item.taobao.com/item.htm?priceTId=2100c82617471400659154877e0bf7&utparam=%7B%22aplus_abtest%22%3A%2231cb63d091370f63340c325ceedce4f0%22%7D&id=606876500209&ns=1&abbucket=15&xxc=taobaoSearch&detail_redpacket_pop=true&query=%E5%AE%9E%E6%9C%A8%E6%A4%85&mi_id=wngGKsn7fxQHqGbT8nie9NR_Yh4pNGynsqz00r5hDl3iR9NqZxZtKSXMs4rXZMy4cXoIM2OFFE-bGpW-nXssxTHPBW3D8RHFcu0Crse5Kg8&skuId=4429284310063&spm=a21n57.1.item.20,1230_aug4,0,0,0,0
1,0,小矮凳木凳子成人靠背洗小板凳木幼儿儿童椅家用,淘寶,實木,30×30×45,39.3,918.0,2526.0,2.0,32.2,2947.0,3.938,https://item.taobao.com/item.htm?priceTId=2100c82617471400659154877e0bf7&utparam=%7B%22aplus_abtest%22%3A%22069bb17649d19ef8bf2042c0ebae9f9d%22%7D&id=553727110263&ns=1&abbucket=15&xxc=taobaoSearch&detail_redpacket_pop=true&query=%E5%AE%9E%E6%9C%A8%E6%A4%85&mi_id=V1G1iF8boVtOAslFJfBwykNwqRKSJ7-IG_uwxSl9u1nVNEvUc5K-OfmQyKlXUFGxQhZBDMVox2s08byrBAR8c1sygggTJyLQlKRMVWAFZqo&skuId=3549352980546&spm=a21n57.1.item.23,1231_aug1,0,0,0,0
1,0,小矮凳木凳子成人靠背洗小板凳木幼儿儿童椅家用,淘寶,實木,30×30×45,46.8,830.0,2409.0,2.0,34.7,3048.0,4.036,https://item.taobao.com/item.htm?priceTId=2100c82617471400659154877e0bf7&utparam=%7B%22aplus_abtest%22%3A%22069bb17649d19ef8bf2042c0ebae9f9d%22%7D&id=553727110263&ns=1&abbucket=15&xxc=taobaoSearch&detail_redpacket_pop=true&query=%E5%AE%9E%E6%9C%A8%E6%A4%85&mi_id=V1G1iF8boVtOAslFJfBwykNwqRKSJ7-IG_uwxSl9u1nVNEvUc5K-OfmQyKlXUFGxQhZBDMVox2s08byrBAR8c1sygggTJyLQlKRMVWAFZqo&skuId=3549352980546&spm=a21n57.1.item.23,1231_aug2,0,0,0,0
1,0,小矮凳木凳子成人靠背洗小板凳木幼儿儿童椅家用,淘寶,實木,30×30×45,50.5,772.0,2541.0,2.0,33.1,3407.0,4.075,https://item.taobao.com/item.htm?priceTId=2100c82617471400659154877e0bf7&utparam=%7B%22aplus_abtest%22%3A%22069bb17649d19ef8bf2042c0ebae9f9d%22%7D&id=553727110263&ns=1&abbucket=15&xxc=taobaoSearch&detail_redpacket_pop=true&query=%E5%AE%9E%E6%9C%A8%E6%A4%85&mi_id=V1G1iF8boVtOAslFJfBwykNwqRKSJ7-IG_uwxSl9u1nVNEvUc5K-OfmQyKlXUFGxQhZBDMVox2s08byrBAR8c1sygggTJyLQlKRMVWAFZqo&skuId=3549352980546&spm=a21n57.1.item.23,1231_aug3,0,0,0,0
1,0,小矮凳木凳子成人靠背洗小板凳木幼儿儿童椅家用,淘寶,實木,30×30×45,51.0,837.0,2369.0,2.0,34.6,2874.0,4.033,https://item.taobao.com/item.htm?priceTId=2100c82617471400659154877e0bf7&utparam=%7B%22aplus_abtest%22%3A%22069bb17649d19ef8bf2042c0ebae9f9d%22%7D&id=553727110263&ns=1&abbucket=15&xxc=taobaoSearch&detail_redpacket_pop=true&query=%E5%AE%9E%E6%9C%A8%E6%A4%85&mi_id=V1G1iF8boVtOAslFJfBwykNwqRKSJ7-IG_uwxSl9u1nVNEvUc5K-OfmQyKlXUFGxQhZBDMVox2s08byrBAR8c1sygggTJyLQlKRMVWAFZqo&skuId=3549352980546&spm=a21n57.1.item.23,1231_aug4,0,0,0,0
0,0,木椅子靠背包座椅靠支腰冬季餐椅茶椅靠背河椅u型枕,淘寶,木,45×50×85,37.4,4186.0,2506.0,3.0,39.1,3770.0,5.021,https://detail.tmall.com/item.htm?priceTId=2100c82617471400659154877e0bf7&utparam=%7B%22aplus_abtest%22%3A%22067cfa05b8e996362f9bccaab28ca214%22%7D&id=871206838637&ns=1&abbucket=15&xxc=taobaoSearch&detail_redpacket_pop=true&query=%E5%AE%9E%E6%9C%A8%E6%A4%85&mi_id=98fQycEYhETD6RRoAZqnqnVtNlozfBWamkOe8aoKmkuPLraS3MAmi2fbE16ZcRUkAKxP5b2xKOjaLSrRPCTBC1JjpKGQ7U8xF7uJgoCKIf8&skuId=5870151366474&spm=a21n57.1.item.32,1235_aug1,0,0,0,0
0,0,木椅子靠背包座椅靠支腰冬季餐椅茶椅靠背河椅u型枕,淘寶,木,45×50×85,35.5,4462.0,2336.0,3.0,41.4,4436.0,4.947,https://detail.tmall.com/item.htm?priceTId=2100c82617471400659154877e0bf7&utparam=%7B%22aplus_abtest%22%3A%22067cfa05b8e996362f9bccaab28ca214%22%7D&id=871206838637&ns=1&abbucket=15&xxc=taobaoSearch&detail_redpacket_pop=true&query=%E5%AE%9E%E6%9C%A8%E6%A4%85&mi_id=98fQycEYhETD6RRoAZqnqnVtNlozfBWamkOe8aoKmkuPLraS3MAmi2fbE16ZcRUkAKxP5b2xKOjaLSrRPCTBC1JjpKGQ7U8xF7uJgoCKIf8&skuId=5870151366474&spm=a21n57.1.item.32,1235_aug2,0,0,0,0
0,0,木椅子靠背包座椅靠支腰冬季餐椅茶椅靠背河椅u型枕,淘寶,木,45×50×85,42.1,4406.0,1990.0,3.0,41.2,3657.0,4.972,https://detail.tmall.com/item.htm?priceTId=2100c82617471400659154877e0bf7&utparam=%7B%22aplus_abtest%22%3A%22067cfa05b8e996362f9bccaab28ca214%22%7D&id=871206838637&ns=1&abbucket=15&xxc=taobaoSearch&detail_redpacket_pop=true&query=%E5%AE%9E%E6%9C%A8%E6%A4%85&mi_id=98fQycEYhETD6RRoAZqnqnVtNlozfBWamkOe8aoKmkuPLraS3MAmi2fbE16ZcRUkAKxP5b2xKOjaLSrRPCTBC1JjpKGQ7U8xF7uJgoCKIf8&skuId=5870151366474&spm=a21n57.1.item.32,1235_aug3,0,0,0,0
0,0,木椅子靠背包座椅靠支腰冬季餐椅茶椅靠背河椅u型枕,淘寶,木,45×50×85,41.8,4141.0,2036.0,3.0,44.6,3963.0,4.947,https://detail.tmall.com/item.htm?priceTId=2100c82617471400659154877e0bf7&utparam=%7B%22aplus_abtest%22%3A%22067cfa05b8e996362f9bccaab28ca214%22%7D&id=871206838637&ns=1&abbucket=15&xxc=taobaoSearch&detail_redpacket_pop=true&query=%E5%AE%9E%E6%9C%A8%E6%A4%85&mi_id=98fQycEYhETD6RRoAZqnqnVtNlozfBWamkOe8aoKmkuPLraS3MAmi2fbE16ZcRUkAKxP5b2xKOjaLSrRPCTBC1JjpKGQ7U8xF7uJgoCKIf8&skuId=5870151366474&spm=a21n57.1.item.32,1235_aug4,0,0,0,0
1,0,老式松木麻四把餐桌椅子村家用木靠背家鞋凳店儿童椅,淘寶,松木,40×40×80,34.6,6264.0,1738.0,3.0,44.3,5458.0,5.093,https://item.taobao.com/item.htm?priceTId=2100c82617471400659154877e0bf7&utparam=%7B%22aplus_abtest%22%3A%22000d6dd6325790ea9a9fc83aaa653d11%22%7D&id=899805534507&ns=1&abbucket=15&xxc=taobaoSearch&detail_redpacket_pop=true&query=%E5%AE%9E%E6%9C%A8%E6%A4%85&mi_id=h5EO2_N0iWY7INvXI_az7wnTHp1WX18d7DEvMUana31cOnSqyMsfs7ecDQQLv9dNVhx4tk6RUH62hKxQtIIcGdQ3yrLFnzJV6wVK5enIsco&skuId=5756859769559&spm=a21n57.1.item.44,1244_aug1,0,0,0,0
1,0,老式松木麻四把餐桌椅子村家用木靠背家鞋凳店儿童椅,淘寶,松木,40×40×80,38.1,7342.0,1481.0,3.0,38.2,6123.0,5.068,https://item.taobao.com/item.htm?priceTId=2100c82617471400659154877e0bf7&utparam=%7B%22aplus_abtest%22%3A%22000d6dd6325790ea9a9fc83aaa653d11%22%7D&id=899805534507&ns=1&abbucket=15&xxc=taobaoSearch&detail_redpacket_pop=true&query=%E5%AE%9E%E6%9C%A8%E6%A4%85&mi_id=h5EO2_N0iWY7INvXI_az7wnTHp1WX18d7DEvMUana31cOnSqyMsfs7ecDQQLv9dNVhx4tk6RUH62hKxQtIIcGdQ3yrLFnzJV6wVK5enIsco&skuId=5756859769559&spm=a21n57.1.item.44,1244_aug2,0,0,0,0
1,0,老式松木麻四把餐桌椅子村家用木靠背家鞋凳店儿童椅,淘寶,松木,40×40×80,43.0,7345.0,1654.0,3.0,35.1,7353.0,5.01,https://item.taobao.com/item.htm?priceTId=2100c82617471400659154877e0bf7&utparam=%7B%22aplus_abtest%22%3A%22000d6dd6325790ea9a9fc83aaa653d11%22%7D&id=899805534507&ns=1&abbucket=15&xxc=taobaoSearch&detail_redpacket_pop=true&query=%E5%AE%9E%E6%9C%A8%E6%A4%85&mi_id=h5EO2_N0iWY7INvXI_az7wnTHp1WX18d7DEvMUana31cOnSqyMsfs7ecDQQLv9dNVhx4tk6RUH62hKxQtIIcGdQ3yrLFnzJV6wVK5enIsco&skuId=5756859769559&spm=a21n57.1.item.44,1244_aug3,0,0,0,0
1,0,老式松木麻四把餐桌椅子村家用木靠背家鞋凳店儿童椅,淘寶,松木,40×40×80,42.4,6221.0,1623.0,3.0,36.0,6001.0,4.93,https://item.taobao.com/item.htm?priceTId=2100c82617471400659154877e0bf7&utparam=%7B%22aplus_abtest%22%3A%22000d6dd6325790ea9a9fc83aaa653d11%22%7D&id=899805534507&ns=1&abbucket=15&xxc=taobaoSearch&detail_redpacket_pop=true&query=%E5%AE%9E%E6%9C%A8%E6%A4%85&mi_id=h5EO2_N0iWY7INvXI_az7wnTHp1WX18d7DEvMUana31cOnSqyMsfs7ecDQQLv9dNVhx4tk6RUH62hKxQtIIcGdQ3yrLFnzJV6wVK5enIsco&skuId=5756859769559&spm=a21n57.1.item.44,1244_aug4,0,0,0,0
1,0,小凳子家用客小椅子代小板凳木靠背椅沙凳口鞋凳,淘寶,實木,30×30×45,48.9,1173.0,2257.0,2.0,30.1,2624.0,4.909,https://detail.tmall.com/item.htm?priceTId=2100c81f17471405194862526e0bd1&utparam=%7B%22aplus_abtest%22%3A%2238de2bbee4be1997cf7f041f77cf57b2%22%7D&id=748651210630&ns=1&abbucket=15&xxc=taobaoSearch&detail_redpacket_pop=true&query=%E5%AE%9E%E6%9C%A8%E6%A4%85&mi_id=jUbkaDchModK-ewF4Vg-RMCXM7cGjUYfI86deGIJb0fVSgRFW4b8KpgQv1Th76kx_w8u8HRoLGwx34VJ_QPlk1NQYSuinE6ghiDyLLQoluM&skuId=5159533544571&spm=a21n57.1.item.7,1248_aug1,0,0,0,0
1,0,小凳子家用客小椅子代小板凳木靠背椅沙凳口鞋凳,淘寶,實木,30×30×45,51.2,1533.0,2410.0,2.0,30.7,2487.0,4.952,https://detail.tmall.com/item.htm?priceTId=2100c81f17471405194862526e0bd1&utparam=%7B%22aplus_abtest%22%3A%2238de2bbee4be1997cf7f041f77cf57b2%22%7D&id=748651210630&ns=1&abbucket=15&xxc=taobaoSearch&detail_redpacket_pop=true&query=%E5%AE%9E%E6%9C%A8%E6%A4%85&mi_id=jUbkaDchModK-ewF4Vg-RMCXM7cGjUYfI86deGIJb0fVSgRFW4b8KpgQv1Th76kx_w8u8HRoLGwx34VJ_QPlk1NQYSuinE6ghiDyLLQoluM&skuId=5159533544571&spm=a21n57.1.item.7,1248_aug2,0,0,0,0
1,0,小凳子家用客小椅子代小板凳木靠背椅沙凳口鞋凳,淘寶,實木,30×30×45,44.9,1317.0,2419.0,2.0,29.8,2825.0,4.938,https://detail.tmall.com/item.htm?priceTId=2100c81f17471405194862526e0bd1&utparam=%7B%22aplus_abtest%22%3A%2238de2bbee4be1997cf7f041f77cf57b2%22%7D&id=748651210630&ns=1&abbucket=15&xxc=taobaoSearch&detail_redpacket_pop=true&query=%E5%AE%9E%E6%9C%A8%E6%A4%85&mi_id=jUbkaDchModK-ewF4Vg-RMCXM7cGjUYfI86deGIJb0fVSgRFW4b8KpgQv1Th76kx_w8u8HRoLGwx34VJ_QPlk1NQYSuinE6ghiDyLLQoluM&skuId=5159533544571&spm=a21n57.1.item.7,1248_aug3,0,0,0,0
1,0,小凳子家用客小椅子代小板凳木靠背椅沙凳口鞋凳,淘寶,實木,30×30×45,45.5,1276.0,2601.0,2.0,32.4,2582.0,5.039,https://detail.tmall.com/item.htm?priceTId=2100c81f17471405194862526e0bd1&utparam=%7B%22aplus_abtest%22%3A%2238de2bbee4be1997cf7f041f77cf57b2%22%7D&id=748651210630&ns=1&abbucket=15&xxc=taobaoSearch&detail_redpacket_pop=true&query=%E5%AE%9E%E6%9C%A8%E6%A4%85&mi_id=jUbkaDchModK-ewF4Vg-RMCXM7cGjUYfI86deGIJb0fVSgRFW4b8KpgQv1Th76kx_w8u8HRoLGwx34VJ_QPlk1NQYSuinE6ghiDyLLQoluM&skuId=5159533544571&spm=a21n57.1.item.7,1248_aug4,0,0,0,0
1,0,木餐椅牛角椅子家用桌椅公椅椅久坐靠背椅餐凳子,淘寶,實木,40×45×85,45.3,3736.0,1610.0,3.0,39.7,7504.0,5.003,https://item.taobao.com/item.htm?priceTId=2100c81f17471405194862526e0bd1&utparam=%7B%22aplus_abtest%22%3A%223e7571078e76e89ae44adaae293ea581%22%7D&id=746141058354&ns=1&abbucket=15&xxc=taobaoSearch&detail_redpacket_pop=true&query=%E5%AE%9E%E6%9C%A8%E6%A4%85&mi_id=7yjC7Vj8srOZ-909kAprHuYiKL-oD_381zcZ7se0NB3HEEf5JXZRNu0JVwx9XO9KHkXUc9rOVg1Pq89Zeoc9UuHuaIWxymazXDaMY9KXGrI&skuId=5318338699532&spm=a21n57.1.item.9,1249_aug1,0,0,0,0
1,0,木餐椅牛角椅子家用桌椅公椅椅久坐靠背椅餐凳子,淘寶,實木,40×45×85,38.6,3122.0,1736.0,3.0,38.5,6699.0,5.086,https://item.taobao.com/item.htm?priceTId=2100c81f17471405194862526e0bd1&utparam=%7B%22aplus_abtest%22%3A%223e7571078e76e89ae44adaae293ea581%22%7D&id=746141058354&ns=1&abbucket=15&xxc=taobaoSearch&detail_redpacket_pop=true&query=%E5%AE%9E%E6%9C%A8%E6%A4%85&mi_id=7yjC7Vj8srOZ-909kAprHuYiKL-oD_381zcZ7se0NB3HEEf5JXZRNu0JVwx9XO9KHkXUc9rOVg1Pq89Zeoc9UuHuaIWxymazXDaMY9KXGrI&skuId=5318338699532&spm=a21n57.1.item.9,1249_aug2,0,0,0,0
1,0,木餐椅牛角椅子家用桌椅公椅椅久坐靠背椅餐凳子,淘寶,實木,40×45×85,38.7,3522.0,1842.0,3.0,40.5,5775.0,5.022,https://item.taobao.com/item.htm?priceTId=2100c81f17471405194862526e0bd1&utparam=%7B%22aplus_abtest%22%3A%223e7571078e76e89ae44adaae293ea581%22%7D&id=746141058354&ns=1&abbucket=15&xxc=taobaoSearch&detail_redpacket_pop=true&query=%E5%AE%9E%E6%9C%A8%E6%A4%85&mi_id=7yjC7Vj8srOZ-909kAprHuYiKL-oD_381zcZ7se0NB3HEEf5JXZRNu0JVwx9XO9KHkXUc9rOVg1Pq89Zeoc9UuHuaIWxymazXDaMY9KXGrI&skuId=5318338699532&spm=a21n57.1.item.9,1249_aug3,0,0,0,0
1,0,木餐椅牛角椅子家用桌椅公椅椅久坐靠背椅餐凳子,淘寶,實木,40×45×85,45.0,3175.0,1644.0,3.0,49.2,6283.0,5.076,https://item.taobao.com/item.htm?priceTId=2100c81f17471405194862526e0bd1&utparam=%7B%22aplus_abtest%22%3A%223e7571078e76e89ae44adaae293ea581%22%7D&id=746141058354&ns=1&abbucket=15&xxc=taobaoSearch&detail_redpacket_pop=true&query=%E5%AE%9E%E6%9C%A8%E6%A4%85&mi_id=7yjC7Vj8srOZ-909kAprHuYiKL-oD_381zcZ7se0NB3HEEf5JXZRNu0JVwx9XO9KHkXUc9rOVg1Pq89Zeoc9UuHuaIWxymazXDaMY9KXGrI&skuId=5318338699532&spm=a21n57.1.item.9,1249_aug4,0,0,0,0
1,0,北木餐椅白蜡木肯尼迪椅餐咖啡洽靠背椅,淘寶,白蜡木,45×50×82,34.7,4076.0,2291.0,3.0,43.2,6589.0,4.933,https://item.taobao.com/item.htm?priceTId=2100c81f17471405194862526e0bd1&utparam=%7B%22aplus_abtest%22%3A%22341ec1730f0bb0afc622e184db4dab1e%22%7D&id=735929249542&ns=1&abbucket=15&xxc=taobaoSearch&detail_redpacket_pop=true&query=%E5%AE%9E%E6%9C%A8%E6%A4%85&mi_id=zmEi4wMcrsyWPbG1yLQysNodAOpwcZl5mv_PZX6YA5kOZScI13moWqBG13GAwgQO4jv8PYBIUhbWK-gJlRWcfbDZcYbWT-5Tw1oGoeuevIk&skuId=5083616392155&spm=a21n57.1.item.13,1252_aug1,0,0,0,0
1,0,北木餐椅白蜡木肯尼迪椅餐咖啡洽靠背椅,淘寶,白蜡木,45×50×82,34.6,3487.0,2489.0,3.0,45.2,6206.0,4.926,https://item.taobao.com/item.htm?priceTId=2100c81f17471405194862526e0bd1&utparam=%7B%22aplus_abtest%22%3A%22341ec1730f0bb0afc622e184db4dab1e%22%7D&id=735929249542&ns=1&abbucket=15&xxc=taobaoSearch&detail_redpacket_pop=true&query=%E5%AE%9E%E6%9C%A8%E6%A4%85&mi_id=zmEi4wMcrsyWPbG1yLQysNodAOpwcZl5mv_PZX6YA5kOZScI13moWqBG13GAwgQO4jv8PYBIUhbWK-gJlRWcfbDZcYbWT-5Tw1oGoeuevIk&skuId=5083616392155&spm=a21n57.1.item.13,1252_aug2,0,0,0,0
1,0,北木餐椅白蜡木肯尼迪椅餐咖啡洽靠背椅,淘寶,白蜡木,45×50×82,44.1,3910.0,2356.0,3.0,51.3,6766.0,5.029,https://item.taobao.com/item.htm?priceTId=2100c81f17471405194862526e0bd1&utparam=%7B%22aplus_abtest%22%3A%22341ec1730f0bb0afc622e184db4dab1e%22%7D&id=735929249542&ns=1&abbucket=15&xxc=taobaoSearch&detail_redpacket_pop=true&query=%E5%AE%9E%E6%9C%A8%E6%A4%85&mi_id=zmEi4wMcrsyWPbG1yLQysNodAOpwcZl5mv_PZX6YA5kOZScI13moWqBG13GAwgQO4jv8PYBIUhbWK-gJlRWcfbDZcYbWT-5Tw1oGoeuevIk&skuId=5083616392155&spm=a21n57.1.item.13,1252_aug3,0,0,0,0
1,0,北木餐椅白蜡木肯尼迪椅餐咖啡洽靠背椅,淘寶,白蜡木,45×50×82,38.5,3727.0,2301.0,3.0,42.4,5906.0,5.015,https://item.taobao.com/item.htm?priceTId=2100c81f17471405194862526e0bd1&utparam=%7B%22aplus_abtest%22%3A%22341ec1730f0bb0afc622e184db4dab1e%22%7D&id=735929249542&ns=1&abbucket=15&xxc=taobaoSearch&detail_redpacket_pop=true&query=%E5%AE%9E%E6%9C%A8%E6%A4%85&mi_id=zmEi4wMcrsyWPbG1yLQysNodAOpwcZl5mv_PZX6YA5kOZScI13moWqBG13GAwgQO4jv8PYBIUhbWK-gJlRWcfbDZcYbWT-5Tw1oGoeuevIk&skuId=5083616392155&spm=a21n57.1.item.13,1252_aug4,0,0,0,0
1,0,家用木餐椅北靠背椅子代奢休椅餐原木餐桌舒适椅,淘寶,木,48×50×82,39.1,4460.0,2588.0,4.0,36.6,5083.0,5.077,https://item.taobao.com/item.htm?priceTId=2100c81f17471405194862526e0bd1&utparam=%7B%22aplus_abtest%22%3A%229a604618bb545f3b61ed4491aeca3417%22%7D&id=646948597118&ns=1&abbucket=15&xxc=taobaoSearch&detail_redpacket_pop=true&query=%E5%AE%9E%E6%9C%A8%E6%A4%85&mi_id=nrIS6AKUlZ8Qiq43j2voMqnt58aF7a-LAIJ5LorX7KnE-AuBlTdmQ_x0xMM7Br6JiPXiXxvHRVWv-qCDvL7f2nvSMoqXZLSWL6oJaEuaKjo&skuId=4836954114967&spm=a21n57.1.item.22,1254_aug1,0,0,0,0
1,0,家用木餐椅北靠背椅子代奢休椅餐原木餐桌舒适椅,淘寶,木,48×50×82,43.1,4545.0,2715.0,3.0,47.8,4888.0,4.902,https://item.taobao.com/item.htm?priceTId=2100c81f17471405194862526e0bd1&utparam=%7B%22aplus_abtest%22%3A%229a604618bb545f3b61ed4491aeca3417%22%7D&id=646948597118&ns=1&abbucket=15&xxc=taobaoSearch&detail_redpacket_pop=true&query=%E5%AE%9E%E6%9C%A8%E6%A4%85&mi_id=nrIS6AKUlZ8Qiq43j2voMqnt58aF7a-LAIJ5LorX7KnE-AuBlTdmQ_x0xMM7Br6JiPXiXxvHRVWv-qCDvL7f2nvSMoqXZLSWL6oJaEuaKjo&skuId=4836954114967&spm=a21n57.1.item.22,1254_aug2,0,0,0,0
1,0,家用木餐椅北靠背椅子代奢休椅餐原木餐桌舒适椅,淘寶,木,48×50×82,39.2,4597.0,2428.0,4.0,46.3,5135.0,4.986,https://item.taobao.com/item.htm?priceTId=2100c81f17471405194862526e0bd1&utparam=%7B%22aplus_abtest%22%3A%229a604618bb545f3b61ed4491aeca3417%22%7D&id=646948597118&ns=1&abbucket=15&xxc=taobaoSearch&detail_redpacket_pop=true&query=%E5%AE%9E%E6%9C%A8%E6%A4%85&mi_id=nrIS6AKUlZ8Qiq43j2voMqnt58aF7a-LAIJ5LorX7KnE-AuBlTdmQ_x0xMM7Br6JiPXiXxvHRVWv-qCDvL7f2nvSMoqXZLSWL6oJaEuaKjo&skuId=4836954114967&spm=a21n57.1.item.22,1254_aug3,0,0,0,0
1,0,家用木餐椅北靠背椅子代奢休椅餐原木餐桌舒适椅,淘寶,木,48×50×82,35.8,4148.0,2502.0,3.0,44.9,5354.0,4.94,https://item.taobao.com/item.htm?priceTId=2100c81f17471405194862526e0bd1&utparam=%7B%22aplus_abtest%22%3A%229a604618bb545f3b61ed4491aeca3417%22%7D&id=646948597118&ns=1&abbucket=15&xxc=taobaoSearch&detail_redpacket_pop=true&query=%E5%AE%9E%E6%9C%A8%E6%A4%85&mi_id=nrIS6AKUlZ8Qiq43j2voMqnt58aF7a-LAIJ5LorX7KnE-AuBlTdmQ_x0xMM7Br6JiPXiXxvHRVWv-qCDvL7f2nvSMoqXZLSWL6oJaEuaKjo&skuId=4836954114967&spm=a21n57.1.item.22,1254_aug4,0,0,0,0
1,0,藤椅子昌迪加椅藤椅沙天然真藤咖啡民宿家用中古木餐椅,淘寶,實木,45×50×85,40.5,3258.0,2209.0,3.0,44.5,3623.0,5.045,https://item.taobao.com/item.htm?priceTId=2100c81f17471405194862526e0bd1&utparam=%7B%22aplus_abtest%22%3A%22bd57337ef97ad6523996c60bb35ded2c%22%7D&id=698649910719&ns=1&detail_redpacket_pop=true&query=%E5%AE%9E%E6%9C%A8%E6%A4%85&xxc=ad_ztc&mi_id=ok9CTvl8HtGHdaNOsXQvR3aqlNVSbaxwdsi4AzcOzsFhQjWI1AD7J2w9hhtTYsXupAzAoqK04o8PJksEsu3Zkwol5B2Q2-nWK3UMfhkbOH0&skuId=4940322220765&spm=a21n57.1.item.25,1256_aug1,0,0,0,0
1,0,藤椅子昌迪加椅藤椅沙天然真藤咖啡民宿家用中古木餐椅,淘寶,實木,45×50×85,36.2,3858.0,2236.0,3.0,49.7,4303.0,4.907,https://item.taobao.com/item.htm?priceTId=2100c81f17471405194862526e0bd1&utparam=%7B%22aplus_abtest%22%3A%22bd57337ef97ad6523996c60bb35ded2c%22%7D&id=698649910719&ns=1&detail_redpacket_pop=true&query=%E5%AE%9E%E6%9C%A8%E6%A4%85&xxc=ad_ztc&mi_id=ok9CTvl8HtGHdaNOsXQvR3aqlNVSbaxwdsi4AzcOzsFhQjWI1AD7J2w9hhtTYsXupAzAoqK04o8PJksEsu3Zkwol5B2Q2-nWK3UMfhkbOH0&skuId=4940322220765&spm=a21n57.1.item.25,1256_aug2,0,0,0,0
1,0,藤椅子昌迪加椅藤椅沙天然真藤咖啡民宿家用中古木餐椅,淘寶,實木,45×50×85,37.6,4001.0,1925.0,3.0,48.1,4198.0,5.052,https://item.taobao.com/item.htm?priceTId=2100c81f17471405194862526e0bd1&utparam=%7B%22aplus_abtest%22%3A%22bd57337ef97ad6523996c60bb35ded2c%22%7D&id=698649910719&ns=1&detail_redpacket_pop=true&query=%E5%AE%9E%E6%9C%A8%E6%A4%85&xxc=ad_ztc&mi_id=ok9CTvl8HtGHdaNOsXQvR3aqlNVSbaxwdsi4AzcOzsFhQjWI1AD7J2w9hhtTYsXupAzAoqK04o8PJksEsu3Zkwol5B2Q2-nWK3UMfhkbOH0&skuId=4940322220765&spm=a21n57.1.item.25,1256_aug3,0,0,0,0
1,0,藤椅子昌迪加椅藤椅沙天然真藤咖啡民宿家用中古木餐椅,淘寶,實木,45×50×85,42.7,3807.0,2467.0,3.0,43.7,4016.0,5.043,https://item.taobao.com/item.htm?priceTId=2100c81f17471405194862526e0bd1&utparam=%7B%22aplus_abtest%22%3A%22bd57337ef97ad6523996c60bb35ded2c%22%7D&id=698649910719&ns=1&detail_redpacket_pop=true&query=%E5%AE%9E%E6%9C%A8%E6%A4%85&xxc=ad_ztc&mi_id=ok9CTvl8HtGHdaNOsXQvR3aqlNVSbaxwdsi4AzcOzsFhQjWI1AD7J2w9hhtTYsXupAzAoqK04o8PJksEsu3Zkwol5B2Q2-nWK3UMfhkbOH0&skuId=4940322220765&spm=a21n57.1.item.25,1256_aug4,0,0,0,0
0,0,牛角椅北木餐椅家用靠背椅代桌椅咖啡洽休椅子,淘寶,實木,43×48×85,44.5,7453.0,1966.0,3.0,46.1,4067.0,5.033,https://item.taobao.com/item.htm?priceTId=2100c81f17471405194862526e0bd1&utparam=%7B%22aplus_abtest%22%3A%223a2491f9d22c5365270a9f9e981bb77b%22%7D&id=616297767408&ns=1&abbucket=15&xxc=taobaoSearch&detail_redpacket_pop=true&query=%E5%AE%9E%E6%9C%A8%E6%A4%85&mi_id=of3-1GZuuBCr4XXr91FHijmm2DDeAwhKPo1wbd_l5MAtNjP-WFPYB5OlLMJeRg9GWjemjywZwFWVoXaNU4shs96_cn3l_V9z1E8R0CfkwFg&skuId=4338863284864&spm=a21n57.1.item.41,1264_aug1,0,0,0,0
0,0,牛角椅北木餐椅家用靠背椅代桌椅咖啡洽休椅子,淘寶,實木,43×48×85,45.9,8776.0,2216.0,3.0,50.1,4535.0,5.078,https://item.taobao.com/item.htm?priceTId=2100c81f17471405194862526e0bd1&utparam=%7B%22aplus_abtest%22%3A%223a2491f9d22c5365270a9f9e981bb77b%22%7D&id=616297767408&ns=1&abbucket=15&xxc=taobaoSearch&detail_redpacket_pop=true&query=%E5%AE%9E%E6%9C%A8%E6%A4%85&mi_id=of3-1GZuuBCr4XXr91FHijmm2DDeAwhKPo1wbd_l5MAtNjP-WFPYB5OlLMJeRg9GWjemjywZwFWVoXaNU4shs96_cn3l_V9z1E8R0CfkwFg&skuId=4338863284864&spm=a21n57.1.item.41,1264_aug2,0,0,0,0
0,0,牛角椅北木餐椅家用靠背椅代桌椅咖啡洽休椅子,淘寶,實木,43×48×85,38.0,6949.0,2049.0,3.0,47.9,5117.0,5.038,https://item.taobao.com/item.htm?priceTId=2100c81f17471405194862526e0bd1&utparam=%7B%22aplus_abtest%22%3A%223a2491f9d22c5365270a9f9e981bb77b%22%7D&id=616297767408&ns=1&abbucket=15&xxc=taobaoSearch&detail_redpacket_pop=true&query=%E5%AE%9E%E6%9C%A8%E6%A4%85&mi_id=of3-1GZuuBCr4XXr91FHijmm2DDeAwhKPo1wbd_l5MAtNjP-WFPYB5OlLMJeRg9GWjemjywZwFWVoXaNU4shs96_cn3l_V9z1E8R0CfkwFg&skuId=4338863284864&spm=a21n57.1.item.41,1264_aug3,0,0,0,0
0,0,牛角椅北木餐椅家用靠背椅代桌椅咖啡洽休椅子,淘寶,實木,43×48×85,44.6,7887.0,2232.0,3.0,47.8,4510.0,5.025,https://item.taobao.com/item.htm?priceTId=2100c81f17471405194862526e0bd1&utparam=%7B%22aplus_abtest%22%3A%223a2491f9d22c5365270a9f9e981bb77b%22%7D&id=616297767408&ns=1&abbucket=15&xxc=taobaoSearch&detail_redpacket_pop=true&query=%E5%AE%9E%E6%9C%A8%E6%A4%85&mi_id=of3-1GZuuBCr4XXr91FHijmm2DDeAwhKPo1wbd_l5MAtNjP-WFPYB5OlLMJeRg9GWjemjywZwFWVoXaNU4shs96_cn3l_V9z1E8R0CfkwFg&skuId=4338863284864&spm=a21n57.1.item.41,1264_aug4,0,0,0,0
1,0,北木白蜡木代餐餐椅包靠背扶手椅桌椅子巴椅,淘寶,白蜡木,52×48×82,42.4,4167.0,2728.0,6.0,41.6,8483.0,5.552,https://item.taobao.com/item.htm?priceTId=2100c81f17471405194862526e0bd1&utparam=%7B%22aplus_abtest%22%3A%22a19270d61c46e4973536642f2fe1c117%22%7D&id=837397552909&ns=1&abbucket=15&xxc=taobaoSearch&detail_redpacket_pop=true&query=%E5%AE%9E%E6%9C%A8%E6%A4%85&mi_id=JL0rG7gaoDS9ZbdsfQc8eh1z3XUKJe4rgXPN2a_63G5ilCyEioeLJ42ZKruICdfZ1Rf4n2JljixMIFdGmHZkHCvAoTzpyHpGBwwD7PPJnPU&skuId=5762847718111&spm=a21n57.1.item.42,1265_aug1,0,0,0,0
1,0,北木白蜡木代餐餐椅包靠背扶手椅桌椅子巴椅,淘寶,白蜡木,52×48×82,41.9,4564.0,2782.0,5.0,36.5,8827.0,5.538,https://item.taobao.com/item.htm?priceTId=2100c81f17471405194862526e0bd1&utparam=%7B%22aplus_abtest%22%3A%22a19270d61c46e4973536642f2fe1c117%22%7D&id=837397552909&ns=1&abbucket=15&xxc=taobaoSearch&detail_redpacket_pop=true&query=%E5%AE%9E%E6%9C%A8%E6%A4%85&mi_id=JL0rG7gaoDS9ZbdsfQc8eh1z3XUKJe4rgXPN2a_63G5ilCyEioeLJ42ZKruICdfZ1Rf4n2JljixMIFdGmHZkHCvAoTzpyHpGBwwD7PPJnPU&skuId=5762847718111&spm=a21n57.1.item.42,1265_aug2,0,0,0,0
1,0,北木白蜡木代餐餐椅包靠背扶手椅桌椅子巴椅,淘寶,白蜡木,52×48×82,44.2,4012.0,2145.0,6.0,37.6,8743.0,5.571,https://item.taobao.com/item.htm?priceTId=2100c81f17471405194862526e0bd1&utparam=%7B%22aplus_abtest%22%3A%22a19270d61c46e4973536642f2fe1c117%22%7D&id=837397552909&ns=1&abbucket=15&xxc=taobaoSearch&detail_redpacket_pop=true&query=%E5%AE%9E%E6%9C%A8%E6%A4%85&mi_id=JL0rG7gaoDS9ZbdsfQc8eh1z3XUKJe4rgXPN2a_63G5ilCyEioeLJ42ZKruICdfZ1Rf4n2JljixMIFdGmHZkHCvAoTzpyHpGBwwD7PPJnPU&skuId=5762847718111&spm=a21n57.1.item.42,1265_aug3,0,0,0,0
1,0,北木白蜡木代餐餐椅包靠背扶手椅桌椅子巴椅,淘寶,白蜡木,52×48×82,42.5,4002.0,2621.0,6.0,41.1,7792.0,5.487,https://item.taobao.com/item.htm?priceTId=2100c81f17471405194862526e0bd1&utparam=%7B%22aplus_abtest%22%3A%22a19270d61c46e4973536642f2fe1c117%22%7D&id=837397552909&ns=1&abbucket=15&xxc=taobaoSearch&detail_redpacket_pop=true&query=%E5%AE%9E%E6%9C%A8%E6%A4%85&mi_id=JL0rG7gaoDS9ZbdsfQc8eh1z3XUKJe4rgXPN2a_63G5ilCyEioeLJ42ZKruICdfZ1Rf4n2JljixMIFdGmHZkHCvAoTzpyHpGBwwD7PPJnPU&skuId=5762847718111&spm=a21n57.1.item.42,1265_aug4,0,0,0,0
1,0,舒适木餐椅家用靠背椅北新中式椅子奢扶手椅代泡茶椅,淘寶,實木,45×50×85,35.0,4023.0,2499.0,3.0,46.1,4355.0,5.435,https://item.taobao.com/item.htm?priceTId=2100c81e17471409329593047e0bfa&utparam=%7B%22aplus_abtest%22%3A%22c515a650e5b3a13733959aeace42f8f8%22%7D&id=600253168588&ns=1&abbucket=15&xxc=taobaoSearch&detail_redpacket_pop=true&query=%E5%AE%9E%E6%9C%A8%E6%A4%85&mi_id=aibWZSbSF-EeA3yz1vY6XPrPuYpi4PXGJlo4l8tM_hmrhfCM-Br07SmlFeRtUnxzKS8JJbhinYlUfFsfFK2cFjHn9JXFoHFgc5h_AK3VEK4&skuId=4983482966649&spm=a21n57.1.item.7,1271_aug1,0,0,0,0
1,0,舒适木餐椅家用靠背椅北新中式椅子奢扶手椅代泡茶椅,淘寶,實木,45×50×85,42.0,3762.0,2521.0,3.0,50.9,4498.0,5.581,https://item.taobao.com/item.htm?priceTId=2100c81e17471409329593047e0bfa&utparam=%7B%22aplus_abtest%22%3A%22c515a650e5b3a13733959aeace42f8f8%22%7D&id=600253168588&ns=1&abbucket=15&xxc=taobaoSearch&detail_redpacket_pop=true&query=%E5%AE%9E%E6%9C%A8%E6%A4%85&mi_id=aibWZSbSF-EeA3yz1vY6XPrPuYpi4PXGJlo4l8tM_hmrhfCM-Br07SmlFeRtUnxzKS8JJbhinYlUfFsfFK2cFjHn9JXFoHFgc5h_AK3VEK4&skuId=4983482966649&spm=a21n57.1.item.7,1271_aug2,0,0,0,0
1,0,舒适木餐椅家用靠背椅北新中式椅子奢扶手椅代泡茶椅,淘寶,實木,45×50×85,34.8,3974.0,2323.0,3.0,39.0,4266.0,5.462,https://item.taobao.com/item.htm?priceTId=2100c81e17471409329593047e0bfa&utparam=%7B%22aplus_abtest%22%3A%22c515a650e5b3a13733959aeace42f8f8%22%7D&id=600253168588&ns=1&abbucket=15&xxc=taobaoSearch&detail_redpacket_pop=true&query=%E5%AE%9E%E6%9C%A8%E6%A4%85&mi_id=aibWZSbSF-EeA3yz1vY6XPrPuYpi4PXGJlo4l8tM_hmrhfCM-Br07SmlFeRtUnxzKS8JJbhinYlUfFsfFK2cFjHn9JXFoHFgc5h_AK3VEK4&skuId=4983482966649&spm=a21n57.1.item.7,1271_aug3,0,0,0,0
1,0,舒适木餐椅家用靠背椅北新中式椅子奢扶手椅代泡茶椅,淘寶,實木,45×50×85,39.6,3796.0,2528.0,3.0,44.3,3914.0,5.443,https://item.taobao.com/item.htm?priceTId=2100c81e17471409329593047e0bfa&utparam=%7B%22aplus_abtest%22%3A%22c515a650e5b3a13733959aeace42f8f8%22%7D&id=600253168588&ns=1&abbucket=15&xxc=taobaoSearch&detail_redpacket_pop=true&query=%E5%AE%9E%E6%9C%A8%E6%A4%85&mi_id=aibWZSbSF-EeA3yz1vY6XPrPuYpi4PXGJlo4l8tM_hmrhfCM-Br07SmlFeRtUnxzKS8JJbhinYlUfFsfFK2cFjHn9JXFoHFgc5h_AK3VEK4&skuId=4983482966649&spm=a21n57.1.item.7,1271_aug4,0,0,0,0
0,0,全木椅子靠背椅凳子餐原木餐椅家用代店吃木椅,淘寶,實木,45×50×85,38.5,3180.0,2568.0,2.0,40.0,4839.0,5.009,https://item.taobao.com/item.htm?priceTId=2100c81e17471409329593047e0bfa&utparam=%7B%22aplus_abtest%22%3A%2234a1fa2bb535e9bcc2baf5e8416188ae%22%7D&id=726740722353&ns=1&abbucket=15&xxc=taobaoSearch&detail_redpacket_pop=true&query=%E5%AE%9E%E6%9C%A8%E6%A4%85&mi_id=sUueOFoiXcjWFLuzA4Ywyn1JA904WXkz6IEbt8-8g6ROBVHpdglsNYfYjrwLUo6liTnAvvPqATgR_pGzhsP8yrbilTuW2CoeLmWonOXuJCM&skuId=5040060036665&spm=a21n57.1.item.9,1272_aug1,0,0,0,0
0,0,全木椅子靠背椅凳子餐原木餐椅家用代店吃木椅,淘寶,實木,45×50×85,40.4,3098.0,2554.0,2.0,38.5,4420.0,5.016,https://item.taobao.com/item.htm?priceTId=2100c81e17471409329593047e0bfa&utparam=%7B%22aplus_abtest%22%3A%2234a1fa2bb535e9bcc2baf5e8416188ae%22%7D&id=726740722353&ns=1&abbucket=15&xxc=taobaoSearch&detail_redpacket_pop=true&query=%E5%AE%9E%E6%9C%A8%E6%A4%85&mi_id=sUueOFoiXcjWFLuzA4Ywyn1JA904WXkz6IEbt8-8g6ROBVHpdglsNYfYjrwLUo6liTnAvvPqATgR_pGzhsP8yrbilTuW2CoeLmWonOXuJCM&skuId=5040060036665&spm=a21n57.1.item.9,1272_aug2,0,0,0,0
0,0,全木椅子靠背椅凳子餐原木餐椅家用代店吃木椅,淘寶,實木,45×50×85,35.7,3105.0,2169.0,2.0,39.8,4779.0,4.984,https://item.taobao.com/item.htm?priceTId=2100c81e17471409329593047e0bfa&utparam=%7B%22aplus_abtest%22%3A%2234a1fa2bb535e9bcc2baf5e8416188ae%22%7D&id=726740722353&ns=1&abbucket=15&xxc=taobaoSearch&detail_redpacket_pop=true&query=%E5%AE%9E%E6%9C%A8%E6%A4%85&mi_id=sUueOFoiXcjWFLuzA4Ywyn1JA904WXkz6IEbt8-8g6ROBVHpdglsNYfYjrwLUo6liTnAvvPqATgR_pGzhsP8yrbilTuW2CoeLmWonOXuJCM&skuId=5040060036665&spm=a21n57.1.item.9,1272_aug3,0,0,0,0
0,0,全木椅子靠背椅凳子餐原木餐椅家用代店吃木椅,淘寶,實木,45×50×85,35.9,3607.0,1970.0,2.0,45.3,4680.0,4.919,https://item.taobao.com/item.htm?priceTId=2100c81e17471409329593047e0bfa&utparam=%7B%22aplus_abtest%22%3A%2234a1fa2bb535e9bcc2baf5e8416188ae%22%7D&id=726740722353&ns=1&abbucket=15&xxc=taobaoSearch&detail_redpacket_pop=true&query=%E5%AE%9E%E6%9C%A8%E6%A4%85&mi_id=sUueOFoiXcjWFLuzA4Ywyn1JA904WXkz6IEbt8-8g6ROBVHpdglsNYfYjrwLUo6liTnAvvPqATgR_pGzhsP8yrbilTuW2CoeLmWonOXuJCM&skuId=5040060036665&spm=a21n57.1.item.9,1272_aug4,0,0,0,0
0,1,儿童餐椅木大家用高凳木吃椅子加升降大童成座,淘寶,實木,35×35×80,34.2,4133.0,1307.0,3.0,50.0,8992.0,5.053,https://detail.tmall.com/item.htm?priceTId=2100c81e17471409329593047e0bfa&utparam=%7B%22aplus_abtest%22%3A%2243a9912a6ede9c964131c3450bba106a%22%7D&id=655879652850&ns=1&abbucket=15&xxc=taobaoSearch&detail_redpacket_pop=true&query=%E5%AE%9E%E6%9C%A8%E6%A4%85&mi_id=n-YgT95VydxIZzSVCMSNGIbxPoWRyauMeFTTT4kDQfcakAVacooLhAbNUgvkB5GZty3Ab4t5Y3VlDgJ0THRp15pHFsdDHl60qlYcCGyYgGE&skuId=4733897988995&spm=a21n57.1.item.18,1275_aug1,0,0,0,0
0,1,儿童餐椅木大家用高凳木吃椅子加升降大童成座,淘寶,實木,35×35×80,36.1,3527.0,1108.0,3.0,51.7,7798.0,5.045,https://detail.tmall.com/item.htm?priceTId=2100c81e17471409329593047e0bfa&utparam=%7B%22aplus_abtest%22%3A%2243a9912a6ede9c964131c3450bba106a%22%7D&id=655879652850&ns=1&abbucket=15&xxc=taobaoSearch&detail_redpacket_pop=true&query=%E5%AE%9E%E6%9C%A8%E6%A4%85&mi_id=n-YgT95VydxIZzSVCMSNGIbxPoWRyauMeFTTT4kDQfcakAVacooLhAbNUgvkB5GZty3Ab4t5Y3VlDgJ0THRp15pHFsdDHl60qlYcCGyYgGE&skuId=4733897988995&spm=a21n57.1.item.18,1275_aug2,0,0,0,0
0,1,儿童餐椅木大家用高凳木吃椅子加升降大童成座,淘寶,實木,35×35×80,34.9,3600.0,1192.0,3.0,43.2,8463.0,5.075,https://detail.tmall.com/item.htm?priceTId=2100c81e17471409329593047e0bfa&utparam=%7B%22aplus_abtest%22%3A%2243a9912a6ede9c964131c3450bba106a%22%7D&id=655879652850&ns=1&abbucket=15&xxc=taobaoSearch&detail_redpacket_pop=true&query=%E5%AE%9E%E6%9C%A8%E6%A4%85&mi_id=n-YgT95VydxIZzSVCMSNGIbxPoWRyauMeFTTT4kDQfcakAVacooLhAbNUgvkB5GZty3Ab4t5Y3VlDgJ0THRp15pHFsdDHl60qlYcCGyYgGE&skuId=4733897988995&spm=a21n57.1.item.18,1275_aug3,0,0,0,0
0,1,儿童餐椅木大家用高凳木吃椅子加升降大童成座,淘寶,實木,35×35×80,39.0,3375.0,1370.0,3.0,42.4,8411.0,4.961,https://detail.tmall.com/item.htm?priceTId=2100c81e17471409329593047e0bfa&utparam=%7B%22aplus_abtest%22%3A%2243a9912a6ede9c964131c3450bba106a%22%7D&id=655879652850&ns=1&abbucket=15&xxc=taobaoSearch&detail_redpacket_pop=true&query=%E5%AE%9E%E6%9C%A8%E6%A4%85&mi_id=n-YgT95VydxIZzSVCMSNGIbxPoWRyauMeFTTT4kDQfcakAVacooLhAbNUgvkB5GZty3Ab4t5Y3VlDgJ0THRp15pHFsdDHl60qlYcCGyYgGE&skuId=4733897988995&spm=a21n57.1.item.18,1275_aug4,0,0,0,0
1,0,木餐椅家用桌椅公久坐室凳宿舍字靠背椅子,淘寶,實木,45×45×85,34.6,6927.0,2160.0,3.0,46.7,4245.0,5.047,https://item.taobao.com/item.htm?priceTId=2100c81e17471409329593047e0bfa&utparam=%7B%22aplus_abtest%22%3A%22c5f5e38ec8d0f390f44f875ef1befb8c%22%7D&id=675381275335&ns=1&abbucket=15&xxc=taobaoSearch&detail_redpacket_pop=true&query=%E5%AE%9E%E6%9C%A8%E6%A4%85&mi_id=X8rJs-BJT50auWWif-zG6F5GLQU5ZfLC3-RxCqFVURvZCq92lMgce293Lnl-9ergfi-yN9Kly7ZjJqg7uFjFwlTDzZye_mOXJ27Nigx8CcY&skuId=4856576557889&spm=a21n57.1.item.20,1276_aug1,0,0,0,0
1,0,木餐椅家用桌椅公久坐室凳宿舍字靠背椅子,淘寶,實木,45×45×85,44.8,7054.0,1822.0,3.0,44.1,4310.0,4.903,https://item.taobao.com/item.htm?priceTId=2100c81e17471409329593047e0bfa&utparam=%7B%22aplus_abtest%22%3A%22c5f5e38ec8d0f390f44f875ef1befb8c%22%7D&id=675381275335&ns=1&abbucket=15&xxc=taobaoSearch&detail_redpacket_pop=true&query=%E5%AE%9E%E6%9C%A8%E6%A4%85&mi_id=X8rJs-BJT50auWWif-zG6F5GLQU5ZfLC3-RxCqFVURvZCq92lMgce293Lnl-9ergfi-yN9Kly7ZjJqg7uFjFwlTDzZye_mOXJ27Nigx8CcY&skuId=4856576557889&spm=a21n57.1.item.20,1276_aug2,0,0,0,0
1,0,木餐椅家用桌椅公久坐室凳宿舍字靠背椅子,淘寶,實木,45×45×85,37.8,7804.0,2129.0,3.0,49.2,4394.0,5.036,https://item.taobao.com/item.htm?priceTId=2100c81e17471409329593047e0bfa&utparam=%7B%22aplus_abtest%22%3A%22c5f5e38ec8d0f390f44f875ef1befb8c%22%7D&id=675381275335&ns=1&abbucket=15&xxc=taobaoSearch&detail_redpacket_pop=true&query=%E5%AE%9E%E6%9C%A8%E6%A4%85&mi_id=X8rJs-BJT50auWWif-zG6F5GLQU5ZfLC3-RxCqFVURvZCq92lMgce293Lnl-9ergfi-yN9Kly7ZjJqg7uFjFwlTDzZye_mOXJ27Nigx8CcY&skuId=4856576557889&spm=a21n57.1.item.20,1276_aug3,0,0,0,0
1,0,木餐椅家用桌椅公久坐室凳宿舍字靠背椅子,淘寶,實木,45×45×85,39.3,8245.0,2067.0,3.0,42.2,4285.0,5.085,https://item.taobao.com/item.htm?priceTId=2100c81e17471409329593047e0bfa&utparam=%7B%22aplus_abtest%22%3A%22c5f5e38ec8d0f390f44f875ef1befb8c%22%7D&id=675381275335&ns=1&abbucket=15&xxc=taobaoSearch&detail_redpacket_pop=true&query=%E5%AE%9E%E6%9C%A8%E6%A4%85&mi_id=X8rJs-BJT50auWWif-zG6F5GLQU5ZfLC3-RxCqFVURvZCq92lMgce293Lnl-9ergfi-yN9Kly7ZjJqg7uFjFwlTDzZye_mOXJ27Nigx8CcY&skuId=4856576557889&spm=a21n57.1.item.20,1276_aug4,0,0,0,0
1,0,家用木靠背椅村松木椅子老式家茶餐椅休鞋儿童凳,淘寶,松木,40×40×80,36.1,5598.0,1783.0,2.0,42.0,6935.0,5.032,https://detail.tmall.com/item.htm?priceTId=2100c81e17471409329593047e0bfa&utparam=%7B%22aplus_abtest%22%3A%220547a04b5fe526329481e1d0c83f5618%22%7D&id=920210414932&ns=1&abbucket=15&xxc=taobaoSearch&detail_redpacket_pop=true&query=%E5%AE%9E%E6%9C%A8%E6%A4%85&mi_id=zwYeK5sv6x-u6c2EAR2PpYqnQkNBOgHatNhmLeZtCPhm1S9cDq25GsSyskZgIN227tiji3MSUPGDMrpFb6H42TA2TlyyCJGPUt-tdMYW_cc&skuId=5794913901831&spm=a21n57.1.item.24,1279_aug1,0,0,0,0
1,0,家用木靠背椅村松木椅子老式家茶餐椅休鞋儿童凳,淘寶,松木,40×40×80,38.0,7124.0,1412.0,2.0,41.1,6738.0,4.923,https://detail.tmall.com/item.htm?priceTId=2100c81e17471409329593047e0bfa&utparam=%7B%22aplus_abtest%22%3A%220547a04b5fe526329481e1d0c83f5618%22%7D&id=920210414932&ns=1&abbucket=15&xxc=taobaoSearch&detail_redpacket_pop=true&query=%E5%AE%9E%E6%9C%A8%E6%A4%85&mi_id=zwYeK5sv6x-u6c2EAR2PpYqnQkNBOgHatNhmLeZtCPhm1S9cDq25GsSyskZgIN227tiji3MSUPGDMrpFb6H42TA2TlyyCJGPUt-tdMYW_cc&skuId=5794913901831&spm=a21n57.1.item.24,1279_aug2,0,0,0,0
1,0,家用木靠背椅村松木椅子老式家茶餐椅休鞋儿童凳,淘寶,松木,40×40×80,34.8,6891.0,1439.0,2.0,43.2,7569.0,4.945,https://detail.tmall.com/item.htm?priceTId=2100c81e17471409329593047e0bfa&utparam=%7B%22aplus_abtest%22%3A%220547a04b5fe526329481e1d0c83f5618%22%7D&id=920210414932&ns=1&abbucket=15&xxc=taobaoSearch&detail_redpacket_pop=true&query=%E5%AE%9E%E6%9C%A8%E6%A4%85&mi_id=zwYeK5sv6x-u6c2EAR2PpYqnQkNBOgHatNhmLeZtCPhm1S9cDq25GsSyskZgIN227tiji3MSUPGDMrpFb6H42TA2TlyyCJGPUt-tdMYW_cc&skuId=5794913901831&spm=a21n57.1.item.24,1279_aug3,0,0,0,0
1,0,家用木靠背椅村松木椅子老式家茶餐椅休鞋儿童凳,淘寶,松木,40×40×80,36.9,6543.0,1629.0,2.0,48.5,7569.0,4.99,https://detail.tmall.com/item.htm?priceTId=2100c81e17471409329593047e0bfa&utparam=%7B%22aplus_abtest%22%3A%220547a04b5fe526329481e1d0c83f5618%22%7D&id=920210414932&ns=1&abbucket=15&xxc=taobaoSearch&detail_redpacket_pop=true&query=%E5%AE%9E%E6%9C%A8%E6%A4%85&mi_id=zwYeK5sv6x-u6c2EAR2PpYqnQkNBOgHatNhmLeZtCPhm1S9cDq25GsSyskZgIN227tiji3MSUPGDMrpFb6H42TA2TlyyCJGPUt-tdMYW_cc&skuId=5794913901831&spm=a21n57.1.item.24,1279_aug4,0,0,0,0
1,0,木小椅子靠背椅儿童椅老人洗矮凳茶几客木凳子家用鞋板凳,淘寶,實木,30×30×45,50.3,1400.0,2961.0,2.0,38.8,1916.0,4.012,https://item.taobao.com/item.htm?priceTId=2100c81e17471409329593047e0bfa&utparam=%7B%22aplus_abtest%22%3A%226a8cd926ffe5aa02f0a0f806281f5db8%22%7D&id=635408539084&ns=1&abbucket=15&xxc=taobaoSearch&detail_redpacket_pop=true&query=%E5%AE%9E%E6%9C%A8%E6%A4%85&mi_id=exEw8vjlE86Ys6N65yEhkH8h4zM89n5VQYxhB-OlLYsEmwOzsNLf2CFXyz_oRwoDJU14gyjbM3-lYYXeNSnek9jkiXoS0Tta7VZnTvOh_KE&skuId=4905705871025&spm=a21n57.1.item.28,1282_aug1,0,0,0,0
1,0,木小椅子靠背椅儿童椅老人洗矮凳茶几客木凳子家用鞋板凳,淘寶,實木,30×30×45,48.0,1370.0,2803.0,2.0,40.7,1754.0,4.012,https://item.taobao.com/item.htm?priceTId=2100c81e17471409329593047e0bfa&utparam=%7B%22aplus_abtest%22%3A%226a8cd926ffe5aa02f0a0f806281f5db8%22%7D&id=635408539084&ns=1&abbucket=15&xxc=taobaoSearch&detail_redpacket_pop=true&query=%E5%AE%9E%E6%9C%A8%E6%A4%85&mi_id=exEw8vjlE86Ys6N65yEhkH8h4zM89n5VQYxhB-OlLYsEmwOzsNLf2CFXyz_oRwoDJU14gyjbM3-lYYXeNSnek9jkiXoS0Tta7VZnTvOh_KE&skuId=4905705871025&spm=a21n57.1.item.28,1282_aug2,0,0,0,0
1,0,木小椅子靠背椅儿童椅老人洗矮凳茶几客木凳子家用鞋板凳,淘寶,實木,30×30×45,47.5,1280.0,2669.0,2.0,39.6,2148.0,3.979,https://item.taobao.com/item.htm?priceTId=2100c81e17471409329593047e0bfa&utparam=%7B%22aplus_abtest%22%3A%226a8cd926ffe5aa02f0a0f806281f5db8%22%7D&id=635408539084&ns=1&abbucket=15&xxc=taobaoSearch&detail_redpacket_pop=true&query=%E5%AE%9E%E6%9C%A8%E6%A4%85&mi_id=exEw8vjlE86Ys6N65yEhkH8h4zM89n5VQYxhB-OlLYsEmwOzsNLf2CFXyz_oRwoDJU14gyjbM3-lYYXeNSnek9jkiXoS0Tta7VZnTvOh_KE&skuId=4905705871025&spm=a21n57.1.item.28,1282_aug3,0,0,0,0
1,0,木小椅子靠背椅儿童椅老人洗矮凳茶几客木凳子家用鞋板凳,淘寶,實木,30×30×45,47.3,1484.0,2854.0,2.0,44.8,2167.0,4.044,https://item.taobao.com/item.htm?priceTId=2100c81e17471409329593047e0bfa&utparam=%7B%22aplus_abtest%22%3A%226a8cd926ffe5aa02f0a0f806281f5db8%22%7D&id=635408539084&ns=1&abbucket=15&xxc=taobaoSearch&detail_redpacket_pop=true&query=%E5%AE%9E%E6%9C%A8%E6%A4%85&mi_id=exEw8vjlE86Ys6N65yEhkH8h4zM89n5VQYxhB-OlLYsEmwOzsNLf2CFXyz_oRwoDJU14gyjbM3-lYYXeNSnek9jkiXoS0Tta7VZnTvOh_KE&skuId=4905705871025&spm=a21n57.1.item.28,1282_aug4,0,0,0,0
1,0,木家用餐椅代桌椅北公靠背椅木吃凳牛角椅,淘寶,實木,45×45×85,43.4,3720.0,1838.0,3.0,48.3,4787.0,4.921,https://item.taobao.com/item.htm?priceTId=2100c81e17471409329593047e0bfa&utparam=%7B%22aplus_abtest%22%3A%22d642a773b9d894d4c2d576451bef5a83%22%7D&id=808477825755&ns=1&abbucket=15&xxc=taobaoSearch&detail_redpacket_pop=true&query=%E5%AE%9E%E6%9C%A8%E6%A4%85&mi_id=USp26IR2bs-m9RSka66-K0YU-5B6mQjvyUTtzmPu58g-hpnOyhfRIzcOkPdd3h3xQOXiHTdwSXv6MulkMzKsjklKspggKMP-GEs48vDmsdY&skuId=5680238286978&spm=a21n57.1.item.36,1285_aug1,0,0,0,0
1,0,木家用餐椅代桌椅北公靠背椅木吃凳牛角椅,淘寶,實木,45×45×85,42.6,3807.0,1822.0,3.0,42.5,5203.0,4.972,https://item.taobao.com/item.htm?priceTId=2100c81e17471409329593047e0bfa&utparam=%7B%22aplus_abtest%22%3A%22d642a773b9d894d4c2d576451bef5a83%22%7D&id=808477825755&ns=1&abbucket=15&xxc=taobaoSearch&detail_redpacket_pop=true&query=%E5%AE%9E%E6%9C%A8%E6%A4%85&mi_id=USp26IR2bs-m9RSka66-K0YU-5B6mQjvyUTtzmPu58g-hpnOyhfRIzcOkPdd3h3xQOXiHTdwSXv6MulkMzKsjklKspggKMP-GEs48vDmsdY&skuId=5680238286978&spm=a21n57.1.item.36,1285_aug2,0,0,0,0
1,0,木家用餐椅代桌椅北公靠背椅木吃凳牛角椅,淘寶,實木,45×45×85,34.2,3560.0,1898.0,3.0,39.6,5154.0,4.924,https://item.taobao.com/item.htm?priceTId=2100c81e17471409329593047e0bfa&utparam=%7B%22aplus_abtest%22%3A%22d642a773b9d894d4c2d576451bef5a83%22%7D&id=808477825755&ns=1&abbucket=15&xxc=taobaoSearch&detail_redpacket_pop=true&query=%E5%AE%9E%E6%9C%A8%E6%A4%85&mi_id=USp26IR2bs-m9RSka66-K0YU-5B6mQjvyUTtzmPu58g-hpnOyhfRIzcOkPdd3h3xQOXiHTdwSXv6MulkMzKsjklKspggKMP-GEs48vDmsdY&skuId=5680238286978&spm=a21n57.1.item.36,1285_aug3,0,0,0,0
1,0,木家用餐椅代桌椅北公靠背椅木吃凳牛角椅,淘寶,實木,45×45×85,36.5,3652.0,1762.0,3.0,44.5,5565.0,4.92,https://item.taobao.com/item.htm?priceTId=2100c81e17471409329593047e0bfa&utparam=%7B%22aplus_abtest%22%3A%22d642a773b9d894d4c2d576451bef5a83%22%7D&id=808477825755&ns=1&abbucket=15&xxc=taobaoSearch&detail_redpacket_pop=true&query=%E5%AE%9E%E6%9C%A8%E6%A4%85&mi_id=USp26IR2bs-m9RSka66-K0YU-5B6mQjvyUTtzmPu58g-hpnOyhfRIzcOkPdd3h3xQOXiHTdwSXv6MulkMzKsjklKspggKMP-GEs48vDmsdY&skuId=5680238286978&spm=a21n57.1.item.36,1285_aug4,0,0,0,0
0,0,北培班家用餐椅靠背公休椅塑料化木洽椅子,淘寶,塑料和木,評估 48×54×82,35.7,4883.0,2799.0,2.0,43.8,7313.0,4.916,https://item.taobao.com/item.htm?priceTId=2100c81e17471409329593047e0bfa&utparam=%7B%22aplus_abtest%22%3A%223c3027d671cba907360cd58cdee7eac5%22%7D&id=611959248121&ns=1&abbucket=15&xxc=taobaoSearch&detail_redpacket_pop=true&query=%E5%AE%9E%E6%9C%A8%E6%A4%85&mi_id=n77QmbcW2vYJkTEkfPgetHEQ8voVX3zsLsXN8BmuCaXDMEaG-AplMAFxw5V7nOFj80-bTUAMI9-RHI3U1S2sHZM1sJYz9QETBiLbc9wDZC8&skuId=4480029702822&spm=a21n57.1.item.46,1294_aug1,0,0,0,0
0,0,北培班家用餐椅靠背公休椅塑料化木洽椅子,淘寶,塑料和木,評估 48×54×82,45.3,5259.0,2816.0,2.0,45.2,6819.0,5.029,https://item.taobao.com/item.htm?priceTId=2100c81e17471409329593047e0bfa&utparam=%7B%22aplus_abtest%22%3A%223c3027d671cba907360cd58cdee7eac5%22%7D&id=611959248121&ns=1&abbucket=15&xxc=taobaoSearch&detail_redpacket_pop=true&query=%E5%AE%9E%E6%9C%A8%E6%A4%85&mi_id=n77QmbcW2vYJkTEkfPgetHEQ8voVX3zsLsXN8BmuCaXDMEaG-AplMAFxw5V7nOFj80-bTUAMI9-RHI3U1S2sHZM1sJYz9QETBiLbc9wDZC8&skuId=4480029702822&spm=a21n57.1.item.46,1294_aug2,0,0,0,0
0,0,北培班家用餐椅靠背公休椅塑料化木洽椅子,淘寶,塑料和木,評估 48×54×82,35.9,5051.0,2692.0,2.0,47.5,8176.0,4.93,https://item.taobao.com/item.htm?priceTId=2100c81e17471409329593047e0bfa&utparam=%7B%22aplus_abtest%22%3A%223c3027d671cba907360cd58cdee7eac5%22%7D&id=611959248121&ns=1&abbucket=15&xxc=taobaoSearch&detail_redpacket_pop=true&query=%E5%AE%9E%E6%9C%A8%E6%A4%85&mi_id=n77QmbcW2vYJkTEkfPgetHEQ8voVX3zsLsXN8BmuCaXDMEaG-AplMAFxw5V7nOFj80-bTUAMI9-RHI3U1S2sHZM1sJYz9QETBiLbc9wDZC8&skuId=4480029702822&spm=a21n57.1.item.46,1294_aug3,0,0,0,0
0,0,北培班家用餐椅靠背公休椅塑料化木洽椅子,淘寶,塑料和木,評估 48×54×82,38.2,4473.0,2763.0,2.0,41.8,6814.0,4.995,https://item.taobao.com/item.htm?priceTId=2100c81e17471409329593047e0bfa&utparam=%7B%22aplus_abtest%22%3A%223c3027d671cba907360cd58cdee7eac5%22%7D&id=611959248121&ns=1&abbucket=15&xxc=taobaoSearch&detail_redpacket_pop=true&query=%E5%AE%9E%E6%9C%A8%E6%A4%85&mi_id=n77QmbcW2vYJkTEkfPgetHEQ8voVX3zsLsXN8BmuCaXDMEaG-AplMAFxw5V7nOFj80-bTUAMI9-RHI3U1S2sHZM1sJYz9QETBiLbc9wDZC8&skuId=4480029702822&spm=a21n57.1.item.46,1294_aug4,0,0,0,0
1,0,木椅村怀老式吃餐椅儿童家店椅鞋凳家用靠背椅子,淘寶,實木,38×38×80,44.3,6175.0,1248.0,2.0,43.9,4056.0,5.084,https://item.taobao.com/item.htm?priceTId=2100c81d17471412901187577e0be5&utparam=%7B%22aplus_abtest%22%3A%22160f58c1c42da659dec10d927e6db501%22%7D&id=586330686653&ns=1&abbucket=15&xxc=taobaoSearch&detail_redpacket_pop=true&query=%E5%AE%9E%E6%9C%A8%E6%A4%85&mi_id=MDc5Uj_zGYRFilO-zimIow6UaDYpDJqDuNO34at2yjQPElkHZ6IhDY3kUdNjJeUupGa51Q7ugAnSRYy1oqOK80q5fHhcBVIteEhqAR7e4zc&skuId=4248138088086&spm=a21n57.1.item.12,1298_aug1,0,0,0,0
1,0,木椅村怀老式吃餐椅儿童家店椅鞋凳家用靠背椅子,淘寶,實木,38×38×80,39.4,5846.0,1427.0,2.0,41.9,3957.0,5.092,https://item.taobao.com/item.htm?priceTId=2100c81d17471412901187577e0be5&utparam=%7B%22aplus_abtest%22%3A%22160f58c1c42da659dec10d927e6db501%22%7D&id=586330686653&ns=1&abbucket=15&xxc=taobaoSearch&detail_redpacket_pop=true&query=%E5%AE%9E%E6%9C%A8%E6%A4%85&mi_id=MDc5Uj_zGYRFilO-zimIow6UaDYpDJqDuNO34at2yjQPElkHZ6IhDY3kUdNjJeUupGa51Q7ugAnSRYy1oqOK80q5fHhcBVIteEhqAR7e4zc&skuId=4248138088086&spm=a21n57.1.item.12,1298_aug2,0,0,0,0
1,0,木椅村怀老式吃餐椅儿童家店椅鞋凳家用靠背椅子,淘寶,實木,38×38×80,35.8,6528.0,1503.0,2.0,36.0,5067.0,4.984,https://item.taobao.com/item.htm?priceTId=2100c81d17471412901187577e0be5&utparam=%7B%22aplus_abtest%22%3A%22160f58c1c42da659dec10d927e6db501%22%7D&id=586330686653&ns=1&abbucket=15&xxc=taobaoSearch&detail_redpacket_pop=true&query=%E5%AE%9E%E6%9C%A8%E6%A4%85&mi_id=MDc5Uj_zGYRFilO-zimIow6UaDYpDJqDuNO34at2yjQPElkHZ6IhDY3kUdNjJeUupGa51Q7ugAnSRYy1oqOK80q5fHhcBVIteEhqAR7e4zc&skuId=4248138088086&spm=a21n57.1.item.12,1298_aug3,0,0,0,0
1,0,木椅村怀老式吃餐椅儿童家店椅鞋凳家用靠背椅子,淘寶,實木,38×38×80,41.9,6087.0,1542.0,2.0,37.4,4373.0,5.072,https://item.taobao.com/item.htm?priceTId=2100c81d17471412901187577e0be5&utparam=%7B%22aplus_abtest%22%3A%22160f58c1c42da659dec10d927e6db501%22%7D&id=586330686653&ns=1&abbucket=15&xxc=taobaoSearch&detail_redpacket_pop=true&query=%E5%AE%9E%E6%9C%A8%E6%A4%85&mi_id=MDc5Uj_zGYRFilO-zimIow6UaDYpDJqDuNO34at2yjQPElkHZ6IhDY3kUdNjJeUupGa51Q7ugAnSRYy1oqOK80q5fHhcBVIteEhqAR7e4zc&skuId=4248138088086&spm=a21n57.1.item.12,1298_aug4,0,0,0,0
1,0,木小凳子客靠背椅子全橡木家用成人儿童幼儿鞋矮凳,淘寶,全橡木,估計 35×35×45,19.8,4113.0,1385.0,3.0,21.7,5820.0,5.039,https://item.taobao.com/item.htm?priceTId=2100c81d17471412901187577e0be5&utparam=%7B%22aplus_abtest%22%3A%22216203edb406489fa892a105ac1c7083%22%7D&id=781280749678&ns=1&abbucket=15&xxc=taobaoSearch&detail_redpacket_pop=true&query=%E5%AE%9E%E6%9C%A8%E6%A4%85&mi_id=fqqhOtDCp8jSlIKhn7xwK9G70FOQTjRNM6LaaeOP3ttnnNsxp6asNP1iYWo_5oxg9tH5Yv3dnudhUADC0s2lnrmhSxFcMTB8cpsBVeXEmfI&skuId=5338210537361&spm=a21n57.1.item.18,1299_aug1,0,1,1,0
1,0,木小凳子客靠背椅子全橡木家用成人儿童幼儿鞋矮凳,淘寶,全橡木,估計 35×35×45,18.0,4145.0,1296.0,3.0,23.0,4693.0,4.961,https://item.taobao.com/item.htm?priceTId=2100c81d17471412901187577e0be5&utparam=%7B%22aplus_abtest%22%3A%22216203edb406489fa892a105ac1c7083%22%7D&id=781280749678&ns=1&abbucket=15&xxc=taobaoSearch&detail_redpacket_pop=true&query=%E5%AE%9E%E6%9C%A8%E6%A4%85&mi_id=fqqhOtDCp8jSlIKhn7xwK9G70FOQTjRNM6LaaeOP3ttnnNsxp6asNP1iYWo_5oxg9tH5Yv3dnudhUADC0s2lnrmhSxFcMTB8cpsBVeXEmfI&skuId=5338210537361&spm=a21n57.1.item.18,1299_aug2,0,1,1,0
1,0,木小凳子客靠背椅子全橡木家用成人儿童幼儿鞋矮凳,淘寶,全橡木,估計 35×35×45,20.6,4057.0,1080.0,3.0,27.1,5063.0,4.973,https://item.taobao.com/item.htm?priceTId=2100c81d17471412901187577e0be5&utparam=%7B%22aplus_abtest%22%3A%22216203edb406489fa892a105ac1c7083%22%7D&id=781280749678&ns=1&abbucket=15&xxc=taobaoSearch&detail_redpacket_pop=true&query=%E5%AE%9E%E6%9C%A8%E6%A4%85&mi_id=fqqhOtDCp8jSlIKhn7xwK9G70FOQTjRNM6LaaeOP3ttnnNsxp6asNP1iYWo_5oxg9tH5Yv3dnudhUADC0s2lnrmhSxFcMTB8cpsBVeXEmfI&skuId=5338210537361&spm=a21n57.1.item.18,1299_aug3,0,1,1,0
1,0,木小凳子客靠背椅子全橡木家用成人儿童幼儿鞋矮凳,淘寶,全橡木,估計 35×35×45,19.6,4349.0,1394.0,3.0,22.8,4886.0,5.009,https://item.taobao.com/item.htm?priceTId=2100c81d17471412901187577e0be5&utparam=%7B%22aplus_abtest%22%3A%22216203edb406489fa892a105ac1c7083%22%7D&id=781280749678&ns=1&abbucket=15&xxc=taobaoSearch&detail_redpacket_pop=true&query=%E5%AE%9E%E6%9C%A8%E6%A4%85&mi_id=fqqhOtDCp8jSlIKhn7xwK9G70FOQTjRNM6LaaeOP3ttnnNsxp6asNP1iYWo_5oxg9tH5Yv3dnudhUADC0s2lnrmhSxFcMTB8cpsBVeXEmfI&skuId=5338210537361&spm=a21n57.1.item.18,1299_aug4,0,1,1,0
1,0,木餐桌椅子家用餐椅原木休靠背椅餐吃凳子北洽桌椅,淘寶,實木,45×50×85,41.4,8914.0,2459.0,5.0,45.1,6721.0,5.05,https://item.taobao.com/item.htm?priceTId=2100c81d17471412901187577e0be5&utparam=%7B%22aplus_abtest%22%3A%220b4f39ec14f270b871066b9ce9e3120c%22%7D&id=822121859757&ns=1&abbucket=15&xxc=taobaoSearch&detail_redpacket_pop=true&query=%E5%AE%9E%E6%9C%A8%E6%A4%85&mi_id=puqYhbD3koRzB7JR0h47JcFsGuZghzgfJrYev0WPN0jHs9xGsuszOA1-7GTn3HViXjPcBlRxBbeZou1sexmUV4sjp5LfjxLSZ-CyLSKaAVA&skuId=5702255010801&spm=a21n57.1.item.19,1300_aug1,0,0,0,0
1,0,木餐桌椅子家用餐椅原木休靠背椅餐吃凳子北洽桌椅,淘寶,實木,45×50×85,43.3,10232.0,2092.0,5.0,50.3,6571.0,5.085,https://item.taobao.com/item.htm?priceTId=2100c81d17471412901187577e0be5&utparam=%7B%22aplus_abtest%22%3A%220b4f39ec14f270b871066b9ce9e3120c%22%7D&id=822121859757&ns=1&abbucket=15&xxc=taobaoSearch&detail_redpacket_pop=true&query=%E5%AE%9E%E6%9C%A8%E6%A4%85&mi_id=puqYhbD3koRzB7JR0h47JcFsGuZghzgfJrYev0WPN0jHs9xGsuszOA1-7GTn3HViXjPcBlRxBbeZou1sexmUV4sjp5LfjxLSZ-CyLSKaAVA&skuId=5702255010801&spm=a21n57.1.item.19,1300_aug2,0,0,0,0
1,0,木餐桌椅子家用餐椅原木休靠背椅餐吃凳子北洽桌椅,淘寶,實木,45×50×85,34.8,9345.0,2010.0,5.0,40.4,5397.0,4.902,https://item.taobao.com/item.htm?priceTId=2100c81d17471412901187577e0be5&utparam=%7B%22aplus_abtest%22%3A%220b4f39ec14f270b871066b9ce9e3120c%22%7D&id=822121859757&ns=1&abbucket=15&xxc=taobaoSearch&detail_redpacket_pop=true&query=%E5%AE%9E%E6%9C%A8%E6%A4%85&mi_id=puqYhbD3koRzB7JR0h47JcFsGuZghzgfJrYev0WPN0jHs9xGsuszOA1-7GTn3HViXjPcBlRxBbeZou1sexmUV4sjp5LfjxLSZ-CyLSKaAVA&skuId=5702255010801&spm=a21n57.1.item.19,1300_aug3,0,0,0,0
1,0,木餐桌椅子家用餐椅原木休靠背椅餐吃凳子北洽桌椅,淘寶,實木,45×50×85,41.6,8619.0,1984.0,5.0,40.5,6880.0,4.964,https://item.taobao.com/item.htm?priceTId=2100c81d17471412901187577e0be5&utparam=%7B%22aplus_abtest%22%3A%220b4f39ec14f270b871066b9ce9e3120c%22%7D&id=822121859757&ns=1&abbucket=15&xxc=taobaoSearch&detail_redpacket_pop=true&query=%E5%AE%9E%E6%9C%A8%E6%A4%85&mi_id=puqYhbD3koRzB7JR0h47JcFsGuZghzgfJrYev0WPN0jHs9xGsuszOA1-7GTn3HViXjPcBlRxBbeZou1sexmUV4sjp5LfjxLSZ-CyLSKaAVA&skuId=5702255010801&spm=a21n57.1.item.19,1300_aug4,0,0,0,0
0,0,代家用木吧椅吧台凳奶茶店拍照高凳加厚高木凳北吧椅,淘寶,實木,未知,42.8,4959.0,2695.0,3.0,78.1,5740.0,4.447,https://item.taobao.com/item.htm?priceTId=2100c81d17471412901187577e0be5&utparam=%7B%22aplus_abtest%22%3A%22891985a13812acb22b1b413179a60c01%22%7D&id=638259217135&ns=1&abbucket=15&xxc=taobaoSearch&detail_redpacket_pop=true&query=%E5%AE%9E%E6%9C%A8%E6%A4%85&mi_id=oyri8n_N8vGQQW9yjad5GAHTgsZUryJh_IYK6fbSG1Thlhvv6T-9m8mDcM6ZwPtY-QYolChYmahpcVAjxuJ2bBlUqbLMHeh_hy_Bh0-fUF0&skuId=5578327341930&spm=a21n57.1.item.20,1301_aug1,0,0,1,0
0,0,代家用木吧椅吧台凳奶茶店拍照高凳加厚高木凳北吧椅,淘寶,實木,未知,51.6,4947.0,2650.0,3.0,78.3,4391.0,4.449,https://item.taobao.com/item.htm?priceTId=2100c81d17471412901187577e0be5&utparam=%7B%22aplus_abtest%22%3A%22891985a13812acb22b1b413179a60c01%22%7D&id=638259217135&ns=1&abbucket=15&xxc=taobaoSearch&detail_redpacket_pop=true&query=%E5%AE%9E%E6%9C%A8%E6%A4%85&mi_id=oyri8n_N8vGQQW9yjad5GAHTgsZUryJh_IYK6fbSG1Thlhvv6T-9m8mDcM6ZwPtY-QYolChYmahpcVAjxuJ2bBlUqbLMHeh_hy_Bh0-fUF0&skuId=5578327341930&spm=a21n57.1.item.20,1301_aug2,0,0,1,0
0,0,代家用木吧椅吧台凳奶茶店拍照高凳加厚高木凳北吧椅,淘寶,實木,未知,51.2,4546.0,2487.0,3.0,75.6,4323.0,4.543,https://item.taobao.com/item.htm?priceTId=2100c81d17471412901187577e0be5&utparam=%7B%22aplus_abtest%22%3A%22891985a13812acb22b1b413179a60c01%22%7D&id=638259217135&ns=1&abbucket=15&xxc=taobaoSearch&detail_redpacket_pop=true&query=%E5%AE%9E%E6%9C%A8%E6%A4%85&mi_id=oyri8n_N8vGQQW9yjad5GAHTgsZUryJh_IYK6fbSG1Thlhvv6T-9m8mDcM6ZwPtY-QYolChYmahpcVAjxuJ2bBlUqbLMHeh_hy_Bh0-fUF0&skuId=5578327341930&spm=a21n57.1.item.20,1301_aug3,0,0,1,0
0,0,代家用木吧椅吧台凳奶茶店拍照高凳加厚高木凳北吧椅,淘寶,實木,未知,48.1,4048.0,2935.0,3.0,74.0,4477.0,4.519,https://item.taobao.com/item.htm?priceTId=2100c81d17471412901187577e0be5&utparam=%7B%22aplus_abtest%22%3A%22891985a13812acb22b1b413179a60c01%22%7D&id=638259217135&ns=1&abbucket=15&xxc=taobaoSearch&detail_redpacket_pop=true&query=%E5%AE%9E%E6%9C%A8%E6%A4%85&mi_id=oyri8n_N8vGQQW9yjad5GAHTgsZUryJh_IYK6fbSG1Thlhvv6T-9m8mDcM6ZwPtY-QYolChYmahpcVAjxuJ2bBlUqbLMHeh_hy_Bh0-fUF0&skuId=5578327341930&spm=a21n57.1.item.20,1301_aug4,0,0,1,0
1,0,全木成人靠背餐桌椅代公儿童桌椅子生家用凳子,淘寶,實木,45×50×90,43.3,4302.0,2471.0,3.0,49.0,2068.0,6.117,https://item.taobao.com/item.htm?priceTId=2100c81d17471412901187577e0be5&utparam=%7B%22aplus_abtest%22%3A%22f6518bed3a164012c53ee07e9b9d7b51%22%7D&id=615400818952&ns=1&abbucket=15&xxc=taobaoSearch&detail_redpacket_pop=true&query=%E5%AE%9E%E6%9C%A8%E6%A4%85&mi_id=v3f_mWJ966ztp_AEShZB17ZX6fANJGS-KCMWVXyn9foiKyj8N57d6OiZwONl98tJfKDkpuq5L2c6rNXFJ-3CSACPqYW7XZ5rxsjLfG0TAJQ&skuId=4336165637303&spm=a21n57.1.item.23,1303_aug1,0,0,0,0
1,0,全木成人靠背餐桌椅代公儿童桌椅子生家用凳子,淘寶,實木,45×50×90,46.2,3900.0,1947.0,3.0,49.6,1931.0,6.028,https://item.taobao.com/item.htm?priceTId=2100c81d17471412901187577e0be5&utparam=%7B%22aplus_abtest%22%3A%22f6518bed3a164012c53ee07e9b9d7b51%22%7D&id=615400818952&ns=1&abbucket=15&xxc=taobaoSearch&detail_redpacket_pop=true&query=%E5%AE%9E%E6%9C%A8%E6%A4%85&mi_id=v3f_mWJ966ztp_AEShZB17ZX6fANJGS-KCMWVXyn9foiKyj8N57d6OiZwONl98tJfKDkpuq5L2c6rNXFJ-3CSACPqYW7XZ5rxsjLfG0TAJQ&skuId=4336165637303&spm=a21n57.1.item.23,1303_aug2,0,0,0,0
1,0,全木成人靠背餐桌椅代公儿童桌椅子生家用凳子,淘寶,實木,45×50×90,44.9,5131.0,2554.0,3.0,49.9,2274.0,5.932,https://item.taobao.com/item.htm?priceTId=2100c81d17471412901187577e0be5&utparam=%7B%22aplus_abtest%22%3A%22f6518bed3a164012c53ee07e9b9d7b51%22%7D&id=615400818952&ns=1&abbucket=15&xxc=taobaoSearch&detail_redpacket_pop=true&query=%E5%AE%9E%E6%9C%A8%E6%A4%85&mi_id=v3f_mWJ966ztp_AEShZB17ZX6fANJGS-KCMWVXyn9foiKyj8N57d6OiZwONl98tJfKDkpuq5L2c6rNXFJ-3CSACPqYW7XZ5rxsjLfG0TAJQ&skuId=4336165637303&spm=a21n57.1.item.23,1303_aug3,0,0,0,0
1,0,全木成人靠背餐桌椅代公儿童桌椅子生家用凳子,淘寶,實木,45×50×90,49.5,4782.0,2562.0,3.0,39.4,2084.0,6.045,https://item.taobao.com/item.htm?priceTId=2100c81d17471412901187577e0be5&utparam=%7B%22aplus_abtest%22%3A%22f6518bed3a164012c53ee07e9b9d7b51%22%7D&id=615400818952&ns=1&abbucket=15&xxc=taobaoSearch&detail_redpacket_pop=true&query=%E5%AE%9E%E6%9C%A8%E6%A4%85&mi_id=v3f_mWJ966ztp_AEShZB17ZX6fANJGS-KCMWVXyn9foiKyj8N57d6OiZwONl98tJfKDkpuq5L2c6rNXFJ-3CSACPqYW7XZ5rxsjLfG0TAJQ&skuId=4336165637303&spm=a21n57.1.item.23,1303_aug4,0,0,0,0
0,1,吧台椅家用木吧凳高凳椅子拍照凳奶茶店拍照凳高木凳手机店凳,淘寶,實木,35×35×75,41.2,4357.0,2657.0,3.0,72.2,4505.0,4.579,https://item.taobao.com/item.htm?priceTId=2100c81d17471412901187577e0be5&utparam=%7B%22aplus_abtest%22%3A%2232941f22badee5ba46f43ea092439589%22%7D&id=705619301040&ns=1&abbucket=15&xxc=taobaoSearch&detail_redpacket_pop=true&query=%E5%AE%9E%E6%9C%A8%E6%A4%85&mi_id=99QYpxGKnssIMCOTcqqASPQdsUawRCzbQgO7lk0eG7R0opJn5hzoWrhl21s1lIJf5YpB96WQ1hyEL3qqQXOg94UoUyonSJGXwE-gwkP5-OQ&skuId=4961308080242&spm=a21n57.1.item.36,1310_aug1,0,0,1,0
0,1,吧台椅家用木吧凳高凳椅子拍照凳奶茶店拍照凳高木凳手机店凳,淘寶,實木,35×35×75,48.4,3827.0,2787.0,3.0,64.0,4864.0,4.519,https://item.taobao.com/item.htm?priceTId=2100c81d17471412901187577e0be5&utparam=%7B%22aplus_abtest%22%3A%2232941f22badee5ba46f43ea092439589%22%7D&id=705619301040&ns=1&abbucket=15&xxc=taobaoSearch&detail_redpacket_pop=true&query=%E5%AE%9E%E6%9C%A8%E6%A4%85&mi_id=99QYpxGKnssIMCOTcqqASPQdsUawRCzbQgO7lk0eG7R0opJn5hzoWrhl21s1lIJf5YpB96WQ1hyEL3qqQXOg94UoUyonSJGXwE-gwkP5-OQ&skuId=4961308080242&spm=a21n57.1.item.36,1310_aug2,0,0,1,0
0,1,吧台椅家用木吧凳高凳椅子拍照凳奶茶店拍照凳高木凳手机店凳,淘寶,實木,35×35×75,44.4,4875.0,2523.0,3.0,85.7,4670.0,4.539,https://item.taobao.com/item.htm?priceTId=2100c81d17471412901187577e0be5&utparam=%7B%22aplus_abtest%22%3A%2232941f22badee5ba46f43ea092439589%22%7D&id=705619301040&ns=1&abbucket=15&xxc=taobaoSearch&detail_redpacket_pop=true&query=%E5%AE%9E%E6%9C%A8%E6%A4%85&mi_id=99QYpxGKnssIMCOTcqqASPQdsUawRCzbQgO7lk0eG7R0opJn5hzoWrhl21s1lIJf5YpB96WQ1hyEL3qqQXOg94UoUyonSJGXwE-gwkP5-OQ&skuId=4961308080242&spm=a21n57.1.item.36,1310_aug3,0,0,1,0
0,1,吧台椅家用木吧凳高凳椅子拍照凳奶茶店拍照凳高木凳手机店凳,淘寶,實木,35×35×75,40.2,4269.0,2536.0,3.0,73.9,4541.0,4.511,https://item.taobao.com/item.htm?priceTId=2100c81d17471412901187577e0be5&utparam=%7B%22aplus_abtest%22%3A%2232941f22badee5ba46f43ea092439589%22%7D&id=705619301040&ns=1&abbucket=15&xxc=taobaoSearch&detail_redpacket_pop=true&query=%E5%AE%9E%E6%9C%A8%E6%A4%85&mi_id=99QYpxGKnssIMCOTcqqASPQdsUawRCzbQgO7lk0eG7R0opJn5hzoWrhl21s1lIJf5YpB96WQ1hyEL3qqQXOg94UoUyonSJGXwE-gwkP5-OQ&skuId=4961308080242&spm=a21n57.1.item.36,1310_aug4,0,0,1,0
1,0,天然木靠背椅代餐桌椅桌椅桌椅生座椅家用松木椅,淘寶,松木,45×40×85,42.0,6255.0,2000.0,3.0,41.3,4246.0,4.994,https://item.taobao.com/item.htm?priceTId=2100c81d17471412901187577e0be5&utparam=%7B%22aplus_abtest%22%3A%2270f2f062ddee9206a8ea35f10dfcc5a6%22%7D&id=543522782988&ns=1&abbucket=15&xxc=taobaoSearch&detail_redpacket_pop=true&query=%E5%AE%9E%E6%9C%A8%E6%A4%85&mi_id=G_o2_gjaHrnahZmfEcRnuxwe4ExrvZDA2dbotjKX6_52TsnuYcEg4pdm5VTSW5nkRAP5VtD32wcg0GEV548Q5Ho8MzYtNa1ucTcsBuWbjkc&skuId=4158449842372&spm=a21n57.1.item.43,1315_aug1,0,0,0,0
1,0,天然木靠背椅代餐桌椅桌椅桌椅生座椅家用松木椅,淘寶,松木,45×40×85,40.0,6397.0,1965.0,3.0,40.1,3897.0,5.062,https://item.taobao.com/item.htm?priceTId=2100c81d17471412901187577e0be5&utparam=%7B%22aplus_abtest%22%3A%2270f2f062ddee9206a8ea35f10dfcc5a6%22%7D&id=543522782988&ns=1&abbucket=15&xxc=taobaoSearch&detail_redpacket_pop=true&query=%E5%AE%9E%E6%9C%A8%E6%A4%85&mi_id=G_o2_gjaHrnahZmfEcRnuxwe4ExrvZDA2dbotjKX6_52TsnuYcEg4pdm5VTSW5nkRAP5VtD32wcg0GEV548Q5Ho8MzYtNa1ucTcsBuWbjkc&skuId=4158449842372&spm=a21n57.1.item.43,1315_aug2,0,0,0,0
1,0,天然木靠背椅代餐桌椅桌椅桌椅生座椅家用松木椅,淘寶,松木,45×40×85,40.8,6355.0,1731.0,3.0,45.2,4467.0,4.987,https://item.taobao.com/item.htm?priceTId=2100c81d17471412901187577e0be5&utparam=%7B%22aplus_abtest%22%3A%2270f2f062ddee9206a8ea35f10dfcc5a6%22%7D&id=543522782988&ns=1&abbucket=15&xxc=taobaoSearch&detail_redpacket_pop=true&query=%E5%AE%9E%E6%9C%A8%E6%A4%85&mi_id=G_o2_gjaHrnahZmfEcRnuxwe4ExrvZDA2dbotjKX6_52TsnuYcEg4pdm5VTSW5nkRAP5VtD32wcg0GEV548Q5Ho8MzYtNa1ucTcsBuWbjkc&skuId=4158449842372&spm=a21n57.1.item.43,1315_aug3,0,0,0,0
1,0,天然木靠背椅代餐桌椅桌椅桌椅生座椅家用松木椅,淘寶,松木,45×40×85,39.2,8076.0,1841.0,3.0,41.8,4181.0,5.015,https://item.taobao.com/item.htm?priceTId=2100c81d17471412901187577e0be5&utparam=%7B%22aplus_abtest%22%3A%2270f2f062ddee9206a8ea35f10dfcc5a6%22%7D&id=543522782988&ns=1&abbucket=15&xxc=taobaoSearch&detail_redpacket_pop=true&query=%E5%AE%9E%E6%9C%A8%E6%A4%85&mi_id=G_o2_gjaHrnahZmfEcRnuxwe4ExrvZDA2dbotjKX6_52TsnuYcEg4pdm5VTSW5nkRAP5VtD32wcg0GEV548Q5Ho8MzYtNa1ucTcsBuWbjkc&skuId=4158449842372&spm=a21n57.1.item.43,1315_aug4,0,0,0,0
0,1,金木木凳子家用可放餐桌凳矮凳小凳子板凳凳方凳耐用,淘寶,金木,30×30×45,43.6,5162.0,2877.0,2.0,45.5,3002.0,3.95,https://detail.tmall.com/item.htm?priceTId=2100c89617471416404247350e0bde&utparam=%7B%22aplus_abtest%22%3A%22da12cb92546b1827c2da34d1a5f992e3%22%7D&id=710549278727&ns=1&detail_redpacket_pop=true&query=%E5%AE%9E%E6%9C%A8%E6%A4%85&xxc=ad_ztc&mi_id=Fo3cAIasrVI5jl94HKRDzNxi0_tLA8u2P2VqqGcPG-om8vWniEzc6rhus5n2POjjRC0hM-5Qz5JWR9XAqx1c55Lk7RNwAXST_hZTKxUpoKA&skuId=5155208119727&spm=a21n57.1.item.2,1319_aug1,0,0,0,0
0,1,金木木凳子家用可放餐桌凳矮凳小凳子板凳凳方凳耐用,淘寶,金木,30×30×45,42.4,4870.0,2545.0,2.0,40.2,3045.0,4.024,https://detail.tmall.com/item.htm?priceTId=2100c89617471416404247350e0bde&utparam=%7B%22aplus_abtest%22%3A%22da12cb92546b1827c2da34d1a5f992e3%22%7D&id=710549278727&ns=1&detail_redpacket_pop=true&query=%E5%AE%9E%E6%9C%A8%E6%A4%85&xxc=ad_ztc&mi_id=Fo3cAIasrVI5jl94HKRDzNxi0_tLA8u2P2VqqGcPG-om8vWniEzc6rhus5n2POjjRC0hM-5Qz5JWR9XAqx1c55Lk7RNwAXST_hZTKxUpoKA&skuId=5155208119727&spm=a21n57.1.item.2,1319_aug2,0,0,0,0
0,1,金木木凳子家用可放餐桌凳矮凳小凳子板凳凳方凳耐用,淘寶,金木,30×30×45,45.2,5025.0,2960.0,2.0,40.0,2700.0,4.029,https://detail.tmall.com/item.htm?priceTId=2100c89617471416404247350e0bde&utparam=%7B%22aplus_abtest%22%3A%22da12cb92546b1827c2da34d1a5f992e3%22%7D&id=710549278727&ns=1&detail_redpacket_pop=true&query=%E5%AE%9E%E6%9C%A8%E6%A4%85&xxc=ad_ztc&mi_id=Fo3cAIasrVI5jl94HKRDzNxi0_tLA8u2P2VqqGcPG-om8vWniEzc6rhus5n2POjjRC0hM-5Qz5JWR9XAqx1c55Lk7RNwAXST_hZTKxUpoKA&skuId=5155208119727&spm=a21n57.1.item.2,1319_aug3,0,0,0,0
0,1,金木木凳子家用可放餐桌凳矮凳小凳子板凳凳方凳耐用,淘寶,金木,30×30×45,43.3,4815.0,2508.0,2.0,48.6,3081.0,4.006,https://detail.tmall.com/item.htm?priceTId=2100c89617471416404247350e0bde&utparam=%7B%22aplus_abtest%22%3A%22da12cb92546b1827c2da34d1a5f992e3%22%7D&id=710549278727&ns=1&detail_redpacket_pop=true&query=%E5%AE%9E%E6%9C%A8%E6%A4%85&xxc=ad_ztc&mi_id=Fo3cAIasrVI5jl94HKRDzNxi0_tLA8u2P2VqqGcPG-om8vWniEzc6rhus5n2POjjRC0hM-5Qz5JWR9XAqx1c55Lk7RNwAXST_hZTKxUpoKA&skuId=5155208119727&spm=a21n57.1.item.2,1319_aug4,0,0,0,0
1,0,家用餐椅靠背北牛角椅小吃快餐店堡甜品奶茶店餐椅子,淘寶,實木,45×50×85,35.1,5839.0,2281.0,2.0,50.4,6059.0,5.064,https://item.taobao.com/item.htm?priceTId=2100c89617471416404247350e0bde&utparam=%7B%22aplus_abtest%22%3A%2295cc8e1f5527909a2e9c59d9a1a335ba%22%7D&id=702210234543&ns=1&detail_redpacket_pop=true&query=%E5%AE%9E%E6%9C%A8%E6%A4%85&xxc=ad_ztc&mi_id=WQY39v0b_ilHriiLwZdYKOZQPUY40hXhrmdz8rKNlOHeFRnBbI3z4zoPw2gbWJByk4nT3tvhJ7FDPKg0xROwr6Lujgg17G53z1RknxNbEUU&skuId=4946050240645&spm=a21n57.1.item.4,1321_aug1,0,0,0,0
1,0,家用餐椅靠背北牛角椅小吃快餐店堡甜品奶茶店餐椅子,淘寶,實木,45×50×85,38.5,6391.0,2179.0,2.0,42.9,4705.0,4.966,https://item.taobao.com/item.htm?priceTId=2100c89617471416404247350e0bde&utparam=%7B%22aplus_abtest%22%3A%2295cc8e1f5527909a2e9c59d9a1a335ba%22%7D&id=702210234543&ns=1&detail_redpacket_pop=true&query=%E5%AE%9E%E6%9C%A8%E6%A4%85&xxc=ad_ztc&mi_id=WQY39v0b_ilHriiLwZdYKOZQPUY40hXhrmdz8rKNlOHeFRnBbI3z4zoPw2gbWJByk4nT3tvhJ7FDPKg0xROwr6Lujgg17G53z1RknxNbEUU&skuId=4946050240645&spm=a21n57.1.item.4,1321_aug2,0,0,0,0
1,0,家用餐椅靠背北牛角椅小吃快餐店堡甜品奶茶店餐椅子,淘寶,實木,45×50×85,39.5,6820.0,2124.0,2.0,41.3,4899.0,5.004,https://item.taobao.com/item.htm?priceTId=2100c89617471416404247350e0bde&utparam=%7B%22aplus_abtest%22%3A%2295cc8e1f5527909a2e9c59d9a1a335ba%22%7D&id=702210234543&ns=1&detail_redpacket_pop=true&query=%E5%AE%9E%E6%9C%A8%E6%A4%85&xxc=ad_ztc&mi_id=WQY39v0b_ilHriiLwZdYKOZQPUY40hXhrmdz8rKNlOHeFRnBbI3z4zoPw2gbWJByk4nT3tvhJ7FDPKg0xROwr6Lujgg17G53z1RknxNbEUU&skuId=4946050240645&spm=a21n57.1.item.4,1321_aug3,0,0,0,0
1,0,家用餐椅靠背北牛角椅小吃快餐店堡甜品奶茶店餐椅子,淘寶,實木,45×50×85,42.1,5180.0,2062.0,2.0,42.7,5744.0,5.002,https://item.taobao.com/item.htm?priceTId=2100c89617471416404247350e0bde&utparam=%7B%22aplus_abtest%22%3A%2295cc8e1f5527909a2e9c59d9a1a335ba%22%7D&id=702210234543&ns=1&detail_redpacket_pop=true&query=%E5%AE%9E%E6%9C%A8%E6%A4%85&xxc=ad_ztc&mi_id=WQY39v0b_ilHriiLwZdYKOZQPUY40hXhrmdz8rKNlOHeFRnBbI3z4zoPw2gbWJByk4nT3tvhJ7FDPKg0xROwr6Lujgg17G53z1RknxNbEUU&skuId=4946050240645&spm=a21n57.1.item.4,1321_aug4,0,0,0,0
0,0,木餐椅家用代公椅北餐酒店靠背椅凳咖啡牛角椅,淘寶,木,45×50×80,31.4,7046.0,2110.0,3.0,48.8,10251.0,5.0,https://item.taobao.com/item.htm?priceTId=2100c89617471416404247350e0bde&utparam=%7B%22aplus_abtest%22%3A%22073820fd2973ad7f737737ea9e5af633%22%7D&id=671284556925&ns=1&abbucket=15&xxc=taobaoSearch&detail_redpacket_pop=true&query=%E5%AE%9E%E6%9C%A8%E6%A4%85&mi_id=FYA9LibAzi4Ba4vmjKptn8epErFB0rCGw1VcdWGFAITXS1BbTwv3VZfEc3c3HzmspHEwk-g87SGlYpCqa7NIznhlLhd-3Vpf4b7mhqfJ1Po&skuId=5010640787005&spm=a21n57.1.item.14,1326_aug1,0,0,0,0
0,0,木餐椅家用代公椅北餐酒店靠背椅凳咖啡牛角椅,淘寶,木,45×50×80,36.2,5988.0,2370.0,3.0,44.2,9960.0,4.91,https://item.taobao.com/item.htm?priceTId=2100c89617471416404247350e0bde&utparam=%7B%22aplus_abtest%22%3A%22073820fd2973ad7f737737ea9e5af633%22%7D&id=671284556925&ns=1&abbucket=15&xxc=taobaoSearch&detail_redpacket_pop=true&query=%E5%AE%9E%E6%9C%A8%E6%A4%85&mi_id=FYA9LibAzi4Ba4vmjKptn8epErFB0rCGw1VcdWGFAITXS1BbTwv3VZfEc3c3HzmspHEwk-g87SGlYpCqa7NIznhlLhd-3Vpf4b7mhqfJ1Po&skuId=5010640787005&spm=a21n57.1.item.14,1326_aug2,0,0,0,0
0,0,木餐椅家用代公椅北餐酒店靠背椅凳咖啡牛角椅,淘寶,木,45×50×80,39.0,6965.0,2254.0,3.0,43.1,10334.0,4.922,https://item.taobao.com/item.htm?priceTId=2100c89617471416404247350e0bde&utparam=%7B%22aplus_abtest%22%3A%22073820fd2973ad7f737737ea9e5af633%22%7D&id=671284556925&ns=1&abbucket=15&xxc=taobaoSearch&detail_redpacket_pop=true&query=%E5%AE%9E%E6%9C%A8%E6%A4%85&mi_id=FYA9LibAzi4Ba4vmjKptn8epErFB0rCGw1VcdWGFAITXS1BbTwv3VZfEc3c3HzmspHEwk-g87SGlYpCqa7NIznhlLhd-3Vpf4b7mhqfJ1Po&skuId=5010640787005&spm=a21n57.1.item.14,1326_aug3,0,0,0,0
0,0,木餐椅家用代公椅北餐酒店靠背椅凳咖啡牛角椅,淘寶,木,45×50×80,35.9,6643.0,2543.0,3.0,46.9,7965.0,4.975,https://item.taobao.com/item.htm?priceTId=2100c89617471416404247350e0bde&utparam=%7B%22aplus_abtest%22%3A%22073820fd2973ad7f737737ea9e5af633%22%7D&id=671284556925&ns=1&abbucket=15&xxc=taobaoSearch&detail_redpacket_pop=true&query=%E5%AE%9E%E6%9C%A8%E6%A4%85&mi_id=FYA9LibAzi4Ba4vmjKptn8epErFB0rCGw1VcdWGFAITXS1BbTwv3VZfEc3c3HzmspHEwk-g87SGlYpCqa7NIznhlLhd-3Vpf4b7mhqfJ1Po&skuId=5010640787005&spm=a21n57.1.item.14,1326_aug4,0,0,0,0
0,1,可旋木复古椅子奢餐餐椅儿童椅复古美式休椅台椅,淘寶,實木,42×42×78,35.7,3931.0,1489.0,3.0,41.8,4209.0,4.93,https://item.taobao.com/item.htm?priceTId=2100c89617471416404247350e0bde&utparam=%7B%22aplus_abtest%22%3A%22a9a44a88d3d609bee49789c800772347%22%7D&id=807852652885&ns=1&abbucket=15&xxc=taobaoSearch&detail_redpacket_pop=true&query=%E5%AE%9E%E6%9C%A8%E6%A4%85&mi_id=6UQpoQ5Ciptq4NTQv-gNJ-W0roOeY_oKVp-DdXVdliDBoshEPgkkmPe8KQJYRwZmmJhGq1FUyAoD-sBREv0OXMzoyN8Nxu4nAgugWYo_ia4&skuId=5710608338960&spm=a21n57.1.item.26,1334_aug1,0,0,0,0
0,1,可旋木复古椅子奢餐餐椅儿童椅复古美式休椅台椅,淘寶,實木,42×42×78,38.0,3144.0,1478.0,3.0,42.4,4442.0,4.992,https://item.taobao.com/item.htm?priceTId=2100c89617471416404247350e0bde&utparam=%7B%22aplus_abtest%22%3A%22a9a44a88d3d609bee49789c800772347%22%7D&id=807852652885&ns=1&abbucket=15&xxc=taobaoSearch&detail_redpacket_pop=true&query=%E5%AE%9E%E6%9C%A8%E6%A4%85&mi_id=6UQpoQ5Ciptq4NTQv-gNJ-W0roOeY_oKVp-DdXVdliDBoshEPgkkmPe8KQJYRwZmmJhGq1FUyAoD-sBREv0OXMzoyN8Nxu4nAgugWYo_ia4&skuId=5710608338960&spm=a21n57.1.item.26,1334_aug2,0,0,0,0
0,1,可旋木复古椅子奢餐餐椅儿童椅复古美式休椅台椅,淘寶,實木,42×42×78,35.6,3332.0,1310.0,3.0,35.4,4615.0,5.052,https://item.taobao.com/item.htm?priceTId=2100c89617471416404247350e0bde&utparam=%7B%22aplus_abtest%22%3A%22a9a44a88d3d609bee49789c800772347%22%7D&id=807852652885&ns=1&abbucket=15&xxc=taobaoSearch&detail_redpacket_pop=true&query=%E5%AE%9E%E6%9C%A8%E6%A4%85&mi_id=6UQpoQ5Ciptq4NTQv-gNJ-W0roOeY_oKVp-DdXVdliDBoshEPgkkmPe8KQJYRwZmmJhGq1FUyAoD-sBREv0OXMzoyN8Nxu4nAgugWYo_ia4&skuId=5710608338960&spm=a21n57.1.item.26,1334_aug3,0,0,0,0
0,1,可旋木复古椅子奢餐餐椅儿童椅复古美式休椅台椅,淘寶,實木,42×42×78,36.2,3760.0,1455.0,3.0,36.3,3769.0,4.947,https://item.taobao.com/item.htm?priceTId=2100c89617471416404247350e0bde&utparam=%7B%22aplus_abtest%22%3A%22a9a44a88d3d609bee49789c800772347%22%7D&id=807852652885&ns=1&abbucket=15&xxc=taobaoSearch&detail_redpacket_pop=true&query=%E5%AE%9E%E6%9C%A8%E6%A4%85&mi_id=6UQpoQ5Ciptq4NTQv-gNJ-W0roOeY_oKVp-DdXVdliDBoshEPgkkmPe8KQJYRwZmmJhGq1FUyAoD-sBREv0OXMzoyN8Nxu4nAgugWYo_ia4&skuId=5710608338960&spm=a21n57.1.item.26,1334_aug4,0,0,0,0
1,0,木椅子靠背椅木凳子家用生幼儿小椅子茶几笑木椅子天然,淘寶,實木,30×30×50,24.0,2448.0,2765.0,2.0,21.7,4320.0,4.032,https://item.taobao.com/item.htm?priceTId=2100c89617471416404247350e0bde&utparam=%7B%22aplus_abtest%22%3A%22c101966bb28f3084e0bf4387f1d9b11d%22%7D&id=678369090011&ns=1&abbucket=15&xxc=taobaoSearch&detail_redpacket_pop=true&query=%E5%AE%9E%E6%9C%A8%E6%A4%85&mi_id=dEpJcOLEDQ42fZXvrw_sMRZ9bokRNO2FyMt4ZE9bkMF97oGEkwQvjvjNWvBJYLaNIiDNNXf-M1Wl60fChrX_fkA5KneUAxGOrECPkoLb0UQ&skuId=4869843293621&spm=a21n57.1.item.33,1336_aug1,0,0,0,0
1,0,木椅子靠背椅木凳子家用生幼儿小椅子茶几笑木椅子天然,淘寶,實木,30×30×50,23.3,2138.0,2617.0,2.0,26.1,4796.0,4.021,https://item.taobao.com/item.htm?priceTId=2100c89617471416404247350e0bde&utparam=%7B%22aplus_abtest%22%3A%22c101966bb28f3084e0bf4387f1d9b11d%22%7D&id=678369090011&ns=1&abbucket=15&xxc=taobaoSearch&detail_redpacket_pop=true&query=%E5%AE%9E%E6%9C%A8%E6%A4%85&mi_id=dEpJcOLEDQ42fZXvrw_sMRZ9bokRNO2FyMt4ZE9bkMF97oGEkwQvjvjNWvBJYLaNIiDNNXf-M1Wl60fChrX_fkA5KneUAxGOrECPkoLb0UQ&skuId=4869843293621&spm=a21n57.1.item.33,1336_aug2,0,0,0,0
1,0,木椅子靠背椅木凳子家用生幼儿小椅子茶几笑木椅子天然,淘寶,實木,30×30×50,27.5,2028.0,2915.0,2.0,28.2,4618.0,4.017,https://item.taobao.com/item.htm?priceTId=2100c89617471416404247350e0bde&utparam=%7B%22aplus_abtest%22%3A%22c101966bb28f3084e0bf4387f1d9b11d%22%7D&id=678369090011&ns=1&abbucket=15&xxc=taobaoSearch&detail_redpacket_pop=true&query=%E5%AE%9E%E6%9C%A8%E6%A4%85&mi_id=dEpJcOLEDQ42fZXvrw_sMRZ9bokRNO2FyMt4ZE9bkMF97oGEkwQvjvjNWvBJYLaNIiDNNXf-M1Wl60fChrX_fkA5KneUAxGOrECPkoLb0UQ&skuId=4869843293621&spm=a21n57.1.item.33,1336_aug3,0,0,0,0
1,0,木椅子靠背椅木凳子家用生幼儿小椅子茶几笑木椅子天然,淘寶,實木,30×30×50,24.3,2435.0,2663.0,2.0,28.1,4875.0,3.955,https://item.taobao.com/item.htm?priceTId=2100c89617471416404247350e0bde&utparam=%7B%22aplus_abtest%22%3A%22c101966bb28f3084e0bf4387f1d9b11d%22%7D&id=678369090011&ns=1&abbucket=15&xxc=taobaoSearch&detail_redpacket_pop=true&query=%E5%AE%9E%E6%9C%A8%E6%A4%85&mi_id=dEpJcOLEDQ42fZXvrw_sMRZ9bokRNO2FyMt4ZE9bkMF97oGEkwQvjvjNWvBJYLaNIiDNNXf-M1Wl60fChrX_fkA5KneUAxGOrECPkoLb0UQ&skuId=4869843293621&spm=a21n57.1.item.33,1336_aug4,0,0,0,0
1,0,木椅子家用餐桌椅胡桃木中古椅靠背房咖啡凳子休茶椅,淘寶,胡桃木,45×50×85,41.3,4667.0,2209.0,2.0,51.2,7221.0,5.414,https://item.taobao.com/item.htm?priceTId=2100c89617471416404247350e0bde&utparam=%7B%22aplus_abtest%22%3A%22cac66da8ed5dfbf908bea5214d8359d2%22%7D&id=784401580300&ns=1&abbucket=15&xxc=taobaoSearch&detail_redpacket_pop=true&query=%E5%AE%9E%E6%9C%A8%E6%A4%85&mi_id=BJC5s-owdK3MeX0dq-EAPorlTOrAr31GrpMqGW9qsDRkDkES6XnsM1CX2X-5zpsigebxvMgyTW8qmMBpmVw-e-lvQ4aNjhHz7CIX5SDqavU&skuId=5779235040741&spm=a21n57.1.item.34,1337_aug1,0,0,0,0
1,0,木椅子家用餐桌椅胡桃木中古椅靠背房咖啡凳子休茶椅,淘寶,胡桃木,45×50×85,36.5,5142.0,2403.0,2.0,42.4,7240.0,5.547,https://item.taobao.com/item.htm?priceTId=2100c89617471416404247350e0bde&utparam=%7B%22aplus_abtest%22%3A%22cac66da8ed5dfbf908bea5214d8359d2%22%7D&id=784401580300&ns=1&abbucket=15&xxc=taobaoSearch&detail_redpacket_pop=true&query=%E5%AE%9E%E6%9C%A8%E6%A4%85&mi_id=BJC5s-owdK3MeX0dq-EAPorlTOrAr31GrpMqGW9qsDRkDkES6XnsM1CX2X-5zpsigebxvMgyTW8qmMBpmVw-e-lvQ4aNjhHz7CIX5SDqavU&skuId=5779235040741&spm=a21n57.1.item.34,1337_aug2,0,0,0,0
1,0,木椅子家用餐桌椅胡桃木中古椅靠背房咖啡凳子休茶椅,淘寶,胡桃木,45×50×85,37.5,4569.0,2336.0,2.0,49.4,7424.0,5.577,https://item.taobao.com/item.htm?priceTId=2100c89617471416404247350e0bde&utparam=%7B%22aplus_abtest%22%3A%22cac66da8ed5dfbf908bea5214d8359d2%22%7D&id=784401580300&ns=1&abbucket=15&xxc=taobaoSearch&detail_redpacket_pop=true&query=%E5%AE%9E%E6%9C%A8%E6%A4%85&mi_id=BJC5s-owdK3MeX0dq-EAPorlTOrAr31GrpMqGW9qsDRkDkES6XnsM1CX2X-5zpsigebxvMgyTW8qmMBpmVw-e-lvQ4aNjhHz7CIX5SDqavU&skuId=5779235040741&spm=a21n57.1.item.34,1337_aug3,0,0,0,0
1,0,木椅子家用餐桌椅胡桃木中古椅靠背房咖啡凳子休茶椅,淘寶,胡桃木,45×50×85,43.6,4484.0,2170.0,2.0,44.9,6236.0,5.502,https://item.taobao.com/item.htm?priceTId=2100c89617471416404247350e0bde&utparam=%7B%22aplus_abtest%22%3A%22cac66da8ed5dfbf908bea5214d8359d2%22%7D&id=784401580300&ns=1&abbucket=15&xxc=taobaoSearch&detail_redpacket_pop=true&query=%E5%AE%9E%E6%9C%A8%E6%A4%85&mi_id=BJC5s-owdK3MeX0dq-EAPorlTOrAr31GrpMqGW9qsDRkDkES6XnsM1CX2X-5zpsigebxvMgyTW8qmMBpmVw-e-lvQ4aNjhHz7CIX5SDqavU&skuId=5779235040741&spm=a21n57.1.item.34,1337_aug4,0,0,0,0
0,1,木吧台椅房做椅子家用高椅可折酒吧椅高凳子靠背椅用,淘寶,實木,40×40×80,31.2,3553.0,1194.0,2.0,85.3,9748.0,5.057,https://detail.tmall.com/item.htm?priceTId=2100c89617471416404247350e0bde&utparam=%7B%22aplus_abtest%22%3A%22f855f2f0cfaf2a2d4673f4fc92dbebc6%22%7D&id=834209437823&ns=1&abbucket=15&xxc=taobaoSearch&detail_redpacket_pop=true&query=%E5%AE%9E%E6%9C%A8%E6%A4%85&mi_id=Q3jOgg6TQEDb-UrpwE_e9z562xOs1cwhfQBCkaFATxFIQ8RZOlBLxiEgu7vUkkx6_OVh8CODY9prqzRxYKcgIxGeiv42DQh7Rr5HtbXlVvs&skuId=5752660203961&spm=a21n57.1.item.42,1343_aug1,0,0,0,0
0,1,木吧台椅房做椅子家用高椅可折酒吧椅高凳子靠背椅用,淘寶,實木,40×40×80,36.3,3702.0,1354.0,2.0,85.4,8167.0,5.089,https://detail.tmall.com/item.htm?priceTId=2100c89617471416404247350e0bde&utparam=%7B%22aplus_abtest%22%3A%22f855f2f0cfaf2a2d4673f4fc92dbebc6%22%7D&id=834209437823&ns=1&abbucket=15&xxc=taobaoSearch&detail_redpacket_pop=true&query=%E5%AE%9E%E6%9C%A8%E6%A4%85&mi_id=Q3jOgg6TQEDb-UrpwE_e9z562xOs1cwhfQBCkaFATxFIQ8RZOlBLxiEgu7vUkkx6_OVh8CODY9prqzRxYKcgIxGeiv42DQh7Rr5HtbXlVvs&skuId=5752660203961&spm=a21n57.1.item.42,1343_aug2,0,0,0,0
0,1,木吧台椅房做椅子家用高椅可折酒吧椅高凳子靠背椅用,淘寶,實木,40×40×80,34.0,3389.0,1114.0,2.0,77.5,10344.0,5.095,https://detail.tmall.com/item.htm?priceTId=2100c89617471416404247350e0bde&utparam=%7B%22aplus_abtest%22%3A%22f855f2f0cfaf2a2d4673f4fc92dbebc6%22%7D&id=834209437823&ns=1&abbucket=15&xxc=taobaoSearch&detail_redpacket_pop=true&query=%E5%AE%9E%E6%9C%A8%E6%A4%85&mi_id=Q3jOgg6TQEDb-UrpwE_e9z562xOs1cwhfQBCkaFATxFIQ8RZOlBLxiEgu7vUkkx6_OVh8CODY9prqzRxYKcgIxGeiv42DQh7Rr5HtbXlVvs&skuId=5752660203961&spm=a21n57.1.item.42,1343_aug3,0,0,0,0
0,1,木吧台椅房做椅子家用高椅可折酒吧椅高凳子靠背椅用,淘寶,實木,40×40×80,39.9,3207.0,1441.0,2.0,82.9,8234.0,5.001,https://detail.tmall.com/item.htm?priceTId=2100c89617471416404247350e0bde&utparam=%7B%22aplus_abtest%22%3A%22f855f2f0cfaf2a2d4673f4fc92dbebc6%22%7D&id=834209437823&ns=1&abbucket=15&xxc=taobaoSearch&detail_redpacket_pop=true&query=%E5%AE%9E%E6%9C%A8%E6%A4%85&mi_id=Q3jOgg6TQEDb-UrpwE_e9z562xOs1cwhfQBCkaFATxFIQ8RZOlBLxiEgu7vUkkx6_OVh8CODY9prqzRxYKcgIxGeiv42DQh7Rr5HtbXlVvs&skuId=5752660203961&spm=a21n57.1.item.42,1343_aug4,0,0,0,0
1,0,北美黑胡桃木木小板凳儿童椅靠背鞋凳矮凳全木小孩可,淘寶,黑胡桃木,估計 30×30×60,34.2,3062.0,2723.0,2.0,27.1,2880.0,5.024,https://item.taobao.com/item.htm?priceTId=2100c89617471416404247350e0bde&utparam=%7B%22aplus_abtest%22%3A%226a65a1fb5b0e4ca2d79e97cbce47b2d3%22%7D&id=889880465209&ns=1&abbucket=15&xxc=taobaoSearch&detail_redpacket_pop=true&query=%E5%AE%9E%E6%9C%A8%E6%A4%85&mi_id=E8tZ3tNNOS-ZjeD3ejsz6o789TV_C2423Tc_hLEgtJxBx-VOD479bJ6x7Ut6zBfqkWIWQC96_MBcucyDte00OGvzD8xcEN6Q1D8DLjh0Y_g&skuId=5752457213189&spm=a21n57.1.item.46,1344_aug1,0,0,0,0
1,0,北美黑胡桃木木小板凳儿童椅靠背鞋凳矮凳全木小孩可,淘寶,黑胡桃木,估計 30×30×60,26.3,2387.0,2278.0,2.0,26.8,2674.0,4.971,https://item.taobao.com/item.htm?priceTId=2100c89617471416404247350e0bde&utparam=%7B%22aplus_abtest%22%3A%226a65a1fb5b0e4ca2d79e97cbce47b2d3%22%7D&id=889880465209&ns=1&abbucket=15&xxc=taobaoSearch&detail_redpacket_pop=true&query=%E5%AE%9E%E6%9C%A8%E6%A4%85&mi_id=E8tZ3tNNOS-ZjeD3ejsz6o789TV_C2423Tc_hLEgtJxBx-VOD479bJ6x7Ut6zBfqkWIWQC96_MBcucyDte00OGvzD8xcEN6Q1D8DLjh0Y_g&skuId=5752457213189&spm=a21n57.1.item.46,1344_aug2,0,0,0,0
1,0,北美黑胡桃木木小板凳儿童椅靠背鞋凳矮凳全木小孩可,淘寶,黑胡桃木,估計 30×30×60,30.5,2867.0,2724.0,2.0,29.7,2617.0,5.072,https://item.taobao.com/item.htm?priceTId=2100c89617471416404247350e0bde&utparam=%7B%22aplus_abtest%22%3A%226a65a1fb5b0e4ca2d79e97cbce47b2d3%22%7D&id=889880465209&ns=1&abbucket=15&xxc=taobaoSearch&detail_redpacket_pop=true&query=%E5%AE%9E%E6%9C%A8%E6%A4%85&mi_id=E8tZ3tNNOS-ZjeD3ejsz6o789TV_C2423Tc_hLEgtJxBx-VOD479bJ6x7Ut6zBfqkWIWQC96_MBcucyDte00OGvzD8xcEN6Q1D8DLjh0Y_g&skuId=5752457213189&spm=a21n57.1.item.46,1344_aug3,0,0,0,0
1,0,北美黑胡桃木木小板凳儿童椅靠背鞋凳矮凳全木小孩可,淘寶,黑胡桃木,估計 30×30×60,28.5,2505.0,2769.0,2.0,33.1,2561.0,5.04,https://item.taobao.com/item.htm?priceTId=2100c89617471416404247350e0bde&utparam=%7B%22aplus_abtest%22%3A%226a65a1fb5b0e4ca2d79e97cbce47b2d3%22%7D&id=889880465209&ns=1&abbucket=15&xxc=taobaoSearch&detail_redpacket_pop=true&query=%E5%AE%9E%E6%9C%A8%E6%A4%85&mi_id=E8tZ3tNNOS-ZjeD3ejsz6o789TV_C2423Tc_hLEgtJxBx-VOD479bJ6x7Ut6zBfqkWIWQC96_MBcucyDte00OGvzD8xcEN6Q1D8DLjh0Y_g&skuId=5752457213189&spm=a21n57.1.item.46,1344_aug4,0,0,0,0
1,0,凳子家用儿童靠背木椅子小生椅子木椅子木凳子靠背成人矮凳,淘寶,實木,30×30×50,17.3,4346.0,2460.0,2.0,34.2,2668.0,4.052,https://item.taobao.com/item.htm?priceTId=2100c80f17471420077768997e0c05&utparam=%7B%22aplus_abtest%22%3A%22565ea2d61b3082621259a938887dfd7e%22%7D&id=920018993339&ns=1&abbucket=15&xxc=taobaoSearch&detail_redpacket_pop=true&query=%E5%AE%9E%E6%9C%A8%E6%A4%85&mi_id=tznGqWNOo_CdOyT2SZl1DnL8s5xwdmUDDvsnOXI1rutjo3M6_8W_B8EblVyCGs5VhbD3WcGriU7BQqgLqV2OpWNJ0W6uhqHALCdgeAjuoLk&skuId=5790860452154&spm=a21n57.1.item.9,1348_aug1,0,1,0,0
1,0,凳子家用儿童靠背木椅子小生椅子木椅子木凳子靠背成人矮凳,淘寶,實木,30×30×50,21.2,5131.0,2822.0,2.0,31.9,2729.0,3.923,https://item.taobao.com/item.htm?priceTId=2100c80f17471420077768997e0c05&utparam=%7B%22aplus_abtest%22%3A%22565ea2d61b3082621259a938887dfd7e%22%7D&id=920018993339&ns=1&abbucket=15&xxc=taobaoSearch&detail_redpacket_pop=true&query=%E5%AE%9E%E6%9C%A8%E6%A4%85&mi_id=tznGqWNOo_CdOyT2SZl1DnL8s5xwdmUDDvsnOXI1rutjo3M6_8W_B8EblVyCGs5VhbD3WcGriU7BQqgLqV2OpWNJ0W6uhqHALCdgeAjuoLk&skuId=5790860452154&spm=a21n57.1.item.9,1348_aug2,0,1,0,0
1,0,凳子家用儿童靠背木椅子小生椅子木椅子木凳子靠背成人矮凳,淘寶,實木,30×30×50,18.5,5069.0,2911.0,2.0,34.3,2948.0,3.922,https://item.taobao.com/item.htm?priceTId=2100c80f17471420077768997e0c05&utparam=%7B%22aplus_abtest%22%3A%22565ea2d61b3082621259a938887dfd7e%22%7D&id=920018993339&ns=1&abbucket=15&xxc=taobaoSearch&detail_redpacket_pop=true&query=%E5%AE%9E%E6%9C%A8%E6%A4%85&mi_id=tznGqWNOo_CdOyT2SZl1DnL8s5xwdmUDDvsnOXI1rutjo3M6_8W_B8EblVyCGs5VhbD3WcGriU7BQqgLqV2OpWNJ0W6uhqHALCdgeAjuoLk&skuId=5790860452154&spm=a21n57.1.item.9,1348_aug3,0,1,0,0
1,0,凳子家用儿童靠背木椅子小生椅子木椅子木凳子靠背成人矮凳,淘寶,實木,30×30×50,18.7,3866.0,2267.0,2.0,30.0,2982.0,4.058,https://item.taobao.com/item.htm?priceTId=2100c80f17471420077768997e0c05&utparam=%7B%22aplus_abtest%22%3A%22565ea2d61b3082621259a938887dfd7e%22%7D&id=920018993339&ns=1&abbucket=15&xxc=taobaoSearch&detail_redpacket_pop=true&query=%E5%AE%9E%E6%9C%A8%E6%A4%85&mi_id=tznGqWNOo_CdOyT2SZl1DnL8s5xwdmUDDvsnOXI1rutjo3M6_8W_B8EblVyCGs5VhbD3WcGriU7BQqgLqV2OpWNJ0W6uhqHALCdgeAjuoLk&skuId=5790860452154&spm=a21n57.1.item.9,1348_aug4,0,1,0,0
1,0,冬木木儿童可椅子生字用座椅餐椅升降折坐姿,淘寶,實木,估計為 40×40×80,41.4,5078.0,1600.0,2.0,39.4,4724.0,5.083,https://detail.tmall.com/item.htm?priceTId=2100c80f17471420077768997e0c05&utparam=%7B%22aplus_abtest%22%3A%2280bee23bfe98a2e9db1ded4f34196e4d%22%7D&id=680804876260&ns=1&abbucket=15&xxc=taobaoSearch&detail_redpacket_pop=true&query=%E5%AE%9E%E6%9C%A8%E6%A4%85&mi_id=F8KkTVI0oMaCnoLB-mIaZgUKfpS7xp6ZsBzo94tMMHjG5-0llueANoMAapWQjxmtLZmlO8-whPGI_qJfYUCN32PHUkTWSk-Tp3IJswW1VY8&skuId=5889069459752&spm=a21n57.1.item.10,1349_aug1,0,1,1,0
1,0,冬木木儿童可椅子生字用座椅餐椅升降折坐姿,淘寶,實木,估計為 40×40×80,38.7,4505.0,1518.0,2.0,45.9,4341.0,5.08,https://detail.tmall.com/item.htm?priceTId=2100c80f17471420077768997e0c05&utparam=%7B%22aplus_abtest%22%3A%2280bee23bfe98a2e9db1ded4f34196e4d%22%7D&id=680804876260&ns=1&abbucket=15&xxc=taobaoSearch&detail_redpacket_pop=true&query=%E5%AE%9E%E6%9C%A8%E6%A4%85&mi_id=F8KkTVI0oMaCnoLB-mIaZgUKfpS7xp6ZsBzo94tMMHjG5-0llueANoMAapWQjxmtLZmlO8-whPGI_qJfYUCN32PHUkTWSk-Tp3IJswW1VY8&skuId=5889069459752&spm=a21n57.1.item.10,1349_aug2,0,1,1,0
1,0,冬木木儿童可椅子生字用座椅餐椅升降折坐姿,淘寶,實木,估計為 40×40×80,34.0,4317.0,1441.0,2.0,34.6,5143.0,4.959,https://detail.tmall.com/item.htm?priceTId=2100c80f17471420077768997e0c05&utparam=%7B%22aplus_abtest%22%3A%2280bee23bfe98a2e9db1ded4f34196e4d%22%7D&id=680804876260&ns=1&abbucket=15&xxc=taobaoSearch&detail_redpacket_pop=true&query=%E5%AE%9E%E6%9C%A8%E6%A4%85&mi_id=F8KkTVI0oMaCnoLB-mIaZgUKfpS7xp6ZsBzo94tMMHjG5-0llueANoMAapWQjxmtLZmlO8-whPGI_qJfYUCN32PHUkTWSk-Tp3IJswW1VY8&skuId=5889069459752&spm=a21n57.1.item.10,1349_aug3,0,1,1,0
1,0,冬木木儿童可椅子生字用座椅餐椅升降折坐姿,淘寶,實木,估計為 40×40×80,35.6,4867.0,1464.0,2.0,37.3,5194.0,5.032,https://detail.tmall.com/item.htm?priceTId=2100c80f17471420077768997e0c05&utparam=%7B%22aplus_abtest%22%3A%2280bee23bfe98a2e9db1ded4f34196e4d%22%7D&id=680804876260&ns=1&abbucket=15&xxc=taobaoSearch&detail_redpacket_pop=true&query=%E5%AE%9E%E6%9C%A8%E6%A4%85&mi_id=F8KkTVI0oMaCnoLB-mIaZgUKfpS7xp6ZsBzo94tMMHjG5-0llueANoMAapWQjxmtLZmlO8-whPGI_qJfYUCN32PHUkTWSk-Tp3IJswW1VY8&skuId=5889069459752&spm=a21n57.1.item.10,1349_aug4,0,1,1,0
1,0,木餐椅靠背椅子公椅酒店家用椅子店凳子北椅,淘寶,實木,45×50×85,34.2,1661.0,2203.0,3.0,50.2,4345.0,5.025,https://item.taobao.com/item.htm?priceTId=2100c80f17471420077768997e0c05&utparam=%7B%22aplus_abtest%22%3A%22526bcf869bf017d5af76c6ec890cd583%22%7D&id=679265248778&ns=1&abbucket=15&xxc=taobaoSearch&detail_redpacket_pop=true&query=%E5%AE%9E%E6%9C%A8%E6%A4%85&mi_id=5LmnuvCzuQ6FXdRvQl0kGnh1KaiaktZzv5BwwcGrH3_J6MBxRy7ymxKZYPeaqfPNpbxKKf06SYJlW9PnDIsEu0L4GCv7gGxx8bb_U3ugoB0&skuId=5045144382068&spm=a21n57.1.item.12,1350_aug1,0,0,0,0
1,0,木餐椅靠背椅子公椅酒店家用椅子店凳子北椅,淘寶,實木,45×50×85,38.1,1908.0,2482.0,3.0,48.8,4299.0,5.014,https://item.taobao.com/item.htm?priceTId=2100c80f17471420077768997e0c05&utparam=%7B%22aplus_abtest%22%3A%22526bcf869bf017d5af76c6ec890cd583%22%7D&id=679265248778&ns=1&abbucket=15&xxc=taobaoSearch&detail_redpacket_pop=true&query=%E5%AE%9E%E6%9C%A8%E6%A4%85&mi_id=5LmnuvCzuQ6FXdRvQl0kGnh1KaiaktZzv5BwwcGrH3_J6MBxRy7ymxKZYPeaqfPNpbxKKf06SYJlW9PnDIsEu0L4GCv7gGxx8bb_U3ugoB0&skuId=5045144382068&spm=a21n57.1.item.12,1350_aug2,0,0,0,0
1,0,木餐椅靠背椅子公椅酒店家用椅子店凳子北椅,淘寶,實木,45×50×85,37.7,1933.0,2052.0,3.0,49.1,4387.0,4.995,https://item.taobao.com/item.htm?priceTId=2100c80f17471420077768997e0c05&utparam=%7B%22aplus_abtest%22%3A%22526bcf869bf017d5af76c6ec890cd583%22%7D&id=679265248778&ns=1&abbucket=15&xxc=taobaoSearch&detail_redpacket_pop=true&query=%E5%AE%9E%E6%9C%A8%E6%A4%85&mi_id=5LmnuvCzuQ6FXdRvQl0kGnh1KaiaktZzv5BwwcGrH3_J6MBxRy7ymxKZYPeaqfPNpbxKKf06SYJlW9PnDIsEu0L4GCv7gGxx8bb_U3ugoB0&skuId=5045144382068&spm=a21n57.1.item.12,1350_aug3,0,0,0,0
1,0,木餐椅靠背椅子公椅酒店家用椅子店凳子北椅,淘寶,實木,45×50×85,36.3,1584.0,2414.0,3.0,47.0,3573.0,5.087,https://item.taobao.com/item.htm?priceTId=2100c80f17471420077768997e0c05&utparam=%7B%22aplus_abtest%22%3A%22526bcf869bf017d5af76c6ec890cd583%22%7D&id=679265248778&ns=1&abbucket=15&xxc=taobaoSearch&detail_redpacket_pop=true&query=%E5%AE%9E%E6%9C%A8%E6%A4%85&mi_id=5LmnuvCzuQ6FXdRvQl0kGnh1KaiaktZzv5BwwcGrH3_J6MBxRy7ymxKZYPeaqfPNpbxKKf06SYJlW9PnDIsEu0L4GCv7gGxx8bb_U3ugoB0&skuId=5045144382068&spm=a21n57.1.item.12,1350_aug4,0,0,0,0
0,0,北木餐椅家用客休椅子中古椅子黑色复古网靠背椅牛角椅,淘寶,木,45×50×85,45.9,8820.0,2314.0,2.0,48.2,3849.0,4.923,https://item.taobao.com/item.htm?priceTId=2100c80f17471420077768997e0c05&utparam=%7B%22aplus_abtest%22%3A%2294329566d33231cb719afd1edf31d0d6%22%7D&id=896132964085&ns=1&abbucket=15&xxc=taobaoSearch&detail_redpacket_pop=true&query=%E5%AE%9E%E6%9C%A8%E6%A4%85&mi_id=tFB7j8VTlaRjOIr5L0AXaPbLv9VrRVtO23qxbZarH00Fjevo7TEMRxGxklYlw1hdKvm4AGLU2Dw8Sn6_46y5z0IeKoa78Y8x-LU_mvyuCT8&skuId=5914773727456&spm=a21n57.1.item.18,1351_aug1,0,0,0,0
0,0,北木餐椅家用客休椅子中古椅子黑色复古网靠背椅牛角椅,淘寶,木,45×50×85,41.0,9518.0,2513.0,2.0,51.5,3387.0,5.066,https://item.taobao.com/item.htm?priceTId=2100c80f17471420077768997e0c05&utparam=%7B%22aplus_abtest%22%3A%2294329566d33231cb719afd1edf31d0d6%22%7D&id=896132964085&ns=1&abbucket=15&xxc=taobaoSearch&detail_redpacket_pop=true&query=%E5%AE%9E%E6%9C%A8%E6%A4%85&mi_id=tFB7j8VTlaRjOIr5L0AXaPbLv9VrRVtO23qxbZarH00Fjevo7TEMRxGxklYlw1hdKvm4AGLU2Dw8Sn6_46y5z0IeKoa78Y8x-LU_mvyuCT8&skuId=5914773727456&spm=a21n57.1.item.18,1351_aug2,0,0,0,0
0,0,北木餐椅家用客休椅子中古椅子黑色复古网靠背椅牛角椅,淘寶,木,45×50×85,39.1,8790.0,2084.0,2.0,51.6,3128.0,4.911,https://item.taobao.com/item.htm?priceTId=2100c80f17471420077768997e0c05&utparam=%7B%22aplus_abtest%22%3A%2294329566d33231cb719afd1edf31d0d6%22%7D&id=896132964085&ns=1&abbucket=15&xxc=taobaoSearch&detail_redpacket_pop=true&query=%E5%AE%9E%E6%9C%A8%E6%A4%85&mi_id=tFB7j8VTlaRjOIr5L0AXaPbLv9VrRVtO23qxbZarH00Fjevo7TEMRxGxklYlw1hdKvm4AGLU2Dw8Sn6_46y5z0IeKoa78Y8x-LU_mvyuCT8&skuId=5914773727456&spm=a21n57.1.item.18,1351_aug3,0,0,0,0
0,0,北木餐椅家用客休椅子中古椅子黑色复古网靠背椅牛角椅,淘寶,木,45×50×85,43.8,9325.0,2560.0,2.0,39.2,3367.0,4.917,https://item.taobao.com/item.htm?priceTId=2100c80f17471420077768997e0c05&utparam=%7B%22aplus_abtest%22%3A%2294329566d33231cb719afd1edf31d0d6%22%7D&id=896132964085&ns=1&abbucket=15&xxc=taobaoSearch&detail_redpacket_pop=true&query=%E5%AE%9E%E6%9C%A8%E6%A4%85&mi_id=tFB7j8VTlaRjOIr5L0AXaPbLv9VrRVtO23qxbZarH00Fjevo7TEMRxGxklYlw1hdKvm4AGLU2Dw8Sn6_46y5z0IeKoa78Y8x-LU_mvyuCT8&skuId=5914773727456&spm=a21n57.1.item.18,1351_aug4,0,0,0,0
1,0,木木小板凳靠背椅孩子家用鞋椅子板凳坐具木木椅子躺椅,淘寶,木,30×30×50,18.6,3995.0,2367.0,2.0,34.1,2521.0,2.993,https://item.taobao.com/item.htm?priceTId=2100c80f17471420077768997e0c05&utparam=%7B%22aplus_abtest%22%3A%226732fe86cd65ef78b7ae0b7c1701675a%22%7D&id=863632745382&ns=1&abbucket=15&xxc=taobaoSearch&detail_redpacket_pop=true&query=%E5%AE%9E%E6%9C%A8%E6%A4%85&mi_id=eaEgXCM3JD7JixruAJdLjanrMKrJU_6EEJ-oRewkmqrRkqAD2F-GqWm1EkfEbSFU8VzAN7GfnGcjesblPN2KLrerREGcd9SdMOYz63Bq_7U&skuId=5684959920192&spm=a21n57.1.item.22,1353_aug1,0,1,0,0
1,0,木木小板凳靠背椅孩子家用鞋椅子板凳坐具木木椅子躺椅,淘寶,木,30×30×50,22.4,4739.0,2672.0,2.0,33.0,3006.0,3.017,https://item.taobao.com/item.htm?priceTId=2100c80f17471420077768997e0c05&utparam=%7B%22aplus_abtest%22%3A%226732fe86cd65ef78b7ae0b7c1701675a%22%7D&id=863632745382&ns=1&abbucket=15&xxc=taobaoSearch&detail_redpacket_pop=true&query=%E5%AE%9E%E6%9C%A8%E6%A4%85&mi_id=eaEgXCM3JD7JixruAJdLjanrMKrJU_6EEJ-oRewkmqrRkqAD2F-GqWm1EkfEbSFU8VzAN7GfnGcjesblPN2KLrerREGcd9SdMOYz63Bq_7U&skuId=5684959920192&spm=a21n57.1.item.22,1353_aug2,0,1,0,0
1,0,木木小板凳靠背椅孩子家用鞋椅子板凳坐具木木椅子躺椅,淘寶,木,30×30×50,22.3,4548.0,2409.0,2.0,30.4,3029.0,2.945,https://item.taobao.com/item.htm?priceTId=2100c80f17471420077768997e0c05&utparam=%7B%22aplus_abtest%22%3A%226732fe86cd65ef78b7ae0b7c1701675a%22%7D&id=863632745382&ns=1&abbucket=15&xxc=taobaoSearch&detail_redpacket_pop=true&query=%E5%AE%9E%E6%9C%A8%E6%A4%85&mi_id=eaEgXCM3JD7JixruAJdLjanrMKrJU_6EEJ-oRewkmqrRkqAD2F-GqWm1EkfEbSFU8VzAN7GfnGcjesblPN2KLrerREGcd9SdMOYz63Bq_7U&skuId=5684959920192&spm=a21n57.1.item.22,1353_aug3,0,1,0,0
1,0,木木小板凳靠背椅孩子家用鞋椅子板凳坐具木木椅子躺椅,淘寶,木,30×30×50,19.4,5105.0,2387.0,2.0,34.1,3010.0,3.008,https://item.taobao.com/item.htm?priceTId=2100c80f17471420077768997e0c05&utparam=%7B%22aplus_abtest%22%3A%226732fe86cd65ef78b7ae0b7c1701675a%22%7D&id=863632745382&ns=1&abbucket=15&xxc=taobaoSearch&detail_redpacket_pop=true&query=%E5%AE%9E%E6%9C%A8%E6%A4%85&mi_id=eaEgXCM3JD7JixruAJdLjanrMKrJU_6EEJ-oRewkmqrRkqAD2F-GqWm1EkfEbSFU8VzAN7GfnGcjesblPN2KLrerREGcd9SdMOYz63Bq_7U&skuId=5684959920192&spm=a21n57.1.item.22,1353_aug4,0,1,0,0
1,0,代北洽公椅子餐椅家用化靠背凳子伊姆斯木桌椅,淘寶,木,47×48×82,41.8,3333.0,2443.0,3.0,48.1,5587.0,5.605,https://item.taobao.com/item.htm?priceTId=2100c80f17471420077768997e0c05&utparam=%7B%22aplus_abtest%22%3A%22f47f0fb83752530feac2639253d141d0%22%7D&id=820299940422&ns=1&abbucket=15&xxc=taobaoSearch&detail_redpacket_pop=true&query=%E5%AE%9E%E6%9C%A8%E6%A4%85&mi_id=ZHQI0zwFr7ZXGb30_J-hQTNIzWpbNkXPrgu4t1vIRjFh0MEyhCZgKMNwyG08a216Uss_mrG_WDT8ZBbnYgd-0wTiwT2KvD0XpaNODpDUxLc&skuId=5524750532384&spm=a21n57.1.item.28,1355_aug1,0,0,0,0
1,0,代北洽公椅子餐椅家用化靠背凳子伊姆斯木桌椅,淘寶,木,47×48×82,34.7,2675.0,2223.0,3.0,45.6,4753.0,5.605,https://item.taobao.com/item.htm?priceTId=2100c80f17471420077768997e0c05&utparam=%7B%22aplus_abtest%22%3A%22f47f0fb83752530feac2639253d141d0%22%7D&id=820299940422&ns=1&abbucket=15&xxc=taobaoSearch&detail_redpacket_pop=true&query=%E5%AE%9E%E6%9C%A8%E6%A4%85&mi_id=ZHQI0zwFr7ZXGb30_J-hQTNIzWpbNkXPrgu4t1vIRjFh0MEyhCZgKMNwyG08a216Uss_mrG_WDT8ZBbnYgd-0wTiwT2KvD0XpaNODpDUxLc&skuId=5524750532384&spm=a21n57.1.item.28,1355_aug2,0,0,0,0
1,0,代北洽公椅子餐椅家用化靠背凳子伊姆斯木桌椅,淘寶,木,47×48×82,37.8,2936.0,2104.0,3.0,36.4,4736.0,5.554,https://item.taobao.com/item.htm?priceTId=2100c80f17471420077768997e0c05&utparam=%7B%22aplus_abtest%22%3A%22f47f0fb83752530feac2639253d141d0%22%7D&id=820299940422&ns=1&abbucket=15&xxc=taobaoSearch&detail_redpacket_pop=true&query=%E5%AE%9E%E6%9C%A8%E6%A4%85&mi_id=ZHQI0zwFr7ZXGb30_J-hQTNIzWpbNkXPrgu4t1vIRjFh0MEyhCZgKMNwyG08a216Uss_mrG_WDT8ZBbnYgd-0wTiwT2KvD0XpaNODpDUxLc&skuId=5524750532384&spm=a21n57.1.item.28,1355_aug3,0,0,0,0
1,0,代北洽公椅子餐椅家用化靠背凳子伊姆斯木桌椅,淘寶,木,47×48×82,36.2,2762.0,2454.0,3.0,41.2,4535.0,5.466,https://item.taobao.com/item.htm?priceTId=2100c80f17471420077768997e0c05&utparam=%7B%22aplus_abtest%22%3A%22f47f0fb83752530feac2639253d141d0%22%7D&id=820299940422&ns=1&abbucket=15&xxc=taobaoSearch&detail_redpacket_pop=true&query=%E5%AE%9E%E6%9C%A8%E6%A4%85&mi_id=ZHQI0zwFr7ZXGb30_J-hQTNIzWpbNkXPrgu4t1vIRjFh0MEyhCZgKMNwyG08a216Uss_mrG_WDT8ZBbnYgd-0wTiwT2KvD0XpaNODpDUxLc&skuId=5524750532384&spm=a21n57.1.item.28,1355_aug4,0,0,0,0
1,0,木凳子靠背小椅子鞋小木凳客木凳子儿童小板凳原木矮凳,淘寶,實木,35×35×45,47.7,3947.0,1368.0,3.0,39.7,7527.0,3.968,https://item.taobao.com/item.htm?priceTId=2100c80f17471420077768997e0c05&utparam=%7B%22aplus_abtest%22%3A%2222d7d9898490f40ce762fff0fdcd6abb%22%7D&id=851127453411&ns=1&abbucket=15&xxc=taobaoSearch&detail_redpacket_pop=true&query=%E5%AE%9E%E6%9C%A8%E6%A4%85&mi_id=Nrjp0a8qiU_W9TsCKMG1BR4Hdv-CMMryTU48xc5gkaMn6O5_nRmTe3Pvxp71mxA53rRs63DEekAZoandRQWlnTzMIosUqdFqL-YzYGDm3T0&skuId=5645239321869&spm=a21n57.1.item.34,1357_aug1,0,1,0,0
1,0,木凳子靠背小椅子鞋小木凳客木凳子儿童小板凳原木矮凳,淘寶,實木,35×35×45,39.4,3832.0,1191.0,3.0,42.7,7224.0,4.035,https://item.taobao.com/item.htm?priceTId=2100c80f17471420077768997e0c05&utparam=%7B%22aplus_abtest%22%3A%2222d7d9898490f40ce762fff0fdcd6abb%22%7D&id=851127453411&ns=1&abbucket=15&xxc=taobaoSearch&detail_redpacket_pop=true&query=%E5%AE%9E%E6%9C%A8%E6%A4%85&mi_id=Nrjp0a8qiU_W9TsCKMG1BR4Hdv-CMMryTU48xc5gkaMn6O5_nRmTe3Pvxp71mxA53rRs63DEekAZoandRQWlnTzMIosUqdFqL-YzYGDm3T0&skuId=5645239321869&spm=a21n57.1.item.34,1357_aug2,0,1,0,0
1,0,木凳子靠背小椅子鞋小木凳客木凳子儿童小板凳原木矮凳,淘寶,實木,35×35×45,43.0,4816.0,1387.0,3.0,42.4,6489.0,4.0,https://item.taobao.com/item.htm?priceTId=2100c80f17471420077768997e0c05&utparam=%7B%22aplus_abtest%22%3A%2222d7d9898490f40ce762fff0fdcd6abb%22%7D&id=851127453411&ns=1&abbucket=15&xxc=taobaoSearch&detail_redpacket_pop=true&query=%E5%AE%9E%E6%9C%A8%E6%A4%85&mi_id=Nrjp0a8qiU_W9TsCKMG1BR4Hdv-CMMryTU48xc5gkaMn6O5_nRmTe3Pvxp71mxA53rRs63DEekAZoandRQWlnTzMIosUqdFqL-YzYGDm3T0&skuId=5645239321869&spm=a21n57.1.item.34,1357_aug3,0,1,0,0
1,0,木凳子靠背小椅子鞋小木凳客木凳子儿童小板凳原木矮凳,淘寶,實木,35×35×45,45.6,4231.0,1286.0,3.0,46.1,5801.0,3.996,https://item.taobao.com/item.htm?priceTId=2100c80f17471420077768997e0c05&utparam=%7B%22aplus_abtest%22%3A%2222d7d9898490f40ce762fff0fdcd6abb%22%7D&id=851127453411&ns=1&abbucket=15&xxc=taobaoSearch&detail_redpacket_pop=true&query=%E5%AE%9E%E6%9C%A8%E6%A4%85&mi_id=Nrjp0a8qiU_W9TsCKMG1BR4Hdv-CMMryTU48xc5gkaMn6O5_nRmTe3Pvxp71mxA53rRs63DEekAZoandRQWlnTzMIosUqdFqL-YzYGDm3T0&skuId=5645239321869&spm=a21n57.1.item.34,1357_aug4,0,1,0,0
1,0,村老式木椅子小木椅凳家用木椅子原木店餐椅儿童代,淘寶,實木,40×38×80,38.3,6064.0,1712.0,3.0,34.2,6283.0,5.064,https://detail.tmall.com/item.htm?priceTId=2100c80f17471420077768997e0c05&utparam=%7B%22aplus_abtest%22%3A%22c534be863cf25dceb5664b87d477ba8a%22%7D&id=842057659672&ns=1&abbucket=15&xxc=taobaoSearch&detail_redpacket_pop=true&query=%E5%AE%9E%E6%9C%A8%E6%A4%85&mi_id=f95Ne4mUmpoO05EAJACPRmwA5G8o5n_wPLsmN9gnH1itpOAzzcpo__dEHrO21X1wtzHjVu80ldGyPAcC_JSV8F5Iu3j67ZKoU6UrNBlvTOI&skuId=5615611981229&spm=a21n57.1.item.41,1362_aug1,0,0,0,0
1,0,村老式木椅子小木椅凳家用木椅子原木店餐椅儿童代,淘寶,實木,40×38×80,43.4,6104.0,1406.0,3.0,40.8,7360.0,5.029,https://detail.tmall.com/item.htm?priceTId=2100c80f17471420077768997e0c05&utparam=%7B%22aplus_abtest%22%3A%22c534be863cf25dceb5664b87d477ba8a%22%7D&id=842057659672&ns=1&abbucket=15&xxc=taobaoSearch&detail_redpacket_pop=true&query=%E5%AE%9E%E6%9C%A8%E6%A4%85&mi_id=f95Ne4mUmpoO05EAJACPRmwA5G8o5n_wPLsmN9gnH1itpOAzzcpo__dEHrO21X1wtzHjVu80ldGyPAcC_JSV8F5Iu3j67ZKoU6UrNBlvTOI&skuId=5615611981229&spm=a21n57.1.item.41,1362_aug2,0,0,0,0
1,0,村老式木椅子小木椅凳家用木椅子原木店餐椅儿童代,淘寶,實木,40×38×80,42.3,6064.0,1454.0,3.0,39.9,7350.0,4.991,https://detail.tmall.com/item.htm?priceTId=2100c80f17471420077768997e0c05&utparam=%7B%22aplus_abtest%22%3A%22c534be863cf25dceb5664b87d477ba8a%22%7D&id=842057659672&ns=1&abbucket=15&xxc=taobaoSearch&detail_redpacket_pop=true&query=%E5%AE%9E%E6%9C%A8%E6%A4%85&mi_id=f95Ne4mUmpoO05EAJACPRmwA5G8o5n_wPLsmN9gnH1itpOAzzcpo__dEHrO21X1wtzHjVu80ldGyPAcC_JSV8F5Iu3j67ZKoU6UrNBlvTOI&skuId=5615611981229&spm=a21n57.1.item.41,1362_aug3,0,0,0,0
1,0,村老式木椅子小木椅凳家用木椅子原木店餐椅儿童代,淘寶,實木,40×38×80,34.8,6413.0,1313.0,3.0,38.2,6860.0,4.999,https://detail.tmall.com/item.htm?priceTId=2100c80f17471420077768997e0c05&utparam=%7B%22aplus_abtest%22%3A%22c534be863cf25dceb5664b87d477ba8a%22%7D&id=842057659672&ns=1&abbucket=15&xxc=taobaoSearch&detail_redpacket_pop=true&query=%E5%AE%9E%E6%9C%A8%E6%A4%85&mi_id=f95Ne4mUmpoO05EAJACPRmwA5G8o5n_wPLsmN9gnH1itpOAzzcpo__dEHrO21X1wtzHjVu80ldGyPAcC_JSV8F5Iu3j67ZKoU6UrNBlvTOI&skuId=5615611981229&spm=a21n57.1.item.41,1362_aug4,0,0,0,0
1,0,木靠背小椅子儿童家用客沙鞋凳板凳子成人穿鞋代幼儿,淘寶,實木,估計 30×30×60,25.8,2795.0,2512.0,6.0,30.0,4782.0,3.955,https://item.taobao.com/item.htm?priceTId=2100c80f17471420077768997e0c05&utparam=%7B%22aplus_abtest%22%3A%2237b1e34ee30b39811d1b95d9160f6d65%22%7D&id=748608114824&ns=1&abbucket=15&xxc=taobaoSearch&detail_redpacket_pop=true&query=%E5%AE%9E%E6%9C%A8%E6%A4%85&mi_id=jUbkaDchModK-ewF4Vg-RI4NuuRpwSBS1ZGfTUxx944G_JFolIg6SA4ScPl0344iPezMs0rxHiwwb1C28RAlkAiOY4FhCowNLZGfd58dhMM&skuId=5792490979134&spm=a21n57.1.item.42,1363_aug1,0,0,0,0
1,0,木靠背小椅子儿童家用客沙鞋凳板凳子成人穿鞋代幼儿,淘寶,實木,估計 30×30×60,32.3,2879.0,2894.0,4.0,29.5,4742.0,3.935,https://item.taobao.com/item.htm?priceTId=2100c80f17471420077768997e0c05&utparam=%7B%22aplus_abtest%22%3A%2237b1e34ee30b39811d1b95d9160f6d65%22%7D&id=748608114824&ns=1&abbucket=15&xxc=taobaoSearch&detail_redpacket_pop=true&query=%E5%AE%9E%E6%9C%A8%E6%A4%85&mi_id=jUbkaDchModK-ewF4Vg-RI4NuuRpwSBS1ZGfTUxx944G_JFolIg6SA4ScPl0344iPezMs0rxHiwwb1C28RAlkAiOY4FhCowNLZGfd58dhMM&skuId=5792490979134&spm=a21n57.1.item.42,1363_aug2,0,0,0,0
1,0,木靠背小椅子儿童家用客沙鞋凳板凳子成人穿鞋代幼儿,淘寶,實木,估計 30×30×60,29.2,3058.0,2531.0,6.0,26.0,4794.0,4.013,https://item.taobao.com/item.htm?priceTId=2100c80f17471420077768997e0c05&utparam=%7B%22aplus_abtest%22%3A%2237b1e34ee30b39811d1b95d9160f6d65%22%7D&id=748608114824&ns=1&abbucket=15&xxc=taobaoSearch&detail_redpacket_pop=true&query=%E5%AE%9E%E6%9C%A8%E6%A4%85&mi_id=jUbkaDchModK-ewF4Vg-RI4NuuRpwSBS1ZGfTUxx944G_JFolIg6SA4ScPl0344iPezMs0rxHiwwb1C28RAlkAiOY4FhCowNLZGfd58dhMM&skuId=5792490979134&spm=a21n57.1.item.42,1363_aug3,0,0,0,0
1,0,木靠背小椅子儿童家用客沙鞋凳板凳子成人穿鞋代幼儿,淘寶,實木,估計 30×30×60,30.0,3081.0,2294.0,6.0,31.7,4175.0,4.064,https://item.taobao.com/item.htm?priceTId=2100c80f17471420077768997e0c05&utparam=%7B%22aplus_abtest%22%3A%2237b1e34ee30b39811d1b95d9160f6d65%22%7D&id=748608114824&ns=1&abbucket=15&xxc=taobaoSearch&detail_redpacket_pop=true&query=%E5%AE%9E%E6%9C%A8%E6%A4%85&mi_id=jUbkaDchModK-ewF4Vg-RI4NuuRpwSBS1ZGfTUxx944G_JFolIg6SA4ScPl0344iPezMs0rxHiwwb1C28RAlkAiOY4FhCowNLZGfd58dhMM&skuId=5792490979134&spm=a21n57.1.item.42,1363_aug4,0,0,0,0
0,0,北木餐椅休公椅客椅木椅咖啡所家用座椅靠背子,淘寶,木,未知,34.3,3064.0,1933.0,3.0,46.8,4015.0,5.533,https://detail.tmall.com/item.htm?priceTId=2100c80f17471420077768997e0c05&utparam=%7B%22aplus_abtest%22%3A%22de53e842345a899f939c1ba1a3a34704%22%7D&id=909681375363&ns=1&abbucket=15&xxc=taobaoSearch&detail_redpacket_pop=true&query=%E5%AE%9E%E6%9C%A8%E6%A4%85&mi_id=F7PsV07oNjdqZjv5dUtZrdc81oVRxH_bH7yQuhyZXNBS1isS62rIl_xML1y767OADWHjpAnwLpO5lcC5JuHAsyhbBLFJcU9aV9lmPyHrfgY&skuId=5780442632022&spm=a21n57.1.item.45,1365_aug1,0,0,0,0
0,0,北木餐椅休公椅客椅木椅咖啡所家用座椅靠背子,淘寶,木,未知,31.8,2726.0,1802.0,3.0,41.1,4549.0,5.496,https://detail.tmall.com/item.htm?priceTId=2100c80f17471420077768997e0c05&utparam=%7B%22aplus_abtest%22%3A%22de53e842345a899f939c1ba1a3a34704%22%7D&id=909681375363&ns=1&abbucket=15&xxc=taobaoSearch&detail_redpacket_pop=true&query=%E5%AE%9E%E6%9C%A8%E6%A4%85&mi_id=F7PsV07oNjdqZjv5dUtZrdc81oVRxH_bH7yQuhyZXNBS1isS62rIl_xML1y767OADWHjpAnwLpO5lcC5JuHAsyhbBLFJcU9aV9lmPyHrfgY&skuId=5780442632022&spm=a21n57.1.item.45,1365_aug2,0,0,0,0
0,0,北木餐椅休公椅客椅木椅咖啡所家用座椅靠背子,淘寶,木,未知,35.0,2588.0,2111.0,3.0,43.1,5015.0,5.532,https://detail.tmall.com/item.htm?priceTId=2100c80f17471420077768997e0c05&utparam=%7B%22aplus_abtest%22%3A%22de53e842345a899f939c1ba1a3a34704%22%7D&id=909681375363&ns=1&abbucket=15&xxc=taobaoSearch&detail_redpacket_pop=true&query=%E5%AE%9E%E6%9C%A8%E6%A4%85&mi_id=F7PsV07oNjdqZjv5dUtZrdc81oVRxH_bH7yQuhyZXNBS1isS62rIl_xML1y767OADWHjpAnwLpO5lcC5JuHAsyhbBLFJcU9aV9lmPyHrfgY&skuId=5780442632022&spm=a21n57.1.item.45,1365_aug3,0,0,0,0
0,0,北木餐椅休公椅客椅木椅咖啡所家用座椅靠背子,淘寶,木,未知,37.2,2613.0,1700.0,3.0,49.4,3991.0,5.472,https://detail.tmall.com/item.htm?priceTId=2100c80f17471420077768997e0c05&utparam=%7B%22aplus_abtest%22%3A%22de53e842345a899f939c1ba1a3a34704%22%7D&id=909681375363&ns=1&abbucket=15&xxc=taobaoSearch&detail_redpacket_pop=true&query=%E5%AE%9E%E6%9C%A8%E6%A4%85&mi_id=F7PsV07oNjdqZjv5dUtZrdc81oVRxH_bH7yQuhyZXNBS1isS62rIl_xML1y767OADWHjpAnwLpO5lcC5JuHAsyhbBLFJcU9aV9lmPyHrfgY&skuId=5780442632022&spm=a21n57.1.item.45,1365_aug4,0,0,0,0
1,0,木橙子木 家用靠背背儿童椅子小板凳木凳幼儿凳洗凳成人家,淘寶,實木,30×30×50,26.2,9411.0,2860.0,2.0,24.5,7121.0,4.48,https://detail.tmall.com/item.htm?priceTId=2100c80f17471420077768997e0c05&utparam=%7B%22aplus_abtest%22%3A%225744ea64b0c9b8fd29829b7f4b8c550a%22%7D&id=911692513572&ns=1&abbucket=15&xxc=taobaoSearch&detail_redpacket_pop=true&query=%E5%AE%9E%E6%9C%A8%E6%A4%85&mi_id=RQ4C6PfFYEM4K4PpXiqixihQOduCk1Mp-KPKcPxWPlygarZotBFWNZRPcwPIWJdHGxhWFQm6Q3-klMymqD8cc3m4C9Rd0jQk_MOF0o8c7zA&skuId=5775614125890&spm=a21n57.1.item.46,1366_aug1,0,0,0,0
1,0,木橙子木 家用靠背背儿童椅子小板凳木凳幼儿凳洗凳成人家,淘寶,實木,30×30×50,21.4,10075.0,2602.0,2.0,21.7,7438.0,4.457,https://detail.tmall.com/item.htm?priceTId=2100c80f17471420077768997e0c05&utparam=%7B%22aplus_abtest%22%3A%225744ea64b0c9b8fd29829b7f4b8c550a%22%7D&id=911692513572&ns=1&abbucket=15&xxc=taobaoSearch&detail_redpacket_pop=true&query=%E5%AE%9E%E6%9C%A8%E6%A4%85&mi_id=RQ4C6PfFYEM4K4PpXiqixihQOduCk1Mp-KPKcPxWPlygarZotBFWNZRPcwPIWJdHGxhWFQm6Q3-klMymqD8cc3m4C9Rd0jQk_MOF0o8c7zA&skuId=5775614125890&spm=a21n57.1.item.46,1366_aug2,0,0,0,0
1,0,木橙子木 家用靠背背儿童椅子小板凳木凳幼儿凳洗凳成人家,淘寶,實木,30×30×50,24.2,9818.0,2493.0,2.0,21.7,7078.0,4.547,https://detail.tmall.com/item.htm?priceTId=2100c80f17471420077768997e0c05&utparam=%7B%22aplus_abtest%22%3A%225744ea64b0c9b8fd29829b7f4b8c550a%22%7D&id=911692513572&ns=1&abbucket=15&xxc=taobaoSearch&detail_redpacket_pop=true&query=%E5%AE%9E%E6%9C%A8%E6%A4%85&mi_id=RQ4C6PfFYEM4K4PpXiqixihQOduCk1Mp-KPKcPxWPlygarZotBFWNZRPcwPIWJdHGxhWFQm6Q3-klMymqD8cc3m4C9Rd0jQk_MOF0o8c7zA&skuId=5775614125890&spm=a21n57.1.item.46,1366_aug3,0,0,0,0
1,0,木橙子木 家用靠背背儿童椅子小板凳木凳幼儿凳洗凳成人家,淘寶,實木,30×30×50,24.6,9611.0,2722.0,2.0,22.3,8720.0,4.54,https://detail.tmall.com/item.htm?priceTId=2100c80f17471420077768997e0c05&utparam=%7B%22aplus_abtest%22%3A%225744ea64b0c9b8fd29829b7f4b8c550a%22%7D&id=911692513572&ns=1&abbucket=15&xxc=taobaoSearch&detail_redpacket_pop=true&query=%E5%AE%9E%E6%9C%A8%E6%A4%85&mi_id=RQ4C6PfFYEM4K4PpXiqixihQOduCk1Mp-KPKcPxWPlygarZotBFWNZRPcwPIWJdHGxhWFQm6Q3-klMymqD8cc3m4C9Rd0jQk_MOF0o8c7zA&skuId=5775614125890&spm=a21n57.1.item.46,1366_aug4,0,0,0,0
1,0,香樟木儿童椅子家用靠背座椅字桌椅餐椅小木凳板凳矮凳,淘寶,香樟木,30×30×60,28.9,2358.0,2203.0,2.0,25.6,2481.0,4.984,https://item.taobao.com/item.htm?priceTId=2100c82317471423453122083e0c52&utparam=%7B%22aplus_abtest%22%3A%2241cecd580d7ec7919f4742a7ca01ba34%22%7D&id=815308722760&ns=1&abbucket=15&xxc=taobaoSearch&detail_redpacket_pop=true&query=%E5%AE%9E%E6%9C%A8%E6%A4%85&mi_id=roSeuKbZ09SSU9JJjSVR68Yz-m_zKUHd1VChJRsRyF_rXy3ir9BmmxLheOu7fhHT-aeRQbpoe708f9fplo5k76P-clZJCJg0_khFY-pZoVU&skuId=5523780904151&spm=a21n57.1.item.3,1367_aug1,0,0,0,0
1,0,香樟木儿童椅子家用靠背座椅字桌椅餐椅小木凳板凳矮凳,淘寶,香樟木,30×30×60,26.6,2379.0,2888.0,2.0,33.9,2575.0,5.035,https://item.taobao.com/item.htm?priceTId=2100c82317471423453122083e0c52&utparam=%7B%22aplus_abtest%22%3A%2241cecd580d7ec7919f4742a7ca01ba34%22%7D&id=815308722760&ns=1&abbucket=15&xxc=taobaoSearch&detail_redpacket_pop=true&query=%E5%AE%9E%E6%9C%A8%E6%A4%85&mi_id=roSeuKbZ09SSU9JJjSVR68Yz-m_zKUHd1VChJRsRyF_rXy3ir9BmmxLheOu7fhHT-aeRQbpoe708f9fplo5k76P-clZJCJg0_khFY-pZoVU&skuId=5523780904151&spm=a21n57.1.item.3,1367_aug2,0,0,0,0
1,0,香樟木儿童椅子家用靠背座椅字桌椅餐椅小木凳板凳矮凳,淘寶,香樟木,30×30×60,27.3,2796.0,2294.0,2.0,33.9,2744.0,5.085,https://item.taobao.com/item.htm?priceTId=2100c82317471423453122083e0c52&utparam=%7B%22aplus_abtest%22%3A%2241cecd580d7ec7919f4742a7ca01ba34%22%7D&id=815308722760&ns=1&abbucket=15&xxc=taobaoSearch&detail_redpacket_pop=true&query=%E5%AE%9E%E6%9C%A8%E6%A4%85&mi_id=roSeuKbZ09SSU9JJjSVR68Yz-m_zKUHd1VChJRsRyF_rXy3ir9BmmxLheOu7fhHT-aeRQbpoe708f9fplo5k76P-clZJCJg0_khFY-pZoVU&skuId=5523780904151&spm=a21n57.1.item.3,1367_aug3,0,0,0,0
1,0,香樟木儿童椅子家用靠背座椅字桌椅餐椅小木凳板凳矮凳,淘寶,香樟木,30×30×60,28.5,2561.0,2504.0,2.0,30.6,3045.0,4.905,https://item.taobao.com/item.htm?priceTId=2100c82317471423453122083e0c52&utparam=%7B%22aplus_abtest%22%3A%2241cecd580d7ec7919f4742a7ca01ba34%22%7D&id=815308722760&ns=1&abbucket=15&xxc=taobaoSearch&detail_redpacket_pop=true&query=%E5%AE%9E%E6%9C%A8%E6%A4%85&mi_id=roSeuKbZ09SSU9JJjSVR68Yz-m_zKUHd1VChJRsRyF_rXy3ir9BmmxLheOu7fhHT-aeRQbpoe708f9fplo5k76P-clZJCJg0_khFY-pZoVU&skuId=5523780904151&spm=a21n57.1.item.3,1367_aug4,0,0,0,0
1,0,家用靠背小椅子木方凳客木凳矮凳儿童靠背小凳子木凳子,淘寶,實木,30×30×60,31.9,4271.0,2333.0,2.0,30.0,7218.0,4.94,https://item.taobao.com/item.htm?priceTId=2100c82317471423453122083e0c52&utparam=%7B%22aplus_abtest%22%3A%223a650cf7f6695e2a65955688e9060d99%22%7D&id=835925727684&ns=1&abbucket=15&xxc=taobaoSearch&detail_redpacket_pop=true&query=%E5%AE%9E%E6%9C%A8%E6%A4%85&mi_id=lEFJR4fEpBEmHoxA4uTVdkdbrczgKI0O6FMeFyJ1nSSz3oZNQoJo0RvCRMhevUa0xHjV2FNC34Ve5d9vfWpXblSVXXjXHdNQF8KU3u62Luo&skuId=5950848422101&spm=a21n57.1.item.9,1370_aug1,0,1,0,0
1,0,家用靠背小椅子木方凳客木凳矮凳儿童靠背小凳子木凳子,淘寶,實木,30×30×60,29.2,4377.0,2440.0,2.0,25.5,9243.0,5.089,https://item.taobao.com/item.htm?priceTId=2100c82317471423453122083e0c52&utparam=%7B%22aplus_abtest%22%3A%223a650cf7f6695e2a65955688e9060d99%22%7D&id=835925727684&ns=1&abbucket=15&xxc=taobaoSearch&detail_redpacket_pop=true&query=%E5%AE%9E%E6%9C%A8%E6%A4%85&mi_id=lEFJR4fEpBEmHoxA4uTVdkdbrczgKI0O6FMeFyJ1nSSz3oZNQoJo0RvCRMhevUa0xHjV2FNC34Ve5d9vfWpXblSVXXjXHdNQF8KU3u62Luo&skuId=5950848422101&spm=a21n57.1.item.9,1370_aug2,0,1,0,0
1,0,家用靠背小椅子木方凳客木凳矮凳儿童靠背小凳子木凳子,淘寶,實木,30×30×60,29.9,5168.0,2715.0,2.0,26.6,9111.0,5.026,https://item.taobao.com/item.htm?priceTId=2100c82317471423453122083e0c52&utparam=%7B%22aplus_abtest%22%3A%223a650cf7f6695e2a65955688e9060d99%22%7D&id=835925727684&ns=1&abbucket=15&xxc=taobaoSearch&detail_redpacket_pop=true&query=%E5%AE%9E%E6%9C%A8%E6%A4%85&mi_id=lEFJR4fEpBEmHoxA4uTVdkdbrczgKI0O6FMeFyJ1nSSz3oZNQoJo0RvCRMhevUa0xHjV2FNC34Ve5d9vfWpXblSVXXjXHdNQF8KU3u62Luo&skuId=5950848422101&spm=a21n57.1.item.9,1370_aug3,0,1,0,0
1,0,家用靠背小椅子木方凳客木凳矮凳儿童靠背小凳子木凳子,淘寶,實木,30×30×60,33.1,5038.0,2541.0,2.0,27.2,7047.0,4.938,https://item.taobao.com/item.htm?priceTId=2100c82317471423453122083e0c52&utparam=%7B%22aplus_abtest%22%3A%223a650cf7f6695e2a65955688e9060d99%22%7D&id=835925727684&ns=1&abbucket=15&xxc=taobaoSearch&detail_redpacket_pop=true&query=%E5%AE%9E%E6%9C%A8%E6%A4%85&mi_id=lEFJR4fEpBEmHoxA4uTVdkdbrczgKI0O6FMeFyJ1nSSz3oZNQoJo0RvCRMhevUa0xHjV2FNC34Ve5d9vfWpXblSVXXjXHdNQF8KU3u62Luo&skuId=5950848422101&spm=a21n57.1.item.9,1370_aug4,0,1,0,0
1,0,村木靠背椅小木椅凳家用木成人椅子原木儿童椅大排餐,淘寶,實木,估 38×38×85,38.9,5384.0,1300.0,2.0,42.8,5882.0,4.986,https://detail.tmall.com/item.htm?priceTId=2100c82317471423453122083e0c52&utparam=%7B%22aplus_abtest%22%3A%2289ddc1b2037d05699d2b01b68d1df03e%22%7D&id=785491036181&ns=1&abbucket=15&xxc=taobaoSearch&detail_redpacket_pop=true&query=%E5%AE%9E%E6%9C%A8%E6%A4%85&mi_id=FZTvpHgpWXSEdcjzA1o0eaSNWBrCJE-WcmWknA5yBp_Fc3XD2YapUuA40Jmsn8feCB8lZLQw7u84k8l1fFr9a27GWQAW5HMatO2GU7SzwYs&skuId=5531989714310&spm=a21n57.1.item.13,1372_aug1,0,0,0,0
1,0,村木靠背椅小木椅凳家用木成人椅子原木儿童椅大排餐,淘寶,實木,估 38×38×85,41.7,6877.0,1274.0,2.0,49.8,5951.0,5.053,https://detail.tmall.com/item.htm?priceTId=2100c82317471423453122083e0c52&utparam=%7B%22aplus_abtest%22%3A%2289ddc1b2037d05699d2b01b68d1df03e%22%7D&id=785491036181&ns=1&abbucket=15&xxc=taobaoSearch&detail_redpacket_pop=true&query=%E5%AE%9E%E6%9C%A8%E6%A4%85&mi_id=FZTvpHgpWXSEdcjzA1o0eaSNWBrCJE-WcmWknA5yBp_Fc3XD2YapUuA40Jmsn8feCB8lZLQw7u84k8l1fFr9a27GWQAW5HMatO2GU7SzwYs&skuId=5531989714310&spm=a21n57.1.item.13,1372_aug2,0,0,0,0
1,0,村木靠背椅小木椅凳家用木成人椅子原木儿童椅大排餐,淘寶,實木,估 38×38×85,36.6,6680.0,1628.0,3.0,39.7,6644.0,5.058,https://detail.tmall.com/item.htm?priceTId=2100c82317471423453122083e0c52&utparam=%7B%22aplus_abtest%22%3A%2289ddc1b2037d05699d2b01b68d1df03e%22%7D&id=785491036181&ns=1&abbucket=15&xxc=taobaoSearch&detail_redpacket_pop=true&query=%E5%AE%9E%E6%9C%A8%E6%A4%85&mi_id=FZTvpHgpWXSEdcjzA1o0eaSNWBrCJE-WcmWknA5yBp_Fc3XD2YapUuA40Jmsn8feCB8lZLQw7u84k8l1fFr9a27GWQAW5HMatO2GU7SzwYs&skuId=5531989714310&spm=a21n57.1.item.13,1372_aug3,0,0,0,0
1,0,村木靠背椅小木椅凳家用木成人椅子原木儿童椅大排餐,淘寶,實木,估 38×38×85,43.0,5235.0,1574.0,2.0,41.3,6077.0,4.953,https://detail.tmall.com/item.htm?priceTId=2100c82317471423453122083e0c52&utparam=%7B%22aplus_abtest%22%3A%2289ddc1b2037d05699d2b01b68d1df03e%22%7D&id=785491036181&ns=1&abbucket=15&xxc=taobaoSearch&detail_redpacket_pop=true&query=%E5%AE%9E%E6%9C%A8%E6%A4%85&mi_id=FZTvpHgpWXSEdcjzA1o0eaSNWBrCJE-WcmWknA5yBp_Fc3XD2YapUuA40Jmsn8feCB8lZLQw7u84k8l1fFr9a27GWQAW5HMatO2GU7SzwYs&skuId=5531989714310&spm=a21n57.1.item.13,1372_aug4,0,0,0,0
1,0,代餐椅木椅子家用靠背椅北奶油餐桌椅小型餐凳子,淘寶,實木,45×45×85,41.9,3345.0,1787.0,3.0,50.7,5457.0,5.019,https://detail.tmall.com/item.htm?priceTId=2100c82317471423453122083e0c52&utparam=%7B%22aplus_abtest%22%3A%22ea880de2224cd7e084bf503b36b728d7%22%7D&id=707636580433&ns=1&abbucket=15&xxc=taobaoSearch&detail_redpacket_pop=true&query=%E5%AE%9E%E6%9C%A8%E6%A4%85&mi_id=_351WygKV4PorKAXILySS0PPsSm32IytKF5fgwV1Fa1K5VWcjAiT05HdcS1o_5JlvHGB9TswOf3ob4SSBLYKboRDA69gc-dQTYp2t4ggtuk&skuId=5142281134441&spm=a21n57.1.item.20,1374_aug1,0,0,0,0
1,0,代餐椅木椅子家用靠背椅北奶油餐桌椅小型餐凳子,淘寶,實木,45×45×85,38.1,3201.0,1896.0,3.0,38.6,6953.0,5.025,https://detail.tmall.com/item.htm?priceTId=2100c82317471423453122083e0c52&utparam=%7B%22aplus_abtest%22%3A%22ea880de2224cd7e084bf503b36b728d7%22%7D&id=707636580433&ns=1&abbucket=15&xxc=taobaoSearch&detail_redpacket_pop=true&query=%E5%AE%9E%E6%9C%A8%E6%A4%85&mi_id=_351WygKV4PorKAXILySS0PPsSm32IytKF5fgwV1Fa1K5VWcjAiT05HdcS1o_5JlvHGB9TswOf3ob4SSBLYKboRDA69gc-dQTYp2t4ggtuk&skuId=5142281134441&spm=a21n57.1.item.20,1374_aug2,0,0,0,0
1,0,代餐椅木椅子家用靠背椅北奶油餐桌椅小型餐凳子,淘寶,實木,45×45×85,40.0,3127.0,2049.0,3.0,43.1,6009.0,4.955,https://detail.tmall.com/item.htm?priceTId=2100c82317471423453122083e0c52&utparam=%7B%22aplus_abtest%22%3A%22ea880de2224cd7e084bf503b36b728d7%22%7D&id=707636580433&ns=1&abbucket=15&xxc=taobaoSearch&detail_redpacket_pop=true&query=%E5%AE%9E%E6%9C%A8%E6%A4%85&mi_id=_351WygKV4PorKAXILySS0PPsSm32IytKF5fgwV1Fa1K5VWcjAiT05HdcS1o_5JlvHGB9TswOf3ob4SSBLYKboRDA69gc-dQTYp2t4ggtuk&skuId=5142281134441&spm=a21n57.1.item.20,1374_aug3,0,0,0,0
1,0,代餐椅木椅子家用靠背椅北奶油餐桌椅小型餐凳子,淘寶,實木,45×45×85,36.2,3295.0,2233.0,3.0,38.7,5614.0,5.096,https://detail.tmall.com/item.htm?priceTId=2100c82317471423453122083e0c52&utparam=%7B%22aplus_abtest%22%3A%22ea880de2224cd7e084bf503b36b728d7%22%7D&id=707636580433&ns=1&abbucket=15&xxc=taobaoSearch&detail_redpacket_pop=true&query=%E5%AE%9E%E6%9C%A8%E6%A4%85&mi_id=_351WygKV4PorKAXILySS0PPsSm32IytKF5fgwV1Fa1K5VWcjAiT05HdcS1o_5JlvHGB9TswOf3ob4SSBLYKboRDA69gc-dQTYp2t4ggtuk&skuId=5142281134441&spm=a21n57.1.item.20,1374_aug4,0,0,0,0
1,0,免安全木椅子靠背椅餐椅家用榫卯构木凳子中式白色餐桌椅,淘寶,實木,45×40×85,43.9,7407.0,2032.0,3.0,51.5,4225.0,4.948,https://item.taobao.com/item.htm?priceTId=2100c82317471423453122083e0c52&utparam=%7B%22aplus_abtest%22%3A%22b69d0c32c85b379fd422708a65ea69d6%22%7D&id=829430691744&ns=1&abbucket=15&xxc=taobaoSearch&detail_redpacket_pop=true&query=%E5%AE%9E%E6%9C%A8%E6%A4%85&mi_id=XGrAq4fLC_cEY8Mg05MYDECU80YoRtx3HfITtdbQwRfm9Xscoy-HCyg3_BiWLJF3XwCddQ9TtxKPTA0f6HLjRvuqay3ghYv3Ef7C38nEtSo&skuId=5606080788169&spm=a21n57.1.item.22,1375_aug1,0,0,0,0
1,0,免安全木椅子靠背椅餐椅家用榫卯构木凳子中式白色餐桌椅,淘寶,實木,45×40×85,41.7,6937.0,1868.0,3.0,46.6,4197.0,4.91,https://item.taobao.com/item.htm?priceTId=2100c82317471423453122083e0c52&utparam=%7B%22aplus_abtest%22%3A%22b69d0c32c85b379fd422708a65ea69d6%22%7D&id=829430691744&ns=1&abbucket=15&xxc=taobaoSearch&detail_redpacket_pop=true&query=%E5%AE%9E%E6%9C%A8%E6%A4%85&mi_id=XGrAq4fLC_cEY8Mg05MYDECU80YoRtx3HfITtdbQwRfm9Xscoy-HCyg3_BiWLJF3XwCddQ9TtxKPTA0f6HLjRvuqay3ghYv3Ef7C38nEtSo&skuId=5606080788169&spm=a21n57.1.item.22,1375_aug2,0,0,0,0
1,0,免安全木椅子靠背椅餐椅家用榫卯构木凳子中式白色餐桌椅,淘寶,實木,45×40×85,44.9,8028.0,2054.0,3.0,47.5,4580.0,4.925,https://item.taobao.com/item.htm?priceTId=2100c82317471423453122083e0c52&utparam=%7B%22aplus_abtest%22%3A%22b69d0c32c85b379fd422708a65ea69d6%22%7D&id=829430691744&ns=1&abbucket=15&xxc=taobaoSearch&detail_redpacket_pop=true&query=%E5%AE%9E%E6%9C%A8%E6%A4%85&mi_id=XGrAq4fLC_cEY8Mg05MYDECU80YoRtx3HfITtdbQwRfm9Xscoy-HCyg3_BiWLJF3XwCddQ9TtxKPTA0f6HLjRvuqay3ghYv3Ef7C38nEtSo&skuId=5606080788169&spm=a21n57.1.item.22,1375_aug3,0,0,0,0
1,0,免安全木椅子靠背椅餐椅家用榫卯构木凳子中式白色餐桌椅,淘寶,實木,45×40×85,36.3,6745.0,2011.0,3.0,50.7,4531.0,5.043,https://item.taobao.com/item.htm?priceTId=2100c82317471423453122083e0c52&utparam=%7B%22aplus_abtest%22%3A%22b69d0c32c85b379fd422708a65ea69d6%22%7D&id=829430691744&ns=1&abbucket=15&xxc=taobaoSearch&detail_redpacket_pop=true&query=%E5%AE%9E%E6%9C%A8%E6%A4%85&mi_id=XGrAq4fLC_cEY8Mg05MYDECU80YoRtx3HfITtdbQwRfm9Xscoy-HCyg3_BiWLJF3XwCddQ9TtxKPTA0f6HLjRvuqay3ghYv3Ef7C38nEtSo&skuId=5606080788169&spm=a21n57.1.item.22,1375_aug4,0,0,0,0
1,0,胡桃木色木餐椅家用代靠背椅子北高餐吃椅白蜡木,淘寶,實木,45×50×85,35.3,8376.0,2560.0,3.0,42.3,6138.0,4.926,https://item.taobao.com/item.htm?priceTId=2100c82317471423453122083e0c52&utparam=%7B%22aplus_abtest%22%3A%22d8e1396d0b020abf4e121669d43f2dea%22%7D&id=904588081731&ns=1&abbucket=15&xxc=taobaoSearch&detail_redpacket_pop=true&query=%E5%AE%9E%E6%9C%A8%E6%A4%85&mi_id=T5FheCQJlRg9ijftSw2FDgyzucpNbXvxxYDef4ME44R6d5RnnByAOv0bFuzgWcZ2nHTYIpSH7fqui9JEbYGbCqCfdQZOkBlpjUuEVhyghj8&skuId=5762807808069&spm=a21n57.1.item.36,1384_aug1,0,0,0,0
1,0,胡桃木色木餐椅家用代靠背椅子北高餐吃椅白蜡木,淘寶,實木,45×50×85,36.8,9384.0,2220.0,3.0,39.9,7362.0,5.057,https://item.taobao.com/item.htm?priceTId=2100c82317471423453122083e0c52&utparam=%7B%22aplus_abtest%22%3A%22d8e1396d0b020abf4e121669d43f2dea%22%7D&id=904588081731&ns=1&abbucket=15&xxc=taobaoSearch&detail_redpacket_pop=true&query=%E5%AE%9E%E6%9C%A8%E6%A4%85&mi_id=T5FheCQJlRg9ijftSw2FDgyzucpNbXvxxYDef4ME44R6d5RnnByAOv0bFuzgWcZ2nHTYIpSH7fqui9JEbYGbCqCfdQZOkBlpjUuEVhyghj8&skuId=5762807808069&spm=a21n57.1.item.36,1384_aug2,0,0,0,0
1,0,胡桃木色木餐椅家用代靠背椅子北高餐吃椅白蜡木,淘寶,實木,45×50×85,34.3,8685.0,1959.0,3.0,48.2,7564.0,4.947,https://item.taobao.com/item.htm?priceTId=2100c82317471423453122083e0c52&utparam=%7B%22aplus_abtest%22%3A%22d8e1396d0b020abf4e121669d43f2dea%22%7D&id=904588081731&ns=1&abbucket=15&xxc=taobaoSearch&detail_redpacket_pop=true&query=%E5%AE%9E%E6%9C%A8%E6%A4%85&mi_id=T5FheCQJlRg9ijftSw2FDgyzucpNbXvxxYDef4ME44R6d5RnnByAOv0bFuzgWcZ2nHTYIpSH7fqui9JEbYGbCqCfdQZOkBlpjUuEVhyghj8&skuId=5762807808069&spm=a21n57.1.item.36,1384_aug3,0,0,0,0
1,0,胡桃木色木餐椅家用代靠背椅子北高餐吃椅白蜡木,淘寶,實木,45×50×85,39.5,8148.0,2163.0,3.0,39.0,7185.0,5.009,https://item.taobao.com/item.htm?priceTId=2100c82317471423453122083e0c52&utparam=%7B%22aplus_abtest%22%3A%22d8e1396d0b020abf4e121669d43f2dea%22%7D&id=904588081731&ns=1&abbucket=15&xxc=taobaoSearch&detail_redpacket_pop=true&query=%E5%AE%9E%E6%9C%A8%E6%A4%85&mi_id=T5FheCQJlRg9ijftSw2FDgyzucpNbXvxxYDef4ME44R6d5RnnByAOv0bFuzgWcZ2nHTYIpSH7fqui9JEbYGbCqCfdQZOkBlpjUuEVhyghj8&skuId=5762807808069&spm=a21n57.1.item.36,1384_aug4,0,0,0,0
1,0,老式木椅村吃餐椅儿童家店椅鞋凳家用靠背椅子原木,淘寶,實木,40×40×80,43.9,5962.0,1794.0,2.0,45.0,6934.0,5.062,https://detail.tmall.com/item.htm?priceTId=2100c82317471423453122083e0c52&utparam=%7B%22aplus_abtest%22%3A%22f3b8f6141aaf5847544c5b7ca6de07df%22%7D&id=901173265240&ns=1&abbucket=15&xxc=taobaoSearch&detail_redpacket_pop=true&query=%E5%AE%9E%E6%9C%A8%E6%A4%85&mi_id=r7xjKlTDvYTw5YNT7GWjyeDtj52hE-lwR9h3MSiK3GpeKQW2MWiQsYpAaYf083-XL1nlMK1Ux3WRGTekcg5YDVZqlaTLP5KauzYkfw4lYgE&skuId=5792939176387&spm=a21n57.1.item.38,1386_aug1,0,0,0,0
1,0,老式木椅村吃餐椅儿童家店椅鞋凳家用靠背椅子原木,淘寶,實木,40×40×80,40.9,5805.0,1685.0,2.0,45.8,6479.0,4.954,https://detail.tmall.com/item.htm?priceTId=2100c82317471423453122083e0c52&utparam=%7B%22aplus_abtest%22%3A%22f3b8f6141aaf5847544c5b7ca6de07df%22%7D&id=901173265240&ns=1&abbucket=15&xxc=taobaoSearch&detail_redpacket_pop=true&query=%E5%AE%9E%E6%9C%A8%E6%A4%85&mi_id=r7xjKlTDvYTw5YNT7GWjyeDtj52hE-lwR9h3MSiK3GpeKQW2MWiQsYpAaYf083-XL1nlMK1Ux3WRGTekcg5YDVZqlaTLP5KauzYkfw4lYgE&skuId=5792939176387&spm=a21n57.1.item.38,1386_aug2,0,0,0,0
1,0,老式木椅村吃餐椅儿童家店椅鞋凳家用靠背椅子原木,淘寶,實木,40×40×80,42.2,7320.0,1445.0,2.0,40.5,5767.0,4.904,https://detail.tmall.com/item.htm?priceTId=2100c82317471423453122083e0c52&utparam=%7B%22aplus_abtest%22%3A%22f3b8f6141aaf5847544c5b7ca6de07df%22%7D&id=901173265240&ns=1&abbucket=15&xxc=taobaoSearch&detail_redpacket_pop=true&query=%E5%AE%9E%E6%9C%A8%E6%A4%85&mi_id=r7xjKlTDvYTw5YNT7GWjyeDtj52hE-lwR9h3MSiK3GpeKQW2MWiQsYpAaYf083-XL1nlMK1Ux3WRGTekcg5YDVZqlaTLP5KauzYkfw4lYgE&skuId=5792939176387&spm=a21n57.1.item.38,1386_aug3,0,0,0,0
1,0,老式木椅村吃餐椅儿童家店椅鞋凳家用靠背椅子原木,淘寶,實木,40×40×80,38.0,7102.0,1381.0,2.0,43.1,7270.0,5.097,https://detail.tmall.com/item.htm?priceTId=2100c82317471423453122083e0c52&utparam=%7B%22aplus_abtest%22%3A%22f3b8f6141aaf5847544c5b7ca6de07df%22%7D&id=901173265240&ns=1&abbucket=15&xxc=taobaoSearch&detail_redpacket_pop=true&query=%E5%AE%9E%E6%9C%A8%E6%A4%85&mi_id=r7xjKlTDvYTw5YNT7GWjyeDtj52hE-lwR9h3MSiK3GpeKQW2MWiQsYpAaYf083-XL1nlMK1Ux3WRGTekcg5YDVZqlaTLP5KauzYkfw4lYgE&skuId=5792939176387&spm=a21n57.1.item.38,1386_aug4,0,0,0,0
0,1,便式小型木折椅靠背省空家用多功能餐桌椅培凳,淘寶,實木,35×35×75,29.3,3746.0,2221.0,2.0,46.9,3746.0,5.001,https://detail.tmall.com/item.htm?priceTId=2100c82317471423453122083e0c52&utparam=%7B%22aplus_abtest%22%3A%223a608c665c5f0d893e67c1c11315cda6%22%7D&id=663185867549&ns=1&abbucket=15&xxc=taobaoSearch&detail_redpacket_pop=true&query=%E5%AE%9E%E6%9C%A8%E6%A4%85&mi_id=fHdhXlBnD4vUXKyMxdx7AwBBZpdsEyD6rXV9ZoEHi7sAJPi3Mbu4TCPQsWlluDXBI1OBZpNVaYAEeKo1qz_Y-chkRKyHoUSkf_vCQc9QF3Q&skuId=4953095483624&spm=a21n57.1.item.41,1388_aug1,0,0,0,0
0,1,便式小型木折椅靠背省空家用多功能餐桌椅培凳,淘寶,實木,35×35×75,26.7,3668.0,2471.0,2.0,40.4,3693.0,5.098,https://detail.tmall.com/item.htm?priceTId=2100c82317471423453122083e0c52&utparam=%7B%22aplus_abtest%22%3A%223a608c665c5f0d893e67c1c11315cda6%22%7D&id=663185867549&ns=1&abbucket=15&xxc=taobaoSearch&detail_redpacket_pop=true&query=%E5%AE%9E%E6%9C%A8%E6%A4%85&mi_id=fHdhXlBnD4vUXKyMxdx7AwBBZpdsEyD6rXV9ZoEHi7sAJPi3Mbu4TCPQsWlluDXBI1OBZpNVaYAEeKo1qz_Y-chkRKyHoUSkf_vCQc9QF3Q&skuId=4953095483624&spm=a21n57.1.item.41,1388_aug2,0,0,0,0
0,1,便式小型木折椅靠背省空家用多功能餐桌椅培凳,淘寶,實木,35×35×75,32.3,3757.0,2423.0,2.0,45.0,4044.0,4.935,https://detail.tmall.com/item.htm?priceTId=2100c82317471423453122083e0c52&utparam=%7B%22aplus_abtest%22%3A%223a608c665c5f0d893e67c1c11315cda6%22%7D&id=663185867549&ns=1&abbucket=15&xxc=taobaoSearch&detail_redpacket_pop=true&query=%E5%AE%9E%E6%9C%A8%E6%A4%85&mi_id=fHdhXlBnD4vUXKyMxdx7AwBBZpdsEyD6rXV9ZoEHi7sAJPi3Mbu4TCPQsWlluDXBI1OBZpNVaYAEeKo1qz_Y-chkRKyHoUSkf_vCQc9QF3Q&skuId=4953095483624&spm=a21n57.1.item.41,1388_aug3,0,0,0,0
0,1,便式小型木折椅靠背省空家用多功能餐桌椅培凳,淘寶,實木,35×35×75,32.1,3163.0,2338.0,2.0,45.9,4325.0,4.996,https://detail.tmall.com/item.htm?priceTId=2100c82317471423453122083e0c52&utparam=%7B%22aplus_abtest%22%3A%223a608c665c5f0d893e67c1c11315cda6%22%7D&id=663185867549&ns=1&abbucket=15&xxc=taobaoSearch&detail_redpacket_pop=true&query=%E5%AE%9E%E6%9C%A8%E6%A4%85&mi_id=fHdhXlBnD4vUXKyMxdx7AwBBZpdsEyD6rXV9ZoEHi7sAJPi3Mbu4TCPQsWlluDXBI1OBZpNVaYAEeKo1qz_Y-chkRKyHoUSkf_vCQc9QF3Q&skuId=4953095483624&spm=a21n57.1.item.41,1388_aug4,0,0,0,0
1,0,家用椅餐椅木椅子桌椅中生椅房公椅老人靠背椅,淘寶,實木,40×48×82,40.3,3424.0,2159.0,2.0,44.3,3017.0,5.007,https://item.taobao.com/item.htm?priceTId=2100c82317471423453122083e0c52&utparam=%7B%22aplus_abtest%22%3A%2274ca0c25d50e131203a2c51ef0116f23%22%7D&id=912832379017&ns=1&abbucket=15&xxc=taobaoSearch&detail_redpacket_pop=true&query=%E5%AE%9E%E6%9C%A8%E6%A4%85&mi_id=g4SViqdxvEfgLMqd_n53va0NkFqD8go72VGJDjBP2lho6twy6-Edf18zBEEh-bdjdDDJIM01QDsaCdss3c5N8MUI_rtrymCWzNlDuVgBrrw&skuId=5779272281416&spm=a21n57.1.item.47,1392_aug1,0,0,0,0
1,0,家用椅餐椅木椅子桌椅中生椅房公椅老人靠背椅,淘寶,實木,40×48×82,41.6,4410.0,2206.0,2.0,36.5,4008.0,5.023,https://item.taobao.com/item.htm?priceTId=2100c82317471423453122083e0c52&utparam=%7B%22aplus_abtest%22%3A%2274ca0c25d50e131203a2c51ef0116f23%22%7D&id=912832379017&ns=1&abbucket=15&xxc=taobaoSearch&detail_redpacket_pop=true&query=%E5%AE%9E%E6%9C%A8%E6%A4%85&mi_id=g4SViqdxvEfgLMqd_n53va0NkFqD8go72VGJDjBP2lho6twy6-Edf18zBEEh-bdjdDDJIM01QDsaCdss3c5N8MUI_rtrymCWzNlDuVgBrrw&skuId=5779272281416&spm=a21n57.1.item.47,1392_aug2,0,0,0,0
1,0,家用椅餐椅木椅子桌椅中生椅房公椅老人靠背椅,淘寶,實木,40×48×82,43.6,3733.0,1816.0,2.0,37.6,3377.0,5.072,https://item.taobao.com/item.htm?priceTId=2100c82317471423453122083e0c52&utparam=%7B%22aplus_abtest%22%3A%2274ca0c25d50e131203a2c51ef0116f23%22%7D&id=912832379017&ns=1&abbucket=15&xxc=taobaoSearch&detail_redpacket_pop=true&query=%E5%AE%9E%E6%9C%A8%E6%A4%85&mi_id=g4SViqdxvEfgLMqd_n53va0NkFqD8go72VGJDjBP2lho6twy6-Edf18zBEEh-bdjdDDJIM01QDsaCdss3c5N8MUI_rtrymCWzNlDuVgBrrw&skuId=5779272281416&spm=a21n57.1.item.47,1392_aug3,0,0,0,0
1,0,家用椅餐椅木椅子桌椅中生椅房公椅老人靠背椅,淘寶,實木,40×48×82,34.5,3438.0,1704.0,2.0,48.3,3182.0,4.929,https://item.taobao.com/item.htm?priceTId=2100c82317471423453122083e0c52&utparam=%7B%22aplus_abtest%22%3A%2274ca0c25d50e131203a2c51ef0116f23%22%7D&id=912832379017&ns=1&abbucket=15&xxc=taobaoSearch&detail_redpacket_pop=true&query=%E5%AE%9E%E6%9C%A8%E6%A4%85&mi_id=g4SViqdxvEfgLMqd_n53va0NkFqD8go72VGJDjBP2lho6twy6-Edf18zBEEh-bdjdDDJIM01QDsaCdss3c5N8MUI_rtrymCWzNlDuVgBrrw&skuId=5779272281416&spm=a21n57.1.item.47,1392_aug4,0,0,0,0
1,0,老式木椅村手工吃餐椅儿童家店椅鞋凳家用靠背子,淘寶,實木,30×30×60,33.7,9028.0,2219.0,2.0,47.1,4375.0,4.999,https://detail.tmall.com/item.htm?priceTId=2100c82617471427006431923e0c0b&utparam=%7B%22aplus_abtest%22%3A%22312b6c24b021cdafe7aeb72524a30fc1%22%7D&id=874450301339&ns=1&abbucket=15&xxc=taobaoSearch&detail_redpacket_pop=true&query=%E5%AE%9E%E6%9C%A8%E6%A4%85&mi_id=nWHr-bzAyNQMeZybtWizbsmwo5lzL86yx1yEH1rjBbrySSZRWIvB4QsL8rEz13vjKFpLuzelK5lPs8g9k8QHZ3RrMMDckB5oGTLt6yx8HI4&skuId=5789533064977&spm=a21n57.1.item.10,1396_aug1,0,0,0,0
1,0,老式木椅村手工吃餐椅儿童家店椅鞋凳家用靠背子,淘寶,實木,30×30×60,34.4,6992.0,2375.0,2.0,44.3,4562.0,5.012,https://detail.tmall.com/item.htm?priceTId=2100c82617471427006431923e0c0b&utparam=%7B%22aplus_abtest%22%3A%22312b6c24b021cdafe7aeb72524a30fc1%22%7D&id=874450301339&ns=1&abbucket=15&xxc=taobaoSearch&detail_redpacket_pop=true&query=%E5%AE%9E%E6%9C%A8%E6%A4%85&mi_id=nWHr-bzAyNQMeZybtWizbsmwo5lzL86yx1yEH1rjBbrySSZRWIvB4QsL8rEz13vjKFpLuzelK5lPs8g9k8QHZ3RrMMDckB5oGTLt6yx8HI4&skuId=5789533064977&spm=a21n57.1.item.10,1396_aug2,0,0,0,0
1,0,老式木椅村手工吃餐椅儿童家店椅鞋凳家用靠背子,淘寶,實木,30×30×60,25.9,7876.0,2516.0,2.0,46.3,4215.0,5.043,https://detail.tmall.com/item.htm?priceTId=2100c82617471427006431923e0c0b&utparam=%7B%22aplus_abtest%22%3A%22312b6c24b021cdafe7aeb72524a30fc1%22%7D&id=874450301339&ns=1&abbucket=15&xxc=taobaoSearch&detail_redpacket_pop=true&query=%E5%AE%9E%E6%9C%A8%E6%A4%85&mi_id=nWHr-bzAyNQMeZybtWizbsmwo5lzL86yx1yEH1rjBbrySSZRWIvB4QsL8rEz13vjKFpLuzelK5lPs8g9k8QHZ3RrMMDckB5oGTLt6yx8HI4&skuId=5789533064977&spm=a21n57.1.item.10,1396_aug3,0,0,0,0
1,0,老式木椅村手工吃餐椅儿童家店椅鞋凳家用靠背子,淘寶,實木,30×30×60,32.4,8428.0,2378.0,2.0,48.1,4344.0,5.099,https://detail.tmall.com/item.htm?priceTId=2100c82617471427006431923e0c0b&utparam=%7B%22aplus_abtest%22%3A%22312b6c24b021cdafe7aeb72524a30fc1%22%7D&id=874450301339&ns=1&abbucket=15&xxc=taobaoSearch&detail_redpacket_pop=true&query=%E5%AE%9E%E6%9C%A8%E6%A4%85&mi_id=nWHr-bzAyNQMeZybtWizbsmwo5lzL86yx1yEH1rjBbrySSZRWIvB4QsL8rEz13vjKFpLuzelK5lPs8g9k8QHZ3RrMMDckB5oGTLt6yx8HI4&skuId=5789533064977&spm=a21n57.1.item.10,1396_aug4,0,0,0,0
0,0,藤折椅子木餐椅家用网侘寂日式休原木靠背吃椅,淘寶,實木,45×50×85,43.6,4944.0,2555.0,3.0,45.0,6145.0,4.966,https://item.taobao.com/item.htm?priceTId=2100c82617471427006431923e0c0b&utparam=%7B%22aplus_abtest%22%3A%2299d02d4d5615bcc2e5e81c6b196025ea%22%7D&id=743223247662&ns=1&abbucket=15&xxc=taobaoSearch&detail_redpacket_pop=true&query=%E5%AE%9E%E6%9C%A8%E6%A4%85&mi_id=thJUM0pHLo_kQIQI97BKd7hrs-cIqRNIHLgG-wp7U-76mhiUIl_KPbqMgqY-HlFFuoV5WIvVv_zhsCpZMjqNPgeLfzIrnQWyR8IcGVLIrA0&skuId=5693596003056&spm=a21n57.1.item.29,1405_aug1,0,0,0,0
0,0,藤折椅子木餐椅家用网侘寂日式休原木靠背吃椅,淘寶,實木,45×50×85,44.1,4854.0,2399.0,3.0,41.8,6424.0,5.01,https://item.taobao.com/item.htm?priceTId=2100c82617471427006431923e0c0b&utparam=%7B%22aplus_abtest%22%3A%2299d02d4d5615bcc2e5e81c6b196025ea%22%7D&id=743223247662&ns=1&abbucket=15&xxc=taobaoSearch&detail_redpacket_pop=true&query=%E5%AE%9E%E6%9C%A8%E6%A4%85&mi_id=thJUM0pHLo_kQIQI97BKd7hrs-cIqRNIHLgG-wp7U-76mhiUIl_KPbqMgqY-HlFFuoV5WIvVv_zhsCpZMjqNPgeLfzIrnQWyR8IcGVLIrA0&skuId=5693596003056&spm=a21n57.1.item.29,1405_aug2,0,0,0,0
0,0,藤折椅子木餐椅家用网侘寂日式休原木靠背吃椅,淘寶,實木,45×50×85,37.8,4042.0,2517.0,3.0,49.4,6082.0,4.944,https://item.taobao.com/item.htm?priceTId=2100c82617471427006431923e0c0b&utparam=%7B%22aplus_abtest%22%3A%2299d02d4d5615bcc2e5e81c6b196025ea%22%7D&id=743223247662&ns=1&abbucket=15&xxc=taobaoSearch&detail_redpacket_pop=true&query=%E5%AE%9E%E6%9C%A8%E6%A4%85&mi_id=thJUM0pHLo_kQIQI97BKd7hrs-cIqRNIHLgG-wp7U-76mhiUIl_KPbqMgqY-HlFFuoV5WIvVv_zhsCpZMjqNPgeLfzIrnQWyR8IcGVLIrA0&skuId=5693596003056&spm=a21n57.1.item.29,1405_aug3,0,0,0,0
0,0,藤折椅子木餐椅家用网侘寂日式休原木靠背吃椅,淘寶,實木,45×50×85,38.1,4340.0,2569.0,3.0,51.6,6865.0,5.099,https://item.taobao.com/item.htm?priceTId=2100c82617471427006431923e0c0b&utparam=%7B%22aplus_abtest%22%3A%2299d02d4d5615bcc2e5e81c6b196025ea%22%7D&id=743223247662&ns=1&abbucket=15&xxc=taobaoSearch&detail_redpacket_pop=true&query=%E5%AE%9E%E6%9C%A8%E6%A4%85&mi_id=thJUM0pHLo_kQIQI97BKd7hrs-cIqRNIHLgG-wp7U-76mhiUIl_KPbqMgqY-HlFFuoV5WIvVv_zhsCpZMjqNPgeLfzIrnQWyR8IcGVLIrA0&skuId=5693596003056&spm=a21n57.1.item.29,1405_aug4,0,0,0,0
0,0,木吧台椅子家用代商用收酒吧椅北原木靠背高凳,淘寶,實木,看不出具體尺寸，建議估計 38×38×80,34.8,3645.0,1399.0,2.0,59.6,2381.0,4.903,https://item.taobao.com/item.htm?priceTId=2100c82617471427006431923e0c0b&utparam=%7B%22aplus_abtest%22%3A%22f1ad622dc88b103d8e7bef6b13ad0bde%22%7D&id=780932232854&ns=1&abbucket=15&xxc=taobaoSearch&detail_redpacket_pop=true&query=%E5%AE%9E%E6%9C%A8%E6%A4%85&mi_id=Qm89hN3DoR8PLHuXJhzN8WV9eqDLLyOuxpraQo7mtb1_PWjz3-jNKAAoYsL9CAVdeGFxMmUkmk8dILclPJs9iiBKM6NV5AqxIhGkaLU6hIQ&skuId=5335775617881&spm=a21n57.1.item.41,1409_aug1,0,0,0,0
0,0,木吧台椅子家用代商用收酒吧椅北原木靠背高凳,淘寶,實木,看不出具體尺寸，建議估計 38×38×80,35.5,2793.0,1351.0,2.0,72.0,2157.0,5.08,https://item.taobao.com/item.htm?priceTId=2100c82617471427006431923e0c0b&utparam=%7B%22aplus_abtest%22%3A%22f1ad622dc88b103d8e7bef6b13ad0bde%22%7D&id=780932232854&ns=1&abbucket=15&xxc=taobaoSearch&detail_redpacket_pop=true&query=%E5%AE%9E%E6%9C%A8%E6%A4%85&mi_id=Qm89hN3DoR8PLHuXJhzN8WV9eqDLLyOuxpraQo7mtb1_PWjz3-jNKAAoYsL9CAVdeGFxMmUkmk8dILclPJs9iiBKM6NV5AqxIhGkaLU6hIQ&skuId=5335775617881&spm=a21n57.1.item.41,1409_aug2,0,0,0,0
0,0,木吧台椅子家用代商用收酒吧椅北原木靠背高凳,淘寶,實木,看不出具體尺寸，建議估計 38×38×80,37.0,3652.0,1448.0,2.0,66.5,2090.0,5.069,https://item.taobao.com/item.htm?priceTId=2100c82617471427006431923e0c0b&utparam=%7B%22aplus_abtest%22%3A%22f1ad622dc88b103d8e7bef6b13ad0bde%22%7D&id=780932232854&ns=1&abbucket=15&xxc=taobaoSearch&detail_redpacket_pop=true&query=%E5%AE%9E%E6%9C%A8%E6%A4%85&mi_id=Qm89hN3DoR8PLHuXJhzN8WV9eqDLLyOuxpraQo7mtb1_PWjz3-jNKAAoYsL9CAVdeGFxMmUkmk8dILclPJs9iiBKM6NV5AqxIhGkaLU6hIQ&skuId=5335775617881&spm=a21n57.1.item.41,1409_aug3,0,0,0,0
0,0,木吧台椅子家用代商用收酒吧椅北原木靠背高凳,淘寶,實木,看不出具體尺寸，建議估計 38×38×80,36.5,3489.0,1568.0,2.0,67.9,1911.0,5.017,https://item.taobao.com/item.htm?priceTId=2100c82617471427006431923e0c0b&utparam=%7B%22aplus_abtest%22%3A%22f1ad622dc88b103d8e7bef6b13ad0bde%22%7D&id=780932232854&ns=1&abbucket=15&xxc=taobaoSearch&detail_redpacket_pop=true&query=%E5%AE%9E%E6%9C%A8%E6%A4%85&mi_id=Qm89hN3DoR8PLHuXJhzN8WV9eqDLLyOuxpraQo7mtb1_PWjz3-jNKAAoYsL9CAVdeGFxMmUkmk8dILclPJs9iiBKM6NV5AqxIhGkaLU6hIQ&skuId=5335775617881&spm=a21n57.1.item.41,1409_aug4,0,0,0,0
0,1,木餐椅家用代客餐桌椅子可放店餐椅子凳子,淘寶,實木,42×42×45,47.4,5171.0,1190.0,2.0,39.3,6980.0,5.064,https://detail.tmall.com/item.htm?priceTId=2100c88517471430482644080e0bf3&utparam=%7B%22aplus_abtest%22%3A%2212a7020dd82c25ceadc00529feab6a2c%22%7D&id=727259133680&ns=1&abbucket=15&xxc=taobaoSearch&detail_redpacket_pop=true&query=%E5%AE%9E%E6%9C%A8%E6%A4%85&mi_id=sBM2sm1j0aHXcvV5MLLEdf0krS0yFHlhixIZkBIzztSLsNJm6nBkvDG7h0pxydAQ05iWkmBHZw33jXnihfwYRfK2JOYl_IoiAnR9FFOkmsg&skuId=5303305322563&spm=a21n57.1.item.5,1416_aug1,0,0,0,0
0,1,木餐椅家用代客餐桌椅子可放店餐椅子凳子,淘寶,實木,42×42×45,49.6,4820.0,1550.0,2.0,39.4,6246.0,5.07,https://detail.tmall.com/item.htm?priceTId=2100c88517471430482644080e0bf3&utparam=%7B%22aplus_abtest%22%3A%2212a7020dd82c25ceadc00529feab6a2c%22%7D&id=727259133680&ns=1&abbucket=15&xxc=taobaoSearch&detail_redpacket_pop=true&query=%E5%AE%9E%E6%9C%A8%E6%A4%85&mi_id=sBM2sm1j0aHXcvV5MLLEdf0krS0yFHlhixIZkBIzztSLsNJm6nBkvDG7h0pxydAQ05iWkmBHZw33jXnihfwYRfK2JOYl_IoiAnR9FFOkmsg&skuId=5303305322563&spm=a21n57.1.item.5,1416_aug2,0,0,0,0
0,1,木餐椅家用代客餐桌椅子可放店餐椅子凳子,淘寶,實木,42×42×45,48.1,4768.0,1318.0,2.0,51.2,6258.0,5.055,https://detail.tmall.com/item.htm?priceTId=2100c88517471430482644080e0bf3&utparam=%7B%22aplus_abtest%22%3A%2212a7020dd82c25ceadc00529feab6a2c%22%7D&id=727259133680&ns=1&abbucket=15&xxc=taobaoSearch&detail_redpacket_pop=true&query=%E5%AE%9E%E6%9C%A8%E6%A4%85&mi_id=sBM2sm1j0aHXcvV5MLLEdf0krS0yFHlhixIZkBIzztSLsNJm6nBkvDG7h0pxydAQ05iWkmBHZw33jXnihfwYRfK2JOYl_IoiAnR9FFOkmsg&skuId=5303305322563&spm=a21n57.1.item.5,1416_aug3,0,0,0,0
0,1,木餐椅家用代客餐桌椅子可放店餐椅子凳子,淘寶,實木,42×42×45,42.4,3878.0,1486.0,2.0,48.0,7649.0,5.007,https://detail.tmall.com/item.htm?priceTId=2100c88517471430482644080e0bf3&utparam=%7B%22aplus_abtest%22%3A%2212a7020dd82c25ceadc00529feab6a2c%22%7D&id=727259133680&ns=1&abbucket=15&xxc=taobaoSearch&detail_redpacket_pop=true&query=%E5%AE%9E%E6%9C%A8%E6%A4%85&mi_id=sBM2sm1j0aHXcvV5MLLEdf0krS0yFHlhixIZkBIzztSLsNJm6nBkvDG7h0pxydAQ05iWkmBHZw33jXnihfwYRfK2JOYl_IoiAnR9FFOkmsg&skuId=5303305322563&spm=a21n57.1.item.5,1416_aug4,0,0,0,0
1,0,木折椅子家用凳子小型餐椅不占空麻椅便公室椅,淘寶,實木,40×45×85,43.3,7375.0,1685.0,2.0,46.2,3458.0,5.08,https://item.taobao.com/item.htm?priceTId=2100c88517471430482644080e0bf3&utparam=%7B%22aplus_abtest%22%3A%2272bf5b1876ff1a6081ceb0a18460bcc4%22%7D&id=535830860344&ns=1&abbucket=15&xxc=taobaoSearch&detail_redpacket_pop=true&query=%E5%AE%9E%E6%9C%A8%E6%A4%85&mi_id=17rt_i4FWcKZeMZVqya2Z6i6iQcPomOy4N0AI7FaFlhcMqqz1Ed3QRWCc47OAvvLWiwaccW2XZYuxWvOO3T4V_vZxLwZUdmgtg5eC0nYVWw&skuId=5139706377843&spm=a21n57.1.item.18,1420_aug1,0,0,0,0
1,0,木折椅子家用凳子小型餐椅不占空麻椅便公室椅,淘寶,實木,40×45×85,40.5,7996.0,2007.0,2.0,45.1,3948.0,4.99,https://item.taobao.com/item.htm?priceTId=2100c88517471430482644080e0bf3&utparam=%7B%22aplus_abtest%22%3A%2272bf5b1876ff1a6081ceb0a18460bcc4%22%7D&id=535830860344&ns=1&abbucket=15&xxc=taobaoSearch&detail_redpacket_pop=true&query=%E5%AE%9E%E6%9C%A8%E6%A4%85&mi_id=17rt_i4FWcKZeMZVqya2Z6i6iQcPomOy4N0AI7FaFlhcMqqz1Ed3QRWCc47OAvvLWiwaccW2XZYuxWvOO3T4V_vZxLwZUdmgtg5eC0nYVWw&skuId=5139706377843&spm=a21n57.1.item.18,1420_aug2,0,0,0,0
1,0,木折椅子家用凳子小型餐椅不占空麻椅便公室椅,淘寶,實木,40×45×85,44.7,7822.0,1598.0,2.0,51.7,4166.0,5.057,https://item.taobao.com/item.htm?priceTId=2100c88517471430482644080e0bf3&utparam=%7B%22aplus_abtest%22%3A%2272bf5b1876ff1a6081ceb0a18460bcc4%22%7D&id=535830860344&ns=1&abbucket=15&xxc=taobaoSearch&detail_redpacket_pop=true&query=%E5%AE%9E%E6%9C%A8%E6%A4%85&mi_id=17rt_i4FWcKZeMZVqya2Z6i6iQcPomOy4N0AI7FaFlhcMqqz1Ed3QRWCc47OAvvLWiwaccW2XZYuxWvOO3T4V_vZxLwZUdmgtg5eC0nYVWw&skuId=5139706377843&spm=a21n57.1.item.18,1420_aug3,0,0,0,0
1,0,木折椅子家用凳子小型餐椅不占空麻椅便公室椅,淘寶,實木,40×45×85,43.2,6877.0,1731.0,2.0,45.0,4136.0,5.043,https://item.taobao.com/item.htm?priceTId=2100c88517471430482644080e0bf3&utparam=%7B%22aplus_abtest%22%3A%2272bf5b1876ff1a6081ceb0a18460bcc4%22%7D&id=535830860344&ns=1&abbucket=15&xxc=taobaoSearch&detail_redpacket_pop=true&query=%E5%AE%9E%E6%9C%A8%E6%A4%85&mi_id=17rt_i4FWcKZeMZVqya2Z6i6iQcPomOy4N0AI7FaFlhcMqqz1Ed3QRWCc47OAvvLWiwaccW2XZYuxWvOO3T4V_vZxLwZUdmgtg5eC0nYVWw&skuId=5139706377843&spm=a21n57.1.item.18,1420_aug4,0,0,0,0
1,0,木餐椅商用原木扶手椅子餐咖啡椅子凳子家用靠背椅餐桌椅,淘寶,實木,45×50×90,48.7,3726.0,2012.0,2.0,45.1,5716.0,5.014,https://item.taobao.com/item.htm?priceTId=2100c88517471430482644080e0bf3&utparam=%7B%22aplus_abtest%22%3A%220e70fd1088892c931489e639153ac516%22%7D&id=818400593573&ns=1&abbucket=15&xxc=taobaoSearch&detail_redpacket_pop=true&query=%E5%AE%9E%E6%9C%A8%E6%A4%85&mi_id=SKAqMhejO_cPRZILnTuIXPupFJ5cAYoTUL2_shG9bci4uPFidcen22k3MULFPQXuQNdVdAaosGaJRCirhhWaIRH0otfjbdI_AbzjPwZpR_M&skuId=5519315248292&spm=a21n57.1.item.26,1424_aug1,0,0,0,0
1,0,木餐椅商用原木扶手椅子餐咖啡椅子凳子家用靠背椅餐桌椅,淘寶,實木,45×50×90,39.0,4012.0,2161.0,2.0,44.0,5612.0,5.081,https://item.taobao.com/item.htm?priceTId=2100c88517471430482644080e0bf3&utparam=%7B%22aplus_abtest%22%3A%220e70fd1088892c931489e639153ac516%22%7D&id=818400593573&ns=1&abbucket=15&xxc=taobaoSearch&detail_redpacket_pop=true&query=%E5%AE%9E%E6%9C%A8%E6%A4%85&mi_id=SKAqMhejO_cPRZILnTuIXPupFJ5cAYoTUL2_shG9bci4uPFidcen22k3MULFPQXuQNdVdAaosGaJRCirhhWaIRH0otfjbdI_AbzjPwZpR_M&skuId=5519315248292&spm=a21n57.1.item.26,1424_aug2,0,0,0,0
1,0,木餐椅商用原木扶手椅子餐咖啡椅子凳子家用靠背椅餐桌椅,淘寶,實木,45×50×90,40.7,4218.0,2537.0,2.0,50.1,5325.0,4.999,https://item.taobao.com/item.htm?priceTId=2100c88517471430482644080e0bf3&utparam=%7B%22aplus_abtest%22%3A%220e70fd1088892c931489e639153ac516%22%7D&id=818400593573&ns=1&abbucket=15&xxc=taobaoSearch&detail_redpacket_pop=true&query=%E5%AE%9E%E6%9C%A8%E6%A4%85&mi_id=SKAqMhejO_cPRZILnTuIXPupFJ5cAYoTUL2_shG9bci4uPFidcen22k3MULFPQXuQNdVdAaosGaJRCirhhWaIRH0otfjbdI_AbzjPwZpR_M&skuId=5519315248292&spm=a21n57.1.item.26,1424_aug3,0,0,0,0
1,0,木餐椅商用原木扶手椅子餐咖啡椅子凳子家用靠背椅餐桌椅,淘寶,實木,45×50×90,44.4,3410.0,2212.0,2.0,47.3,6789.0,4.917,https://item.taobao.com/item.htm?priceTId=2100c88517471430482644080e0bf3&utparam=%7B%22aplus_abtest%22%3A%220e70fd1088892c931489e639153ac516%22%7D&id=818400593573&ns=1&abbucket=15&xxc=taobaoSearch&detail_redpacket_pop=true&query=%E5%AE%9E%E6%9C%A8%E6%A4%85&mi_id=SKAqMhejO_cPRZILnTuIXPupFJ5cAYoTUL2_shG9bci4uPFidcen22k3MULFPQXuQNdVdAaosGaJRCirhhWaIRH0otfjbdI_AbzjPwZpR_M&skuId=5519315248292&spm=a21n57.1.item.26,1424_aug4,0,0,0,0
1,0,木小椅子儿童木凳家用靠背鞋客板凳包皮矮凳吃餐椅,淘寶,實木,30×30×60,28.4,4424.0,2546.0,5.0,44.2,1738.0,4.538,https://item.taobao.com/item.htm?priceTId=2100c88517471430482644080e0bf3&utparam=%7B%22aplus_abtest%22%3A%220cbc02f4f2dba8f52d9c7190f55132a6%22%7D&id=708551874573&ns=1&abbucket=15&xxc=taobaoSearch&detail_redpacket_pop=true&query=%E5%AE%9E%E6%9C%A8%E6%A4%85&mi_id=10aHUqpAB4_KuwtSbIEJt5tT9gQyLO5cPvuaTuVB3kaOJKSQzBdHlmDR9qfmuGSds6zwUNNvxxZZym4kH98WaE4wk0y37zzBz7KciefeZek&skuId=5624908685907&spm=a21n57.1.item.27,1425_aug1,0,1,0,0
1,0,木小椅子儿童木凳家用靠背鞋客板凳包皮矮凳吃餐椅,淘寶,實木,30×30×60,33.5,4519.0,2644.0,4.0,41.2,1864.0,4.488,https://item.taobao.com/item.htm?priceTId=2100c88517471430482644080e0bf3&utparam=%7B%22aplus_abtest%22%3A%220cbc02f4f2dba8f52d9c7190f55132a6%22%7D&id=708551874573&ns=1&abbucket=15&xxc=taobaoSearch&detail_redpacket_pop=true&query=%E5%AE%9E%E6%9C%A8%E6%A4%85&mi_id=10aHUqpAB4_KuwtSbIEJt5tT9gQyLO5cPvuaTuVB3kaOJKSQzBdHlmDR9qfmuGSds6zwUNNvxxZZym4kH98WaE4wk0y37zzBz7KciefeZek&skuId=5624908685907&spm=a21n57.1.item.27,1425_aug2,0,1,0,0
1,0,木小椅子儿童木凳家用靠背鞋客板凳包皮矮凳吃餐椅,淘寶,實木,30×30×60,33.9,4529.0,2343.0,5.0,43.4,2100.0,4.489,https://item.taobao.com/item.htm?priceTId=2100c88517471430482644080e0bf3&utparam=%7B%22aplus_abtest%22%3A%220cbc02f4f2dba8f52d9c7190f55132a6%22%7D&id=708551874573&ns=1&abbucket=15&xxc=taobaoSearch&detail_redpacket_pop=true&query=%E5%AE%9E%E6%9C%A8%E6%A4%85&mi_id=10aHUqpAB4_KuwtSbIEJt5tT9gQyLO5cPvuaTuVB3kaOJKSQzBdHlmDR9qfmuGSds6zwUNNvxxZZym4kH98WaE4wk0y37zzBz7KciefeZek&skuId=5624908685907&spm=a21n57.1.item.27,1425_aug3,0,1,0,0
1,0,木小椅子儿童木凳家用靠背鞋客板凳包皮矮凳吃餐椅,淘寶,實木,30×30×60,29.0,4587.0,2381.0,4.0,38.6,1874.0,4.426,https://item.taobao.com/item.htm?priceTId=2100c88517471430482644080e0bf3&utparam=%7B%22aplus_abtest%22%3A%220cbc02f4f2dba8f52d9c7190f55132a6%22%7D&id=708551874573&ns=1&abbucket=15&xxc=taobaoSearch&detail_redpacket_pop=true&query=%E5%AE%9E%E6%9C%A8%E6%A4%85&mi_id=10aHUqpAB4_KuwtSbIEJt5tT9gQyLO5cPvuaTuVB3kaOJKSQzBdHlmDR9qfmuGSds6zwUNNvxxZZym4kH98WaE4wk0y37zzBz7KciefeZek&skuId=5624908685907&spm=a21n57.1.item.27,1425_aug4,0,1,0,0
1,0,木凳子小板凳靠背椅子小木凳休椅儿童椅小凳子家用木凳子,淘寶,實木,30×30×45,42.8,1461.0,2748.0,2.0,33.2,3365.0,4.062,https://item.taobao.com/item.htm?priceTId=2100c88517471430482644080e0bf3&utparam=%7B%22aplus_abtest%22%3A%220ec790abc829c155251f96affe689329%22%7D&id=889692663403&ns=1&abbucket=15&xxc=taobaoSearch&detail_redpacket_pop=true&query=%E5%AE%9E%E6%9C%A8%E6%A4%85&mi_id=tJvqLJeak2U5p-6_DAxpOFrKxzZiI7OyAhc1IOLZs4cJeYUSKl7xVubLkD7CV5UG91kuQOUWd9szOBP1Lzjqs3PG94M_N-VkcCyhHpD8Y9c&skuId=5903790439655&spm=a21n57.1.item.32,1427_aug1,0,0,0,0
1,0,木凳子小板凳靠背椅子小木凳休椅儿童椅小凳子家用木凳子,淘寶,實木,30×30×45,43.6,1310.0,2508.0,2.0,34.3,3210.0,3.975,https://item.taobao.com/item.htm?priceTId=2100c88517471430482644080e0bf3&utparam=%7B%22aplus_abtest%22%3A%220ec790abc829c155251f96affe689329%22%7D&id=889692663403&ns=1&abbucket=15&xxc=taobaoSearch&detail_redpacket_pop=true&query=%E5%AE%9E%E6%9C%A8%E6%A4%85&mi_id=tJvqLJeak2U5p-6_DAxpOFrKxzZiI7OyAhc1IOLZs4cJeYUSKl7xVubLkD7CV5UG91kuQOUWd9szOBP1Lzjqs3PG94M_N-VkcCyhHpD8Y9c&skuId=5903790439655&spm=a21n57.1.item.32,1427_aug2,0,0,0,0
1,0,木凳子小板凳靠背椅子小木凳休椅儿童椅小凳子家用木凳子,淘寶,實木,30×30×45,42.6,1178.0,2312.0,2.0,28.1,3996.0,3.974,https://item.taobao.com/item.htm?priceTId=2100c88517471430482644080e0bf3&utparam=%7B%22aplus_abtest%22%3A%220ec790abc829c155251f96affe689329%22%7D&id=889692663403&ns=1&abbucket=15&xxc=taobaoSearch&detail_redpacket_pop=true&query=%E5%AE%9E%E6%9C%A8%E6%A4%85&mi_id=tJvqLJeak2U5p-6_DAxpOFrKxzZiI7OyAhc1IOLZs4cJeYUSKl7xVubLkD7CV5UG91kuQOUWd9szOBP1Lzjqs3PG94M_N-VkcCyhHpD8Y9c&skuId=5903790439655&spm=a21n57.1.item.32,1427_aug3,0,0,0,0
1,0,木凳子小板凳靠背椅子小木凳休椅儿童椅小凳子家用木凳子,淘寶,實木,30×30×45,39.9,1409.0,2966.0,2.0,28.0,4110.0,3.949,https://item.taobao.com/item.htm?priceTId=2100c88517471430482644080e0bf3&utparam=%7B%22aplus_abtest%22%3A%220ec790abc829c155251f96affe689329%22%7D&id=889692663403&ns=1&abbucket=15&xxc=taobaoSearch&detail_redpacket_pop=true&query=%E5%AE%9E%E6%9C%A8%E6%A4%85&mi_id=tJvqLJeak2U5p-6_DAxpOFrKxzZiI7OyAhc1IOLZs4cJeYUSKl7xVubLkD7CV5UG91kuQOUWd9szOBP1Lzjqs3PG94M_N-VkcCyhHpD8Y9c&skuId=5903790439655&spm=a21n57.1.item.32,1427_aug4,0,0,0,0
1,0,EKEDALEN,IKEA,實心橡膠木/染色/壓克力亮光漆/65%聚酯纖維/35%棉,45×51×95,47.2,1950.0,1983.0,6.0,52.5,4781.0,5.778,-,1437_aug1,0,0,0,0
1,0,EKEDALEN,IKEA,實心橡膠木/染色/壓克力亮光漆/65%聚酯纖維/35%棉,45×51×95,43.4,2363.0,1973.0,5.0,50.3,4554.0,5.785,-,1437_aug2,0,0,0,0
1,0,EKEDALEN,IKEA,實心橡膠木/染色/壓克力亮光漆/65%聚酯纖維/35%棉,45×51×95,48.9,2042.0,1680.0,4.0,52.4,5653.0,5.909,-,1437_aug3,0,0,0,0
1,0,EKEDALEN,IKEA,實心橡膠木/染色/壓克力亮光漆/65%聚酯纖維/35%棉,45×51×95,50.1,2146.0,1634.0,6.0,49.3,5337.0,5.842,-,1437_aug4,0,0,0,0
1,0,EKEDALEN,IKEA,實心木材/壓克力漆/65%聚酯纖維/35%棉,45×51×95,51.9,1804.0,1608.0,5.0,53.7,5343.0,5.78,-,1438_aug1,0,0,0,0
1,0,EKEDALEN,IKEA,實心木材/壓克力漆/65%聚酯纖維/35%棉,45×51×95,45.0,2266.0,1882.0,5.0,45.0,5708.0,5.812,-,1438_aug2,0,0,0,0
1,0,EKEDALEN,IKEA,實心木材/壓克力漆/65%聚酯纖維/35%棉,45×51×95,51.1,1934.0,1673.0,6.0,41.5,5081.0,5.796,-,1438_aug3,0,0,0,0
1,0,EKEDALEN,IKEA,實心木材/壓克力漆/65%聚酯纖維/35%棉,45×51×95,50.5,1977.0,1607.0,6.0,49.0,4462.0,5.729,-,1438_aug4,0,0,0,0
1,0,EKEDALEN,IKEA,實心木材/黏著劑/印刷壓克力漆/65%聚酯纖維/35%棉,45×51×95,54.0,1922.0,1813.0,5.0,53.6,5449.0,5.341,-,1439_aug1,0,0,0,0
1,0,EKEDALEN,IKEA,實心木材/黏著劑/印刷壓克力漆/65%聚酯纖維/35%棉,45×51×95,40.1,2356.0,1726.0,6.0,47.9,5357.0,5.228,-,1439_aug2,0,0,0,0
1,0,EKEDALEN,IKEA,實心木材/黏著劑/印刷壓克力漆/65%聚酯纖維/35%棉,45×51×95,50.5,2012.0,1677.0,4.0,42.9,4585.0,5.283,-,1439_aug3,0,0,0,0
1,0,EKEDALEN,IKEA,實心木材/黏著劑/印刷壓克力漆/65%聚酯纖維/35%棉,45×51×95,52.5,2031.0,1873.0,4.0,49.3,5035.0,5.422,-,1439_aug4,0,0,0,0
1,0,HAUGA,IKEA,-,40×41×87,46.4,1657.0,1775.0,4.0,45.8,4416.0,3.419,-,1440_aug1,0,0,0,0
1,0,HAUGA,IKEA,-,40×41×87,38.5,1790.0,1635.0,4.0,45.2,4434.0,3.472,-,1440_aug2,0,0,0,0
1,0,HAUGA,IKEA,-,40×41×87,46.2,1883.0,1675.0,4.0,48.4,4539.0,3.394,-,1440_aug3,0,0,0,0
1,0,HAUGA,IKEA,-,40×41×87,36.6,1589.0,1627.0,5.0,44.1,5406.0,3.467,-,1440_aug4,0,0,0,0
1,0,HAUGA,IKEA,-,40×49×87,38.3,1457.0,1663.0,4.0,51.7,4847.0,3.495,-,1441_aug1,0,0,0,0
1,0,HAUGA,IKEA,-,40×49×87,40.5,1775.0,1688.0,3.0,39.3,4334.0,3.422,-,1441_aug2,0,0,0,0
1,0,HAUGA,IKEA,-,40×49×87,45.1,1515.0,1692.0,4.0,49.0,5515.0,3.478,-,1441_aug3,0,0,0,0
1,0,HAUGA,IKEA,-,40×49×87,42.3,1571.0,1792.0,4.0,42.2,4582.0,3.464,-,1441_aug4,0,0,0,0
1,0,INGOLF,IKEA,實心松木/黏著劑/染色/壓克力亮光漆,40×53×91,48.6,1924.0,1593.0,4.0,50.6,5074.0,4.065,-,1442_aug1,0,0,0,0
1,0,INGOLF,IKEA,實心松木/黏著劑/染色/壓克力亮光漆,40×53×91,47.2,1670.0,1454.0,4.0,41.3,4674.0,4.144,-,1442_aug2,0,0,0,0
1,0,INGOLF,IKEA,實心松木/黏著劑/染色/壓克力亮光漆,40×53×91,46.4,1831.0,1727.0,5.0,39.8,5569.0,4.094,-,1442_aug3,0,0,0,0
1,0,INGOLF,IKEA,實心松木/黏著劑/染色/壓克力亮光漆,40×53×91,41.1,1728.0,1625.0,4.0,41.5,5115.0,4.11,-,1442_aug4,0,0,0,0
1,0,INGOLF,IKEA,實心松木/染色/壓克力亮光漆/75%棉/25%聚酯纖維,43×53×91,43.3,2098.0,1815.0,6.0,53.7,4417.0,4.803,-,1444_aug1,0,0,0,0
1,0,INGOLF,IKEA,實心松木/染色/壓克力亮光漆/75%棉/25%聚酯纖維,43×53×91,42.4,1949.0,1697.0,6.0,41.7,4562.0,4.969,-,1444_aug2,0,0,0,0
1,0,INGOLF,IKEA,實心松木/染色/壓克力亮光漆/75%棉/25%聚酯纖維,43×53×91,48.9,1991.0,1714.0,6.0,42.8,4953.0,4.938,-,1444_aug3,0,0,0,0
1,0,INGOLF,IKEA,實心松木/染色/壓克力亮光漆/75%棉/25%聚酯纖維,43×53×91,44.5,1619.0,1856.0,7.0,43.6,5239.0,4.983,-,1444_aug4,0,0,0,0
1,0,INGOLF,IKEA,實心木材/壓克力漆/80%棉/20%聚酯纖維,40×53×91,38.7,1762.0,1575.0,6.0,51.7,4881.0,5.679,-,1445_aug1,0,0,0,0
1,0,INGOLF,IKEA,實心木材/壓克力漆/80%棉/20%聚酯纖維,40×53×91,38.3,1519.0,1552.0,6.0,42.8,5284.0,5.823,-,1445_aug2,0,0,0,0
1,0,INGOLF,IKEA,實心木材/壓克力漆/80%棉/20%聚酯纖維,40×53×91,40.8,1813.0,1685.0,6.0,44.7,5243.0,5.89,-,1445_aug3,0,0,0,0
1,0,INGOLF,IKEA,實心木材/壓克力漆/80%棉/20%聚酯纖維,40×53×91,43.0,1703.0,1579.0,5.0,47.7,4802.0,5.692,-,1445_aug4,0,0,0,0
1,0,KTTIL,IKEA,實心木材/壓克力漆/100%聚酯纖維/PU泡棉,46×52×89,42.6,1683.0,1741.0,6.0,39.4,5555.0,4.951,-,1446_aug1,0,0,0,0
1,0,KTTIL,IKEA,實心木材/壓克力漆/100%聚酯纖維/PU泡棉,46×52×89,39.2,2001.0,1674.0,7.0,45.1,4711.0,4.909,-,1446_aug2,0,0,0,0
1,0,KTTIL,IKEA,實心木材/壓克力漆/100%聚酯纖維/PU泡棉,46×52×89,38.2,1713.0,1938.0,7.0,46.0,5013.0,4.869,-,1446_aug3,0,0,0,0
1,0,KTTIL,IKEA,實心木材/壓克力漆/100%聚酯纖維/PU泡棉,46×52×89,42.2,1914.0,1794.0,7.0,48.6,5383.0,4.846,-,1446_aug4,0,0,0,0
1,0,LISABO,IKEA,實心樺木/染色/壓克力亮光漆/梣木貼皮,46×51×80,34.1,1549.0,1735.0,4.0,50.3,5360.0,4.866,-,1447_aug1,0,0,0,0
1,0,LISABO,IKEA,實心樺木/染色/壓克力亮光漆/梣木貼皮,46×51×80,37.2,1837.0,1786.0,5.0,40.4,4382.0,4.805,-,1447_aug2,0,0,0,0
1,0,LISABO,IKEA,實心樺木/染色/壓克力亮光漆/梣木貼皮,46×51×80,40.1,1570.0,1568.0,4.0,47.0,4781.0,4.831,-,1447_aug3,0,0,0,0
1,0,LISABO,IKEA,實心樺木/染色/壓克力亮光漆/梣木貼皮,46×51×80,40.0,1802.0,1609.0,4.0,43.3,4902.0,4.713,-,1447_aug4,0,0,0,0
1,0,LISABO,IKEA,實心樺木/透明壓克力漆/78%棉/22%聚酯纖維,46×51×80,34.5,1413.0,1955.0,8.0,41.2,5804.0,5.274,-,1448_aug1,0,0,0,0
1,0,LISABO,IKEA,實心樺木/透明壓克力漆/78%棉/22%聚酯纖維,46×51×80,32.2,1423.0,1765.0,7.0,49.8,4444.0,5.255,-,1448_aug2,0,0,0,0
1,0,LISABO,IKEA,實心樺木/透明壓克力漆/78%棉/22%聚酯纖維,46×51×80,29.8,1259.0,1783.0,7.0,46.9,4412.0,5.312,-,1448_aug3,0,0,0,0
1,0,LISABO,IKEA,實心樺木/透明壓克力漆/78%棉/22%聚酯纖維,46×51×80,33.1,1302.0,1761.0,7.0,41.7,5224.0,5.295,-,1448_aug4,0,0,0,0
1,0,LISABO,IKEA,實心樺木/透明壓克力漆/梣木貼皮,46×51×80,37.6,1467.0,1903.0,4.0,51.0,4412.0,4.827,-,1449_aug1,0,0,0,0
1,0,LISABO,IKEA,實心樺木/透明壓克力漆/梣木貼皮,46×51×80,36.0,1488.0,1856.0,4.0,38.5,5227.0,4.828,-,1449_aug2,0,0,0,0
1,0,LISABO,IKEA,實心樺木/透明壓克力漆/梣木貼皮,46×51×80,31.8,1849.0,1920.0,4.0,45.6,4783.0,4.883,-,1449_aug3,0,0,0,0
1,0,LISABO,IKEA,實心樺木/透明壓克力漆/梣木貼皮,46×51×80,39.5,1542.0,1873.0,4.0,43.6,5728.0,4.832,-,1449_aug4,0,0,0,0
1,0,NORDMYRA,IKEA,實心樺木/黏著劑/壓克力漆/層壓膠合塑形木板,46×51×81,35.6,1742.0,1521.0,4.0,50.8,5333.0,4.934,-,1450_aug1,0,0,0,0
1,0,NORDMYRA,IKEA,實心樺木/黏著劑/壓克力漆/層壓膠合塑形木板,46×51×81,33.5,1678.0,1870.0,4.0,40.4,5079.0,4.848,-,1450_aug2,0,0,0,0
1,0,NORDMYRA,IKEA,實心樺木/黏著劑/壓克力漆/層壓膠合塑形木板,46×51×81,32.3,1849.0,1879.0,4.0,48.7,5607.0,4.909,-,1450_aug3,0,0,0,0
1,0,NORDMYRA,IKEA,實心樺木/黏著劑/壓克力漆/層壓膠合塑形木板,46×51×81,31.1,1486.0,1427.0,3.0,42.4,4899.0,4.82,-,1450_aug4,0,0,0,0
1,0,NORDVIKEN,IKEA,實心松木/染色/壓克力亮光漆/層壓膠合塑形木板,44×54×97,45.2,2308.0,1476.0,5.0,38.4,5582.0,4.836,-,1451_aug1,0,0,0,0
1,0,NORDVIKEN,IKEA,實心松木/染色/壓克力亮光漆/層壓膠合塑形木板,44×54×97,55.4,2448.0,1790.0,5.0,51.7,5477.0,4.793,-,1451_aug2,0,0,0,0
1,0,NORDVIKEN,IKEA,實心松木/染色/壓克力亮光漆/層壓膠合塑形木板,44×54×97,49.8,2319.0,1657.0,5.0,47.8,4428.0,4.723,-,1451_aug3,0,0,0,0
1,0,NORDVIKEN,IKEA,實心松木/染色/壓克力亮光漆/層壓膠合塑形木板,44×54×97,51.0,2124.0,1428.0,4.0,43.2,5052.0,4.667,-,1451_aug4,0,0,0,0
1,0,NORRARYD,IKEA,實心木材/黏著劑/染色/壓克力亮光漆/合板,47×51×83,43.1,1928.0,1666.0,4.0,46.4,5107.0,4.719,-,1452_aug1,0,0,0,0
1,0,NORRARYD,IKEA,實心木材/黏著劑/染色/壓克力亮光漆/合板,47×51×83,40.8,1827.0,1722.0,4.0,38.5,5351.0,4.556,-,1452_aug2,0,0,0,0
1,0,NORRARYD,IKEA,實心木材/黏著劑/染色/壓克力亮光漆/合板,47×51×83,33.6,1917.0,1451.0,4.0,50.6,4783.0,4.578,-,1452_aug3,0,0,0,0
1,0,NORRARYD,IKEA,實心木材/黏著劑/染色/壓克力亮光漆/合板,47×51×83,33.5,1588.0,1353.0,4.0,44.1,4790.0,4.668,-,1452_aug4,0,0,0,0
1,0,ODGER,IKEA,塑膠木合成物/聚丙烯塑膠/熱塑性彈性體,45×51×81,42.2,1856.0,1862.0,4.0,45.7,4854.0,5.025,-,1453_aug1,0,0,0,0
1,0,ODGER,IKEA,塑膠木合成物/聚丙烯塑膠/熱塑性彈性體,45×51×81,41.9,1627.0,1689.0,6.0,48.2,4817.0,5.08,-,1453_aug2,0,0,0,0
1,0,ODGER,IKEA,塑膠木合成物/聚丙烯塑膠/熱塑性彈性體,45×51×81,38.9,1830.0,1603.0,5.0,48.8,4701.0,5.194,-,1453_aug3,0,0,0,0
1,0,ODGER,IKEA,塑膠木合成物/聚丙烯塑膠/熱塑性彈性體,45×51×81,43.1,1592.0,1986.0,5.0,46.1,5514.0,5.058,-,1453_aug4,0,0,0,0
1,0,ODGER,IKEA,塑膠木合成物/聚丙烯塑膠/熱塑性彈性體,45×51×81,40.5,1870.0,1767.0,5.0,37.7,5176.0,5.208,-,1454_aug1,0,0,0,0
1,0,ODGER,IKEA,塑膠木合成物/聚丙烯塑膠/熱塑性彈性體,45×51×81,41.7,1677.0,1865.0,5.0,38.7,5035.0,5.103,-,1454_aug2,0,0,0,0
1,0,ODGER,IKEA,塑膠木合成物/聚丙烯塑膠/熱塑性彈性體,45×51×81,38.3,1942.0,1903.0,5.0,38.2,5816.0,5.166,-,1454_aug3,0,0,0,0
1,0,ODGER,IKEA,塑膠木合成物/聚丙烯塑膠/熱塑性彈性體,45×51×81,42.3,1666.0,1846.0,5.0,39.1,5350.0,5.192,-,1454_aug4,0,0,0,0
1,0,RNNINGE,IKEA,-,46×52×79,30.6,1370.0,1971.0,5.0,46.7,5359.0,5.848,-,1455_aug1,0,0,0,0
1,0,RNNINGE,IKEA,-,46×52×79,37.2,1587.0,2044.0,5.0,50.0,4333.0,5.83,-,1455_aug2,0,0,0,0
1,0,RNNINGE,IKEA,-,46×52×79,29.8,1537.0,2055.0,5.0,49.7,4800.0,5.852,-,1455_aug3,0,0,0,0
1,0,RNNINGE,IKEA,-,46×52×79,38.0,1529.0,2000.0,5.0,51.1,5175.0,5.951,-,1455_aug4,0,0,0,0
1,0,SKOGSTA,IKEA,-,42×48×76,27.2,1299.0,1788.0,6.0,38.9,4764.0,4.6,-,1456_aug1,0,0,0,0
1,0,SKOGSTA,IKEA,-,42×48×76,28.0,1392.0,1445.0,5.0,47.2,5035.0,4.654,-,1456_aug2,0,0,0,0
1,0,SKOGSTA,IKEA,-,42×48×76,35.3,1152.0,1696.0,5.0,43.8,4353.0,4.543,-,1456_aug3,0,0,0,0
1,0,SKOGSTA,IKEA,-,42×48×76,29.3,1240.0,1787.0,5.0,51.4,5212.0,4.562,-,1456_aug4,0,0,0,0
1,0,SKOGSTA,IKEA,-,42×48×76,29.4,1232.0,1513.0,5.0,45.4,4888.0,4.545,-,1457_aug1,0,0,0,0
1,0,SKOGSTA,IKEA,-,42×48×76,26.6,1192.0,1408.0,5.0,39.8,5403.0,4.589,-,1457_aug2,0,0,0,0
1,0,SKOGSTA,IKEA,-,42×48×76,27.0,1424.0,1634.0,5.0,50.3,4371.0,4.555,-,1457_aug3,0,0,0,0
1,0,SKOGSTA,IKEA,-,42×48×76,33.3,1384.0,1495.0,4.0,49.8,4779.0,4.554,-,1457_aug4,0,0,0,0
1,0,STEFAN,IKEA,-,42×49×90,45.2,2123.0,1414.0,4.0,46.0,4949.0,3.595,-,1458_aug1,0,0,0,0
1,0,STEFAN,IKEA,-,42×49×90,51.3,1736.0,1463.0,4.0,47.3,4968.0,3.57,-,1458_aug2,0,0,0,0
1,0,STEFAN,IKEA,-,42×49×90,48.3,2045.0,1844.0,4.0,42.2,5274.0,3.548,-,1458_aug3,0,0,0,0
1,0,STEFAN,IKEA,-,42×49×90,46.3,1845.0,1467.0,4.0,47.6,5516.0,3.559,-,1458_aug4,0,0,0,0
1,0,STEFAN,IKEA,-,42×49×90,40.5,1842.0,1779.0,4.0,47.7,5073.0,3.246,-,1459_aug1,0,0,0,0
1,0,STEFAN,IKEA,-,42×49×90,49.0,1654.0,1650.0,4.0,39.2,5066.0,3.28,-,1459_aug2,0,0,0,0
1,0,STEFAN,IKEA,-,42×49×90,47.8,2029.0,1750.0,4.0,46.8,5179.0,3.27,-,1459_aug3,0,0,0,0
1,0,STEFAN,IKEA,-,42×49×90,46.3,2144.0,1487.0,4.0,39.0,4771.0,3.252,-,1459_aug4,0,0,0,0
1,0,YNGVAR,IKEA,鋼質/層壓膠合塑形木板/櫸木貼皮/染色,53×51×71,25.9,1178.0,1784.0,4.0,48.1,4999.0,6.002,-,1461_aug1,0,0,0,0
1,0,YNGVAR,IKEA,鋼質/層壓膠合塑形木板/櫸木貼皮/染色,53×51×71,27.5,1325.0,1697.0,4.0,47.2,4805.0,5.891,-,1461_aug2,0,0,0,0
1,0,YNGVAR,IKEA,鋼質/層壓膠合塑形木板/櫸木貼皮/染色,53×51×71,21.8,1268.0,1694.0,5.0,52.4,5147.0,5.925,-,1461_aug3,0,0,0,0
1,0,YNGVAR,IKEA,鋼質/層壓膠合塑形木板/櫸木貼皮/染色,53×51×71,22.6,1403.0,1394.0,4.0,48.3,4774.0,5.794,-,1461_aug4,0,0,0,0
0,1,-,-,-,-,49.5,4244.0,2243.0,3.0,74.0,1807.0,5.358,-,1463_aug1,0,0,0,0
0,1,-,-,-,-,42.6,4911.0,2328.0,3.0,84.5,2091.0,5.321,-,1463_aug2,0,0,0,0
0,1,-,-,-,-,50.7,4134.0,2576.0,3.0,69.9,1734.0,5.243,-,1463_aug3,0,0,0,0
0,1,-,-,-,-,46.8,4176.0,2341.0,3.0,82.7,1849.0,5.258,-,1463_aug4,0,0,0,0
0,1,-,-,-,-,46.5,5102.0,2716.0,3.0,67.2,4716.0,5.989,-,1464_aug1,0,0,0,0
0,1,-,-,-,-,49.1,4441.0,2849.0,3.0,61.0,4372.0,5.916,-,1464_aug2,0,0,0,0
0,1,-,-,-,-,43.4,4002.0,2868.0,3.0,66.1,4583.0,6.104,-,1464_aug3,0,0,0,0
0,1,-,-,-,-,47.3,5056.0,2947.0,3.0,64.4,4597.0,5.934,-,1464_aug4,0,0,0,0
0,1,-,-,-,-,47.8,3880.0,2234.0,3.0,62.6,5313.0,4.875,-,1465_aug1,0,0,0,0
0,1,-,-,-,-,49.1,4545.0,2276.0,3.0,68.2,4394.0,4.879,-,1465_aug2,0,0,0,0
0,1,-,-,-,-,44.8,4023.0,2866.0,3.0,65.1,5322.0,4.919,-,1465_aug3,0,0,0,0
0,1,-,-,-,-,40.8,4123.0,2231.0,3.0,57.2,5568.0,4.874,-,1465_aug4,0,0,0,0
0,1,-,-,-,-,48.4,4418.0,2802.0,3.0,46.1,5612.0,4.522,-,1466_aug1,0,0,0,0
0,1,-,-,-,-,49.3,4705.0,2522.0,3.0,43.6,5116.0,4.588,-,1466_aug2,0,0,0,0
0,1,-,-,-,-,48.2,4267.0,2834.0,3.0,46.7,4324.0,4.431,-,1466_aug3,0,0,0,0
0,1,-,-,-,-,50.1,4954.0,2422.0,3.0,54.4,5727.0,4.55,-,1466_aug4,0,0,0,0
0,1,-,-,-,-,46.4,4153.0,2601.0,3.0,49.2,4890.0,4.763,-,1467_aug1,0,0,0,0
0,1,-,-,-,-,43.4,4938.0,2452.0,3.0,46.6,4409.0,4.784,-,1467_aug2,0,0,0,0
0,1,-,-,-,-,46.0,4511.0,2844.0,3.0,45.3,5711.0,4.618,-,1467_aug3,0,0,0,0
0,1,-,-,-,-,39.8,4631.0,2468.0,3.0,42.7,4917.0,4.761,-,1467_aug4,0,0,0,0
0,1,-,-,-,-,46.3,5171.0,2803.0,3.0,23.2,4813.0,4.663,-,1468_aug1,0,0,0,0
0,1,-,-,-,-,38.6,4136.0,2895.0,3.0,23.0,4635.0,4.667,-,1468_aug2,0,0,0,0
0,1,-,-,-,-,50.3,4171.0,2519.0,3.0,27.0,5539.0,4.603,-,1468_aug3,0,0,0,0
0,1,-,-,-,-,50.6,4265.0,2315.0,3.0,25.3,5600.0,4.523,-,1468_aug4,0,0,0,0
1,0,-,-,-,-,49.6,4221.0,2701.0,2.0,82.6,4090.0,4.974,-,1469_aug1,0,0,0,0
1,0,-,-,-,-,41.2,4551.0,2839.0,2.0,74.1,3585.0,5.09,-,1469_aug2,0,0,0,0
1,0,-,-,-,-,43.1,3830.0,2799.0,2.0,71.1,4399.0,5.022,-,1469_aug3,0,0,0,0
1,0,-,-,-,-,45.0,4341.0,2890.0,2.0,74.9,3405.0,5.052,-,1469_aug4,0,0,0,0
1,0,-,-,-,-,46.3,4647.0,2363.0,2.0,75.6,3217.0,5.06,-,1470_aug1,0,0,0,0
1,0,-,-,-,-,43.0,4848.0,2220.0,2.0,79.9,3845.0,4.956,-,1470_aug2,0,0,0,0
1,0,-,-,-,-,44.2,3910.0,2870.0,2.0,67.6,2970.0,5.089,-,1470_aug3,0,0,0,0
1,0,-,-,-,-,45.4,4207.0,2465.0,2.0,72.1,3793.0,5.071,-,1470_aug4,0,0,0,0
1,0,-,-,-,-,44.5,4941.0,2521.0,2.0,68.7,2711.0,3.475,-,1471_aug1,0,0,0,0
1,0,-,-,-,-,51.6,4006.0,2783.0,2.0,60.2,2450.0,3.483,-,1471_aug2,0,0,0,0
1,0,-,-,-,-,39.8,4387.0,2806.0,2.0,58.8,2929.0,3.511,-,1471_aug3,0,0,0,0
1,0,-,-,-,-,49.8,4241.0,2830.0,2.0,56.4,2703.0,3.481,-,1471_aug4,0,0,0,0
1,0,-,-,-,-,46.7,4137.0,2906.0,2.0,50.7,1866.0,3.975,-,1472_aug1,0,0,0,0
1,0,-,-,-,-,38.6,4193.0,2861.0,2.0,44.1,1912.0,3.987,-,1472_aug2,0,0,0,0
1,0,-,-,-,-,49.6,4666.0,2764.0,2.0,51.0,2296.0,3.987,-,1472_aug3,0,0,0,0
1,0,-,-,-,-,44.0,5065.0,2640.0,2.0,43.9,1981.0,4.036,-,1472_aug4,0,0,0,0
1,0,-,-,-,-,46.5,4502.0,2677.0,3.0,27.2,2297.0,5.078,-,1473_aug1,0,0,0,0
1,0,-,-,-,-,42.6,4373.0,2820.0,3.0,25.4,2284.0,5.007,-,1473_aug2,0,0,0,0
1,0,-,-,-,-,45.2,3882.0,2248.0,3.0,28.1,1969.0,4.994,-,1473_aug3,0,0,0,0
1,0,-,-,-,-,49.7,4647.0,2666.0,3.0,27.5,1822.0,4.911,-,1473_aug4,0,0,0,0
1,0,-,-,-,-,40.8,4186.0,2412.0,3.0,24.7,2303.0,4.426,-,1474_aug1,0,0,0,0
1,0,-,-,-,-,40.2,4512.0,2908.0,3.0,30.8,2286.0,4.532,-,1474_aug2,0,0,0,0
1,0,-,-,-,-,46.7,4666.0,2308.0,3.0,26.1,2149.0,4.504,-,1474_aug3,0,0,0,0
1,0,-,-,-,-,40.0,4310.0,2243.0,3.0,23.9,2029.0,4.57,-,1474_aug4,0,0,0,0
1,0,-,-,-,-,44.8,4008.0,2491.0,3.0,31.9,2454.0,5.985,-,1475_aug1,0,0,0,0
1,0,-,-,-,-,49.1,4616.0,2663.0,3.0,33.4,3129.0,5.901,-,1475_aug2,0,0,0,0
1,0,-,-,-,-,49.8,4478.0,2842.0,3.0,33.3,3049.0,6.068,-,1475_aug3,0,0,0,0
1,0,-,-,-,-,41.4,5138.0,2259.0,3.0,36.0,3024.0,6.111,-,1475_aug4,0,0,0,0
1,0,-,-,-,-,43.7,3859.0,2661.0,3.0,44.1,3632.0,5.699,-,1476_aug1,0,0,0,0
1,0,-,-,-,-,44.8,4401.0,2746.0,3.0,40.8,3324.0,5.742,-,1476_aug2,0,0,0,0
1,0,-,-,-,-,40.7,4712.0,2964.0,3.0,46.4,3547.0,5.757,-,1476_aug3,0,0,0,0
1,0,-,-,-,-,50.5,5133.0,2579.0,3.0,48.6,3243.0,5.862,-,1476_aug4,0,0,0,0
0,1,-,-,-,-,49.3,3994.0,2950.0,3.0,45.2,5056.0,4.949,-,1479_aug1,0,0,0,0
0,1,-,-,-,-,46.1,4392.0,2353.0,3.0,42.0,4410.0,4.967,-,1479_aug2,0,0,0,0
0,1,-,-,-,-,38.5,4837.0,2690.0,3.0,45.6,4337.0,5.018,-,1479_aug3,0,0,0,0
0,1,-,-,-,-,48.7,4889.0,2220.0,3.0,45.0,5155.0,4.996,-,1479_aug4,0,0,0,0
0,1,-,-,-,-,38.9,4584.0,2511.0,3.0,43.7,2326.0,4.428,-,1480_aug1,0,0,0,0
0,1,-,-,-,-,40.0,4014.0,2229.0,3.0,49.0,2278.0,4.513,-,1480_aug2,0,0,0,0
0,1,-,-,-,-,47.4,4284.0,2474.0,3.0,47.9,1981.0,4.412,-,1480_aug3,0,0,0,0
0,1,-,-,-,-,46.3,5097.0,2666.0,3.0,47.3,2203.0,4.539,-,1480_aug4,0,0,0,0
0,1,-,-,-,-,49.4,4128.0,2454.0,3.0,49.3,2733.0,5.963,-,1481_aug1,0,0,0,0
0,1,-,-,-,-,43.3,4986.0,2593.0,3.0,55.4,2443.0,6.044,-,1481_aug2,0,0,0,0
0,1,-,-,-,-,39.4,4066.0,2507.0,3.0,57.0,2796.0,6.084,-,1481_aug3,0,0,0,0
0,1,-,-,-,-,42.5,5126.0,2728.0,3.0,53.0,2095.0,5.915,-,1481_aug4,0,0,0,0
0,1,-,-,-,-,49.5,4697.0,2476.0,3.0,67.3,3056.0,5.976,-,1482_aug1,0,0,0,0
0,1,-,-,-,-,39.9,4222.0,2951.0,3.0,59.5,2939.0,6.092,-,1482_aug2,0,0,0,0
0,1,-,-,-,-,46.4,4761.0,2495.0,3.0,67.8,3336.0,6.108,-,1482_aug3,0,0,0,0
0,1,-,-,-,-,51.0,4926.0,2724.0,3.0,61.8,2618.0,5.974,-,1482_aug4,0,0,0,0
1,0,-,-,-,-,47.9,4872.0,1910.0,3.0,39.9,4836.0,5.892,-,1489_aug1,0,0,0,0
1,0,-,-,-,-,37.2,4631.0,1894.0,3.0,39.5,4318.0,6.047,-,1489_aug2,0,0,0,0
1,0,-,-,-,-,43.5,5322.0,1655.0,3.0,44.8,5534.0,5.913,-,1489_aug3,0,0,0,0
1,0,-,-,-,-,41.8,4716.0,1549.0,3.0,42.5,4631.0,5.954,-,1489_aug4,0,0,0,0
1,0,-,-,-,-,46.7,5523.0,1894.0,3.0,43.6,4875.0,5.899,-,1494_aug1,0,0,0,0
1,0,-,-,-,-,39.8,5141.0,1591.0,3.0,37.6,4860.0,5.91,-,1494_aug2,0,0,0,0
1,0,-,-,-,-,39.8,4309.0,1584.0,3.0,41.7,5128.0,5.946,-,1494_aug3,0,0,0,0
1,0,-,-,-,-,41.3,5014.0,1606.0,3.0,42.6,4807.0,6.107,-,1494_aug4,0,0,0,0
0,1,-,-,-,-,49.7,5151.0,2730.0,3.0,74.7,2098.0,5.81,-,1495_aug1,0,0,0,0
0,1,-,-,-,-,46.7,5015.0,2449.0,3.0,89.8,2154.0,5.81,-,1495_aug2,0,0,0,0
0,1,-,-,-,-,48.7,4430.0,2605.0,3.0,81.2,1853.0,5.685,-,1495_aug3,0,0,0,0
0,1,-,-,-,-,45.2,3956.0,2770.0,3.0,77.7,2183.0,5.693,-,1495_aug4,0,0,0,0
0,1,-,-,-,-,49.6,4287.0,2935.0,3.0,64.6,5628.0,6.061,-,1496_aug1,0,0,0,0
0,1,-,-,-,-,41.4,5154.0,2583.0,3.0,75.1,5019.0,5.988,-,1496_aug2,0,0,0,0
0,1,-,-,-,-,42.8,4545.0,2544.0,3.0,69.6,4626.0,6.088,-,1496_aug3,0,0,0,0
0,1,-,-,-,-,46.3,4856.0,2935.0,3.0,85.9,4776.0,5.925,-,1496_aug4,0,0,0,0
0,1,-,-,-,-,43.7,4461.0,2887.0,3.0,65.6,5430.0,6.001,-,1497_aug1,0,0,0,0
0,1,-,-,-,-,40.4,4604.0,2900.0,3.0,71.8,4875.0,5.901,-,1497_aug2,0,0,0,0
0,1,-,-,-,-,44.6,4840.0,2473.0,3.0,79.1,5550.0,6.033,-,1497_aug3,0,0,0,0
0,1,-,-,-,-,40.1,4021.0,2274.0,3.0,61.9,5582.0,6.118,-,1497_aug4,0,0,0,0
0,1,-,-,-,-,43.2,4437.0,2745.0,3.0,72.7,4390.0,4.934,-,1498_aug1,0,0,0,0
0,1,-,-,-,-,48.4,4755.0,2297.0,3.0,70.5,4635.0,5.074,-,1498_aug2,0,0,0,0
0,1,-,-,-,-,39.0,4881.0,2671.0,3.0,69.3,5491.0,5.087,-,1498_aug3,0,0,0,0
0,1,-,-,-,-,43.2,4751.0,2660.0,3.0,72.6,4308.0,4.956,-,1498_aug4,0,0,0,0
0,1,-,-,-,-,45.5,4066.0,2897.0,3.0,59.6,5540.0,4.491,-,1499_aug1,0,0,0,0
0,1,-,-,-,-,45.8,3829.0,2477.0,3.0,63.4,5030.0,4.464,-,1499_aug2,0,0,0,0
0,1,-,-,-,-,44.6,4108.0,2910.0,3.0,66.6,5079.0,4.521,-,1499_aug3,0,0,0,0
0,1,-,-,-,-,42.3,5130.0,2412.0,3.0,68.9,5641.0,4.507,-,1499_aug4,0,0,0,0
0,1,-,-,-,-,51.6,4772.0,2355.0,3.0,52.3,4825.0,4.446,-,1500_aug1,0,0,0,0
0,1,-,-,-,-,46.1,3876.0,2873.0,3.0,63.2,5752.0,4.478,-,1500_aug2,0,0,0,0
0,1,-,-,-,-,49.2,4123.0,2606.0,3.0,51.0,5230.0,4.319,-,1500_aug3,0,0,0,0
0,1,-,-,-,-,51.3,5065.0,2489.0,3.0,54.4,5642.0,4.433,-,1500_aug4,0,0,0,0
0,1,-,-,-,-,42.0,4428.0,2526.0,3.0,45.1,4439.0,5.076,-,1501_aug1,0,0,0,0
0,1,-,-,-,-,50.4,5002.0,2589.0,3.0,51.0,4408.0,5.019,-,1501_aug2,0,0,0,0
0,1,-,-,-,-,38.4,4264.0,2916.0,3.0,56.6,4683.0,4.963,-,1501_aug3,0,0,0,0
0,1,-,-,-,-,46.7,4853.0,2582.0,3.0,43.1,5703.0,4.939,-,1501_aug4,0,0,0,0
0,1,-,-,-,-,50.2,4366.0,2839.0,3.0,40.6,5697.0,4.454,-,1502_aug1,0,0,0,0
0,1,-,-,-,-,41.5,4924.0,2276.0,3.0,45.0,5564.0,4.437,-,1502_aug2,0,0,0,0
0,1,-,-,-,-,45.6,4785.0,2860.0,3.0,48.8,5294.0,4.488,-,1502_aug3,0,0,0,0
0,1,-,-,-,-,39.8,4783.0,2963.0,3.0,38.5,5056.0,4.521,-,1502_aug4,0,0,0,0
0,1,-,-,-,-,47.6,4797.0,2626.0,3.0,45.3,5361.0,3.463,-,1503_aug1,0,0,0,0
0,1,-,-,-,-,42.6,5070.0,2881.0,3.0,34.5,4376.0,3.47,-,1503_aug2,0,0,0,0
0,1,-,-,-,-,46.7,4614.0,2685.0,3.0,34.2,4462.0,3.48,-,1503_aug3,0,0,0,0
0,1,-,-,-,-,40.3,3927.0,2690.0,3.0,43.0,5543.0,3.523,-,1503_aug4,0,0,0,0
0,1,-,-,-,-,48.2,4192.0,2963.0,3.0,32.0,4741.0,4.076,-,1504_aug1,0,0,0,0
0,1,-,-,-,-,51.6,4898.0,2681.0,3.0,39.9,5359.0,4.071,-,1504_aug2,0,0,0,0
0,1,-,-,-,-,42.5,4276.0,2856.0,3.0,39.7,5073.0,4.068,-,1504_aug3,0,0,0,0
0,1,-,-,-,-,42.8,4792.0,2568.0,3.0,35.0,5771.0,4.031,-,1504_aug4,0,0,0,0
1,0,-,-,-,-,38.9,5783.0,1642.0,3.0,37.9,5669.0,5.354,-,1507_aug1,0,0,0,0
1,0,-,-,-,-,39.0,5799.0,1910.0,3.0,46.5,5689.0,5.309,-,1507_aug2,0,0,0,0
1,0,-,-,-,-,46.1,5223.0,1839.0,3.0,45.6,4354.0,5.457,-,1507_aug3,0,0,0,0
1,0,-,-,-,-,36.1,5081.0,1567.0,3.0,40.6,4992.0,5.385,-,1507_aug4,0,0,0,0
1,0,-,-,-,-,47.6,5320.0,1956.0,3.0,38.1,5140.0,6.107,-,1509_aug1,0,0,0,0
1,0,-,-,-,-,38.4,4617.0,1615.0,3.0,40.7,5556.0,5.897,-,1509_aug2,0,0,0,0
1,0,-,-,-,-,40.0,5029.0,1868.0,3.0,37.3,5736.0,5.962,-,1509_aug3,0,0,0,0
1,0,-,-,-,-,46.8,5389.0,1650.0,3.0,46.0,4904.0,6.021,-,1509_aug4,0,0,0,0
0,1,-,-,-,-,41.7,4756.0,2433.0,3.0,68.6,4325.0,5.944,-,1511_aug1,0,0,0,0
0,1,-,-,-,-,40.8,4511.0,2352.0,3.0,69.2,5376.0,6.019,-,1511_aug2,0,0,0,0
0,1,-,-,-,-,51.6,5175.0,2867.0,3.0,72.4,5447.0,6.11,-,1511_aug3,0,0,0,0
0,1,-,-,-,-,38.6,4551.0,2363.0,3.0,74.2,5177.0,6.012,-,1511_aug4,0,0,0,0
0,1,-,-,-,-,51.2,4570.0,2849.0,3.0,68.7,5017.0,5.947,-,1512_aug1,0,0,0,0
0,1,-,-,-,-,43.4,4633.0,2643.0,3.0,66.9,4782.0,6.027,-,1512_aug2,0,0,0,0
0,1,-,-,-,-,40.0,4167.0,2226.0,3.0,64.6,4332.0,5.939,-,1512_aug3,0,0,0,0
0,1,-,-,-,-,47.1,3907.0,2532.0,3.0,76.1,4767.0,6.102,-,1512_aug4,0,0,0,0
0,1,-,-,-,-,42.7,3923.0,2964.0,3.0,59.4,5315.0,5.034,-,1513_aug1,0,0,0,0
0,1,-,-,-,-,40.9,4095.0,2557.0,3.0,51.2,5491.0,4.912,-,1513_aug2,0,0,0,0
0,1,-,-,-,-,44.7,4686.0,2726.0,3.0,58.5,5189.0,4.913,-,1513_aug3,0,0,0,0
0,1,-,-,-,-,40.1,4721.0,2598.0,3.0,60.6,5689.0,4.903,-,1513_aug4,0,0,0,0
0,1,-,-,-,-,46.9,3924.0,2199.0,3.0,48.8,5521.0,4.956,-,1514_aug1,0,0,0,0
0,1,-,-,-,-,46.7,4380.0,2375.0,3.0,54.5,5567.0,5.069,-,1514_aug2,0,0,0,0
0,1,-,-,-,-,42.8,4896.0,2358.0,3.0,56.7,4324.0,4.988,-,1514_aug3,0,0,0,0
0,1,-,-,-,-,47.0,4772.0,2330.0,3.0,51.7,4552.0,4.904,-,1514_aug4,0,0,0,0
1,0,-,-,-,-,48.8,3933.0,2677.0,4.0,46.4,3849.0,5.974,-,1515_aug1,0,0,0,0
1,0,-,-,-,-,48.7,5140.0,2794.0,4.0,50.8,3849.0,6.043,-,1515_aug2,0,0,0,0
1,0,-,-,-,-,41.3,4547.0,3056.0,4.0,51.7,3135.0,5.896,-,1515_aug3,0,0,0,0
1,0,-,-,-,-,39.3,4828.0,2673.0,4.0,42.6,3598.0,5.932,-,1515_aug4,0,0,0,0
1,0,-,-,-,-,49.9,4616.0,3627.0,4.0,38.1,3154.0,6.117,-,1518_aug1,0,0,0,0
1,0,-,-,-,-,48.0,3892.0,3396.0,4.0,40.5,3137.0,6.082,-,1518_aug2,0,0,0,0
1,0,-,-,-,-,39.1,4216.0,3014.0,4.0,43.1,2987.0,5.952,-,1518_aug3,0,0,0,0
1,0,-,-,-,-,50.9,4244.0,3066.0,4.0,43.8,3824.0,5.926,-,1518_aug4,0,0,0,0
0,1,-,-,-,-,50.0,4848.0,2753.0,3.0,64.2,5205.0,5.58,-,1519_aug1,0,0,0,0
0,1,-,-,-,-,46.1,4113.0,2264.0,3.0,80.0,4565.0,5.396,-,1519_aug2,0,0,0,0
0,1,-,-,-,-,43.8,4612.0,2741.0,3.0,77.5,4471.0,5.54,-,1519_aug3,0,0,0,0
0,1,-,-,-,-,51.5,5048.0,2869.0,3.0,80.6,5595.0,5.539,-,1519_aug4,0,0,0,0
0,1,-,-,-,-,41.6,5113.0,2543.0,3.0,44.1,5286.0,4.19,-,1521_aug1,0,0,0,0
0,1,-,-,-,-,39.5,4824.0,2813.0,3.0,45.5,5350.0,4.118,-,1521_aug2,0,0,0,0
0,1,-,-,-,-,42.4,4363.0,2841.0,3.0,42.7,4838.0,4.2,-,1521_aug3,0,0,0,0
0,1,-,-,-,-,51.1,5095.0,2334.0,3.0,45.0,5501.0,4.117,-,1521_aug4,0,0,0,0
0,1,-,-,-,-,40.0,4551.0,2386.0,3.0,57.5,4719.0,5.002,-,1523_aug1,0,0,0,0
0,1,-,-,-,-,51.5,3993.0,2482.0,3.0,66.8,4901.0,5.04,-,1523_aug2,0,0,0,0
0,1,-,-,-,-,39.4,4787.0,2947.0,3.0,60.0,4587.0,5.027,-,1523_aug3,0,0,0,0
0,1,-,-,-,-,46.2,4705.0,2214.0,3.0,61.7,4618.0,4.942,-,1523_aug4,0,0,0,0
0,1,-,-,-,-,42.0,4786.0,2663.0,3.0,37.5,5688.0,4.039,-,1525_aug1,0,0,0,0
0,1,-,-,-,-,43.6,3954.0,2393.0,3.0,37.7,4804.0,3.95,-,1525_aug2,0,0,0,0
0,1,-,-,-,-,49.1,4197.0,2450.0,3.0,39.2,4927.0,4.001,-,1525_aug3,0,0,0,0
0,1,-,-,-,-,49.2,4931.0,2812.0,3.0,43.6,4485.0,3.94,-,1525_aug4,0,0,0,0
1,0,-,-,-,-,51.0,4931.0,3047.0,8.0,51.6,3766.0,6.027,-,1526_aug1,0,0,0,0
1,0,-,-,-,-,48.4,4138.0,2700.0,8.0,42.9,3246.0,5.956,-,1526_aug2,0,0,0,0
1,0,-,-,-,-,43.1,5128.0,3178.0,7.0,51.3,4086.0,6.003,-,1526_aug3,0,0,0,0
1,0,-,-,-,-,50.5,4371.0,2757.0,6.0,47.2,3646.0,6.038,-,1526_aug4,0,0,0,0
1,0,-,-,-,-,47.5,3855.0,866.0,5.0,36.3,3265.0,5.912,-,1528_aug1,0,0,0,0
1,0,-,-,-,-,46.2,4233.0,1042.0,5.0,46.0,3459.0,5.914,-,1528_aug2,0,0,0,0
1,0,-,-,-,-,40.9,4745.0,1131.0,5.0,37.1,2809.0,5.956,-,1528_aug3,0,0,0,0
1,0,-,-,-,-,43.7,3910.0,1112.0,5.0,38.0,2993.0,5.85,-,1528_aug4,0,0,0,0
0,1,-,-,-,-,44.4,4280.0,2618.0,3.0,57.9,4750.0,4.105,-,1531_aug1,0,0,0,0
0,1,-,-,-,-,49.6,3917.0,2254.0,3.0,57.3,4624.0,4.14,-,1531_aug2,0,0,0,0
0,1,-,-,-,-,47.0,5071.0,2325.0,3.0,48.1,5161.0,4.109,-,1531_aug3,0,0,0,0
0,1,-,-,-,-,43.5,4965.0,2197.0,3.0,50.3,5432.0,4.025,-,1531_aug4,0,0,0,0
0,1,-,-,-,-,49.5,4956.0,2839.0,3.0,72.7,4325.0,6.084,-,1533_aug1,0,0,0,0
0,1,-,-,-,-,48.0,4542.0,2760.0,3.0,70.6,4745.0,6.113,-,1533_aug2,0,0,0,0
0,1,-,-,-,-,49.8,4815.0,2917.0,3.0,78.4,4797.0,6.056,-,1533_aug3,0,0,0,0
0,1,-,-,-,-,48.2,3850.0,2473.0,3.0,80.4,4488.0,6.01,-,1533_aug4,0,0,0,0
0,1,-,-,-,-,48.9,4097.0,2569.0,3.0,71.8,2167.0,5.952,-,1535_aug1,0,0,0,0
0,1,-,-,-,-,41.1,4579.0,2512.0,3.0,89.1,1990.0,5.966,-,1535_aug2,0,0,0,0
0,1,-,-,-,-,42.6,4186.0,2615.0,3.0,75.5,1814.0,5.994,-,1535_aug3,0,0,0,0
0,1,-,-,-,-,39.2,4772.0,2595.0,3.0,75.2,2243.0,5.902,-,1535_aug4,0,0,0,0
0,1,-,-,-,-,50.0,4334.0,2876.0,3.0,35.3,5565.0,4.029,-,1537_aug1,0,0,0,0
0,1,-,-,-,-,38.7,4005.0,2686.0,3.0,43.0,5396.0,4.026,-,1537_aug2,0,0,0,0
0,1,-,-,-,-,48.6,4601.0,2396.0,3.0,34.2,4859.0,4.037,-,1537_aug3,0,0,0,0
0,1,-,-,-,-,44.0,3859.0,2245.0,3.0,45.6,5141.0,4.001,-,1537_aug4,0,0,0,0
1,0,-,-,-,-,39.7,4728.0,1473.0,3.0,41.4,4603.0,5.901,-,1538_aug1,0,0,0,0
1,0,-,-,-,-,44.7,5704.0,1945.0,3.0,36.4,5428.0,5.906,-,1538_aug2,0,0,0,0
1,0,-,-,-,-,44.1,5527.0,1837.0,3.0,45.0,5355.0,5.943,-,1538_aug3,0,0,0,0
1,0,-,-,-,-,47.4,4610.0,1929.0,3.0,37.3,5558.0,5.881,-,1538_aug4,0,0,0,0
0,1,-,-,-,-,49.5,4179.0,2879.0,3.0,63.0,4857.0,4.421,-,1539_aug1,0,0,0,0
0,1,-,-,-,-,49.5,4056.0,2482.0,3.0,59.7,4604.0,4.435,-,1539_aug2,0,0,0,0
0,1,-,-,-,-,39.9,4990.0,2218.0,3.0,54.6,4470.0,4.514,-,1539_aug3,0,0,0,0
0,1,-,-,-,-,39.3,4638.0,2852.0,3.0,65.4,4902.0,4.439,-,1539_aug4,0,0,0,0
0,1,-,-,-,-,40.6,5065.0,2279.0,3.0,50.7,4362.0,4.993,-,1541_aug1,0,0,0,0
0,1,-,-,-,-,49.3,4805.0,2572.0,3.0,44.3,5685.0,5.069,-,1541_aug2,0,0,0,0
0,1,-,-,-,-,47.8,4929.0,2615.0,3.0,50.9,4842.0,5.014,-,1541_aug3,0,0,0,0
0,1,-,-,-,-,41.7,4419.0,2411.0,3.0,47.3,5597.0,4.976,-,1541_aug4,0,0,0,0
0,1,-,-,-,-,48.3,4062.0,2522.0,3.0,58.0,5240.0,5.021,-,1543_aug1,0,0,0,0
0,1,-,-,-,-,41.1,4465.0,2862.0,3.0,55.6,5293.0,4.911,-,1543_aug2,0,0,0,0
0,1,-,-,-,-,51.5,4648.0,2558.0,3.0,66.4,4440.0,5.086,-,1543_aug3,0,0,0,0
0,1,-,-,-,-,46.7,4073.0,2629.0,3.0,55.6,5260.0,5.03,-,1543_aug4,0,0,0,0
0,1,-,-,-,-,46.1,4073.0,2661.0,3.0,77.5,5144.0,5.836,-,1545_aug1,0,0,0,0
0,1,-,-,-,-,50.3,4973.0,2953.0,3.0,81.1,5755.0,5.885,-,1545_aug2,0,0,0,0
0,1,-,-,-,-,48.1,3927.0,2232.0,3.0,74.8,5540.0,5.757,-,1545_aug3,0,0,0,0
0,1,-,-,-,-,43.6,4770.0,2903.0,3.0,83.1,5507.0,5.757,-,1545_aug4,0,0,0,0
1,0,-,-,-,-,39.2,4320.0,1453.0,3.0,36.9,4597.0,5.88,-,1548_aug1,0,0,0,0
1,0,-,-,-,-,41.9,5200.0,1541.0,3.0,46.6,5097.0,5.896,-,1548_aug2,0,0,0,0
1,0,-,-,-,-,45.2,5347.0,1819.0,3.0,39.1,4404.0,5.686,-,1548_aug3,0,0,0,0
1,0,-,-,-,-,36.8,5571.0,1567.0,3.0,43.2,4663.0,5.799,-,1548_aug4,0,0,0,0
0,1,-,-,-,-,41.2,5153.0,2850.0,3.0,51.0,5398.0,4.228,-,1549_aug1,0,0,0,0
0,1,-,-,-,-,47.3,4698.0,2363.0,3.0,39.4,5046.0,4.216,-,1549_aug2,0,0,0,0
0,1,-,-,-,-,51.3,4840.0,2317.0,3.0,40.4,5467.0,4.224,-,1549_aug3,0,0,0,0
0,1,-,-,-,-,49.6,5097.0,2718.0,3.0,43.1,5027.0,4.318,-,1549_aug4,0,0,0,0
1,0,-,-,-,-,47.3,4573.0,2466.0,2.0,21.9,5011.0,3.539,-,1550_aug1,0,0,0,0
1,0,-,-,-,-,39.1,4777.0,2829.0,2.0,21.3,4576.0,3.478,-,1550_aug2,0,0,0,0
1,0,-,-,-,-,41.4,5125.0,2698.0,2.0,28.2,5427.0,3.47,-,1550_aug3,0,0,0,0
1,0,-,-,-,-,43.4,4094.0,2946.0,2.0,28.0,4829.0,3.551,-,1550_aug4,0,0,0,0
1,0,-,-,-,-,39.0,5151.0,2900.0,2.0,54.1,5445.0,4.979,-,1552_aug1,0,0,0,0
1,0,-,-,-,-,42.4,4453.0,2864.0,2.0,48.4,5587.0,4.811,-,1552_aug2,0,0,0,0
1,0,-,-,-,-,48.8,4104.0,2415.0,2.0,49.2,5093.0,4.909,-,1552_aug3,0,0,0,0
1,0,-,-,-,-,42.7,4062.0,2789.0,2.0,50.1,5282.0,4.98,-,1552_aug4,0,0,0,0
1,0,-,-,-,-,47.8,3886.0,2843.0,2.0,44.6,5775.0,5.009,-,1553_aug1,0,0,0,0
1,0,-,-,-,-,44.5,4272.0,2703.0,2.0,39.7,4344.0,4.958,-,1553_aug2,0,0,0,0
1,0,-,-,-,-,43.6,4570.0,2421.0,2.0,42.2,4972.0,4.921,-,1553_aug3,0,0,0,0
1,0,-,-,-,-,41.8,3890.0,2627.0,2.0,40.9,4861.0,4.903,-,1553_aug4,0,0,0,0
1,0,-,-,-,-,49.6,4878.0,2243.0,2.0,45.5,4898.0,4.004,-,1554_aug1,0,0,0,0
1,0,-,-,-,-,43.0,4630.0,2951.0,2.0,43.3,4917.0,3.999,-,1554_aug2,0,0,0,0
1,0,-,-,-,-,43.1,5156.0,2742.0,2.0,34.1,5093.0,4.077,-,1554_aug3,0,0,0,0
1,0,-,-,-,-,45.3,4071.0,2211.0,2.0,45.0,5816.0,4.071,-,1554_aug4,0,0,0,0
1,0,-,-,-,-,48.1,4578.0,2651.0,2.0,37.2,4939.0,4.027,-,1555_aug1,0,0,0,0
1,0,-,-,-,-,39.9,4184.0,2841.0,2.0,35.4,4351.0,4.068,-,1555_aug2,0,0,0,0
1,0,-,-,-,-,47.7,4384.0,2657.0,2.0,34.6,5649.0,3.946,-,1555_aug3,0,0,0,0
1,0,-,-,-,-,39.6,3829.0,2437.0,2.0,32.1,4320.0,3.956,-,1555_aug4,0,0,0,0
1,0,-,-,-,-,42.7,3868.0,2665.0,2.0,22.0,5206.0,4.08,-,1556_aug1,0,0,0,0
1,0,-,-,-,-,51.0,3829.0,2810.0,2.0,21.7,4752.0,3.971,-,1556_aug2,0,0,0,0
1,0,-,-,-,-,45.3,4717.0,2774.0,2.0,23.7,4771.0,3.978,-,1556_aug3,0,0,0,0
1,0,-,-,-,-,51.7,4875.0,2949.0,2.0,24.3,4895.0,3.998,-,1556_aug4,0,0,0,0
1,0,-,-,-,-,43.9,4943.0,2554.0,2.0,43.3,2832.0,5.981,-,1559_aug1,0,0,0,0
1,0,-,-,-,-,47.3,3904.0,2604.0,2.0,34.4,2647.0,5.953,-,1559_aug2,0,0,0,0
1,0,-,-,-,-,48.3,5035.0,2302.0,2.0,40.2,2262.0,6.036,-,1559_aug3,0,0,0,0
1,0,-,-,-,-,46.5,4521.0,2911.0,2.0,45.9,2567.0,5.908,-,1559_aug4,0,0,0,0
0,1,-,-,-,-,44.6,4071.0,2656.0,3.0,64.4,4451.0,4.994,-,1562_aug1,0,0,0,0
0,1,-,-,-,-,39.3,4746.0,2806.0,3.0,58.2,5111.0,5.014,-,1562_aug2,0,0,0,0
0,1,-,-,-,-,50.7,4672.0,2307.0,3.0,68.0,5366.0,5.073,-,1562_aug3,0,0,0,0
0,1,-,-,-,-,40.7,5110.0,2240.0,3.0,72.0,5305.0,5.047,-,1562_aug4,0,0,0,0
0,1,-,-,-,-,39.2,3881.0,2273.0,3.0,55.8,4630.0,5.072,-,1563_aug1,0,0,0,0
0,1,-,-,-,-,44.3,4764.0,2699.0,3.0,50.8,4823.0,5.059,-,1563_aug2,0,0,0,0
0,1,-,-,-,-,46.2,4167.0,2827.0,3.0,58.3,4970.0,5.046,-,1563_aug3,0,0,0,0
0,1,-,-,-,-,50.8,4838.0,2536.0,3.0,60.1,5002.0,4.915,-,1563_aug4,0,0,0,0
1,0,-,-,-,-,45.8,4969.0,1600.0,3.0,41.8,4729.0,5.245,-,1564_aug1,0,0,0,0
1,0,-,-,-,-,48.0,4505.0,1954.0,3.0,38.3,5046.0,5.115,-,1564_aug2,0,0,0,0
1,0,-,-,-,-,46.2,5852.0,1633.0,3.0,45.4,4830.0,5.24,-,1564_aug3,0,0,0,0
1,0,-,-,-,-,36.6,5987.0,1878.0,3.0,44.1,5155.0,5.274,-,1564_aug4,0,0,0,0
1,0,-,-,-,-,46.5,6173.0,1947.0,4.0,49.5,5338.0,5.544,-,1565_aug1,0,0,0,0
1,0,-,-,-,-,51.6,4799.0,1859.0,4.0,45.7,5528.0,5.603,-,1565_aug2,0,0,0,0
1,0,-,-,-,-,44.4,5972.0,2138.0,4.0,40.6,5226.0,5.603,-,1565_aug3,0,0,0,0
1,0,-,-,-,-,51.6,5735.0,2121.0,4.0,40.6,5750.0,5.42,-,1565_aug4,0,0,0,0
0,1,-,-,-,-,40.8,4393.0,2650.0,3.0,65.6,5701.0,6.1,-,1566_aug1,0,0,0,0
0,1,-,-,-,-,43.5,4411.0,2738.0,3.0,67.5,4932.0,5.964,-,1566_aug2,0,0,0,0
0,1,-,-,-,-,41.4,4443.0,2725.0,3.0,75.9,4872.0,6.064,-,1566_aug3,0,0,0,0
0,1,-,-,-,-,38.3,4469.0,2809.0,3.0,69.5,5282.0,6.098,-,1566_aug4,0,0,0,0
0,1,-,-,-,-,45.9,4905.0,2953.0,3.0,51.1,4360.0,4.975,-,1567_aug1,0,0,0,0
0,1,-,-,-,-,45.9,4901.0,2533.0,3.0,46.6,5433.0,4.984,-,1567_aug2,0,0,0,0
0,1,-,-,-,-,44.8,4908.0,2423.0,3.0,50.3,5106.0,5.059,-,1567_aug3,0,0,0,0
0,1,-,-,-,-,51.3,3900.0,2652.0,3.0,57.3,5734.0,5.042,-,1567_aug4,0,0,0,0
0,1,-,-,-,-,45.3,4043.0,2491.0,3.0,42.7,5268.0,4.034,-,1571_aug1,0,0,0,0
0,1,-,-,-,-,44.0,4807.0,2305.0,3.0,36.0,5656.0,3.932,-,1571_aug2,0,0,0,0
0,1,-,-,-,-,49.1,4140.0,2557.0,3.0,41.0,4622.0,3.965,-,1571_aug3,0,0,0,0
0,1,-,-,-,-,50.7,4402.0,2648.0,3.0,38.5,4642.0,4.03,-,1571_aug4,0,0,0,0
1,0,-,-,-,-,44.7,4756.0,1902.0,3.0,48.4,4548.0,5.953,-,1573_aug1,0,0,0,0
1,0,-,-,-,-,46.5,4639.0,1489.0,3.0,40.8,4932.0,5.987,-,1573_aug2,0,0,0,0
1,0,-,-,-,-,46.4,4852.0,1956.0,3.0,43.4,4797.0,5.938,-,1573_aug3,0,0,0,0
1,0,-,-,-,-,43.6,5019.0,1966.0,3.0,43.2,4936.0,6.069,-,1573_aug4,0,0,0,0
0,1,-,-,-,-,44.0,4189.0,2861.0,3.0,61.6,5230.0,5.044,-,1574_aug1,0,0,0,0
0,1,-,-,-,-,42.5,3871.0,2821.0,3.0,64.0,4428.0,4.975,-,1574_aug2,0,0,0,0
0,1,-,-,-,-,39.1,4530.0,2700.0,3.0,57.7,5715.0,4.988,-,1574_aug3,0,0,0,0
0,1,-,-,-,-,49.1,5077.0,2948.0,3.0,56.7,5764.0,5.062,-,1574_aug4,0,0,0,0
1,0,-,-,-,-,48.5,4615.0,2045.0,3.0,45.4,4427.0,5.936,-,1577_aug1,0,0,0,0
1,0,-,-,-,-,50.1,5401.0,1745.0,3.0,36.8,4936.0,5.97,-,1577_aug2,0,0,0,0
1,0,-,-,-,-,42.0,5088.0,1643.0,3.0,43.8,5699.0,6.002,-,1577_aug3,0,0,0,0
1,0,-,-,-,-,41.3,4848.0,1978.0,3.0,40.1,4745.0,6.024,-,1577_aug4,0,0,0,0
1,0,-,-,-,-,46.6,5130.0,1818.0,3.0,48.9,4553.0,6.119,-,1579_aug1,0,0,0,0
1,0,-,-,-,-,41.6,5548.0,1788.0,3.0,45.6,4904.0,5.91,-,1579_aug2,0,0,0,0
1,0,-,-,-,-,42.9,5234.0,1593.0,3.0,39.5,4924.0,5.917,-,1579_aug3,0,0,0,0
1,0,-,-,-,-,43.5,4900.0,1744.0,3.0,37.2,5486.0,6.034,-,1579_aug4,0,0,0,0
1,0,-,-,-,-,42.8,3889.0,3662.0,4.0,48.6,3478.0,5.564,-,1584_aug1,0,0,0,0
1,0,-,-,-,-,48.3,5009.0,3172.0,4.0,42.1,3943.0,5.643,-,1584_aug2,0,0,0,0
1,0,-,-,-,-,41.6,4075.0,3033.0,4.0,39.5,3666.0,5.514,-,1584_aug3,0,0,0,0
1,0,-,-,-,-,43.5,4669.0,3093.0,3.0,37.6,3107.0,5.675,-,1584_aug4,0,0,0,0
0,1,-,-,-,-,47.1,3912.0,2497.0,3.0,56.3,5097.0,4.996,-,1585_aug1,0,0,0,0
0,1,-,-,-,-,42.5,4011.0,2769.0,3.0,62.3,4392.0,5.048,-,1585_aug2,0,0,0,0
0,1,-,-,-,-,48.1,5104.0,2390.0,3.0,47.7,5261.0,4.97,-,1585_aug3,0,0,0,0
0,1,-,-,-,-,48.6,4990.0,2476.0,3.0,48.7,4936.0,4.972,-,1585_aug4,0,0,0,0
0,1,-,-,-,-,40.7,5033.0,2309.0,3.0,67.0,5688.0,5.059,-,1586_aug1,0,0,0,0
0,1,-,-,-,-,40.6,4929.0,2408.0,3.0,63.8,5495.0,4.917,-,1586_aug2,0,0,0,0
0,1,-,-,-,-,46.1,4934.0,2861.0,3.0,67.9,4369.0,5.023,-,1586_aug3,0,0,0,0
0,1,-,-,-,-,47.6,3970.0,2231.0,3.0,57.9,4465.0,5.053,-,1586_aug4,0,0,0,0
0,1,-,-,-,-,49.7,4618.0,2319.0,3.0,79.5,5138.0,5.131,-,1587_aug1,0,0,0,0
0,1,-,-,-,-,49.2,4411.0,2290.0,3.0,76.0,5237.0,5.188,-,1587_aug2,0,0,0,0
0,1,-,-,-,-,50.8,4597.0,2424.0,3.0,79.1,4923.0,5.112,-,1587_aug3,0,0,0,0
0,1,-,-,-,-,43.9,5024.0,2567.0,3.0,82.7,5555.0,5.145,-,1587_aug4,0,0,0,0
0,1,-,-,-,-,49.8,4348.0,2283.0,3.0,40.0,4496.0,3.938,-,1588_aug1,0,0,0,0
0,1,-,-,-,-,40.4,4839.0,2744.0,3.0,44.2,4730.0,4.047,-,1588_aug2,0,0,0,0
0,1,-,-,-,-,44.8,4813.0,2489.0,3.0,44.1,4356.0,4.076,-,1588_aug3,0,0,0,0
0,1,-,-,-,-,47.0,4409.0,2680.0,3.0,40.2,5799.0,3.958,-,1588_aug4,0,0,0,0
0,1,-,-,-,-,48.0,4412.0,2699.0,3.0,49.6,5791.0,4.939,-,1590_aug1,0,0,0,0
0,1,-,-,-,-,46.8,4602.0,2631.0,3.0,50.0,4328.0,5.08,-,1590_aug2,0,0,0,0
0,1,-,-,-,-,49.4,4060.0,2514.0,3.0,57.2,5747.0,5.08,-,1590_aug3,0,0,0,0
0,1,-,-,-,-,40.4,5060.0,2874.0,3.0,48.4,5001.0,5.031,-,1590_aug4,0,0,0,0
0,1,-,-,-,-,41.8,3856.0,2303.0,3.0,65.4,5464.0,5.512,-,1591_aug1,0,0,0,0
0,1,-,-,-,-,50.6,5034.0,2898.0,3.0,61.7,4968.0,5.517,-,1591_aug2,0,0,0,0
0,1,-,-,-,-,51.6,4275.0,2647.0,3.0,78.8,5450.0,5.639,-,1591_aug3,0,0,0,0
0,1,-,-,-,-,44.5,4642.0,2267.0,3.0,70.9,4364.0,5.694,-,1591_aug4,0,0,0,0
0,1,-,-,-,-,44.9,4998.0,2857.0,3.0,39.1,4678.0,4.365,-,1592_aug1,0,0,0,0
0,1,-,-,-,-,50.4,4443.0,2535.0,3.0,51.3,4626.0,4.247,-,1592_aug2,0,0,0,0
0,1,-,-,-,-,47.2,4153.0,2921.0,3.0,38.3,5069.0,4.298,-,1592_aug3,0,0,0,0
0,1,-,-,-,-,40.5,4493.0,2513.0,3.0,38.4,5785.0,4.321,-,1592_aug4,0,0,0,0
0,1,-,-,-,-,40.3,3888.0,2611.0,3.0,61.1,4675.0,4.225,-,1593_aug1,0,0,0,0
0,1,-,-,-,-,45.7,3930.0,2602.0,3.0,56.8,5654.0,4.213,-,1593_aug2,0,0,0,0
0,1,-,-,-,-,51.1,4025.0,2963.0,3.0,66.3,5085.0,4.12,-,1593_aug3,0,0,0,0
0,1,-,-,-,-,50.9,4694.0,2265.0,3.0,56.2,5228.0,4.219,-,1593_aug4,0,0,0,0
0,1,-,-,-,-,45.0,4239.0,2606.0,3.0,47.1,4732.0,4.42,-,1594_aug1,0,0,0,0
0,1,-,-,-,-,50.4,4804.0,2965.0,3.0,61.2,5218.0,4.492,-,1594_aug2,0,0,0,0
0,1,-,-,-,-,41.3,4822.0,2894.0,3.0,49.6,5360.0,4.586,-,1594_aug3,0,0,0,0
0,1,-,-,-,-,48.4,4209.0,2519.0,3.0,60.8,5474.0,4.516,-,1594_aug4,0,0,0,0
1,0,-,-,-,-,42.0,5091.0,1255.0,3.0,44.0,5550.0,4.05,-,1595_aug1,0,0,0,0
1,0,-,-,-,-,42.8,5126.0,1028.0,3.0,49.0,4817.0,4.024,-,1595_aug2,0,0,0,0
1,0,-,-,-,-,45.8,4853.0,1332.0,3.0,47.1,4777.0,3.957,-,1595_aug3,0,0,0,0
1,0,-,-,-,-,44.1,4740.0,1087.0,3.0,41.6,5511.0,3.926,-,1595_aug4,0,0,0,0
1,0,-,-,-,-,49.4,4702.0,1996.0,2.0,46.8,5676.0,4.532,-,1597_aug1,0,0,0,0
1,0,-,-,-,-,44.0,4999.0,1894.0,2.0,45.7,5620.0,4.586,-,1597_aug2,0,0,0,0
1,0,-,-,-,-,53.4,4264.0,1722.0,2.0,39.7,5643.0,4.475,-,1597_aug3,0,0,0,0
1,0,-,-,-,-,48.7,4724.0,1912.0,2.0,40.5,4984.0,4.476,-,1597_aug4,0,0,0,0
1,0,-,-,-,-,51.5,4952.0,2565.0,3.0,21.0,5496.0,1.681,-,1598_aug1,0,0,0,0
1,0,-,-,-,-,48.7,4441.0,2277.0,3.0,21.4,5441.0,1.671,-,1598_aug2,0,0,0,0
1,0,-,-,-,-,47.2,4792.0,2700.0,3.0,19.9,5194.0,1.73,-,1598_aug3,0,0,0,0
1,0,-,-,-,-,46.5,4650.0,2764.0,3.0,23.3,5694.0,1.667,-,1598_aug4,0,0,0,0
1,0,-,-,-,-,50.0,4120.0,2547.0,3.0,26.3,5657.0,2.035,-,1599_aug1,0,0,0,0
1,0,-,-,-,-,44.3,4711.0,2496.0,3.0,23.5,5431.0,2.0,-,1599_aug2,0,0,0,0
1,0,-,-,-,-,49.2,4831.0,2210.0,3.0,23.5,4996.0,2.025,-,1599_aug3,0,0,0,0
1,0,-,-,-,-,45.6,5021.0,2746.0,3.0,25.8,4361.0,1.962,-,1599_aug4,0,0,0,0
1,0,-,-,-,-,39.4,4416.0,2376.0,3.0,27.3,5309.0,1.189,-,1600_aug1,0,0,0,0
1,0,-,-,-,-,42.6,4278.0,2735.0,3.0,27.1,5202.0,1.213,-,1600_aug2,0,0,0,0
1,0,-,-,-,-,39.5,4874.0,2630.0,3.0,25.6,4924.0,1.187,-,1600_aug3,0,0,0,0
1,0,-,-,-,-,51.5,4496.0,2965.0,3.0,24.7,5073.0,1.178,-,1600_aug4,0,0,0,0
1,0,-,-,-,-,50.5,4930.0,2756.0,3.0,43.0,5816.0,1.982,-,1601_aug1,0,0,0,0
1,0,-,-,-,-,48.8,4610.0,2949.0,3.0,48.3,5196.0,1.976,-,1601_aug2,0,0,0,0
1,0,-,-,-,-,45.0,4785.0,2793.0,3.0,42.1,4660.0,2.03,-,1601_aug3,0,0,0,0
1,0,-,-,-,-,40.3,4725.0,2400.0,3.0,47.6,4668.0,1.968,-,1601_aug4,0,0,0,0
1,0,-,-,-,-,39.2,4506.0,2691.0,2.0,24.3,4395.0,1.521,-,1602_aug1,0,0,0,0
1,0,-,-,-,-,49.3,5155.0,2919.0,2.0,22.3,5436.0,1.478,-,1602_aug2,0,0,0,0
1,0,-,-,-,-,42.5,3985.0,2546.0,2.0,21.0,4343.0,1.513,-,1602_aug3,0,0,0,0
1,0,-,-,-,-,38.5,5139.0,2365.0,2.0,22.5,4393.0,1.498,-,1602_aug4,0,0,0,0
1,0,-,-,-,-,45.2,4979.0,2761.0,2.0,22.8,4776.0,2.954,-,1603_aug1,0,0,0,0
1,0,-,-,-,-,44.4,5154.0,2592.0,2.0,26.4,5593.0,2.966,-,1603_aug2,0,0,0,0
1,0,-,-,-,-,48.4,5015.0,2327.0,2.0,28.5,5488.0,2.974,-,1603_aug3,0,0,0,0
1,0,-,-,-,-,45.9,4371.0,2573.0,2.0,23.3,5327.0,3.033,-,1603_aug4,0,0,0,0
1,0,-,-,-,-,50.0,4035.0,2831.0,2.0,27.4,5672.0,2.995,-,1604_aug1,0,0,0,0
1,0,-,-,-,-,40.9,4041.0,2560.0,2.0,32.2,5498.0,3.045,-,1604_aug2,0,0,0,0
1,0,-,-,-,-,48.3,5034.0,2253.0,2.0,27.1,5702.0,2.949,-,1604_aug3,0,0,0,0
1,0,-,-,-,-,47.9,4818.0,2966.0,2.0,27.0,5149.0,2.984,-,1604_aug4,0,0,0,0
1,0,-,-,-,-,40.9,4160.0,2366.0,2.0,37.0,5689.0,2.455,-,1605_aug1,0,0,0,0
1,0,-,-,-,-,39.3,4156.0,2391.0,2.0,31.9,5195.0,2.508,-,1605_aug2,0,0,0,0
1,0,-,-,-,-,45.6,4282.0,2741.0,2.0,31.5,4433.0,2.48,-,1605_aug3,0,0,0,0
1,0,-,-,-,-,40.1,4456.0,2315.0,2.0,30.2,5425.0,2.453,-,1605_aug4,0,0,0,0
1,0,-,-,-,-,45.7,4054.0,2195.0,2.0,40.0,4453.0,4.026,-,1606_aug1,0,0,0,0
1,0,-,-,-,-,46.5,4464.0,2518.0,2.0,35.1,4908.0,3.973,-,1606_aug2,0,0,0,0
1,0,-,-,-,-,48.7,5062.0,2852.0,2.0,43.5,5361.0,4.04,-,1606_aug3,0,0,0,0
1,0,-,-,-,-,51.5,3834.0,2685.0,2.0,42.8,5645.0,4.055,-,1606_aug4,0,0,0,0
1,0,-,-,-,-,51.0,4550.0,2199.0,2.0,43.6,4964.0,4.491,-,1607_aug1,0,0,0,0
1,0,-,-,-,-,43.7,5064.0,2472.0,2.0,48.2,5061.0,4.49,-,1607_aug2,0,0,0,0
1,0,-,-,-,-,48.5,4781.0,2448.0,2.0,40.0,4502.0,4.463,-,1607_aug3,0,0,0,0
1,0,-,-,-,-,41.8,4686.0,2933.0,2.0,48.5,5493.0,4.541,-,1607_aug4,0,0,0,0
1,0,-,-,-,-,43.8,4263.0,2849.0,2.0,42.4,2347.0,5.059,-,1608_aug1,0,0,0,0
1,0,-,-,-,-,42.1,3838.0,2817.0,2.0,45.4,3094.0,5.008,-,1608_aug2,0,0,0,0
1,0,-,-,-,-,45.0,4217.0,2430.0,2.0,42.3,2474.0,4.919,-,1608_aug3,0,0,0,0
1,0,-,-,-,-,44.6,4453.0,2700.0,2.0,38.4,2758.0,5.081,-,1608_aug4,0,0,0,0
0,1,-,-,-,-,40.4,4756.0,2654.0,3.0,22.4,5733.0,4.522,-,1609_aug1,0,0,0,0
0,1,-,-,-,-,49.7,4158.0,2766.0,3.0,24.2,4886.0,4.528,-,1609_aug2,0,0,0,0
0,1,-,-,-,-,39.5,4818.0,2227.0,3.0,26.2,4452.0,4.585,-,1609_aug3,0,0,0,0
0,1,-,-,-,-,50.0,4671.0,2828.0,3.0,23.2,5593.0,4.445,-,1609_aug4,0,0,0,0
0,1,-,-,-,-,43.8,4579.0,2747.0,3.0,42.2,5227.0,4.971,-,1610_aug1,0,0,0,0
0,1,-,-,-,-,48.7,4705.0,2375.0,3.0,46.7,4987.0,4.934,-,1610_aug2,0,0,0,0
0,1,-,-,-,-,42.7,4234.0,2278.0,3.0,48.6,5177.0,5.065,-,1610_aug3,0,0,0,0
0,1,-,-,-,-,40.0,4413.0,2666.0,3.0,47.6,5410.0,5.03,-,1610_aug4,0,0,0,0
0,1,-,-,-,-,39.5,4764.0,2755.0,3.0,52.9,5346.0,5.003,-,1611_aug1,0,0,0,0
0,1,-,-,-,-,50.0,5171.0,2797.0,3.0,43.7,5406.0,5.042,-,1611_aug2,0,0,0,0
0,1,-,-,-,-,48.7,3993.0,2700.0,3.0,53.9,4668.0,5.037,-,1611_aug3,0,0,0,0
0,1,-,-,-,-,42.2,3837.0,2684.0,3.0,52.4,5708.0,5.094,-,1611_aug4,0,0,0,0
0,1,-,-,-,-,41.4,4917.0,2468.0,3.0,65.2,1884.0,4.981,-,1612_aug1,0,0,0,0
0,1,-,-,-,-,42.8,4885.0,2512.0,3.0,61.8,2468.0,5.088,-,1612_aug2,0,0,0,0
0,1,-,-,-,-,44.0,4802.0,2836.0,3.0,52.2,2032.0,4.964,-,1612_aug3,0,0,0,0
0,1,-,-,-,-,44.1,4054.0,2578.0,3.0,60.0,2267.0,4.913,-,1612_aug4,0,0,0,0
0,1,-,-,-,-,50.1,5093.0,2672.0,3.0,62.3,2745.0,4.924,-,1613_aug1,0,0,0,0
0,1,-,-,-,-,43.8,4262.0,2647.0,3.0,72.9,2420.0,5.072,-,1613_aug2,0,0,0,0
0,1,-,-,-,-,46.8,4116.0,2454.0,3.0,67.6,2547.0,5.03,-,1613_aug3,0,0,0,0
0,1,-,-,-,-,42.9,4222.0,2562.0,3.0,65.5,2189.0,4.961,-,1613_aug4,0,0,0,0
0,1,-,-,-,-,42.6,5123.0,2650.0,3.0,69.1,2540.0,5.063,-,1614_aug1,0,0,0,0
0,1,-,-,-,-,46.7,4083.0,2507.0,3.0,88.2,2500.0,5.019,-,1614_aug2,0,0,0,0
0,1,-,-,-,-,47.9,5145.0,2819.0,3.0,85.0,3107.0,5.046,-,1614_aug3,0,0,0,0
0,1,-,-,-,-,49.3,5045.0,2270.0,3.0,87.1,2666.0,4.912,-,1614_aug4,0,0,0,0
0,1,-,-,-,-,43.7,4932.0,2292.0,3.0,21.3,4469.0,2.485,-,1615_aug1,0,0,0,0
0,1,-,-,-,-,39.4,4967.0,2863.0,3.0,23.1,5097.0,2.468,-,1615_aug2,0,0,0,0
0,1,-,-,-,-,42.0,4522.0,2763.0,3.0,23.5,5710.0,2.493,-,1615_aug3,0,0,0,0
0,1,-,-,-,-,50.9,5163.0,2602.0,3.0,27.2,4545.0,2.475,-,1615_aug4,0,0,0,0
0,1,-,-,-,-,48.8,4410.0,2350.0,3.0,32.1,4493.0,2.874,-,1616_aug1,0,0,0,0
0,1,-,-,-,-,41.2,4338.0,2785.0,3.0,31.5,4312.0,2.858,-,1616_aug2,0,0,0,0
0,1,-,-,-,-,41.3,4192.0,2307.0,3.0,26.2,5442.0,2.933,-,1616_aug3,0,0,0,0
0,1,-,-,-,-,46.0,3946.0,2883.0,3.0,27.3,5373.0,2.94,-,1616_aug4,0,0,0,0
0,1,-,-,-,-,45.5,4261.0,2564.0,3.0,34.0,2529.0,3.029,-,1617_aug1,0,0,0,0
0,1,-,-,-,-,41.5,4616.0,2727.0,3.0,33.5,2513.0,3.008,-,1617_aug2,0,0,0,0
0,1,-,-,-,-,41.2,3991.0,2595.0,3.0,33.3,2328.0,2.948,-,1617_aug3,0,0,0,0
0,1,-,-,-,-,40.2,4562.0,2242.0,3.0,31.2,2357.0,2.987,-,1617_aug4,0,0,0,0
0,1,-,-,-,-,43.6,4858.0,2581.0,3.0,40.1,2631.0,3.031,-,1618_aug1,0,0,0,0
0,1,-,-,-,-,46.4,4656.0,2805.0,3.0,38.5,2619.0,2.95,-,1618_aug2,0,0,0,0
0,1,-,-,-,-,43.1,4381.0,2841.0,3.0,42.8,2191.0,2.996,-,1618_aug3,0,0,0,0
0,1,-,-,-,-,50.4,4128.0,2218.0,3.0,42.5,2525.0,2.995,-,1618_aug4,0,0,0,0
0,1,-,-,-,-,47.3,4168.0,2776.0,3.0,43.6,3015.0,3.039,-,1619_aug1,0,0,0,0
0,1,-,-,-,-,48.9,4799.0,2472.0,3.0,41.2,3195.0,3.043,-,1619_aug2,0,0,0,0
0,1,-,-,-,-,51.1,3928.0,2610.0,3.0,47.8,3004.0,3.032,-,1619_aug3,0,0,0,0
0,1,-,-,-,-,43.1,4067.0,2352.0,3.0,43.0,2527.0,2.979,-,1619_aug4,0,0,0,0
0,1,-,-,-,-,46.7,5033.0,2844.0,3.0,44.5,2905.0,3.057,-,1620_aug1,0,0,0,0
0,1,-,-,-,-,45.7,4071.0,2845.0,3.0,56.0,2970.0,2.987,-,1620_aug2,0,0,0,0
0,1,-,-,-,-,45.1,5030.0,2867.0,3.0,45.8,3107.0,3.057,-,1620_aug3,0,0,0,0
0,1,-,-,-,-,46.5,4879.0,2542.0,3.0,48.9,3395.0,3.042,-,1620_aug4,0,0,0,0
0,1,-,-,-,-,45.1,4474.0,2457.0,3.0,34.0,4783.0,2.024,-,1621_aug1,0,0,0,0
0,1,-,-,-,-,47.9,4893.0,2919.0,3.0,33.6,4557.0,2.01,-,1621_aug2,0,0,0,0
0,1,-,-,-,-,48.7,4192.0,2767.0,3.0,33.0,4778.0,2.015,-,1621_aug3,0,0,0,0
0,1,-,-,-,-,42.4,4823.0,2552.0,3.0,29.2,4549.0,1.974,-,1621_aug4,0,0,0,0
0,1,-,-,-,-,39.3,4659.0,2851.0,3.0,34.8,4997.0,1.413,-,1622_aug1,0,0,0,0
0,1,-,-,-,-,40.4,4192.0,2373.0,3.0,36.7,4838.0,1.413,-,1622_aug2,0,0,0,0
0,1,-,-,-,-,46.5,3935.0,2688.0,3.0,45.2,4742.0,1.413,-,1622_aug3,0,0,0,0
0,1,-,-,-,-,48.1,4124.0,2893.0,3.0,42.1,4524.0,1.386,-,1622_aug4,0,0,0,0
0,1,-,-,-,-,46.2,4256.0,2581.0,3.0,46.9,5042.0,1.96,-,1623_aug1,0,0,0,0
0,1,-,-,-,-,47.0,4395.0,2458.0,3.0,41.2,4643.0,2.035,-,1623_aug2,0,0,0,0
0,1,-,-,-,-,44.1,3882.0,2301.0,3.0,46.2,4586.0,2.0,-,1623_aug3,0,0,0,0
0,1,-,-,-,-,43.2,4910.0,2442.0,3.0,48.0,4961.0,2.023,-,1623_aug4,0,0,0,0
0,1,-,-,-,-,47.2,4379.0,2584.0,3.0,52.4,5677.0,2.073,-,1624_aug1,0,0,0,0
0,1,-,-,-,-,44.8,5052.0,2444.0,3.0,44.0,5673.0,2.095,-,1624_aug2,0,0,0,0
0,1,-,-,-,-,39.2,5012.0,2389.0,3.0,44.5,5304.0,2.14,-,1624_aug3,0,0,0,0
0,1,-,-,-,-,39.8,4449.0,2334.0,3.0,44.3,4667.0,2.074,-,1624_aug4,0,0,0,0
0,1,-,-,-,-,45.7,5004.0,2590.0,3.0,56.0,5514.0,2.956,-,1625_aug1,0,0,0,0
0,1,-,-,-,-,39.2,4079.0,2772.0,3.0,55.7,4682.0,2.98,-,1625_aug2,0,0,0,0
0,1,-,-,-,-,51.3,4150.0,2892.0,3.0,48.8,5012.0,3.054,-,1625_aug3,0,0,0,0
0,1,-,-,-,-,43.9,4991.0,2392.0,3.0,60.7,5701.0,2.998,-,1625_aug4,0,0,0,0
0,1,-,-,-,-,46.9,3829.0,2390.0,3.0,52.7,2017.0,2.184,-,1626_aug1,0,0,0,0
0,1,-,-,-,-,51.3,4728.0,2524.0,3.0,53.8,2144.0,2.213,-,1626_aug2,0,0,0,0
0,1,-,-,-,-,39.0,4793.0,2271.0,3.0,53.9,2438.0,2.216,-,1626_aug3,0,0,0,0
0,1,-,-,-,-,47.1,4575.0,2421.0,3.0,58.4,1930.0,2.217,-,1626_aug4,0,0,0,0
0,1,-,-,-,-,40.0,4082.0,2827.0,3.0,67.6,2283.0,3.087,-,1627_aug1,0,0,0,0
0,1,-,-,-,-,47.6,4824.0,2589.0,3.0,73.9,2279.0,3.14,-,1627_aug2,0,0,0,0
0,1,-,-,-,-,45.6,4516.0,2236.0,3.0,72.8,2537.0,3.136,-,1627_aug3,0,0,0,0
0,1,-,-,-,-,40.4,4309.0,2374.0,3.0,66.6,2245.0,3.108,-,1627_aug4,0,0,0,0
0,1,-,-,-,-,44.2,4212.0,2268.0,3.0,59.7,2143.0,4.052,-,1628_aug1,0,0,0,0
0,1,-,-,-,-,51.7,4807.0,2206.0,3.0,79.9,2753.0,4.011,-,1628_aug2,0,0,0,0
0,1,-,-,-,-,41.4,3844.0,2210.0,3.0,60.0,2893.0,3.949,-,1628_aug3,0,0,0,0
0,1,-,-,-,-,47.8,4034.0,2612.0,3.0,75.6,2584.0,3.934,-,1628_aug4,0,0,0,0
0,1,-,-,-,-,49.7,4563.0,2907.0,3.0,90.1,2515.0,4.924,-,1629_aug1,0,0,0,0
0,1,-,-,-,-,51.6,4483.0,2378.0,3.0,74.3,3076.0,5.067,-,1629_aug2,0,0,0,0
0,1,-,-,-,-,48.8,4195.0,2505.0,3.0,79.8,2593.0,4.99,-,1629_aug3,0,0,0,0
0,1,-,-,-,-,45.1,4543.0,2829.0,3.0,73.5,3021.0,5.059,-,1629_aug4,0,0,0,0
1,0,-,-,-,-,47.3,7044.0,1690.0,2.0,34.8,5687.0,4.012,-,1630_aug1,0,0,0,0
1,0,-,-,-,-,53.0,7467.0,2150.0,2.0,31.6,4934.0,3.932,-,1630_aug2,0,0,0,0
1,0,-,-,-,-,48.8,7339.0,2063.0,2.0,26.8,5103.0,3.937,-,1630_aug3,0,0,0,0
1,0,-,-,-,-,45.5,7560.0,1888.0,2.0,26.9,4936.0,4.028,-,1630_aug4,0,0,0,0
1,0,-,-,-,-,40.1,4265.0,2244.0,2.0,51.4,2267.0,2.038,-,1631_aug1,0,0,0,0
1,0,-,-,-,-,49.7,4980.0,2641.0,2.0,43.7,2261.0,1.975,-,1631_aug2,0,0,0,0
1,0,-,-,-,-,39.0,5105.0,2197.0,2.0,48.1,1958.0,2.016,-,1631_aug3,0,0,0,0
1,0,-,-,-,-,49.3,4156.0,2791.0,2.0,41.6,1780.0,1.976,-,1631_aug4,0,0,0,0
1,0,-,-,-,-,41.0,3913.0,2756.0,2.0,66.9,2577.0,2.595,-,1632_aug1,0,0,0,0
1,0,-,-,-,-,46.9,5010.0,2600.0,2.0,66.6,2626.0,2.556,-,1632_aug2,0,0,0,0
1,0,-,-,-,-,44.3,4885.0,2218.0,2.0,61.7,3142.0,2.578,-,1632_aug3,0,0,0,0
1,0,-,-,-,-,42.0,4420.0,2470.0,2.0,62.6,3000.0,2.633,-,1632_aug4,0,0,0,0
1,0,-,-,-,-,50.7,4407.0,2956.0,2.0,74.5,3297.0,3.038,-,1633_aug1,0,0,0,0
1,0,-,-,-,-,44.7,4883.0,2914.0,2.0,75.8,2840.0,2.965,-,1633_aug2,0,0,0,0
1,0,-,-,-,-,51.4,4761.0,2629.0,2.0,60.4,3136.0,3.0,-,1633_aug3,0,0,0,0
1,0,-,-,-,-,41.1,4059.0,2588.0,2.0,64.5,3350.0,3.048,-,1633_aug4,0,0,0,0
0,1,-,-,-,-,44.6,4982.0,2912.0,2.0,39.5,5026.0,1.606,-,1634_aug1,0,0,0,0
0,1,-,-,-,-,44.0,4266.0,2690.0,2.0,51.3,4655.0,1.627,-,1634_aug2,0,0,0,0
0,1,-,-,-,-,39.7,4146.0,2376.0,2.0,38.3,5274.0,1.624,-,1634_aug3,0,0,0,0
0,1,-,-,-,-,47.3,4315.0,2936.0,2.0,44.1,5173.0,1.63,-,1634_aug4,0,0,0,0
1,0,-,-,-,-,51.5,4432.0,2850.0,1.0,24.0,4553.0,2.965,-,1635_aug1,0,0,0,0
1,0,-,-,-,-,47.1,4515.0,2373.0,1.0,24.0,5802.0,3.042,-,1635_aug2,0,0,0,0
1,0,-,-,-,-,43.5,5059.0,2459.0,1.0,28.5,4895.0,3.022,-,1635_aug3,0,0,0,0
1,0,-,-,-,-,42.2,4185.0,2638.0,1.0,24.6,5727.0,3.05,-,1635_aug4,0,0,0,0
1,0,-,-,-,-,41.7,4367.0,2692.0,1.0,26.4,5812.0,2.525,-,1636_aug1,0,0,0,0
1,0,-,-,-,-,44.2,4660.0,2262.0,1.0,33.9,5664.0,2.484,-,1636_aug2,0,0,0,0
1,0,-,-,-,-,45.4,4766.0,2457.0,1.0,30.0,5216.0,2.451,-,1636_aug3,0,0,0,0
1,0,-,-,-,-,39.5,4105.0,2463.0,1.0,28.1,4722.0,2.537,-,1636_aug4,0,0,0,0
1,0,-,-,-,-,40.2,4494.0,2932.0,1.0,47.9,4958.0,2.942,-,1637_aug1,0,0,0,0
1,0,-,-,-,-,47.0,4678.0,2279.0,1.0,50.6,4614.0,2.995,-,1637_aug2,0,0,0,0
1,0,-,-,-,-,44.5,4920.0,2832.0,1.0,43.2,4412.0,2.982,-,1637_aug3,0,0,0,0
1,0,-,-,-,-,47.4,4774.0,2941.0,1.0,46.8,5122.0,2.958,-,1637_aug4,0,0,0,0
1,0,-,-,-,-,44.5,4561.0,2930.0,1.0,51.5,2917.0,3.167,-,1638_aug1,0,0,0,0
1,0,-,-,-,-,40.8,4016.0,2545.0,1.0,44.3,3302.0,3.222,-,1638_aug2,0,0,0,0
1,0,-,-,-,-,48.5,3986.0,2560.0,1.0,50.3,2605.0,3.195,-,1638_aug3,0,0,0,0
1,0,-,-,-,-,46.2,4519.0,2837.0,1.0,43.3,3132.0,3.204,-,1638_aug4,0,0,0,0
1,0,-,-,-,-,43.7,3865.0,2777.0,1.0,46.6,3188.0,3.502,-,1639_aug1,0,0,0,0
1,0,-,-,-,-,41.4,3844.0,2700.0,1.0,48.8,3048.0,3.568,-,1639_aug2,0,0,0,0
1,0,-,-,-,-,45.1,4402.0,2416.0,1.0,50.0,2485.0,3.567,-,1639_aug3,0,0,0,0
1,0,-,-,-,-,51.7,4632.0,2451.0,1.0,42.0,2491.0,3.497,-,1639_aug4,0,0,0,0
1,0,-,-,-,-,37.3,5647.0,1692.0,3.0,43.6,5781.0,6.047,-,1642_aug1,0,0,0,0
1,0,-,-,-,-,42.9,5740.0,1885.0,3.0,39.2,5607.0,5.952,-,1642_aug2,0,0,0,0
1,0,-,-,-,-,48.7,4952.0,1985.0,3.0,38.4,5783.0,5.901,-,1642_aug3,0,0,0,0
1,0,-,-,-,-,39.4,5211.0,2021.0,3.0,43.7,5357.0,6.112,-,1642_aug4,0,0,0,0
1,0,-,-,-,-,45.6,4678.0,1618.0,3.0,43.8,4577.0,5.546,-,1644_aug1,0,0,0,0
1,0,-,-,-,-,46.9,4835.0,1754.0,3.0,36.6,4854.0,5.579,-,1644_aug2,0,0,0,0
1,0,-,-,-,-,47.0,4831.0,1658.0,3.0,45.3,5515.0,5.702,-,1644_aug3,0,0,0,0
1,0,-,-,-,-,45.7,4959.0,1886.0,3.0,39.2,4763.0,5.538,-,1644_aug4,0,0,0,0
0,1,-,-,-,-,40.2,4074.0,2243.0,3.0,90.3,2052.0,5.676,-,1645_aug1,0,0,0,0
0,1,-,-,-,-,40.7,5042.0,2586.0,3.0,71.4,1885.0,5.498,-,1645_aug2,0,0,0,0
0,1,-,-,-,-,42.4,3906.0,2377.0,3.0,91.9,1841.0,5.542,-,1645_aug3,0,0,0,0
0,1,-,-,-,-,47.5,4985.0,2494.0,3.0,76.2,1818.0,5.562,-,1645_aug4,0,0,0,0
0,1,-,-,-,-,46.5,4321.0,2715.0,3.0,74.2,4830.0,5.989,-,1646_aug1,0,0,0,0
0,1,-,-,-,-,45.8,4751.0,2379.0,3.0,74.7,4658.0,6.114,-,1646_aug2,0,0,0,0
0,1,-,-,-,-,47.2,4436.0,2316.0,3.0,63.0,4955.0,5.978,-,1646_aug3,0,0,0,0
0,1,-,-,-,-,48.0,4085.0,2830.0,3.0,68.8,5476.0,6.03,-,1646_aug4,0,0,0,0
0,1,-,-,-,-,42.4,4346.0,2431.0,3.0,57.0,5405.0,4.514,-,1647_aug1,0,0,0,0
0,1,-,-,-,-,40.2,4244.0,2365.0,3.0,60.3,5072.0,4.546,-,1647_aug2,0,0,0,0
0,1,-,-,-,-,40.8,5103.0,2459.0,3.0,63.3,5526.0,4.478,-,1647_aug3,0,0,0,0
0,1,-,-,-,-,48.3,5018.0,2788.0,3.0,65.9,5479.0,4.53,-,1647_aug4,0,0,0,0
0,1,-,-,-,-,48.5,5147.0,2528.0,3.0,49.4,4373.0,4.959,-,1648_aug1,0,0,0,0
0,1,-,-,-,-,46.2,4243.0,2725.0,3.0,48.8,5670.0,4.916,-,1648_aug2,0,0,0,0
0,1,-,-,-,-,49.6,4944.0,2443.0,3.0,47.1,5535.0,5.066,-,1648_aug3,0,0,0,0
0,1,-,-,-,-,42.7,4625.0,2301.0,3.0,57.5,4544.0,5.09,-,1648_aug4,0,0,0,0
0,1,-,-,-,-,49.4,5137.0,2333.0,3.0,34.2,5403.0,3.52,-,1649_aug1,0,0,0,0
0,1,-,-,-,-,40.7,4893.0,2426.0,3.0,39.1,4441.0,3.467,-,1649_aug2,0,0,0,0
0,1,-,-,-,-,43.3,4975.0,2808.0,3.0,42.7,5166.0,3.478,-,1649_aug3,0,0,0,0
0,1,-,-,-,-,48.0,4748.0,2673.0,3.0,42.2,4887.0,3.552,-,1649_aug4,0,0,0,0
1,0,-,-,-,-,39.5,6022.0,1715.0,3.0,43.3,4874.0,6.076,-,1652_aug1,0,0,0,0
1,0,-,-,-,-,43.1,5673.0,1696.0,3.0,40.6,5224.0,6.038,-,1652_aug2,0,0,0,0
1,0,-,-,-,-,45.0,6191.0,1903.0,3.0,37.2,4396.0,5.955,-,1652_aug3,0,0,0,0
1,0,-,-,-,-,39.2,5442.0,1810.0,3.0,45.1,5778.0,6.091,-,1652_aug4,0,0,0,0
1,0,-,-,-,-,36.3,4758.0,1575.0,3.0,42.6,5143.0,5.935,-,1654_aug1,0,0,0,0
1,0,-,-,-,-,43.6,5349.0,1456.0,3.0,46.9,5093.0,5.963,-,1654_aug2,0,0,0,0
1,0,-,-,-,-,38.0,4615.0,1496.0,3.0,36.8,4747.0,5.891,-,1654_aug3,0,0,0,0
1,0,-,-,-,-,44.5,4309.0,1602.0,3.0,40.9,4731.0,5.946,-,1654_aug4,0,0,0,0
0,1,-,-,-,-,49.0,5140.0,2463.0,3.0,64.6,5456.0,6.013,-,1655_aug1,0,0,0,0
0,1,-,-,-,-,48.8,4767.0,2897.0,3.0,81.5,5024.0,5.954,-,1655_aug2,0,0,0,0
0,1,-,-,-,-,45.1,4503.0,2666.0,3.0,78.5,4996.0,6.029,-,1655_aug3,0,0,0,0
0,1,-,-,-,-,41.5,4411.0,2357.0,3.0,74.7,4644.0,5.89,-,1655_aug4,0,0,0,0
0,1,-,-,-,-,47.4,4115.0,2960.0,3.0,60.9,5301.0,4.955,-,1656_aug1,0,0,0,0
0,1,-,-,-,-,49.3,4241.0,2959.0,3.0,71.7,4413.0,4.97,-,1656_aug2,0,0,0,0
0,1,-,-,-,-,48.2,4709.0,2344.0,3.0,60.4,5234.0,4.969,-,1656_aug3,0,0,0,0
0,1,-,-,-,-,42.4,4105.0,2511.0,3.0,74.0,4537.0,5.083,-,1656_aug4,0,0,0,0
0,1,-,-,-,-,44.0,4335.0,2373.0,3.0,58.1,5013.0,4.911,-,1657_aug1,0,0,0,0
0,1,-,-,-,-,50.6,5148.0,2528.0,3.0,54.2,4792.0,4.915,-,1657_aug2,0,0,0,0
0,1,-,-,-,-,44.4,4930.0,2207.0,3.0,61.3,4633.0,4.937,-,1657_aug3,0,0,0,0
0,1,-,-,-,-,48.7,4169.0,2343.0,3.0,53.2,5630.0,5.024,-,1657_aug4,0,0,0,0
0,1,-,-,-,-,43.7,4546.0,2933.0,3.0,41.1,5764.0,5.091,-,1658_aug1,0,0,0,0
0,1,-,-,-,-,40.6,4021.0,2520.0,3.0,47.1,4420.0,4.912,-,1658_aug2,0,0,0,0
0,1,-,-,-,-,44.8,5118.0,2524.0,3.0,51.7,5111.0,4.975,-,1658_aug3,0,0,0,0
0,1,-,-,-,-,43.5,4088.0,2590.0,3.0,41.9,4546.0,4.962,-,1658_aug4,0,0,0,0
0,1,-,-,-,-,45.1,3904.0,2313.0,3.0,35.4,4399.0,4.031,-,1659_aug1,0,0,0,0
0,1,-,-,-,-,39.1,4822.0,2775.0,3.0,37.4,4436.0,4.036,-,1659_aug2,0,0,0,0
0,1,-,-,-,-,40.1,4283.0,2924.0,3.0,39.9,4438.0,3.996,-,1659_aug3,0,0,0,0
0,1,-,-,-,-,39.1,4676.0,2255.0,3.0,32.5,5440.0,3.946,-,1659_aug4,0,0,0,0
1,0,-,-,-,-,49.7,4003.0,2582.0,4.0,51.5,3219.0,5.904,-,1660_aug1,0,0,0,0
1,0,-,-,-,-,48.4,4246.0,3196.0,4.0,44.5,3388.0,5.988,-,1660_aug2,0,0,0,0
1,0,-,-,-,-,48.6,4854.0,3014.0,5.0,41.8,3361.0,6.027,-,1660_aug3,0,0,0,0
1,0,-,-,-,-,46.6,3888.0,3097.0,4.0,48.3,3982.0,6.013,-,1660_aug4,0,0,0,0
1,0,-,-,-,-,38.3,4684.0,3439.0,4.0,42.5,3989.0,5.952,-,1661_aug1,0,0,0,0
1,0,-,-,-,-,41.3,4110.0,3256.0,5.0,44.4,3293.0,6.033,-,1661_aug2,0,0,0,0
1,0,-,-,-,-,46.7,4631.0,2873.0,4.0,42.1,2995.0,6.01,-,1661_aug3,0,0,0,0
1,0,-,-,-,-,51.6,4297.0,3647.0,4.0,46.0,3095.0,5.946,-,1661_aug4,0,0,0,0
0,1,-,-,-,-,46.0,4625.0,2794.0,3.0,25.7,5688.0,4.99,-,1665_aug1,0,0,0,0
0,1,-,-,-,-,41.3,4043.0,2504.0,3.0,21.6,4499.0,4.921,-,1665_aug2,0,0,0,0
0,1,-,-,-,-,46.2,4153.0,2323.0,3.0,27.0,4807.0,5.016,-,1665_aug3,0,0,0,0
0,1,-,-,-,-,39.6,5088.0,2455.0,3.0,28.6,5485.0,4.904,-,1665_aug4,0,0,0,0
0,1,-,-,-,-,45.6,3942.0,2887.0,3.0,34.3,5227.0,5.004,-,1666_aug1,0,0,0,0
0,1,-,-,-,-,45.3,4347.0,2557.0,3.0,33.9,5208.0,5.071,-,1666_aug2,0,0,0,0
0,1,-,-,-,-,49.9,4525.0,2463.0,3.0,29.5,4426.0,4.976,-,1666_aug3,0,0,0,0
0,1,-,-,-,-,51.7,3890.0,2733.0,3.0,31.3,5168.0,5.042,-,1666_aug4,0,0,0,0
0,1,-,-,-,-,44.0,3948.0,2939.0,3.0,36.7,5110.0,4.911,-,1667_aug1,0,0,0,0
0,1,-,-,-,-,51.1,4895.0,2309.0,3.0,37.5,5020.0,5.022,-,1667_aug2,0,0,0,0
0,1,-,-,-,-,39.7,4582.0,2251.0,3.0,35.6,5631.0,5.045,-,1667_aug3,0,0,0,0
0,1,-,-,-,-,41.6,5024.0,2638.0,3.0,31.5,5605.0,5.086,-,1667_aug4,0,0,0,0
0,1,-,-,-,-,48.7,5095.0,2428.0,3.0,39.9,4552.0,4.43,-,1668_aug1,0,0,0,0
0,1,-,-,-,-,47.5,4212.0,2215.0,3.0,38.8,4557.0,4.346,-,1668_aug2,0,0,0,0
0,1,-,-,-,-,43.5,5123.0,2786.0,3.0,45.4,5283.0,4.392,-,1668_aug3,0,0,0,0
0,1,-,-,-,-,44.6,4380.0,2374.0,3.0,40.3,5105.0,4.446,-,1668_aug4,0,0,0,0
0,1,-,-,-,-,43.1,4793.0,2641.0,3.0,43.5,5671.0,4.558,-,1669_aug1,0,0,0,0
0,1,-,-,-,-,46.9,4709.0,2259.0,3.0,39.7,5158.0,4.469,-,1669_aug2,0,0,0,0
0,1,-,-,-,-,44.1,4649.0,2898.0,3.0,51.6,5203.0,4.439,-,1669_aug3,0,0,0,0
0,1,-,-,-,-,40.8,4792.0,2233.0,3.0,40.3,4961.0,4.545,-,1669_aug4,0,0,0,0
1,0,-,-,-,-,42.5,4765.0,1629.0,3.0,36.6,5190.0,6.026,-,1671_aug1,0,0,0,0
1,0,-,-,-,-,37.4,5145.0,1715.0,3.0,42.7,4828.0,5.98,-,1671_aug2,0,0,0,0
1,0,-,-,-,-,46.8,4763.0,1823.0,3.0,39.5,5408.0,6.012,-,1671_aug3,0,0,0,0
1,0,-,-,-,-,42.7,5567.0,1920.0,3.0,43.6,5631.0,5.88,-,1671_aug4,0,0,0,0
1,0,-,-,-,-,42.4,4663.0,1511.0,3.0,44.0,4929.0,6.041,-,1674_aug1,0,0,0,0
1,0,-,-,-,-,41.9,5004.0,1612.0,3.0,39.2,5284.0,5.908,-,1674_aug2,0,0,0,0
1,0,-,-,-,-,36.9,5345.0,1744.0,3.0,36.7,4927.0,6.07,-,1674_aug3,0,0,0,0
1,0,-,-,-,-,46.9,5410.0,1493.0,3.0,37.8,4781.0,5.927,-,1674_aug4,0,0,0,0
0,1,-,-,-,-,48.7,4701.0,2668.0,3.0,64.5,4978.0,5.931,-,1675_aug1,0,0,0,0
0,1,-,-,-,-,46.8,4894.0,2416.0,3.0,68.7,5320.0,5.89,-,1675_aug2,0,0,0,0
0,1,-,-,-,-,51.1,4067.0,2717.0,3.0,63.1,4403.0,5.971,-,1675_aug3,0,0,0,0
0,1,-,-,-,-,40.4,4077.0,2951.0,3.0,64.8,5200.0,5.908,-,1675_aug4,0,0,0,0
0,1,-,-,-,-,49.7,4810.0,2838.0,3.0,83.4,1724.0,5.897,-,1676_aug1,0,0,0,0
0,1,-,-,-,-,47.9,3858.0,2643.0,3.0,77.1,1727.0,6.051,-,1676_aug2,0,0,0,0
0,1,-,-,-,-,50.8,4793.0,2642.0,3.0,68.4,2117.0,5.935,-,1676_aug3,0,0,0,0
0,1,-,-,-,-,49.8,4455.0,2605.0,3.0,86.7,2086.0,6.105,-,1676_aug4,0,0,0,0
0,1,-,-,-,-,51.5,5103.0,2832.0,3.0,62.9,4460.0,4.954,-,1677_aug1,0,0,0,0
0,1,-,-,-,-,38.3,4011.0,2534.0,3.0,67.2,5526.0,4.914,-,1677_aug2,0,0,0,0
0,1,-,-,-,-,41.6,4931.0,2816.0,3.0,69.0,5785.0,4.982,-,1677_aug3,0,0,0,0
0,1,-,-,-,-,41.6,4849.0,2426.0,3.0,60.6,5508.0,4.955,-,1677_aug4,0,0,0,0
0,1,-,-,-,-,45.1,4586.0,2924.0,3.0,56.6,5525.0,5.046,-,1678_aug1,0,0,0,0
0,1,-,-,-,-,48.9,4642.0,2383.0,3.0,55.5,5404.0,4.943,-,1678_aug2,0,0,0,0
0,1,-,-,-,-,46.6,4429.0,2317.0,3.0,46.7,4449.0,4.993,-,1678_aug3,0,0,0,0
0,1,-,-,-,-,46.2,3888.0,2505.0,3.0,43.0,4494.0,4.928,-,1678_aug4,0,0,0,0
0,1,-,-,-,-,40.7,4910.0,2534.0,3.0,35.2,4755.0,3.542,-,1679_aug1,0,0,0,0
0,1,-,-,-,-,43.2,4041.0,2507.0,3.0,34.4,5256.0,3.485,-,1679_aug2,0,0,0,0
0,1,-,-,-,-,38.4,4735.0,2745.0,3.0,38.1,5107.0,3.484,-,1679_aug3,0,0,0,0
0,1,-,-,-,-,47.7,4613.0,2257.0,3.0,42.2,4866.0,3.553,-,1679_aug4,0,0,0,0
